Results,Bus 01,Bus 01,Bus 01,Bus 02,Bus 02,Bus 02,Bus 03,Bus 03,Bus 03,Bus 04,Bus 04,Bus 04,Bus 05,Bus 05,Bus 05,Bus 06,Bus 06,Bus 06,Bus 07,Bus 07,Bus 07,Bus 08,Bus 08,Bus 08,Bus 09,Bus 09,Bus 09,Bus 10,Bus 10,Bus 10,Bus 11,Bus 11,Bus 11,Bus 12,Bus 12,Bus 12,Bus 13,Bus 13,Bus 13,Bus 14,Bus 14,Bus 14,Bus 15,Bus 15,Bus 15,Bus 16,Bus 16,Bus 16,Bus 17,Bus 17,Bus 17,Bus 18,Bus 18,Bus 18,Bus 19,Bus 19,Bus 19,Bus 20,Bus 20,Bus 20,Bus 21,Bus 21,Bus 21,Bus 22,Bus 22,Bus 22,Bus 23,Bus 23,Bus 23,Bus 24,Bus 24,Bus 24,Bus 25,Bus 25,Bus 25,Bus 26,Bus 26,Bus 26,Bus 27,Bus 27,Bus 27,Bus 28,Bus 28,Bus 28,Bus 29,Bus 29,Bus 29,Bus 30,Bus 30,Bus 30,Bus 31,Bus 31,Bus 31,Bus 32,Bus 32,Bus 32,Bus 33,Bus 33,Bus 33,Bus 34,Bus 34,Bus 34,Bus 35,Bus 35,Bus 35,Bus 36,Bus 36,Bus 36,Bus 37,Bus 37,Bus 37,Bus 38,Bus 38,Bus 38,Bus 39,Bus 39,Bus 39,G 01,G 02,G 03,G 04,G 05,G 08,G 09,G 10,G 01,G 02,G 03,G 04,G 05,G 08,G 09,G 10,Load 03,Load 04,Load 07,Load 08,Load 12,Load 15,Load 16,Load 18,Load 20,Load 21,Load 23,Load 24,Load 25,Load 26,Load 27,Load 28,Load 29,Load 31,Load 39,Load 03,Load 04,Load 07,Load 08,Load 12,Load 15,Load 16,Load 18,Load 20,Load 21,Load 23,Load 24,Load 25,Load 26,Load 27,Load 28,Load 29,Load 31,Load 39
"Time in s","u1, Magnitude in p.u.","Electrical Frequency in Hz","U, rel.Angle in deg","u1, Magnitude in p.u.","Electrical Frequency in Hz","U, rel.Angle in deg","u1, Magnitude in p.u.","Electrical Frequency in Hz","U, rel.Angle in deg","u1, Magnitude in p.u.","Electrical Frequency in Hz","U, rel.Angle in deg","u1, Magnitude in p.u.","Electrical Frequency in Hz","U, rel.Angle in deg","u1, Magnitude in p.u.","Electrical Frequency in Hz","U, rel.Angle in deg","u1, Magnitude in p.u.","Electrical Frequency in Hz","U, rel.Angle in deg","u1, Magnitude in p.u.","Electrical Frequency in Hz","U, rel.Angle in deg","u1, Magnitude in p.u.","Electrical Frequency in Hz","U, rel.Angle in deg","u1, Magnitude in p.u.","Electrical Frequency in Hz","U, rel.Angle in deg","u1, Magnitude in p.u.","Electrical Frequency in Hz","U, rel.Angle in deg","u1, Magnitude in p.u.","Electrical Frequency in Hz","U, rel.Angle in deg","u1, Magnitude in p.u.","Electrical Frequency in Hz","U, rel.Angle in deg","u1, Magnitude in p.u.","Electrical Frequency in Hz","U, rel.Angle in deg","u1, Magnitude in p.u.","Electrical Frequency in Hz","U, rel.Angle in deg","u1, Magnitude in p.u.","Electrical Frequency in Hz","U, rel.Angle in deg","u1, Magnitude in p.u.","Electrical Frequency in Hz","U, rel.Angle in deg","u1, Magnitude in p.u.","Electrical Frequency in Hz","U, rel.Angle in deg","u1, Magnitude in p.u.","Electrical Frequency in Hz","U, rel.Angle in deg","u1, Magnitude in p.u.","Electrical Frequency in Hz","U, rel.Angle in deg","u1, Magnitude in p.u.","Electrical Frequency in Hz","U, rel.Angle in deg","u1, Magnitude in p.u.","Electrical Frequency in Hz","U, rel.Angle in deg","u1, Magnitude in p.u.","Electrical Frequency in Hz","U, rel.Angle in deg","u1, Magnitude in p.u.","Electrical Frequency in Hz","U, rel.Angle in deg","u1, Magnitude in p.u.","Electrical Frequency in Hz","U, rel.Angle in deg","u1, Magnitude in p.u.","Electrical Frequency in Hz","U, rel.Angle in deg","u1, Magnitude in p.u.","Electrical Frequency in Hz","U, rel.Angle in deg","u1, Magnitude in p.u.","Electrical Frequency in Hz","U, rel.Angle in deg","u1, Magnitude in p.u.","Electrical Frequency in Hz","U, rel.Angle in deg","u1, Magnitude in p.u.","Electrical Frequency in Hz","U, rel.Angle in deg","u1, Magnitude in p.u.","Electrical Frequency in Hz","U, rel.Angle in deg","u1, Magnitude in p.u.","Electrical Frequency in Hz","U, rel.Angle in deg","u1, Magnitude in p.u.","Electrical Frequency in Hz","U, rel.Angle in deg","u1, Magnitude in p.u.","Electrical Frequency in Hz","U, rel.Angle in deg","u1, Magnitude in p.u.","Electrical Frequency in Hz","U, rel.Angle in deg","u1, Magnitude in p.u.","Electrical Frequency in Hz","U, rel.Angle in deg","u1, Magnitude in p.u.","Electrical Frequency in Hz","U, rel.Angle in deg","u1, Magnitude in p.u.","Electrical Frequency in Hz","U, rel.Angle in deg","u1, Magnitude in p.u.","Electrical Frequency in Hz","U, rel.Angle in deg","Speed in p.u.","Speed in p.u.","Speed in p.u.","Speed in p.u.","Speed in p.u.","Speed in p.u.","Speed in p.u.","Speed in p.u.","firel in deg","firel in deg","firel in deg","firel in deg","firel in deg","firel in deg","firel in deg","firel in deg","Total Active Power in MW","Total Active Power in MW","Total Active Power in MW","Total Active Power in MW","Total Active Power in MW","Total Active Power in MW","Total Active Power in MW","Total Active Power in MW","Total Active Power in MW","Total Active Power in MW","Total Active Power in MW","Total Active Power in MW","Total Active Power in MW","Total Active Power in MW","Total Active Power in MW","Total Active Power in MW","Total Active Power in MW","Total Active Power in MW","Total Active Power in MW","Total Reactive Power in Mvar","Total Reactive Power in Mvar","Total Reactive Power in Mvar","Total Reactive Power in Mvar","Total Reactive Power in Mvar","Total Reactive Power in Mvar","Total Reactive Power in Mvar","Total Reactive Power in Mvar","Total Reactive Power in Mvar","Total Reactive Power in Mvar","Total Reactive Power in Mvar","Total Reactive Power in Mvar","Total Reactive Power in Mvar","Total Reactive Power in Mvar","Total Reactive Power in Mvar","Total Reactive Power in Mvar","Total Reactive Power in Mvar","Total Reactive Power in Mvar","Total Reactive Power in Mvar"
0.000000,1.049431,60.000000,-7.361122,1.053541,60.000000,-4.984819,1.038509,60.000000,-7.513561,1.014809,60.000000,-8.418431,1.015250,60.000000,-7.559474,1.017135,60.000000,-6.980149,1.007760,60.000000,-8.887101,1.006832,60.000000,-9.316986,1.032682,60.000000,-9.046517,1.025403,60.000000,-4.748821,1.021568,60.000000,-5.507734,1.011373,60.000000,-5.469254,1.023325,60.000000,-5.338341,1.021904,60.000000,-6.704352,1.026077,60.000000,-6.755404,1.040657,60.000000,-5.385268,1.042630,60.000000,-6.367046,1.039992,60.000000,-7.181192,1.054456,60.000000,-0.802378,0.995187,60.000000,-1.680508,1.040364,60.000000,-3.260966,1.055231,60.000000,0.675524,1.050688,60.000000,0.501145,1.045590,60.000000,-5.279291,1.061415,60.000000,-3.746059,1.059794,60.000000,-4.791923,1.047051,60.000000,-6.532845,1.056666,60.000000,-1.672815,1.054939,60.000000,0.781358,1.047500,60.000000,-2.827688,0.982000,60.000000,-0.000000,0.983100,60.000000,2.349955,0.997200,60.000000,3.857337,1.012300,60.000000,2.950924,1.049630,60.000000,5.093842,1.063500,60.000000,7.495099,1.027800,60.000000,2.312208,1.026500,60.000000,7.089511,1.030000,60.000000,-8.796257,1.000000,1.000000,1.000000,1.000000,1.000000,1.000000,1.000000,1.000000,-42.642226,0.000000,5.266508,11.685834,3.989094,13.039518,20.310015,-38.263628,288.383297,447.800150,209.391350,467.503357,6.717002,286.592096,294.652499,141.504847,562.436988,245.394482,221.661074,276.382253,200.614467,124.488442,251.663684,184.493662,253.902685,8.239523,988.742731,2.149441,164.790455,75.230425,157.625653,78.812826,137.026846,28.927890,26.868009,92.246831,102.994034,75.767785,-82.574348,42.272334,15.225205,67.617823,24.718568,24.091648,4.119761,223.900075
0.020000,1.049431,60.000000,-7.361122,1.053541,60.000000,-4.984819,1.038509,60.000000,-7.513561,1.014809,60.000000,-8.418431,1.015250,60.000000,-7.559474,1.017135,60.000000,-6.980149,1.007760,60.000000,-8.887101,1.006832,60.000000,-9.316986,1.032682,60.000000,-9.046517,1.025403,60.000000,-4.748821,1.021568,60.000000,-5.507734,1.011373,60.000000,-5.469254,1.023325,60.000000,-5.338341,1.021904,60.000000,-6.704352,1.026077,60.000000,-6.755404,1.040657,60.000000,-5.385268,1.042630,60.000000,-6.367045,1.039992,60.000000,-7.181192,1.054456,60.000000,-0.802378,0.995187,60.000000,-1.680508,1.040364,60.000000,-3.260966,1.055231,60.000000,0.675524,1.050688,60.000000,0.501145,1.045590,60.000000,-5.279291,1.061415,60.000000,-3.746059,1.059794,60.000000,-4.791923,1.047051,60.000000,-6.532845,1.056666,60.000000,-1.672815,1.054939,60.000000,0.781358,1.047500,60.000000,-2.827688,0.982000,60.000000,0.000000,0.983100,60.000000,2.349955,0.997200,60.000000,3.857337,1.012300,60.000000,2.950924,1.049630,60.000000,5.093842,1.063500,60.000000,7.495099,1.027800,60.000000,2.312208,1.026500,60.000000,7.089511,1.030000,60.000000,-8.796257,1.000000,1.000000,1.000000,1.000000,1.000000,1.000000,1.000000,1.000000,-42.642226,0.000000,5.266508,11.685834,3.989094,13.039518,20.310015,-38.263628,288.383297,447.800150,209.391350,467.503357,6.717002,286.592096,294.652499,141.504847,562.436988,245.394482,221.661074,276.382253,200.614467,124.488442,251.663684,184.493662,253.902685,8.239523,988.742731,2.149441,164.790455,75.230425,157.625653,78.812826,137.026846,28.927890,26.868009,92.246831,102.994034,75.767785,-82.574348,42.272334,15.225205,67.617823,24.718568,24.091648,4.119761,223.900075
0.040000,1.049431,60.000000,-7.361122,1.053541,60.000000,-4.984819,1.038509,60.000000,-7.513561,1.014809,60.000000,-8.418431,1.015250,60.000000,-7.559474,1.017135,60.000000,-6.980149,1.007760,60.000000,-8.887101,1.006832,60.000000,-9.316986,1.032682,60.000000,-9.046517,1.025403,60.000000,-4.748821,1.021568,60.000000,-5.507734,1.011373,60.000000,-5.469254,1.023325,60.000000,-5.338341,1.021904,60.000000,-6.704352,1.026077,60.000000,-6.755404,1.040657,60.000000,-5.385268,1.042630,60.000000,-6.367045,1.039992,60.000000,-7.181192,1.054456,60.000000,-0.802378,0.995187,60.000000,-1.680508,1.040364,60.000000,-3.260966,1.055231,60.000000,0.675524,1.050688,60.000000,0.501145,1.045590,60.000000,-5.279291,1.061415,60.000000,-3.746059,1.059794,60.000000,-4.791923,1.047051,60.000000,-6.532845,1.056666,60.000000,-1.672815,1.054939,60.000000,0.781358,1.047500,60.000000,-2.827688,0.982000,60.000000,0.000000,0.983100,60.000000,2.349955,0.997200,60.000000,3.857337,1.012300,60.000000,2.950924,1.049630,60.000000,5.093842,1.063500,60.000000,7.495099,1.027800,60.000000,2.312208,1.026500,60.000000,7.089511,1.030000,60.000000,-8.796257,1.000000,1.000000,1.000000,1.000000,1.000000,1.000000,1.000000,1.000000,-42.642226,0.000000,5.266508,11.685834,3.989094,13.039518,20.310015,-38.263628,288.383297,447.800150,209.391350,467.503357,6.717002,286.592096,294.652499,141.504847,562.436988,245.394482,221.661074,276.382253,200.614467,124.488442,251.663684,184.493662,253.902685,8.239523,988.742731,2.149441,164.790455,75.230425,157.625653,78.812826,137.026846,28.927890,26.868009,92.246831,102.994034,75.767785,-82.574348,42.272334,15.225205,67.617823,24.718568,24.091648,4.119761,223.900075
0.060000,1.049431,60.000000,-7.361122,1.053541,60.000000,-4.984819,1.038509,60.000000,-7.513561,1.014809,60.000000,-8.418431,1.015250,60.000000,-7.559474,1.017135,60.000000,-6.980149,1.007760,60.000000,-8.887101,1.006832,60.000000,-9.316986,1.032682,60.000000,-9.046517,1.025403,60.000000,-4.748821,1.021568,60.000000,-5.507734,1.011373,60.000000,-5.469254,1.023325,60.000000,-5.338341,1.021904,60.000000,-6.704352,1.026077,60.000000,-6.755404,1.040657,60.000000,-5.385268,1.042630,60.000000,-6.367045,1.039992,60.000000,-7.181192,1.054456,60.000000,-0.802378,0.995187,60.000000,-1.680508,1.040364,60.000000,-3.260966,1.055231,60.000000,0.675524,1.050688,60.000000,0.501145,1.045590,60.000000,-5.279291,1.061415,60.000000,-3.746059,1.059794,60.000000,-4.791923,1.047051,60.000000,-6.532845,1.056666,60.000000,-1.672815,1.054939,60.000000,0.781358,1.047500,60.000000,-2.827688,0.982000,60.000000,0.000000,0.983100,60.000000,2.349955,0.997200,60.000000,3.857337,1.012300,60.000000,2.950924,1.049630,60.000000,5.093842,1.063500,60.000000,7.495099,1.027800,60.000000,2.312208,1.026500,60.000000,7.089511,1.030000,60.000000,-8.796257,1.000000,1.000000,1.000000,1.000000,1.000000,1.000000,1.000000,1.000000,-42.642226,0.000000,5.266508,11.685834,3.989094,13.039518,20.310015,-38.263628,288.383297,447.800150,209.391350,467.503357,6.717002,286.592096,294.652499,141.504847,562.436988,245.394482,221.661074,276.382253,200.614467,124.488442,251.663684,184.493662,253.902685,8.239523,988.742731,2.149441,164.790455,75.230425,157.625653,78.812826,137.026846,28.927890,26.868009,92.246831,102.994034,75.767785,-82.574348,42.272334,15.225205,67.617823,24.718568,24.091648,4.119761,223.900075
0.080000,1.049431,60.000000,-7.361122,1.053541,60.000000,-4.984819,1.038509,60.000000,-7.513561,1.014809,60.000000,-8.418431,1.015250,60.000000,-7.559474,1.017135,60.000000,-6.980149,1.007760,60.000000,-8.887101,1.006832,60.000000,-9.316986,1.032682,60.000000,-9.046517,1.025403,60.000000,-4.748821,1.021568,60.000000,-5.507734,1.011373,60.000000,-5.469254,1.023325,60.000000,-5.338341,1.021904,60.000000,-6.704352,1.026077,60.000000,-6.755404,1.040657,60.000000,-5.385268,1.042630,60.000000,-6.367045,1.039992,60.000000,-7.181192,1.054456,60.000000,-0.802378,0.995187,60.000000,-1.680508,1.040364,60.000000,-3.260966,1.055231,60.000000,0.675524,1.050688,60.000000,0.501145,1.045590,60.000000,-5.279291,1.061415,60.000000,-3.746059,1.059794,60.000000,-4.791923,1.047051,60.000000,-6.532845,1.056666,60.000000,-1.672815,1.054939,60.000000,0.781358,1.047500,60.000000,-2.827688,0.982000,60.000000,0.000000,0.983100,60.000000,2.349955,0.997200,60.000000,3.857337,1.012300,60.000000,2.950924,1.049630,60.000000,5.093842,1.063500,60.000000,7.495099,1.027800,60.000000,2.312208,1.026500,60.000000,7.089511,1.030000,60.000000,-8.796257,1.000000,1.000000,1.000000,1.000000,1.000000,1.000000,1.000000,1.000000,-42.642226,0.000000,5.266508,11.685834,3.989094,13.039518,20.310015,-38.263628,288.383297,447.800150,209.391350,467.503357,6.717002,286.592096,294.652499,141.504847,562.436988,245.394482,221.661074,276.382253,200.614467,124.488442,251.663684,184.493662,253.902685,8.239523,988.742731,2.149441,164.790455,75.230425,157.625653,78.812826,137.026846,28.927890,26.868009,92.246831,102.994034,75.767785,-82.574348,42.272334,15.225205,67.617823,24.718568,24.091648,4.119761,223.900075
0.100000,1.049431,60.000000,-7.361122,1.053541,60.000000,-4.984819,1.038509,60.000000,-7.513561,1.014809,60.000000,-8.418431,1.015250,60.000000,-7.559474,1.017135,60.000000,-6.980149,1.007760,60.000000,-8.887101,1.006832,60.000000,-9.316986,1.032682,60.000000,-9.046517,1.025403,60.000000,-4.748821,1.021568,60.000000,-5.507734,1.011373,60.000000,-5.469254,1.023325,60.000000,-5.338341,1.021904,60.000000,-6.704352,1.026077,60.000000,-6.755404,1.040657,60.000000,-5.385268,1.042630,60.000000,-6.367045,1.039992,60.000000,-7.181192,1.054456,60.000000,-0.802378,0.995187,60.000000,-1.680508,1.040364,60.000000,-3.260966,1.055231,60.000000,0.675524,1.050688,60.000000,0.501145,1.045590,60.000000,-5.279291,1.061415,60.000000,-3.746059,1.059794,60.000000,-4.791923,1.047051,60.000000,-6.532845,1.056666,60.000000,-1.672815,1.054939,60.000000,0.781358,1.047500,60.000000,-2.827688,0.982000,60.000000,0.000000,0.983100,60.000000,2.349955,0.997200,60.000000,3.857337,1.012300,60.000000,2.950924,1.049630,60.000000,5.093842,1.063500,60.000000,7.495099,1.027800,60.000000,2.312208,1.026500,60.000000,7.089511,1.030000,60.000000,-8.796257,1.000000,1.000000,1.000000,1.000000,1.000000,1.000000,1.000000,1.000000,-42.642226,0.000000,5.266508,11.685834,3.989094,13.039518,20.310015,-38.263628,288.383297,447.800150,209.391350,467.503357,6.717002,286.592096,294.652499,141.504847,562.436988,245.394482,221.661074,276.382253,200.614467,124.488442,251.663684,184.493662,253.902685,8.239523,988.742731,2.149441,164.790455,75.230425,157.625653,78.812826,137.026846,28.927890,26.868009,92.246831,102.994034,75.767785,-82.574348,42.272334,15.225205,67.617823,24.718568,24.091648,4.119761,223.900075
0.120000,1.049431,60.000000,-7.361122,1.053541,60.000000,-4.984819,1.038509,60.000000,-7.513561,1.014809,60.000000,-8.418431,1.015250,60.000000,-7.559474,1.017135,60.000000,-6.980149,1.007760,60.000000,-8.887101,1.006832,60.000000,-9.316986,1.032682,60.000000,-9.046517,1.025403,60.000000,-4.748821,1.021568,60.000000,-5.507734,1.011373,60.000000,-5.469254,1.023325,60.000000,-5.338341,1.021904,60.000000,-6.704352,1.026077,60.000000,-6.755404,1.040657,60.000000,-5.385268,1.042630,60.000000,-6.367045,1.039992,60.000000,-7.181192,1.054456,60.000000,-0.802378,0.995187,60.000000,-1.680508,1.040364,60.000000,-3.260966,1.055231,60.000000,0.675524,1.050688,60.000000,0.501145,1.045590,60.000000,-5.279291,1.061415,60.000000,-3.746059,1.059794,60.000000,-4.791923,1.047051,60.000000,-6.532845,1.056666,60.000000,-1.672815,1.054939,60.000000,0.781358,1.047500,60.000000,-2.827688,0.982000,60.000000,0.000000,0.983100,60.000000,2.349955,0.997200,60.000000,3.857337,1.012300,60.000000,2.950924,1.049630,60.000000,5.093842,1.063500,60.000000,7.495099,1.027800,60.000000,2.312208,1.026500,60.000000,7.089511,1.030000,60.000000,-8.796257,1.000000,1.000000,1.000000,1.000000,1.000000,1.000000,1.000000,1.000000,-42.642226,0.000000,5.266508,11.685834,3.989094,13.039518,20.310015,-38.263628,288.383297,447.800150,209.391350,467.503357,6.717002,286.592096,294.652499,141.504847,562.436988,245.394482,221.661074,276.382253,200.614467,124.488442,251.663684,184.493662,253.902685,8.239523,988.742731,2.149441,164.790455,75.230425,157.625653,78.812826,137.026846,28.927890,26.868009,92.246831,102.994034,75.767785,-82.574348,42.272334,15.225205,67.617823,24.718568,24.091648,4.119761,223.900075
0.140000,1.049431,60.000000,-7.361122,1.053541,60.000000,-4.984819,1.038509,60.000000,-7.513561,1.014809,60.000000,-8.418431,1.015250,60.000000,-7.559474,1.017135,60.000000,-6.980149,1.007760,60.000000,-8.887101,1.006832,60.000000,-9.316986,1.032682,60.000000,-9.046517,1.025403,60.000000,-4.748821,1.021568,60.000000,-5.507734,1.011373,60.000000,-5.469254,1.023325,60.000000,-5.338341,1.021904,60.000000,-6.704352,1.026077,60.000000,-6.755404,1.040657,60.000000,-5.385268,1.042630,60.000000,-6.367045,1.039992,60.000000,-7.181192,1.054456,60.000000,-0.802378,0.995187,60.000000,-1.680508,1.040364,60.000000,-3.260966,1.055231,60.000000,0.675524,1.050688,60.000000,0.501145,1.045590,60.000000,-5.279291,1.061415,60.000000,-3.746059,1.059794,60.000000,-4.791923,1.047051,60.000000,-6.532845,1.056666,60.000000,-1.672815,1.054939,60.000000,0.781358,1.047500,60.000000,-2.827688,0.982000,60.000000,0.000000,0.983100,60.000000,2.349955,0.997200,60.000000,3.857337,1.012300,60.000000,2.950924,1.049630,60.000000,5.093842,1.063500,60.000000,7.495099,1.027800,60.000000,2.312208,1.026500,60.000000,7.089511,1.030000,60.000000,-8.796257,1.000000,1.000000,1.000000,1.000000,1.000000,1.000000,1.000000,1.000000,-42.642226,0.000000,5.266508,11.685834,3.989094,13.039518,20.310015,-38.263628,288.383297,447.800150,209.391350,467.503357,6.717002,286.592096,294.652499,141.504847,562.436988,245.394482,221.661074,276.382253,200.614467,124.488442,251.663684,184.493662,253.902685,8.239523,988.742731,2.149441,164.790455,75.230425,157.625653,78.812826,137.026846,28.927890,26.868009,92.246831,102.994034,75.767785,-82.574348,42.272334,15.225205,67.617823,24.718568,24.091648,4.119761,223.900075
0.160000,1.049431,60.000000,-7.361122,1.053541,60.000000,-4.984819,1.038509,60.000000,-7.513561,1.014809,60.000000,-8.418431,1.015250,60.000000,-7.559474,1.017135,60.000000,-6.980149,1.007760,60.000000,-8.887101,1.006832,60.000000,-9.316986,1.032682,60.000000,-9.046517,1.025403,60.000000,-4.748821,1.021568,60.000000,-5.507734,1.011373,60.000000,-5.469254,1.023325,60.000000,-5.338341,1.021904,60.000000,-6.704352,1.026077,60.000000,-6.755404,1.040657,60.000000,-5.385268,1.042630,60.000000,-6.367045,1.039992,60.000000,-7.181192,1.054456,60.000000,-0.802378,0.995187,60.000000,-1.680508,1.040364,60.000000,-3.260966,1.055231,60.000000,0.675524,1.050688,60.000000,0.501145,1.045590,60.000000,-5.279291,1.061415,60.000000,-3.746059,1.059794,60.000000,-4.791923,1.047051,60.000000,-6.532845,1.056666,60.000000,-1.672815,1.054939,60.000000,0.781358,1.047500,60.000000,-2.827688,0.982000,60.000000,0.000000,0.983100,60.000000,2.349955,0.997200,60.000000,3.857337,1.012300,60.000000,2.950924,1.049630,60.000000,5.093842,1.063500,60.000000,7.495099,1.027800,60.000000,2.312208,1.026500,60.000000,7.089511,1.030000,60.000000,-8.796257,1.000000,1.000000,1.000000,1.000000,1.000000,1.000000,1.000000,1.000000,-42.642226,0.000000,5.266508,11.685834,3.989094,13.039518,20.310015,-38.263628,288.383297,447.800150,209.391350,467.503357,6.717002,286.592096,294.652499,141.504847,562.436988,245.394482,221.661074,276.382253,200.614467,124.488442,251.663684,184.493662,253.902685,8.239523,988.742731,2.149441,164.790455,75.230425,157.625653,78.812826,137.026846,28.927890,26.868009,92.246831,102.994034,75.767785,-82.574348,42.272334,15.225205,67.617823,24.718568,24.091648,4.119761,223.900075
0.180000,1.049431,60.000000,-7.361122,1.053541,60.000000,-4.984819,1.038509,60.000000,-7.513561,1.014809,60.000000,-8.418431,1.015250,60.000000,-7.559474,1.017135,60.000000,-6.980149,1.007760,60.000000,-8.887101,1.006832,60.000000,-9.316986,1.032682,60.000000,-9.046517,1.025403,60.000000,-4.748821,1.021568,60.000000,-5.507734,1.011373,60.000000,-5.469254,1.023325,60.000000,-5.338341,1.021904,60.000000,-6.704352,1.026077,60.000000,-6.755404,1.040657,60.000000,-5.385268,1.042630,60.000000,-6.367045,1.039992,60.000000,-7.181192,1.054456,60.000000,-0.802378,0.995187,60.000000,-1.680508,1.040364,60.000000,-3.260966,1.055231,60.000000,0.675524,1.050688,60.000000,0.501145,1.045590,60.000000,-5.279291,1.061415,60.000000,-3.746059,1.059794,60.000000,-4.791923,1.047051,60.000000,-6.532845,1.056666,60.000000,-1.672815,1.054939,60.000000,0.781358,1.047500,60.000000,-2.827688,0.982000,60.000000,0.000000,0.983100,60.000000,2.349955,0.997200,60.000000,3.857337,1.012300,60.000000,2.950924,1.049630,60.000000,5.093842,1.063500,60.000000,7.495099,1.027800,60.000000,2.312208,1.026500,60.000000,7.089511,1.030000,60.000000,-8.796257,1.000000,1.000000,1.000000,1.000000,1.000000,1.000000,1.000000,1.000000,-42.642226,0.000000,5.266508,11.685834,3.989094,13.039518,20.310015,-38.263628,288.383297,447.800150,209.391350,467.503357,6.717002,286.592096,294.652499,141.504847,562.436988,245.394482,221.661074,276.382253,200.614467,124.488442,251.663684,184.493662,253.902685,8.239523,988.742731,2.149441,164.790455,75.230425,157.625653,78.812826,137.026846,28.927890,26.868009,92.246831,102.994034,75.767785,-82.574348,42.272334,15.225205,67.617823,24.718568,24.091648,4.119761,223.900075
0.200000,1.049431,60.000000,-7.361122,1.053541,60.000000,-4.984819,1.038509,60.000000,-7.513561,1.014809,60.000000,-8.418431,1.015250,60.000000,-7.559474,1.017135,60.000000,-6.980149,1.007760,60.000000,-8.887101,1.006832,60.000000,-9.316986,1.032682,60.000000,-9.046517,1.025403,60.000000,-4.748821,1.021568,60.000000,-5.507734,1.011373,60.000000,-5.469254,1.023325,60.000000,-5.338341,1.021904,60.000000,-6.704352,1.026077,60.000000,-6.755404,1.040657,60.000000,-5.385268,1.042630,60.000000,-6.367045,1.039992,60.000000,-7.181192,1.054456,60.000000,-0.802378,0.995187,60.000000,-1.680508,1.040364,60.000000,-3.260966,1.055231,60.000000,0.675524,1.050688,60.000000,0.501145,1.045590,60.000000,-5.279291,1.061415,60.000000,-3.746059,1.059794,60.000000,-4.791923,1.047051,60.000000,-6.532845,1.056666,60.000000,-1.672815,1.054939,60.000000,0.781358,1.047500,60.000000,-2.827688,0.982000,60.000000,0.000000,0.983100,60.000000,2.349955,0.997200,60.000000,3.857337,1.012300,60.000000,2.950924,1.049630,60.000000,5.093842,1.063500,60.000000,7.495099,1.027800,60.000000,2.312208,1.026500,60.000000,7.089511,1.030000,60.000000,-8.796257,1.000000,1.000000,1.000000,1.000000,1.000000,1.000000,1.000000,1.000000,-42.642226,0.000000,5.266508,11.685834,3.989094,13.039518,20.310015,-38.263628,288.383297,447.800150,209.391350,467.503357,6.717002,286.592096,294.652499,141.504847,562.436988,245.394482,221.661074,276.382253,200.614467,124.488442,251.663684,184.493662,253.902685,8.239523,988.742731,2.149441,164.790455,75.230425,157.625653,78.812826,137.026846,28.927890,26.868009,92.246831,102.994034,75.767785,-82.574348,42.272334,15.225205,67.617823,24.718568,24.091648,4.119761,223.900075
0.220000,1.049431,60.000000,-7.361122,1.053541,60.000000,-4.984819,1.038509,60.000000,-7.513561,1.014809,60.000000,-8.418431,1.015250,60.000000,-7.559474,1.017135,60.000000,-6.980149,1.007760,60.000000,-8.887101,1.006832,60.000000,-9.316986,1.032682,60.000000,-9.046517,1.025403,60.000000,-4.748821,1.021568,60.000000,-5.507734,1.011373,60.000000,-5.469254,1.023325,60.000000,-5.338341,1.021904,60.000000,-6.704352,1.026077,60.000000,-6.755404,1.040657,60.000000,-5.385268,1.042630,60.000000,-6.367045,1.039992,60.000000,-7.181192,1.054456,60.000000,-0.802378,0.995187,60.000000,-1.680508,1.040364,60.000000,-3.260966,1.055231,60.000000,0.675524,1.050688,60.000000,0.501145,1.045590,60.000000,-5.279291,1.061415,60.000000,-3.746059,1.059794,60.000000,-4.791923,1.047051,60.000000,-6.532845,1.056666,60.000000,-1.672815,1.054939,60.000000,0.781358,1.047500,60.000000,-2.827688,0.982000,60.000000,0.000000,0.983100,60.000000,2.349955,0.997200,60.000000,3.857337,1.012300,60.000000,2.950924,1.049630,60.000000,5.093842,1.063500,60.000000,7.495099,1.027800,60.000000,2.312208,1.026500,60.000000,7.089511,1.030000,60.000000,-8.796257,1.000000,1.000000,1.000000,1.000000,1.000000,1.000000,1.000000,1.000000,-42.642226,0.000000,5.266508,11.685834,3.989094,13.039518,20.310015,-38.263628,288.383297,447.800150,209.391350,467.503357,6.717002,286.592096,294.652499,141.504847,562.436988,245.394482,221.661074,276.382253,200.614467,124.488442,251.663684,184.493662,253.902685,8.239523,988.742731,2.149441,164.790455,75.230425,157.625653,78.812826,137.026846,28.927890,26.868009,92.246831,102.994034,75.767785,-82.574348,42.272334,15.225205,67.617823,24.718568,24.091648,4.119761,223.900075
0.240000,1.049431,60.000000,-7.361122,1.053541,60.000000,-4.984819,1.038509,60.000000,-7.513561,1.014809,60.000000,-8.418431,1.015250,60.000000,-7.559474,1.017135,60.000000,-6.980149,1.007760,60.000000,-8.887101,1.006832,60.000000,-9.316986,1.032682,60.000000,-9.046517,1.025403,60.000000,-4.748821,1.021568,60.000000,-5.507734,1.011373,60.000000,-5.469254,1.023325,60.000000,-5.338341,1.021904,60.000000,-6.704352,1.026077,60.000000,-6.755404,1.040657,60.000000,-5.385268,1.042630,60.000000,-6.367045,1.039992,60.000000,-7.181192,1.054456,60.000000,-0.802378,0.995187,60.000000,-1.680508,1.040364,60.000000,-3.260966,1.055231,60.000000,0.675524,1.050688,60.000000,0.501145,1.045590,60.000000,-5.279291,1.061415,60.000000,-3.746059,1.059794,60.000000,-4.791923,1.047051,60.000000,-6.532845,1.056666,60.000000,-1.672815,1.054939,60.000000,0.781358,1.047500,60.000000,-2.827688,0.982000,60.000000,0.000000,0.983100,60.000000,2.349955,0.997200,60.000000,3.857337,1.012300,60.000000,2.950924,1.049630,60.000000,5.093842,1.063500,60.000000,7.495099,1.027800,60.000000,2.312208,1.026500,60.000000,7.089511,1.030000,60.000000,-8.796257,1.000000,1.000000,1.000000,1.000000,1.000000,1.000000,1.000000,1.000000,-42.642226,0.000000,5.266508,11.685834,3.989094,13.039518,20.310015,-38.263628,288.383297,447.800150,209.391350,467.503357,6.717002,286.592096,294.652499,141.504847,562.436988,245.394482,221.661074,276.382253,200.614467,124.488442,251.663684,184.493662,253.902685,8.239523,988.742731,2.149441,164.790455,75.230425,157.625653,78.812826,137.026846,28.927890,26.868009,92.246831,102.994034,75.767785,-82.574348,42.272334,15.225205,67.617823,24.718568,24.091648,4.119761,223.900075
0.260000,1.049431,60.000000,-7.361122,1.053541,60.000000,-4.984819,1.038509,60.000000,-7.513561,1.014809,60.000000,-8.418431,1.015250,60.000000,-7.559474,1.017135,60.000000,-6.980149,1.007760,60.000000,-8.887101,1.006832,60.000000,-9.316986,1.032682,60.000000,-9.046517,1.025403,60.000000,-4.748821,1.021568,60.000000,-5.507734,1.011373,60.000000,-5.469254,1.023325,60.000000,-5.338341,1.021904,60.000000,-6.704352,1.026077,60.000000,-6.755404,1.040657,60.000000,-5.385268,1.042630,60.000000,-6.367045,1.039992,60.000000,-7.181192,1.054456,60.000000,-0.802378,0.995187,60.000000,-1.680508,1.040364,60.000000,-3.260966,1.055231,60.000000,0.675524,1.050688,60.000000,0.501145,1.045590,60.000000,-5.279291,1.061415,60.000000,-3.746059,1.059794,60.000000,-4.791923,1.047051,60.000000,-6.532845,1.056666,60.000000,-1.672815,1.054939,60.000000,0.781358,1.047500,60.000000,-2.827688,0.982000,60.000000,0.000000,0.983100,60.000000,2.349955,0.997200,60.000000,3.857337,1.012300,60.000000,2.950924,1.049630,60.000000,5.093842,1.063500,60.000000,7.495099,1.027800,60.000000,2.312208,1.026500,60.000000,7.089511,1.030000,60.000000,-8.796257,1.000000,1.000000,1.000000,1.000000,1.000000,1.000000,1.000000,1.000000,-42.642226,0.000000,5.266508,11.685834,3.989094,13.039518,20.310015,-38.263628,288.383297,447.800150,209.391350,467.503357,6.717002,286.592096,294.652499,141.504847,562.436988,245.394482,221.661074,276.382253,200.614467,124.488442,251.663684,184.493662,253.902685,8.239523,988.742731,2.149441,164.790455,75.230425,157.625653,78.812826,137.026846,28.927890,26.868009,92.246831,102.994034,75.767785,-82.574348,42.272334,15.225205,67.617823,24.718568,24.091648,4.119761,223.900075
0.280000,1.049431,60.000000,-7.361122,1.053541,60.000000,-4.984819,1.038509,60.000000,-7.513561,1.014809,60.000000,-8.418431,1.015250,60.000000,-7.559474,1.017135,60.000000,-6.980149,1.007760,60.000000,-8.887101,1.006832,60.000000,-9.316986,1.032682,60.000000,-9.046517,1.025403,60.000000,-4.748821,1.021568,60.000000,-5.507734,1.011373,60.000000,-5.469254,1.023325,60.000000,-5.338341,1.021904,60.000000,-6.704352,1.026077,60.000000,-6.755404,1.040657,60.000000,-5.385268,1.042630,60.000000,-6.367045,1.039992,60.000000,-7.181192,1.054456,60.000000,-0.802378,0.995187,60.000000,-1.680508,1.040364,60.000000,-3.260966,1.055231,60.000000,0.675524,1.050688,60.000000,0.501145,1.045590,60.000000,-5.279291,1.061415,60.000000,-3.746059,1.059794,60.000000,-4.791923,1.047051,60.000000,-6.532845,1.056666,60.000000,-1.672815,1.054939,60.000000,0.781358,1.047500,60.000000,-2.827688,0.982000,60.000000,0.000000,0.983100,60.000000,2.349955,0.997200,60.000000,3.857337,1.012300,60.000000,2.950924,1.049630,60.000000,5.093842,1.063500,60.000000,7.495099,1.027800,60.000000,2.312208,1.026500,60.000000,7.089511,1.030000,60.000000,-8.796257,1.000000,1.000000,1.000000,1.000000,1.000000,1.000000,1.000000,1.000000,-42.642226,0.000000,5.266508,11.685834,3.989094,13.039518,20.310015,-38.263628,288.383297,447.800150,209.391350,467.503357,6.717002,286.592096,294.652499,141.504847,562.436988,245.394482,221.661074,276.382253,200.614467,124.488442,251.663684,184.493662,253.902685,8.239523,988.742731,2.149441,164.790455,75.230425,157.625653,78.812826,137.026846,28.927890,26.868009,92.246831,102.994034,75.767785,-82.574348,42.272334,15.225205,67.617823,24.718568,24.091648,4.119761,223.900075
0.300000,1.049431,60.000000,-7.361122,1.053541,60.000000,-4.984819,1.038509,60.000000,-7.513561,1.014809,60.000000,-8.418431,1.015250,60.000000,-7.559474,1.017135,60.000000,-6.980149,1.007760,60.000000,-8.887101,1.006832,60.000000,-9.316986,1.032682,60.000000,-9.046517,1.025403,60.000000,-4.748821,1.021568,60.000000,-5.507734,1.011373,60.000000,-5.469254,1.023325,60.000000,-5.338341,1.021904,60.000000,-6.704352,1.026077,60.000000,-6.755404,1.040657,60.000000,-5.385268,1.042630,60.000000,-6.367045,1.039992,60.000000,-7.181192,1.054456,60.000000,-0.802378,0.995187,60.000000,-1.680508,1.040364,60.000000,-3.260966,1.055231,60.000000,0.675524,1.050688,60.000000,0.501145,1.045590,60.000000,-5.279291,1.061415,60.000000,-3.746059,1.059794,60.000000,-4.791923,1.047051,60.000000,-6.532845,1.056666,60.000000,-1.672815,1.054939,60.000000,0.781358,1.047500,60.000000,-2.827688,0.982000,60.000000,0.000000,0.983100,60.000000,2.349955,0.997200,60.000000,3.857337,1.012300,60.000000,2.950924,1.049630,60.000000,5.093842,1.063500,60.000000,7.495099,1.027800,60.000000,2.312208,1.026500,60.000000,7.089511,1.030000,60.000000,-8.796257,1.000000,1.000000,1.000000,1.000000,1.000000,1.000000,1.000000,1.000000,-42.642226,0.000000,5.266508,11.685834,3.989094,13.039518,20.310015,-38.263628,288.383297,447.800150,209.391350,467.503357,6.717002,286.592096,294.652499,141.504847,562.436988,245.394482,221.661074,276.382253,200.614467,124.488442,251.663684,184.493662,253.902685,8.239523,988.742731,2.149441,164.790455,75.230425,157.625653,78.812826,137.026846,28.927890,26.868009,92.246831,102.994034,75.767785,-82.574348,42.272334,15.225205,67.617823,24.718568,24.091648,4.119761,223.900075
0.320000,1.049431,60.000000,-7.361122,1.053541,60.000000,-4.984819,1.038509,60.000000,-7.513561,1.014809,60.000000,-8.418431,1.015250,60.000000,-7.559474,1.017135,60.000000,-6.980149,1.007760,60.000000,-8.887101,1.006832,60.000000,-9.316986,1.032682,60.000000,-9.046517,1.025403,60.000000,-4.748821,1.021568,60.000000,-5.507734,1.011373,60.000000,-5.469254,1.023325,60.000000,-5.338341,1.021904,60.000000,-6.704352,1.026077,60.000000,-6.755404,1.040657,60.000000,-5.385268,1.042630,60.000000,-6.367045,1.039992,60.000000,-7.181192,1.054456,60.000000,-0.802378,0.995187,60.000000,-1.680508,1.040364,60.000000,-3.260966,1.055231,60.000000,0.675524,1.050688,60.000000,0.501145,1.045590,60.000000,-5.279291,1.061415,60.000000,-3.746059,1.059794,60.000000,-4.791923,1.047051,60.000000,-6.532845,1.056666,60.000000,-1.672815,1.054939,60.000000,0.781358,1.047500,60.000000,-2.827688,0.982000,60.000000,0.000000,0.983100,60.000000,2.349955,0.997200,60.000000,3.857337,1.012300,60.000000,2.950924,1.049630,60.000000,5.093842,1.063500,60.000000,7.495099,1.027800,60.000000,2.312208,1.026500,60.000000,7.089511,1.030000,60.000000,-8.796257,1.000000,1.000000,1.000000,1.000000,1.000000,1.000000,1.000000,1.000000,-42.642226,0.000000,5.266508,11.685834,3.989094,13.039518,20.310015,-38.263628,288.383297,447.800150,209.391350,467.503357,6.717002,286.592096,294.652499,141.504847,562.436988,245.394482,221.661074,276.382253,200.614467,124.488442,251.663684,184.493662,253.902685,8.239523,988.742731,2.149441,164.790455,75.230425,157.625653,78.812826,137.026846,28.927890,26.868009,92.246831,102.994034,75.767785,-82.574348,42.272334,15.225205,67.617823,24.718568,24.091648,4.119761,223.900075
0.340000,1.049431,60.000000,-7.361122,1.053541,60.000000,-4.984819,1.038509,60.000000,-7.513561,1.014809,60.000000,-8.418431,1.015250,60.000000,-7.559474,1.017135,60.000000,-6.980149,1.007760,60.000000,-8.887101,1.006832,60.000000,-9.316986,1.032682,60.000000,-9.046517,1.025403,60.000000,-4.748821,1.021568,60.000000,-5.507734,1.011373,60.000000,-5.469254,1.023325,60.000000,-5.338341,1.021904,60.000000,-6.704352,1.026077,60.000000,-6.755404,1.040657,60.000000,-5.385268,1.042630,60.000000,-6.367045,1.039992,60.000000,-7.181192,1.054456,60.000000,-0.802378,0.995187,60.000000,-1.680508,1.040364,60.000000,-3.260966,1.055231,60.000000,0.675524,1.050688,60.000000,0.501145,1.045590,60.000000,-5.279291,1.061415,60.000000,-3.746059,1.059794,60.000000,-4.791923,1.047051,60.000000,-6.532845,1.056666,60.000000,-1.672815,1.054939,60.000000,0.781358,1.047500,60.000000,-2.827688,0.982000,60.000000,0.000000,0.983100,60.000000,2.349955,0.997200,60.000000,3.857337,1.012300,60.000000,2.950924,1.049630,60.000000,5.093842,1.063500,60.000000,7.495099,1.027800,60.000000,2.312208,1.026500,60.000000,7.089511,1.030000,60.000000,-8.796257,1.000000,1.000000,1.000000,1.000000,1.000000,1.000000,1.000000,1.000000,-42.642226,0.000000,5.266508,11.685834,3.989094,13.039518,20.310015,-38.263628,288.383297,447.800150,209.391350,467.503357,6.717002,286.592096,294.652499,141.504847,562.436988,245.394482,221.661074,276.382253,200.614467,124.488442,251.663684,184.493662,253.902685,8.239523,988.742731,2.149441,164.790455,75.230425,157.625653,78.812826,137.026846,28.927890,26.868009,92.246831,102.994034,75.767785,-82.574348,42.272334,15.225205,67.617823,24.718568,24.091648,4.119761,223.900075
0.360000,1.049431,60.000000,-7.361122,1.053541,60.000000,-4.984819,1.038509,60.000000,-7.513561,1.014809,60.000000,-8.418431,1.015250,60.000000,-7.559474,1.017135,60.000000,-6.980149,1.007760,60.000000,-8.887101,1.006832,60.000000,-9.316986,1.032682,60.000000,-9.046517,1.025403,60.000000,-4.748821,1.021568,60.000000,-5.507734,1.011373,60.000000,-5.469254,1.023325,60.000000,-5.338341,1.021904,60.000000,-6.704352,1.026077,60.000000,-6.755404,1.040657,60.000000,-5.385268,1.042630,60.000000,-6.367045,1.039992,60.000000,-7.181192,1.054456,60.000000,-0.802378,0.995187,60.000000,-1.680508,1.040364,60.000000,-3.260966,1.055231,60.000000,0.675524,1.050688,60.000000,0.501145,1.045590,60.000000,-5.279291,1.061415,60.000000,-3.746059,1.059794,60.000000,-4.791923,1.047051,60.000000,-6.532845,1.056666,60.000000,-1.672815,1.054939,60.000000,0.781358,1.047500,60.000000,-2.827688,0.982000,60.000000,0.000000,0.983100,60.000000,2.349955,0.997200,60.000000,3.857337,1.012300,60.000000,2.950924,1.049630,60.000000,5.093842,1.063500,60.000000,7.495099,1.027800,60.000000,2.312208,1.026500,60.000000,7.089511,1.030000,60.000000,-8.796257,1.000000,1.000000,1.000000,1.000000,1.000000,1.000000,1.000000,1.000000,-42.642226,0.000000,5.266508,11.685834,3.989094,13.039518,20.310015,-38.263628,288.383297,447.800150,209.391350,467.503357,6.717002,286.592096,294.652499,141.504847,562.436988,245.394482,221.661074,276.382253,200.614467,124.488442,251.663684,184.493662,253.902685,8.239523,988.742731,2.149441,164.790455,75.230425,157.625653,78.812826,137.026846,28.927890,26.868009,92.246831,102.994034,75.767785,-82.574348,42.272334,15.225205,67.617823,24.718568,24.091648,4.119761,223.900075
0.380000,1.049431,60.000000,-7.361122,1.053541,60.000000,-4.984819,1.038509,60.000000,-7.513561,1.014809,60.000000,-8.418431,1.015250,60.000000,-7.559474,1.017135,60.000000,-6.980149,1.007760,60.000000,-8.887101,1.006832,60.000000,-9.316986,1.032682,60.000000,-9.046517,1.025403,60.000000,-4.748821,1.021568,60.000000,-5.507734,1.011373,60.000000,-5.469254,1.023325,60.000000,-5.338341,1.021904,60.000000,-6.704352,1.026077,60.000000,-6.755404,1.040657,60.000000,-5.385268,1.042630,60.000000,-6.367045,1.039992,60.000000,-7.181192,1.054456,60.000000,-0.802378,0.995187,60.000000,-1.680508,1.040364,60.000000,-3.260966,1.055231,60.000000,0.675524,1.050688,60.000000,0.501145,1.045590,60.000000,-5.279291,1.061415,60.000000,-3.746059,1.059794,60.000000,-4.791923,1.047051,60.000000,-6.532845,1.056666,60.000000,-1.672815,1.054939,60.000000,0.781358,1.047500,60.000000,-2.827688,0.982000,60.000000,0.000000,0.983100,60.000000,2.349955,0.997200,60.000000,3.857337,1.012300,60.000000,2.950924,1.049630,60.000000,5.093842,1.063500,60.000000,7.495099,1.027800,60.000000,2.312208,1.026500,60.000000,7.089511,1.030000,60.000000,-8.796257,1.000000,1.000000,1.000000,1.000000,1.000000,1.000000,1.000000,1.000000,-42.642226,0.000000,5.266508,11.685834,3.989094,13.039518,20.310015,-38.263628,288.383297,447.800150,209.391350,467.503357,6.717002,286.592096,294.652499,141.504847,562.436988,245.394482,221.661074,276.382253,200.614467,124.488442,251.663684,184.493662,253.902685,8.239523,988.742731,2.149441,164.790455,75.230425,157.625653,78.812826,137.026846,28.927890,26.868009,92.246831,102.994034,75.767785,-82.574348,42.272334,15.225205,67.617823,24.718568,24.091648,4.119761,223.900075
0.400000,1.049431,60.000000,-7.361122,1.053541,60.000000,-4.984819,1.038509,60.000000,-7.513561,1.014809,60.000000,-8.418431,1.015250,60.000000,-7.559474,1.017135,60.000000,-6.980149,1.007760,60.000000,-8.887101,1.006832,60.000000,-9.316986,1.032682,60.000000,-9.046517,1.025403,60.000000,-4.748821,1.021568,60.000000,-5.507734,1.011373,60.000000,-5.469254,1.023325,60.000000,-5.338341,1.021904,60.000000,-6.704352,1.026077,60.000000,-6.755404,1.040657,60.000000,-5.385268,1.042630,60.000000,-6.367045,1.039992,60.000000,-7.181192,1.054456,60.000000,-0.802378,0.995187,60.000000,-1.680508,1.040364,60.000000,-3.260966,1.055231,60.000000,0.675524,1.050688,60.000000,0.501145,1.045590,60.000000,-5.279291,1.061415,60.000000,-3.746059,1.059794,60.000000,-4.791923,1.047051,60.000000,-6.532845,1.056666,60.000000,-1.672815,1.054939,60.000000,0.781358,1.047500,60.000000,-2.827688,0.982000,60.000000,0.000000,0.983100,60.000000,2.349955,0.997200,60.000000,3.857337,1.012300,60.000000,2.950924,1.049630,60.000000,5.093842,1.063500,60.000000,7.495099,1.027800,60.000000,2.312208,1.026500,60.000000,7.089511,1.030000,60.000000,-8.796257,1.000000,1.000000,1.000000,1.000000,1.000000,1.000000,1.000000,1.000000,-42.642226,0.000000,5.266508,11.685834,3.989094,13.039518,20.310015,-38.263628,288.383297,447.800150,209.391350,467.503357,6.717002,286.592096,294.652499,141.504847,562.436988,245.394482,221.661074,276.382253,200.614467,124.488442,251.663684,184.493662,253.902685,8.239523,988.742731,2.149441,164.790455,75.230425,157.625653,78.812826,137.026846,28.927890,26.868009,92.246831,102.994034,75.767785,-82.574348,42.272334,15.225205,67.617823,24.718568,24.091648,4.119761,223.900075
0.420000,1.049431,60.000000,-7.361122,1.053541,60.000000,-4.984819,1.038509,60.000000,-7.513561,1.014809,60.000000,-8.418431,1.015250,60.000000,-7.559474,1.017135,60.000000,-6.980149,1.007760,60.000000,-8.887101,1.006832,60.000000,-9.316986,1.032682,60.000000,-9.046517,1.025403,60.000000,-4.748821,1.021568,60.000000,-5.507734,1.011373,60.000000,-5.469254,1.023325,60.000000,-5.338341,1.021904,60.000000,-6.704352,1.026077,60.000000,-6.755404,1.040657,60.000000,-5.385268,1.042630,60.000000,-6.367045,1.039992,60.000000,-7.181192,1.054456,60.000000,-0.802378,0.995187,60.000000,-1.680508,1.040364,60.000000,-3.260966,1.055231,60.000000,0.675524,1.050688,60.000000,0.501145,1.045590,60.000000,-5.279291,1.061415,60.000000,-3.746059,1.059794,60.000000,-4.791923,1.047051,60.000000,-6.532845,1.056666,60.000000,-1.672815,1.054939,60.000000,0.781358,1.047500,60.000000,-2.827688,0.982000,60.000000,0.000000,0.983100,60.000000,2.349955,0.997200,60.000000,3.857337,1.012300,60.000000,2.950924,1.049630,60.000000,5.093842,1.063500,60.000000,7.495099,1.027800,60.000000,2.312208,1.026500,60.000000,7.089511,1.030000,60.000000,-8.796257,1.000000,1.000000,1.000000,1.000000,1.000000,1.000000,1.000000,1.000000,-42.642226,0.000000,5.266508,11.685834,3.989094,13.039518,20.310015,-38.263628,288.383297,447.800150,209.391350,467.503357,6.717002,286.592096,294.652499,141.504847,562.436988,245.394482,221.661074,276.382253,200.614467,124.488442,251.663684,184.493662,253.902685,8.239523,988.742731,2.149441,164.790455,75.230425,157.625653,78.812826,137.026846,28.927890,26.868009,92.246831,102.994034,75.767785,-82.574348,42.272334,15.225205,67.617823,24.718568,24.091648,4.119761,223.900075
0.440000,1.049431,60.000000,-7.361122,1.053541,60.000000,-4.984819,1.038509,60.000000,-7.513561,1.014809,60.000000,-8.418431,1.015250,60.000000,-7.559474,1.017135,60.000000,-6.980149,1.007760,60.000000,-8.887101,1.006832,60.000000,-9.316986,1.032682,60.000000,-9.046517,1.025403,60.000000,-4.748821,1.021568,60.000000,-5.507734,1.011373,60.000000,-5.469254,1.023325,60.000000,-5.338341,1.021904,60.000000,-6.704352,1.026077,60.000000,-6.755404,1.040657,60.000000,-5.385268,1.042630,60.000000,-6.367045,1.039992,60.000000,-7.181192,1.054456,60.000000,-0.802378,0.995187,60.000000,-1.680508,1.040364,60.000000,-3.260966,1.055231,60.000000,0.675524,1.050688,60.000000,0.501145,1.045590,60.000000,-5.279291,1.061415,60.000000,-3.746059,1.059794,60.000000,-4.791923,1.047051,60.000000,-6.532845,1.056666,60.000000,-1.672815,1.054939,60.000000,0.781358,1.047500,60.000000,-2.827688,0.982000,60.000000,0.000000,0.983100,60.000000,2.349955,0.997200,60.000000,3.857337,1.012300,60.000000,2.950924,1.049630,60.000000,5.093842,1.063500,60.000000,7.495099,1.027800,60.000000,2.312208,1.026500,60.000000,7.089511,1.030000,60.000000,-8.796257,1.000000,1.000000,1.000000,1.000000,1.000000,1.000000,1.000000,1.000000,-42.642226,0.000000,5.266508,11.685834,3.989094,13.039518,20.310015,-38.263628,288.383297,447.800150,209.391350,467.503357,6.717002,286.592096,294.652499,141.504847,562.436988,245.394482,221.661074,276.382253,200.614467,124.488442,251.663684,184.493662,253.902685,8.239523,988.742731,2.149441,164.790455,75.230425,157.625653,78.812826,137.026846,28.927890,26.868009,92.246831,102.994034,75.767785,-82.574348,42.272334,15.225205,67.617823,24.718568,24.091648,4.119761,223.900075
0.460000,1.049431,60.000000,-7.361122,1.053541,60.000000,-4.984819,1.038509,60.000000,-7.513561,1.014809,60.000000,-8.418431,1.015250,60.000000,-7.559474,1.017135,60.000000,-6.980149,1.007760,60.000000,-8.887101,1.006832,60.000000,-9.316986,1.032682,60.000000,-9.046517,1.025403,60.000000,-4.748821,1.021568,60.000000,-5.507734,1.011373,60.000000,-5.469254,1.023325,60.000000,-5.338341,1.021904,60.000000,-6.704352,1.026077,60.000000,-6.755404,1.040657,60.000000,-5.385268,1.042630,60.000000,-6.367045,1.039992,60.000000,-7.181192,1.054456,60.000000,-0.802378,0.995187,60.000000,-1.680508,1.040364,60.000000,-3.260966,1.055231,60.000000,0.675524,1.050688,60.000000,0.501145,1.045590,60.000000,-5.279291,1.061415,60.000000,-3.746059,1.059794,60.000000,-4.791923,1.047051,60.000000,-6.532845,1.056666,60.000000,-1.672815,1.054939,60.000000,0.781358,1.047500,60.000000,-2.827688,0.982000,60.000000,0.000000,0.983100,60.000000,2.349955,0.997200,60.000000,3.857337,1.012300,60.000000,2.950924,1.049630,60.000000,5.093842,1.063500,60.000000,7.495099,1.027800,60.000000,2.312208,1.026500,60.000000,7.089511,1.030000,60.000000,-8.796257,1.000000,1.000000,1.000000,1.000000,1.000000,1.000000,1.000000,1.000000,-42.642226,0.000000,5.266508,11.685834,3.989094,13.039518,20.310015,-38.263628,288.383297,447.800150,209.391350,467.503357,6.717002,286.592096,294.652499,141.504847,562.436988,245.394482,221.661074,276.382253,200.614467,124.488442,251.663684,184.493662,253.902685,8.239523,988.742731,2.149441,164.790455,75.230425,157.625653,78.812826,137.026846,28.927890,26.868009,92.246831,102.994034,75.767785,-82.574348,42.272334,15.225205,67.617823,24.718568,24.091648,4.119761,223.900075
0.480000,1.049431,60.000000,-7.361122,1.053541,60.000000,-4.984819,1.038509,60.000000,-7.513561,1.014809,60.000000,-8.418431,1.015250,60.000000,-7.559474,1.017135,60.000000,-6.980149,1.007760,60.000000,-8.887101,1.006832,60.000000,-9.316986,1.032682,60.000000,-9.046517,1.025403,60.000000,-4.748821,1.021568,60.000000,-5.507734,1.011373,60.000000,-5.469254,1.023325,60.000000,-5.338341,1.021904,60.000000,-6.704352,1.026077,60.000000,-6.755404,1.040657,60.000000,-5.385268,1.042630,60.000000,-6.367045,1.039992,60.000000,-7.181192,1.054456,60.000000,-0.802378,0.995187,60.000000,-1.680508,1.040364,60.000000,-3.260966,1.055231,60.000000,0.675524,1.050688,60.000000,0.501145,1.045590,60.000000,-5.279291,1.061415,60.000000,-3.746059,1.059794,60.000000,-4.791923,1.047051,60.000000,-6.532845,1.056666,60.000000,-1.672815,1.054939,60.000000,0.781358,1.047500,60.000000,-2.827688,0.982000,60.000000,0.000000,0.983100,60.000000,2.349955,0.997200,60.000000,3.857337,1.012300,60.000000,2.950924,1.049630,60.000000,5.093842,1.063500,60.000000,7.495099,1.027800,60.000000,2.312208,1.026500,60.000000,7.089511,1.030000,60.000000,-8.796257,1.000000,1.000000,1.000000,1.000000,1.000000,1.000000,1.000000,1.000000,-42.642226,0.000000,5.266508,11.685834,3.989094,13.039518,20.310015,-38.263628,288.383297,447.800150,209.391350,467.503357,6.717002,286.592096,294.652499,141.504847,562.436988,245.394482,221.661074,276.382253,200.614467,124.488442,251.663684,184.493662,253.902685,8.239523,988.742731,2.149441,164.790455,75.230425,157.625653,78.812826,137.026846,28.927890,26.868009,92.246831,102.994034,75.767785,-82.574348,42.272334,15.225205,67.617823,24.718568,24.091648,4.119761,223.900075
0.500000,1.049431,60.000000,-7.361122,1.053541,60.000000,-4.984819,1.038509,60.000000,-7.513561,1.014809,60.000000,-8.418431,1.015250,60.000000,-7.559474,1.017135,60.000000,-6.980149,1.007760,60.000000,-8.887101,1.006832,60.000000,-9.316986,1.032682,60.000000,-9.046517,1.025403,60.000000,-4.748821,1.021568,60.000000,-5.507734,1.011373,60.000000,-5.469254,1.023325,60.000000,-5.338341,1.021904,60.000000,-6.704352,1.026077,60.000000,-6.755404,1.040657,60.000000,-5.385268,1.042630,60.000000,-6.367045,1.039992,60.000000,-7.181192,1.054456,60.000000,-0.802378,0.995187,60.000000,-1.680508,1.040364,60.000000,-3.260966,1.055231,60.000000,0.675524,1.050688,60.000000,0.501145,1.045590,60.000000,-5.279291,1.061415,60.000000,-3.746059,1.059794,60.000000,-4.791923,1.047051,60.000000,-6.532845,1.056666,60.000000,-1.672815,1.054939,60.000000,0.781358,1.047500,60.000000,-2.827688,0.982000,60.000000,0.000000,0.983100,60.000000,2.349955,0.997200,60.000000,3.857337,1.012300,60.000000,2.950924,1.049630,60.000000,5.093842,1.063500,60.000000,7.495099,1.027800,60.000000,2.312208,1.026500,60.000000,7.089511,1.030000,60.000000,-8.796257,1.000000,1.000000,1.000000,1.000000,1.000000,1.000000,1.000000,1.000000,-42.642226,0.000000,5.266508,11.685834,3.989094,13.039518,20.310015,-38.263628,288.383297,447.800150,209.391350,467.503357,6.717002,286.592096,294.652499,141.504847,562.436988,245.394482,221.661074,276.382253,200.614467,124.488442,251.663684,184.493662,253.902685,8.239523,988.742731,2.149441,164.790455,75.230425,157.625653,78.812826,137.026846,28.927890,26.868009,92.246831,102.994034,75.767785,-82.574348,42.272334,15.225205,67.617823,24.718568,24.091648,4.119761,223.900075
0.520000,1.049431,60.000000,-7.361122,1.053541,60.000000,-4.984819,1.038509,60.000000,-7.513561,1.014809,60.000000,-8.418431,1.015250,60.000000,-7.559474,1.017135,60.000000,-6.980149,1.007760,60.000000,-8.887101,1.006832,60.000000,-9.316986,1.032682,60.000000,-9.046517,1.025403,60.000000,-4.748821,1.021568,60.000000,-5.507734,1.011373,60.000000,-5.469254,1.023325,60.000000,-5.338341,1.021904,60.000000,-6.704352,1.026077,60.000000,-6.755404,1.040657,60.000000,-5.385268,1.042630,60.000000,-6.367045,1.039992,60.000000,-7.181192,1.054456,60.000000,-0.802378,0.995187,60.000000,-1.680508,1.040364,60.000000,-3.260966,1.055231,60.000000,0.675524,1.050688,60.000000,0.501145,1.045590,60.000000,-5.279291,1.061415,60.000000,-3.746059,1.059794,60.000000,-4.791923,1.047051,60.000000,-6.532845,1.056666,60.000000,-1.672815,1.054939,60.000000,0.781358,1.047500,60.000000,-2.827688,0.982000,60.000000,-0.000000,0.983100,60.000000,2.349955,0.997200,60.000000,3.857337,1.012300,60.000000,2.950924,1.049630,60.000000,5.093842,1.063500,60.000000,7.495099,1.027800,60.000000,2.312208,1.026500,60.000000,7.089511,1.030000,60.000000,-8.796257,1.000000,1.000000,1.000000,1.000000,1.000000,1.000000,1.000000,1.000000,-42.642226,0.000000,5.266508,11.685834,3.989094,13.039518,20.310015,-38.263628,288.383297,447.800150,209.391350,467.503357,6.717002,286.592096,294.652499,141.504847,562.436988,245.394482,221.661074,276.382253,200.614467,124.488442,251.663684,184.493662,253.902685,8.239523,988.742731,2.149441,164.790455,75.230425,157.625653,78.812826,137.026846,28.927890,26.868009,92.246831,102.994034,75.767785,-82.574348,42.272334,15.225205,67.617823,24.718568,24.091648,4.119761,223.900075
0.540000,1.049431,60.000000,-7.361122,1.053541,60.000000,-4.984819,1.038509,60.000000,-7.513561,1.014809,60.000000,-8.418431,1.015250,60.000000,-7.559474,1.017135,60.000000,-6.980149,1.007760,60.000000,-8.887101,1.006832,60.000000,-9.316986,1.032682,60.000000,-9.046517,1.025403,60.000000,-4.748821,1.021568,60.000000,-5.507734,1.011373,60.000000,-5.469254,1.023325,60.000000,-5.338341,1.021904,60.000000,-6.704352,1.026077,60.000000,-6.755404,1.040657,60.000000,-5.385268,1.042630,60.000000,-6.367045,1.039992,60.000000,-7.181192,1.054456,60.000000,-0.802378,0.995187,60.000000,-1.680508,1.040364,60.000000,-3.260966,1.055231,60.000000,0.675524,1.050688,60.000000,0.501145,1.045590,60.000000,-5.279291,1.061415,60.000000,-3.746059,1.059794,60.000000,-4.791923,1.047051,60.000000,-6.532845,1.056666,60.000000,-1.672815,1.054939,60.000000,0.781358,1.047500,60.000000,-2.827688,0.982000,60.000000,-0.000000,0.983100,60.000000,2.349955,0.997200,60.000000,3.857337,1.012300,60.000000,2.950924,1.049630,60.000000,5.093842,1.063500,60.000000,7.495099,1.027800,60.000000,2.312208,1.026500,60.000000,7.089511,1.030000,60.000000,-8.796257,1.000000,1.000000,1.000000,1.000000,1.000000,1.000000,1.000000,1.000000,-42.642226,0.000000,5.266508,11.685834,3.989094,13.039518,20.310015,-38.263628,288.383297,447.800150,209.391350,467.503357,6.717002,286.592096,294.652499,141.504847,562.436988,245.394482,221.661074,276.382253,200.614467,124.488442,251.663684,184.493662,253.902685,8.239523,988.742731,2.149441,164.790455,75.230425,157.625653,78.812826,137.026846,28.927890,26.868009,92.246831,102.994034,75.767785,-82.574348,42.272334,15.225205,67.617823,24.718568,24.091648,4.119761,223.900075
0.560000,1.049431,60.000000,-7.361122,1.053541,60.000000,-4.984819,1.038509,60.000000,-7.513561,1.014809,60.000000,-8.418431,1.015250,60.000000,-7.559474,1.017135,60.000000,-6.980149,1.007760,60.000000,-8.887101,1.006832,60.000000,-9.316986,1.032682,60.000000,-9.046517,1.025403,60.000000,-4.748821,1.021568,60.000000,-5.507734,1.011373,60.000000,-5.469254,1.023325,60.000000,-5.338341,1.021904,60.000000,-6.704352,1.026077,60.000000,-6.755404,1.040657,60.000000,-5.385268,1.042630,60.000000,-6.367045,1.039992,60.000000,-7.181192,1.054456,60.000000,-0.802378,0.995187,60.000000,-1.680508,1.040364,60.000000,-3.260966,1.055231,60.000000,0.675524,1.050688,60.000000,0.501145,1.045590,60.000000,-5.279291,1.061415,60.000000,-3.746059,1.059794,60.000000,-4.791923,1.047051,60.000000,-6.532845,1.056666,60.000000,-1.672815,1.054939,60.000000,0.781358,1.047500,60.000000,-2.827688,0.982000,60.000000,-0.000000,0.983100,60.000000,2.349955,0.997200,60.000000,3.857337,1.012300,60.000000,2.950924,1.049630,60.000000,5.093842,1.063500,60.000000,7.495099,1.027800,60.000000,2.312208,1.026500,60.000000,7.089511,1.030000,60.000000,-8.796257,1.000000,1.000000,1.000000,1.000000,1.000000,1.000000,1.000000,1.000000,-42.642226,0.000000,5.266508,11.685834,3.989094,13.039518,20.310015,-38.263628,288.383297,447.800150,209.391350,467.503357,6.717002,286.592096,294.652499,141.504847,562.436988,245.394482,221.661074,276.382253,200.614467,124.488442,251.663684,184.493662,253.902685,8.239523,988.742731,2.149441,164.790455,75.230425,157.625653,78.812826,137.026846,28.927890,26.868009,92.246831,102.994034,75.767785,-82.574348,42.272334,15.225205,67.617823,24.718568,24.091648,4.119761,223.900075
0.580000,1.049431,60.000000,-7.361122,1.053541,60.000000,-4.984819,1.038509,60.000000,-7.513561,1.014809,60.000000,-8.418431,1.015250,60.000000,-7.559474,1.017135,60.000000,-6.980149,1.007760,60.000000,-8.887101,1.006832,60.000000,-9.316986,1.032682,60.000000,-9.046517,1.025403,60.000000,-4.748821,1.021568,60.000000,-5.507734,1.011373,60.000000,-5.469254,1.023325,60.000000,-5.338341,1.021904,60.000000,-6.704352,1.026077,60.000000,-6.755404,1.040657,60.000000,-5.385268,1.042630,60.000000,-6.367045,1.039992,60.000000,-7.181192,1.054456,60.000000,-0.802378,0.995187,60.000000,-1.680508,1.040364,60.000000,-3.260966,1.055231,60.000000,0.675524,1.050688,60.000000,0.501145,1.045590,60.000000,-5.279291,1.061415,60.000000,-3.746059,1.059794,60.000000,-4.791923,1.047051,60.000000,-6.532845,1.056666,60.000000,-1.672815,1.054939,60.000000,0.781358,1.047500,60.000000,-2.827688,0.982000,60.000000,-0.000000,0.983100,60.000000,2.349955,0.997200,60.000000,3.857337,1.012300,60.000000,2.950924,1.049630,60.000000,5.093842,1.063500,60.000000,7.495099,1.027800,60.000000,2.312208,1.026500,60.000000,7.089511,1.030000,60.000000,-8.796257,1.000000,1.000000,1.000000,1.000000,1.000000,1.000000,1.000000,1.000000,-42.642226,0.000000,5.266508,11.685834,3.989094,13.039518,20.310015,-38.263628,288.383297,447.800150,209.391350,467.503357,6.717002,286.592096,294.652499,141.504847,562.436988,245.394482,221.661074,276.382253,200.614467,124.488442,251.663684,184.493662,253.902685,8.239523,988.742731,2.149441,164.790455,75.230425,157.625653,78.812826,137.026846,28.927890,26.868009,92.246831,102.994034,75.767785,-82.574348,42.272334,15.225205,67.617823,24.718568,24.091648,4.119761,223.900075
0.600000,1.049431,60.000000,-7.361122,1.053541,60.000000,-4.984819,1.038509,60.000000,-7.513561,1.014809,60.000000,-8.418431,1.015250,60.000000,-7.559474,1.017135,60.000000,-6.980149,1.007760,60.000000,-8.887101,1.006832,60.000000,-9.316986,1.032682,60.000000,-9.046517,1.025403,60.000000,-4.748821,1.021568,60.000000,-5.507734,1.011373,60.000000,-5.469254,1.023325,60.000000,-5.338341,1.021904,60.000000,-6.704352,1.026077,60.000000,-6.755404,1.040657,60.000000,-5.385268,1.042630,60.000000,-6.367045,1.039992,60.000000,-7.181192,1.054456,60.000000,-0.802378,0.995187,60.000000,-1.680508,1.040364,60.000000,-3.260966,1.055231,60.000000,0.675524,1.050688,60.000000,0.501145,1.045590,60.000000,-5.279291,1.061415,60.000000,-3.746059,1.059794,60.000000,-4.791923,1.047051,60.000000,-6.532845,1.056666,60.000000,-1.672815,1.054939,60.000000,0.781358,1.047500,60.000000,-2.827688,0.982000,60.000000,-0.000000,0.983100,60.000000,2.349955,0.997200,60.000000,3.857337,1.012300,60.000000,2.950924,1.049630,60.000000,5.093842,1.063500,60.000000,7.495099,1.027800,60.000000,2.312208,1.026500,60.000000,7.089511,1.030000,60.000000,-8.796257,1.000000,1.000000,1.000000,1.000000,1.000000,1.000000,1.000000,1.000000,-42.642226,0.000000,5.266508,11.685834,3.989094,13.039518,20.310015,-38.263628,288.383297,447.800150,209.391350,467.503357,6.717002,286.592096,294.652499,141.504847,562.436988,245.394482,221.661074,276.382253,200.614467,124.488442,251.663684,184.493662,253.902685,8.239523,988.742731,2.149441,164.790455,75.230425,157.625653,78.812826,137.026846,28.927890,26.868009,92.246831,102.994034,75.767785,-82.574348,42.272334,15.225205,67.617823,24.718568,24.091648,4.119761,223.900075
0.620000,1.049431,60.000000,-7.361122,1.053541,60.000000,-4.984819,1.038509,60.000000,-7.513561,1.014809,60.000000,-8.418431,1.015250,60.000000,-7.559474,1.017135,60.000000,-6.980149,1.007760,60.000000,-8.887101,1.006832,60.000000,-9.316986,1.032682,60.000000,-9.046517,1.025403,60.000000,-4.748821,1.021568,60.000000,-5.507734,1.011373,60.000000,-5.469254,1.023325,60.000000,-5.338341,1.021904,60.000000,-6.704352,1.026077,60.000000,-6.755404,1.040657,60.000000,-5.385268,1.042630,60.000000,-6.367045,1.039992,60.000000,-7.181192,1.054456,60.000000,-0.802378,0.995187,60.000000,-1.680508,1.040364,60.000000,-3.260966,1.055231,60.000000,0.675524,1.050688,60.000000,0.501145,1.045590,60.000000,-5.279291,1.061415,60.000000,-3.746059,1.059794,60.000000,-4.791923,1.047051,60.000000,-6.532845,1.056666,60.000000,-1.672815,1.054939,60.000000,0.781358,1.047500,60.000000,-2.827688,0.982000,60.000000,-0.000000,0.983100,60.000000,2.349955,0.997200,60.000000,3.857337,1.012300,60.000000,2.950924,1.049630,60.000000,5.093842,1.063500,60.000000,7.495099,1.027800,60.000000,2.312208,1.026500,60.000000,7.089511,1.030000,60.000000,-8.796257,1.000000,1.000000,1.000000,1.000000,1.000000,1.000000,1.000000,1.000000,-42.642226,0.000000,5.266508,11.685834,3.989094,13.039518,20.310015,-38.263628,288.383297,447.800150,209.391350,467.503357,6.717002,286.592096,294.652499,141.504847,562.436988,245.394482,221.661074,276.382253,200.614467,124.488442,251.663684,184.493662,253.902685,8.239523,988.742731,2.149441,164.790455,75.230425,157.625653,78.812826,137.026846,28.927890,26.868009,92.246831,102.994034,75.767785,-82.574348,42.272334,15.225205,67.617823,24.718568,24.091648,4.119761,223.900075
0.640000,1.049431,60.000000,-7.361122,1.053541,60.000000,-4.984819,1.038509,60.000000,-7.513561,1.014809,60.000000,-8.418431,1.015250,60.000000,-7.559474,1.017135,60.000000,-6.980149,1.007760,60.000000,-8.887101,1.006832,60.000000,-9.316986,1.032682,60.000000,-9.046517,1.025403,60.000000,-4.748821,1.021568,60.000000,-5.507734,1.011373,60.000000,-5.469254,1.023325,60.000000,-5.338341,1.021904,60.000000,-6.704352,1.026077,60.000000,-6.755404,1.040657,60.000000,-5.385268,1.042630,60.000000,-6.367045,1.039992,60.000000,-7.181192,1.054456,60.000000,-0.802378,0.995187,60.000000,-1.680508,1.040364,60.000000,-3.260966,1.055231,60.000000,0.675524,1.050688,60.000000,0.501145,1.045590,60.000000,-5.279291,1.061415,60.000000,-3.746059,1.059794,60.000000,-4.791923,1.047051,60.000000,-6.532845,1.056666,60.000000,-1.672815,1.054939,60.000000,0.781358,1.047500,60.000000,-2.827688,0.982000,60.000000,0.000000,0.983100,60.000000,2.349955,0.997200,60.000000,3.857337,1.012300,60.000000,2.950924,1.049630,60.000000,5.093842,1.063500,60.000000,7.495099,1.027800,60.000000,2.312208,1.026500,60.000000,7.089511,1.030000,60.000000,-8.796257,1.000000,1.000000,1.000000,1.000000,1.000000,1.000000,1.000000,1.000000,-42.642226,0.000000,5.266508,11.685834,3.989094,13.039518,20.310015,-38.263628,288.383297,447.800150,209.391350,467.503357,6.717002,286.592096,294.652499,141.504847,562.436988,245.394482,221.661074,276.382253,200.614467,124.488442,251.663684,184.493662,253.902685,8.239523,988.742731,2.149441,164.790455,75.230425,157.625653,78.812826,137.026846,28.927890,26.868009,92.246831,102.994034,75.767785,-82.574348,42.272334,15.225205,67.617823,24.718568,24.091648,4.119761,223.900075
0.660000,1.049431,60.000000,-7.361122,1.053541,60.000000,-4.984819,1.038509,60.000000,-7.513561,1.014809,60.000000,-8.418431,1.015250,60.000000,-7.559474,1.017135,60.000000,-6.980149,1.007760,60.000000,-8.887101,1.006832,60.000000,-9.316986,1.032682,60.000000,-9.046517,1.025403,60.000000,-4.748821,1.021568,60.000000,-5.507734,1.011373,60.000000,-5.469254,1.023325,60.000000,-5.338341,1.021904,60.000000,-6.704352,1.026077,60.000000,-6.755404,1.040657,60.000000,-5.385268,1.042630,60.000000,-6.367045,1.039992,60.000000,-7.181192,1.054456,60.000000,-0.802378,0.995187,60.000000,-1.680508,1.040364,60.000000,-3.260966,1.055231,60.000000,0.675524,1.050688,60.000000,0.501145,1.045590,60.000000,-5.279291,1.061415,60.000000,-3.746059,1.059794,60.000000,-4.791923,1.047051,60.000000,-6.532845,1.056666,60.000000,-1.672815,1.054939,60.000000,0.781358,1.047500,60.000000,-2.827688,0.982000,60.000000,0.000000,0.983100,60.000000,2.349955,0.997200,60.000000,3.857337,1.012300,60.000000,2.950924,1.049630,60.000000,5.093842,1.063500,60.000000,7.495099,1.027800,60.000000,2.312208,1.026500,60.000000,7.089511,1.030000,60.000000,-8.796257,1.000000,1.000000,1.000000,1.000000,1.000000,1.000000,1.000000,1.000000,-42.642226,0.000000,5.266508,11.685834,3.989094,13.039518,20.310015,-38.263628,288.383297,447.800150,209.391350,467.503357,6.717002,286.592096,294.652499,141.504847,562.436988,245.394482,221.661074,276.382253,200.614467,124.488442,251.663684,184.493662,253.902685,8.239523,988.742731,2.149441,164.790455,75.230425,157.625653,78.812826,137.026846,28.927890,26.868009,92.246831,102.994034,75.767785,-82.574348,42.272334,15.225205,67.617823,24.718568,24.091648,4.119761,223.900075
0.680000,1.049431,60.000000,-7.361122,1.053541,60.000000,-4.984819,1.038509,60.000000,-7.513561,1.014809,60.000000,-8.418431,1.015250,60.000000,-7.559474,1.017135,60.000000,-6.980149,1.007760,60.000000,-8.887101,1.006832,60.000000,-9.316986,1.032682,60.000000,-9.046517,1.025403,60.000000,-4.748821,1.021568,60.000000,-5.507734,1.011373,60.000000,-5.469254,1.023325,60.000000,-5.338341,1.021904,60.000000,-6.704352,1.026077,60.000000,-6.755404,1.040657,60.000000,-5.385268,1.042630,60.000000,-6.367045,1.039992,60.000000,-7.181192,1.054456,60.000000,-0.802378,0.995187,60.000000,-1.680508,1.040364,60.000000,-3.260966,1.055231,60.000000,0.675524,1.050688,60.000000,0.501145,1.045590,60.000000,-5.279291,1.061415,60.000000,-3.746059,1.059794,60.000000,-4.791923,1.047051,60.000000,-6.532845,1.056666,60.000000,-1.672815,1.054939,60.000000,0.781358,1.047500,60.000000,-2.827688,0.982000,60.000000,0.000000,0.983100,60.000000,2.349955,0.997200,60.000000,3.857337,1.012300,60.000000,2.950924,1.049630,60.000000,5.093842,1.063500,60.000000,7.495099,1.027800,60.000000,2.312208,1.026500,60.000000,7.089511,1.030000,60.000000,-8.796257,1.000000,1.000000,1.000000,1.000000,1.000000,1.000000,1.000000,1.000000,-42.642226,0.000000,5.266508,11.685834,3.989094,13.039518,20.310015,-38.263628,288.383297,447.800150,209.391350,467.503357,6.717002,286.592096,294.652499,141.504847,562.436988,245.394482,221.661074,276.382253,200.614467,124.488442,251.663684,184.493662,253.902685,8.239523,988.742731,2.149441,164.790455,75.230425,157.625653,78.812826,137.026846,28.927890,26.868009,92.246831,102.994034,75.767785,-82.574348,42.272334,15.225205,67.617823,24.718568,24.091648,4.119761,223.900075
0.700000,1.049431,60.000000,-7.361122,1.053541,60.000000,-4.984819,1.038509,60.000000,-7.513561,1.014809,60.000000,-8.418431,1.015250,60.000000,-7.559474,1.017135,60.000000,-6.980149,1.007760,60.000000,-8.887101,1.006832,60.000000,-9.316986,1.032682,60.000000,-9.046517,1.025403,60.000000,-4.748821,1.021568,60.000000,-5.507734,1.011373,60.000000,-5.469254,1.023325,60.000000,-5.338341,1.021904,60.000000,-6.704352,1.026077,60.000000,-6.755404,1.040657,60.000000,-5.385268,1.042630,60.000000,-6.367045,1.039992,60.000000,-7.181192,1.054456,60.000000,-0.802378,0.995187,60.000000,-1.680508,1.040364,60.000000,-3.260966,1.055231,60.000000,0.675524,1.050688,60.000000,0.501145,1.045590,60.000000,-5.279291,1.061415,60.000000,-3.746059,1.059794,60.000000,-4.791923,1.047051,60.000000,-6.532845,1.056666,60.000000,-1.672815,1.054939,60.000000,0.781358,1.047500,60.000000,-2.827688,0.982000,60.000000,0.000000,0.983100,60.000000,2.349955,0.997200,60.000000,3.857337,1.012300,60.000000,2.950924,1.049630,60.000000,5.093842,1.063500,60.000000,7.495099,1.027800,60.000000,2.312208,1.026500,60.000000,7.089511,1.030000,60.000000,-8.796257,1.000000,1.000000,1.000000,1.000000,1.000000,1.000000,1.000000,1.000000,-42.642226,0.000000,5.266508,11.685834,3.989094,13.039518,20.310015,-38.263628,288.383297,447.800150,209.391350,467.503357,6.717002,286.592096,294.652499,141.504847,562.436988,245.394482,221.661074,276.382253,200.614467,124.488442,251.663684,184.493662,253.902685,8.239523,988.742731,2.149441,164.790455,75.230425,157.625653,78.812826,137.026846,28.927890,26.868009,92.246831,102.994034,75.767785,-82.574348,42.272334,15.225205,67.617823,24.718568,24.091648,4.119761,223.900075
0.720000,1.049431,60.000000,-7.361122,1.053541,60.000000,-4.984819,1.038509,60.000000,-7.513561,1.014809,60.000000,-8.418431,1.015250,60.000000,-7.559474,1.017135,60.000000,-6.980149,1.007760,60.000000,-8.887101,1.006832,60.000000,-9.316986,1.032682,60.000000,-9.046517,1.025403,60.000000,-4.748821,1.021568,60.000000,-5.507734,1.011373,60.000000,-5.469254,1.023325,60.000000,-5.338341,1.021904,60.000000,-6.704352,1.026077,60.000000,-6.755404,1.040657,60.000000,-5.385268,1.042630,60.000000,-6.367045,1.039992,60.000000,-7.181192,1.054456,60.000000,-0.802378,0.995187,60.000000,-1.680508,1.040364,60.000000,-3.260966,1.055231,60.000000,0.675524,1.050688,60.000000,0.501145,1.045590,60.000000,-5.279291,1.061415,60.000000,-3.746059,1.059794,60.000000,-4.791923,1.047051,60.000000,-6.532845,1.056666,60.000000,-1.672815,1.054939,60.000000,0.781358,1.047500,60.000000,-2.827688,0.982000,60.000000,0.000000,0.983100,60.000000,2.349955,0.997200,60.000000,3.857337,1.012300,60.000000,2.950924,1.049630,60.000000,5.093842,1.063500,60.000000,7.495099,1.027800,60.000000,2.312208,1.026500,60.000000,7.089511,1.030000,60.000000,-8.796257,1.000000,1.000000,1.000000,1.000000,1.000000,1.000000,1.000000,1.000000,-42.642226,0.000000,5.266508,11.685834,3.989094,13.039518,20.310015,-38.263628,288.383297,447.800150,209.391350,467.503357,6.717002,286.592096,294.652499,141.504847,562.436988,245.394482,221.661074,276.382253,200.614467,124.488442,251.663684,184.493662,253.902685,8.239523,988.742731,2.149441,164.790455,75.230425,157.625653,78.812826,137.026846,28.927890,26.868009,92.246831,102.994034,75.767785,-82.574348,42.272334,15.225205,67.617823,24.718568,24.091648,4.119761,223.900075
0.740000,1.049431,60.000000,-7.361122,1.053541,60.000000,-4.984819,1.038509,60.000000,-7.513561,1.014809,60.000000,-8.418431,1.015250,60.000000,-7.559474,1.017135,60.000000,-6.980149,1.007760,60.000000,-8.887101,1.006832,60.000000,-9.316986,1.032682,60.000000,-9.046517,1.025403,60.000000,-4.748821,1.021568,60.000000,-5.507734,1.011373,60.000000,-5.469254,1.023325,60.000000,-5.338341,1.021904,60.000000,-6.704352,1.026077,60.000000,-6.755404,1.040657,60.000000,-5.385268,1.042630,60.000000,-6.367045,1.039992,60.000000,-7.181192,1.054456,60.000000,-0.802378,0.995187,60.000000,-1.680508,1.040364,60.000000,-3.260966,1.055231,60.000000,0.675524,1.050688,60.000000,0.501145,1.045590,60.000000,-5.279291,1.061415,60.000000,-3.746059,1.059794,60.000000,-4.791923,1.047051,60.000000,-6.532845,1.056666,60.000000,-1.672815,1.054939,60.000000,0.781358,1.047500,60.000000,-2.827688,0.982000,60.000000,0.000000,0.983100,60.000000,2.349955,0.997200,60.000000,3.857337,1.012300,60.000000,2.950924,1.049630,60.000000,5.093842,1.063500,60.000000,7.495099,1.027800,60.000000,2.312208,1.026500,60.000000,7.089511,1.030000,60.000000,-8.796257,1.000000,1.000000,1.000000,1.000000,1.000000,1.000000,1.000000,1.000000,-42.642226,0.000000,5.266508,11.685834,3.989094,13.039518,20.310015,-38.263628,288.383297,447.800150,209.391350,467.503357,6.717002,286.592096,294.652499,141.504847,562.436988,245.394482,221.661074,276.382253,200.614467,124.488442,251.663684,184.493662,253.902685,8.239523,988.742731,2.149441,164.790455,75.230425,157.625653,78.812826,137.026846,28.927890,26.868009,92.246831,102.994034,75.767785,-82.574348,42.272334,15.225205,67.617823,24.718568,24.091648,4.119761,223.900075
0.760000,1.049431,60.000000,-7.361122,1.053541,60.000000,-4.984819,1.038509,60.000000,-7.513561,1.014809,60.000000,-8.418431,1.015250,60.000000,-7.559474,1.017135,60.000000,-6.980149,1.007760,60.000000,-8.887101,1.006832,60.000000,-9.316986,1.032682,60.000000,-9.046517,1.025403,60.000000,-4.748821,1.021568,60.000000,-5.507734,1.011373,60.000000,-5.469254,1.023325,60.000000,-5.338341,1.021904,60.000000,-6.704352,1.026077,60.000000,-6.755404,1.040657,60.000000,-5.385268,1.042630,60.000000,-6.367045,1.039992,60.000000,-7.181192,1.054456,60.000000,-0.802378,0.995187,60.000000,-1.680508,1.040364,60.000000,-3.260966,1.055231,60.000000,0.675524,1.050688,60.000000,0.501145,1.045590,60.000000,-5.279291,1.061415,60.000000,-3.746059,1.059794,60.000000,-4.791923,1.047051,60.000000,-6.532845,1.056666,60.000000,-1.672815,1.054939,60.000000,0.781358,1.047500,60.000000,-2.827688,0.982000,60.000000,0.000000,0.983100,60.000000,2.349955,0.997200,60.000000,3.857337,1.012300,60.000000,2.950924,1.049630,60.000000,5.093842,1.063500,60.000000,7.495099,1.027800,60.000000,2.312208,1.026500,60.000000,7.089511,1.030000,60.000000,-8.796257,1.000000,1.000000,1.000000,1.000000,1.000000,1.000000,1.000000,1.000000,-42.642226,0.000000,5.266508,11.685834,3.989094,13.039518,20.310015,-38.263628,288.383297,447.800150,209.391350,467.503357,6.717002,286.592096,294.652499,141.504847,562.436988,245.394482,221.661074,276.382253,200.614467,124.488442,251.663684,184.493662,253.902685,8.239523,988.742731,2.149441,164.790455,75.230425,157.625653,78.812826,137.026846,28.927890,26.868009,92.246831,102.994034,75.767785,-82.574348,42.272334,15.225205,67.617823,24.718568,24.091648,4.119761,223.900075
0.780000,1.049431,60.000000,-7.361122,1.053541,60.000000,-4.984819,1.038509,60.000000,-7.513561,1.014809,60.000000,-8.418431,1.015250,60.000000,-7.559474,1.017135,60.000000,-6.980149,1.007760,60.000000,-8.887101,1.006832,60.000000,-9.316986,1.032682,60.000000,-9.046517,1.025403,60.000000,-4.748821,1.021568,60.000000,-5.507734,1.011373,60.000000,-5.469254,1.023325,60.000000,-5.338341,1.021904,60.000000,-6.704352,1.026077,60.000000,-6.755404,1.040657,60.000000,-5.385268,1.042630,60.000000,-6.367045,1.039992,60.000000,-7.181192,1.054456,60.000000,-0.802378,0.995187,60.000000,-1.680508,1.040364,60.000000,-3.260966,1.055231,60.000000,0.675524,1.050688,60.000000,0.501145,1.045590,60.000000,-5.279291,1.061415,60.000000,-3.746059,1.059794,60.000000,-4.791923,1.047051,60.000000,-6.532845,1.056666,60.000000,-1.672815,1.054939,60.000000,0.781358,1.047500,60.000000,-2.827688,0.982000,60.000000,0.000000,0.983100,60.000000,2.349955,0.997200,60.000000,3.857337,1.012300,60.000000,2.950924,1.049630,60.000000,5.093842,1.063500,60.000000,7.495099,1.027800,60.000000,2.312208,1.026500,60.000000,7.089511,1.030000,60.000000,-8.796257,1.000000,1.000000,1.000000,1.000000,1.000000,1.000000,1.000000,1.000000,-42.642226,0.000000,5.266508,11.685834,3.989094,13.039518,20.310015,-38.263628,288.383297,447.800150,209.391350,467.503357,6.717002,286.592096,294.652499,141.504847,562.436988,245.394482,221.661074,276.382253,200.614467,124.488442,251.663684,184.493662,253.902685,8.239523,988.742731,2.149441,164.790455,75.230425,157.625653,78.812826,137.026846,28.927890,26.868009,92.246831,102.994034,75.767785,-82.574348,42.272334,15.225205,67.617823,24.718568,24.091648,4.119761,223.900075
0.800000,1.049431,60.000000,-7.361122,1.053541,60.000000,-4.984819,1.038509,60.000000,-7.513561,1.014809,60.000000,-8.418431,1.015250,60.000000,-7.559474,1.017135,60.000000,-6.980149,1.007760,60.000000,-8.887101,1.006832,60.000000,-9.316986,1.032682,60.000000,-9.046517,1.025403,60.000000,-4.748821,1.021568,60.000000,-5.507734,1.011373,60.000000,-5.469254,1.023325,60.000000,-5.338341,1.021904,60.000000,-6.704352,1.026077,60.000000,-6.755404,1.040657,60.000000,-5.385268,1.042630,60.000000,-6.367045,1.039992,60.000000,-7.181192,1.054456,60.000000,-0.802378,0.995187,60.000000,-1.680508,1.040364,60.000000,-3.260966,1.055231,60.000000,0.675524,1.050688,60.000000,0.501145,1.045590,60.000000,-5.279291,1.061415,60.000000,-3.746059,1.059794,60.000000,-4.791923,1.047051,60.000000,-6.532845,1.056666,60.000000,-1.672815,1.054939,60.000000,0.781358,1.047500,60.000000,-2.827688,0.982000,60.000000,0.000000,0.983100,60.000000,2.349955,0.997200,60.000000,3.857337,1.012300,60.000000,2.950924,1.049630,60.000000,5.093842,1.063500,60.000000,7.495099,1.027800,60.000000,2.312208,1.026500,60.000000,7.089511,1.030000,60.000000,-8.796257,1.000000,1.000000,1.000000,1.000000,1.000000,1.000000,1.000000,1.000000,-42.642226,0.000000,5.266508,11.685834,3.989094,13.039518,20.310015,-38.263628,288.383297,447.800150,209.391350,467.503357,6.717002,286.592096,294.652499,141.504847,562.436988,245.394482,221.661074,276.382253,200.614467,124.488442,251.663684,184.493662,253.902685,8.239523,988.742731,2.149441,164.790455,75.230425,157.625653,78.812826,137.026846,28.927890,26.868009,92.246831,102.994034,75.767785,-82.574348,42.272334,15.225205,67.617823,24.718568,24.091648,4.119761,223.900075
0.820000,1.049431,60.000000,-7.361122,1.053541,60.000000,-4.984819,1.038509,60.000000,-7.513561,1.014809,60.000000,-8.418431,1.015250,60.000000,-7.559474,1.017135,60.000000,-6.980149,1.007760,60.000000,-8.887101,1.006832,60.000000,-9.316986,1.032682,60.000000,-9.046517,1.025403,60.000000,-4.748821,1.021568,60.000000,-5.507734,1.011373,60.000000,-5.469254,1.023325,60.000000,-5.338341,1.021904,60.000000,-6.704352,1.026077,60.000000,-6.755404,1.040657,60.000000,-5.385268,1.042630,60.000000,-6.367045,1.039992,60.000000,-7.181192,1.054456,60.000000,-0.802378,0.995187,60.000000,-1.680508,1.040364,60.000000,-3.260966,1.055231,60.000000,0.675524,1.050688,60.000000,0.501145,1.045590,60.000000,-5.279291,1.061415,60.000000,-3.746059,1.059794,60.000000,-4.791923,1.047051,60.000000,-6.532845,1.056666,60.000000,-1.672815,1.054939,60.000000,0.781358,1.047500,60.000000,-2.827688,0.982000,60.000000,0.000000,0.983100,60.000000,2.349955,0.997200,60.000000,3.857337,1.012300,60.000000,2.950924,1.049630,60.000000,5.093842,1.063500,60.000000,7.495099,1.027800,60.000000,2.312208,1.026500,60.000000,7.089511,1.030000,60.000000,-8.796257,1.000000,1.000000,1.000000,1.000000,1.000000,1.000000,1.000000,1.000000,-42.642226,0.000000,5.266508,11.685834,3.989094,13.039518,20.310015,-38.263628,288.383297,447.800150,209.391350,467.503357,6.717002,286.592096,294.652499,141.504847,562.436988,245.394482,221.661074,276.382253,200.614467,124.488442,251.663684,184.493662,253.902685,8.239523,988.742731,2.149441,164.790455,75.230425,157.625653,78.812826,137.026846,28.927890,26.868009,92.246831,102.994034,75.767785,-82.574348,42.272334,15.225205,67.617823,24.718568,24.091648,4.119761,223.900075
0.840000,1.049431,60.000000,-7.361122,1.053541,60.000000,-4.984819,1.038509,60.000000,-7.513561,1.014809,60.000000,-8.418431,1.015250,60.000000,-7.559474,1.017135,60.000000,-6.980149,1.007760,60.000000,-8.887101,1.006832,60.000000,-9.316986,1.032682,60.000000,-9.046517,1.025403,60.000000,-4.748821,1.021568,60.000000,-5.507734,1.011373,60.000000,-5.469254,1.023325,60.000000,-5.338341,1.021904,60.000000,-6.704352,1.026077,60.000000,-6.755404,1.040657,60.000000,-5.385268,1.042630,60.000000,-6.367045,1.039992,60.000000,-7.181192,1.054456,60.000000,-0.802378,0.995187,60.000000,-1.680508,1.040364,60.000000,-3.260966,1.055231,60.000000,0.675524,1.050688,60.000000,0.501145,1.045590,60.000000,-5.279291,1.061415,60.000000,-3.746059,1.059794,60.000000,-4.791923,1.047051,60.000000,-6.532845,1.056666,60.000000,-1.672815,1.054939,60.000000,0.781358,1.047500,60.000000,-2.827688,0.982000,60.000000,0.000000,0.983100,60.000000,2.349955,0.997200,60.000000,3.857337,1.012300,60.000000,2.950924,1.049630,60.000000,5.093842,1.063500,60.000000,7.495099,1.027800,60.000000,2.312208,1.026500,60.000000,7.089511,1.030000,60.000000,-8.796257,1.000000,1.000000,1.000000,1.000000,1.000000,1.000000,1.000000,1.000000,-42.642226,0.000000,5.266508,11.685834,3.989094,13.039518,20.310015,-38.263628,288.383297,447.800150,209.391350,467.503357,6.717002,286.592096,294.652499,141.504847,562.436988,245.394482,221.661074,276.382253,200.614467,124.488442,251.663684,184.493662,253.902685,8.239523,988.742731,2.149441,164.790455,75.230425,157.625653,78.812826,137.026846,28.927890,26.868009,92.246831,102.994034,75.767785,-82.574348,42.272334,15.225205,67.617823,24.718568,24.091648,4.119761,223.900075
0.860000,1.049431,60.000000,-7.361122,1.053541,60.000000,-4.984819,1.038509,60.000000,-7.513561,1.014809,60.000000,-8.418431,1.015250,60.000000,-7.559474,1.017135,60.000000,-6.980149,1.007760,60.000000,-8.887101,1.006832,60.000000,-9.316986,1.032682,60.000000,-9.046517,1.025403,60.000000,-4.748821,1.021568,60.000000,-5.507734,1.011373,60.000000,-5.469254,1.023325,60.000000,-5.338341,1.021904,60.000000,-6.704352,1.026077,60.000000,-6.755404,1.040657,60.000000,-5.385268,1.042630,60.000000,-6.367045,1.039992,60.000000,-7.181192,1.054456,60.000000,-0.802378,0.995187,60.000000,-1.680508,1.040364,60.000000,-3.260966,1.055231,60.000000,0.675524,1.050688,60.000000,0.501145,1.045590,60.000000,-5.279291,1.061415,60.000000,-3.746059,1.059794,60.000000,-4.791923,1.047051,60.000000,-6.532845,1.056666,60.000000,-1.672815,1.054939,60.000000,0.781358,1.047500,60.000000,-2.827688,0.982000,60.000000,0.000000,0.983100,60.000000,2.349955,0.997200,60.000000,3.857337,1.012300,60.000000,2.950924,1.049630,60.000000,5.093842,1.063500,60.000000,7.495099,1.027800,60.000000,2.312208,1.026500,60.000000,7.089511,1.030000,60.000000,-8.796257,1.000000,1.000000,1.000000,1.000000,1.000000,1.000000,1.000000,1.000000,-42.642226,0.000000,5.266508,11.685834,3.989094,13.039518,20.310015,-38.263628,288.383297,447.800150,209.391350,467.503357,6.717002,286.592096,294.652499,141.504847,562.436988,245.394482,221.661074,276.382253,200.614467,124.488442,251.663684,184.493662,253.902685,8.239523,988.742731,2.149441,164.790455,75.230425,157.625653,78.812826,137.026846,28.927890,26.868009,92.246831,102.994034,75.767785,-82.574348,42.272334,15.225205,67.617823,24.718568,24.091648,4.119761,223.900075
0.880000,1.049431,60.000000,-7.361122,1.053541,60.000000,-4.984819,1.038509,60.000000,-7.513561,1.014809,60.000000,-8.418431,1.015250,60.000000,-7.559474,1.017135,60.000000,-6.980149,1.007760,60.000000,-8.887101,1.006832,60.000000,-9.316986,1.032682,60.000000,-9.046517,1.025403,60.000000,-4.748821,1.021568,60.000000,-5.507734,1.011373,60.000000,-5.469254,1.023325,60.000000,-5.338341,1.021904,60.000000,-6.704352,1.026077,60.000000,-6.755404,1.040657,60.000000,-5.385268,1.042630,60.000000,-6.367045,1.039992,60.000000,-7.181192,1.054456,60.000000,-0.802378,0.995187,60.000000,-1.680508,1.040364,60.000000,-3.260966,1.055231,60.000000,0.675524,1.050688,60.000000,0.501145,1.045590,60.000000,-5.279291,1.061415,60.000000,-3.746059,1.059794,60.000000,-4.791923,1.047051,60.000000,-6.532845,1.056666,60.000000,-1.672815,1.054939,60.000000,0.781358,1.047500,60.000000,-2.827688,0.982000,60.000000,0.000000,0.983100,60.000000,2.349955,0.997200,60.000000,3.857337,1.012300,60.000000,2.950924,1.049630,60.000000,5.093842,1.063500,60.000000,7.495099,1.027800,60.000000,2.312208,1.026500,60.000000,7.089511,1.030000,60.000000,-8.796257,1.000000,1.000000,1.000000,1.000000,1.000000,1.000000,1.000000,1.000000,-42.642226,0.000000,5.266508,11.685834,3.989094,13.039518,20.310015,-38.263628,288.383297,447.800150,209.391350,467.503357,6.717002,286.592096,294.652499,141.504847,562.436988,245.394482,221.661074,276.382253,200.614467,124.488442,251.663684,184.493662,253.902685,8.239523,988.742731,2.149441,164.790455,75.230425,157.625653,78.812826,137.026846,28.927890,26.868009,92.246831,102.994034,75.767785,-82.574348,42.272334,15.225205,67.617823,24.718568,24.091648,4.119761,223.900075
0.900000,1.049431,60.000000,-7.361122,1.053541,60.000000,-4.984819,1.038509,60.000000,-7.513561,1.014809,60.000000,-8.418431,1.015250,60.000000,-7.559474,1.017135,60.000000,-6.980149,1.007760,60.000000,-8.887101,1.006832,60.000000,-9.316986,1.032682,60.000000,-9.046517,1.025403,60.000000,-4.748821,1.021568,60.000000,-5.507734,1.011373,60.000000,-5.469254,1.023325,60.000000,-5.338341,1.021904,60.000000,-6.704352,1.026077,60.000000,-6.755404,1.040657,60.000000,-5.385268,1.042630,60.000000,-6.367045,1.039992,60.000000,-7.181192,1.054456,60.000000,-0.802378,0.995187,60.000000,-1.680508,1.040364,60.000000,-3.260966,1.055231,60.000000,0.675524,1.050688,60.000000,0.501145,1.045590,60.000000,-5.279291,1.061415,60.000000,-3.746059,1.059794,60.000000,-4.791923,1.047051,60.000000,-6.532845,1.056666,60.000000,-1.672815,1.054939,60.000000,0.781358,1.047500,60.000000,-2.827688,0.982000,60.000000,0.000000,0.983100,60.000000,2.349955,0.997200,60.000000,3.857337,1.012300,60.000000,2.950924,1.049630,60.000000,5.093842,1.063500,60.000000,7.495099,1.027800,60.000000,2.312208,1.026500,60.000000,7.089511,1.030000,60.000000,-8.796257,1.000000,1.000000,1.000000,1.000000,1.000000,1.000000,1.000000,1.000000,-42.642226,0.000000,5.266508,11.685834,3.989094,13.039518,20.310015,-38.263628,288.383297,447.800150,209.391350,467.503357,6.717002,286.592096,294.652499,141.504847,562.436988,245.394482,221.661074,276.382253,200.614467,124.488442,251.663684,184.493662,253.902685,8.239523,988.742731,2.149441,164.790455,75.230425,157.625653,78.812826,137.026846,28.927890,26.868009,92.246831,102.994034,75.767785,-82.574348,42.272334,15.225205,67.617823,24.718568,24.091648,4.119761,223.900075
0.920000,1.049431,60.000000,-7.361122,1.053541,60.000000,-4.984819,1.038509,60.000000,-7.513561,1.014809,60.000000,-8.418431,1.015250,60.000000,-7.559474,1.017135,60.000000,-6.980149,1.007760,60.000000,-8.887101,1.006832,60.000000,-9.316986,1.032682,60.000000,-9.046517,1.025403,60.000000,-4.748821,1.021568,60.000000,-5.507734,1.011373,60.000000,-5.469254,1.023325,60.000000,-5.338341,1.021904,60.000000,-6.704352,1.026077,60.000000,-6.755404,1.040657,60.000000,-5.385268,1.042630,60.000000,-6.367045,1.039992,60.000000,-7.181192,1.054456,60.000000,-0.802378,0.995187,60.000000,-1.680508,1.040364,60.000000,-3.260966,1.055231,60.000000,0.675524,1.050688,60.000000,0.501145,1.045590,60.000000,-5.279291,1.061415,60.000000,-3.746059,1.059794,60.000000,-4.791923,1.047051,60.000000,-6.532845,1.056666,60.000000,-1.672815,1.054939,60.000000,0.781358,1.047500,60.000000,-2.827688,0.982000,60.000000,0.000000,0.983100,60.000000,2.349955,0.997200,60.000000,3.857337,1.012300,60.000000,2.950924,1.049630,60.000000,5.093842,1.063500,60.000000,7.495099,1.027800,60.000000,2.312208,1.026500,60.000000,7.089511,1.030000,60.000000,-8.796257,1.000000,1.000000,1.000000,1.000000,1.000000,1.000000,1.000000,1.000000,-42.642226,0.000000,5.266508,11.685834,3.989094,13.039518,20.310015,-38.263628,288.383297,447.800150,209.391350,467.503357,6.717002,286.592096,294.652499,141.504847,562.436988,245.394482,221.661074,276.382253,200.614467,124.488442,251.663684,184.493662,253.902685,8.239523,988.742731,2.149441,164.790455,75.230425,157.625653,78.812826,137.026846,28.927890,26.868009,92.246831,102.994034,75.767785,-82.574348,42.272334,15.225205,67.617823,24.718568,24.091648,4.119761,223.900075
0.940000,1.049431,60.000000,-7.361122,1.053541,60.000000,-4.984819,1.038509,60.000000,-7.513561,1.014809,60.000000,-8.418431,1.015250,60.000000,-7.559474,1.017135,60.000000,-6.980149,1.007760,60.000000,-8.887101,1.006832,60.000000,-9.316986,1.032682,60.000000,-9.046517,1.025403,60.000000,-4.748821,1.021568,60.000000,-5.507734,1.011373,60.000000,-5.469254,1.023325,60.000000,-5.338341,1.021904,60.000000,-6.704352,1.026077,60.000000,-6.755404,1.040657,60.000000,-5.385268,1.042630,60.000000,-6.367045,1.039992,60.000000,-7.181192,1.054456,60.000000,-0.802378,0.995187,60.000000,-1.680508,1.040364,60.000000,-3.260966,1.055231,60.000000,0.675524,1.050688,60.000000,0.501145,1.045590,60.000000,-5.279291,1.061415,60.000000,-3.746059,1.059794,60.000000,-4.791923,1.047051,60.000000,-6.532845,1.056666,60.000000,-1.672815,1.054939,60.000000,0.781358,1.047500,60.000000,-2.827688,0.982000,60.000000,0.000000,0.983100,60.000000,2.349955,0.997200,60.000000,3.857337,1.012300,60.000000,2.950924,1.049630,60.000000,5.093842,1.063500,60.000000,7.495099,1.027800,60.000000,2.312208,1.026500,60.000000,7.089511,1.030000,60.000000,-8.796257,1.000000,1.000000,1.000000,1.000000,1.000000,1.000000,1.000000,1.000000,-42.642226,0.000000,5.266508,11.685834,3.989094,13.039518,20.310015,-38.263628,288.383297,447.800150,209.391350,467.503357,6.717002,286.592096,294.652499,141.504847,562.436988,245.394482,221.661074,276.382253,200.614467,124.488442,251.663684,184.493662,253.902685,8.239523,988.742731,2.149441,164.790455,75.230425,157.625653,78.812826,137.026846,28.927890,26.868009,92.246831,102.994034,75.767785,-82.574348,42.272334,15.225205,67.617823,24.718568,24.091648,4.119761,223.900075
0.960000,1.049431,60.000000,-7.361122,1.053541,60.000000,-4.984819,1.038509,60.000000,-7.513561,1.014809,60.000000,-8.418431,1.015250,60.000000,-7.559474,1.017135,60.000000,-6.980149,1.007760,60.000000,-8.887101,1.006832,60.000000,-9.316986,1.032682,60.000000,-9.046517,1.025403,60.000000,-4.748821,1.021568,60.000000,-5.507734,1.011373,60.000000,-5.469254,1.023325,60.000000,-5.338341,1.021904,60.000000,-6.704352,1.026077,60.000000,-6.755404,1.040657,60.000000,-5.385268,1.042630,60.000000,-6.367045,1.039992,60.000000,-7.181192,1.054456,60.000000,-0.802378,0.995187,60.000000,-1.680508,1.040364,60.000000,-3.260966,1.055231,60.000000,0.675524,1.050688,60.000000,0.501145,1.045590,60.000000,-5.279291,1.061415,60.000000,-3.746059,1.059794,60.000000,-4.791923,1.047051,60.000000,-6.532845,1.056666,60.000000,-1.672815,1.054939,60.000000,0.781358,1.047500,60.000000,-2.827688,0.982000,60.000000,0.000000,0.983100,60.000000,2.349955,0.997200,60.000000,3.857337,1.012300,60.000000,2.950924,1.049630,60.000000,5.093842,1.063500,60.000000,7.495099,1.027800,60.000000,2.312208,1.026500,60.000000,7.089511,1.030000,60.000000,-8.796257,1.000000,1.000000,1.000000,1.000000,1.000000,1.000000,1.000000,1.000000,-42.642226,0.000000,5.266508,11.685834,3.989094,13.039518,20.310015,-38.263628,288.383297,447.800150,209.391350,467.503357,6.717002,286.592096,294.652499,141.504847,562.436988,245.394482,221.661074,276.382253,200.614467,124.488442,251.663684,184.493662,253.902685,8.239523,988.742731,2.149441,164.790455,75.230425,157.625653,78.812826,137.026846,28.927890,26.868009,92.246831,102.994034,75.767785,-82.574348,42.272334,15.225205,67.617823,24.718568,24.091648,4.119761,223.900075
0.980000,1.049431,60.000000,-7.361122,1.053541,60.000000,-4.984819,1.038509,60.000000,-7.513561,1.014809,60.000000,-8.418431,1.015250,60.000000,-7.559474,1.017135,60.000000,-6.980149,1.007760,60.000000,-8.887101,1.006832,60.000000,-9.316986,1.032682,60.000000,-9.046517,1.025403,60.000000,-4.748821,1.021568,60.000000,-5.507734,1.011373,60.000000,-5.469254,1.023325,60.000000,-5.338341,1.021904,60.000000,-6.704352,1.026077,60.000000,-6.755404,1.040657,60.000000,-5.385268,1.042630,60.000000,-6.367045,1.039992,60.000000,-7.181192,1.054456,60.000000,-0.802378,0.995187,60.000000,-1.680508,1.040364,60.000000,-3.260966,1.055231,60.000000,0.675524,1.050688,60.000000,0.501145,1.045590,60.000000,-5.279291,1.061415,60.000000,-3.746059,1.059794,60.000000,-4.791923,1.047051,60.000000,-6.532845,1.056666,60.000000,-1.672815,1.054939,60.000000,0.781358,1.047500,60.000000,-2.827688,0.982000,60.000000,0.000000,0.983100,60.000000,2.349955,0.997200,60.000000,3.857337,1.012300,60.000000,2.950924,1.049630,60.000000,5.093842,1.063500,60.000000,7.495099,1.027800,60.000000,2.312208,1.026500,60.000000,7.089511,1.030000,60.000000,-8.796257,1.000000,1.000000,1.000000,1.000000,1.000000,1.000000,1.000000,1.000000,-42.642226,0.000000,5.266508,11.685834,3.989094,13.039518,20.310015,-38.263628,288.383297,447.800150,209.391350,467.503357,6.717002,286.592096,294.652499,141.504847,562.436988,245.394482,221.661074,276.382253,200.614467,124.488442,251.663684,184.493662,253.902685,8.239523,988.742731,2.149441,164.790455,75.230425,157.625653,78.812826,137.026846,28.927890,26.868009,92.246831,102.994034,75.767785,-82.574348,42.272334,15.225205,67.617823,24.718568,24.091648,4.119761,223.900075
1.000000,1.049431,60.000000,-7.361122,1.053541,60.000000,-4.984819,1.038509,60.000000,-7.513561,1.014809,60.000000,-8.418431,1.015250,60.000000,-7.559474,1.017135,60.000000,-6.980149,1.007760,60.000000,-8.887101,1.006832,60.000000,-9.316986,1.032682,60.000000,-9.046517,1.025403,60.000000,-4.748821,1.021568,60.000000,-5.507734,1.011373,60.000000,-5.469254,1.023325,60.000000,-5.338341,1.021904,60.000000,-6.704352,1.026077,60.000000,-6.755404,1.040657,60.000000,-5.385268,1.042630,60.000000,-6.367045,1.039992,60.000000,-7.181192,1.054456,60.000000,-0.802378,0.995187,60.000000,-1.680508,1.040364,60.000000,-3.260966,1.055231,60.000000,0.675524,1.050688,60.000000,0.501145,1.045590,60.000000,-5.279291,1.061415,60.000000,-3.746059,1.059794,60.000000,-4.791923,1.047051,60.000000,-6.532845,1.056666,60.000000,-1.672815,1.054939,60.000000,0.781358,1.047500,60.000000,-2.827688,0.982000,60.000000,0.000000,0.983100,60.000000,2.349955,0.997200,60.000000,3.857337,1.012300,60.000000,2.950924,1.049630,60.000000,5.093842,1.063500,60.000000,7.495099,1.027800,60.000000,2.312208,1.026500,60.000000,7.089511,1.030000,60.000000,-8.796257,1.000000,1.000000,1.000000,1.000000,1.000000,1.000000,1.000000,1.000000,-42.642226,0.000000,5.266508,11.685834,3.989094,13.039518,20.310015,-38.263628,288.383297,447.800150,209.391350,467.503357,6.717002,286.592096,294.652499,141.504847,562.436988,245.394482,221.661074,276.382253,200.614467,124.488442,251.663684,184.493662,253.902685,8.239523,988.742731,2.149441,164.790455,75.230425,157.625653,78.812826,137.026846,28.927890,26.868009,92.246831,102.994034,75.767785,-82.574348,42.272334,15.225205,67.617823,24.718568,24.091648,4.119761,223.900075
1.020000,1.056237,60.029141,-5.890606,1.077186,60.055930,-1.623190,0.000000,60.000000,0.000000,0.985398,60.009594,-9.195058,0.992333,60.009544,-8.071464,0.995097,60.009731,-7.442285,0.986443,60.008827,-9.393431,0.985983,60.008705,-9.822272,1.023836,60.010717,-9.120380,1.004725,60.010972,-5.067384,1.000375,60.010568,-5.872975,0.989731,60.010843,-5.813172,1.002243,60.011178,-5.656971,0.999991,60.011719,-7.019960,1.015895,60.016287,-6.351760,1.035989,60.019066,-4.663662,1.042244,60.021874,-5.244692,1.041508,60.021551,-5.858458,1.051503,60.017922,-0.307622,0.993035,60.015670,-1.278339,1.035714,60.020577,-2.525883,1.050717,60.023587,1.439405,1.045897,60.023074,1.261554,1.040907,60.019095,-4.558876,1.075280,60.050832,-0.920893,1.067135,60.033521,-3.032352,1.050718,60.027970,-5.050572,1.065269,60.029258,-0.292742,1.063610,60.027840,2.015977,1.061738,60.078912,-0.482794,0.966262,60.011736,-0.154336,0.968610,60.011920,2.257256,0.994860,60.019229,4.258977,1.010941,60.015132,3.255178,1.045850,60.027619,5.891246,1.058084,60.027693,8.306645,1.039325,60.049694,4.245162,1.034504,60.024411,7.992927,1.029544,60.012052,-8.579276,1.000014,0.999991,1.000004,1.000047,1.000038,1.000248,1.000076,1.000267,-42.637231,0.000000,5.269092,11.697951,3.999052,13.094607,20.328131,-38.201788,0.000000,447.800150,209.391350,467.503357,6.717002,286.592096,294.652499,141.504847,562.436988,245.394482,221.661074,276.382253,200.614467,124.488442,251.663684,184.493662,253.902685,8.239523,988.742731,0.000000,164.790455,75.230425,157.625653,78.812826,137.026846,28.927890,26.868009,92.246831,102.994035,75.767785,-82.574348,42.272334,15.225205,67.617823,24.718568,24.091648,4.119761,223.900075
1.040000,1.055965,60.021567,-5.770484,1.077262,60.039638,-1.355328,0.000000,60.000000,0.000000,0.983965,60.008779,-9.181795,0.990940,60.008258,-8.060839,0.993695,60.008243,-7.431316,0.985097,60.007892,-9.386183,0.984672,60.007873,-9.815369,1.023180,60.009158,-9.102179,1.003308,60.009092,-5.049376,0.998959,60.008821,-5.857235,0.988279,60.009107,-5.795412,1.000822,60.009422,-5.636915,0.998566,60.010268,-6.994606,1.014500,60.014462,-6.295686,1.034646,60.016576,-4.591035,1.041075,60.018813,-5.154805,1.040333,60.018683,-5.769929,1.050342,60.015437,-0.243076,0.992049,60.014416,-1.223723,1.034177,60.017284,-2.446486,1.049025,60.018599,1.531892,1.044208,60.018479,1.352406,1.039513,60.016635,-4.485900,1.075055,60.038406,-0.670260,1.066670,60.027337,-2.874609,1.049903,60.023387,-4.924605,1.065271,60.025238,-0.154791,1.063750,60.024454,2.146902,1.062039,60.050840,-0.109162,0.964744,60.007284,-0.143877,0.967300,60.008785,2.276213,0.993804,60.015525,4.326814,1.010129,60.014196,3.307747,1.044060,60.020205,6.000391,1.056271,60.020557,8.418076,1.039176,60.042732,4.514654,1.034902,60.022512,8.106609,1.029351,60.010008,-8.553598,1.000029,0.999986,1.000012,1.000097,1.000081,1.000498,1.000159,1.000493,-42.622757,0.000000,5.277544,11.734190,4.029879,13.261196,20.384018,-38.031610,0.000000,447.800150,209.391350,467.503357,6.717002,286.592096,294.652499,141.504847,562.436988,245.394482,221.661074,276.382253,200.614467,124.488442,251.663684,184.493662,253.902685,8.239523,988.742731,0.000000,164.790455,75.230425,157.625653,78.812826,137.026846,28.927890,26.868009,92.246831,102.994035,75.767785,-82.574348,42.272334,15.225205,67.617823,24.718568,24.091648,4.119761,223.900075
1.060000,1.055766,60.019922,-5.709013,1.077338,60.036178,-1.174221,0.000000,60.000000,0.000000,0.983279,60.009587,-9.199829,0.990268,60.008792,-8.083922,0.993016,60.008689,-7.454939,0.984444,60.008545,-9.411285,0.984036,60.008551,-9.840472,1.022841,60.009153,-9.121177,1.002620,60.009343,-5.067854,0.998273,60.009140,-5.877332,0.987577,60.009449,-5.813351,1.000138,60.009771,-5.652565,0.997892,60.010856,-7.003061,1.013885,60.015206,-6.273421,1.034079,60.017183,-4.554349,1.040597,60.019344,-5.102528,1.039853,60.019290,-5.718208,1.049839,60.015985,-0.214851,0.991596,60.015368,-1.200769,1.033534,60.017571,-2.406292,1.048324,60.018220,1.578230,1.043549,60.018230,1.398542,1.038932,60.017245,-4.448762,1.075041,60.036427,-0.490584,1.066551,60.027186,-2.764888,1.049601,60.023607,-4.841226,1.065434,60.025905,-0.056059,1.063994,60.025381,2.241284,1.062340,60.043432,0.132219,0.963998,60.006557,-0.180230,0.966626,60.008196,2.251538,0.993356,60.015628,4.353411,1.009716,60.015103,3.328999,1.043263,60.018907,6.053687,1.055713,60.019335,8.474255,1.039163,60.043434,4.738433,1.035293,60.024060,8.190089,1.029224,60.009549,-8.568567,1.000046,0.999986,1.000025,1.000150,1.000128,1.000738,1.000246,1.000698,-42.600165,0.000000,5.291835,11.793806,4.081313,13.535219,20.477886,-37.767454,0.000000,447.800150,209.391350,467.503357,6.717002,286.592096,294.652499,141.504847,562.436988,245.394482,221.661074,276.382253,200.614467,124.488442,251.663684,184.493662,253.902685,8.239523,988.742731,0.000000,164.790455,75.230425,157.625653,78.812826,137.026846,28.927890,26.868009,92.246831,102.994035,75.767785,-82.574348,42.272334,15.225205,67.617823,24.718568,24.091648,4.119761,223.900075
1.080000,1.055559,60.020913,-5.679222,1.077354,60.038012,-1.024457,0.000000,60.000000,0.000000,0.982930,60.011196,-9.241041,0.989925,60.010206,-8.131763,0.992671,60.010057,-7.503744,0.984109,60.009983,-9.460759,0.983708,60.009988,-9.889903,1.022647,60.010025,-9.168878,1.002270,60.010642,-5.112309,0.997923,60.010464,-5.923122,0.987220,60.010805,-5.856776,0.999792,60.011153,-5.693561,0.997551,60.012436,-7.035338,1.013585,60.017166,-6.272750,1.033816,60.019224,-4.539157,1.040380,60.021518,-5.071242,1.039634,60.021491,-5.687176,1.049607,60.017968,-0.208542,0.991373,60.017453,-1.198349,1.033238,60.019471,-2.389001,1.048003,60.019847,1.598831,1.043263,60.019900,1.419437,1.038665,60.019279,-4.433150,1.075059,60.038850,-0.336082,1.066526,60.029684,-2.676013,1.049470,60.025970,-4.778564,1.065611,60.028714,0.025153,1.064228,60.028307,2.319292,1.062565,60.044361,0.329134,0.963616,60.007353,-0.247143,0.966272,60.008942,2.196211,0.993158,60.017463,4.356387,1.009493,60.017068,3.328980,1.042879,60.020169,6.077406,1.055534,60.020647,8.501298,1.039165,60.047486,4.951083,1.035629,60.027278,8.260007,1.029126,60.010050,-8.615124,1.000064,0.999990,1.000041,1.000205,1.000176,1.000961,1.000335,1.000891,-42.571042,0.000000,5.311473,11.875787,4.152218,13.908336,20.608744,-37.418237,0.000000,447.800150,209.391350,467.503357,6.717002,286.592096,294.652499,141.504847,562.436988,245.394482,221.661074,276.382253,200.614467,124.488442,251.663684,184.493662,253.902685,8.239523,988.742731,0.000000,164.790455,75.230425,157.625653,78.812826,137.026846,28.927890,26.868009,92.246831,102.994035,75.767785,-82.574348,42.272334,15.225205,67.617823,24.718568,24.091648,4.119761,223.900075
1.100000,1.055311,60.023077,-5.668648,1.077293,60.041957,-0.883019,0.000000,60.000000,0.000000,0.982739,60.013254,-9.300673,0.989740,60.012098,-8.199282,0.992485,60.011922,-7.572467,0.983926,60.011861,-9.529931,0.983527,60.011854,-9.959095,1.022518,60.011416,-9.239977,1.002083,60.012509,-5.176837,0.997736,60.012332,-5.988916,0.987029,60.012710,-5.919950,0.999606,60.013091,-5.754084,0.997363,60.014552,-7.085814,1.013410,60.019755,-6.287073,1.033667,60.021983,-4.537924,1.040250,60.024482,-5.052590,1.039503,60.024463,-5.668676,1.049485,60.020679,-0.216576,0.991251,60.020159,-1.210079,1.033073,60.022166,-2.386304,1.047829,60.022426,1.603657,1.043107,60.022490,1.424706,1.038514,60.022030,-4.431558,1.075038,60.043040,-0.187390,1.066496,60.033339,-2.595559,1.049376,60.029305,-4.726237,1.065747,60.032513,0.099313,1.064411,60.032176,2.390847,1.062702,60.048558,0.517044,0.963418,60.008856,-0.337033,0.966084,60.010422,2.117631,0.993063,60.020140,4.344524,1.009361,60.019654,3.313925,1.042675,60.022602,6.083817,1.055441,60.023106,8.511283,1.039130,60.052822,5.167314,1.035896,60.031327,8.324994,1.029036,60.011129,-8.687474,1.000083,0.999999,1.000061,1.000262,1.000225,1.001162,1.000425,1.001073,-42.536986,0.000000,5.335908,11.978990,4.241238,14.370033,20.775205,-36.991156,0.000000,447.800150,209.391350,467.503357,6.717002,286.592096,294.652499,141.504847,562.436988,245.394482,221.661074,276.382253,200.614467,124.488442,251.663684,184.493662,253.902685,8.239523,988.742731,0.000000,164.790455,75.230425,157.625653,78.812826,137.026846,28.927890,26.868009,92.246831,102.994034,75.767785,-82.574348,42.272334,15.225205,67.617823,24.718568,24.091648,4.119761,223.900075
1.120000,1.055010,60.025737,-5.671341,1.077154,60.046624,-0.740757,0.000000,60.000000,0.000000,0.982624,60.015579,-9.375553,0.989633,60.014276,-8.283154,0.992379,60.014080,-7.657700,0.983819,60.014007,-9.615647,0.983420,60.013983,-10.044935,1.022419,60.013126,-9.330881,1.001977,60.014705,-5.257687,0.997629,60.014518,-6.071078,0.986920,60.014935,-5.999219,0.999499,60.015353,-5.830444,0.997246,60.016972,-7.150933,1.013283,60.022671,-6.312499,1.033555,60.025100,-4.546411,1.040139,60.027814,-5.042112,1.039392,60.027796,-5.658326,1.049405,60.023769,-0.234586,0.991172,60.023214,-1.231986,1.032955,60.025253,-2.393617,1.047708,60.025464,1.597970,1.042990,60.025529,1.419486,1.038401,60.025139,-4.439741,1.074957,60.047808,-0.036823,1.066424,60.037446,-2.517827,1.049266,60.033047,-4.679184,1.065822,60.036739,0.171627,1.064529,60.036466,2.461023,1.062756,60.053889,0.709696,0.963321,60.010744,-0.445594,0.965988,60.012337,2.020444,0.993008,60.023245,4.322680,1.009275,60.022609,3.287919,1.042551,60.025583,6.079107,1.055346,60.026093,8.510238,1.039040,60.058426,5.392227,1.036091,60.035780,8.389787,1.028943,60.012562,-8.781707,1.000103,1.000014,1.000085,1.000321,1.000277,1.001339,1.000516,1.001243,-42.499579,0.000000,5.364612,12.102146,4.346971,14.908419,20.975707,-36.493196,0.000000,447.800150,209.391350,467.503357,6.717002,286.592096,294.652499,141.504847,562.436988,245.394482,221.661074,276.382253,200.614467,124.488442,251.663684,184.493662,253.902685,8.239523,988.742731,0.000000,164.790455,75.230425,157.625653,78.812826,137.026846,28.927890,26.868009,92.246831,102.994034,75.767785,-82.574348,42.272334,15.225205,67.617823,24.718568,24.091648,4.119761,223.900075
1.140000,1.054654,60.028572,-5.684370,1.076942,60.051382,-0.594650,0.000000,60.000000,0.000000,0.982544,60.018074,-9.463290,0.989565,60.016639,-8.380872,0.992314,60.016429,-7.756892,0.983749,60.016330,-9.715479,0.983348,60.016288,-10.145016,1.022329,60.015039,-9.438909,1.001913,60.017112,-5.352127,0.997564,60.016908,-6.166938,0.986851,60.017362,-6.091913,0.999430,60.017816,-5.919964,0.997160,60.019576,-7.228149,1.013168,60.025754,-6.346511,1.033448,60.028385,-4.562021,1.040019,60.031297,-5.037273,1.039271,60.031276,-5.653628,1.049339,60.027062,-0.259763,0.991110,60.026468,-1.261341,1.032846,60.028526,-2.408184,1.047602,60.028720,1.584833,1.042879,60.028780,1.406794,1.038293,60.028419,-4.455089,1.074809,60.052596,0.117973,1.066297,60.041658,-2.440310,1.049119,60.036913,-4.634916,1.065829,60.041105,0.244717,1.064576,60.040908,2.532483,1.062735,60.059425,0.911593,0.963282,60.012883,-0.569786,0.965943,60.014536,1.907982,0.992967,60.026581,4.293910,1.009212,60.025793,3.253880,1.042461,60.028822,6.066733,1.055231,60.029322,8.501499,1.038892,60.063784,5.626182,1.036215,60.040408,8.457122,1.028843,60.014218,-8.894961,1.000125,1.000033,1.000112,1.000381,1.000330,1.001491,1.000608,1.001400,-42.460404,0.000000,5.397077,12.243846,4.467997,15.510620,21.208552,-35.931723,0.000000,447.800150,209.391350,467.503357,6.717002,286.592096,294.652499,141.504847,562.436988,245.394482,221.661074,276.382253,200.614467,124.488442,251.663684,184.493662,253.902685,8.239523,988.742731,0.000000,164.790455,75.230425,157.625653,78.812826,137.026846,28.927890,26.868009,92.246831,102.994034,75.767785,-82.574348,42.272334,15.225205,67.617823,24.718568,24.091648,4.119761,223.900075
1.160000,1.054243,60.031417,-5.706236,1.076661,60.055927,-0.444481,0.000000,60.000000,0.000000,0.982479,60.020688,-9.561860,0.989515,60.019137,-8.490306,0.992266,60.018918,-7.867878,0.983695,60.018783,-9.827339,0.983291,60.018722,-10.257260,1.022240,60.017095,-9.561848,1.001868,60.019668,-5.457900,0.997517,60.019443,-6.274272,0.986800,60.019931,-6.195823,0.999378,60.020420,-6.020446,0.997085,60.022300,-7.315404,1.013045,60.028915,-6.387294,1.033328,60.031736,-4.582995,1.039875,60.034812,-5.036520,1.039126,60.034787,-5.653043,1.049270,60.030461,-0.290068,0.991052,60.029839,-1.296061,1.032729,60.031875,-2.428157,1.047493,60.032069,1.566249,1.042759,60.032122,1.388615,1.038173,60.031766,-4.475833,1.074595,60.057128,0.276842,1.066108,60.045796,-2.362081,1.048926,60.040751,-4.592233,1.065764,60.045452,0.319868,1.064550,60.045351,2.606634,1.062648,60.064738,1.123151,0.963276,60.015217,-0.707037,0.965928,60.016947,1.782977,0.992927,60.030045,4.260421,1.009159,60.029125,3.214108,1.042380,60.032177,6.048901,1.055093,60.032658,8.487189,1.038688,60.068631,5.867163,1.036267,60.045076,8.528661,1.028734,60.016026,-9.024933,1.000148,1.000058,1.000144,1.000444,1.000385,1.001616,1.000701,1.001544,-42.421063,0.000000,5.432806,12.402530,4.602875,16.163079,21.471889,-35.314696,0.000000,447.800150,209.391350,467.503357,6.717002,286.592096,294.652499,141.504847,562.436988,245.394482,221.661074,276.382253,200.614467,124.488442,251.663684,184.493662,253.902685,8.239523,988.742731,0.000000,164.790455,75.230425,157.625653,78.812826,137.026846,28.927890,26.868009,92.246831,102.994034,75.767785,-82.574348,42.272334,15.225205,67.617823,24.718568,24.091648,4.119761,223.900075
1.180000,1.053780,60.034189,-5.736133,1.076319,60.060110,-0.291378,0.000000,60.000000,0.000000,0.982412,60.023393,-9.669411,0.989467,60.021742,-8.609484,0.992223,60.021519,-7.988651,0.983644,60.021341,-9.949275,0.983237,60.021259,-10.379731,1.022145,60.019259,-9.697709,1.001826,60.022341,-5.572952,0.997473,60.022094,-6.391045,0.986752,60.022613,-6.308939,0.999328,60.023132,-6.129902,0.997006,60.025110,-7.410869,1.012905,60.032104,-6.433391,1.033187,60.035095,-4.608003,1.039698,60.038293,-5.038808,1.038949,60.038262,-5.655537,1.049190,60.033914,-0.323858,0.990989,60.033278,-1.334403,1.032593,60.035237,-2.452155,1.047367,60.035443,1.543697,1.042621,60.035490,1.366418,1.038032,60.035122,-4.500639,1.074318,60.061267,0.438406,1.065856,60.049761,-2.283019,1.048682,60.044479,-4.550603,1.065625,60.049689,0.397643,1.064448,60.049704,2.684187,1.062502,60.069622,1.342890,0.963288,60.017722,-0.854927,0.965928,60.019534,1.647913,0.992879,60.033584,4.224010,1.009108,60.032557,3.170574,1.042290,60.035573,6.027218,1.054932,60.036029,8.468861,1.038434,60.072831,6.111961,1.036244,60.049702,8.605438,1.028614,60.017944,-9.169601,1.000173,1.000088,1.000180,1.000507,1.000442,1.001714,1.000795,1.001673,-42.383170,0.000000,5.471306,12.576488,4.750127,16.851825,21.763682,-34.650700,0.000000,447.800150,209.391350,467.503357,6.717002,286.592096,294.652499,141.504847,562.436988,245.394482,221.661074,276.382253,200.614467,124.488442,251.663684,184.493662,253.902685,8.239523,988.742731,0.000000,164.790455,75.230425,157.625653,78.812826,137.026846,28.927890,26.868009,92.246831,102.994034,75.767785,-82.574348,42.272334,15.225205,67.617823,24.718568,24.091648,4.119761,223.900075
1.200000,1.053269,60.036844,-5.773596,1.075920,60.063852,-0.137127,0.000000,60.000000,0.000000,0.982336,60.026174,-9.784151,0.989413,60.024441,-8.736488,0.992174,60.024218,-8.117264,0.983585,60.023991,-10.079385,0.983174,60.023886,-10.510538,1.022040,60.021511,-9.844601,1.001779,60.025115,-5.695310,0.997424,60.024844,-6.515292,0.986697,60.025389,-6.429328,0.999270,60.025935,-6.246428,0.996915,60.027986,-7.512813,1.012739,60.035292,-6.483534,1.033016,60.038427,-4.635949,1.039483,60.041701,-5.043359,1.038732,60.041663,-5.660340,1.049091,60.037387,-0.359696,0.990913,60.036755,-1.374812,1.032429,60.038577,-2.479043,1.047216,60.038805,1.518389,1.042456,60.038843,1.341403,1.037861,60.038451,-4.528403,1.073981,60.064939,0.600684,1.065538,60.053497,-2.203432,1.048382,60.048047,-4.509844,1.065408,60.053759,0.478184,1.064267,60.053911,2.765439,1.062303,60.073967,1.568397,0.963308,60.020387,-1.011067,0.965932,60.022279,1.505180,0.992818,60.037161,4.186251,1.009052,60.036059,3.125069,1.042179,60.038968,6.002990,1.054748,60.039395,8.447784,1.038133,60.076319,6.356805,1.036145,60.054230,8.688094,1.028482,60.019949,-9.327073,1.000200,1.000124,1.000221,1.000572,1.000502,1.001785,1.000889,1.001785,-42.348350,0.000000,5.512080,12.763856,4.908238,17.562759,22.081683,-33.948919,0.000000,447.800150,209.391350,467.503357,6.717002,286.592096,294.652499,141.504847,562.436988,245.394482,221.661074,276.382253,200.614467,124.488442,251.663684,184.493662,253.902685,8.239523,988.742731,0.000000,164.790455,75.230425,157.625653,78.812826,137.026846,28.927890,26.868009,92.246831,102.994034,75.767785,-82.574348,42.272334,15.225205,67.617823,24.718568,24.091648,4.119761,223.900075
1.220000,1.052716,60.039357,-5.818314,1.075470,60.067111,0.016166,0.000000,60.000000,0.000000,0.982241,60.029021,-9.904308,0.989343,60.027226,-8.869414,0.992110,60.027007,-8.251779,0.983513,60.026726,-10.215776,0.983098,60.026595,-10.647801,1.021923,60.023841,-10.000667,1.001717,60.027979,-5.823028,0.997360,60.027683,-6.645074,0.986626,60.028250,-6.555086,0.999196,60.028818,-6.368154,0.996802,60.030916,-7.619545,1.012540,60.038460,-6.536550,1.032809,60.041710,-4.665859,1.039224,60.045011,-5.049544,1.038471,60.044967,-5.666828,1.048968,60.040857,-0.396275,0.990819,60.040248,-1.415847,1.032231,60.041872,-2.507818,1.047031,60.042128,1.491380,1.042259,60.042156,1.314623,1.037655,60.041731,-4.558152,1.073587,60.068110,0.761416,1.065154,60.056970,-2.123859,1.048025,60.051428,-4.469969,1.065110,60.057625,0.561382,1.064002,60.057934,2.850428,1.062055,60.077714,1.796780,0.963326,60.023206,-1.173065,0.965934,60.025171,1.357133,0.992740,60.040752,4.148581,1.008986,60.039610,3.079265,1.042036,60.042335,5.977345,1.054539,60.042729,8.425064,1.037791,60.079072,6.597715,1.035965,60.058617,8.776992,1.028340,60.022029,-9.495508,1.000229,1.000166,1.000266,1.000638,1.000563,1.001830,1.000982,1.001880,-42.318218,0.000000,5.554635,12.962632,5.075649,18.281932,22.423409,-33.219052,0.000000,447.800150,209.391350,467.503357,6.717002,286.592096,294.652499,141.504847,562.436988,245.394482,221.661074,276.382253,200.614467,124.488442,251.663684,184.493662,253.902685,8.239523,988.742731,0.000000,164.790455,75.230425,157.625653,78.812826,137.026846,28.927890,26.868009,92.246831,102.994034,75.767785,-82.574348,42.272334,15.225205,67.617823,24.718568,24.091648,4.119761,223.900075
1.240000,1.052126,60.041720,-5.870039,1.074974,60.069871,0.166252,0.000000,60.000000,0.000000,0.982122,60.031929,-10.028120,0.989254,60.030089,-9.006361,0.992027,60.029879,-8.390265,0.983420,60.029539,-10.356552,0.983001,60.029382,-10.789635,1.021791,60.026242,-10.164062,1.001635,60.030927,-5.954175,0.997276,60.030606,-6.778462,0.986533,60.031188,-6.684321,0.999099,60.031773,-6.493225,0.996663,60.033892,-7.729399,1.012304,60.041596,-6.591324,1.032562,60.044930,-4.696837,1.038918,60.048211,-5.056816,1.038164,60.048158,-5.674458,1.048816,60.044307,-0.432380,0.990703,60.043740,-1.456158,1.031992,60.045106,-2.537565,1.046808,60.045396,1.463629,1.042026,60.045414,1.287027,1.037410,60.044949,-4.588987,1.073141,60.070768,0.918242,1.064705,60.060164,-2.044958,1.047610,60.054605,-4.431089,1.064730,60.061260,0.646958,1.063653,60.061743,2.939004,1.061762,60.080831,2.024891,0.963337,60.026172,-1.338530,0.965925,60.028201,1.206107,0.992642,60.044339,4.112329,1.008906,60.043191,3.034742,1.041855,60.045652,5.951299,1.054301,60.046012,8.401702,1.037413,60.081097,6.830734,1.035700,60.062829,8.872278,1.028188,60.024177,-9.673086,1.000260,1.000213,1.000316,1.000704,1.000626,1.001849,1.001075,1.001957,-42.294361,0.000000,5.598475,13.170685,5.250758,18.995819,22.786133,-32.471212,0.000000,447.800150,209.391350,467.503357,6.717002,286.592096,294.652499,141.504847,562.436988,245.394482,221.661074,276.382253,200.614467,124.488442,251.663684,184.493662,253.902685,8.239523,988.742731,0.000000,164.790455,75.230425,157.625653,78.812826,137.026846,28.927890,26.868009,92.246831,102.994034,75.767785,-82.574348,42.272334,15.225205,67.617823,24.718568,24.091648,4.119761,223.900075
1.260000,1.051506,60.043928,-5.928535,1.074439,60.072127,0.310855,0.000000,60.000000,0.000000,0.981975,60.034891,-10.153831,0.989139,60.033027,-9.145440,0.991919,60.032830,-8.530801,0.983303,60.032426,-10.499824,0.982880,60.032240,-10.934163,1.021644,60.028711,-10.332946,1.001528,60.033950,-6.086839,0.997166,60.033605,-6.913544,0.986414,60.034198,-6.815161,0.998976,60.034793,-6.619805,0.996494,60.036908,-7.840728,1.012028,60.044691,-6.646783,1.032272,60.048076,-4.728041,1.038563,60.051288,-5.064680,1.037807,60.051228,-5.682737,1.048632,60.047722,-0.466879,0.990562,60.047216,-1.494477,1.031710,60.048268,-2.567429,1.046543,60.048595,1.436019,1.041752,60.048602,1.259495,1.037123,60.048093,-4.620066,1.072648,60.072914,1.068811,1.064191,60.063068,-1.967446,1.047136,60.057570,-4.393369,1.064265,60.064647,0.734513,1.063215,60.065318,3.030878,1.061429,60.083305,2.249468,0.963336,60.029278,-1.505089,0.965902,60.031362,1.054407,0.992520,60.047902,4.078719,1.008808,60.046784,2.992982,1.041630,60.048905,5.925772,1.054032,60.049230,8.378611,1.037004,60.082421,7.052072,1.035349,60.066838,8.973909,1.028026,60.026389,-9.857992,1.000293,1.000266,1.000370,1.000770,1.000691,1.001846,1.001166,1.002015,-42.278316,0.000000,5.643114,13.385779,5.431924,19.691577,23.166877,-31.715811,0.000000,447.800150,209.391350,467.503357,6.717002,286.592096,294.652499,141.504847,562.436988,245.394482,221.661074,276.382253,200.614467,124.488442,251.663684,184.493662,253.902685,8.239523,988.742731,0.000000,164.790455,75.230425,157.625653,78.812826,137.026846,28.927890,26.868009,92.246831,102.994034,75.767785,-82.574348,42.272334,15.225205,67.617823,24.718568,24.091648,4.119761,223.900075
1.280000,1.050863,60.045983,-5.993549,1.073870,60.073888,0.447744,0.000000,60.000000,0.000000,0.981797,60.037903,-10.279713,0.988996,60.036032,-9.284785,0.991784,60.035852,-8.671492,0.983158,60.035381,-10.643722,0.982732,60.035167,-11.079525,1.021481,60.031244,-10.505491,1.001392,60.037043,-6.219143,0.997029,60.036675,-7.048438,0.986264,60.037272,-6.945763,0.998823,60.037873,-6.746091,0.996291,60.039957,-7.951916,1.011709,60.047738,-6.701893,1.031939,60.051141,-4.758679,1.038160,60.054238,-5.072681,1.037402,60.054170,-5.691212,1.048415,60.051089,-0.498725,0.990393,60.050661,-1.529625,1.031383,60.051349,-2.596611,1.046233,60.051715,1.409363,1.041436,60.051710,1.232839,1.036791,60.051155,-4.650598,1.072114,60.074564,1.210865,1.063616,60.065681,-1.892059,1.046608,60.060319,-4.356997,1.063717,60.067772,0.823559,1.062690,60.068642,3.125643,1.061061,60.085133,2.467222,0.963318,60.032515,-1.670414,0.965860,60.034643,0.904286,0.992373,60.051425,4.048868,1.008689,60.050374,2.955362,1.041359,60.052081,5.901599,1.053730,60.052371,8.356622,1.036572,60.083085,7.258221,1.034909,60.070619,9.081665,1.027857,60.028664,-10.048415,1.000328,1.000324,1.000428,1.000837,1.000757,1.001822,1.001254,1.002054,-42.271544,0.000000,5.688070,13.605588,5.617471,20.357279,23.562414,-30.963426,0.000000,447.800150,209.391350,467.503357,6.717002,286.592096,294.652499,141.504847,562.436988,245.394482,221.661074,276.382253,200.614467,124.488442,251.663684,184.493662,253.902685,8.239523,988.742731,0.000000,164.790455,75.230425,157.625653,78.812826,137.026846,28.927890,26.868009,92.246831,102.994034,75.767785,-82.574348,42.272334,15.225205,67.617823,24.718568,24.091648,4.119761,223.900075
1.300000,1.050204,60.047892,-6.064793,1.073275,60.075171,0.574786,0.000000,60.000000,0.000000,0.981585,60.040958,-10.404075,0.988823,60.039099,-9.422574,0.991618,60.038939,-8.810490,0.982984,60.038400,-10.786419,0.982556,60.038155,-11.223901,1.021302,60.033837,-10.679891,1.001225,60.040198,-6.349261,0.996860,60.039806,-7.181314,0.986083,60.040403,-7.074337,0.998637,60.041004,-6.870333,0.996053,60.043032,-8.061394,1.011349,60.050731,-6.755669,1.031561,60.054118,-4.788008,1.037710,60.057056,-5.080400,1.036949,60.056980,-5.699459,1.048164,60.054395,-0.526962,0.990195,60.054062,-1.560525,1.031012,60.054342,-2.624369,1.045877,60.054745,1.384407,1.041077,60.054730,1.207802,1.036416,60.054129,-4.679839,1.071548,60.075741,1.342287,1.062985,60.068005,-1.819527,1.046027,60.062852,-4.322173,1.063087,60.070628,0.913531,1.062079,60.071701,3.222789,1.060662,60.086325,2.674906,0.963281,60.035873,-1.832252,0.965796,60.038033,0.757920,0.992201,60.054892,4.023777,1.008548,60.053942,2.923135,1.041041,60.055168,5.879533,1.053396,60.055422,8.336485,1.036121,60.083146,7.446042,1.034380,60.074148,9.195157,1.027683,60.030997,-10.242560,1.000365,1.000387,1.000491,1.000902,1.000825,1.001779,1.001340,1.002074,-42.275405,0.000000,5.732876,13.827727,5.805693,20.982115,23.969278,-30.224663,0.000000,447.800150,209.391350,467.503357,6.717002,286.592096,294.652499,141.504847,562.436988,245.394482,221.661074,276.382253,200.614467,124.488442,251.663684,184.493662,253.902685,8.239523,988.742731,0.000000,164.790455,75.230425,157.625653,78.812826,137.026846,28.927890,26.868009,92.246831,102.994035,75.767785,-82.574348,42.272334,15.225205,67.617823,24.718568,24.091648,4.119761,223.900075
1.320000,1.049538,60.049663,-6.141934,1.072661,60.076000,0.689991,0.000000,60.000000,0.000000,0.981339,60.044050,-10.525290,0.988618,60.042220,-9.557052,0.991422,60.042084,-8.946014,0.982780,60.041474,-10.926145,0.982349,60.041198,-11.365525,1.021109,60.036487,-10.854380,1.001025,60.043404,-6.475443,0.996659,60.042991,-7.310415,0.985867,60.043581,-7.199166,0.998418,60.044178,-6.990853,0.995779,60.046126,-8.167659,1.010948,60.053664,-6.807179,1.031141,60.057000,-4.815342,1.037215,60.059740,-5.087450,1.036452,60.059656,-5.707092,1.047878,60.057627,-0.550737,0.989968,60.057404,-1.586209,1.030596,60.057240,-2.650020,1.045478,60.057680,1.361826,1.040677,60.057653,1.185062,1.035999,60.057009,-4.707103,1.070956,60.076474,1.461153,1.062303,60.070046,-1.750557,1.045399,60.065170,-4.289098,1.062379,60.073206,1.003803,1.061384,60.074484,3.321710,1.060237,60.086903,2.869378,0.963223,60.039337,-1.988443,0.965708,60.041519,0.617386,0.992003,60.058288,4.004318,1.008383,60.057471,2.897419,1.040676,60.058157,5.860240,1.053028,60.058376,8.318869,1.035659,60.082669,7.612824,1.033764,60.077405,9.313832,1.027504,60.033389,-10.438657,1.000404,1.000455,1.000557,1.000967,1.000893,1.001720,1.001421,1.002074,-42.291141,0.000000,5.777079,14.049773,5.994864,21.556562,24.383782,-29.510007,0.000000,447.800150,209.391350,467.503357,6.717002,286.592096,294.652499,141.504847,562.436988,245.394482,221.661074,276.382253,200.614467,124.488442,251.663684,184.493662,253.902685,8.239523,988.742731,0.000000,164.790455,75.230425,157.625653,78.812826,137.026846,28.927890,26.868009,92.246831,102.994035,75.767785,-82.574348,42.272334,15.225205,67.617823,24.718568,24.091648,4.119761,223.900075
1.340000,1.048874,60.051308,-6.224591,1.072035,60.076406,0.791547,0.000000,60.000000,0.000000,0.981059,60.047169,-10.641810,0.988382,60.045385,-9.686546,0.991194,60.045275,-9.076372,0.982546,60.044595,-11.061214,0.982114,60.044288,-11.502715,1.020901,60.039189,-11.027245,1.000794,60.046653,-6.596035,0.996426,60.046219,-7.434075,0.985619,60.046798,-7.318622,0.998166,60.047384,-7.106061,0.995471,60.049230,-8.269288,1.010508,60.056531,-6.855559,1.030682,60.059783,-4.840059,1.036680,60.062286,-5.093487,1.035914,60.062196,-5.713759,1.047560,60.060774,-0.569309,0.989712,60.060674,-1.605839,1.030140,60.060037,-2.672950,1.045038,60.060511,1.342220,1.040237,60.060474,1.165219,1.035543,60.059790,-4.731767,1.070347,60.076802,1.565762,1.061577,60.071813,-1.685823,1.044729,60.067279,-4.257967,1.061597,60.075505,1.093690,1.060609,60.076985,3.421711,1.059792,60.086892,3.047652,0.963142,60.042894,-2.136958,0.965594,60.045086,0.484632,0.991780,60.061596,3.991229,1.008195,60.060944,2.879176,1.040268,60.061039,5.844301,1.052629,60.061225,8.304360,1.035193,60.081726,7.756337,1.033063,60.080373,9.436973,1.027324,60.035837,-10.634972,1.000446,1.000528,1.000626,1.001031,1.000962,1.001649,1.001497,1.002055,-42.319842,0.000000,5.820243,14.269298,6.183246,22.072517,24.802037,-28.829682,0.000000,447.800150,209.391350,467.503357,6.717002,286.592096,294.652499,141.504847,562.436988,245.394482,221.661074,276.382253,200.614467,124.488442,251.663684,184.493662,253.902685,8.239523,988.742731,0.000000,164.790455,75.230425,157.625653,78.812826,137.026846,28.927890,26.868009,92.246831,102.994035,75.767785,-82.574348,42.272334,15.225205,67.617823,24.718568,24.091648,4.119761,223.900075
1.360000,1.048220,60.052839,-6.312325,1.071405,60.076424,0.877855,0.000000,60.000000,0.000000,0.980748,60.050306,-10.752187,0.988115,60.048584,-9.809494,0.990936,60.048504,-9.199980,0.982282,60.047753,-11.190040,0.981849,60.047416,-11.633883,1.020681,60.041938,-11.196843,1.000530,60.049931,-6.709495,0.996161,60.049479,-7.550741,0.985337,60.050042,-7.431189,0.997881,60.050612,-7.214479,0.995130,60.052335,-8.364957,1.010034,60.059325,-6.900020,1.030187,60.062462,-4.861604,1.036109,60.064696,-5.098206,1.035340,60.064600,-5.719151,1.047211,60.063823,-0.582057,0.989429,60.063857,-1.618710,1.029646,60.062728,-2.692616,1.044559,60.063232,1.326107,1.039761,60.063186,1.148798,1.035050,60.062466,-4.753278,1.069730,60.076766,1.654668,1.060815,60.073319,-1.625951,1.044026,60.069185,-4.228969,1.060748,60.077523,1.182462,1.059760,60.079197,3.522017,1.059331,60.086332,3.206951,0.963038,60.046527,-2.275910,0.965453,60.048717,0.361457,0.991534,60.064801,3.985105,1.007985,60.064341,2.869204,1.039820,60.063808,5.832206,1.052202,60.063961,8.293458,1.034730,60.080394,7.874863,1.032282,60.083034,9.563708,1.027143,60.038338,-10.829821,1.000489,1.000604,1.000699,1.001093,1.001030,1.001568,1.001568,1.002018,-42.362438,0.000000,5.861955,14.483892,6.369097,22.523383,25.219991,-28.193491,0.000000,447.800150,209.391350,467.503357,6.717002,286.592096,294.652499,141.504847,562.436988,245.394482,221.661074,276.382253,200.614467,124.488442,251.663684,184.493662,253.902685,8.239523,988.742731,0.000000,164.790455,75.230425,157.625653,78.812826,137.026846,28.927890,26.868009,92.246831,102.994035,75.767785,-82.574348,42.272334,15.225205,67.617823,24.718568,24.091648,4.119761,223.900075
1.380000,1.047585,60.054271,-6.404644,1.070776,60.076094,0.947552,0.000000,60.000000,0.000000,0.980405,60.053451,-10.855089,0.987819,60.051806,-9.924451,0.990648,60.051757,-9.315380,0.981990,60.050938,-11.311154,0.981557,60.050571,-11.757559,1.020451,60.044728,-11.361611,1.000236,60.053228,-6.814416,0.995867,60.052760,-7.658990,0.985025,60.053301,-7.535482,0.997566,60.053850,-7.314757,0.994758,60.055431,-8.453458,1.009529,60.062042,-6.939860,1.029661,60.065032,-4.879503,1.035508,60.066968,-5.101350,1.034736,60.066868,-5.723005,1.046834,60.066764,-0.588486,0.989120,60.066939,-1.624263,1.029120,60.065308,-2.708556,1.044047,60.065840,1.313923,1.039254,60.065784,1.136239,1.034527,60.065034,-4.771158,1.069113,60.076411,1.726699,1.060024,60.074577,-1.571514,1.043295,60.070897,-4.202282,1.059839,60.079262,1.269352,1.058844,60.081117,3.621784,1.058861,60.085265,3.344757,0.962911,60.050219,-2.403581,0.965286,60.052394,0.249492,0.991266,60.067891,3.986392,1.007753,60.067643,2.868122,1.039335,60.066457,5.824355,1.051748,60.066580,8.286577,1.034275,60.078754,7.967213,1.031426,60.085376,9.693019,1.026965,60.040891,-11.021579,1.000534,1.000684,1.000774,1.001153,1.001098,1.001481,1.001632,1.001964,-42.419668,0.000000,5.901823,14.691198,6.550684,22.904123,25.633458,-27.610678,0.000000,447.800150,209.391350,467.503357,6.717002,286.592096,294.652499,141.504847,562.436988,245.394482,221.661074,276.382253,200.614467,124.488442,251.663684,184.493662,253.902685,8.239523,988.742731,0.000000,164.790455,75.230425,157.625653,78.812826,137.026846,28.927890,26.868009,92.246831,102.994035,75.767785,-82.574348,42.272334,15.225205,67.617823,24.718568,24.091648,4.119761,223.900075
1.400000,1.046976,60.055620,-6.500995,1.070157,60.075463,0.999533,0.000000,60.000000,0.000000,0.980035,60.056592,-10.949314,0.987496,60.055039,-10.030116,0.990333,60.055022,-9.421256,0.981671,60.054137,-11.423225,0.981240,60.053741,-11.872404,1.020213,60.047554,-11.520084,0.999914,60.056528,-6.909537,0.995544,60.056046,-7.757545,0.984683,60.056561,-7.630255,0.997222,60.057086,-7.405685,0.994358,60.058507,-8.533709,1.008997,60.064676,-6.974471,1.029108,60.067490,-4.893360,1.034884,60.069103,-5.102711,1.034108,60.068999,-5.725105,1.046433,60.069585,-0.588233,0.988790,60.069907,-1.622091,1.028565,60.067774,-2.720389,1.043506,60.068328,1.306019,1.038719,60.068265,1.127901,1.033977,60.067490,-4.785012,1.068505,60.075786,1.780972,1.059214,60.075604,-1.523027,1.042545,60.072422,-4.178074,1.058878,60.080725,1.353561,1.057869,60.082745,3.720103,1.058385,60.083745,3.458850,0.962761,60.053951,-2.518439,0.965093,60.056099,0.150178,0.990979,60.070850,3.995387,1.007502,60.070834,2.876366,1.038819,60.068980,5.821057,1.051272,60.069077,8.284046,1.033834,60.076887,8.032730,1.030502,60.087388,9.823754,1.026791,60.043493,-11.208695,1.000581,1.000766,1.000850,1.001211,1.001164,1.001390,1.001689,1.001894,-42.492072,0.000000,5.939481,14.888940,6.726295,23.211272,26.038165,-27.089777,0.000000,447.800150,209.391350,467.503357,6.717002,286.592096,294.652499,141.504847,562.436988,245.394482,221.661074,276.382253,200.614467,124.488442,251.663684,184.493662,253.902685,8.239523,988.742731,0.000000,164.790455,75.230425,157.625653,78.812826,137.026846,28.927890,26.868009,92.246831,102.994035,75.767785,-82.574348,42.272334,15.225205,67.617823,24.718568,24.091648,4.119761,223.900075
1.420000,1.046400,60.056901,-6.600770,1.069552,60.074577,1.032972,0.000000,60.000000,0.000000,0.979640,60.059718,-11.033806,0.987148,60.058268,-10.125335,0.989994,60.058285,-9.516446,0.981330,60.057338,-11.525067,0.980900,60.056915,-11.977222,1.019969,60.050408,-11.670901,0.999565,60.059818,-6.993755,0.995195,60.059325,-7.845286,0.984315,60.059810,-7.714421,0.996852,60.060304,-7.486207,0.993934,60.061552,-8.604769,1.008445,60.067219,-7.003345,1.028535,60.069831,-4.902867,1.034242,60.071103,-5.102132,1.033463,60.070996,-5.725287,1.046012,60.072277,-0.581068,0.988440,60.072747,-1.611943,1.027988,60.070121,-2.727822,1.042941,60.070693,1.302656,1.038161,60.070623,1.124053,1.033406,60.069829,-4.794529,1.067912,60.074941,1.816902,1.058392,60.076418,-1.480935,1.041784,60.073772,-4.156499,1.057876,60.081920,1.434272,1.056844,60.084084,3.816017,1.057911,60.081828,3.547357,0.962589,60.057703,-2.619150,0.964875,60.059810,0.064758,0.990676,60.073668,4.012236,1.007234,60.073895,2.894187,1.038278,60.071375,5.822529,1.050776,60.071448,8.286107,1.033412,60.074874,8.071283,1.029519,60.089063,9.954641,1.026624,60.046140,-11.389695,1.000629,1.000850,1.000929,1.001266,1.001229,1.001299,1.001739,1.001809,-42.579973,0.000000,5.974591,15.074950,6.894255,23.442910,26.429799,-26.638480,0.000000,447.800150,209.391350,467.503357,6.717002,286.592096,294.652499,141.504847,562.436988,245.394482,221.661074,276.382253,200.614467,124.488442,251.663684,184.493662,253.902685,8.239523,988.742731,0.000000,164.790455,75.230425,157.625653,78.812826,137.026846,28.927890,26.868009,92.246831,102.994034,75.767785,-82.574348,42.272334,15.225205,67.617823,24.718568,24.091648,4.119761,223.900075
1.440000,1.045864,60.058133,-6.703299,1.068967,60.073486,1.047333,0.000000,60.000000,0.000000,0.979224,60.062816,-11.107662,0.986778,60.061481,-10.209119,0.989632,60.061532,-9.599954,0.980967,60.060528,-11.615651,0.980540,60.060079,-12.070972,1.019720,60.053284,-11.812816,0.999193,60.063083,-7.066141,0.994823,60.062581,-7.921261,0.983923,60.063032,-7.787057,0.996460,60.063493,-7.555430,0.993490,60.064554,-8.665843,1.007877,60.069667,-7.026080,1.027947,60.072053,-4.907801,1.033589,60.072968,-5.099507,1.032806,60.072860,-5.723437,1.045574,60.074829,-0.566897,0.988073,60.075446,-1.593720,1.027394,60.072348,-2.730645,1.042357,60.072932,1.304010,1.037586,60.072857,1.124880,1.032820,60.072050,-4.799484,1.067343,60.073927,1.834209,1.057568,60.077039,-1.445611,1.041020,60.074959,-4.137693,1.056840,60.082855,1.510663,1.055779,60.085138,3.908537,1.057440,60.079579,3.608781,0.962397,60.061453,-2.704591,0.964632,60.063508,-0.005740,0.990360,60.076332,4.036936,1.006951,60.076809,2.921645,1.037715,60.073637,5.828901,1.050265,60.073692,8.292918,1.033013,60.072792,8.083239,1.028485,60.090399,10.084314,1.026465,60.048828,-11.563196,1.000679,1.000936,1.001008,1.001318,1.001292,1.001209,1.001779,1.001711,-42.683466,0.000000,6.006843,15.247196,7.052934,23.598602,26.804060,-26.263507,0.000000,447.800150,209.391350,467.503357,6.717002,286.592096,294.652499,141.504847,562.436988,245.394482,221.661074,276.382253,200.614467,124.488442,251.663684,184.493662,253.902685,8.239523,988.742731,0.000000,164.790455,75.230425,157.625653,78.812826,137.026846,28.927890,26.868009,92.246831,102.994034,75.767785,-82.574348,42.272334,15.225205,67.617823,24.718568,24.091648,4.119761,223.900075
1.460000,1.045375,60.059332,-6.807861,1.068406,60.072243,1.042382,0.000000,60.000000,0.000000,0.978790,60.065872,-11.170136,0.986390,60.064663,-10.280645,0.989250,60.064749,-9.670955,0.980586,60.063693,-11.694116,0.980163,60.063221,-12.152778,1.019470,60.056173,-11.944706,0.998801,60.066307,-7.125937,0.994432,60.065800,-7.984692,0.983511,60.066213,-7.847413,0.996048,60.066637,-7.612632,0.993028,60.067500,-8.716290,1.007299,60.072015,-7.042377,1.027349,60.074153,-4.908028,1.032932,60.074703,-5.094781,1.032145,60.074595,-5.719493,1.045124,60.077233,-0.545754,0.987695,60.077994,-1.567479,1.026789,60.074450,-2.728738,1.041761,60.075044,1.310170,1.037000,60.074965,1.130482,1.032224,60.074149,-4.799740,1.066804,60.072794,1.832912,1.056750,60.077487,-1.417351,1.040261,60.075994,-4.121775,1.055783,60.083542,1.581921,1.054685,60.085916,3.996656,1.056979,60.077065,3.642039,0.962185,60.065182,-2.773857,0.964367,60.067170,-0.060507,0.990033,60.078832,4.069343,1.006657,60.079560,2.958618,1.037137,60.075765,5.840212,1.049743,60.075805,8.304556,1.032640,60.070713,8.069435,1.027411,60.091394,10.211327,1.026316,60.051555,-11.727909,1.000730,1.001023,1.001087,1.001366,1.001352,1.001125,1.001811,1.001603,-42.802411,0.000000,6.035958,15.403812,7.200771,23.679306,27.156716,-25.970493,0.000000,447.800150,209.391350,467.503357,6.717002,286.592096,294.652499,141.504847,562.436988,245.394482,221.661074,276.382253,200.614467,124.488442,251.663684,184.493662,253.902685,8.239523,988.742731,0.000000,164.790455,75.230425,157.625653,78.812826,137.026846,28.927890,26.868009,92.246831,102.994034,75.767785,-82.574348,42.272334,15.225205,67.617823,24.718568,24.091648,4.119761,223.900075
1.480000,1.044935,60.060516,-6.913675,1.067873,60.070899,1.018192,0.000000,60.000000,0.000000,0.978341,60.068874,-11.220649,0.985985,60.067799,-10.339264,0.988853,60.067920,-9.728800,0.980190,60.066819,-11.759768,0.979771,60.066326,-12.221925,1.019220,60.059068,-12.065572,0.998391,60.069475,-7.172570,0.994023,60.068967,-8.034982,0.983082,60.069338,-7.894915,0.995620,60.069722,-7.657263,0.992554,60.070380,-8.755622,1.006716,60.074259,-7.052047,1.026747,60.076129,-4.903497,1.032277,60.076311,-5.087946,1.031487,60.076203,-5.713440,1.044666,60.079483,-0.517799,0.987308,60.080381,-1.533422,1.026179,60.076427,-2.722064,1.041158,60.077025,1.321142,1.036406,60.076944,1.140874,1.031623,60.076124,-4.795244,1.066299,60.071594,1.813321,1.055947,60.077784,-1.396366,1.039514,60.076892,-4.108837,1.054715,60.083995,1.647256,1.053574,60.086429,4.079369,1.056531,60.074359,3.646484,0.961956,60.068867,-2.826267,0.964082,60.070775,-0.098960,0.989699,60.081160,4.109174,1.006354,60.082135,3.004808,1.036550,60.077756,5.856419,1.049214,60.077788,8.321013,1.032294,60.068704,8.031136,1.026308,60.092054,10.334185,1.026179,60.054315,-11.882645,1.000783,1.001110,1.001165,1.001411,1.001408,1.001047,1.001834,1.001485,-42.936425,0.000000,6.061690,15.543115,7.336282,23.687262,27.483666,-25.763887,0.000000,447.800150,209.391350,467.503357,6.717002,286.592096,294.652499,141.504847,562.436988,245.394482,221.661074,276.382253,200.614467,124.488442,251.663684,184.493662,253.902685,8.239523,988.742731,0.000000,164.790455,75.230425,157.625653,78.812826,137.026846,28.927890,26.868009,92.246831,102.994034,75.767785,-82.574348,42.272334,15.225205,67.617823,24.718568,24.091648,4.119761,223.900075
1.500000,1.044549,60.061702,-7.019911,1.067370,60.069508,0.975139,0.000000,60.000000,0.000000,0.977882,60.071810,-11.258785,0.985568,60.070877,-10.384502,0.988442,60.071031,-9.773018,0.979783,60.069893,-11.812085,0.979369,60.069383,-12.277870,1.018973,60.061961,-12.174543,0.997968,60.072573,-7.205646,0.993601,60.072067,-8.071710,0.982640,60.072394,-7.929163,0.995179,60.072734,-7.688946,0.992071,60.073182,-8.783511,1.006134,60.076393,-7.055000,1.026148,60.077982,-4.894241,1.031630,60.077795,-5.079041,1.030836,60.077688,-5.705308,1.044205,60.081572,-0.483313,0.986916,60.082597,-1.491891,1.025568,60.078279,-2.710666,1.040552,60.078877,1.336848,1.035811,60.078795,1.155992,1.031024,60.077976,-4.786025,1.065833,60.070375,1.776032,1.055165,60.077952,-1.382782,1.038786,60.077665,-4.098950,1.053647,60.084230,1.705916,1.052456,60.086691,4.155690,1.056098,60.071535,3.621926,0.961711,60.072488,-2.861366,0.963777,60.074302,-0.120740,0.989361,60.083309,4.156021,1.006046,60.084521,3.059747,1.035959,60.079609,5.877399,1.048682,60.079638,8.342206,1.031977,60.066825,7.969981,1.025189,60.092387,10.451373,1.026055,60.057105,-12.026316,1.000836,1.001196,1.001243,1.001452,1.001461,1.000977,1.001847,1.001362,-43.084883,0.000000,6.083828,15.663635,7.458083,23.625848,27.780992,-25.646868,0.000000,447.800150,209.391350,467.503357,6.717002,286.592096,294.652499,141.504847,562.436988,245.394482,221.661074,276.382253,200.614467,124.488442,251.663684,184.493662,253.902685,8.239523,988.742731,0.000000,164.790455,75.230425,157.625653,78.812826,137.026846,28.927890,26.868009,92.246831,102.994034,75.767785,-82.574348,42.272334,15.225205,67.617823,24.718568,24.091648,4.119761,223.900075
1.520000,1.044220,60.062907,-7.125690,1.066900,60.068121,0.913900,0.000000,60.000000,0.000000,0.977416,60.074666,-11.284291,0.985143,60.073883,-10.416057,0.988023,60.074069,-9.803315,0.979367,60.072902,-11.850715,0.978959,60.072378,-12.320236,1.018730,60.064844,-12.270881,0.997534,60.075586,-7.224951,0.993169,60.075085,-8.094638,0.982188,60.075367,-7.949937,0.994729,60.075661,-7.707478,0.991584,60.075895,-8.799780,1.005557,60.078415,-7.051249,1.025556,60.079710,-4.880367,1.030998,60.079161,-5.068144,1.030200,60.079057,-5.695168,1.043744,60.083495,-0.442686,0.986523,60.084635,-1.443359,1.024963,60.080004,-2.694665,1.039951,60.080598,1.357138,1.035219,60.080517,1.175695,1.030433,60.079705,-4.772187,1.065410,60.069183,1.721903,1.054413,60.078015,-1.376633,1.038085,60.078330,-4.092150,1.052592,60.084267,1.757204,1.051346,60.086718,4.224675,1.055685,60.068668,3.568640,0.961453,60.076025,-2.878922,0.963457,60.077731,-0.125715,0.989022,60.085274,4.209356,1.005736,60.086707,3.122812,1.035369,60.081326,5.902950,1.048150,60.081358,8.367973,1.031690,60.065128,7.887930,1.024066,60.092406,10.561376,1.025944,60.059920,-12.157945,1.000891,1.001281,1.001319,1.001489,1.001510,1.000917,1.001851,1.001234,-43.246920,0.000000,6.102195,15.764127,7.564903,23.499433,28.045026,-25.621282,0.000000,447.800150,209.391350,467.503357,6.717002,286.592096,294.652499,141.504847,562.436988,245.394482,221.661074,276.382253,200.614467,124.488442,251.663684,184.493662,253.902685,8.239523,988.742731,0.000000,164.790455,75.230425,157.625653,78.812826,137.026846,28.927890,26.868009,92.246831,102.994034,75.767785,-82.574348,42.272334,15.225205,67.617823,24.718568,24.091648,4.119761,223.900075
1.540000,1.043948,60.064147,-7.230090,1.066465,60.066788,0.835444,0.000000,60.000000,0.000000,0.976948,60.077433,-11.297075,0.984712,60.076803,-10.433797,0.987597,60.077020,-9.819571,0.978947,60.075832,-11.875475,0.978545,60.075299,-12.348811,1.018494,60.067711,-12.353975,0.997094,60.078500,-7.230448,0.992730,60.078008,-8.103699,0.981731,60.078242,-7.957186,0.994275,60.078488,-7.712823,0.991097,60.078509,-8.804403,1.004992,60.080322,-7.040900,1.024977,60.081314,-4.862055,1.030385,60.080414,-5.055369,1.029585,60.080314,-5.683127,1.043290,60.085251,-0.396408,0.986134,60.086491,-1.388415,1.024370,60.081604,-2.674252,1.039359,60.082189,1.381789,1.034637,60.082110,1.199772,1.029853,60.081310,-4.753906,1.065032,60.068061,1.652037,1.053698,60.077995,-1.377862,1.037417,60.078901,-4.088444,1.051561,60.084125,1.800493,1.050256,60.086532,4.285437,1.055292,60.065834,3.487371,0.961183,60.079456,-2.878927,0.963122,60.081041,-0.113972,0.988686,60.087051,4.268546,1.005428,60.088685,3.193238,1.034787,60.082906,5.932799,1.047624,60.082946,8.398082,1.031433,60.063656,7.787205,1.022953,60.092127,10.662718,1.025849,60.062756,-12.276657,1.000946,1.001364,1.001392,1.001523,1.001554,1.000868,1.001845,1.001104,-43.421431,0.000000,6.116653,15.843593,7.655600,23.313209,28.272404,-25.687593,0.000000,447.800150,209.391350,467.503357,6.717002,286.592096,294.652499,141.504847,562.436988,245.394482,221.661074,276.382253,200.614467,124.488442,251.663684,184.493662,253.902685,8.239523,988.742731,0.000000,164.790455,75.230425,157.625653,78.812826,137.026846,28.927890,26.868009,92.246831,102.994034,75.767785,-82.574348,42.272334,15.225205,67.617823,24.718568,24.091648,4.119761,223.900075
1.560000,1.043734,60.065438,-7.332154,1.066065,60.065557,0.741013,0.000000,60.000000,0.000000,0.976481,60.080099,-11.297198,0.984279,60.079625,-10.437755,0.987169,60.079872,-9.821832,0.978525,60.078673,-11.886342,0.978130,60.078135,-12.363542,1.018266,60.070554,-12.423343,0.996651,60.081303,-7.222267,0.992289,60.080825,-8.098998,0.981272,60.081009,-7.951023,0.993820,60.081206,-7.705108,0.990615,60.081015,-8.797497,1.004444,60.082114,-7.024148,1.024416,60.082797,-4.839548,1.029799,60.081562,-5.040859,1.028995,60.081466,-5.669322,1.042846,60.086838,-0.345059,0.985753,60.088162,-1.327752,1.023793,60.083081,-2.649684,1.038781,60.083653,1.410511,1.034068,60.083578,1.227946,1.029292,60.082795,-4.731422,1.064702,60.067050,1.567758,1.053027,60.077916,-1.386322,1.036788,60.079393,-4.087800,1.050567,60.083827,1.835236,1.049199,60.086153,4.337168,1.054923,60.063107,3.379327,0.960905,60.082763,-2.861585,0.962777,60.084214,-0.085814,0.988356,60.088638,4.332866,1.005126,60.090449,3.270134,1.034217,60.084352,5.966610,1.047108,60.084404,8.432230,1.031207,60.062445,7.670229,1.021863,60.091571,10.753983,1.025768,60.065607,-12.381689,1.001002,1.001444,1.001463,1.001552,1.001593,1.000830,1.001830,1.000976,-43.607084,0.000000,6.127102,15.901287,7.729178,23.073027,28.460122,-25.844867,0.000000,447.800150,209.391350,467.503357,6.717002,286.592096,294.652499,141.504847,562.436988,245.394482,221.661074,276.382253,200.614467,124.488442,251.663684,184.493662,253.902685,8.239523,988.742731,0.000000,164.790455,75.230425,157.625653,78.812826,137.026846,28.927890,26.868009,92.246831,102.994034,75.767785,-82.574348,42.272334,15.225205,67.617823,24.718568,24.091648,4.119761,223.900075
1.580000,1.043579,60.066793,-7.430891,1.065702,60.064472,0.632102,0.000000,60.000000,0.000000,0.976021,60.082655,-11.284865,0.983849,60.082340,-10.428121,0.986743,60.082612,-9.810304,0.978107,60.081414,-11.883448,0.977719,60.080875,-12.364529,1.018048,60.073366,-12.478629,0.996210,60.083983,-7.200703,0.991850,60.083522,-8.080799,0.980816,60.083656,-7.931722,0.993368,60.083803,-7.684616,0.990141,60.083405,-8.779316,1.003918,60.083790,-7.001266,1.023880,60.084162,-4.813146,1.029245,60.082611,-5.024785,1.028438,60.082521,-5.653914,1.042417,60.088256,-0.289295,0.985383,60.089645,-1.262156,1.023239,60.084438,-2.621274,1.038224,60.084991,1.442958,1.033520,60.084922,1.259878,1.028754,60.084161,-4.705033,1.064421,60.066185,1.470587,1.052407,60.077802,-1.401773,1.036205,60.079823,-4.090151,1.049622,60.083398,1.860983,1.048189,60.085607,4.379153,1.054579,60.060558,3.246161,0.960620,60.085928,-2.827310,0.962424,60.087233,-0.041744,0.988036,60.090036,4.401509,1.004833,60.091995,3.352502,1.033666,60.085665,6.003981,1.046607,60.085734,8.470048,1.031010,60.061521,7.539563,1.020813,60.090763,10.833846,1.025703,60.068470,-12.472384,1.001058,1.001520,1.001530,1.001576,1.001628,1.000804,1.001806,1.000851,-43.802328,0.000000,6.133482,15.936734,7.784805,22.785226,28.605591,-26.090767,0.000000,447.800150,209.391350,467.503357,6.717002,286.592096,294.652499,141.504847,562.436988,245.394482,221.661074,276.382253,200.614467,124.488442,251.663684,184.493662,253.902685,8.239523,988.742731,0.000000,164.790455,75.230425,157.625653,78.812826,137.026846,28.927890,26.868009,92.246831,102.994034,75.767785,-82.574348,42.272334,15.225205,67.617823,24.718568,24.091648,4.119761,223.900075
1.600000,1.043479,60.068225,-7.525294,1.065376,60.063575,0.510439,0.000000,60.000000,0.000000,0.975571,60.085093,-11.260419,0.983426,60.084936,-10.405232,0.986322,60.085232,-9.785347,0.977695,60.084045,-11.867073,0.977315,60.083511,-12.352015,1.017842,60.076141,-12.519596,0.995774,60.086529,-7.166202,0.991417,60.086091,-8.049518,0.980366,60.086174,-7.899704,0.992924,60.086269,-7.651771,0.989681,60.085672,-8.750240,1.003419,60.085351,-6.972601,1.023374,60.085413,-4.783197,1.028728,60.083570,-5.007333,1.027919,60.083486,-5.637085,1.042009,60.089507,-0.229837,0.985031,60.090942,-1.192484,1.022713,60.085678,-2.589386,1.037693,60.086208,1.478728,1.032998,60.086146,1.295179,1.028245,60.085414,-4.675085,1.064190,60.065498,1.362206,1.051845,60.077673,-1.423886,1.035674,60.080206,-4.095391,1.048738,60.082864,1.877388,1.047239,60.084919,4.410788,1.054262,60.058256,3.089951,0.960332,60.088936,-2.776710,0.962066,60.090081,0.017539,0.987730,60.091245,4.473603,1.004554,60.093323,3.439254,1.033138,60.086849,6.044461,1.046125,60.086938,8.511109,1.030844,60.060904,7.397852,1.019815,60.089730,10.901099,1.025654,60.071341,-12.548195,1.001115,1.001593,1.001593,1.001597,1.001657,1.000790,1.001774,1.000732,-44.005408,0.000000,6.135775,15.949728,7.821818,22.456471,28.706678,-26.421580,0.000000,447.800150,209.391350,467.503357,6.717002,286.592096,294.652499,141.504847,562.436988,245.394482,221.661074,276.382253,200.614467,124.488442,251.663684,184.493662,253.902685,8.239523,988.742731,0.000000,164.790455,75.230425,157.625653,78.812826,137.026846,28.927890,26.868009,92.246831,102.994034,75.767785,-82.574348,42.272334,15.225205,67.617823,24.718568,24.091648,4.119761,223.900075
1.620000,1.043435,60.069746,-7.614343,1.065089,60.062901,0.377948,0.000000,60.000000,0.000000,0.975137,60.087406,-11.224332,0.983015,60.087407,-10.369564,0.985913,60.087722,-9.747458,0.977294,60.086559,-11.837632,0.976923,60.086034,-12.326378,1.017650,60.078873,-12.546125,0.995349,60.088934,-7.119351,0.990995,60.088521,-8.005712,0.979929,60.088554,-7.855527,0.992493,60.088598,-7.607136,0.989240,60.087811,-8.710767,1.002953,60.086798,-6.938562,1.022903,60.086554,-4.750093,1.028255,60.084446,-4.988706,1.027443,60.084370,-5.619030,1.041626,60.090596,-0.167458,0.984700,60.092055,-1.119653,1.022222,60.086807,-2.554426,1.037195,60.087308,1.517376,1.032506,60.087253,1.333412,1.027771,60.086557,-4.641965,1.064009,60.065016,1.244435,1.051346,60.077553,-1.452253,1.035201,60.080558,-4.103374,1.047928,60.082250,1.884219,1.046364,60.084117,4.431589,1.053973,60.056262,2.913164,0.960044,60.091770,-2.710582,0.961708,60.092746,0.091159,0.987442,60.092272,4.548226,1.004293,60.094433,3.529230,1.032641,60.087909,6.087548,1.045669,60.088019,8.554931,1.030709,60.060604,7.247765,1.018885,60.088504,10.954672,1.025620,60.074213,-12.608679,1.001172,1.001661,1.001652,1.001614,1.001680,1.000787,1.001734,1.000622,-44.214384,0.000000,6.134004,15.940335,7.839745,22.093596,28.761755,-26.832264,0.000000,447.800150,209.391350,467.503357,6.717002,286.592096,294.652499,141.504847,562.436988,245.394482,221.661074,276.382253,200.614467,124.488442,251.663684,184.493662,253.902685,8.239523,988.742731,0.000000,164.790455,75.230425,157.625653,78.812826,137.026846,28.927890,26.868009,92.246831,102.994034,75.767785,-82.574348,42.272334,15.225205,67.617823,24.718568,24.091648,4.119761,223.900075
1.640000,1.043443,60.071366,-7.697019,1.064841,60.062484,0.236728,0.000000,60.000000,0.000000,0.974724,60.089589,-11.177187,0.982619,60.089744,-10.321718,0.985518,60.090076,-9.697266,0.976910,60.088948,-11.795667,0.976546,60.088439,-12.288122,1.017474,60.081557,-12.558210,0.994940,60.091190,-7.060868,0.990588,60.090807,-7.950067,0.979509,60.090789,-7.799875,0.992080,60.090783,-7.551393,0.988823,60.089818,-8.661501,1.002526,60.088136,-6.899614,1.022473,60.087592,-4.714256,1.027831,60.085250,-4.969116,1.027016,60.085182,-5.599952,1.041273,60.091527,-0.102969,0.984395,60.092991,-1.044624,1.021771,60.087829,-2.516837,1.036735,60.088295,1.558417,1.032053,60.088250,1.374101,1.027338,60.087597,-4.606096,1.063880,60.064763,1.119200,1.050917,60.077462,-1.486383,1.034790,60.080894,-4.113917,1.047204,60.081584,1.881365,1.045575,60.083231,4.441207,1.053713,60.054633,2.718618,0.959759,60.094419,-2.629890,0.961354,60.095215,0.178072,0.987175,60.093120,4.624417,1.004054,60.095329,3.621220,1.032181,60.088848,6.132702,1.045243,60.088981,8.600983,1.030603,60.060625,7.091948,1.018036,60.087117,10.993659,1.025601,60.077085,-12.653498,1.001229,1.001724,1.001706,1.001626,1.001698,1.000795,1.001687,1.000523,-44.427148,0.000000,6.128232,15.908896,7.838308,21.703468,28.769725,-27.316515,0.000000,447.800150,209.391350,467.503357,6.717002,286.592096,294.652499,141.504847,562.436988,245.394482,221.661074,276.382253,200.614467,124.488442,251.663684,184.493662,253.902685,8.239523,988.742731,0.000000,164.790455,75.230425,157.625653,78.812826,137.026846,28.927890,26.868009,92.246831,102.994034,75.767785,-82.574348,42.272334,15.225205,67.617823,24.718568,24.091648,4.119761,223.900075
1.660000,1.043501,60.073090,-7.772316,1.064632,60.062349,0.089008,0.000000,60.000000,0.000000,0.974336,60.091639,-11.119674,0.982245,60.091944,-10.262412,0.985144,60.092287,-9.635517,0.976546,60.091207,-11.741831,0.976191,60.090719,-12.237861,1.017315,60.084190,-12.555950,0.994551,60.093291,-6.991586,0.990202,60.092943,-7.883388,0.979111,60.092876,-7.733548,0.991689,60.092819,-7.485336,0.988434,60.091690,-8.603139,1.002144,60.089367,-6.856267,1.022091,60.088533,-4.676135,1.027461,60.085991,-4.948778,1.026645,60.085932,-5.580061,1.040956,60.092309,-0.037203,0.984122,60.093755,-0.968385,1.021367,60.088752,-2.477089,1.036320,60.089176,1.601335,1.031643,60.089141,1.416737,1.026952,60.088541,-4.567924,1.063801,60.064757,0.988496,1.050564,60.077418,-1.525716,1.034448,60.081229,-4.126804,1.046576,60.080892,1.868834,1.044885,60.082291,4.439432,1.053483,60.053418,2.509433,0.959483,60.096871,-2.535757,0.961008,60.097478,0.277089,0.986934,60.093797,4.701192,1.003842,60.096020,3.713982,1.031763,60.089672,6.179350,1.044855,60.089828,8.648691,1.030529,60.060967,6.932978,1.017283,60.085606,11.017330,1.025598,60.079950,-12.682419,1.001285,1.001781,1.001755,1.001635,1.001711,1.000812,1.001634,1.000437,-44.641447,0.000000,6.118568,15.856016,7.817435,21.292852,28.730055,-27.866864,0.000000,447.800150,209.391350,467.503357,6.717002,286.592096,294.652499,141.504847,562.436988,245.394482,221.661074,276.382253,200.614467,124.488442,251.663684,184.493662,253.902685,8.239523,988.742731,0.000000,164.790455,75.230425,157.625653,78.812826,137.026846,28.927890,26.868009,92.246831,102.994034,75.767785,-82.574348,42.272334,15.225205,67.617823,24.718568,24.091648,4.119761,223.900075
1.680000,1.043606,60.074927,-7.839251,1.064465,60.062518,-0.062882,0.000000,60.000000,0.000000,0.973980,60.093552,-11.052574,0.981897,60.094001,-10.192465,0.984796,60.094352,-9.563062,0.976208,60.093333,-11.676885,0.975861,60.092871,-12.176313,1.017176,60.086766,-12.539544,0.994188,60.095234,-6.912443,0.989842,60.094925,-7.806581,0.978742,60.094809,-7.657442,0.991328,60.094704,-7.409857,0.988081,60.093427,-8.536465,1.001811,60.090498,-6.809069,1.021762,60.089386,-4.636196,1.027153,60.086679,-4.927909,1.026334,60.086631,-5.559567,1.040681,60.092949,0.028990,0.983886,60.094358,-0.891934,1.021016,60.089583,-2.435672,1.035957,60.089959,1.645594,1.031284,60.089935,1.460790,1.026618,60.089397,-4.527916,1.063773,60.065013,0.854362,1.050292,60.077441,-1.569630,1.034180,60.081578,-4.141783,1.046056,60.080203,1.846762,1.044308,60.081326,4.426200,1.053286,60.052660,2.288981,0.959218,60.099118,-2.429445,0.960675,60.099528,0.386889,0.986723,60.094314,4.777561,1.003662,60.096513,3.806263,1.031395,60.090390,6.226893,1.044510,60.090567,8.697452,1.030486,60.061621,6.773323,1.016638,60.084008,11.025151,1.025609,60.082805,-12.695310,1.001342,1.001833,1.001798,1.001640,1.001718,1.000839,1.001576,1.000366,-44.854910,0.000000,6.105158,15.782557,7.777262,20.868308,28.642791,-28.474783,0.000000,447.800150,209.391350,467.503357,6.717002,286.592096,294.652499,141.504847,562.436988,245.394482,221.661074,276.382253,200.614467,124.488442,251.663684,184.493662,253.902685,8.239523,988.742731,0.000000,164.790455,75.230425,157.625653,78.812826,137.026846,28.927890,26.868009,92.246831,102.994034,75.767785,-82.574348,42.272334,15.225205,67.617823,24.718568,24.091648,4.119761,223.900075
1.700000,1.043755,60.076879,-7.896883,1.064341,60.063009,-0.216552,0.000000,60.000000,0.000000,0.973661,60.095329,-10.976748,0.981581,60.095915,-10.112787,0.984479,60.096269,-9.480843,0.975901,60.095324,-11.601675,0.975563,60.094894,-12.104286,1.017058,60.089284,-12.509287,0.993857,60.097018,-6.824463,0.989515,60.096751,-7.720643,0.978406,60.096589,-7.572543,0.991000,60.096436,-7.325931,0.987768,60.095029,-8.462329,1.001535,60.091534,-6.758596,1.021492,60.090160,-4.594917,1.026910,60.087324,-4.906722,1.026090,60.087287,-5.538674,1.040452,60.093459,0.094762,0.983691,60.094809,-0.816269,1.020725,60.090331,-2.393088,1.035652,60.090651,1.690638,1.030983,60.090638,1.505710,1.026343,60.090173,-4.486549,1.063795,60.065540,0.718849,1.050107,60.077548,-1.617449,1.033991,60.081954,-4.158573,1.045653,60.079543,1.815405,1.043852,60.080367,4.401597,1.053121,60.052393,2.060824,0.958970,60.101154,-2.312340,0.960361,60.101361,0.506038,0.986548,60.094682,4.852536,1.003517,60.096820,3.896813,1.031082,60.091009,6.274715,1.044216,60.091204,8.746632,1.030474,60.062579,6.615315,1.016114,60.082362,11.016795,1.025634,60.085647,-12.692138,1.001398,1.001878,1.001835,1.001642,1.001720,1.000874,1.001514,1.000312,-45.065072,0.000000,6.088190,15.689626,7.718138,20.436096,28.508573,-29.130826,0.000000,447.800150,209.391350,467.503357,6.717002,286.592096,294.652499,141.504847,562.436988,245.394482,221.661074,276.382253,200.614467,124.488442,251.663684,184.493662,253.902685,8.239523,988.742731,0.000000,164.790455,75.230425,157.625653,78.812826,137.026846,28.927890,26.868009,92.246831,102.994034,75.767785,-82.574348,42.272334,15.225205,67.617823,24.718568,24.091648,4.119761,223.900075
1.720000,1.043944,60.078948,-7.944319,1.064260,60.063831,-0.369587,0.000000,60.000000,0.000000,0.973386,60.096971,-10.893124,0.981303,60.097685,-10.024362,0.984199,60.098036,-9.389880,0.975632,60.097179,-11.517130,0.975301,60.096787,-12.022665,1.016965,60.091740,-12.465564,0.993565,60.098642,-6.728749,0.989225,60.098421,-7.626646,0.978111,60.098215,-7.479911,0.990714,60.098017,-7.234604,0.987502,60.096498,-8.381645,1.001320,60.092483,-6.705445,1.021287,60.090863,-4.552778,1.026739,60.087937,-4.885425,1.025918,60.087913,-5.517585,1.040277,60.093850,0.159276,0.983543,60.095123,-0.742369,1.020500,60.091005,-2.349845,1.035412,60.091262,1.735908,1.030745,60.091261,1.550941,1.026134,60.090878,-4.444306,1.063868,60.066345,0.583992,1.050012,60.077753,-1.668451,1.033885,60.082371,-4.176866,1.045377,60.078938,1.775141,1.043528,60.079446,4.365855,1.052990,60.052640,1.828659,0.958743,60.102974,-2.185931,0.960070,60.102974,0.633008,0.986412,60.094913,4.925149,1.003414,60.096956,3.984408,1.030833,60.091537,6.322195,1.043979,60.091747,8.795586,1.030496,60.063824,6.461118,1.015720,60.080709,10.992147,1.025674,60.088472,-12.672969,1.001453,1.001917,1.001867,1.001640,1.001717,1.000915,1.001449,1.000275,-45.269403,0.000000,6.067890,15.578558,7.640626,20.002108,28.328635,-29.824767,0.000000,447.800150,209.391350,467.503357,6.717002,286.592096,294.652499,141.504847,562.436988,245.394482,221.661074,276.382253,200.614467,124.488442,251.663684,184.493662,253.902685,8.239523,988.742731,0.000000,164.790455,75.230425,157.625653,78.812826,137.026846,28.927890,26.868009,92.246831,102.994034,75.767785,-82.574348,42.272334,15.225205,67.617823,24.718568,24.091648,4.119761,223.900075
1.740000,1.044171,60.081136,-7.980730,1.064226,60.064992,-0.519588,0.000000,60.000000,0.000000,0.973160,60.098480,-10.802685,0.981070,60.099313,-9.928242,0.983962,60.099657,-9.291261,0.975405,60.098900,-11.424240,0.975082,60.098552,-11.932402,1.016898,60.094134,-12.408843,0.993317,60.100108,-6.626462,0.988980,60.099937,-7.525725,0.977863,60.099689,-7.380664,0.990474,60.099448,-7.136979,0.987289,60.097839,-8.295370,1.001174,60.093354,-6.650225,1.021154,60.091506,-4.510260,1.026645,60.088530,-4.864217,1.025823,60.088520,-5.496490,1.040159,60.094136,0.221719,0.983447,60.095313,-0.671184,1.020347,60.091615,-2.306450,1.035243,60.091801,1.780841,1.030578,60.091813,1.595925,1.025996,60.091523,-4.401667,1.063990,60.067429,0.451780,1.050012,60.078071,-1.721881,1.033867,60.082840,-4.196336,1.045234,60.078414,1.726465,1.043345,60.078591,4.319355,1.052895,60.053419,1.596256,0.958544,60.104578,-2.051795,0.959809,60.104368,0.766197,0.986319,60.095022,4.994461,1.003355,60.096936,4.067865,1.030653,60.091986,6.368708,1.043806,60.092206,8.843659,1.030551,60.065342,6.312718,1.015467,60.079089,10.951315,1.025726,60.091275,-12.637962,1.001508,1.001949,1.001892,1.001636,1.001710,1.000962,1.001382,1.000258,-45.465339,0.000000,6.044519,15.450901,7.545495,19.571809,28.104799,-30.545768,0.000000,447.800150,209.391350,467.503357,6.717002,286.592096,294.652499,141.504847,562.436988,245.394482,221.661074,276.382253,200.614467,124.488442,251.663684,184.493662,253.902685,8.239523,988.742731,0.000000,164.790455,75.230425,157.625653,78.812826,137.026846,28.927890,26.868009,92.246831,102.994034,75.767785,-82.574348,42.272334,15.225205,67.617823,24.718568,24.091648,4.119761,223.900075
1.760000,1.044434,60.083439,-8.005368,1.064240,60.066492,-0.664201,0.000000,60.000000,0.000000,0.972989,60.099861,-10.706457,0.980886,60.100802,-9.825528,0.983776,60.101133,-9.186123,0.975228,60.100489,-11.324053,0.974911,60.100189,-11.834506,1.016859,60.096464,-12.339672,0.993120,60.101420,-6.518812,0.988786,60.101303,-7.419064,0.977668,60.101016,-7.275965,0.990287,60.100734,-7.034201,0.987134,60.099056,-8.204499,1.001101,60.094155,-6.593551,1.021098,60.092101,-4.467831,1.026633,60.089114,-4.843284,1.025811,60.089117,-5.475572,1.040105,60.094331,0.281309,0.983409,60.095395,-0.603620,1.020272,60.092172,-2.263403,1.035153,60.092281,1.824885,1.030488,60.092305,1.640111,1.025934,60.092120,-4.359104,1.064161,60.068792,0.324135,1.050111,60.078515,-1.776959,1.033941,60.083375,-4.216636,1.045230,60.077995,1.669980,1.043308,60.077833,4.262622,1.052838,60.054738,1.367391,0.958377,60.105967,-1.911574,0.959584,60.105545,0.903949,0.986276,60.095026,5.059578,1.003347,60.096780,4.146058,1.030549,60.092367,6.413642,1.043704,60.092591,8.890200,1.030640,60.067114,6.171902,1.015361,60.077542,10.894625,1.025791,60.094054,-12.587375,1.001561,1.001975,1.001911,1.001629,1.001698,1.001013,1.001315,1.000260,-45.650311,0.000000,6.018373,15.308388,7.433723,19.150212,27.839462,-31.282547,0.000000,447.800150,209.391350,467.503357,6.717002,286.592096,294.652499,141.504847,562.436988,245.394482,221.661074,276.382253,200.614467,124.488442,251.663684,184.493662,253.902685,8.239523,988.742731,0.000000,164.790455,75.230425,157.625653,78.812826,137.026846,28.927890,26.868009,92.246831,102.994034,75.767785,-82.574348,42.272334,15.225205,67.617823,24.718568,24.091648,4.119761,223.900075
1.780000,1.044728,60.085855,-8.017568,1.064305,60.068328,-0.801157,0.000000,60.000000,0.000000,0.972881,60.101120,-10.605498,0.980760,60.102156,-9.717359,0.983645,60.102470,-9.075642,0.975106,60.101951,-11.217657,0.974795,60.101705,-11.730026,1.016852,60.098730,-12.258669,0.992980,60.102584,-6.407039,0.988649,60.102524,-7.307880,0.977533,60.102201,-7.167010,0.990160,60.101882,-6.927448,0.987045,60.100157,-8.110050,1.001107,60.094897,-6.536035,1.021124,60.092659,-4.425950,1.026708,60.089700,-4.822801,1.025887,60.089718,-5.454998,1.040120,60.094453,0.337309,0.983432,60.095388,-0.540531,1.020282,60.092689,-2.221188,1.035147,60.092713,1.867502,1.030482,60.092750,1.682962,1.025955,60.092679,-4.317076,1.064380,60.070430,0.202887,1.050310,60.079095,-1.832892,1.034110,60.083985,-4.237408,1.045370,60.077706,1.606391,1.043423,60.077199,4.196318,1.052818,60.056595,1.145789,0.958249,60.107146,-1.766961,0.959400,60.106513,1.044573,0.986285,60.094941,5.119658,1.003392,60.096506,4.217930,1.030528,60.092692,6.456403,1.043681,60.092915,8.934572,1.030765,60.069122,6.040259,1.015408,60.076108,10.822626,1.025869,60.096807,-12.521553,1.001614,1.001994,1.001925,1.001620,1.001682,1.001067,1.001248,1.000283,-45.821775,0.000000,5.989775,15.152921,7.306478,18.741848,27.535576,-32.023565,0.000000,447.800150,209.391350,467.503357,6.717002,286.592096,294.652499,141.504847,562.436988,245.394482,221.661074,276.382253,200.614467,124.488442,251.663684,184.493662,253.902685,8.239523,988.742731,0.000000,164.790455,75.230425,157.625653,78.812826,137.026846,28.927890,26.868009,92.246831,102.994035,75.767785,-82.574348,42.272334,15.225205,67.617823,24.718568,24.091648,4.119761,223.900075
1.800000,1.045052,60.088379,-8.016771,1.064423,60.070491,-0.928300,0.000000,60.000000,0.000000,0.972841,60.102263,-10.500884,0.980696,60.103383,-9.604902,0.983575,60.103674,-8.961023,0.975044,60.103291,-11.106171,0.974738,60.103104,-11.620048,1.016877,60.100933,-12.166521,0.992904,60.103609,-6.292401,0.988576,60.103608,-7.193412,0.977464,60.103252,-7.055015,0.990098,60.102898,-6.817911,0.987026,60.101149,-8.013053,1.001197,60.095592,-6.478282,1.021237,60.093192,-4.385052,1.026874,60.090300,-4.802926,1.026053,60.090334,-5.434922,1.040208,60.094517,0.389031,0.983522,60.095311,-0.482705,1.020382,60.093178,-2.180270,1.035231,60.093109,1.908177,1.030566,60.093159,1.723964,1.026064,60.093214,-4.276024,1.064646,60.072336,0.089758,1.050612,60.079822,-1.888877,1.034375,60.084682,-4.258288,1.045657,60.077567,1.536501,1.043692,60.076718,4.121236,1.052839,60.058982,0.935063,0.958165,60.108120,-1.619672,0.959265,60.107279,1.186365,0.986351,60.094788,5.173923,1.003496,60.096139,4.282512,1.030595,60.092975,6.496423,1.043741,60.093190,8.976163,1.030925,60.071347,5.919176,1.015611,60.074826,10.736082,1.025959,60.099529,-12.440935,1.001667,1.002006,1.001933,1.001610,1.001664,1.001124,1.001184,1.000325,-45.977249,0.000000,5.959074,14.986538,7.165116,18.350777,27.196615,-32.757203,0.000000,447.800150,209.391350,467.503357,6.717002,286.592096,294.652499,141.504847,562.436988,245.394482,221.661074,276.382253,200.614467,124.488442,251.663684,184.493662,253.902685,8.239523,988.742731,0.000000,164.790455,75.230425,157.625653,78.812826,137.026846,28.927890,26.868009,92.246831,102.994035,75.767785,-82.574348,42.272334,15.225205,67.617823,24.718568,24.091648,4.119761,223.900075
1.820000,1.045403,60.091004,-8.002523,1.064595,60.072971,-1.043619,0.000000,60.000000,0.000000,0.972874,60.103300,-10.393704,0.980700,60.104490,-9.489337,0.983574,60.104754,-8.843480,0.975050,60.104517,-10.990735,0.974747,60.104393,-11.505676,1.016939,60.103073,-12.063979,0.992897,60.104503,-6.176164,0.988572,60.104563,-7.076906,0.977467,60.104179,-6.941200,0.990108,60.103794,-6.706787,0.987084,60.102043,-7.914540,1.001376,60.096250,-6.420881,1.021441,60.093715,-4.345551,1.027133,60.090926,-4.783803,1.026315,60.090976,-5.415484,1.040373,60.094543,0.435849,0.983681,60.095183,-0.430858,1.020577,60.093652,-2.141088,1.035411,60.093486,1.946427,1.030744,60.093548,1.762631,1.026264,60.093737,-4.236363,1.064958,60.074501,-0.013662,1.051015,60.080704,-1.944117,1.034740,60.085475,-4.278904,1.046090,60.077601,1.461197,1.044116,60.076414,4.038291,1.052900,60.061881,0.738657,0.958131,60.108900,-1.471433,0.959183,60.107854,1.327625,0.986477,60.094586,5.221669,1.003661,60.095700,4.338931,1.030755,60.093232,6.533173,1.043892,60.093432,9.014394,1.031122,60.073772,5.809843,1.015972,60.073735,10.635966,1.026060,60.102218,-12.346045,1.001718,1.002012,1.001935,1.001598,1.001642,1.001182,1.001122,1.000388,-46.114336,0.000000,5.926643,14.811394,7.011162,17.980588,26.826544,-33.471953,0.000000,447.800150,209.391350,467.503357,6.717002,286.592096,294.652499,141.504847,562.436988,245.394482,221.661074,276.382253,200.614467,124.488442,251.663684,184.493662,253.902685,8.239523,988.742731,0.000000,164.790455,75.230425,157.625653,78.812826,137.026846,28.927890,26.868009,92.246831,102.994035,75.767785,-82.574348,42.272334,15.225205,67.617823,24.718568,24.091648,4.119761,223.900075
1.840000,1.045780,60.093724,-7.974492,1.064823,60.075751,-1.145271,0.000000,60.000000,0.000000,0.972987,60.104241,-10.285043,0.980778,60.105488,-9.371846,0.983646,60.105719,-8.724232,0.975127,60.105638,-10.872495,0.974827,60.105581,-11.388031,1.017038,60.105153,-11.951848,0.992966,60.105277,-6.059581,0.988643,60.105402,-6.959601,0.977548,60.104992,-6.826779,0.990196,60.104579,-6.595263,0.987223,60.102850,-7.815536,1.001647,60.096885,-6.364399,1.021741,60.094240,-4.307832,1.027490,60.091591,-4.765555,1.026673,60.091657,-5.396804,1.040620,60.094549,0.477204,0.983914,60.095026,-0.385623,1.020870,60.094126,-2.104049,1.035691,60.093856,1.981806,1.031022,60.093931,1.798513,1.026560,60.094262,-4.198483,1.065314,60.076913,-0.105924,1.051521,60.081748,-1.997828,1.035203,60.086374,-4.298888,1.046669,60.077827,1.381443,1.044694,60.076313,3.948513,1.053002,60.065269,0.559793,0.958152,60.109497,-1.323956,0.959161,60.108253,1.466680,0.986666,60.094355,5.262272,1.003890,60.095215,4.386420,1.031012,60.093478,6.566167,1.044137,60.093656,9.048732,1.031356,60.076380,5.713256,1.016489,60.072872,10.523451,1.026173,60.104873,-12.237493,1.001768,1.002011,1.001932,1.001585,1.001619,1.001240,1.001066,1.000470,-46.230762,0.000000,5.892869,14.629727,6.846293,17.634425,26.429769,-34.156602,0.000000,447.800150,209.391350,467.503357,6.717002,286.592096,294.652499,141.504847,562.436988,245.394482,221.661074,276.382253,200.614467,124.488442,251.663684,184.493662,253.902685,8.239523,988.742731,0.000000,164.790455,75.230425,157.625653,78.812826,137.026846,28.927890,26.868009,92.246831,102.994035,75.767785,-82.574348,42.272334,15.225205,67.617823,24.718568,24.091648,4.119761,223.900075
1.860000,1.046179,60.096529,-7.932468,1.065110,60.078813,-1.231603,0.000000,60.000000,0.000000,0.973183,60.105097,-10.175974,0.980935,60.106386,-9.253603,0.983797,60.106581,-8.604484,0.975281,60.106664,-10.752596,0.974982,60.106677,-11.268230,1.017176,60.107174,-11.830986,0.993115,60.105946,-5.943886,0.988794,60.106135,-6.842719,0.977712,60.105704,-6.712944,0.990365,60.105268,-6.484507,0.987449,60.103583,-7.717044,1.002013,60.097510,-6.309378,1.022137,60.094781,-4.272247,1.027944,60.092304,-4.748287,1.027130,60.092387,-5.378986,1.040950,60.094554,0.512608,0.984223,60.094861,-0.347548,1.021264,60.094613,-2.069525,1.036073,60.094237,2.013910,1.031401,60.094323,1.831206,1.026954,60.094803,-4.162737,1.065713,60.079559,-0.185734,1.052126,60.082962,-2.049240,1.035764,60.087386,-4.317873,1.047389,60.078263,1.298270,1.045421,60.076438,3.853034,1.053146,60.069115,0.401425,0.958234,60.109926,-1.178923,0.959203,60.108493,1.601903,0.986921,60.094119,5.295199,1.004186,60.094709,4.424331,1.031371,60.093731,6.594976,1.044482,60.093880,9.078695,1.031625,60.079156,5.630232,1.017158,60.072270,10.399897,1.026296,60.107491,-12.115971,1.001816,1.002005,1.001924,1.001572,1.001593,1.001299,1.001015,1.000570,-46.324405,0.000000,5.858152,14.443831,6.672323,17.315018,26.011095,-34.800412,0.000000,447.800150,209.391350,467.503357,6.717002,286.592096,294.652499,141.504847,562.436988,245.394482,221.661074,276.382253,200.614467,124.488442,251.663684,184.493662,253.902685,8.239523,988.742731,0.000000,164.790455,75.230425,157.625653,78.812826,137.026846,28.927890,26.868009,92.246831,102.994035,75.767785,-82.574348,42.272334,15.225205,67.617823,24.718568,24.091648,4.119761,223.900075
1.880000,1.046600,60.099410,-7.876377,1.065454,60.082136,-1.301177,0.000000,60.000000,0.000000,0.973467,60.105881,-10.067549,0.981175,60.107199,-9.135761,0.984030,60.107353,-8.485421,0.975515,60.107606,-10.632172,0.975215,60.107692,-11.147388,1.017355,60.109140,-11.702299,0.993349,60.106522,-5.830276,0.989029,60.106777,-6.727452,0.977964,60.106329,-6.600858,0.990621,60.105874,-6.375650,0.987763,60.104254,-7.620039,1.002476,60.098138,-6.256328,1.022632,60.095353,-4.239112,1.028497,60.093080,-4.732082,1.027686,60.093179,-5.362113,1.041365,60.094580,0.541655,0.984610,60.094710,-0.317082,1.021762,60.095130,-2.037846,1.036560,60.094644,2.042387,1.031886,60.094741,1.860352,1.027447,60.095374,-4.129446,1.066151,60.082426,-0.251965,1.052826,60.084349,-2.097613,1.036422,60.088520,-4.335499,1.048246,60.078924,1.212767,1.046292,60.076810,3.753075,1.053332,60.073382,0.266189,0.958382,60.110205,-1.037963,0.959316,60.108591,1.731727,0.987244,60.093900,5.320012,1.004550,60.094210,4.452139,1.031833,60.094008,6.619228,1.044927,60.094123,9.103869,1.031929,60.082086,5.561419,1.017975,60.071961,10.266836,1.026431,60.110069,-11.982252,1.001864,1.001994,1.001912,1.001558,1.001567,1.001357,1.000970,1.000687,-46.393320,0.000000,5.822896,14.256027,6.491183,17.024714,25.575668,-35.393287,0.000000,447.800150,209.391350,467.503357,6.717002,286.592096,294.652499,141.504847,562.436988,245.394482,221.661074,276.382253,200.614467,124.488442,251.663684,184.493662,253.902685,8.239523,988.742731,0.000000,164.790455,75.230425,157.625653,78.812826,137.026846,28.927890,26.868009,92.246831,102.994035,75.767785,-82.574348,42.272334,15.225205,67.617823,24.718568,24.091648,4.119761,223.900075
1.900000,1.047039,60.102356,-7.806279,1.065856,60.085696,-1.352781,0.000000,60.000000,0.000000,0.973842,60.106606,-9.960789,0.981501,60.107938,-9.019444,0.984350,60.108048,-8.368192,0.975834,60.108476,-10.512333,0.975531,60.108637,-11.026597,1.017575,60.111053,-11.566732,0.993671,60.107023,-5.719902,0.989352,60.107343,-6.614948,0.978307,60.106883,-6.491639,0.990966,60.106412,-6.269783,0.988169,60.104878,-7.525458,1.003037,60.098784,-6.205721,1.023227,60.095970,-4.208701,1.029147,60.093930,-4.717002,1.028340,60.094045,-5.346250,1.041866,60.094646,0.564020,0.985075,60.094598,-0.294578,1.022364,60.095690,-2.009297,1.037153,60.095094,2.066940,1.032476,60.095200,1.885648,1.028040,60.095990,-4.098889,1.066625,60.085498,-0.303663,1.053618,60.085914,-2.142235,1.037173,60.089784,-4.351418,1.049230,60.079827,1.126068,1.047298,60.077446,3.649938,1.053558,60.078028,0.156371,0.958599,60.110352,-0.902635,0.959502,60.108569,1.854669,0.987634,60.093720,5.336375,1.004984,60.093744,4.469451,1.032399,60.094329,6.638624,1.045476,60.094403,9.123909,1.032267,60.085158,5.507309,1.018930,60.071976,10.125956,1.026575,60.112608,-11.837184,1.001910,1.001977,1.001895,1.001545,1.001541,1.001414,1.000934,1.000820,-46.435770,0.000000,5.787511,14.068637,6.304892,16.765521,25.128914,-35.925940,0.000000,447.800150,209.391350,467.503357,6.717002,286.592096,294.652499,141.504847,562.436988,245.394482,221.661074,276.382253,200.614467,124.488442,251.663684,184.493662,253.902685,8.239523,988.742731,0.000000,164.790455,75.230425,157.625653,78.812826,137.026846,28.927890,26.868009,92.246831,102.994035,75.767785,-82.574348,42.272334,15.225205,67.617823,24.718568,24.091648,4.119761,223.900075
1.920000,1.047495,60.105358,-7.722371,1.066315,60.089468,-1.385445,0.000000,60.000000,0.000000,0.974309,60.107287,-9.856675,0.981916,60.108619,-8.905732,0.984757,60.108682,-8.253901,0.976238,60.109288,-10.394158,0.975931,60.109524,-10.906927,1.017839,60.112919,-11.425264,0.994083,60.107465,-5.613855,0.989766,60.107851,-6.506302,0.978743,60.107381,-6.386351,0.991403,60.106899,-6.167938,0.988669,60.105471,-7.434190,1.003696,60.099462,-6.157987,1.023918,60.096646,-4.181248,1.029892,60.094865,-4.703087,1.029089,60.094995,-5.331438,1.042452,60.094774,0.579468,0.985617,60.094546,-0.280286,1.023068,60.096310,-1.984114,1.037851,60.095604,2.087334,1.033171,60.095719,1.906851,1.028732,60.096664,-4.071302,1.067132,60.088757,-0.340050,1.054494,60.087661,-2.182432,1.038012,60.091183,-4.365291,1.050333,60.080983,1.039344,1.048429,60.078366,3.544991,1.053824,60.083007,0.073869,0.958889,60.110390,-0.774411,0.959765,60.108451,1.969345,0.988093,60.093604,5.344057,1.005485,60.093339,4.476007,1.033069,60.094711,6.652936,1.046128,60.094739,9.138548,1.032636,60.088361,5.468250,1.020013,60.072340,9.979078,1.026730,60.115104,-11.681687,1.001956,1.001956,1.001875,1.001533,1.001516,1.001471,1.000906,1.000967,-46.450251,0.000000,5.752399,13.883950,6.115543,16.539139,24.676478,-36.390034,0.000000,447.800150,209.391350,467.503357,6.717002,286.592096,294.652499,141.504847,562.436988,245.394482,221.661074,276.382253,200.614467,124.488442,251.663684,184.493662,253.902685,8.239523,988.742731,0.000000,164.790455,75.230425,157.625653,78.812826,137.026846,28.927890,26.868009,92.246831,102.994035,75.767785,-82.574348,42.272334,15.225205,67.617823,24.718568,24.091648,4.119761,223.900075
1.940000,1.047964,60.108403,-7.624993,1.066828,60.093424,-1.398450,0.000000,60.000000,0.000000,0.974870,60.107940,-9.756137,0.982421,60.109259,-8.795656,0.985255,60.109271,-8.143599,0.976730,60.110056,-10.278684,0.976417,60.110369,-10.789409,1.018144,60.114741,-11.278905,0.994587,60.107867,-5.513159,0.990271,60.108316,-6.402543,0.979273,60.107843,-6.285993,0.991932,60.107354,-6.071083,0.989262,60.106050,-7.347068,1.004449,60.100186,-6.113512,1.024705,60.097397,-4.156940,1.030729,60.095897,-4.690351,1.029930,60.096042,-5.317697,1.043122,60.094984,0.587854,0.986235,60.094577,-0.274349,1.023873,60.097005,-1.962481,1.038652,60.096191,2.103396,1.033968,60.096314,1.923782,1.029521,60.097413,-4.046875,1.067668,60.092187,-0.360536,1.055448,60.089590,-2.217574,1.038934,60.092724,-4.376798,1.051543,60.082404,0.953789,1.049673,60.079582,3.439649,1.054127,60.088268,0.020170,0.959255,60.110342,-0.654658,0.960108,60.108260,2.074484,0.988619,60.093574,5.342936,1.006055,60.093022,4.471687,1.033840,60.095175,6.662015,1.046881,60.095153,9.147605,1.033034,60.091685,5.444464,1.021213,60.073075,9.828141,1.026893,60.117558,-11.516748,1.002000,1.001931,1.001852,1.001522,1.001491,1.001527,1.000889,1.001125,-46.435518,0.000000,5.717957,13.704203,5.925272,16.347003,24.224154,-36.778313,0.000000,447.800150,209.391350,467.503357,6.717002,286.592096,294.652499,141.504847,562.436988,245.394482,221.661074,276.382253,200.614467,124.488442,251.663684,184.493662,253.902685,8.239523,988.742731,0.000000,164.790455,75.230425,157.625653,78.812826,137.026846,28.927890,26.868009,92.246831,102.994035,75.767785,-82.574348,42.272334,15.225205,67.617823,24.718568,24.091648,4.119761,223.900075
1.960000,1.048445,60.111480,-7.514622,1.067392,60.097536,-1.391335,0.000000,60.000000,0.000000,0.975523,60.108580,-9.660047,0.983015,60.109872,-8.690182,0.985842,60.109833,-8.038269,0.977309,60.110796,-10.166897,0.976987,60.111185,-10.675029,1.018492,60.116524,-11.128685,0.995184,60.108248,-5.418755,0.990868,60.108759,-6.304624,0.979897,60.108286,-6.191486,0.992554,60.107794,-5.980110,0.989948,60.106631,-7.264860,1.005295,60.100973,-6.072629,1.025583,60.098237,-4.135915,1.031652,60.097037,-4.678785,1.030858,60.097196,-5.305026,1.043873,60.095297,0.589123,0.986927,60.094714,-0.276803,1.024773,60.097790,-1.944529,1.039552,60.096873,2.115022,1.034865,60.097003,1.936327,1.030401,60.098250,-4.025750,1.068226,60.095769,-0.364711,1.056469,60.091704,-2.247075,1.039930,60.094412,-4.385632,1.052846,60.084098,0.870607,1.051016,60.081107,3.335366,1.054464,60.093757,-0.003674,0.959697,60.110233,-0.544620,0.960532,60.108023,2.168946,0.989210,60.093654,5.333001,1.006689,60.092821,4.456511,1.034709,60.095740,6.665795,1.047732,60.095664,9.150987,1.033457,60.095124,5.436051,1.022515,60.074202,9.675169,1.027066,60.119968,-11.343418,1.002043,1.001903,1.001827,1.001513,1.001469,1.001582,1.000881,1.001293,-46.390602,0.000000,5.684567,13.531545,5.736235,16.190316,23.777814,-37.084719,0.000000,447.800150,209.391350,467.503357,6.717002,286.592096,294.652499,141.504847,562.436988,245.394482,221.661074,276.382253,200.614467,124.488442,251.663684,184.493662,253.902685,8.239523,988.742731,0.000000,164.790455,75.230425,157.625653,78.812826,137.026846,28.927890,26.868009,92.246831,102.994035,75.767785,-82.574348,42.272334,15.225205,67.617823,24.718568,24.091648,4.119761,223.900075
1.980000,1.048934,60.114577,-7.391873,1.068002,60.101774,-1.363899,0.000000,60.000000,0.000000,0.976267,60.109224,-9.569211,0.983697,60.110478,-8.590210,0.986517,60.110385,-7.938818,0.977973,60.111523,-10.059723,0.977642,60.111987,-10.564720,1.018880,60.118275,-10.975648,0.995870,60.108629,-5.331494,0.991555,60.109199,-6.213416,0.980614,60.108730,-6.103670,0.993266,60.108240,-5.895824,0.990724,60.107232,-7.188261,1.006228,60.101836,-6.035621,1.026547,60.099179,-4.118264,1.032654,60.098296,-4.668354,1.031865,60.098467,-5.293399,1.044699,60.095733,0.583315,0.987689,60.094979,-0.287578,1.025765,60.098681,-1.930329,1.040546,60.097666,2.122178,1.035855,60.097801,1.944442,1.031368,60.099189,-4.008019,1.068802,60.099485,-0.352354,1.057547,60.094001,-2.270404,1.040992,60.096251,-4.391507,1.054227,60.086072,0.791004,1.052441,60.082949,3.233613,1.054830,60.099420,0.002945,0.960217,60.110090,-0.445409,0.961037,60.107768,2.251733,0.989863,60.093867,5.314353,1.007385,60.092762,4.430636,1.035672,60.096424,6.664294,1.048677,60.096292,9.148691,1.033901,60.098669,5.443007,1.023904,60.075734,9.522255,1.027246,60.122335,-11.162805,1.002084,1.001873,1.001801,1.001506,1.001449,1.001637,1.000885,1.001467,-46.314832,0.000000,5.652596,13.368021,5.550582,16.070074,23.343333,-37.304478,0.000000,447.800150,209.391350,467.503357,6.717002,286.592096,294.652499,141.504847,562.436988,245.394482,221.661074,276.382253,200.614467,124.488442,251.663684,184.493662,253.902685,8.239523,988.742731,0.000000,164.790455,75.230425,157.625653,78.812826,137.026846,28.927890,26.868009,92.246831,102.994035,75.767785,-82.574348,42.272334,15.225205,67.617823,24.718568,24.091648,4.119761,223.900075
2.000000,1.049428,60.117682,-7.257493,1.068652,60.106110,-1.316204,0.000000,60.000000,0.000000,0.977098,60.109891,-9.484359,0.984465,60.111093,-8.496556,0.987279,60.110947,-7.846071,0.978721,60.112255,-9.958017,0.978377,60.112790,-10.459351,1.019307,60.119998,-10.820849,0.996645,60.109029,-5.252127,0.992329,60.109655,-6.129691,0.981421,60.109195,-6.023287,0.994066,60.108711,-5.818940,0.991587,60.107871,-7.117888,1.007242,60.102790,-6.002709,1.027589,60.100238,-4.104022,1.033727,60.099684,-4.658999,1.032945,60.099865,-5.282765,1.045597,60.096312,0.570565,0.988515,60.095394,-0.306495,1.026840,60.099691,-1.919897,1.041626,60.098587,2.124898,1.036931,60.098726,1.948152,1.032415,60.100245,-3.993722,1.069389,60.103316,-0.323427,1.058672,60.096481,-2.287081,1.042110,60.098245,-4.394158,1.055672,60.088328,0.716170,1.053933,60.085114,3.135861,1.055223,60.105200,0.040180,0.960813,60.109940,-0.357988,0.961622,60.107524,2.322002,0.990573,60.094234,5.287205,1.008139,60.092870,4.394361,1.036720,60.097246,6.657616,1.049709,60.097057,9.140808,1.034361,60.102314,5.465228,1.025362,60.077683,9.371528,1.027433,60.124657,-10.976068,1.002125,1.001841,1.001773,1.001502,1.001432,1.001692,1.000901,1.001647,-46.207850,0.000000,5.622388,13.215545,5.370430,15.987086,22.926515,-37.434174,0.000000,447.800150,209.391350,467.503357,6.717002,286.592096,294.652499,141.504847,562.436988,245.394482,221.661074,276.382253,200.614467,124.488442,251.663684,184.493662,253.902685,8.239523,988.742731,0.000000,164.790455,75.230425,157.625653,78.812826,137.026846,28.927890,26.868009,92.246831,102.994035,75.767785,-82.574348,42.272334,15.225205,67.617823,24.718568,24.091648,4.119761,223.900075
2.020000,1.049923,60.120785,-7.112359,1.069336,60.110513,-1.248570,0.000000,60.000000,0.000000,0.978012,60.110597,-9.406140,0.985315,60.111738,-8.409949,0.988122,60.111538,-7.760758,0.979548,60.113007,-9.862559,0.979190,60.113612,-10.359719,1.019770,60.121700,-10.665341,0.997503,60.109472,-5.181299,0.993187,60.110149,-6.054122,0.982313,60.109701,-5.950979,0.994950,60.109228,-5.750067,0.992530,60.108566,-7.054270,1.008329,60.103850,-5.974058,1.028701,60.101427,-4.093177,1.034863,60.101210,-4.650634,1.034087,60.101400,-5.273052,1.046558,60.097051,0.551097,0.989400,60.095979,-0.333270,1.027991,60.100836,-1.913190,1.042785,60.099652,2.123290,1.038086,60.099793,1.947553,1.033533,60.101430,-3.982846,1.069980,60.107242,-0.278077,1.059830,60.099141,-2.296691,1.043274,60.100397,-4.393343,1.057161,60.090869,0.647265,1.055473,60.087605,3.043566,1.055635,60.111039,0.107735,0.961484,60.109812,-0.283161,0.962285,60.107319,2.379076,0.991337,60.094776,5.251880,1.008945,60.093170,4.348116,1.037846,60.098223,6.645945,1.050819,60.097976,9.127517,1.034832,60.106053,5.502520,1.026873,60.080052,9.225125,1.027626,60.126935,-10.784408,1.002164,1.001808,1.001745,1.001501,1.001419,1.001748,1.000928,1.001828,-46.069626,0.000000,5.594265,13.075881,5.197841,15.941993,22.533015,-37.471799,0.000000,447.800150,209.391350,467.503357,6.717002,286.592096,294.652499,141.504847,562.436988,245.394482,221.661074,276.382253,200.614467,124.488442,251.663684,184.493662,253.902685,8.239523,988.742731,0.000000,164.790455,75.230425,157.625653,78.812826,137.026846,28.927890,26.868009,92.246831,102.994035,75.767785,-82.574348,42.272334,15.225205,67.617823,24.718568,24.091648,4.119761,223.900075
2.040000,1.050415,60.123873,-6.957467,1.070044,60.114954,-1.161569,0.000000,60.000000,0.000000,0.979002,60.111360,-9.335110,0.986240,60.112429,-8.331024,0.989042,60.112177,-7.683508,0.980448,60.113798,-9.774042,0.980074,60.114469,-10.266544,1.020266,60.123388,-10.510165,0.998440,60.109976,-5.119538,0.994123,60.110701,-5.987270,0.983285,60.110269,-5.887280,0.995911,60.109811,-5.689709,0.993548,60.109336,-6.997843,1.009481,60.105029,-5.949770,1.029874,60.102758,-4.085660,1.036050,60.102882,-4.643149,1.035281,60.103079,-5.264163,1.047575,60.097969,0.525228,0.990337,60.096753,-0.367516,1.029207,60.102128,-1.910105,1.044012,60.100874,2.117527,1.039310,60.101016,1.942807,1.034714,60.102757,-3.975325,1.070568,60.111244,-0.216627,1.061008,60.101976,-2.298880,1.044469,60.102707,-4.388844,1.058678,60.093693,0.585408,1.057043,60.090421,2.958147,1.056062,60.116884,0.204866,0.962226,60.109735,-0.221561,0.963023,60.107184,2.422452,0.992146,60.095514,5.208806,1.009797,60.093684,4.292463,1.039041,60.099370,6.629548,1.052000,60.099067,9.109087,1.035307,60.109877,5.554597,1.028417,60.082844,9.085161,1.027824,60.129169,-10.589065,1.002202,1.001775,1.001718,1.001503,1.001410,1.001804,1.000968,1.002009,-45.900464,0.000000,5.568520,12.950623,5.034792,15.935265,22.168260,-37.416772,0.000000,447.800150,209.391350,467.503357,6.717002,286.592096,294.652499,141.504847,562.436988,245.394482,221.661074,276.382253,200.614467,124.488442,251.663684,184.493662,253.902685,8.239523,988.742731,0.000000,164.790455,75.230425,157.625653,78.812826,137.026846,28.927890,26.868009,92.246831,102.994035,75.767785,-82.574348,42.272334,15.225205,67.617823,24.718568,24.091648,4.119761,223.900075
2.060000,1.050900,60.126936,-6.793923,1.070770,60.119403,-1.056016,0.000000,60.000000,0.000000,0.980061,60.112199,-9.271733,0.987235,60.113187,-8.260309,0.990032,60.112883,-7.614841,0.981416,60.114645,-9.693062,0.981024,60.115377,-10.180454,1.020792,60.125068,-10.356351,0.999449,60.110565,-5.067251,0.995131,60.111331,-5.929578,0.984330,60.110920,-5.832606,0.996943,60.110480,-5.638255,0.994633,60.110197,-6.948947,1.010688,60.106340,-5.929882,1.031097,60.104242,-4.081352,1.037279,60.104708,-4.636412,1.036516,60.104911,-5.255978,1.048639,60.099082,0.493360,0.991317,60.097733,-0.408747,1.030477,60.103580,-1.910483,1.045296,60.102268,2.107850,1.040591,60.102408,1.934145,1.035945,60.104238,-3.971042,1.071146,60.115302,-0.139579,1.062194,60.104981,-2.293363,1.045686,60.105176,-4.380472,1.060204,60.096794,0.531659,1.058623,60.093556,2.880966,1.056497,60.122677,0.330402,0.963035,60.109738,-0.173648,0.963831,60.107147,2.451805,0.992996,60.096464,5.158516,1.010689,60.094435,4.228087,1.040294,60.100704,6.608766,1.053239,60.100345,9.085870,1.035780,60.113779,5.621087,1.029976,60.086053,8.953703,1.028026,60.131360,-10.391306,1.002239,1.001743,1.001692,1.001509,1.001406,1.001861,1.001020,1.002187,-45.701012,0.000000,5.545419,12.841178,4.883154,15.967202,21.837376,-37.269944,0.000000,447.800150,209.391350,467.503357,6.717002,286.592096,294.652499,141.504847,562.436988,245.394482,221.661074,276.382253,200.614467,124.488442,251.663684,184.493662,253.902685,8.239523,988.742731,0.000000,164.790455,75.230425,157.625653,78.812826,137.026846,28.927890,26.868009,92.246831,102.994035,75.767785,-82.574348,42.272334,15.225205,67.617823,24.718568,24.091648,4.119761,223.900075
2.080000,1.051374,60.129963,-6.622937,1.071502,60.123833,-0.932957,0.000000,60.000000,0.000000,0.981181,60.113130,-9.216366,0.988291,60.114029,-8.198225,0.991085,60.113677,-7.555164,0.982444,60.115566,-9.620120,0.982032,60.116354,-10.101986,1.021343,60.126749,-10.204899,1.000522,60.111260,-5.024720,0.996202,60.112061,-5.881370,0.985439,60.111673,-5.787254,0.998038,60.111256,-5.595973,0.995777,60.111169,-6.907820,1.011938,60.107796,-5.914367,1.032359,60.105891,-4.080084,1.038535,60.106695,-4.630264,1.037779,60.106901,-5.248355,1.049741,60.100404,0.455980,0.992332,60.098936,-0.456383,1.031790,60.105201,-1.914110,1.046625,60.103844,2.094565,1.041917,60.103982,1.921861,1.037217,60.105882,-3.969825,1.071706,60.119395,-0.047600,1.063373,60.108150,-2.279927,1.046909,60.107804,-4.368068,1.061722,60.100166,0.487002,1.060195,60.097003,2.813310,1.056932,60.128369,0.482761,0.963906,60.109850,-0.139699,0.964704,60.107238,2.466995,0.993878,60.097645,5.101639,1.011612,60.095439,4.155790,1.041593,60.102236,6.584014,1.054526,60.101824,9.058296,1.036245,60.117750,5.701532,1.031531,60.089669,8.832732,1.028229,60.133509,-10.192417,1.002275,1.001712,1.001669,1.001519,1.001408,1.001921,1.001084,1.002360,-45.472261,0.000000,5.525197,12.748754,4.744665,16.037922,21.545108,-37.033575,0.000000,447.800150,209.391350,467.503357,6.717002,286.592096,294.652499,141.504847,562.436988,245.394482,221.661074,276.382253,200.614467,124.488442,251.663684,184.493662,253.902685,8.239523,988.742731,0.000000,164.790455,75.230425,157.625653,78.812826,137.026846,28.927890,26.868009,92.246831,102.994035,75.767785,-82.574348,42.272334,15.225205,67.617823,24.718568,24.091648,4.119761,223.900075
2.100000,1.051832,60.132946,-6.445810,1.072231,60.128216,-0.793656,0.000000,60.000000,0.000000,0.982353,60.114172,-9.169262,0.989401,60.114975,-8.145078,0.992191,60.114577,-7.504764,0.983523,60.116578,-9.555607,0.983089,60.117415,-10.031572,1.021914,60.128437,-10.056776,1.001650,60.112079,-4.992097,0.997328,60.112910,-5.842841,0.986604,60.112549,-5.751396,0.999186,60.112157,-5.563010,0.996968,60.112267,-6.874593,1.013222,60.109407,-5.903132,1.033648,60.107711,-4.081635,1.039808,60.108846,-4.624531,1.039058,60.109053,-5.241132,1.050871,60.101948,0.413651,0.993373,60.100376,-0.509756,1.033133,60.107002,-1.920717,1.047987,60.105613,2.078032,1.043276,60.105747,1.906304,1.038516,60.107699,-3.971455,1.072241,60.123505,0.058479,1.064531,60.111472,-2.258438,1.048126,60.110586,-4.351502,1.063213,60.103796,0.452335,1.061741,60.100749,2.756369,1.057361,60.133908,0.659984,0.964833,60.110097,-0.119808,0.965635,60.107485,2.468070,0.994784,60.099069,5.038895,1.012559,60.096715,4.076478,1.042926,60.103976,6.555766,1.055848,60.103516,9.026863,1.036694,60.121780,5.795382,1.033063,60.093678,8.724117,1.028434,60.135618,-9.993695,1.002309,1.001684,1.001648,1.001533,1.001416,1.001982,1.001159,1.002526,-45.215545,0.000000,5.508056,12.674349,4.620913,16.147339,21.295754,-36.711288,0.000000,447.800150,209.391350,467.503357,6.717002,286.592096,294.652499,141.504847,562.436988,245.394482,221.661074,276.382253,200.614467,124.488442,251.663684,184.493662,253.902685,8.239523,988.742731,0.000000,164.790455,75.230425,157.625653,78.812826,137.026846,28.927890,26.868009,92.246831,102.994035,75.767785,-82.574348,42.272334,15.225205,67.617823,24.718568,24.091648,4.119761,223.900075
2.120000,1.052270,60.135873,-6.263919,1.072948,60.132527,-0.639578,0.000000,60.000000,0.000000,0.983565,60.115341,-9.130562,0.990554,60.116042,-8.101053,0.993342,60.115601,-7.463804,0.984645,60.117697,-9.499801,0.984188,60.118577,-9.969541,1.022502,60.130139,-9.912906,1.002824,60.113043,-4.969401,0.998500,60.113896,-5.814059,0.987815,60.113565,-5.725080,1.000378,60.113202,-5.539390,0.998198,60.113509,-6.849292,1.014525,60.111185,-5.896023,1.034951,60.109712,-4.085738,1.041083,60.111167,-4.619015,1.040341,60.111373,-5.234130,1.052017,60.103724,0.367008,0.994430,60.102065,-0.568118,1.034493,60.108990,-1.929990,1.049369,60.107582,2.058666,1.044655,60.107711,1.887879,1.039830,60.109696,-3.975664,1.072743,60.127610,0.177669,1.065657,60.114939,-2.228841,1.049324,60.113521,-4.330684,1.064660,60.107671,0.428448,1.063242,60.104779,2.711217,1.057777,60.139250,0.859759,0.965807,60.110508,-0.113883,0.966617,60.107915,2.455261,0.995707,60.100750,4.971085,1.013521,60.098275,3.991155,1.044279,60.105933,6.524552,1.057192,60.105428,8.992130,1.037123,60.125856,5.901991,1.034555,60.098059,8.629587,1.028637,60.137687,-9.796438,1.002343,1.001659,1.001631,1.001553,1.001430,1.002045,1.001247,1.002682,-44.932539,0.000000,5.494167,12.618738,4.513310,16.295137,21.093089,-36.307997,0.000000,447.800150,209.391350,467.503357,6.717002,286.592096,294.652499,141.504847,562.436988,245.394482,221.661074,276.382253,200.614467,124.488442,251.663684,184.493662,253.902685,8.239523,988.742731,0.000000,164.790455,75.230425,157.625653,78.812826,137.026846,28.927890,26.868009,92.246831,102.994035,75.767785,-82.574348,42.272334,15.225205,67.617823,24.718568,24.091648,4.119761,223.900075
2.140000,1.052683,60.138739,-6.078705,1.073641,60.136740,-0.472369,0.000000,60.000000,0.000000,0.984809,60.116653,-9.100296,0.991741,60.117247,-8.066219,0.994528,60.116766,-7.432324,0.985798,60.118940,-9.452870,0.985317,60.119855,-9.916110,1.023099,60.131864,-9.774162,1.004033,60.114171,-4.956520,0.999706,60.115039,-5.794963,0.989061,60.114740,-5.708222,1.001604,60.114408,-5.525009,0.999455,60.114908,-6.831834,1.015837,60.113136,-5.892820,1.036256,60.111898,-4.092085,1.042349,60.113658,-4.613508,1.041614,60.113861,-5.227152,1.053170,60.105740,0.316750,0.995494,60.104011,-0.630648,1.035857,60.111170,-1.941567,1.050756,60.109758,2.036925,1.046040,60.109880,1.867036,1.041146,60.111879,-3.982144,1.073207,60.131691,0.308841,1.066736,60.118537,-2.191165,1.050490,60.116601,-4.305560,1.066047,60.111773,0.416011,1.064681,60.109071,2.678792,1.058173,60.144354,1.079465,0.966822,60.111107,-0.121652,0.967642,60.108552,2.428986,0.996637,60.102696,4.899085,1.014489,60.100131,3.900909,1.045641,60.108113,6.490948,1.058545,60.107568,8.954706,1.037524,60.129963,6.020613,1.035989,60.102787,8.550693,1.028838,60.139719,-9.601933,1.002376,1.001638,1.001618,1.001577,1.001450,1.002111,1.001345,1.002827,-44.625242,0.000000,5.483668,12.582470,4.423079,16.480742,20.940310,-35.829824,0.000000,447.800150,209.391350,467.503357,6.717002,286.592096,294.652499,141.504847,562.436988,245.394482,221.661074,276.382253,200.614467,124.488442,251.663684,184.493662,253.902685,8.239523,988.742731,0.000000,164.790455,75.230425,157.625653,78.812826,137.026846,28.927890,26.868009,92.246831,102.994034,75.767785,-82.574348,42.272334,15.225205,67.617823,24.718568,24.091648,4.119761,223.900075
2.160000,1.053068,60.141534,-5.891663,1.074301,60.140834,-0.293838,0.000000,60.000000,0.000000,0.986072,60.118121,-9.078378,0.992951,60.118605,-8.040519,0.995737,60.118090,-7.410238,0.986974,60.120322,-9.414860,0.986467,60.121265,-9.871382,1.023702,60.133619,-9.641360,1.005268,60.115478,-4.953211,1.000938,60.116354,-5.785363,0.990331,60.116090,-5.700618,1.002852,60.115792,-5.519642,1.000727,60.116477,-6.822031,1.017144,60.115268,-5.893246,1.037549,60.114274,-4.100328,1.043593,60.116319,-4.607788,1.042864,60.116517,-5.219992,1.054318,60.108004,0.263631,0.996554,60.106223,-0.696463,1.037212,60.113547,-1.955051,1.052137,60.112144,2.013306,1.047419,60.112258,1.844261,1.042453,60.114251,-3.990543,1.073627,60.135729,0.450723,1.067758,60.122254,-2.145530,1.051612,60.119820,-4.276117,1.067359,60.116081,0.415560,1.066042,60.113604,2.659878,1.058541,60.149183,1.316211,0.967869,60.111917,-0.142660,0.968702,60.109421,2.389837,0.997567,60.104915,4.823832,1.015455,60.102290,3.806896,1.046997,60.110519,6.455565,1.059895,60.109939,8.915239,1.037891,60.134085,6.150396,1.037349,60.107831,8.488793,1.029035,60.141715,-9.411449,1.002408,1.001622,1.001610,1.001607,1.001478,1.002180,1.001453,1.002958,-44.295969,0.000000,5.476663,12.565865,4.351231,16.703288,20.839975,-35.283987,0.000000,447.800150,209.391350,467.503357,6.717002,286.592096,294.652499,141.504847,562.436988,245.394482,221.661074,276.382253,200.614467,124.488442,251.663684,184.493662,253.902685,8.239523,988.742731,0.000000,164.790455,75.230425,157.625653,78.812826,137.026846,28.927890,26.868009,92.246831,102.994034,75.767785,-82.574348,42.272334,15.225205,67.617823,24.718568,24.091648,4.119761,223.900075
2.180000,1.053420,60.144252,-5.704321,1.074919,60.144787,-0.105935,0.000000,60.000000,0.000000,0.987343,60.119759,-9.064611,0.994173,60.120130,-8.023777,0.996960,60.119586,-7.397336,0.988162,60.121857,-9.385703,0.987628,60.122818,-9.835348,1.024304,60.135409,-9.515248,1.006516,60.116980,-4.959104,1.002183,60.117856,-5.784942,0.991613,60.117628,-5.701937,1.004111,60.117367,-5.522943,1.002004,60.118230,-6.819591,1.018435,60.117586,-5.896970,1.038820,60.116842,-4.110084,1.044802,60.119149,-4.601626,1.044080,60.119340,-5.212436,1.055452,60.110518,0.208452,0.997601,60.108703,-0.764627,1.038545,60.116123,-1.970011,1.053497,60.114741,1.988334,1.048777,60.114847,1.820074,1.043736,60.116816,-4.000479,1.073997,60.139703,0.601919,1.068711,60.126073,-2.092147,1.052679,60.123169,-4.242389,1.068581,60.120572,0.427481,1.067312,60.118348,2.655086,1.058876,60.153705,1.566880,0.968940,60.112959,-0.176286,0.969787,60.110541,2.338581,0.998489,60.107410,4.746316,1.016410,60.104757,3.710333,1.048335,60.113150,6.419037,1.061229,60.112542,8.874404,1.038221,60.138204,6.290375,1.038622,60.113156,8.445015,1.029226,60.143678,-9.226226,1.002439,1.001612,1.001608,1.001642,1.001513,1.002250,1.001569,1.003075,-43.947331,0.000000,5.473225,12.569009,4.298560,16.961578,20.793954,-34.678673,0.000000,447.800150,209.391350,467.503357,6.717002,286.592096,294.652499,141.504847,562.436988,245.394482,221.661074,276.382253,200.614467,124.488442,251.663684,184.493662,253.902685,8.239523,988.742731,0.000000,164.790455,75.230425,157.625653,78.812826,137.026846,28.927890,26.868009,92.246831,102.994034,75.767785,-82.574348,42.272334,15.225205,67.617823,24.718568,24.091648,4.119761,223.900075
2.200000,1.053736,60.146888,-5.518226,1.075486,60.148581,0.089272,0.000000,60.000000,0.000000,0.988612,60.121579,-9.058689,0.995397,60.121836,-8.015699,0.998186,60.121267,-7.393287,0.989351,60.123556,-9.365213,0.988790,60.124528,-9.807884,1.024902,60.137243,-9.396505,1.007768,60.118689,-4.973708,1.003432,60.119558,-5.793262,0.992898,60.119368,-5.711729,1.005371,60.119144,-5.534451,1.003274,60.120175,-6.824121,1.019699,60.120092,-5.903609,1.040057,60.119600,-4.120947,1.045966,60.122144,-4.594795,1.045251,60.122327,-5.204266,1.056561,60.113282,0.152048,0.998627,60.111454,-0.834165,1.039844,60.118895,-1.985992,1.054825,60.117548,1.962554,1.050103,60.117644,1.795012,1.044986,60.119571,-4.011541,1.074314,60.143595,0.760919,1.069586,60.129978,-2.031322,1.053680,60.126637,-4.204457,1.069702,60.125218,0.451997,1.068477,60.123275,2.664841,1.059173,60.157895,1.828175,0.970025,60.114251,-0.221742,0.970889,60.111930,2.276142,0.999393,60.110183,4.667564,1.017346,60.107533,3.612473,1.049643,60.116005,6.382013,1.062534,60.115373,8.832890,1.038509,60.142300,6.439466,1.039793,60.118724,8.420243,1.029411,60.145610,-9.047460,1.002470,1.001608,1.001613,1.001683,1.001555,1.002323,1.001694,1.003177,-43.582214,0.000000,5.473394,12.591757,4.265623,17.254055,20.803393,-34.022902,0.000000,447.800150,209.391350,467.503357,6.717002,286.592096,294.652499,141.504847,562.436988,245.394482,221.661074,276.382253,200.614467,124.488442,251.663684,184.493662,253.902685,8.239523,988.742731,0.000000,164.790455,75.230425,157.625653,78.812826,137.026846,28.927890,26.868009,92.246831,102.994034,75.767785,-82.574348,42.272334,15.225205,67.617823,24.718568,24.091648,4.119761,223.900075
2.220000,1.054013,60.149436,-5.334934,1.075995,60.152199,0.289620,0.000000,60.000000,0.000000,0.989867,60.123590,-9.060199,0.996612,60.123732,-8.015879,0.999404,60.123145,-7.397646,0.990531,60.125431,-9.353092,0.989943,60.126404,-9.788756,1.025488,60.139125,-9.285732,1.009012,60.120617,-4.996415,1.004672,60.121471,-5.809772,0.994173,60.121320,-5.729436,1.006622,60.121135,-5.553595,1.004527,60.122321,-6.835136,1.020924,60.122788,-5.912738,1.041248,60.122547,-4.132488,1.047075,60.125299,-4.587067,1.046366,60.125471,-5.195268,1.057635,60.116295,0.095278,0.999621,60.114474,-0.904074,1.041098,60.121862,-2.002520,1.056109,60.120560,1.936523,1.051385,60.120646,1.769626,1.046191,60.122516,-4.023300,1.074576,60.147387,0.926110,1.070376,60.133950,-1.963459,1.054607,60.130212,-4.162456,1.070711,60.129991,0.489164,1.069526,60.128350,2.689368,1.059425,60.161732,2.096671,0.971117,60.115810,-0.278091,0.971998,60.113605,2.203593,1.000274,60.113232,4.588631,1.018255,60.110617,3.514599,1.050910,60.119079,6.345142,1.063799,60.118429,8.791388,1.038752,60.146350,6.596464,1.040851,60.124492,8.415095,1.029587,60.147514,-8.876302,1.002500,1.001611,1.001624,1.001730,1.001604,1.002398,1.001826,1.003262,-43.203750,0.000000,5.477177,12.633738,4.252739,17.578767,20.868683,-33.326368,0.000000,447.800150,209.391350,467.503357,6.717002,286.592096,294.652499,141.504847,562.436988,245.394482,221.661074,276.382253,200.614467,124.488442,251.663684,184.493662,253.902685,8.239523,988.742731,0.000000,164.790455,75.230425,157.625653,78.812826,137.026846,28.927890,26.868009,92.246831,102.994034,75.767785,-82.574348,42.272334,15.225205,67.617823,24.718568,24.091648,4.119761,223.900075
2.240000,1.054249,60.151893,-5.155987,1.076439,60.155625,0.492879,0.000000,60.000000,0.000000,0.991099,60.125798,-9.068632,0.997810,60.125826,-8.023801,1.000606,60.125226,-7.409857,0.991694,60.127489,-9.348935,0.991078,60.128455,-9.777622,1.026060,60.141062,-9.183450,1.010239,60.122771,-5.026513,1.005896,60.123603,-5.833813,0.995430,60.123491,-5.754394,1.007852,60.123346,-5.579705,1.005753,60.124672,-6.852065,1.022100,60.125672,-5.923895,1.042385,60.125678,-4.144266,1.048120,60.128605,-4.578225,1.047416,60.128766,-5.185234,1.058667,60.119551,0.039017,1.000578,60.117757,-0.973335,1.042297,60.125019,-2.019115,1.057338,60.123772,1.910795,1.052614,60.123847,1.744468,1.047342,60.125645,-4.035312,1.074780,60.151059,1.095788,1.071074,60.137969,-1.889059,1.055451,60.133880,-4.116573,1.071599,60.134859,0.538855,1.070450,60.133539,2.728681,1.059630,60.165201,2.368858,0.972205,60.117646,-0.344258,0.973105,60.115575,2.122143,1.001124,60.116551,4.510581,1.019130,60.114001,3.417998,1.052125,60.122362,6.309066,1.065014,60.121701,8.750579,1.038948,60.150331,6.760041,1.041786,60.130413,8.429907,1.029754,60.149392,-8.713841,1.002529,1.001621,1.001642,1.001782,1.001661,1.002474,1.001964,1.003331,-42.815288,0.000000,5.484552,12.694357,4.259978,17.933347,20.989437,-32.599284,0.000000,447.800150,209.391350,467.503357,6.717002,286.592096,294.652499,141.504847,562.436988,245.394482,221.661074,276.382253,200.614467,124.488442,251.663684,184.493662,253.902685,8.239523,988.742731,0.000000,164.790455,75.230425,157.625653,78.812826,137.026846,28.927890,26.868009,92.246831,102.994034,75.767785,-82.574348,42.272334,15.225205,67.617823,24.718568,24.091648,4.119761,223.900075
2.260000,1.054443,60.154257,-4.982903,1.076814,60.158849,0.696771,0.000000,60.000000,0.000000,0.992298,60.128209,-9.083386,0.998980,60.128126,-8.038855,1.001780,60.127519,-7.429266,0.992829,60.129738,-9.352236,0.992186,60.130687,-9.774044,1.026613,60.143057,-9.090095,1.011440,60.125157,-5.063194,1.007092,60.125960,-5.864628,0.996657,60.125886,-5.785844,1.009052,60.125781,-5.612021,1.006941,60.127232,-6.874258,1.023220,60.128740,-5.936591,1.043459,60.128985,-4.155835,1.049092,60.132052,-4.568070,1.048393,60.132201,-5.173972,1.059649,60.123044,-0.015864,1.001489,60.121297,-1.040932,1.043432,60.128356,-2.035295,1.058504,60.127173,1.885919,1.053779,60.127237,1.720082,1.048429,60.128950,-4.047128,1.074926,60.154597,1.268177,1.071676,60.142015,-1.808720,1.056208,60.137626,-4.067054,1.072360,60.139788,0.600759,1.071241,60.138802,2.782576,1.059783,60.168293,2.641197,0.973283,60.119770,-0.419046,0.974202,60.117850,2.033115,1.001938,60.120132,4.434480,1.019965,60.117677,3.323953,1.053280,60.125845,6.274404,1.066171,60.125178,8.711124,1.039095,60.154219,6.928745,1.042591,60.136440,8.464723,1.029911,60.151246,-8.561097,1.002557,1.001638,1.001668,1.001840,1.001724,1.002551,1.002105,1.003383,-42.420362,0.000000,5.495464,12.772809,4.287167,18.314989,21.164492,-31.852205,0.000000,447.800150,209.391350,467.503357,6.717002,286.592096,294.652499,141.504847,562.436988,245.394482,221.661074,276.382253,200.614467,124.488442,251.663684,184.493662,253.902685,8.239523,988.742731,0.000000,164.790455,75.230425,157.625653,78.812826,137.026846,28.927890,26.868009,92.246831,102.994034,75.767785,-82.574348,42.272334,15.225205,67.617823,24.718568,24.091648,4.119761,223.900075
2.280000,1.054594,60.156524,-4.817155,1.077114,60.161861,0.899003,0.000000,60.000000,0.000000,0.993455,60.130825,-9.103779,1.000113,60.130634,-8.060338,1.002920,60.130025,-7.455131,0.993929,60.132181,-9.362398,0.993259,60.133103,-9.777488,1.027143,60.145114,-9.006019,1.012604,60.127777,-5.105565,1.008253,60.128543,-5.901377,0.997846,60.128508,-5.822949,1.010214,60.128443,-5.649702,1.008084,60.130001,-6.901001,1.024275,60.131985,-5.950314,1.044462,60.132460,-4.166754,1.049985,60.135630,-4.556419,1.049291,60.135766,-5.161306,1.060575,60.126761,-0.068503,1.002348,60.125081,-1.105857,1.044495,60.131866,-2.050588,1.059599,60.130753,1.862422,1.054874,60.130806,1.696994,1.049446,60.132424,-4.058305,1.075014,60.157984,1.441447,1.072178,60.146066,-1.723137,1.056872,60.141433,-4.014200,1.072988,60.144745,0.674378,1.071894,60.144101,2.850628,1.059883,60.171005,2.910167,0.974343,60.122186,-0.501153,0.975281,60.120434,1.937933,1.002710,60.123963,4.361374,1.020753,60.121633,3.233719,1.054365,60.129515,6.241746,1.067261,60.128846,8.673649,1.039193,60.157990,7.101010,1.043259,60.142523,8.519289,1.030056,60.153081,-8.419015,1.002585,1.001664,1.001701,1.001903,1.001795,1.002628,1.002249,1.003418,-42.022652,0.000000,5.509829,12.868085,4.333882,18.720441,21.391906,-31.095863,0.000000,447.800150,209.391350,467.503357,6.717002,286.592096,294.652499,141.504847,562.436988,245.394482,221.661074,276.382253,200.614467,124.488442,251.663684,184.493662,253.902685,8.239523,988.742731,0.000000,164.790455,75.230425,157.625653,78.812826,137.026846,28.927890,26.868009,92.246831,102.994034,75.767785,-82.574348,42.272334,15.225205,67.617823,24.718568,24.091648,4.119761,223.900075
2.300000,1.054701,60.158695,-4.660162,1.077339,60.164654,1.097290,0.000000,60.000000,0.000000,0.994563,60.133646,-9.129059,1.001204,60.133350,-8.087473,1.004017,60.132746,-7.486629,0.994987,60.134818,-9.378740,0.994290,60.135706,-9.787338,1.027648,60.147236,-8.931487,1.013725,60.130630,-5.152667,1.009370,60.131354,-5.943148,0.998989,60.131357,-5.864800,1.011329,60.131331,-5.691846,1.009174,60.132977,-6.931522,1.025258,60.135401,-5.964545,1.045389,60.136090,-4.176593,1.050796,60.139325,-4.543119,1.050106,60.139447,-5.147089,1.061438,60.130689,-0.118065,1.003150,60.129096,-1.167134,1.045480,60.135534,-2.064538,1.060616,60.134498,1.840806,1.055891,60.134540,1.675707,1.050387,60.136053,-4.068410,1.075047,60.161207,1.613725,1.072579,60.150100,-1.633096,1.057441,60.145284,-3.958375,1.073480,60.149694,0.759026,1.072406,60.149396,2.932191,1.059928,60.173339,3.172313,0.975376,60.124895,-0.589192,0.976333,60.123327,1.838098,1.003436,60.128031,4.292281,1.021490,60.125851,3.148510,1.055376,60.133356,6.211643,1.068278,60.132689,8.638737,1.039243,60.161620,7.275156,1.043787,60.148609,8.593050,1.030190,60.154897,-8.288452,1.002613,1.001699,1.001743,1.001972,1.001872,1.002704,1.002395,1.003436,-41.625944,0.000000,5.527531,12.978983,4.399463,19.146007,21.668979,-30.340990,0.000000,447.800150,209.391350,467.503357,6.717002,286.592096,294.652499,141.504847,562.436988,245.394482,221.661074,276.382253,200.614467,124.488442,251.663684,184.493662,253.902685,8.239523,988.742731,0.000000,164.790455,75.230425,157.625653,78.812826,137.026846,28.927890,26.868009,92.246831,102.994034,75.767785,-82.574348,42.272334,15.225205,67.617823,24.718568,24.091648,4.119761,223.900075
2.320000,1.054766,60.160770,-4.513267,1.077487,60.167223,1.289384,0.000000,60.000000,0.000000,0.995616,60.136669,-9.158419,1.002244,60.136273,-8.119417,1.005064,60.135680,-7.522876,0.995996,60.137650,-9.400515,0.995272,60.138495,-9.802907,1.028124,60.149424,-8.866678,1.014796,60.133714,-5.203482,1.010436,60.134389,-5.988969,1.000079,60.134428,-5.910434,1.012392,60.134440,-5.737497,1.010204,60.136154,-6.965007,1.026165,60.138975,-5.978762,1.046236,60.139864,-4.184940,1.051519,60.143122,-4.528047,1.050834,60.143230,-5.131198,1.062236,60.134813,-0.163750,1.003892,60.133326,-1.223826,1.046382,60.139347,-2.076716,1.061551,60.138392,1.821536,1.056826,60.138422,1.656683,1.051246,60.139825,-4.077030,1.075026,60.164254,1.783124,1.072879,60.154096,-1.539468,1.057914,60.149161,-3.899995,1.073836,60.154601,0.853836,1.072776,60.154646,3.026401,1.059917,60.175303,3.424296,0.976378,60.127896,-0.681708,0.977353,60.126525,1.735170,1.004113,60.132317,4.228173,1.022172,60.130312,3.069480,1.056306,60.137350,6.184595,1.069218,60.136690,8.606919,1.039247,60.165085,7.449408,1.044171,60.154650,8.685158,1.030311,60.156699,-8.170177,1.002640,1.001742,1.001793,1.002047,1.001955,1.002779,1.002540,1.003439,-41.234088,0.000000,5.548424,13.104129,4.483016,19.587558,21.992286,-29.598152,0.000000,447.800150,209.391350,467.503357,6.717002,286.592096,294.652499,141.504847,562.436988,245.394482,221.661074,276.382253,200.614467,124.488442,251.663684,184.493662,253.902685,8.239523,988.742731,0.000000,164.790455,75.230425,157.625653,78.812826,137.026846,28.927890,26.868009,92.246831,102.994034,75.767785,-82.574348,42.272334,15.225205,67.617823,24.718568,24.091648,4.119761,223.900075
2.340000,1.054789,60.162752,-4.377728,1.077558,60.169570,1.473102,0.000000,60.000000,0.000000,0.996607,60.139887,-9.191004,1.003228,60.139397,-8.155278,1.006057,60.138821,-7.562938,0.996951,60.140672,-9.426915,0.996201,60.141466,-9.823450,1.028569,60.151679,-8.811688,1.015811,60.137021,-5.256958,1.011447,60.137641,-6.037829,1.001110,60.137716,-5.958850,1.013396,60.137764,-5.785661,1.011171,60.139524,-7.000614,1.026993,60.142696,-5.992450,1.046999,60.143764,-4.191414,1.052154,60.147005,-4.511114,1.051472,60.147099,-5.113548,1.062964,60.139114,-0.204807,1.004570,60.137750,-1.275051,1.047198,60.143289,-2.086723,1.062399,60.142418,1.805034,1.057675,60.142437,1.640347,1.052023,60.143725,-4.083781,1.074956,60.167115,1.947760,1.073080,60.158032,-1.443202,1.058291,60.153044,-3.839535,1.074056,60.159429,0.957768,1.073002,60.159813,3.132187,1.059852,60.176912,3.662942,0.977343,60.131182,-0.777201,0.978334,60.130021,1.630743,1.004739,60.136803,4.169963,1.022797,60.134995,2.997709,1.057152,60.141478,6.161048,1.070076,60.140829,8.578667,1.039206,60.168364,7.621909,1.044411,60.160593,8.794475,1.030421,60.158489,-8.064856,1.002667,1.001793,1.001852,1.002126,1.002044,1.002851,1.002684,1.003428,-40.850952,0.000000,5.572332,13.241986,4.583425,20.040558,22.357714,-28.877580,0.000000,447.800150,209.391350,467.503357,6.717002,286.592096,294.652499,141.504847,562.436988,245.394482,221.661074,276.382253,200.614467,124.488442,251.663684,184.493662,253.902685,8.239523,988.742731,0.000000,164.790455,75.230425,157.625653,78.812826,137.026846,28.927890,26.868009,92.246831,102.994034,75.767785,-82.574348,42.272334,15.225205,67.617823,24.718568,24.091648,4.119761,223.900075
2.360000,1.054772,60.164642,-4.254699,1.077553,60.171695,1.646355,0.000000,60.000000,0.000000,0.997532,60.143292,-9.225934,1.004153,60.142716,-8.194128,1.006990,60.142161,-7.605845,0.997848,60.143877,-9.457092,0.997073,60.144612,-9.848174,1.028983,60.154000,-8.766529,1.016764,60.140542,-5.312015,1.012396,60.141103,-6.088686,1.002077,60.141210,-6.009022,1.014337,60.141294,-5.835326,1.012068,60.143079,-7.037482,1.027739,60.146548,-6.005114,1.047677,60.147774,-4.195666,1.052700,60.150956,-4.492270,1.052021,60.151036,-5.094090,1.063622,60.143571,-0.240547,1.005182,60.142346,-1.319997,1.047927,60.147341,-2.094203,1.063159,60.146556,1.791669,1.058437,60.146564,1.627071,1.052713,60.147735,-4.088312,1.074840,60.169785,2.105772,1.073185,60.161887,-1.345314,1.058575,60.156916,-3.777520,1.074142,60.164146,1.069620,1.073088,60.164857,3.248280,1.059734,60.178185,3.885280,0.978265,60.134745,-0.874146,0.979270,60.133804,1.526425,1.005311,60.141465,4.118492,1.023361,60.139874,2.934189,1.057913,60.145720,6.141384,1.070851,60.145084,8.554384,1.039125,60.171437,7.790739,1.044508,60.166391,8.919591,1.030518,60.160270,-7.973055,1.002694,1.001853,1.001918,1.002209,1.002138,1.002921,1.002825,1.003403,-40.480381,0.000000,5.599048,13.390875,4.699371,20.500103,22.760522,-28.189018,0.000000,447.800150,209.391350,467.503357,6.717002,286.592096,294.652499,141.504847,562.436988,245.394482,221.661074,276.382253,200.614467,124.488442,251.663684,184.493662,253.902685,8.239523,988.742731,0.000000,164.790455,75.230425,157.625653,78.812826,137.026846,28.927890,26.868009,92.246831,102.994034,75.767785,-82.574348,42.272334,15.225205,67.617823,24.718568,24.091648,4.119761,223.900075
2.380000,1.054719,60.166446,-4.145218,1.077476,60.173606,1.807173,0.000000,60.000000,0.000000,0.998389,60.146874,-9.262312,1.005014,60.146218,-8.235016,1.007860,60.145691,-7.650608,0.998682,60.147257,-9.490167,0.997885,60.147925,-9.876253,1.029364,60.156385,-8.731135,1.017652,60.144265,-5.367572,1.013281,60.144762,-6.140493,1.002978,60.144899,-6.059917,1.015210,60.145015,-5.885476,1.012894,60.146803,-7.074752,1.028402,60.150515,-6.016281,1.048270,60.151875,-4.197390,1.053159,60.154957,-4.471509,1.052482,60.155024,-5.072813,1.064207,60.148161,-0.270351,1.005728,60.147092,-1.357931,1.048568,60.151486,-2.098845,1.063831,60.150786,1.781758,1.059111,60.150784,1.617172,1.053318,60.151836,-4.090315,1.074684,60.172257,2.255355,1.073198,60.165642,-1.246877,1.058767,60.160758,-3.714520,1.074100,60.168720,1.188041,1.073038,60.169743,3.373234,1.059564,60.179145,4.088593,0.979141,60.138570,-0.971016,0.980158,60.137859,1.423810,1.005830,60.146278,4.074517,1.023863,60.144922,2.879807,1.058587,60.150054,6.125921,1.071543,60.149432,8.534404,1.039006,60.174289,7.953943,1.044466,60.171996,9.058845,1.030604,60.162044,-7.895229,1.002720,1.001922,1.001992,1.002297,1.002238,1.002986,1.002961,1.003366,-40.126143,0.000000,5.628334,13.548995,4.829348,20.960969,23.195403,-27.541576,0.000000,447.800150,209.391350,467.503357,6.717002,286.592096,294.652499,141.504847,562.436988,245.394482,221.661074,276.382253,200.614467,124.488442,251.663684,184.493662,253.902685,8.239523,988.742731,0.000000,164.790455,75.230425,157.625653,78.812826,137.026846,28.927890,26.868009,92.246831,102.994034,75.767785,-82.574348,42.272334,15.225205,67.617823,24.718568,24.091648,4.119761,223.900075
2.400000,1.054632,60.168168,-4.050196,1.077330,60.175310,1.953734,0.000000,60.000000,0.000000,0.999175,60.150618,-9.299242,1.005808,60.149891,-8.276990,1.008664,60.149396,-7.696237,0.999453,60.150799,-9.525250,0.998633,60.151395,-9.906844,1.029712,60.158832,-8.705367,1.018473,60.148174,-5.422555,1.014099,60.148603,-6.192205,1.003808,60.148768,-6.110510,1.016015,60.148913,-5.935102,1.013647,60.150683,-7.111575,1.028982,60.154579,-6.025515,1.048779,60.156049,-4.196324,1.053531,60.158990,-4.448865,1.052857,60.159043,-5.049751,1.064722,60.152860,-0.293680,1.006206,60.151959,-1.388212,1.049121,60.155702,-2.100390,1.064414,60.155086,1.775554,1.059697,60.155075,1.610908,1.053839,60.156010,-4.089529,1.074491,60.174533,2.394777,1.073126,60.169279,-1.149002,1.058874,60.164551,-3.651144,1.073933,60.173121,1.311555,1.072857,60.174437,3.505444,1.059347,60.179821,4.270447,0.979968,60.142642,-1.066301,0.980992,60.142167,1.324462,1.006296,60.151217,4.038701,1.024305,60.150109,2.835335,1.059174,60.154456,6.114903,1.072152,60.153851,8.518986,1.038854,60.176907,8.109555,1.044289,60.177366,9.210346,1.030678,60.163815,-7.831723,1.002746,1.001998,1.002074,1.002388,1.002341,1.003047,1.003092,1.003319,-39.791890,0.000000,5.659921,13.714440,4.971681,21.417677,23.656560,-26.943604,0.000000,447.800150,209.391350,467.503357,6.717002,286.592096,294.652499,141.504847,562.436988,245.394482,221.661074,276.382253,200.614467,124.488442,251.663684,184.493662,253.902685,8.239523,988.742731,0.000000,164.790455,75.230425,157.625653,78.812826,137.026846,28.927890,26.868009,92.246831,102.994034,75.767785,-82.574348,42.272334,15.225205,67.617823,24.718568,24.091648,4.119761,223.900075
2.420000,1.054514,60.169817,-3.970403,1.077119,60.176820,2.084390,0.000000,60.000000,0.000000,0.999889,60.154508,-9.335842,1.006535,60.153719,-8.319107,1.009401,60.153261,-7.741754,1.000158,60.154489,-9.561450,0.999318,60.155007,-9.939102,1.030028,60.161337,-8.689013,1.019225,60.152251,-5.475920,1.014847,60.152609,-6.242803,1.004566,60.152799,-6.159801,1.016748,60.152971,-5.983226,1.014326,60.154700,-7.147128,1.029481,60.158721,-6.032423,1.049205,60.160273,-4.192262,1.053822,60.163034,-4.424416,1.053148,60.163075,-5.024976,1.065166,60.157642,-0.310082,1.006619,60.156921,-1.410299,1.049589,60.159969,-2.098635,1.064912,60.159435,1.773248,1.060198,60.159414,1.608474,1.054276,60.160235,-4.085743,1.074269,60.176613,2.522406,1.072974,60.172782,-1.052827,1.058900,60.168279,-3.588035,1.073650,60.177323,1.438580,1.072551,60.178908,3.643168,1.059084,60.180248,4.428734,0.980744,60.146941,-1.158531,0.981771,60.146705,1.229886,1.006709,60.156252,4.011600,1.024685,60.155404,2.801418,1.059677,60.158903,6.108503,1.072680,60.158316,8.508312,1.038673,60.179281,8.255629,1.043983,60.182462,9.372001,1.030741,60.165585,-7.782766,1.002773,1.002083,1.002163,1.002483,1.002448,1.003102,1.003215,1.003264,-39.481108,0.000000,5.693510,13.885224,5.124554,21.864565,24.137789,-26.402568,0.000000,447.800150,209.391350,467.503357,6.717002,286.592096,294.652499,141.504847,562.436988,245.394482,221.661074,276.382253,200.614467,124.488442,251.663684,184.493662,253.902685,8.239523,988.742731,0.000000,164.790455,75.230425,157.625653,78.812826,137.026846,28.927890,26.868009,92.246831,102.994034,75.767785,-82.574348,42.272334,15.225205,67.617823,24.718568,24.091648,4.119761,223.900075
2.440000,1.054370,60.171399,-3.906461,1.076849,60.178152,2.197691,0.000000,60.000000,0.000000,1.000530,60.158526,-9.371262,1.007194,60.157685,-8.360448,1.010069,60.157268,-7.786209,1.000797,60.158311,-9.597894,0.999938,60.158745,-9.972189,1.030311,60.163895,-8.681798,1.019906,60.156476,-5.526667,1.015526,60.156761,-6.291304,1.005252,60.156973,-6.206830,1.017411,60.157168,-6.028910,1.014931,60.158836,-7.180628,1.029901,60.162919,-6.036658,1.049552,60.164528,-4.185049,1.054034,60.167072,-4.398283,1.053362,60.167100,-4.998604,1.065542,60.162480,-0.319205,1.006967,60.161949,-1.423763,1.049974,60.164264,-2.093436,1.065326,60.163809,1.774966,1.060617,60.163780,1.609999,1.054634,60.164490,-4.078804,1.074022,60.178503,2.636737,1.072750,60.176139,-0.959497,1.058851,60.171927,-3.525853,1.073259,60.181302,1.567453,1.072130,60.183130,3.784559,1.058781,60.180461,4.561695,0.981466,60.151443,-1.246296,0.982492,60.151449,1.141509,1.007072,60.161355,3.993658,1.025004,60.160774,2.778567,1.060097,60.163373,6.106822,1.073129,60.162805,8.502489,1.038468,60.181408,8.390271,1.043556,60.187247,9.541552,1.030795,60.167357,-7.748472,1.002799,1.002175,1.002258,1.002580,1.002557,1.003151,1.003331,1.003203,-39.197070,0.000000,5.728771,14.059298,5.286032,22.295874,24.632573,-25.924959,0.000000,447.800150,209.391350,467.503357,6.717002,286.592096,294.652499,141.504847,562.436988,245.394482,221.661074,276.382253,200.614467,124.488442,251.663684,184.493662,253.902685,8.239523,988.742731,0.000000,164.790455,75.230425,157.625653,78.812826,137.026846,28.927890,26.868009,92.246831,102.994034,75.767785,-82.574348,42.272334,15.225205,67.617823,24.718568,24.091648,4.119761,223.900075
2.460000,1.054204,60.172924,-3.858830,1.076527,60.179323,2.292405,0.000000,60.000000,0.000000,1.001099,60.162652,-9.404695,1.007784,60.161768,-8.400138,1.010670,60.161396,-7.828696,1.001370,60.162246,-9.633737,1.000493,60.162593,-10.005295,1.030563,60.166500,-8.683389,1.020517,60.160827,-5.573855,1.016134,60.161037,-6.336781,1.005866,60.161267,-6.250695,1.018001,60.161483,-6.071275,1.015463,60.163068,-7.211343,1.030246,60.167154,-6.037929,1.049824,60.168792,-4.174591,1.054173,60.171083,-4.370627,1.053502,60.171101,-4.970792,1.065852,60.167346,-0.320794,1.007253,60.167012,-1.428290,1.050281,60.168565,-2.084709,1.065660,60.168187,1.780765,1.060956,60.168149,1.615547,1.054916,60.168754,-4.068616,1.073756,60.180211,2.736413,1.072463,60.179337,-0.870147,1.058736,60.175479,-3.465272,1.072769,60.185039,1.696455,1.071603,60.187079,3.927691,1.058442,60.180500,4.667945,0.982133,60.156125,-1.328263,0.983154,60.156369,1.060660,1.007385,60.166495,3.985199,1.025266,60.166186,2.767148,1.060438,60.167840,6.109885,1.073503,60.167291,8.501548,1.038244,60.183288,8.511674,1.043016,60.191693,9.716606,1.030839,60.169134,-7.728841,1.002825,1.002273,1.002359,1.002679,1.002668,1.003193,1.003437,1.003136,-38.942801,0.000000,5.765344,14.234581,5.454091,22.705841,25.134175,-25.516208,0.000000,447.800150,209.391350,467.503357,6.717002,286.592096,294.652499,141.504847,562.436988,245.394482,221.661074,276.382253,200.614467,124.488442,251.663684,184.493662,253.902685,8.239523,988.742731,0.000000,164.790455,75.230425,157.625653,78.812826,137.026846,28.927890,26.868009,92.246831,102.994034,75.767785,-82.574348,42.272334,15.225205,67.617823,24.718568,24.091648,4.119761,223.900075
2.480000,1.054019,60.174401,-3.827809,1.076158,60.180354,2.367540,0.000000,60.000000,0.000000,1.001598,60.166864,-9.435392,1.008307,60.165946,-8.437355,1.011202,60.165624,-7.868367,1.001877,60.166275,-9.668181,1.000985,60.166531,-10.037647,1.030784,60.169147,-8.693398,1.021058,60.165279,-5.616616,1.016673,60.165413,-6.378375,1.006408,60.165658,-6.290560,1.018521,60.165890,-6.109512,1.015923,60.167375,-7.238606,1.030518,60.171402,-6.036004,1.050024,60.173042,-4.160853,1.054245,60.175050,-4.341649,1.053574,60.175057,-4.941734,1.066100,60.172211,-0.314702,1.007480,60.172081,-1.423690,1.050514,60.172852,-2.072433,1.065918,60.172545,1.790639,1.061220,60.172500,1.625115,1.055126,60.173005,-4.055142,1.073476,60.181750,2.820251,1.072119,60.182369,-0.785881,1.058561,60.178922,-3.406966,1.072191,60.188519,1.823845,1.070981,60.190738,4.070592,1.058072,60.180408,4.746495,0.982746,60.160957,-1.403198,0.983755,60.161437,0.988549,1.007652,60.171640,3.986419,1.025470,60.171606,2.767380,1.060704,60.172283,6.117650,1.073806,60.171754,8.505448,1.038006,60.184926,8.618152,1.042374,60.195775,9.894677,1.030875,60.170918,-7.723754,1.002852,1.002378,1.002466,1.002779,1.002781,1.003229,1.003534,1.003067,-38.721026,0.000000,5.802844,14.408976,5.626643,23.088794,25.635743,-25.180629,0.000000,447.800150,209.391350,467.503357,6.717002,286.592096,294.652499,141.504847,562.436988,245.394482,221.661074,276.382253,200.614467,124.488442,251.663684,184.493662,253.902685,8.239523,988.742731,0.000000,164.790455,75.230425,157.625653,78.812826,137.026846,28.927890,26.868009,92.246831,102.994034,75.767785,-82.574348,42.272334,15.225205,67.617823,24.718568,24.091648,4.119761,223.900075
2.500000,1.053821,60.175841,-3.813525,1.075750,60.181267,2.422355,0.000000,60.000000,0.000000,1.002027,60.171138,-9.462671,1.008762,60.170198,-8.471344,1.011668,60.169928,-7.904446,1.002320,60.170375,-9.700485,1.001414,60.170539,-10.068523,1.030977,60.171829,-8.711390,1.021530,60.169807,-5.654170,1.017143,60.169864,-6.415308,1.006879,60.170121,-6.325675,1.018972,60.170366,-6.142894,1.016314,60.171732,-7.261824,1.030722,60.175643,-6.030717,1.050159,60.177257,-4.143860,1.054256,60.178954,-4.311586,1.053585,60.178952,-4.911659,1.066289,60.177049,-0.300891,1.007649,60.177124,-1.409895,1.050678,60.177102,-2.056650,1.066106,60.176862,1.804514,1.061414,60.176810,1.638637,1.055270,60.177222,-4.038408,1.073188,60.183134,2.887260,1.071729,60.185229,-0.707758,1.058335,60.182247,-3.351599,1.071536,60.191730,1.947882,1.070275,60.194093,4.211276,1.057675,60.180228,4.796757,0.983303,60.165910,-1.469980,0.984295,60.166618,0.926249,1.007875,60.176760,3.997388,1.025621,60.176999,2.779332,1.060899,60.176680,6.130004,1.074042,60.176170,8.514080,1.037759,60.186332,8.708170,1.041642,60.199475,10.073226,1.030903,60.172712,-7.732981,1.002878,1.002488,1.002576,1.002880,1.002894,1.003258,1.003620,1.002998,-38.534144,0.000000,5.840857,14.580397,5.801568,23.439263,26.130409,-24.921372,0.000000,447.800150,209.391350,467.503357,6.717002,286.592096,294.652499,141.504847,562.436988,245.394482,221.661074,276.382253,200.614467,124.488442,251.663684,184.493662,253.902685,8.239523,988.742731,0.000000,164.790455,75.230425,157.625653,78.812826,137.026846,28.927890,26.868009,92.246831,102.994034,75.767785,-82.574348,42.272334,15.225205,67.617823,24.718568,24.091648,4.119761,223.900075
2.520000,1.053612,60.177257,-3.815934,1.075311,60.182089,2.456375,0.000000,60.000000,0.000000,1.002389,60.175450,-9.485935,1.009153,60.174499,-8.501430,1.012069,60.174282,-7.936237,1.002700,60.174525,-9.729977,1.001782,60.174593,-10.097264,1.031142,60.174538,-8.736893,1.021934,60.174383,-5.685835,1.017546,60.174365,-6.446897,1.007281,60.174629,-6.355380,1.019355,60.174884,-6.170789,1.016638,60.176114,-7.280485,1.030863,60.179853,-6.021965,1.050233,60.181417,-4.123698,1.054211,60.182778,-4.280704,1.053540,60.182769,-4.880827,1.066423,60.181830,-0.279429,1.007765,60.182111,-1.386968,1.050777,60.181294,-2.037460,1.066228,60.181116,1.822257,1.061544,60.181058,1.655982,1.055352,60.181382,-4.018498,1.072896,60.184380,2.936658,1.071302,60.187916,-0.636766,1.058066,60.185443,-3.299810,1.070816,60.194666,2.066858,1.069498,60.197137,4.347774,1.057258,60.180003,4.818554,0.983805,60.170954,-1.527617,0.984773,60.171878,0.874686,1.008056,60.181824,4.018044,1.025721,60.182332,2.802918,1.061028,60.181008,6.146771,1.074216,60.180518,8.527270,1.037506,60.187521,8.780384,1.040831,60.202780,10.249697,1.030926,60.174518,-7.756180,1.002905,1.002602,1.002690,1.002980,1.003007,1.003279,1.003695,1.002930,-38.384187,0.000000,5.878949,14.746795,5.976745,23.752078,26.611399,-24.740407,0.000000,447.800150,209.391350,467.503357,6.717002,286.592096,294.652499,141.504847,562.436988,245.394482,221.661074,276.382253,200.614467,124.488442,251.663684,184.493662,253.902685,8.239523,988.742731,0.000000,164.790455,75.230425,157.625653,78.812826,137.026846,28.927890,26.868009,92.246831,102.994034,75.767785,-82.574348,42.272334,15.225205,67.617823,24.718568,24.091648,4.119761,223.900075
2.540000,1.053398,60.178658,-3.834818,1.074846,60.182843,2.469399,0.000000,60.000000,0.000000,1.002686,60.179775,-9.504672,1.009480,60.178823,-8.527027,1.012405,60.178662,-7.963141,1.003019,60.178699,-9.756064,1.002090,60.178673,-10.123283,1.031279,60.177265,-8.769396,1.022273,60.178979,-5.711040,1.017883,60.178888,-6.472561,1.007616,60.179156,-6.379122,1.019672,60.179416,-6.192670,1.016897,60.180497,-7.294173,1.030945,60.184012,-6.009715,1.050250,60.185501,-4.100509,1.054118,60.186508,-4.249299,1.053446,60.186491,-4.849527,1.066505,60.186528,-0.250497,1.007831,60.187013,-1.355096,1.050817,60.185407,-2.015025,1.066289,60.185287,1.843674,1.061613,60.185225,1.676962,1.055378,60.185467,-3.995555,1.072606,60.185508,2.967890,1.070845,60.190428,-0.573813,1.057762,60.188504,-3.252208,1.070044,60.197324,2.179127,1.068663,60.199865,4.478172,1.056824,60.179778,4.812111,0.984253,60.176055,-1.575256,0.985191,60.177181,0.834616,1.008199,60.186802,4.048193,1.025773,60.187571,2.837902,1.061096,60.185247,6.167716,1.074332,60.184778,8.544786,1.037253,60.188513,8.833666,1.039955,60.205684,10.421565,1.030943,60.176340,-7.792902,1.002933,1.002720,1.002807,1.003080,1.003118,1.003294,1.003759,1.002865,-38.272790,0.000000,5.916665,14.906178,6.150080,24.022477,27.072127,-24.638519,0.000000,447.800150,209.391350,467.503357,6.717002,286.592096,294.652499,141.504847,562.436988,245.394482,221.661074,276.382253,200.614467,124.488442,251.663684,184.493662,253.902685,8.239523,988.742731,0.000000,164.790455,75.230425,157.625653,78.812826,137.026846,28.927890,26.868009,92.246831,102.994034,75.767785,-82.574348,42.272334,15.225205,67.617823,24.718568,24.091648,4.119761,223.900075
2.560000,1.053183,60.180057,-3.869791,1.074363,60.183558,2.461500,0.000000,60.000000,0.000000,1.002920,60.184088,-9.518471,1.009745,60.183144,-8.547650,1.012679,60.183042,-7.984660,1.003278,60.182874,-9.778240,1.002340,60.182753,-10.146073,1.031392,60.180004,-8.808366,1.022547,60.183568,-5.729330,1.018157,60.183405,-6.491832,1.007885,60.183674,-6.396457,1.019925,60.183936,-6.208120,1.017095,60.184855,-7.302565,1.030974,60.188097,-5.994003,1.050218,60.189490,-4.074496,1.053982,60.190128,-4.217689,1.053310,60.190105,-4.818068,1.066540,60.191117,-0.214379,1.007851,60.191800,-1.314592,1.050804,60.189424,-1.989560,1.066295,60.189357,1.868516,1.061627,60.189290,1.701335,1.055352,60.189457,-3.969780,1.072321,60.186540,2.980638,1.070368,60.192769,-0.519703,1.057431,60.191425,-3.209354,1.069233,60.199707,2.283133,1.067784,60.202279,4.600638,1.056380,60.179595,4.778054,0.984646,60.181180,-1.612202,0.985548,60.182492,0.806625,1.008306,60.191663,4.087513,1.025779,60.192684,2.883900,1.061107,60.189379,6.192549,1.074394,60.188931,8.566341,1.037003,60.189332,8.867134,1.039028,60.208186,10.586372,1.030955,60.178178,-7.842596,1.002960,1.002841,1.002925,1.003178,1.003227,1.003302,1.003811,1.002805,-38.201171,0.000000,5.953536,15.056638,6.319537,24.246210,27.506305,-24.615323,0.000000,447.800150,209.391350,467.503357,6.717002,286.592096,294.652499,141.504847,562.436988,245.394482,221.661074,276.382253,200.614467,124.488442,251.663684,184.493662,253.902685,8.239523,988.742731,0.000000,164.790455,75.230425,157.625653,78.812826,137.026846,28.927890,26.868009,92.246831,102.994034,75.767785,-82.574348,42.272334,15.225205,67.617823,24.718568,24.091648,4.119761,223.900075
2.580000,1.052968,60.181466,-3.920300,1.073871,60.184260,2.433028,0.000000,60.000000,0.000000,1.003093,60.188362,-9.527023,1.009950,60.187438,-8.562914,1.012893,60.187393,-8.000404,1.003479,60.187025,-9.796097,1.002533,60.186811,-10.165217,1.031480,60.182746,-8.853243,1.022759,60.188121,-5.740373,1.018368,60.187889,-6.504361,1.008092,60.188154,-6.407063,1.020117,60.188416,-6.216840,1.017233,60.189161,-7.305444,1.030952,60.192089,-5.974933,1.050139,60.193365,-4.045912,1.053810,60.193625,-4.186206,1.053136,60.193596,-4.786779,1.066531,60.195570,-0.171465,1.007827,60.196445,-1.265891,1.050741,60.193324,-1.961336,1.066249,60.193307,1.896482,1.061590,60.193236,1.728805,1.055280,60.193333,-3.941425,1.072045,60.187500,2.974829,1.069880,60.194946,-0.475125,1.057079,60.194204,-3.171756,1.068395,60.201821,2.377436,1.066874,60.204387,4.713454,1.055931,60.179496,4.717387,0.984985,60.186296,-1.637918,0.985846,60.187773,0.791113,1.008380,60.196381,4.135558,1.025744,60.197641,2.940381,1.061067,60.193385,6.220931,1.074408,60.192960,8.591603,1.036761,60.190004,8.880175,1.038063,60.210294,10.741768,1.030964,60.180036,-7.904615,1.002988,1.002963,1.003044,1.003273,1.003334,1.003304,1.003851,1.002751,-38.170104,0.000000,5.989088,15.196374,6.483167,24.419631,27.908027,-24.669303,0.000000,447.800150,209.391350,467.503357,6.717002,286.592096,294.652499,141.504847,562.436988,245.394482,221.661074,276.382253,200.614467,124.488442,251.663684,184.493662,253.902685,8.239523,988.742731,0.000000,164.790455,75.230425,157.625653,78.812826,137.026846,28.927890,26.868009,92.246831,102.994034,75.767785,-82.574348,42.272334,15.225205,67.617823,24.718568,24.091648,4.119761,223.900075
2.600000,1.052759,60.182896,-3.985632,1.073374,60.184976,2.384600,0.000000,60.000000,0.000000,1.003209,60.192573,-9.530130,1.010097,60.191678,-8.572550,1.013048,60.191691,-8.010099,1.003623,60.191128,-9.809326,1.002672,60.190824,-10.180392,1.031545,60.185482,-8.903456,1.022910,60.192609,-5.743969,1.018519,60.192311,-6.509924,1.008237,60.192571,-6.410738,1.020249,60.192827,-6.218653,1.017315,60.193393,-7.302697,1.030885,60.195968,-5.952675,1.050019,60.197110,-4.015060,1.053606,60.196988,-4.155196,1.052931,60.196955,-4.755998,1.066481,60.199865,-0.122243,1.007763,60.200922,-1.209544,1.050634,60.197093,-1.930669,1.066157,60.197120,1.927227,1.061507,60.197047,1.759034,1.055166,60.197080,-3.910793,1.071781,60.188411,2.950642,1.069388,60.196966,-0.440642,1.056716,60.196838,-3.139861,1.067544,60.203677,2.460735,1.065948,60.206197,4.815044,1.055480,60.179518,4.631476,0.985272,60.191367,-1.652038,0.986084,60.192988,0.788292,1.008422,60.200928,4.191759,1.025668,60.202414,3.006682,1.060978,60.197251,6.252479,1.074375,60.196850,8.620198,1.036529,60.190562,8.872467,1.037076,60.212017,10.885546,1.030969,60.181915,-7.978218,1.003016,1.003086,1.003162,1.003366,1.003437,1.003301,1.003881,1.002705,-38.179910,0.000000,6.022840,15.323713,6.639137,24.539790,28.271870,-24.797857,0.000000,447.800150,209.391350,467.503357,6.717002,286.592096,294.652499,141.504847,562.436988,245.394482,221.661074,276.382253,200.614467,124.488442,251.663684,184.493662,253.902685,8.239523,988.742731,0.000000,164.790455,75.230425,157.625653,78.812826,137.026846,28.927890,26.868009,92.246831,102.994034,75.767785,-82.574348,42.272334,15.225205,67.617823,24.718568,24.091648,4.119761,223.900075
2.620000,1.052558,60.184358,-4.064923,1.072880,60.185732,2.317098,0.000000,60.000000,0.000000,1.003268,60.196695,-9.527700,1.010187,60.195838,-8.576397,1.013146,60.195909,-8.013589,1.003713,60.195158,-9.817723,1.002758,60.194767,-10.191371,1.031586,60.188205,-8.958421,1.023003,60.197005,-5.740045,1.018612,60.196646,-6.508420,1.008322,60.196896,-6.407405,1.020324,60.197145,-6.213507,1.017344,60.197524,-7.294317,1.030777,60.199715,-5.927465,1.049863,60.200708,-3.982290,1.053376,60.200207,-4.125013,1.052700,60.200170,-4.726073,1.066395,60.203979,-0.067294,1.007662,60.205207,-1.146209,1.050487,60.200714,-1.897920,1.066022,60.200783,1.960365,1.061383,60.200709,1.791639,1.055015,60.200680,-3.878233,1.071531,60.189299,2.908503,1.068900,60.198839,-0.416676,1.056346,60.199328,-3.114042,1.066692,60.205288,2.531890,1.065019,60.207726,4.903999,1.055033,60.179698,4.522019,0.985505,60.196361,-1.654371,0.986264,60.198101,0.798183,1.008435,60.205279,4.255437,1.025556,60.206974,3.082009,1.060845,60.200961,6.286774,1.074301,60.200585,8.651718,1.036311,60.191038,8.843994,1.036080,60.213375,11.015680,1.030972,60.183817,-8.062583,1.003045,1.003209,1.003279,1.003454,1.003536,1.003293,1.003899,1.002668,-38.230440,0.000000,6.054320,15.437135,6.785753,24.604506,28.592967,-24.997364,0.000000,447.800150,209.391350,467.503357,6.717002,286.592096,294.652499,141.504847,562.436988,245.394482,221.661074,276.382253,200.614467,124.488442,251.663684,184.493662,253.902685,8.239523,988.742731,0.000000,164.790455,75.230425,157.625653,78.812826,137.026846,28.927890,26.868009,92.246831,102.994034,75.767785,-82.574348,42.272334,15.225205,67.617823,24.718568,24.091648,4.119761,223.900075
2.640000,1.052366,60.185864,-4.157168,1.072394,60.186553,2.231646,0.000000,60.000000,0.000000,1.003273,60.200704,-9.519757,1.010223,60.199895,-8.574414,1.013189,60.200023,-8.010835,1.003749,60.199093,-9.821191,1.002792,60.198619,-10.198028,1.031606,60.190905,-9.017552,1.023039,60.201282,-5.728662,1.018648,60.200866,-6.499878,1.008350,60.201104,-6.397113,1.020343,60.201342,-6.201471,1.017321,60.201532,-7.280405,1.030631,60.203315,-5.899597,1.049674,60.204148,-3.947991,1.053124,60.203273,-4.096008,1.052447,60.203233,-4.697350,1.066274,60.207894,-0.007281,1.007526,60.209278,-1.076646,1.050304,60.204174,-1.863489,1.065849,60.204282,1.995475,1.061220,60.204206,1.826206,1.054830,60.204121,-3.844131,1.071299,60.190190,2.849084,1.068422,60.200578,-0.403507,1.055975,60.201678,-3.094597,1.065851,60.206671,2.589939,1.064100,60.208993,4.979101,1.054593,60.180066,4.391015,0.985687,60.201244,-1.644901,0.986386,60.203076,0.820614,1.008421,60.209413,4.325806,1.025411,60.211298,3.165451,1.060672,60.204504,6.323365,1.074188,60.204155,8.685724,1.036107,60.191469,8.795052,1.035091,60.214388,11.130353,1.030974,60.185745,-8.156811,1.003075,1.003330,1.003393,1.003539,1.003631,1.003282,1.003907,1.002642,-38.321078,0.000000,6.083068,15.535292,6.921488,24.612436,28.867084,-25.263267,0.000000,447.800150,209.391350,467.503357,6.717002,286.592096,294.652499,141.504847,562.436988,245.394482,221.661074,276.382253,200.614467,124.488442,251.663684,184.493662,253.902685,8.239523,988.742731,0.000000,164.790455,75.230425,157.625653,78.812826,137.026846,28.927890,26.868009,92.246831,102.994034,75.767785,-82.574348,42.272334,15.225205,67.617823,24.718568,24.091648,4.119761,223.900075
2.660000,1.052186,60.187422,-4.261233,1.071922,60.187462,2.129603,0.000000,60.000000,0.000000,1.003226,60.204579,-9.506431,1.010204,60.203825,-8.566671,1.013177,60.204008,-8.001919,1.003733,60.202909,-9.819738,1.002775,60.202358,-10.200335,1.031604,60.193576,-9.080260,1.023019,60.205414,-5.710009,1.018629,60.204947,-6.484452,1.008323,60.205171,-6.380036,1.020308,60.205396,-6.182738,1.017248,60.205395,-7.261164,1.030450,60.206753,-5.869422,1.049455,60.207415,-3.912586,1.052855,60.206180,-4.068530,1.052177,60.206137,-4.670175,1.066121,60.211590,0.057055,1.007359,60.213115,-1.001705,1.050087,60.207461,-1.827807,1.065639,60.207606,2.032106,1.061021,60.207530,1.862288,1.054615,60.207390,-3.808912,1.071084,60.191107,2.773295,1.067961,60.202196,-0.401261,1.055609,60.203891,-3.081740,1.065034,60.207848,2.634117,1.063205,60.210019,5.039337,1.054164,60.180650,4.240729,0.985817,60.205984,-1.623788,0.986453,60.207881,0.855226,1.008381,60.213308,4.401986,1.025233,60.215365,3.255990,1.060462,60.207868,6.361775,1.074038,60.207549,8.721755,1.035921,60.191890,8.726256,1.034123,60.215083,11.227983,1.030973,60.187698,-8.259935,1.003104,1.003449,1.003504,1.003618,1.003719,1.003268,1.003905,1.002626,-38.450738,0.000000,6.108646,15.617027,7.045001,24.563121,29.090685,-25.590158,0.000000,447.800150,209.391350,467.503357,6.717002,286.592096,294.652499,141.504847,562.436988,245.394482,221.661074,276.382253,200.614467,124.488442,251.663684,184.493662,253.902685,8.239523,988.742731,0.000000,164.790455,75.230425,157.625653,78.812826,137.026846,28.927890,26.868009,92.246831,102.994034,75.767785,-82.574348,42.272334,15.225205,67.617823,24.718568,24.091648,4.119761,223.900075
2.680000,1.052020,60.189041,-4.375867,1.071469,60.188482,2.012534,0.000000,60.000000,0.000000,1.003129,60.208297,-9.487958,1.010134,60.207606,-8.553348,1.013113,60.207842,-7.987037,1.003667,60.206588,-9.813474,1.002710,60.205965,-10.198362,1.031581,60.196209,-9.145962,1.022947,60.209379,-5.684402,1.018557,60.208867,-6.462417,1.008241,60.209073,-6.356466,1.020222,60.209282,-6.157619,1.017129,60.209093,-7.236899,1.030237,60.210014,-5.837343,1.049210,60.210501,-3.876527,1.052572,60.208923,-4.042917,1.051892,60.208878,-4.644881,1.065938,60.215054,0.124907,1.007162,60.216702,-0.922312,1.049841,60.210565,-1.791333,1.065397,60.210746,2.069786,1.060789,60.210670,1.899419,1.054372,60.210478,-3.773023,1.070888,60.192076,2.682273,1.067523,60.203708,-0.409911,1.055252,60.205973,-3.075601,1.064251,60.208839,2.663861,1.062346,60.210830,5.083920,1.053750,60.181473,4.073655,0.985895,60.210551,-1.591369,0.986465,60.212483,0.901479,1.008316,60.216948,4.483015,1.025026,60.219156,3.352517,1.060217,60.211045,6.401509,1.073853,60.210758,8.759333,1.035753,60.192339,8.638537,1.033188,60.215492,11.307253,1.030972,60.189679,-8.370928,1.003135,1.003564,1.003610,1.003692,1.003802,1.003253,1.003895,1.002622,-38.617873,0.000000,6.130649,15.681391,7.155156,24.457021,29.260982,-25.971876,0.000000,447.800150,209.391350,467.503357,6.717002,286.592096,294.652499,141.504847,562.436988,245.394482,221.661074,276.382253,200.614467,124.488442,251.663684,184.493662,253.902685,8.239523,988.742731,0.000000,164.790455,75.230425,157.625653,78.812826,137.026846,28.927890,26.868009,92.246831,102.994034,75.767785,-82.574348,42.272334,15.225205,67.617823,24.718568,24.091648,4.119761,223.900075
2.700000,1.051868,60.190729,-4.499719,1.071039,60.189631,1.882192,0.000000,60.000000,0.000000,1.002983,60.211840,-9.464675,1.010014,60.211218,-8.534735,1.012998,60.211505,-7.966496,1.003552,60.210108,-9.802610,1.002596,60.209422,-10.192273,1.031536,60.198799,-9.214083,1.022822,60.213155,-5.652274,1.018433,60.212602,-6.434163,1.008108,60.212790,-6.326810,1.020085,60.212981,-6.126536,1.016964,60.212609,-7.208006,1.029995,60.213088,-5.803804,1.048941,60.213397,-3.840286,1.052277,60.211498,-4.019493,1.051595,60.211452,-4.621790,1.065729,60.218272,0.195414,1.006937,60.220024,-0.839463,1.049567,60.213480,-1.754544,1.065125,60.213693,2.108023,1.060528,60.213618,1.937111,1.054104,60.213376,-3.736938,1.070712,60.193119,2.577364,1.067111,60.205129,-0.429279,1.054907,60.207931,-3.076221,1.063512,60.209670,2.678821,1.061534,60.211453,5.112293,1.053354,60.182554,3.892472,0.985924,60.214915,-1.548146,0.986423,60.216853,0.958656,1.008228,60.220318,4.567859,1.024792,60.222654,3.453844,1.059940,60.214027,6.442056,1.073635,60.213774,8.797967,1.035604,60.192852,8.533133,1.032299,60.215648,11.367123,1.030969,60.191689,-8.488713,1.003166,1.003674,1.003711,1.003760,1.003879,1.003238,1.003875,1.002629,-38.820486,0.000000,6.148711,15.727663,7.251040,24.295530,29.375979,-26.401623,0.000000,447.800150,209.391350,467.503357,6.717002,286.592096,294.652499,141.504847,562.436988,245.394482,221.661074,276.382253,200.614467,124.488442,251.663684,184.493662,253.902685,8.239523,988.742731,0.000000,164.790455,75.230425,157.625653,78.812826,137.026846,28.927890,26.868009,92.246831,102.994034,75.767785,-82.574348,42.272334,15.225205,67.617823,24.718568,24.091648,4.119761,223.900075
2.720000,1.051731,60.192493,-4.631354,1.070635,60.190925,1.740489,0.000000,60.000000,0.000000,1.002790,60.215191,-9.437013,1.009845,60.214644,-8.511218,1.012833,60.214977,-7.940706,1.003389,60.213454,-9.787451,1.002437,60.212711,-10.182319,1.031471,60.201338,-9.284057,1.022648,60.216721,-5.614172,1.018259,60.216135,-6.400193,1.007924,60.216302,-6.291581,1.019900,60.216474,-6.090016,1.016756,60.215924,-7.174968,1.029726,60.215966,-5.769286,1.048651,60.216096,-3.804350,1.051973,60.213905,-3.998562,1.051290,60.213857,-4.601201,1.065493,60.221235,0.267672,1.006687,60.223071,-0.754204,1.049268,60.216197,-1.717931,1.064824,60.216442,2.146317,1.060237,60.216369,1.974869,1.053814,60.216078,-3.701141,1.070556,60.194257,2.460103,1.066729,60.206475,-0.459038,1.054578,60.209771,-3.083554,1.062827,60.210366,2.678866,1.060779,60.211917,5.124142,1.052977,60.183904,3.700001,0.985902,60.219052,-1.494787,0.986328,60.220966,1.025877,1.008117,60.223406,4.655426,1.024533,60.225848,3.558720,1.059633,60.216808,6.482898,1.073385,60.216593,8.837155,1.035473,60.193463,8.411571,1.031468,60.215588,11.406846,1.030965,60.193729,-8.612169,1.003198,1.003779,1.003806,1.003822,1.003949,1.003224,1.003849,1.002649,-39.056155,0.000000,6.162513,15.755356,7.331971,24.080975,29.434501,-26.872068,0.000000,447.800150,209.391350,467.503357,6.717002,286.592096,294.652499,141.504847,562.436988,245.394482,221.661074,276.382253,200.614467,124.488442,251.663684,184.493662,253.902685,8.239523,988.742731,0.000000,164.790455,75.230425,157.625653,78.812826,137.026846,28.927890,26.868009,92.246831,102.994034,75.767785,-82.574348,42.272334,15.225205,67.617823,24.718568,24.091648,4.119761,223.900075
2.740000,1.051608,60.194338,-4.769266,1.070259,60.192377,1.589473,0.000000,60.000000,0.000000,1.002553,60.218336,-9.405485,1.009629,60.217867,-8.483277,1.012621,60.218243,-7.910172,1.003180,60.216611,-9.768384,1.002232,60.215818,-10.168831,1.031386,60.203822,-9.355332,1.022426,60.220060,-5.570743,1.018037,60.219448,-6.361105,1.007692,60.219593,-6.251389,1.019669,60.219744,-6.048679,1.016507,60.219027,-7.138346,1.029431,60.218641,-5.734298,1.048341,60.218596,-3.769213,1.051663,60.216143,-3.980402,1.050978,60.216094,-4.583391,1.065234,60.223935,0.340745,1.006413,60.225834,-0.667619,1.048946,60.218714,-1.681990,1.064497,60.218990,2.184162,1.059920,60.218918,2.012191,1.053503,60.218580,-3.666125,1.070418,60.195508,2.332195,1.066381,60.207763,-0.498714,1.054266,60.211504,-3.097466,1.062202,60.210954,2.664079,1.060091,60.212252,5.119397,1.052621,60.185533,3.499164,0.985831,60.222935,-1.432111,0.986184,60.224797,1.102115,1.007983,60.226204,4.744584,1.024250,60.228729,3.665848,1.059298,60.219386,6.523515,1.073104,60.219210,8.876397,1.035360,60.194207,8.275651,1.030705,60.215351,11.425980,1.030961,60.195798,-8.740145,1.003230,1.003878,1.003894,1.003877,1.004012,1.003211,1.003817,1.002681,-39.322049,0.000000,6.171798,15.764236,7.397510,23.816591,29.436216,-27.375468,0.000000,447.800150,209.391350,467.503357,6.717002,286.592096,294.652499,141.504847,562.436988,245.394482,221.661074,276.382253,200.614467,124.488442,251.663684,184.493662,253.902685,8.239523,988.742731,0.000000,164.790455,75.230425,157.625653,78.812826,137.026846,28.927890,26.868009,92.246831,102.994034,75.767785,-82.574348,42.272334,15.225205,67.617823,24.718568,24.091648,4.119761,223.900075
2.760000,1.051501,60.196267,-4.911899,1.069915,60.193999,1.431289,0.000000,60.000000,0.000000,1.002273,60.221261,-9.370677,1.009368,60.220875,-8.451472,1.012363,60.221289,-7.875486,1.002927,60.219565,-9.745876,1.001985,60.218733,-10.152214,1.031281,60.206246,-9.427371,1.022158,60.223159,-5.522725,1.017769,60.222528,-6.317587,1.007414,60.222650,-6.206930,1.019394,60.222779,-6.003228,1.016218,60.221906,-7.098766,1.029113,60.221107,-5.699370,1.048013,60.220894,-3.735366,1.051346,60.218214,-3.965262,1.050660,60.218164,-4.568609,1.064953,60.226369,0.413683,1.006118,60.228309,-0.580814,1.048602,60.221029,-1.647217,1.064145,60.221334,2.221054,1.059577,60.221265,2.048578,1.053173,60.220881,-3.632380,1.070298,60.196889,2.195489,1.066069,60.209008,-0.547699,1.053973,60.213137,-3.117738,1.061645,60.211460,2.634760,1.059475,60.212490,5.098230,1.052288,60.187443,3.292941,0.985713,60.226544,-1.361079,0.985992,60.228326,1.186205,1.007828,60.228705,4.834173,1.023946,60.231290,3.773903,1.058937,60.221759,6.563390,1.072793,60.221625,8.915191,1.035263,60.195112,8.127414,1.030019,60.214978,11.424393,1.030955,60.197898,-8.871464,1.003263,1.003970,1.003975,1.003925,1.004067,1.003203,1.003779,1.002724,-39.614964,0.000000,6.176371,15.754321,7.447466,23.506481,29.381634,-27.903787,0.000000,447.800150,209.391350,467.503357,6.717002,286.592096,294.652499,141.504847,562.436988,245.394482,221.661074,276.382253,200.614467,124.488442,251.663684,184.493662,253.902685,8.239523,988.742731,0.000000,164.790455,75.230425,157.625653,78.812826,137.026846,28.927890,26.868009,92.246831,102.994034,75.767785,-82.574348,42.272334,15.225205,67.617823,24.718568,24.091648,4.119761,223.900075
2.780000,1.051408,60.198283,-5.057660,1.069602,60.195796,1.268160,0.000000,60.000000,0.000000,1.001954,60.223958,-9.333239,1.009065,60.223657,-8.416434,1.012062,60.224104,-7.837313,1.002632,60.222307,-9.720457,1.001697,60.221444,-10.132933,1.031157,60.208606,-9.499652,1.021847,60.226006,-5.470931,1.017459,60.225362,-6.270402,1.007093,60.225461,-6.158972,1.019077,60.225568,-5.954439,1.015893,60.224552,-7.056911,1.028773,60.223363,-5.665040,1.047669,60.222990,-3.703292,1.051026,60.220121,-3.953358,1.050338,60.220071,-4.557066,1.064651,60.228535,0.485529,1.005802,60.230494,-0.494904,1.048238,60.223142,-1.614097,1.063770,60.223475,2.256500,1.059211,60.223409,2.083538,1.052826,60.222980,-3.600387,1.070194,60.198412,2.051948,1.065793,60.210227,-0.605256,1.053700,60.214681,-3.144068,1.061161,60.211912,2.591416,1.058940,60.212662,5.061052,1.051978,60.189633,3.084321,0.985549,60.229860,-1.282779,0.985754,60.231536,1.276869,1.007652,60.230909,4.923024,1.023621,60.233531,3.881545,1.058551,60.223926,6.602013,1.072454,60.223836,8.953044,1.035182,60.196204,7.969112,1.029417,60.214510,11.402260,1.030949,60.200029,-9.004935,1.003297,1.004054,1.004047,1.003967,1.004115,1.003198,1.003738,1.002779,-39.931359,0.000000,6.176111,15.725893,7.481893,23.155558,29.272106,-28.448814,0.000000,447.800150,209.391350,467.503357,6.717002,286.592096,294.652499,141.504847,562.436988,245.394482,221.661074,276.382253,200.614467,124.488442,251.663684,184.493662,253.902685,8.239523,988.742731,0.000000,164.790455,75.230425,157.625653,78.812826,137.026846,28.927890,26.868009,92.246831,102.994034,75.767785,-82.574348,42.272334,15.225205,67.617823,24.718568,24.091648,4.119761,223.900075
2.800000,1.051328,60.200387,-5.204944,1.069322,60.197773,1.102345,0.000000,60.000000,0.000000,1.001597,60.226421,-9.293866,1.008722,60.226205,-8.378848,1.011721,60.226680,-7.796377,1.002299,60.224830,-9.692712,1.001371,60.223945,-10.111503,1.031015,60.210900,-9.571668,1.021497,60.228593,-5.416238,1.017109,60.227944,-6.220376,1.006733,60.228018,-6.108343,1.018722,60.228103,-5.903142,1.015535,60.226961,-7.013504,1.028414,60.225409,-5.631844,1.047311,60.224888,-3.673454,1.050704,60.221871,-3.944866,1.050014,60.221820,-4.548939,1.064330,60.230435,0.555340,1.005468,60.232391,-0.410991,1.047857,60.225055,-1.583098,1.063375,60.225415,2.290022,1.058823,60.225352,2.116597,1.052464,60.224880,-3.570610,1.070105,60.200087,1.903621,1.065555,60.211433,-0.670535,1.053447,60.216146,-3.176074,1.060752,60.212336,2.534754,1.058489,60.212799,5.008507,1.051691,60.192095,2.876264,0.985341,60.232869,-1.198412,0.985475,60.234415,1.372731,1.007456,60.232816,5.009973,1.023279,60.235451,3.987445,1.058143,60.225890,6.638891,1.072088,60.225845,8.989473,1.035114,60.197505,7.803172,1.028906,60.213989,11.360063,1.030941,60.202190,-9.139360,1.003331,1.004129,1.004111,1.004001,1.004156,1.003199,1.003694,1.002844,-40.267388,0.000000,6.170976,15.679494,7.501090,22.769468,29.109805,-29.002282,0.000000,447.800150,209.391350,467.503357,6.717002,286.592096,294.652499,141.504847,562.436988,245.394482,221.661074,276.382253,200.614467,124.488442,251.663684,184.493662,253.902685,8.239523,988.742731,0.000000,164.790455,75.230425,157.625653,78.812826,137.026846,28.927890,26.868009,92.246831,102.994034,75.767785,-82.574348,42.272334,15.225205,67.617823,24.718568,24.091648,4.119761,223.900075
2.820000,1.051260,60.202578,-5.352142,1.069074,60.199929,0.936113,0.000000,60.000000,0.000000,1.001207,60.228645,-9.253288,1.008344,60.228514,-8.339447,1.011344,60.229011,-7.753448,1.001931,60.227128,-9.663264,1.001011,60.226233,-10.088479,1.030856,60.213126,-9.642931,1.021110,60.230914,-5.359569,1.016722,60.230267,-6.168378,1.006336,60.230318,-6.055914,1.018333,60.230379,-5.850209,1.015146,60.229128,-6.969296,1.028039,60.227247,-5.600313,1.046941,60.226590,-3.646292,1.050380,60.223469,-3.939920,1.049688,60.223418,-4.544360,1.063992,60.232074,0.622195,1.005118,60.234004,-0.330156,1.047460,60.226772,-1.554664,1.062960,60.227157,2.321162,1.058416,60.227098,2.147302,1.052089,60.226586,-3.543487,1.070029,60.201921,1.752612,1.065354,60.212642,-0.742580,1.053215,60.217542,-3.213303,1.060423,60.212758,2.465670,1.058125,60.212933,4.941459,1.051428,60.194818,2.671659,0.985092,60.235558,-1.109272,0.985157,60.236953,1.472337,1.007242,60.234431,5.093880,1.022922,60.237056,4.090293,1.057714,60.227654,6.673550,1.071696,60.227654,9.024011,1.035057,60.199031,7.632148,1.028488,60.213456,11.298580,1.030932,60.204381,-9.273547,1.003367,1.004195,1.004167,1.004029,1.004189,1.003206,1.003649,1.002919,-40.618953,0.000000,6.161006,15.615925,7.505595,22.354495,28.897692,-29.555982,0.000000,447.800150,209.391350,467.503357,6.717002,286.592096,294.652499,141.504847,562.436988,245.394482,221.661074,276.382253,200.614467,124.488442,251.663684,184.493662,253.902685,8.239523,988.742731,0.000000,164.790455,75.230425,157.625653,78.812826,137.026846,28.927890,26.868009,92.246831,102.994034,75.767785,-82.574348,42.272334,15.225205,67.617823,24.718568,24.091648,4.119761,223.900075
2.840000,1.051203,60.204855,-5.497665,1.068858,60.202260,0.771710,0.000000,60.000000,0.000000,1.000787,60.230631,-9.212257,1.007934,60.230582,-8.298989,1.010935,60.231096,-7.709332,1.001532,60.229202,-9.632766,1.000621,60.228305,-10.064441,1.030682,60.215282,-9.712966,1.020692,60.232968,-5.301879,1.016304,60.232329,-6.115313,1.005907,60.232357,-6.002585,1.017914,60.232396,-5.796539,1.014730,60.231055,-6.925055,1.027649,60.228881,-5.570953,1.046561,60.228105,-3.622208,1.050056,60.224922,-3.938609,1.049363,60.224872,-4.543416,1.063641,60.233459,0.685214,1.004754,60.235342,-0.253436,1.047050,60.228301,-1.529206,1.062529,60.228708,2.349495,1.057991,60.228653,2.175229,1.051703,60.228103,-3.519420,1.069964,60.203917,1.601051,1.065191,60.213865,-0.820350,1.053003,60.218880,-3.255233,1.060173,60.213204,2.385234,1.057849,60.213091,4.860979,1.051187,60.197786,2.473287,0.984806,60.237919,-1.016729,0.984805,60.239146,1.574181,1.007011,60.235762,5.173646,1.022550,60.238354,4.188823,1.057268,60.229223,6.705545,1.071280,60.229270,9.056216,1.035009,60.200794,7.458687,1.028168,60.212951,11.218878,1.030923,60.206601,-9.406312,1.003403,1.004252,1.004213,1.004050,1.004215,1.003220,1.003604,1.003003,-40.981744,0.000000,6.146324,15.536240,7.496170,21.917456,28.639477,-30.101877,0.000000,447.800150,209.391350,467.503357,6.717002,286.592096,294.652499,141.504847,562.436988,245.394482,221.661074,276.382253,200.614467,124.488442,251.663684,184.493662,253.902685,8.239523,988.742731,0.000000,164.790455,75.230425,157.625653,78.812826,137.026846,28.927890,26.868009,92.246831,102.994034,75.767785,-82.574348,42.272334,15.225205,67.617823,24.718568,24.091648,4.119761,223.900075
2.860000,1.051155,60.207213,-5.639958,1.068673,60.204761,0.611328,0.000000,60.000000,0.000000,1.000343,60.232380,-9.171529,1.007498,60.232411,-8.258250,1.010499,60.232934,-7.664846,1.001106,60.231051,-9.601884,1.000206,60.230163,-10.039981,1.030495,60.217370,-9.781317,1.020247,60.234755,-5.244137,1.015859,60.234133,-6.062096,1.005451,60.234138,-5.949269,1.017469,60.234155,-5.743041,1.014293,60.232743,-6.881545,1.027248,60.230320,-5.544242,1.046174,60.229439,-3.601566,1.049734,60.226242,-3.940974,1.049039,60.226191,-4.546145,1.063277,60.234600,0.743569,1.004379,60.236416,-0.181811,1.046629,60.229648,-1.507095,1.062084,60.230075,2.374630,1.057551,60.230025,2.199989,1.051308,60.229441,-3.498773,1.069908,60.206074,1.451055,1.065063,60.215116,-0.902727,1.052811,60.220171,-3.301279,1.060002,60.213697,2.294675,1.057662,60.213302,4.768333,1.050968,60.200979,2.283781,0.984486,60.239948,-0.922207,0.984424,60.240993,1.676725,1.006764,60.236820,5.248228,1.022168,60.239356,4.281829,1.056808,60.230605,6.734460,1.070844,60.230697,9.085672,1.034966,60.202799,7.285474,1.027944,60.212513,11.122289,1.030912,60.208850,-9.536492,1.003439,1.004299,1.004250,1.004064,1.004233,1.003242,1.003560,1.003095,-41.351296,0.000000,6.127142,15.441735,7.473793,21.465583,28.339567,-30.632205,0.000000,447.800150,209.391350,467.503357,6.717002,286.592096,294.652499,141.504847,562.436988,245.394482,221.661074,276.382253,200.614467,124.488442,251.663684,184.493662,253.902685,8.239523,988.742731,0.000000,164.790455,75.230425,157.625653,78.812826,137.026846,28.927890,26.868009,92.246831,102.994034,75.767785,-82.574348,42.272334,15.225205,67.617823,24.718568,24.091648,4.119761,223.900075
2.880000,1.051115,60.209648,-5.777520,1.068516,60.207420,0.457075,0.000000,60.000000,0.000000,0.999879,60.233898,-9.131848,1.007041,60.234004,-8.218001,1.010041,60.234531,-7.620812,1.000660,60.232679,-9.571282,0.999770,60.231810,-10.015692,1.030298,60.219390,-9.847540,1.019782,60.236280,-5.187308,1.015393,60.235681,-6.009645,1.004975,60.235665,-5.896875,1.017004,60.235661,-5.690616,1.013838,60.234200,-6.839520,1.026839,60.231571,-5.520620,1.045783,60.230605,-3.584678,1.049416,60.227437,-3.947001,1.048719,60.227387,-4.552534,1.062904,60.235510,0.796496,1.003996,60.237238,-0.116193,1.046200,60.230824,-1.488656,1.061629,60.231268,2.396220,1.057100,60.231222,2.221238,1.050908,60.230610,-3.481859,1.069857,60.208389,1.304705,1.064969,60.216403,-0.988537,1.052639,60.221424,-3.350805,1.059909,60.214258,2.195364,1.057562,60.213594,4.664957,1.050769,60.204375,2.105594,0.984138,60.241646,-0.827166,0.984020,60.242497,1.778425,1.006503,60.237619,5.316657,1.021778,60.240077,4.368177,1.056336,60.231809,6.759921,1.070390,60.231945,9.111995,1.034926,60.205045,7.115187,1.027817,60.212179,11.010397,1.030901,60.211127,-9.662953,1.003477,1.004336,1.004277,1.004072,1.004244,1.003271,1.003519,1.003194,-41.723037,0.000000,6.103754,15.333935,7.439633,21.006390,28.003002,-31.139576,0.000000,447.800150,209.391350,467.503357,6.717002,286.592096,294.652499,141.504847,562.436988,245.394482,221.661074,276.382253,200.614467,124.488442,251.663684,184.493662,253.902685,8.239523,988.742731,0.000000,164.790455,75.230425,157.625653,78.812826,137.026846,28.927890,26.868009,92.246831,102.994034,75.767785,-82.574348,42.272334,15.225205,67.617823,24.718568,24.091648,4.119761,223.900075
2.900000,1.051082,60.212155,-5.908911,1.068386,60.210226,0.310948,0.000000,60.000000,0.000000,0.999403,60.235192,-9.093939,1.006569,60.235369,-8.179003,1.009568,60.235892,-7.578037,1.000199,60.234094,-9.541611,0.999320,60.233254,-9.992151,1.030094,60.221344,-9.911206,1.019302,60.237550,-5.132340,1.014913,60.236981,-5.958857,1.004484,60.236945,-5.846291,1.016526,60.236922,-5.640147,1.013373,60.235434,-6.799705,1.026427,60.232646,-5.500478,1.045390,60.231613,-3.571803,1.049103,60.228519,-3.956627,1.048404,60.228470,-4.562516,1.062526,60.236205,0.843312,1.003608,60.237826,-0.057405,1.045768,60.231841,-1.474161,1.061167,60.232297,2.413966,1.056642,60.232256,2.238678,1.050506,60.231621,-3.468936,1.069811,60.210853,1.164010,1.064907,60.217737,-1.076563,1.052486,60.222650,-3.403124,1.059889,60.214908,2.088792,1.057546,60.213989,4.552443,1.050588,60.207946,1.940971,0.983767,60.243015,-0.733075,0.983599,60.243666,1.877749,1.006232,60.238176,5.378050,1.021383,60.240533,4.446826,1.055857,60.232845,6.781598,1.069921,60.233023,9.134843,1.034887,60.207527,6.950452,1.027782,60.211983,10.885012,1.030888,60.213429,-9.784595,1.003515,1.004363,1.004296,1.004075,1.004249,1.003307,1.003481,1.003297,-42.092348,0.000000,6.076537,15.214571,7.395037,20.547545,27.635380,-31.617069,0.000000,447.800150,209.391350,467.503357,6.717002,286.592096,294.652499,141.504847,562.436988,245.394482,221.661074,276.382253,200.614467,124.488442,251.663684,184.493662,253.902685,8.239523,988.742731,0.000000,164.790455,75.230425,157.625653,78.812826,137.026846,28.927890,26.868009,92.246831,102.994034,75.767785,-82.574348,42.272334,15.225205,67.617823,24.718568,24.091648,4.119761,223.900075
2.920000,1.051054,60.214726,-6.032776,1.068281,60.213162,0.174804,0.000000,60.000000,0.000000,0.998921,60.236274,-9.058487,1.006089,60.236515,-8.141983,1.009087,60.237027,-7.537300,0.999731,60.235303,-9.513495,0.998862,60.234502,-9.969912,1.029885,60.223235,-9.971900,1.018815,60.238576,-5.080142,1.014425,60.238043,-5.910598,1.003987,60.237989,-5.798372,1.016041,60.237948,-5.592477,1.012902,60.236455,-6.762782,1.026015,60.233558,-5.484149,1.045000,60.232478,-3.563136,1.048798,60.229501,-3.969734,1.048097,60.229453,-4.575970,1.062147,60.236702,0.883418,1.003219,60.238199,-0.006176,1.045336,60.232712,-1.463822,1.060704,60.233175,2.427624,1.056181,60.233140,2.252068,1.050105,60.232488,-3.460202,1.069766,60.213456,1.030878,1.064875,60.219124,-1.165563,1.052351,60.223858,-3.457515,1.059940,60.215664,1.976556,1.057608,60.214509,4.432513,1.050423,60.211663,1.791923,0.983380,60.244062,-0.641393,0.983168,60.244510,1.973208,1.005953,60.238511,5.431628,1.020985,60.240746,4.516840,1.055376,60.233725,6.799210,1.069443,60.233943,9.153919,1.034846,60.210234,6.793792,1.027837,60.211956,10.748147,1.030875,60.215756,-9.900362,1.003553,1.004380,1.004306,1.004072,1.004247,1.003352,1.003447,1.003405,-42.454613,0.000000,6.045944,15.085566,7.341499,20.096724,27.242782,-32.058308,0.000000,447.800150,209.391350,467.503357,6.717002,286.592096,294.652499,141.504847,562.436988,245.394482,221.661074,276.382253,200.614467,124.488442,251.663684,184.493662,253.902685,8.239523,988.742731,0.000000,164.790455,75.230425,157.625653,78.812826,137.026846,28.927890,26.868009,92.246831,102.994034,75.767785,-82.574348,42.272334,15.225205,67.617823,24.718568,24.091648,4.119761,223.900075
2.940000,1.051029,60.217347,-6.147860,1.068197,60.216201,0.050325,0.000000,60.000000,0.000000,0.998439,60.237130,-9.026172,1.005609,60.237432,-8.107666,1.008605,60.237927,-7.499371,0.999262,60.236299,-9.487556,0.998404,60.235547,-9.949528,1.029676,60.225058,-10.029237,1.018327,60.239350,-5.031615,1.013937,60.238859,-5.865722,1.003489,60.238787,-5.753962,1.015556,60.238728,-5.548440,1.012433,60.237249,-6.729435,1.025608,60.234276,-5.471985,1.044616,60.233163,-3.558896,1.048502,60.230350,-3.986226,1.047800,60.230303,-4.592799,1.061769,60.236990,0.916264,1.002831,60.238351,0.036828,1.044908,60.233387,-1.457899,1.060242,60.233842,2.436879,1.055719,60.233802,2.261075,1.049710,60.233170,-3.455886,1.069721,60.216175,0.907070,1.064869,60.220545,-1.254330,1.052234,60.225023,-3.513284,1.060055,60.216523,1.860296,1.057743,60.215157,4.306968,1.050272,60.215490,1.660191,0.982983,60.244788,-0.553565,0.982734,60.245032,2.063347,1.005668,60.238624,5.476689,1.020589,60.240719,4.577371,1.054896,60.234391,6.812412,1.068959,60.234584,9.168746,1.034801,60.213141,6.647577,1.027974,60.212114,10.601965,1.030863,60.218104,-10.009251,1.003593,1.004388,1.004307,1.004064,1.004240,1.003404,1.003420,1.003516,-42.805282,0.000000,6.012497,14.949002,7.280644,19.661477,26.831682,-32.457539,0.000000,447.800150,209.391350,467.503357,6.717002,286.592096,294.652499,141.504847,562.436988,245.394482,221.661074,276.382253,200.614467,124.488442,251.663684,184.493662,253.902685,8.239523,988.742731,0.000000,164.790455,75.230425,157.625653,78.812826,137.026846,28.927890,26.868009,92.246831,102.994034,75.767785,-82.574348,42.272334,15.225205,67.617823,24.718568,24.091648,4.119761,223.900075
2.960000,1.051006,60.220001,-6.253116,1.068131,60.219305,-0.061187,0.000000,60.000000,0.000000,0.997963,60.237739,-8.998116,1.005135,60.238104,-8.077135,1.008129,60.238576,-7.465375,0.998799,60.237068,-9.464752,0.997952,60.236374,-9.931882,1.029469,60.226803,-10.083022,1.017846,60.239851,-4.988035,1.013455,60.239410,-5.825455,1.002998,60.239319,-5.714299,1.015078,60.239241,-5.509290,1.011972,60.237785,-6.700858,1.025209,60.234743,-5.465184,1.044241,60.233596,-3.560287,1.048216,60.231001,-4.006897,1.047513,60.230957,-4.613795,1.061394,60.237026,0.940714,1.002448,60.238252,0.070483,1.044487,60.233762,-1.457962,1.059785,60.234152,2.439777,1.055262,60.234076,2.263492,1.049323,60.233582,-3.457333,1.069672,60.218969,0.793962,1.064884,60.221962,-1.342180,1.052131,60.226095,-3.570432,1.060225,60.217463,1.741307,1.057942,60.215918,4.177330,1.050133,60.219379,1.547113,0.982583,60.245180,-0.471255,0.982303,60.245221,2.146498,1.005381,60.238484,5.512146,1.020196,60.240436,4.627285,1.054418,60.234691,6.819240,1.068471,60.234645,9.175728,1.034749,60.216211,6.513833,1.028184,60.212457,10.448511,1.030850,60.220465,-10.110355,1.003633,1.004386,1.004301,1.004053,1.004227,1.003463,1.003399,1.003628,-43.139920,0.000000,5.976779,14.807091,7.214189,19.249091,26.408850,-32.809693,0.000000,447.800150,209.391350,467.503357,6.717002,286.592096,294.652499,141.504847,562.436988,245.394482,221.661074,276.382253,200.614467,124.488442,251.663684,184.493662,253.902685,8.239523,988.742731,0.000000,164.790455,75.230425,157.625653,78.812826,137.026846,28.927890,26.868009,92.246831,102.994034,75.767785,-82.574348,42.272334,15.225205,67.617823,24.718568,24.091648,4.119761,223.900075
2.980000,1.050984,60.222697,-6.347471,1.068081,60.222491,-0.158367,0.000000,60.000000,0.000000,0.997507,60.238222,-8.974617,1.004679,60.238633,-8.050792,1.007671,60.239075,-7.435767,0.998354,60.237704,-9.445396,0.997518,60.237076,-9.917226,1.029270,60.228511,-10.132808,1.017383,60.240189,-4.949961,1.012992,60.239802,-5.790319,1.002525,60.239697,-5.679880,1.014619,60.239604,-5.475501,1.011530,60.238202,-6.677325,1.024830,60.235169,-5.463544,1.043885,60.234018,-3.566941,1.047951,60.231669,-4.031140,1.047246,60.231628,-4.638342,1.061033,60.236975,0.956659,1.002077,60.238044,0.094553,1.044086,60.234149,-1.463578,1.059348,60.234492,2.436757,1.054825,60.234401,2.259853,1.048955,60.233994,-3.464129,1.069618,60.221869,0.693064,1.064921,60.223485,-1.427720,1.052046,60.227232,-3.627924,1.060446,60.218578,1.621492,1.058199,60.216879,4.045683,1.050004,60.223322,1.453891,0.982190,60.245312,-0.395695,0.981885,60.245162,2.221488,1.005098,60.238221,5.537646,1.019812,60.240004,4.666088,1.053960,60.235005,6.819989,1.068000,60.234850,9.175634,1.034688,60.219447,6.394555,1.028461,60.213057,10.290282,1.030838,60.222847,-10.202776,1.003674,1.004375,1.004287,1.004037,1.004209,1.003528,1.003385,1.003741,-43.454258,0.000000,5.939422,14.662129,7.143911,18.866459,25.981258,-33.110431,0.000000,447.800150,209.391350,467.503357,6.717002,286.592096,294.652499,141.504847,562.436988,245.394482,221.661074,276.382253,200.614467,124.488442,251.663684,184.493662,253.902685,8.239523,988.742731,0.000000,164.790455,75.230425,157.625653,78.812826,137.026846,28.927890,26.868009,92.246831,102.994034,75.767785,-82.574348,42.272334,15.225205,67.617823,24.718568,24.091648,4.119761,223.900075
3.000000,1.050963,60.225419,-6.429979,1.068045,60.225724,-0.240070,0.000000,60.000000,0.000000,0.997079,60.238559,-8.955990,1.004250,60.239007,-8.029035,1.007240,60.239411,-7.410992,0.997936,60.238195,-9.429807,0.997109,60.237642,-9.905825,1.029083,60.230174,-10.178186,1.016948,60.240354,-4.917929,1.012556,60.240025,-5.760817,1.002082,60.239908,-5.651188,1.014188,60.239802,-5.447536,1.011115,60.238477,-6.659123,1.024478,60.235505,-5.466932,1.043554,60.234370,-3.578557,1.047708,60.232298,-4.058437,1.047002,60.232261,-4.665916,1.060692,60.236817,0.964060,1.001723,60.237715,0.108884,1.043712,60.234467,-1.474400,1.058938,60.234763,2.428194,1.054414,60.234661,2.250587,1.048614,60.234339,-3.475948,1.069559,60.224840,0.605689,1.064978,60.225078,-1.509662,1.051981,60.228389,-3.684824,1.060712,60.219847,1.502711,1.058507,60.218025,3.914097,1.049883,60.227278,1.381446,0.981814,60.245191,-0.328021,0.981490,60.244859,2.287252,1.004824,60.237835,5.552997,1.019444,60.239427,4.693426,1.053528,60.235243,6.814973,1.067551,60.234995,9.169084,1.034619,60.222813,6.291493,1.028797,60.213914,10.129834,1.030827,60.225243,-10.285671,1.003715,1.004355,1.004266,1.004019,1.004187,1.003599,1.003379,1.003852,-43.744247,0.000000,5.901093,14.516464,7.071619,18.519953,25.555972,-33.356193,0.000000,447.800150,209.391350,467.503357,6.717002,286.592096,294.652499,141.504847,562.436988,245.394482,221.661074,276.382253,200.614467,124.488442,251.663684,184.493662,253.902685,8.239523,988.742731,0.000000,164.790455,75.230425,157.625653,78.812826,137.026846,28.927890,26.868009,92.246831,102.994034,75.767785,-82.574348,42.272334,15.225205,67.617823,24.718568,24.091648,4.119761,223.900075
3.020000,1.050941,60.228155,-6.499837,1.068019,60.228977,-0.305408,0.000000,60.000000,0.000000,0.996687,60.238766,-8.942550,1.003857,60.239240,-8.012249,1.006844,60.239602,-7.391479,0.997552,60.238556,-9.418293,0.996735,60.238083,-9.897936,1.028913,60.231797,-10.218790,1.016549,60.240362,-4.892445,1.012156,60.240095,-5.737429,1.001674,60.239968,-5.628684,1.013792,60.239852,-5.425841,1.010735,60.238623,-6.646550,1.024156,60.235759,-5.475293,1.043253,60.234659,-3.594947,1.047491,60.232892,-4.088383,1.046784,60.232860,-4.696110,1.060374,60.236569,0.962889,1.001392,60.237287,0.113369,1.043369,60.234721,-1.490244,1.058560,60.234965,2.414246,1.054035,60.234854,2.235866,1.048302,60.234620,-3.492596,1.069493,60.227856,0.532907,1.065050,60.226736,-1.586860,1.051933,60.229564,-3.740331,1.061015,60.221271,1.386746,1.058856,60.219359,3.784588,1.049767,60.231211,1.330385,0.981461,60.244840,-0.269285,0.981125,60.244338,2.342819,1.004563,60.237348,5.558080,1.019093,60.238731,4.709042,1.053128,60.235406,6.804309,1.067132,60.235067,9.156227,1.034540,60.226274,6.206094,1.029181,60.215035,9.969723,1.030819,60.227651,-10.358275,1.003757,1.004327,1.004238,1.003998,1.004161,1.003675,1.003381,1.003961,-44.006110,0.000000,5.862483,14.372467,6.999123,18.215319,25.140046,-33.544220,0.000000,447.800150,209.391350,467.503357,6.717002,286.592096,294.652499,141.504847,562.436988,245.394482,221.661074,276.382253,200.614467,124.488442,251.663684,184.493662,253.902685,8.239523,988.742731,0.000000,164.790455,75.230425,157.625653,78.812826,137.026846,28.927890,26.868009,92.246831,102.994034,75.767785,-82.574348,42.272334,15.225205,67.617823,24.718568,24.091648,4.119761,223.900075
3.040000,1.050918,60.230893,-6.556381,1.068001,60.232225,-0.353730,0.000000,60.000000,0.000000,0.996337,60.238861,-8.934534,1.003506,60.239353,-8.000734,1.006491,60.239667,-7.377570,0.997210,60.238806,-9.411091,0.996401,60.238419,-9.893751,1.028763,60.233383,-10.254276,1.016192,60.240236,-4.873918,1.011799,60.240033,-5.720539,1.001311,60.239900,-5.612736,1.013439,60.239775,-5.410768,1.010398,60.238661,-6.639822,1.023871,60.235949,-5.488521,1.042986,60.234901,-3.615875,1.047302,60.233464,-4.120560,1.046593,60.233435,-4.728503,1.060083,60.236255,0.953223,1.001085,60.236784,0.108023,1.043062,60.234926,-1.510888,1.058218,60.235114,2.395107,1.053692,60.234994,2.215885,1.048024,60.234854,-3.513838,1.069418,60.230896,0.475561,1.065134,60.228454,-1.658248,1.051903,60.230761,-3.793679,1.061345,60.222850,1.275333,1.059237,60.220882,3.659138,1.049654,60.235087,1.301006,0.981140,60.244285,-0.220410,0.980798,60.243628,2.387372,1.004319,60.236787,5.552911,1.018765,60.237945,4.712826,1.052765,60.235510,6.788148,1.066747,60.235080,9.137215,1.034449,60.229795,6.139506,1.029603,60.216425,9.812495,1.030814,60.230067,-10.419901,1.003799,1.004293,1.004206,1.003975,1.004132,1.003754,1.003392,1.004066,-44.236391,0.000000,5.824296,14.232497,6.928213,17.957573,24.740419,-33.672584,0.000000,447.800150,209.391350,467.503357,6.717002,286.592096,294.652499,141.504847,562.436988,245.394482,221.661074,276.382253,200.614467,124.488442,251.663684,184.493662,253.902685,8.239523,988.742731,0.000000,164.790455,75.230425,157.625653,78.812826,137.026846,28.927890,26.868009,92.246831,102.994034,75.767785,-82.574348,42.272334,15.225205,67.617823,24.718568,24.091648,4.119761,223.900075
3.060000,1.050892,60.233620,-6.599094,1.067987,60.235443,-0.384628,0.000000,60.000000,0.000000,0.996038,60.238867,-8.932084,1.003205,60.239367,-7.994703,1.006188,60.239629,-7.369508,0.996917,60.238964,-9.408354,0.996116,60.238669,-9.893385,1.028637,60.234939,-10.284318,1.015887,60.240000,-4.862646,1.011494,60.239865,-5.710425,1.001000,60.239726,-5.603606,1.013136,60.239596,-5.402562,1.010108,60.238612,-6.639061,1.023625,60.236094,-5.506436,1.042754,60.235113,-3.641044,1.047143,60.234024,-4.154518,1.046433,60.234001,-4.762642,1.059822,60.235899,0.935255,1.000807,60.236234,0.092991,1.042794,60.235100,-1.536046,1.057917,60.235228,2.371037,1.053390,60.235100,2.190912,1.047783,60.235059,-3.539373,1.069333,60.233933,0.434266,1.065227,60.230228,-1.722848,1.051888,60.231983,-3.844136,1.061694,60.224582,1.170139,1.059639,60.222594,3.539668,1.049541,60.238873,1.293309,0.980860,60.243557,-0.182165,0.980515,60.242762,2.420256,1.004094,60.236181,5.537649,1.018461,60.237099,4.704826,1.052443,60.235575,6.766712,1.066401,60.235054,9.112272,1.034346,60.233340,6.092559,1.030052,60.218086,9.660658,1.030811,60.232488,-10.469943,1.003842,1.004252,1.004168,1.003952,1.004101,1.003836,1.003412,1.004166,-44.431996,0.000000,5.787234,14.098865,6.860632,17.750922,24.363807,-33.740189,0.000000,447.800150,209.391350,467.503357,6.717002,286.592096,294.652499,141.504847,562.436988,245.394482,221.661074,276.382253,200.614467,124.488442,251.663684,184.493662,253.902685,8.239523,988.742731,0.000000,164.790455,75.230425,157.625653,78.812826,137.026846,28.927890,26.868009,92.246831,102.994034,75.767785,-82.574348,42.272334,15.225205,67.617823,24.718568,24.091648,4.119761,223.900075
3.080000,1.050865,60.236325,-6.627601,1.067974,60.238606,-0.397931,0.000000,60.000000,0.000000,0.995795,60.238805,-8.935250,1.002961,60.239305,-7.994265,1.005942,60.239510,-7.367435,0.996680,60.239051,-9.410150,0.995886,60.238851,-9.896876,1.028538,60.236470,-10.308615,1.015638,60.239680,-4.858805,1.011245,60.239613,-5.707252,1.000747,60.239472,-5.601440,1.012890,60.239338,-5.401356,1.009873,60.238500,-6.644290,1.023424,60.236210,-5.528786,1.042563,60.235312,-3.670095,1.047014,60.234586,-4.189782,1.046305,60.234567,-4.798053,1.059596,60.235527,0.909295,1.000561,60.235663,0.068550,1.042569,60.235260,-1.565365,1.057661,60.235326,2.342365,1.053132,60.235191,2.161283,1.047582,60.235251,-3.568843,1.069237,60.236945,0.409400,1.065323,60.232054,-1.779778,1.051888,60.233233,-3.891011,1.062052,60.226462,1.072747,1.060053,60.224490,3.428017,1.049427,60.242537,1.306998,0.980626,60.242688,-0.155155,0.980284,60.241774,2.440994,1.003892,60.235559,5.512595,1.018185,60.236223,4.685245,1.052166,60.235620,6.740299,1.066098,60.235009,9.081705,1.034230,60.236872,6.065758,1.030516,60.220013,9.516638,1.030812,60.234911,-10.507886,1.003885,1.004206,1.004127,1.003928,1.004068,1.003918,1.003441,1.004261,-44.590238,0.000000,5.751980,13.973799,6.798045,17.598694,24.016601,-33.746774,0.000000,447.800150,209.391350,467.503357,6.717002,286.592096,294.652499,141.504847,562.436988,245.394482,221.661074,276.382253,200.614467,124.488442,251.663684,184.493662,253.902685,8.239523,988.742731,0.000000,164.790455,75.230425,157.625653,78.812826,137.026846,28.927890,26.868009,92.246831,102.994034,75.767785,-82.574348,42.272334,15.225205,67.617823,24.718568,24.091648,4.119761,223.900075
3.100000,1.050834,60.238998,-6.641680,1.067959,60.241691,-0.393707,0.000000,60.000000,0.000000,0.995613,60.238698,-8.943984,1.002779,60.239190,-7.999435,1.005758,60.239336,-7.371392,0.996504,60.239089,-9.416461,0.995715,60.238987,-9.904184,1.028468,60.237982,-10.326888,1.015452,60.239302,-4.862455,1.011060,60.239304,-5.711071,1.000557,60.239163,-5.606276,1.012705,60.239027,-5.407171,1.009696,60.238346,-6.655437,1.023269,60.236318,-5.555255,1.042412,60.235515,-3.702614,1.046918,60.235160,-4.225859,1.046208,60.235147,-4.834240,1.059405,60.235161,0.875761,1.000349,60.235099,0.035103,1.042388,60.235424,-1.598434,1.057453,60.235427,2.309490,1.052922,60.235285,2.127403,1.047424,60.235447,-3.601829,1.069128,60.239909,0.401108,1.065419,60.233924,-1.828268,1.051899,60.234512,-3.933666,1.062410,60.228484,0.984625,1.060467,60.226563,3.325909,1.049310,60.246050,1.341497,0.980444,60.241713,-0.139809,0.980109,60.240698,2.449292,1.003714,60.234949,5.478188,1.017939,60.235349,4.654437,1.051936,60.235663,6.709282,1.065843,60.234967,9.045905,1.034102,60.240356,6.059284,1.030983,60.222197,9.382748,1.030818,60.237330,-10.533308,1.003928,1.004155,1.004083,1.003904,1.004034,1.004001,1.003479,1.004349,-44.708862,0.000000,5.719193,13.859406,6.742020,17.503294,23.704767,-33.692895,0.000000,447.800150,209.391350,467.503357,6.717002,286.592096,294.652499,141.504847,562.436988,245.394482,221.661074,276.382253,200.614467,124.488442,251.663684,184.493662,253.902685,8.239523,988.742731,0.000000,164.790455,75.230425,157.625653,78.812826,137.026846,28.927890,26.868009,92.246831,102.994034,75.767785,-82.574348,42.272334,15.225205,67.617823,24.718568,24.091648,4.119761,223.900075
3.120000,1.050800,60.241627,-6.641256,1.067939,60.244676,-0.372257,0.000000,60.000000,0.000000,0.995497,60.238569,-8.958150,1.002663,60.239045,-8.010129,1.005641,60.239129,-7.381312,0.996394,60.239099,-9.427185,0.995608,60.239097,-9.915190,1.028430,60.239479,-10.338894,1.015332,60.238892,-4.873534,1.010941,60.238964,-5.721819,1.000436,60.238825,-5.618033,1.012586,60.238688,-5.419914,1.009581,60.238174,-6.672335,1.023162,60.236435,-5.585466,1.042305,60.235738,-3.738138,1.046854,60.235759,-4.262245,1.046143,60.235751,-4.870700,1.059253,60.234827,0.835177,1.000172,60.234566,-0.006826,1.042255,60.235608,-1.634789,1.057293,60.235548,2.272872,1.052761,60.235400,2.089738,1.047310,60.235664,-3.637866,1.069006,60.242802,0.409300,1.065510,60.235832,-1.867667,1.051919,60.235821,-3.971524,1.062758,60.230637,0.907107,1.060872,60.228801,3.234928,1.049187,60.249387,1.395963,0.980321,60.240667,-0.136372,0.979996,60.239570,2.445042,1.003563,60.234377,5.434998,1.017724,60.234505,4.612908,1.051757,60.235725,6.674101,1.065639,60.234947,9.005338,1.033959,60.243757,6.072992,1.031443,60.224626,9.261144,1.030828,60.239743,-10.545885,1.003971,1.004101,1.004036,1.003882,1.004000,1.004083,1.003525,1.004430,-44.786083,0.000000,5.689491,13.757638,6.694002,17.466172,23.433752,-33.579906,0.000000,447.800150,209.391350,467.503357,6.717002,286.592096,294.652499,141.504847,562.436988,245.394482,221.661074,276.382253,200.614467,124.488442,251.663684,184.493662,253.902685,8.239523,988.742731,0.000000,164.790455,75.230425,157.625653,78.812826,137.026846,28.927890,26.868009,92.246831,102.994034,75.767785,-82.574348,42.272334,15.225205,67.617823,24.718568,24.091648,4.119761,223.900075
3.140000,1.050763,60.244202,-6.626404,1.067913,60.247540,-0.334108,0.000000,60.000000,0.000000,0.995448,60.238440,-8.977519,1.002616,60.238894,-8.026171,1.005593,60.238914,-7.397032,0.996351,60.239103,-9.442139,0.995567,60.239201,-9.929707,1.028424,60.240968,-10.344420,1.015282,60.238477,-4.891863,1.010892,60.238618,-5.739320,1.000385,60.238482,-5.636524,1.012536,60.238347,-5.439384,1.009531,60.238007,-6.694724,1.023105,60.236579,-5.618986,1.042240,60.235997,-3.776163,1.046820,60.236391,-4.298436,1.046109,60.236388,-4.906930,1.059138,60.234548,0.788161,1.000031,60.234092,-0.056605,1.042168,60.235830,-1.673918,1.057184,60.235707,2.233024,1.052650,60.235555,2.048809,1.047239,60.235918,-3.676447,1.068869,60.245604,0.433659,1.065592,60.237769,-1.897455,1.051947,60.237161,-4.004080,1.063089,60.232908,0.841371,1.061257,60.231191,3.156490,1.049056,60.252524,1.469304,0.980259,60.239587,-0.144901,0.979946,60.238428,2.428327,1.003440,60.233872,5.383714,1.017542,60.233723,4.561302,1.051629,60.235824,6.635263,1.065487,60.234970,8.960548,1.033803,60.247043,6.106423,1.031884,60.227281,9.153796,1.030843,60.242146,-10.545395,1.004015,1.004045,1.003989,1.003861,1.003967,1.004163,1.003580,1.004502,-44.820602,0.000000,5.663437,13.670263,6.655295,17.487807,23.208397,-33.409927,0.000000,447.800150,209.391350,467.503357,6.717002,286.592096,294.652499,141.504847,562.436988,245.394482,221.661074,276.382253,200.614467,124.488442,251.663684,184.493662,253.902685,8.239523,988.742731,0.000000,164.790455,75.230425,157.625653,78.812826,137.026846,28.927890,26.868009,92.246831,102.994034,75.767785,-82.574348,42.272334,15.225205,67.617823,24.718568,24.091648,4.119761,223.900075
3.160000,1.050722,60.246713,-6.597344,1.067877,60.250267,-0.279998,0.000000,60.000000,0.000000,0.995469,60.238333,-9.001783,1.002640,60.238759,-8.047291,1.005617,60.238716,-7.418288,0.996377,60.239121,-9.461062,0.995595,60.239319,-9.947477,1.028452,60.242454,-10.343292,1.015303,60.238083,-4.917151,1.010915,60.238291,-5.763292,1.000406,60.238160,-5.661454,1.012555,60.238028,-5.465274,1.009547,60.237866,-6.722262,1.023097,60.236765,-5.655340,1.042217,60.236307,-3.816156,1.046816,60.237067,-4.333937,1.046105,60.237068,-4.942434,1.059062,60.234345,0.735411,0.999926,60.233698,-0.113500,1.042129,60.236104,-1.715275,1.057125,60.235920,2.190506,1.052590,60.235765,2.005184,1.047212,60.236222,-3.717034,1.068717,60.248294,0.473647,1.065661,60.239726,-1.917251,1.051978,60.238530,-4.030907,1.063392,60.235284,0.788417,1.061612,60.233715,3.091822,1.048917,60.255440,1.560196,0.980262,60.238509,-0.165269,0.979962,60.237307,2.399410,1.003346,60.233457,5.325132,1.017392,60.233029,4.500394,1.051551,60.235979,6.593326,1.065387,60.235054,8.912138,1.033632,60.250182,6.158817,1.032295,60.230141,9.062447,1.030863,60.244534,-10.531722,1.004059,1.003988,1.003942,1.003842,1.003935,1.004239,1.003642,1.004567,-44.811629,0.000000,5.641535,13.598832,6.627041,17.567721,23.032855,-33.185798,0.000000,447.800150,209.391350,467.503357,6.717002,286.592096,294.652499,141.504847,562.436988,245.394482,221.661074,276.382253,200.614467,124.488442,251.663684,184.493662,253.902685,8.239523,988.742731,0.000000,164.790455,75.230425,157.625653,78.812826,137.026846,28.927890,26.868009,92.246831,102.994034,75.767785,-82.574348,42.272334,15.225205,67.617823,24.718568,24.091648,4.119761,223.900075
3.180000,1.050679,60.249154,-6.554437,1.067830,60.252839,-0.210864,0.000000,60.000000,0.000000,0.995559,60.238269,-9.030556,1.002735,60.238664,-8.073137,1.005712,60.238557,-7.444728,0.996473,60.239176,-9.483623,0.995690,60.239470,-9.968179,1.028514,60.243942,-10.335381,1.015395,60.237737,-4.948996,1.011009,60.238009,-5.793350,1.000500,60.237884,-5.692428,1.012644,60.237757,-5.497178,1.009628,60.237774,-6.754528,1.023136,60.237011,-5.694016,1.042235,60.236680,-3.857561,1.046840,60.237794,-4.368266,1.046129,60.237799,-4.976737,1.059022,60.234238,0.677701,0.999856,60.233409,-0.176690,1.042134,60.236445,-1.758288,1.057114,60.236204,2.145912,1.052578,60.236047,1.959465,1.047227,60.236591,-3.759065,1.068548,60.250857,0.528520,1.065712,60.241695,-1.926819,1.052010,60.239928,-4.051667,1.063659,60.237748,0.749053,1.061929,60.236355,3.041940,1.048767,60.258120,1.667110,0.980331,60.237471,-0.197157,0.980045,60.236243,2.358740,1.003279,60.233155,5.260141,1.017274,60.232451,4.431074,1.051524,60.236206,6.548897,1.065339,60.235219,8.860769,1.033447,60.253149,6.229133,1.032667,60.233180,8.988592,1.030889,60.246904,-10.504855,1.004103,1.003930,1.003896,1.003826,1.003905,1.004311,1.003711,1.004622,-44.758887,0.000000,5.624216,13.544649,6.610205,17.704495,22.910525,-32.911034,0.000000,447.800150,209.391350,467.503357,6.717002,286.592096,294.652499,141.504847,562.436988,245.394482,221.661074,276.382253,200.614467,124.488442,251.663684,184.493662,253.902685,8.239523,988.742731,0.000000,164.790455,75.230425,157.625653,78.812826,137.026846,28.927890,26.868009,92.246831,102.994034,75.767785,-82.574348,42.272334,15.225205,67.617823,24.718568,24.091648,4.119761,223.900075
3.200000,1.050634,60.251515,-6.498182,1.067770,60.255244,-0.127826,0.000000,60.000000,0.000000,0.995716,60.238270,-9.063380,1.002900,60.238630,-8.103278,1.005877,60.238461,-7.475913,0.996638,60.239286,-9.509425,0.995852,60.239674,-9.991437,1.028608,60.245437,-10.320598,1.015557,60.237462,-4.986899,1.011173,60.237796,-5.829015,1.000664,60.237679,-5.728956,1.012801,60.237557,-5.534598,1.009772,60.237751,-6.791029,1.023221,60.237330,-5.734474,1.042291,60.237130,-3.899812,1.046887,60.238580,-4.400971,1.046176,60.238589,-5.009388,1.059018,60.234246,0.615857,0.999820,60.233245,-0.245282,1.042182,60.236865,-1.802368,1.057150,60.236573,2.099863,1.052613,60.236414,1.912279,1.047281,60.237038,-3.801970,1.068364,60.253277,0.597337,1.065741,60.243665,-1.926071,1.052038,60.241353,-4.066113,1.063883,60.240280,0.723875,1.062198,60.239089,3.007628,1.048606,60.260552,1.788337,0.980465,60.236509,-0.240072,0.980194,60.235272,2.306935,1.003239,60.232990,5.189707,1.017187,60.232013,4.354338,1.051543,60.236520,6.502614,1.065342,60.235480,8.807139,1.033248,60.255921,6.316071,1.032989,60.236370,8.933444,1.030920,60.249251,-10.464897,1.004147,1.003874,1.003851,1.003813,1.003878,1.004378,1.003786,1.004668,-44.662625,0.000000,5.611834,13.508756,6.605564,17.895814,22.843989,-32.589766,0.000000,447.800150,209.391350,467.503357,6.717002,286.592096,294.652499,141.504847,562.436988,245.394482,221.661074,276.382253,200.614467,124.488442,251.663684,184.493662,253.902685,8.239523,988.742731,0.000000,164.790455,75.230425,157.625653,78.812826,137.026846,28.927890,26.868009,92.246831,102.994034,75.767785,-82.574348,42.272334,15.225205,67.617823,24.718568,24.091648,4.119761,223.900075
3.220000,1.050587,60.253792,-6.429207,1.067695,60.257473,-0.032168,0.000000,60.000000,0.000000,0.995938,60.238355,-9.099737,1.003131,60.238678,-8.137211,1.006110,60.238450,-7.511327,0.996868,60.239471,-9.538014,0.996079,60.239949,-10.016824,1.028734,60.246944,-10.298907,1.015786,60.237284,-5.030267,1.011405,60.237675,-5.869719,1.000897,60.237566,-5.770466,1.013024,60.237451,-5.576954,1.009977,60.237817,-6.831211,1.023348,60.237736,-5.776157,1.042381,60.237668,-3.942339,1.046955,60.239432,-4.431630,1.046245,60.239444,-5.039969,1.059047,60.234387,0.550753,0.999814,60.233225,-0.318324,1.042269,60.237378,-1.846918,1.057228,60.237038,2.052993,1.052691,60.236880,1.864268,1.047370,60.237573,-3.845175,1.068162,60.255542,0.678982,1.065745,60.245628,-1.915072,1.052059,60.242802,-4.074097,1.064056,60.242863,0.713262,1.062412,60.241894,2.989426,1.048433,60.262726,1.922009,0.980664,60.235657,-0.293344,0.980408,60.234426,2.244777,1.003224,60.232978,5.114857,1.017128,60.231739,4.271268,1.051607,60.236936,6.455139,1.065392,60.235853,8.751978,1.033036,60.258477,6.418098,1.033253,60.239680,8.897916,1.030957,60.251572,-10.412059,1.004190,1.003820,1.003809,1.003803,1.003854,1.004438,1.003866,1.004705,-44.523609,0.000000,5.604657,13.491905,6.613691,18.138523,22.834971,-32.226678,0.000000,447.800150,209.391350,467.503357,6.717002,286.592096,294.652499,141.504847,562.436988,245.394482,221.661074,276.382253,200.614467,124.488442,251.663684,184.493662,253.902685,8.239523,988.742731,0.000000,164.790455,75.230425,157.625653,78.812826,137.026846,28.927890,26.868009,92.246831,102.994034,75.767785,-82.574348,42.272334,15.225205,67.617823,24.718568,24.091648,4.119761,223.900075
3.240000,1.050538,60.255980,-6.348263,1.067605,60.259517,0.074683,0.000000,60.000000,0.000000,0.996221,60.238543,-9.139054,1.003424,60.238829,-8.174370,1.006406,60.238544,-7.550384,0.997159,60.239750,-9.568881,0.996365,60.240312,-10.043867,1.028889,60.248468,-10.270319,1.016077,60.237224,-5.078425,1.011700,60.237668,-5.914819,1.001194,60.237568,-5.816308,1.013308,60.237461,-5.623591,1.010238,60.237991,-6.874465,1.023512,60.238242,-5.818498,1.042501,60.238304,-3.984583,1.047039,60.240356,-4.459861,1.046329,60.240370,-5.068104,1.059104,60.234674,0.483287,0.999837,60.233366,-0.394818,1.042391,60.237993,-1.891349,1.057344,60.237613,2.005936,1.052808,60.237456,1.816073,1.047491,60.238207,-3.888112,1.067943,60.257644,0.772182,1.065719,60.247575,-1.894034,1.052069,60.244274,-4.075570,1.064173,60.245475,0.717363,1.062563,60.244745,2.987618,1.048247,60.264639,2.066135,0.980925,60.234949,-0.356148,0.980682,60.233738,2.173196,1.003233,60.233137,5.036658,1.017096,60.231649,4.183017,1.051711,60.237467,6.407143,1.065486,60.236350,8.696026,1.032810,60.260804,6.533483,1.033452,60.243076,8.882601,1.030999,60.253864,-10.346663,1.004233,1.003769,1.003771,1.003798,1.003833,1.004492,1.003951,1.004732,-44.343116,0.000000,5.602867,13.494545,6.634953,18.428691,22.884295,-31.826937,0.000000,447.800150,209.391350,467.503357,6.717002,286.592096,294.652499,141.504847,562.436988,245.394482,221.661074,276.382253,200.614467,124.488442,251.663684,184.493662,253.902685,8.239523,988.742731,0.000000,164.790455,75.230425,157.625653,78.812826,137.026846,28.927890,26.868009,92.246831,102.994034,75.767785,-82.574348,42.272334,15.225205,67.617823,24.718568,24.091648,4.119761,223.900075
3.260000,1.050489,60.258075,-6.256211,1.067499,60.261373,0.191179,0.000000,60.000000,0.000000,0.996559,60.238852,-9.180711,1.003776,60.239101,-8.214137,1.006760,60.238764,-7.592438,0.997507,60.240140,-9.601478,0.996706,60.240781,-10.072059,1.029071,60.250012,-10.234899,1.016427,60.237303,-5.130627,1.012053,60.237796,-5.963601,1.001549,60.237705,-5.865768,1.013649,60.237605,-5.673791,1.010550,60.238291,-6.920140,1.023710,60.238859,-5.860929,1.042647,60.239047,-4.025999,1.047135,60.241356,-4.485330,1.046426,60.241372,-5.093463,1.059187,60.235121,0.414374,0.999885,60.233683,-0.473742,1.042542,60.238719,-1.935084,1.057494,60.238308,1.959321,1.052959,60.238151,1.768329,1.047639,60.238949,-3.930231,1.067709,60.259576,0.875524,1.065661,60.249496,-1.863319,1.052065,60.245766,-4.070583,1.064228,60.248097,0.736096,1.062647,60.247619,3.002225,1.048049,60.266290,2.218625,0.981244,60.234415,-0.427510,0.981013,60.233237,2.093256,1.003262,60.233481,4.956200,1.017086,60.231761,4.090790,1.051850,60.238123,6.359296,1.065619,60.236982,8.640027,1.032572,60.262893,6.660322,1.033579,60.246525,8.887762,1.031047,60.256123,-10.269141,1.004276,1.003722,1.003737,1.003797,1.003818,1.004539,1.004038,1.004751,-44.122919,0.000000,5.606553,13.516816,6.669501,18.761702,22.991876,-31.396117,0.000000,447.800150,209.391350,467.503357,6.717002,286.592096,294.652499,141.504847,562.436988,245.394482,221.661074,276.382253,200.614467,124.488442,251.663684,184.493662,253.902685,8.239523,988.742731,0.000000,164.790455,75.230425,157.625653,78.812826,137.026846,28.927890,26.868009,92.246831,102.994034,75.767785,-82.574348,42.272334,15.225205,67.617823,24.718568,24.091648,4.119761,223.900075
3.280000,1.050440,60.260076,-6.154016,1.067376,60.263042,0.315676,0.000000,60.000000,0.000000,0.996946,60.239298,-9.224052,1.004179,60.239512,-8.255845,1.007167,60.239127,-7.636794,0.997906,60.240658,-9.635219,0.997097,60.241369,-10.100865,1.029276,60.251582,-10.192765,1.016829,60.237542,-5.186066,1.012458,60.238078,-6.015296,1.001956,60.237996,-5.918075,1.014039,60.237904,-5.726782,1.010908,60.238732,-6.967547,1.023934,60.239598,-5.902891,1.042812,60.239906,-4.066065,1.047238,60.242438,-4.507750,1.046530,60.242454,-5.115765,1.059290,60.235739,0.344926,0.999953,60.234189,-0.554060,1.042717,60.239566,-1.977568,1.057672,60.239129,1.913754,1.053138,60.238975,1.721648,1.047807,60.239807,-3.971006,1.067458,60.261336,0.987483,1.065568,60.251385,-1.823429,1.052043,60.247276,-4.059288,1.064216,60.250706,0.769144,1.062658,60.250489,3.033004,1.047837,60.267683,2.377323,0.981616,60.234086,-0.506327,0.981397,60.232950,2.006139,1.003308,60.234021,4.874578,1.017097,60.232091,3.995825,1.052019,60.238912,6.312252,1.065786,60.237759,8.584707,1.032322,60.264737,6.796581,1.033628,60.249989,8.913326,1.031099,60.258347,-10.180030,1.004319,1.003681,1.003709,1.003800,1.003807,1.004578,1.004128,1.004761,-43.865266,0.000000,5.615714,13.558538,6.717272,19.132335,23.156706,-30.940125,0.000000,447.800150,209.391350,467.503357,6.717002,286.592096,294.652499,141.504847,562.436988,245.394482,221.661074,276.382253,200.614467,124.488442,251.663684,184.493662,253.902685,8.239523,988.742731,0.000000,164.790455,75.230425,157.625653,78.812826,137.026846,28.927890,26.868009,92.246831,102.994034,75.767785,-82.574348,42.272334,15.225205,67.617823,24.718568,24.091648,4.119761,223.900075
3.300000,1.050393,60.261982,-6.042731,1.067237,60.264524,0.446456,0.000000,60.000000,0.000000,0.997375,60.239897,-9.268394,1.004626,60.240078,-8.298796,1.007619,60.239650,-7.682714,0.998348,60.241318,-9.669490,0.997530,60.242092,-10.129725,1.029502,60.253181,-10.144089,1.017275,60.237958,-5.243886,1.012909,60.238531,-6.069090,1.002409,60.238458,-5.972417,1.014473,60.238374,-5.781752,1.011304,60.239329,-7.015975,1.024180,60.240468,-5.943840,1.042992,60.240886,-4.104294,1.047344,60.243604,-4.526890,1.046636,60.243621,-5.134784,1.059410,60.236536,0.275840,1.000037,60.234893,-0.634739,1.042912,60.240539,-2.018278,1.057872,60.240085,1.869813,1.053340,60.239934,1.676612,1.047992,60.240788,-4.009943,1.067192,60.262923,1.106444,1.065437,60.253235,-1.775001,1.052000,60.248803,-4.041930,1.064135,60.253285,0.815963,1.062592,60.253332,3.079450,1.047613,60.268827,2.540036,0.982036,60.233986,-0.591386,0.981826,60.232901,1.913124,1.003369,60.234766,4.792873,1.017123,60.232651,3.899374,1.052211,60.239843,6.266636,1.065982,60.238686,8.530764,1.032062,60.266336,6.940127,1.033596,60.253435,8.958882,1.031156,60.260531,-10.079974,1.004361,1.003646,1.003686,1.003808,1.003801,1.004610,1.004218,1.004763,-43.572851,0.000000,5.630260,13.619212,6.777983,19.534874,23.376867,-30.465114,0.000000,447.800150,209.391350,467.503357,6.717002,286.592096,294.652499,141.504847,562.436988,245.394482,221.661074,276.382253,200.614467,124.488442,251.663684,184.493662,253.902685,8.239523,988.742731,0.000000,164.790455,75.230425,157.625653,78.812826,137.026846,28.927890,26.868009,92.246831,102.994034,75.767785,-82.574348,42.272334,15.225205,67.617823,24.718568,24.091648,4.119761,223.900075
3.320000,1.050348,60.263794,-5.923487,1.067082,60.265827,0.581756,0.000000,60.000000,0.000000,0.997840,60.240660,-9.313033,1.005112,60.240812,-8.342262,1.008109,60.240347,-7.729435,0.998827,60.242133,-9.703661,0.997999,60.242962,-10.158069,1.029745,60.254813,-10.089095,1.017759,60.238566,-5.303197,1.013398,60.239170,-6.124136,1.002900,60.239105,-6.027950,1.014943,60.239028,-5.837859,1.011731,60.240094,-7.064696,1.024442,60.241475,-5.983254,1.043182,60.241994,-4.140235,1.047448,60.244860,-4.542575,1.046740,60.244876,-5.150351,1.059541,60.237519,0.207985,1.000133,60.235803,-0.714768,1.043119,60.241645,-2.056732,1.058088,60.241180,1.828037,1.053559,60.241033,1.633766,1.048187,60.241897,-4.046586,1.066913,60.264340,1.230726,1.065269,60.255040,-1.718796,1.051934,60.250346,-4.018850,1.063982,60.255813,0.875789,1.062448,60.256123,3.140803,1.047377,60.269733,2.704565,0.982496,60.234139,-0.681381,0.982295,60.233111,1.815570,1.003441,60.235722,4.712136,1.017162,60.233450,3.802684,1.052423,60.240921,6.223038,1.066200,60.239769,8.478856,1.031792,60.267696,7.088767,1.033480,60.256828,9.023685,1.031217,60.262675,-9.969714,1.004402,1.003618,1.003669,1.003821,1.003801,1.004634,1.004307,1.004757,-43.248782,0.000000,5.650011,13.698028,6.851144,19.963207,23.649559,-29.977403,0.000000,447.800150,209.391350,467.503357,6.717002,286.592096,294.652499,141.504847,562.436988,245.394482,221.661074,276.382253,200.614467,124.488442,251.663684,184.493662,253.902685,8.239523,988.742731,0.000000,164.790455,75.230425,157.625653,78.812826,137.026846,28.927890,26.868009,92.246831,102.994034,75.767785,-82.574348,42.272334,15.225205,67.617823,24.718568,24.091648,4.119761,223.900075
3.340000,1.050306,60.265515,-5.797481,1.066913,60.266959,0.719788,0.000000,60.000000,0.000000,0.998332,60.241601,-9.357257,1.005627,60.241728,-8.385505,1.008630,60.241232,-7.776171,0.999336,60.243115,-9.737090,0.998496,60.243989,-10.185320,1.030001,60.256481,-10.028062,1.018273,60.239380,-5.363086,1.013917,60.240008,-6.179564,1.003421,60.239951,-6.083809,1.015442,60.239880,-5.894242,1.012184,60.241039,-7.112977,1.024714,60.242627,-6.020637,1.043376,60.243234,-4.173481,1.047546,60.246206,-4.554687,1.046838,60.246221,-5.162351,1.059680,60.238692,0.142187,1.000237,60.236925,-0.793166,1.043334,60.242886,-2.092489,1.058315,60.242418,1.788916,1.053789,60.242275,1.593604,1.048388,60.243138,-4.080523,1.066622,60.265596,1.358607,1.065063,60.256796,-1.655684,1.051843,60.251903,-3.990469,1.063756,60.258273,0.947648,1.062224,60.258841,3.216060,1.047130,60.270417,2.868735,0.982992,60.234563,-0.774940,0.982796,60.233598,1.714894,1.003521,60.236892,4.633371,1.017209,60.234494,3.706977,1.052647,60.242148,6.181995,1.066434,60.241011,8.429586,1.031515,60.268826,7.240284,1.033279,60.260134,9.106672,1.031282,60.264775,-9.850085,1.004443,1.003598,1.003660,1.003838,1.003807,1.004651,1.004395,1.004743,-42.896543,0.000000,5.674705,13.793872,6.936054,20.410938,23.971135,-29.483393,0.000000,447.800150,209.391350,467.503357,6.717002,286.592096,294.652499,141.504847,562.436988,245.394482,221.661074,276.382253,200.614467,124.488442,251.663684,184.493662,253.902685,8.239523,988.742731,0.000000,164.790455,75.230425,157.625653,78.812826,137.026846,28.927890,26.868009,92.246831,102.994034,75.767785,-82.574348,42.272334,15.225205,67.617823,24.718568,24.091648,4.119761,223.900075
3.360000,1.050269,60.267148,-5.665958,1.066731,60.267932,0.858771,0.000000,60.000000,0.000000,0.998844,60.242728,-9.400352,1.006164,60.242834,-8.427779,1.009174,60.242314,-7.822132,0.999866,60.244273,-9.769136,0.999015,60.245184,-10.210903,1.030266,60.258189,-9.961321,1.018810,60.240409,-5.422629,1.014458,60.241056,-6.234496,1.003964,60.241005,-6.139124,1.015962,60.240940,-5.950036,1.012653,60.242172,-7.160090,1.024990,60.243929,-6.055532,1.043570,60.244608,-4.203673,1.047634,60.247645,-4.563163,1.046927,60.247659,-5.170726,1.059821,60.240057,0.079222,1.000345,60.238260,-0.869003,1.043551,60.244266,-2.125162,1.058548,60.243802,1.752887,1.054025,60.243663,1.556565,1.048588,60.244515,-4.111391,1.066321,60.266698,1.488354,1.064818,60.258501,-1.586635,1.051725,60.253475,-3.957287,1.063460,60.260650,1.030378,1.061922,60.261464,3.303993,1.046873,60.270898,3.030426,0.983515,60.235274,-0.870638,0.983324,60.234375,1.612547,1.003605,60.238277,4.557519,1.017260,60.235788,3.613434,1.052878,60.243526,6.143990,1.066680,60.242412,8.383497,1.031232,60.269739,7.392473,1.032993,60.263323,9.206476,1.031351,60.266831,-9.722010,1.004482,1.003586,1.003658,1.003861,1.003819,1.004661,1.004481,1.004724,-42.519946,0.000000,5.704002,13.905347,7.031817,20.871497,24.337160,-28.989479,0.000000,447.800150,209.391350,467.503357,6.717002,286.592096,294.652499,141.504847,562.436988,245.394482,221.661074,276.382253,200.614467,124.488442,251.663684,184.493662,253.902685,8.239523,988.742731,0.000000,164.790455,75.230425,157.625653,78.812826,137.026846,28.927890,26.868009,92.246831,102.994034,75.767785,-82.574348,42.272334,15.225205,67.617823,24.718568,24.091648,4.119761,223.900075
3.380000,1.050239,60.268699,-5.530201,1.066538,60.268760,0.996950,0.000000,60.000000,0.000000,0.999369,60.244048,-9.441614,1.006716,60.244140,-8.468344,1.009733,60.243601,-7.866532,1.000410,60.245616,-9.799166,0.999547,60.246552,-10.234255,1.030538,60.259937,-9.889252,1.019362,60.241662,-5.480906,1.015015,60.242321,-6.288059,1.004522,60.242275,-6.193030,1.016495,60.242216,-6.004383,1.013133,60.243500,-7.205320,1.025266,60.245384,-6.087517,1.043759,60.246120,-4.230502,1.047710,60.249180,-4.567999,1.047004,60.249191,-5.175475,1.059962,60.241614,0.019800,1.000453,60.239811,-0.941405,1.043766,60.245787,-2.154416,1.058781,60.245331,1.720328,1.054262,60.245198,1.523031,1.048786,60.246030,-4.138877,1.066012,60.267659,1.618243,1.064538,60.260153,-1.512699,1.051581,60.255061,-3.919872,1.063094,60.262929,1.122639,1.061544,60.263975,3.403167,1.046609,60.271197,3.187598,0.984060,60.236283,-0.967031,0.983870,60.235454,1.509996,1.003692,60.239874,4.485447,1.017313,60.237331,3.523175,1.053113,60.245055,6.109441,1.066932,60.243971,8.341058,1.030946,60.270453,7.543178,1.032625,60.266366,9.321448,1.031423,60.268841,-9.586489,1.004521,1.003583,1.003665,1.003888,1.003837,1.004665,1.004562,1.004699,-42.123087,0.000000,5.737489,14.030787,7.137353,21.338253,24.742474,-28.501970,0.000000,447.800150,209.391350,467.503357,6.717002,286.592096,294.652499,141.504847,562.436988,245.394482,221.661074,276.382253,200.614467,124.488442,251.663684,184.493662,253.902685,8.239523,988.742731,0.000000,164.790455,75.230425,157.625653,78.812826,137.026846,28.927890,26.868009,92.246831,102.994034,75.767785,-82.574348,42.272334,15.225205,67.617823,24.718568,24.091648,4.119761,223.900075
3.400000,1.050215,60.270173,-5.391515,1.066335,60.269461,1.132625,0.000000,60.000000,0.000000,0.999900,60.245568,-9.480359,1.007276,60.245650,-8.506479,1.010301,60.245100,-7.908599,1.000962,60.247148,-9.826565,1.000086,60.248101,-10.254832,1.030813,60.261730,-9.812283,1.019922,60.243145,-5.537014,1.015581,60.243810,-6.339396,1.005089,60.243768,-6.244678,1.017036,60.243712,-6.056442,1.013618,60.245028,-7.247978,1.025538,60.246994,-6.116214,1.043940,60.247769,-4.253716,1.047772,60.250810,-4.569242,1.047066,60.250819,-5.176648,1.060098,60.243362,-0.035441,1.000558,60.241574,-1.009573,1.043975,60.247448,-2.179977,1.059011,60.247006,1.691548,1.054496,60.246878,1.493315,1.048976,60.247682,-4.162725,1.065699,60.268493,1.746586,1.064224,60.261753,-1.434990,1.051411,60.256664,-3.878846,1.062663,60.265101,1.222945,1.061093,60.266358,3.511967,1.046337,60.271340,3.338321,0.984618,60.237598,-1.062668,0.984429,60.236839,1.408703,1.003777,60.241681,4.417935,1.017364,60.239119,3.437247,1.053346,60.246735,6.078692,1.067187,60.245686,8.302661,1.030658,60.270989,7.690323,1.032177,60.269238,9.449687,1.031497,60.270804,-9.444593,1.004559,1.003589,1.003679,1.003919,1.003862,1.004663,1.004638,1.004669,-41.710294,0.000000,5.774688,14.168289,7.251409,21.804618,25.181273,-28.027006,0.000000,447.800150,209.391350,467.503357,6.717002,286.592096,294.652499,141.504847,562.436988,245.394482,221.661074,276.382253,200.614467,124.488442,251.663684,184.493662,253.902685,8.239523,988.742731,0.000000,164.790455,75.230425,157.625653,78.812826,137.026846,28.927890,26.868009,92.246831,102.994034,75.767785,-82.574348,42.272334,15.225205,67.617823,24.718568,24.091648,4.119761,223.900075
3.420000,1.050200,60.271578,-5.251211,1.066125,60.270054,1.264170,0.000000,60.000000,0.000000,1.000432,60.247291,-9.515929,1.007838,60.247367,-8.541490,1.010870,60.246813,-7.947591,1.001516,60.248873,-9.850744,1.000627,60.249832,-10.272115,1.031087,60.263566,-9.730888,1.020484,60.244860,-5.590080,1.016148,60.245524,-6.387677,1.005656,60.245484,-6.293250,1.017578,60.245431,-6.105405,1.014102,60.246757,-7.287407,1.025801,60.248760,-6.141295,1.044112,60.249555,-4.273116,1.047819,60.252537,-4.566992,1.047113,60.252543,-5.174344,1.060229,60.245295,-0.085939,1.000658,60.243545,-1.072786,1.044176,60.249248,-2.201628,1.059234,60.248824,1.666794,1.054724,60.248701,1.467663,1.049157,60.249472,-4.182733,1.065383,60.269218,1.871756,1.063880,60.263302,-1.354668,1.051219,60.258285,-3.834880,1.062171,60.267155,1.329684,1.060576,60.268601,3.628623,1.046062,60.271354,3.480796,0.985185,60.239223,-1.156120,0.984993,60.238534,1.310098,1.003861,60.243690,4.355668,1.017412,60.241148,3.356605,1.053575,60.248560,6.052016,1.067440,60.247552,8.268615,1.030371,60.271372,7.831946,1.031657,60.271917,9.589071,1.031574,60.272720,-9.297455,1.004596,1.003604,1.003701,1.003956,1.003892,1.004655,1.004709,1.004636,-41.286067,0.000000,5.815066,14.315742,7.372580,22.264154,25.647203,-27.570479,0.000000,447.800150,209.391350,467.503357,6.717002,286.592096,294.652499,141.504847,562.436988,245.394482,221.661074,276.382253,200.614467,124.488442,251.663684,184.493662,253.902685,8.239523,988.742731,0.000000,164.790455,75.230425,157.625653,78.812826,137.026846,28.927890,26.868009,92.246831,102.994034,75.767785,-82.574348,42.272334,15.225205,67.617823,24.718568,24.091648,4.119761,223.900075
3.440000,1.050194,60.272921,-5.110593,1.065911,60.270559,1.390057,0.000000,60.000000,0.000000,1.000959,60.249216,-9.547705,1.008396,60.249292,-8.572718,1.011436,60.248740,-7.982801,1.002065,60.250792,-9.871149,1.001163,60.251747,-10.285625,1.031359,60.265448,-9.645584,1.021042,60.246807,-5.639274,1.016711,60.247464,-6.432117,1.006220,60.247426,-6.337969,1.018116,60.247373,-6.150503,1.014579,60.248689,-7.322992,1.026055,60.250681,-6.162480,1.044271,60.251477,-4.288561,1.047851,60.254360,-4.561395,1.047145,60.254364,-5.168711,1.060350,60.247408,-0.131221,1.000750,60.245717,-1.130415,1.044367,60.251186,-2.219216,1.059449,60.250781,1.646238,1.054943,60.250664,1.446253,1.049326,60.251398,-4.198758,1.065068,60.269852,1.992209,1.063510,60.264805,-1.272918,1.051005,60.259925,-3.788676,1.061625,60.269087,1.441149,1.059998,60.270695,3.751243,1.045783,60.271267,3.613383,0.985755,60.241157,-1.245999,0.985558,60.240536,1.215564,1.003941,60.245894,4.299228,1.017453,60.243409,3.282103,1.053798,60.250527,6.029605,1.067689,60.249563,8.239143,1.030087,60.271628,7.966222,1.031069,60.274387,9.737293,1.031653,60.274588,-9.146255,1.004632,1.003630,1.003732,1.003996,1.003928,1.004644,1.004774,1.004599,-40.855028,0.000000,5.858041,14.470859,7.499326,22.710670,26.133455,-27.137961,0.000000,447.800150,209.391350,467.503357,6.717002,286.592096,294.652499,141.504847,562.436988,245.394482,221.661074,276.382253,200.614467,124.488442,251.663684,184.493662,253.902685,8.239523,988.742731,0.000000,164.790455,75.230425,157.625653,78.812826,137.026846,28.927890,26.868009,92.246831,102.994034,75.767785,-82.574348,42.272334,15.225205,67.617823,24.718568,24.091648,4.119761,223.900075
3.460000,1.050198,60.274211,-4.970945,1.065696,60.270998,1.508872,0.000000,60.000000,0.000000,1.001476,60.251341,-9.575114,1.008945,60.251423,-8.599555,1.011994,60.250880,-8.013575,1.002606,60.252902,-9.887275,1.001690,60.253845,-10.294923,1.031627,60.267375,-9.556927,1.021591,60.248982,-5.683818,1.017266,60.249627,-6.471979,1.006774,60.249588,-6.378112,1.018644,60.249535,-6.191024,1.015047,60.250820,-7.354168,1.026297,60.252755,-6.179541,1.044418,60.253532,-4.299965,1.047868,60.256278,-4.552642,1.047163,60.256280,-5.159938,1.060463,60.249695,-0.170902,1.000833,60.248083,-1.181925,1.044546,60.253257,-2.232649,1.059654,60.252873,1.629984,1.055154,60.252762,1.429188,1.049483,60.253457,-4.210713,1.064757,60.270417,2.106504,1.063120,60.266267,-1.190936,1.050774,60.261588,-3.740959,1.061034,60.270894,1.555563,1.059369,60.272633,3.877843,1.045504,60.271110,3.734613,0.986321,60.243396,-1.330977,0.986118,60.242842,1.126417,1.004016,60.248281,4.249090,1.017486,60.245891,3.214482,1.054012,60.252630,6.011575,1.067932,60.251713,8.214380,1.029810,60.271788,8.091495,1.030423,60.276633,9.891900,1.031735,60.276409,-8.992213,1.004667,1.003665,1.003771,1.004040,1.003971,1.004629,1.004831,1.004561,-40.421855,0.000000,5.902992,14.631217,7.629996,23.138311,26.632878,-26.734631,0.000000,447.800150,209.391350,467.503357,6.717002,286.592096,294.652499,141.504847,562.436988,245.394482,221.661074,276.382253,200.614467,124.488442,251.663684,184.493662,253.902685,8.239523,988.742731,0.000000,164.790455,75.230425,157.625653,78.812826,137.026846,28.927890,26.868009,92.246831,102.994034,75.767785,-82.574348,42.272334,15.225205,67.617823,24.718568,24.091648,4.119761,223.900075
3.480000,1.050214,60.275458,-4.833515,1.065482,60.271395,1.619335,0.000000,60.000000,0.000000,1.001979,60.253664,-9.597637,1.009481,60.253755,-8.621449,1.012538,60.253227,-8.039314,1.003133,60.255200,-9.898666,1.002204,60.256120,-10.299623,1.031888,60.269346,-9.465507,1.022127,60.251380,-5.723001,1.017807,60.252008,-6.506593,1.007314,60.251967,-6.413018,1.019159,60.251912,-6.226316,1.015502,60.253146,-7.380431,1.026527,60.254978,-6.192309,1.044554,60.255716,-4.307301,1.047873,60.258290,-4.540962,1.047168,60.258290,-5.148252,1.060566,60.252145,-0.204688,1.000907,60.250631,-1.226883,1.044715,60.255457,-2.241896,1.059849,60.255094,1.618068,1.055354,60.254990,1.416505,1.049629,60.255645,-4.218570,1.064454,60.270932,2.213318,1.062717,60.267693,-1.109906,1.050532,60.263277,-3.692462,1.060407,60.272575,1.671112,1.058698,60.274414,4.006380,1.045227,60.270914,3.843212,0.986881,60.245930,-1.409809,0.986668,60.245440,1.043882,1.004087,60.250841,4.205617,1.017512,60.248580,3.154363,1.054218,60.254862,5.997962,1.068169,60.253992,8.194376,1.029541,60.271881,8.206292,1.029729,60.278648,10.050335,1.031817,60.278184,-8.836578,1.004700,1.003710,1.003818,1.004088,1.004018,1.004611,1.004880,1.004522,-39.991228,0.000000,5.949269,14.794296,7.762849,23.541640,27.138086,-26.365213,0.000000,447.800150,209.391350,467.503357,6.717002,286.592096,294.652499,141.504847,562.436988,245.394482,221.661074,276.382253,200.614467,124.488442,251.663684,184.493662,253.902685,8.239523,988.742731,0.000000,164.790455,75.230425,157.625653,78.812826,137.026846,28.927890,26.868009,92.246831,102.994034,75.767785,-82.574348,42.272334,15.225205,67.617823,24.718568,24.091648,4.119761,223.900075
3.500000,1.050242,60.276671,-4.699505,1.065273,60.271772,1.720316,0.000000,60.000000,0.000000,1.002467,60.256176,-9.614822,1.010001,60.256281,-8.637914,1.013066,60.255774,-8.059491,1.003645,60.257680,-9.904931,1.002703,60.258569,-10.299398,1.032142,60.271359,-9.371946,1.022648,60.253993,-5.756188,1.018332,60.254598,-6.535360,1.007839,60.254553,-6.442100,1.019658,60.254495,-6.255803,1.015941,60.255659,-7.401341,1.026745,60.257343,-6.200667,1.044678,60.258023,-4.310596,1.047869,60.260394,-4.526620,1.047164,60.260393,-5.133914,1.060660,60.254747,-0.232381,1.000972,60.253349,-1.264963,1.044873,60.257779,-2.246988,1.060035,60.257436,1.610453,1.055546,60.257339,1.408170,1.049764,60.257957,-4.222354,1.064162,60.271421,2.311472,1.062306,60.269090,-1.030980,1.050282,60.264995,-3.643918,1.059754,60.274135,1.785974,1.057996,60.276038,4.134791,1.044955,60.270711,3.938111,0.987429,60.248749,-1.481346,0.987204,60.248318,0.969083,1.004153,60.253561,4.169062,1.017529,60.251461,3.102239,1.054416,60.257215,5.988729,1.068399,60.256393,8.179094,1.029284,60.271940,8.309348,1.028997,60.280428,10.209981,1.031902,60.279913,-8.680609,1.004732,1.003764,1.003873,1.004140,1.004071,1.004592,1.004922,1.004484,-39.567765,0.000000,5.996202,14.957522,7.896082,23.915710,27.641580,-26.033920,0.000000,447.800150,209.391350,467.503357,6.717002,286.592096,294.652499,141.504847,562.436988,245.394482,221.661074,276.382253,200.614467,124.488442,251.663684,184.493662,253.902685,8.239523,988.742731,0.000000,164.790455,75.230425,157.625653,78.812826,137.026846,28.927890,26.868009,92.246831,102.994034,75.767785,-82.574348,42.272334,15.225205,67.617823,24.718568,24.091648,4.119761,223.900075
3.520000,1.050283,60.277861,-4.570055,1.065070,60.272155,1.810843,0.000000,60.000000,0.000000,1.002938,60.258868,-9.626285,1.010502,60.258991,-8.648540,1.013576,60.258510,-8.073654,1.004138,60.260331,-9.905744,1.003184,60.261181,-10.293986,1.032387,60.273412,-9.276893,1.023149,60.256808,-5.782829,1.018839,60.257386,-6.557765,1.008344,60.257335,-6.464851,1.020140,60.257273,-6.278990,1.016364,60.258349,-7.416534,1.026952,60.259844,-6.204561,1.044794,60.260447,-4.309931,1.047859,60.262587,-4.509908,1.047153,60.262585,-5.117214,1.060746,60.257491,-0.253874,1.001029,60.256223,-1.295944,1.045022,60.260218,-2.248012,1.060214,60.259893,1.607042,1.055730,60.259802,1.404084,1.049890,60.260385,-4.222148,1.063885,60.271906,2.399933,1.061897,60.270468,-0.955267,1.050032,60.266745,-3.596046,1.059086,60.275577,1.898351,1.057275,60.277509,4.261019,1.044688,60.270532,4.018458,0.987963,60.251836,-1.544556,0.987724,60.251461,0.903026,1.004216,60.256425,4.139565,1.017539,60.254517,3.058471,1.054608,60.259680,5.983763,1.068624,60.258904,8.168419,1.029040,60.271995,8.399609,1.028239,60.281973,10.368202,1.031987,60.281599,-8.525570,1.004763,1.003827,1.003935,1.004194,1.004129,1.004573,1.004955,1.004446,-39.155968,0.000000,6.043109,15.118310,8.027853,24.256126,28.135867,-25.744400,0.000000,447.800150,209.391350,467.503357,6.717002,286.592096,294.652499,141.504847,562.436988,245.394482,221.661074,276.382253,200.614467,124.488442,251.663684,184.493662,253.902685,8.239523,988.742731,0.000000,164.790455,75.230425,157.625653,78.812826,137.026846,28.927890,26.868009,92.246831,102.994034,75.767785,-82.574348,42.272334,15.225205,67.617823,24.718568,24.091648,4.119761,223.900075
3.540000,1.050337,60.279036,-4.446235,1.064878,60.272565,1.890112,0.000000,60.000000,0.000000,1.003389,60.261729,-9.631721,1.010984,60.261873,-8.652997,1.014065,60.261423,-8.081438,1.004611,60.263144,-9.900857,1.003645,60.263946,-10.283196,1.032624,60.275501,-9.181018,1.023631,60.259811,-5.802469,1.019325,60.260358,-6.573384,1.008830,60.260301,-6.480859,1.020602,60.260233,-6.295470,1.016770,60.261206,-7.425721,1.027150,60.262473,-6.203992,1.044903,60.262981,-4.305439,1.047846,60.264865,-4.491146,1.047141,60.264863,-5.098466,1.060826,60.260363,-0.269154,1.001078,60.259238,-1.319714,1.045166,60.262764,-2.245111,1.060386,60.262454,1.607672,1.055908,60.262369,1.404084,1.050010,60.262923,-4.218086,1.063625,60.272409,2.477833,1.061496,60.271835,-0.883812,1.049788,60.268530,-3.549539,1.058415,60.276910,2.006493,1.056549,60.278834,4.383056,1.044430,60.270408,4.083624,0.988482,60.255172,-1.598532,0.988225,60.254847,0.846582,1.004277,60.259419,4.117160,1.017541,60.257727,3.023288,1.054794,60.262247,5.982886,1.068845,60.261516,8.162158,1.028813,60.272078,8.476251,1.027470,60.283289,10.522389,1.032075,60.283241,-8.372714,1.004793,1.003898,1.004004,1.004251,1.004190,1.004554,1.004979,1.004411,-38.760163,0.000000,6.089308,15.274105,8.156315,24.559091,28.613571,-25.499699,0.000000,447.800150,209.391350,467.503357,6.717002,286.592096,294.652499,141.504847,562.436988,245.394482,221.661074,276.382253,200.614467,124.488442,251.663684,184.493662,253.902685,8.239523,988.742731,0.000000,164.790455,75.230425,157.625653,78.812826,137.026846,28.927890,26.868009,92.246831,102.994034,75.767785,-82.574348,42.272334,15.225205,67.617823,24.718568,24.091648,4.119761,223.900075
3.560000,1.050404,60.280206,-4.329035,1.064699,60.273027,1.957498,0.000000,60.000000,0.000000,1.003821,60.264745,-9.630908,1.011444,60.264912,-8.651044,1.014534,60.264498,-8.082568,1.005064,60.266104,-9.890102,1.004086,60.266851,-10.266913,1.032852,60.277623,-9.085006,1.024092,60.262987,-5.814753,1.019790,60.263499,-6.581890,1.009294,60.263435,-6.489803,1.021043,60.263360,-6.304933,1.017159,60.264215,-7.428701,1.027341,60.265218,-6.199021,1.045010,60.265615,-4.297301,1.047837,60.267223,-4.470674,1.047131,60.267222,-5.078005,1.060902,60.263348,-0.278295,1.001122,60.262377,-1.336263,1.045306,60.265409,-2.238483,1.060557,60.265111,1.612122,1.056084,60.265032,1.407951,1.050128,60.265561,-4.210350,1.063387,60.272953,2.544474,1.061112,60.273201,-0.817580,1.049556,60.270355,-3.505060,1.057754,60.278145,2.108731,1.055830,60.280025,4.498967,1.044183,60.270369,4.133206,0.988981,60.258735,-1.642507,0.988704,60.258456,0.800480,1.004337,60.262527,4.101777,1.017538,60.261073,2.996786,1.054979,60.264906,5.985856,1.069064,60.264216,8.160049,1.028604,60.272219,8.538679,1.026703,60.284386,10.670002,1.032163,60.284843,-8.223270,1.004821,1.003978,1.004079,1.004311,1.004256,1.004536,1.004996,1.004379,-38.384450,0.000000,6.134125,15.422430,8.279637,24.821446,29.067556,-25.302225,0.000000,447.800150,209.391350,467.503357,6.717002,286.592096,294.652499,141.504847,562.436988,245.394482,221.661074,276.382253,200.614467,124.488442,251.663684,184.493662,253.902685,8.239523,988.742731,0.000000,164.790455,75.230425,157.625653,78.812826,137.026846,28.927890,26.868009,92.246831,102.994034,75.767785,-82.574348,42.272334,15.225205,67.617823,24.718568,24.091648,4.119761,223.900075
3.580000,1.050485,60.281382,-4.219355,1.064535,60.273560,2.012552,0.000000,60.000000,0.000000,1.004234,60.267899,-9.623715,1.011883,60.268092,-8.642533,1.014980,60.267717,-8.076866,1.005495,60.269196,-9.873398,1.004506,60.269882,-10.245102,1.033072,60.279772,-8.989555,1.024531,60.266317,-5.819434,1.020234,60.266790,-6.583059,1.009736,60.266718,-6.491469,1.021465,60.266635,-6.307172,1.017531,60.267361,-7.425359,1.027529,60.268069,-6.189766,1.045117,60.268341,-4.285746,1.047834,60.269657,-4.448848,1.047128,60.269657,-5.056182,1.060976,60.266431,-0.281458,1.001163,60.265623,-1.345689,1.045447,60.268143,-2.228373,1.060727,60.267852,1.620121,1.056260,60.267779,1.415410,1.050245,60.268290,-4.199172,1.063174,60.273559,2.599331,1.060752,60.274575,-0.757448,1.049345,60.272220,-3.463228,1.057117,60.279294,2.203498,1.055132,60.281093,4.606924,1.043948,60.270442,4.167029,0.989462,60.262502,-1.675862,0.989161,60.262262,0.765295,1.004398,60.265731,4.093247,1.017530,60.264533,2.978931,1.055164,60.267646,5.992375,1.069284,60.266993,8.161767,1.028416,60.272446,8.586528,1.025951,60.285277,10.808611,1.032252,60.286407,-8.078432,1.004848,1.004065,1.004161,1.004372,1.004325,1.004521,1.005004,1.004351,-38.032646,0.000000,6.176902,15.560922,8.396039,25.040699,29.491034,-25.153720,0.000000,447.800150,209.391350,467.503357,6.717002,286.592096,294.652499,141.504847,562.436988,245.394482,221.661074,276.382253,200.614467,124.488442,251.663684,184.493662,253.902685,8.239523,988.742731,0.000000,164.790455,75.230425,157.625653,78.812826,137.026846,28.927890,26.868009,92.246831,102.994034,75.767785,-82.574348,42.272334,15.225205,67.617823,24.718568,24.091648,4.119761,223.900075
3.600000,1.050580,60.282572,-4.117996,1.064389,60.274186,2.055007,0.000000,60.000000,0.000000,1.004628,60.271174,-9.610102,1.012301,60.271394,-8.627412,1.015405,60.271062,-8.064255,1.005906,60.272403,-9.850749,1.004906,60.273022,-10.217812,1.033284,60.281945,-8.895366,1.024949,60.269780,-5.816373,1.020655,60.270212,-6.576775,1.010158,60.270131,-6.485745,1.021867,60.270040,-6.302082,1.017888,60.270625,-7.415670,1.027715,60.271013,-6.176405,1.045227,60.271146,-4.271047,1.047843,60.272158,-4.426035,1.047138,60.272161,-5.033359,1.061051,60.269597,-0.278885,1.001203,60.268956,-1.348186,1.045592,60.270954,-2.215073,1.060901,60.270666,1.631346,1.056439,60.270599,1.426137,1.050367,60.271098,-4.184826,1.062987,60.274246,2.642058,1.060426,60.275967,-0.704194,1.049159,60.274129,-3.424613,1.056514,60.280370,2.289355,1.054469,60.282053,4.705235,1.043728,60.270654,4.185144,0.989921,60.266444,-1.698134,0.989593,60.266237,0.741444,1.004463,60.269015,4.091312,1.017521,60.268084,2.969564,1.055353,60.270455,6.002096,1.069507,60.269834,8.166931,1.028250,60.272785,8.619658,1.025229,60.285980,10.935933,1.032343,60.287935,-7.939344,1.004874,1.004158,1.004247,1.004435,1.004396,1.004508,1.005005,1.004327,-37.708247,0.000000,6.217009,15.687374,8.503817,25.215034,29.877669,-25.055251,0.000000,447.800150,209.391350,467.503357,6.717002,286.592096,294.652499,141.504847,562.436988,245.394482,221.661074,276.382253,200.614467,124.488442,251.663684,184.493662,253.902685,8.239523,988.742731,0.000000,164.790455,75.230425,157.625653,78.812826,137.026846,28.927890,26.868009,92.246831,102.994034,75.767785,-82.574348,42.272334,15.225205,67.617823,24.718568,24.091648,4.119761,223.900075
3.620000,1.050687,60.283784,-4.025657,1.064263,60.274922,2.084771,0.000000,60.000000,0.000000,1.005004,60.274551,-9.590123,1.012697,60.274798,-8.605729,1.015808,60.274511,-8.044760,1.006295,60.275706,-9.822253,1.005285,60.276253,-10.185177,1.033488,60.284134,-8.803137,1.025345,60.273354,-5.805546,1.021056,60.273743,-6.563031,1.010558,60.273652,-6.472631,1.022249,60.273552,-6.289666,1.018230,60.273989,-7.399703,1.027903,60.274036,-6.159167,1.045346,60.274020,-4.253514,1.047869,60.274722,-4.402611,1.047163,60.274727,-5.009906,1.061130,60.272830,-0.270889,1.001244,60.272359,-1.344042,1.045744,60.273830,-2.198913,1.061082,60.273542,1.645435,1.056626,60.273480,1.439767,1.050495,60.273975,-4.167627,1.062830,60.275032,2.672484,1.060140,60.277386,-0.658482,1.049007,60.276084,-3.389730,1.055960,60.281388,2.365010,1.053855,60.282924,4.792364,1.043524,60.271027,4.187814,0.990360,60.270534,-1.709023,0.990002,60.270352,0.729178,1.004533,60.272361,4.095628,1.017512,60.271704,2.968408,1.055548,60.273323,6.014628,1.069736,60.272727,8.175111,1.028107,60.273261,8.638152,1.024551,60.286516,11.049871,1.032435,60.289429,-7.807093,1.004899,1.004256,1.004337,1.004499,1.004469,1.004500,1.004999,1.004309,-37.414378,0.000000,6.253848,15.799775,8.601374,25.343321,30.221674,-25.007195,0.000000,447.800150,209.391350,467.503357,6.717002,286.592096,294.652499,141.504847,562.436988,245.394482,221.661074,276.382253,200.614467,124.488442,251.663684,184.493662,253.902685,8.239523,988.742731,0.000000,164.790455,75.230425,157.625653,78.812826,137.026846,28.927890,26.868009,92.246831,102.994034,75.767785,-82.574348,42.272334,15.225205,67.617823,24.718568,24.091648,4.119761,223.900075
3.640000,1.050807,60.285026,-3.942929,1.064159,60.275784,2.101925,0.000000,60.000000,0.000000,1.005363,60.278008,-9.563929,1.013074,60.278283,-8.577629,1.016190,60.278044,-8.018511,1.006665,60.279083,-9.788097,1.005645,60.279556,-10.147413,1.033685,60.286335,-8.713562,1.025721,60.277016,-5.787045,1.021435,60.277360,-6.541932,1.010939,60.277259,-6.452234,1.022612,60.277149,-6.270035,1.018559,60.277432,-7.377617,1.028095,60.277123,-6.138338,1.045475,60.276951,-4.233497,1.047915,60.277338,-4.378954,1.047210,60.277347,-4.986196,1.061216,60.276112,-0.257854,1.001289,60.275812,-1.333632,1.045907,60.276760,-2.180263,1.061274,60.276467,1.661989,1.056822,60.276410,1.455896,1.050635,60.276907,-4.147927,1.062705,60.275933,2.690610,1.059902,60.278841,-0.620863,1.048893,60.278085,-3.359036,1.055466,60.282365,2.429334,1.053301,60.283723,4.866957,1.043337,60.271583,4.175513,0.990777,60.274741,-1.708389,0.990386,60.274577,0.728584,1.004609,60.275752,4.105781,1.017504,60.275372,2.975074,1.055753,60.276236,6.029549,1.069975,60.275660,8.185840,1.027990,60.273894,8.642298,1.023931,60.286910,11.148545,1.032527,60.290892,-7.682694,1.004923,1.004360,1.004431,1.004564,1.004544,1.004495,1.004987,1.004298,-37.153764,0.000000,6.286864,15.896334,8.687245,25.425105,30.517905,-25.009249,0.000000,447.800150,209.391350,467.503357,6.717002,286.592096,294.652499,141.504847,562.436988,245.394482,221.661074,276.382253,200.614467,124.488442,251.663684,184.493662,253.902685,8.239523,988.742731,0.000000,164.790455,75.230425,157.625653,78.812826,137.026846,28.927890,26.868009,92.246831,102.994034,75.767785,-82.574348,42.272334,15.225205,67.617823,24.718568,24.091648,4.119761,223.900075
3.660000,1.050938,60.286305,-3.870290,1.064078,60.276786,2.106716,0.000000,60.000000,0.000000,1.005705,60.281523,-9.531765,1.013430,60.281825,-8.543360,1.016552,60.281636,-7.985741,1.007014,60.282515,-9.748560,1.005987,60.282910,-10.104824,1.033875,60.288539,-8.627315,1.026077,60.280742,-5.761074,1.021794,60.281039,-6.513692,1.011299,60.280928,-6.424769,1.022958,60.280808,-6.243408,1.018876,60.280932,-7.349664,1.028295,60.280258,-6.114254,1.045619,60.279924,-4.211373,1.047986,60.280000,-4.355445,1.047282,60.280013,-4.962606,1.061310,60.279427,-0.240223,1.001340,60.279295,-1.317408,1.046083,60.279731,-2.159522,1.061477,60.279428,1.680578,1.057031,60.279375,1.474090,1.050788,60.279882,-4.126109,1.062613,60.276963,2.696602,1.059717,60.280341,-0.591767,1.048823,60.280132,-3.332921,1.055041,60.283318,2.481377,1.052820,60.284469,4.927860,1.043168,60.272338,4.148909,0.991172,60.279033,-1.696258,0.990745,60.278879,0.739579,1.004694,60.279171,4.121287,1.017500,60.279063,2.989074,1.055969,60.279182,6.046408,1.070224,60.278620,8.198621,1.027898,60.274701,8.632579,1.023381,60.287187,11.230318,1.032620,60.292327,-7.567080,1.004945,1.004467,1.004528,1.004629,1.004620,1.004496,1.004968,1.004293,-36.928690,0.000000,6.315552,15.975522,8.760122,25.460591,30.761930,-25.060437,0.000000,447.800150,209.391350,467.503357,6.717002,286.592096,294.652499,141.504847,562.436988,245.394482,221.661074,276.382253,200.614467,124.488442,251.663684,184.493662,253.902685,8.239523,988.742731,0.000000,164.790455,75.230425,157.625653,78.812826,137.026846,28.927890,26.868009,92.246831,102.994034,75.767785,-82.574348,42.272334,15.225205,67.617823,24.718568,24.091648,4.119761,223.900075
3.680000,1.051080,60.287627,-3.808105,1.064021,60.277939,2.099543,0.000000,60.000000,0.000000,1.006032,60.285073,-9.493972,1.013767,60.285403,-8.503264,1.016893,60.285264,-7.946785,1.007345,60.285979,-9.704008,1.006309,60.286294,-10.057791,1.034059,60.290741,-8.545054,1.026414,60.284505,-5.727948,1.022134,60.284756,-6.478632,1.011641,60.284634,-6.390560,1.023286,60.284504,-6.210109,1.019181,60.284469,-7.316185,1.028503,60.283425,-6.087294,1.045778,60.282928,-4.187549,1.048085,60.282697,-4.332457,1.047381,60.282715,-4.939506,1.061415,60.282759,-0.218493,1.001398,60.282789,-1.295894,1.046275,60.282728,-2.137115,1.061696,60.282413,1.700750,1.057255,60.282363,1.493892,1.050958,60.282887,-4.102582,1.062555,60.278133,2.690783,1.059591,60.281891,-0.571500,1.048801,60.282225,-3.311712,1.054697,60.284262,2.520378,1.052423,60.285184,4.974131,1.043019,60.273307,4.108848,0.991544,60.283379,-1.672818,0.991078,60.283226,0.761920,1.004790,60.282600,4.141612,1.017502,60.282758,3.009827,1.056199,60.282150,6.064734,1.070486,60.281595,8.212933,1.027832,60.275695,8.609657,1.022912,60.287376,11.293825,1.032714,60.293738,-7.461095,1.004967,1.004576,1.004626,1.004694,1.004695,1.004502,1.004945,1.004295,-36.740982,0.000000,6.339465,16.036084,8.818880,25.450619,30.950102,-25.159130,0.000000,447.800150,209.391350,467.503357,6.717002,286.592096,294.652499,141.504847,562.436988,245.394482,221.661074,276.382253,200.614467,124.488442,251.663684,184.493662,253.902685,8.239523,988.742731,0.000000,164.790455,75.230425,157.625653,78.812826,137.026846,28.927890,26.868009,92.246831,102.994034,75.767785,-82.574348,42.272334,15.225205,67.617823,24.718568,24.091648,4.119761,223.900075
3.700000,1.051232,60.288996,-3.756623,1.063988,60.279251,2.080952,0.000000,60.000000,0.000000,1.006343,60.288636,-9.450977,1.014085,60.288992,-8.457775,1.017215,60.288903,-7.902072,1.007656,60.289453,-9.654891,1.006614,60.289686,-10.006775,1.034237,60.292934,-8.467405,1.026730,60.288280,-5.688090,1.022453,60.288484,-6.437178,1.011963,60.288352,-6.350030,1.023597,60.288212,-6.170559,1.019475,60.288018,-7.277604,1.028722,60.286607,-6.057884,1.045956,60.285947,-4.162454,1.048213,60.285420,-4.310359,1.047510,60.285443,-4.917261,1.061532,60.286089,-0.193201,1.001465,60.286277,-1.269673,1.046484,60.285740,-2.113489,1.061931,60.285409,1.722038,1.057495,60.285360,1.514827,1.051145,60.285906,-4.077781,1.062532,60.279452,2.673623,1.059528,60.283499,-0.560245,1.048830,60.284362,-3.295668,1.054442,60.285214,2.545774,1.052118,60.285887,5.005056,1.042890,60.274501,4.056339,0.991894,60.287744,-1.638416,0.991386,60.287585,0.795203,1.004896,60.286022,4.166174,1.017511,60.286434,3.036676,1.056444,60.285127,6.084046,1.070762,60.284571,8.228245,1.027793,60.276888,8.574351,1.022535,60.287508,11.337987,1.032809,60.295127,-7.365485,1.004987,1.004688,1.004725,1.004759,1.004771,1.004513,1.004918,1.004304,-36.591987,0.000000,6.358219,16.077069,8.862597,25.396632,31.079615,-25.303077,0.000000,447.800150,209.391350,467.503357,6.717002,286.592096,294.652499,141.504847,562.436988,245.394482,221.661074,276.382253,200.614467,124.488442,251.663684,184.493662,253.902685,8.239523,988.742731,0.000000,164.790455,75.230425,157.625653,78.812826,137.026846,28.927890,26.868009,92.246831,102.994034,75.767785,-82.574348,42.272334,15.225205,67.617823,24.718568,24.091648,4.119761,223.900075
3.720000,1.051392,60.290417,-3.715982,1.063981,60.280727,2.051617,0.000000,60.000000,0.000000,1.006640,60.292188,-9.403294,1.014383,60.292568,-8.407418,1.017516,60.292530,-7.852127,1.007949,60.292913,-9.601739,1.006900,60.293065,-9.952309,1.034408,60.295111,-8.394963,1.027028,60.292042,-5.642024,1.022753,60.292199,-6.389854,1.012267,60.292057,-6.303702,1.023891,60.291908,-6.125278,1.019759,60.291558,-7.234426,1.028953,60.289789,-6.026484,1.046153,60.288968,-4.136532,1.048373,60.288159,-4.289508,1.047670,60.288186,-4.896228,1.061663,60.289403,-0.164924,1.001543,60.289738,-1.239379,1.046712,60.288751,-2.089104,1.062184,60.288402,1.743961,1.057752,60.288354,1.536407,1.051351,60.288927,-4.052155,1.062543,60.280925,2.645725,1.059530,60.285169,-0.558064,1.048913,60.286540,-3.284976,1.054280,60.286192,2.557204,1.051913,60.286601,5.020151,1.042781,60.275925,3.992532,0.992220,60.292096,-1.593550,0.991669,60.291924,0.838872,1.005015,60.289422,4.194356,1.017527,60.290071,3.068901,1.056704,60.288102,6.103860,1.071052,60.287537,8.244019,1.027780,60.278285,8.527620,1.022258,60.287613,11.362031,1.032903,60.296497,-7.280889,1.005007,1.004799,1.004824,1.004824,1.004846,1.004530,1.004888,1.004322,-36.482556,0.000000,6.371499,16.097838,8.890575,25.300631,31.148542,-25.489443,0.000000,447.800150,209.391350,467.503357,6.717002,286.592096,294.652499,141.504847,562.436988,245.394482,221.661074,276.382253,200.614467,124.488442,251.663684,184.493662,253.902685,8.239523,988.742731,0.000000,164.790455,75.230425,157.625653,78.812826,137.026846,28.927890,26.868009,92.246831,102.994034,75.767785,-82.574348,42.272334,15.225205,67.617823,24.718568,24.091648,4.119761,223.900075
3.740000,1.051559,60.291891,-3.686205,1.063998,60.282371,2.012327,0.000000,60.000000,0.000000,1.006921,60.295706,-9.351514,1.014663,60.296109,-8.352797,1.017797,60.296120,-7.797556,1.008222,60.296339,-9.545152,1.007168,60.296410,-9.894990,1.034573,60.297266,-8.328281,1.027306,60.295765,-5.590368,1.023032,60.295876,-6.337274,1.012552,60.295725,-6.252184,1.024167,60.295568,-6.074873,1.020033,60.295066,-7.187228,1.029194,60.292952,-5.993584,1.046369,60.291977,-4.110240,1.048564,60.290903,-4.270244,1.047863,60.290935,-4.876746,1.061807,60.292684,-0.134262,1.001631,60.293156,-1.205685,1.046959,60.291748,-2.064428,1.062454,60.291380,1.766041,1.058027,60.291333,1.558146,1.051576,60.291935,-4.026165,1.062588,60.282557,2.607811,1.059599,60.286906,-0.564898,1.049050,60.288757,-3.279760,1.054218,60.287210,2.554510,1.051812,60.287344,5.019171,1.042692,60.277584,3.918699,0.992522,60.296404,-1.538866,0.991926,60.296211,0.892227,1.005145,60.292783,4.225518,1.017553,60.293650,3.105726,1.056980,60.291062,6.123695,1.071357,60.290482,8.259725,1.027793,60.279888,8.470540,1.022088,60.287723,11.365498,1.032997,60.297852,-7.207833,1.005025,1.004911,1.004922,1.004887,1.004919,1.004554,1.004856,1.004347,-36.413040,0.000000,6.379068,16.098079,8.902351,25.165132,31.155866,-25.714849,0.000000,447.800150,209.391350,467.503357,6.717002,286.592096,294.652499,141.504847,562.436988,245.394482,221.661074,276.382253,200.614467,124.488442,251.663684,184.493662,253.902685,8.239523,988.742731,0.000000,164.790455,75.230425,157.625653,78.812826,137.026846,28.927890,26.868009,92.246831,102.994034,75.767785,-82.574348,42.272334,15.225205,67.617823,24.718568,24.091648,4.119761,223.900075
3.760000,1.051731,60.293422,-3.667206,1.064040,60.284181,1.963973,0.000000,60.000000,0.000000,1.007187,60.299167,-9.296297,1.014922,60.299590,-8.294586,1.018057,60.299650,-7.739044,1.008476,60.299707,-9.485796,1.007417,60.299700,-9.835474,1.034732,60.299390,-8.267865,1.027564,60.299425,-5.533826,1.023292,60.299491,-6.280135,1.012817,60.299332,-6.196169,1.024426,60.299166,-6.020028,1.020295,60.298520,-7.136652,1.029447,60.296081,-5.959702,1.046604,60.294961,-4.084038,1.048787,60.293642,-4.252890,1.048086,60.293679,-4.859139,1.061965,60.295918,-0.101831,1.001730,60.296513,-1.169293,1.047223,60.294719,-2.039932,1.062740,60.294331,1.787798,1.058318,60.294282,1.579555,1.051820,60.294917,-4.000276,1.062667,60.284347,2.560708,1.059735,60.288711,-0.580571,1.049240,60.291009,-3.280071,1.054258,60.288284,2.537741,1.051820,60.288138,5.002112,1.042623,60.279476,3.836212,0.992799,60.300635,-1.475142,0.992156,60.300414,0.954436,1.005287,60.296092,4.259003,1.017588,60.297153,3.146341,1.057270,60.293995,6.143081,1.071675,60.293394,8.274842,1.027830,60.281697,8.404283,1.022028,60.287868,11.348250,1.033090,60.299194,-7.146729,1.005044,1.005020,1.005017,1.004950,1.004991,1.004582,1.004824,1.004380,-36.383293,0.000000,6.380766,16.077806,8.897716,24.993113,31.101498,-25.975427,0.000000,447.800150,209.391350,467.503357,6.717002,286.592096,294.652499,141.504847,562.436988,245.394482,221.661074,276.382253,200.614467,124.488442,251.663684,184.493662,253.902685,8.239523,988.742731,0.000000,164.790455,75.230425,157.625653,78.812826,137.026846,28.927890,26.868009,92.246831,102.994034,75.767785,-82.574348,42.272334,15.225205,67.617823,24.718568,24.091648,4.119761,223.900075
3.780000,1.051906,60.295010,-3.658794,1.064104,60.286156,1.907531,0.000000,60.000000,0.000000,1.007435,60.302550,-9.238365,1.015160,60.302991,-8.233526,1.018296,60.303097,-7.677342,1.008709,60.302997,-9.424391,1.007646,60.302914,-9.774465,1.034882,60.301480,-8.214172,1.027801,60.302998,-5.473176,1.023530,60.303020,-6.219205,1.013062,60.302854,-6.136418,1.024666,60.302682,-5.961499,1.020545,60.301900,-7.083394,1.029708,60.299161,-5.925369,1.046857,60.297906,-4.058385,1.049038,60.296365,-4.237746,1.048339,60.296406,-4.843709,1.062135,60.299089,-0.068256,1.001840,60.299796,-1.130922,1.047504,60.297650,-2.016080,1.063041,60.297243,1.808769,1.058623,60.297191,1.600162,1.052081,60.297859,-3.974950,1.062776,60.286293,2.505335,1.059937,60.290586,-0.604799,1.049481,60.293291,-3.285896,1.054400,60.289427,2.507145,1.051938,60.289001,4.969205,1.042573,60.281598,3.746519,0.993049,60.304759,-1.403284,0.992359,60.304504,1.024549,1.005439,60.299333,4.294151,1.017632,60.300564,3.189909,1.057573,60.296892,6.161565,1.072004,60.296263,8.288872,1.027890,60.283707,8.330095,1.022082,60.288081,11.310469,1.033182,60.300528,-7.097867,1.005061,1.005127,1.005111,1.005011,1.005060,1.004617,1.004791,1.004421,-36.392671,0.000000,6.376519,16.037360,8.876716,24.787960,30.986278,-26.266876,0.000000,447.800150,209.391350,467.503357,6.717002,286.592096,294.652499,141.504847,562.436988,245.394482,221.661074,276.382253,200.614467,124.488442,251.663684,184.493662,253.902685,8.239523,988.742731,0.000000,164.790455,75.230425,157.625653,78.812826,137.026846,28.927890,26.868009,92.246831,102.994034,75.767785,-82.574348,42.272334,15.225205,67.617823,24.718568,24.091648,4.119761,223.900075
3.800000,1.052083,60.296654,-3.660679,1.064190,60.288289,1.844041,0.000000,60.000000,0.000000,1.007665,60.305834,-9.178489,1.015376,60.306290,-8.170408,1.018511,60.306441,-7.613256,1.008920,60.306191,-9.361702,1.007854,60.306035,-9.712705,1.035025,60.303528,-8.167597,1.028016,60.306462,-5.409262,1.023745,60.306443,-6.155313,1.013285,60.306270,-6.073752,1.024887,60.306093,-5.900098,1.020781,60.305185,-7.028198,1.029977,60.302176,-5.891128,1.047125,60.300800,-4.033730,1.049317,60.299063,-4.225084,1.048619,60.299108,-4.830730,1.062316,60.302185,-0.034159,1.001959,60.302988,-1.091294,1.047799,60.300531,-1.993325,1.063355,60.300105,1.828505,1.058941,60.300049,1.619509,1.052357,60.300750,-3.950644,1.062914,60.288391,2.442681,1.060202,60.292531,-0.637190,1.049772,60.295599,-3.297153,1.054643,60.290654,2.463167,1.052163,60.289952,4.920914,1.042541,60.283941,3.651123,0.993273,60.308748,-1.324307,0.992535,60.308453,1.101509,1.005601,60.302495,4.330306,1.017685,60.303869,3.235584,1.057887,60.299742,6.178721,1.072343,60.299079,8.301344,1.027971,60.285911,8.249273,1.022248,60.288391,11.252659,1.033272,60.301855,-7.061417,1.005078,1.005231,1.005200,1.005070,1.005127,1.004657,1.004761,1.004469,-36.440052,0.000000,6.366337,15.977404,8.839661,24.553407,30.811964,-26.584527,0.000000,447.800150,209.391350,467.503357,6.717002,286.592096,294.652499,141.504847,562.436988,245.394482,221.661074,276.382253,200.614467,124.488442,251.663684,184.493662,253.902685,8.239523,988.742731,0.000000,164.790455,75.230425,157.625653,78.812826,137.026846,28.927890,26.868009,92.246831,102.994034,75.767785,-82.574348,42.272334,15.225205,67.617823,24.718568,24.091648,4.119761,223.900075
3.820000,1.052259,60.298353,-3.672472,1.064296,60.290573,1.774597,0.000000,60.000000,0.000000,1.007876,60.309002,-9.117478,1.015568,60.309468,-8.106064,1.018703,60.309661,-7.547638,1.009108,60.309269,-9.298528,1.008040,60.309044,-9.650965,1.035158,60.305530,-8.128478,1.028207,60.309796,-5.342975,1.023937,60.309738,-6.089339,1.013484,60.309561,-6.009041,1.025086,60.309379,-5.836685,1.021001,60.308358,-6.971839,1.030251,60.305112,-5.857520,1.047405,60.303632,-4.010509,1.049619,60.301726,-4.215144,1.048923,60.301775,-4.820447,1.062506,60.305194,-0.000152,1.002085,60.306079,-1.051130,1.048105,60.303349,-1.972102,1.063678,60.302906,1.846583,1.059268,60.302845,1.637164,1.052644,60.303579,-3.927794,1.063078,60.290635,2.373795,1.060525,60.294547,-0.677252,1.050107,60.297927,-3.313695,1.054983,60.291975,2.406443,1.052494,60.291006,4.857930,1.042525,60.286495,3.551557,0.993467,60.312574,-1.239326,0.992682,60.312235,1.184169,1.005770,60.305565,4.366823,1.017745,60.307054,3.282525,1.058208,60.302536,6.194150,1.072687,60.301833,8.311823,1.028072,60.288296,8.163146,1.022524,60.288826,11.175633,1.033360,60.303179,-7.037423,1.005095,1.005330,1.005286,1.005127,1.005191,1.004702,1.004733,1.004525,-36.523850,0.000000,6.350322,15.898907,8.787125,24.293475,30.581209,-26.923408,0.000000,447.800150,209.391350,467.503357,6.717002,286.592096,294.652499,141.504847,562.436988,245.394482,221.661074,276.382253,200.614467,124.488442,251.663684,184.493662,253.902685,8.239523,988.742731,0.000000,164.790455,75.230425,157.625653,78.812826,137.026846,28.927890,26.868009,92.246831,102.994034,75.767785,-82.574348,42.272334,15.225205,67.617823,24.718568,24.091648,4.119761,223.900075
3.840000,1.052434,60.300106,-3.693700,1.064418,60.292998,1.700330,0.000000,60.000000,0.000000,1.008065,60.312035,-9.056167,1.015736,60.312509,-8.041354,1.018868,60.312740,-7.481370,1.009271,60.312215,-9.235688,1.008202,60.311926,-9.590030,1.035280,60.307481,-8.097083,1.028373,60.312982,-5.275247,1.024103,60.312888,-6.022195,1.013660,60.312707,-5.943187,1.025262,60.312523,-5.772152,1.021204,60.311402,-6.915115,1.030526,60.307958,-5.825081,1.047694,60.306390,-3.989134,1.049940,60.304345,-4.208132,1.049246,60.304397,-4.813070,1.062702,60.308105,0.033175,1.002218,60.309055,-1.011131,1.048419,60.306095,-1.952819,1.064006,60.305638,1.862612,1.059600,60.305570,1.652726,1.052940,60.306333,-3.906817,1.063264,60.293014,2.299769,1.060902,60.296631,-0.724404,1.050482,60.300270,-3.335313,1.055414,60.293401,2.337786,1.052923,60.292180,4.781159,1.042525,60.289246,3.449366,0.993632,60.316213,-1.149536,0.992801,60.315827,1.271310,1.005945,60.308533,4.403080,1.017811,60.310108,3.329905,1.058532,60.305264,6.207492,1.073034,60.304518,8.319916,1.028189,60.290851,8.073056,1.022907,60.289413,11.080500,1.033445,60.304502,-7.025811,1.005112,1.005423,1.005367,1.005183,1.005251,1.004751,1.004708,1.004587,-36.642043,0.000000,6.328660,15.803129,8.719938,24.012412,30.297525,-27.278317,0.000000,447.800150,209.391350,467.503357,6.717002,286.592096,294.652499,141.504847,562.436988,245.394482,221.661074,276.382253,200.614467,124.488442,251.663684,184.493662,253.902685,8.239523,988.742731,0.000000,164.790455,75.230425,157.625653,78.812826,137.026846,28.927890,26.868009,92.246831,102.994034,75.767785,-82.574348,42.272334,15.225205,67.617823,24.718568,24.091648,4.119761,223.900075
3.860000,1.052603,60.301908,-3.723808,1.064556,60.295552,1.622388,0.000000,60.000000,0.000000,1.008230,60.314919,-8.995404,1.015877,60.315397,-7.977154,1.019007,60.315663,-7.415352,1.009409,60.315015,-9.174010,1.008339,60.314668,-9.530692,1.035391,60.309376,-8.073614,1.028514,60.316004,-5.207034,1.024243,60.315875,-5.954817,1.013809,60.315694,-5.877115,1.025413,60.315509,-5.707411,1.021387,60.314303,-6.858836,1.030798,60.310702,-5.794328,1.047988,60.309066,-3.969987,1.050276,60.306913,-4.204212,1.049584,60.306967,-4.808769,1.062902,60.310909,0.065260,1.002354,60.311909,-0.971972,1.048735,60.308759,-1.935851,1.064336,60.308291,1.876236,1.059934,60.308216,1.665831,1.053241,60.309005,-3.888098,1.063468,60.295519,2.221721,1.061325,60.298781,-0.777976,1.050889,60.302624,-3.361734,1.055929,60.294941,2.258182,1.053445,60.293488,4.691710,1.042538,60.292177,3.346078,0.993765,60.319643,-1.056200,0.992890,60.319210,1.361659,1.006123,60.311390,4.438485,1.017881,60.313023,3.376926,1.058856,60.307918,6.218426,1.073379,60.307127,8.325276,1.028320,60.293559,7.980334,1.023389,60.290178,10.968657,1.033527,60.305828,-7.026385,1.005128,1.005510,1.005442,1.005235,1.005309,1.004805,1.004689,1.004656,-36.792201,0.000000,6.301627,15.691601,8.639182,23.714631,29.965228,-27.643897,0.000000,447.800150,209.391350,467.503357,6.717002,286.592096,294.652499,141.504847,562.436988,245.394482,221.661074,276.382253,200.614467,124.488442,251.663684,184.493662,253.902685,8.239523,988.742731,0.000000,164.790455,75.230425,157.625653,78.812826,137.026846,28.927890,26.868009,92.246831,102.994034,75.767785,-82.574348,42.272334,15.225205,67.617823,24.718568,24.091648,4.119761,223.900075
3.880000,1.052766,60.303758,-3.762165,1.064705,60.298223,1.541925,0.000000,60.000000,0.000000,1.008369,60.317642,-8.936036,1.015990,60.318120,-7.914341,1.019116,60.318415,-7.350491,1.009518,60.317656,-9.114320,1.008449,60.317258,-9.473733,1.035489,60.311214,-8.058197,1.028626,60.318848,-5.139299,1.024354,60.318688,-5.888150,1.013930,60.318507,-5.811754,1.025538,60.318323,-5.643380,1.021548,60.317048,-6.803806,1.031065,60.313335,-5.765754,1.048282,60.311652,-3.953414,1.050621,60.309422,-4.203505,1.049931,60.309477,-4.807671,1.063102,60.313598,0.095576,1.002490,60.314632,-0.934293,1.049051,60.311335,-1.921535,1.064663,60.310859,1.887145,1.060265,60.310776,1.676161,1.053541,60.311587,-3.871986,1.063687,60.298137,2.140783,1.061788,60.300994,-0.837222,1.051324,60.304982,-3.392625,1.056518,60.296603,2.168772,1.054049,60.294941,4.590881,1.042563,60.295270,3.243191,0.993865,60.322844,-0.960629,0.992949,60.322364,1.453902,1.006300,60.314127,4.472481,1.017954,60.315790,3.422832,1.059174,60.310493,6.226679,1.073717,60.309653,8.327607,1.028462,60.296403,7.886294,1.023961,60.291141,10.841759,1.033604,60.307159,-7.038831,1.005144,1.005591,1.005511,1.005286,1.005362,1.004863,1.004675,1.004731,-36.971522,0.000000,6.269587,15.566098,8.546175,23.404649,29.589385,-28.014709,0.000000,447.800150,209.391350,467.503357,6.717002,286.592096,294.652499,141.504847,562.436988,245.394482,221.661074,276.382253,200.614467,124.488442,251.663684,184.493662,253.902685,8.239523,988.742731,0.000000,164.790455,75.230425,157.625653,78.812826,137.026846,28.927890,26.868009,92.246831,102.994034,75.767785,-82.574348,42.272334,15.225205,67.617823,24.718568,24.091648,4.119761,223.900075
3.900000,1.052921,60.305650,-3.808079,1.064863,60.300994,1.460086,0.000000,60.000000,0.000000,1.008482,60.320193,-8.878898,1.016073,60.320665,-7.853782,1.019196,60.320987,-7.287683,1.009599,60.320130,-9.057425,1.008530,60.319686,-9.419914,1.035573,60.312991,-8.050886,1.028709,60.321502,-5.073003,1.024436,60.321314,-5.823130,1.014021,60.321135,-5.748030,1.025635,60.320954,-5.580969,1.021685,60.319628,-6.750816,1.031320,60.315850,-5.739816,1.048572,60.314141,-3.939721,1.050970,60.311867,-4.206085,1.050281,60.311922,-4.809857,1.063298,60.316165,0.123642,1.002625,60.317218,-0.898687,1.049360,60.313816,-1.910164,1.064981,60.313336,1.895073,1.060587,60.313243,1.683443,1.053836,60.314071,-3.858788,1.063916,60.300854,2.058086,1.062282,60.303267,-0.901328,1.051777,60.307341,-3.427597,1.057172,60.298394,2.070840,1.054725,60.296549,4.480140,1.042596,60.298503,3.142149,0.993932,60.325801,-0.864166,0.992978,60.325277,1.546711,1.006475,60.316737,4.504553,1.018026,60.318405,3.466915,1.059483,60.312983,6.232024,1.074045,60.312092,8.326673,1.028612,60.299365,7.792204,1.024614,60.292322,10.701702,1.033677,60.308498,-7.062727,1.005161,1.005664,1.005574,1.005333,1.005412,1.004923,1.004667,1.004810,-37.176875,0.000000,6.232982,15.428609,8.442455,23.087026,29.175732,-28.385309,0.000000,447.800150,209.391350,467.503357,6.717002,286.592096,294.652499,141.504847,562.436988,245.394482,221.661074,276.382253,200.614467,124.488442,251.663684,184.493662,253.902685,8.239523,988.742731,0.000000,164.790455,75.230425,157.625653,78.812826,137.026846,28.927890,26.868009,92.246831,102.994034,75.767785,-82.574348,42.272334,15.225205,67.617823,24.718568,24.091648,4.119761,223.900075
3.920000,1.053065,60.307579,-3.860798,1.065025,60.303850,1.377993,0.000000,60.000000,0.000000,1.008565,60.322564,-8.824797,1.016126,60.323027,-7.796318,1.019245,60.323370,-7.227803,1.009650,60.322428,-9.004106,1.008583,60.321946,-9.369967,1.035641,60.314706,-8.051657,1.028762,60.323957,-5.009085,1.024487,60.323745,-5.760674,1.014082,60.323571,-5.686845,1.025703,60.323395,-5.521066,1.021795,60.322034,-6.700627,1.031562,60.318239,-5.716933,1.048852,60.316528,-3.929164,1.051316,60.314242,-4.211976,1.050629,60.314295,-4.815357,1.063488,60.318605,0.149024,1.002755,60.319663,-0.865695,1.049658,60.316196,-1.901981,1.065287,60.315718,1.899807,1.060896,60.315614,1.687459,1.054122,60.316452,-3.848762,1.064151,60.303657,1.974745,1.062799,60.305595,-0.969420,1.052240,60.309695,-3.466205,1.057878,60.300317,1.965797,1.055461,60.298320,4.361109,1.042636,60.301853,3.044327,0.993965,60.328500,-0.768167,0.992977,60.327936,1.638756,1.006643,60.319217,4.534236,1.018096,60.320864,3.508527,1.059777,60.315382,6.234288,1.074356,60.314440,8.322294,1.028766,60.302423,7.699285,1.025336,60.293737,10.550593,1.033745,60.309846,-7.097542,1.005177,1.005729,1.005630,1.005378,1.005459,1.004986,1.004667,1.004894,-37.404841,0.000000,6.192333,15.281306,8.329756,22.766308,28.730595,-28.750328,0.000000,447.800150,209.391350,467.503357,6.717002,286.592096,294.652499,141.504847,562.436988,245.394482,221.661074,276.382253,200.614467,124.488442,251.663684,184.493662,253.902685,8.239523,988.742731,0.000000,164.790455,75.230425,157.625653,78.812826,137.026846,28.927890,26.868009,92.246831,102.994034,75.767785,-82.574348,42.272334,15.225205,67.617823,24.718568,24.091648,4.119761,223.900075
3.940000,1.053197,60.309541,-3.919525,1.065190,60.306775,1.296734,0.000000,60.000000,0.000000,1.008619,60.324751,-8.774501,1.016148,60.325198,-7.742755,1.019262,60.325558,-7.171689,1.009670,60.324546,-8.955101,1.008605,60.324032,-9.324578,1.035694,60.316358,-8.060413,1.028784,60.326209,-4.948455,1.024507,60.325976,-5.701666,1.014112,60.325807,-5.629068,1.025741,60.325639,-5.464524,1.021878,60.324262,-6.653965,1.031784,60.320500,-5.697472,1.049119,60.318809,-3.921948,1.051653,60.316542,-4.221150,1.050968,60.316595,-4.824150,1.063666,60.320916,0.171347,1.002876,60.321964,-0.835796,1.049940,60.318473,-1.897175,1.065575,60.318000,1.901189,1.061188,60.317885,1.688046,1.054393,60.318728,-3.842113,1.064385,60.306529,1.891853,1.063328,60.307973,-1.040572,1.052707,60.312040,-3.507953,1.058624,60.302376,1.855161,1.056243,60.300260,4.235537,1.042680,60.305297,2.951012,0.993964,60.330932,-0.673982,0.992946,60.330334,1.728726,1.006803,60.321561,4.561115,1.018161,60.323166,3.547086,1.060052,60.317687,6.233353,1.074648,60.316695,8.314351,1.028922,60.305558,7.608692,1.026113,60.295397,10.390717,1.033807,60.311206,-7.142648,1.005194,1.005785,1.005679,1.005420,1.005501,1.005051,1.004674,1.004981,-37.651762,0.000000,6.148230,15.126508,8.209987,22.446972,28.260797,-29.104540,0.000000,447.800150,209.391350,467.503357,6.717002,286.592096,294.652499,141.504847,562.436988,245.394482,221.661074,276.382253,200.614467,124.488442,251.663684,184.493662,253.902685,8.239523,988.742731,0.000000,164.790455,75.230425,157.625653,78.812826,137.026846,28.927890,26.868009,92.246831,102.994034,75.767785,-82.574348,42.272334,15.225205,67.617823,24.718568,24.091648,4.119761,223.900075
3.960000,1.053314,60.311531,-3.983424,1.065352,60.309751,1.217348,0.000000,60.000000,0.000000,1.008641,60.326750,-8.728727,1.016138,60.327178,-7.693846,1.019247,60.327549,-7.120134,1.009659,60.326481,-8.911096,1.008598,60.325944,-9.284381,1.035730,60.317948,-8.076979,1.028774,60.328253,-4.891973,1.024495,60.328002,-5.646942,1.014110,60.327842,-5.575519,1.025748,60.327683,-5.412151,1.021931,60.326309,-6.611502,1.031984,60.322630,-5.681748,1.049367,60.320981,-3.918222,1.051976,60.318767,-4.233526,1.051293,60.318816,-4.836162,1.063830,60.323096,0.190291,1.002987,60.324121,-0.809404,1.050201,60.320643,-1.895879,1.065840,60.320180,1.899120,1.061457,60.320054,1.685100,1.054645,60.320896,-3.838990,1.064615,60.309454,1.810461,1.063862,60.310397,-1.113819,1.053168,60.314371,-3.552302,1.059396,60.304572,1.740540,1.057057,60.302372,4.105280,1.042725,60.308810,2.863390,0.993929,60.333091,-0.582940,0.992886,60.332467,1.815346,1.006950,60.323769,4.584834,1.018219,60.325311,3.582086,1.060303,60.319895,6.229155,1.074915,60.318855,8.302791,1.029074,60.308748,7.521504,1.026932,60.297311,10.224508,1.033863,60.312580,-7.197326,1.005212,1.005833,1.005721,1.005459,1.005540,1.005117,1.004690,1.005071,-37.913796,0.000000,6.101327,14.966645,8.085199,22.133374,27.773554,-29.442940,0.000000,447.800150,209.391350,467.503357,6.717002,286.592096,294.652499,141.504847,562.436988,245.394482,221.661074,276.382253,200.614467,124.488442,251.663684,184.493662,253.902685,8.239523,988.742731,0.000000,164.790455,75.230425,157.625653,78.812826,137.026846,28.927890,26.868009,92.246831,102.994034,75.767785,-82.574348,42.272334,15.225205,67.617823,24.718568,24.091648,4.119761,223.900075
3.980000,1.053415,60.313542,-4.051631,1.065508,60.312761,1.140820,0.000000,60.000000,0.000000,1.008632,60.328563,-8.688131,1.016096,60.328964,-7.650288,1.019200,60.329342,-7.073869,1.009617,60.328233,-8.872715,1.008559,60.327680,-9.249944,1.035749,60.319477,-8.101105,1.028734,60.330089,-4.840442,1.024452,60.329824,-5.597280,1.014075,60.329675,-5.526962,1.025724,60.329527,-5.364694,1.021953,60.328174,-6.573851,1.032159,60.324628,-5.670016,1.049592,60.323045,-3.918077,1.052279,60.320912,-4.248973,1.051597,60.320959,-4.851267,1.063976,60.325144,0.205603,1.003083,60.326134,-0.786865,1.050437,60.322707,-1.898168,1.066078,60.322257,1.893554,1.061699,60.322120,1.678575,1.054873,60.322954,-3.839483,1.064836,60.312416,1.731576,1.064389,60.312860,-1.188168,1.053616,60.316686,-3.598670,1.060181,60.306903,1.623606,1.057889,60.304656,3.972274,1.042769,60.312365,2.782534,0.993860,60.334974,-0.496325,0.992798,60.334335,1.897397,1.007081,60.325839,4.605094,1.018266,60.327300,3.613095,1.060527,60.322005,6.221683,1.075153,60.320919,8.287619,1.029220,60.311973,7.438720,1.027778,60.299483,10.054507,1.033912,60.313970,-7.260773,1.005230,1.005872,1.005756,1.005495,1.005575,1.005183,1.004715,1.005163,-38.186966,0.000000,6.052330,14.804219,7.957555,21.829697,27.276368,-29.760808,0.000000,447.800150,209.391350,467.503357,6.717002,286.592096,294.652499,141.504847,562.436988,245.394482,221.661074,276.382253,200.614467,124.488442,251.663684,184.493662,253.902685,8.239523,988.742731,0.000000,164.790455,75.230425,157.625653,78.812826,137.026846,28.927890,26.868009,92.246831,102.994034,75.767785,-82.574348,42.272334,15.225205,67.617823,24.718568,24.091648,4.119761,223.900075
4.000000,1.053499,60.315568,-4.123265,1.065655,60.315787,1.068066,0.000000,60.000000,0.000000,1.008591,60.330190,-8.653297,1.016024,60.330560,-7.612704,1.019122,60.330939,-7.033555,1.009545,60.329805,-8.840510,1.008492,60.329243,-9.221765,1.035751,60.320946,-8.132470,1.028663,60.331719,-4.794596,1.024378,60.331444,-5.553388,1.014009,60.331308,-5.484090,1.025669,60.331173,-5.322830,1.021945,60.329860,-6.541557,1.032304,60.326495,-5.662468,1.049790,60.324999,-3.921546,1.052557,60.322979,-4.267306,1.051877,60.323020,-4.869287,1.064101,60.327061,0.217092,1.003163,60.328005,-0.768448,1.050644,60.324664,-1.904055,1.066286,60.324233,1.884508,1.061911,60.324084,1.668488,1.055075,60.324904,-3.843624,1.065044,60.315399,1.656143,1.064901,60.315356,-1.262609,1.054043,60.318979,-3.646445,1.060965,60.309367,1.506078,1.058724,60.307111,3.838506,1.042810,60.315938,2.709391,0.993760,60.336583,-0.415366,0.992683,60.335939,1.973728,1.007195,60.327771,4.621660,1.018301,60.329138,3.639765,1.060719,60.324017,6.210985,1.075359,60.322888,8.268901,1.029357,60.315211,7.361246,1.028636,60.301913,9.883328,1.033955,60.315376,-7.332118,1.005248,1.005902,1.005784,1.005528,1.005606,1.005250,1.004749,1.005255,-38.467215,0.000000,6.001987,14.641764,7.829297,21.539911,26.776910,-30.053774,0.000000,447.800150,209.391350,467.503357,6.717002,286.592096,294.652499,141.504847,562.436988,245.394482,221.661074,276.382253,200.614467,124.488442,251.663684,184.493662,253.902685,8.239523,988.742731,0.000000,164.790455,75.230425,157.625653,78.812826,137.026846,28.927890,26.868009,92.246831,102.994034,75.767785,-82.574348,42.272334,15.225205,67.617823,24.718568,24.091648,4.119761,223.900075
4.020000,1.053563,60.317604,-4.197433,1.065789,60.318811,0.999926,0.000000,60.000000,0.000000,1.008520,60.331638,-8.624730,1.015922,60.331970,-7.581640,1.019015,60.332346,-6.999776,1.009444,60.331201,-8.814953,1.008396,60.330638,-9.200260,1.035737,60.322359,-8.170685,1.028563,60.333149,-4.755089,1.024275,60.332867,-5.515895,1.013913,60.332745,-5.447516,1.025585,60.332626,-5.287159,1.021907,60.331371,-6.515088,1.032419,60.328233,-5.659230,1.049958,60.326845,-3.928602,1.052804,60.324965,-4.288293,1.052126,60.325002,-4.889996,1.064203,60.328850,0.224634,1.003223,60.329739,-0.754351,1.050819,60.326516,-1.913498,1.066460,60.326106,1.872052,1.062089,60.325946,1.654909,1.055245,60.326746,-3.851383,1.065233,60.318386,1.585043,1.065389,60.317878,-1.336130,1.054442,60.321248,-3.694986,1.061733,60.311957,1.389690,1.059548,60.309731,3.705986,1.042843,60.319502,2.644775,0.993630,60.337921,-0.341215,0.992544,60.337286,2.043275,1.007288,60.329568,4.634358,1.018322,60.330829,3.661831,1.060878,60.325931,6.197157,1.075530,60.324763,8.246764,1.029482,60.318442,7.289896,1.029492,60.304596,9.713615,1.033990,60.316801,-7.410424,1.005267,1.005923,1.005805,1.005557,1.005634,1.005316,1.004792,1.005348,-38.750467,0.000000,5.951077,14.481811,7.702708,21.267727,26.282906,-30.317880,0.000000,447.800150,209.391350,467.503357,6.717002,286.592096,294.652499,141.504847,562.436988,245.394482,221.661074,276.382253,200.614467,124.488442,251.663684,184.493662,253.902685,8.239523,988.742731,0.000000,164.790455,75.230425,157.625653,78.812826,137.026846,28.927890,26.868009,92.246831,102.994034,75.767785,-82.574348,42.272334,15.225205,67.617823,24.718568,24.091648,4.119761,223.900075
4.040000,1.053608,60.319644,-4.273184,1.065906,60.321815,0.937219,0.000000,60.000000,0.000000,1.008420,60.332912,-8.602787,1.015792,60.333202,-7.557492,1.018880,60.333568,-6.972966,1.009316,60.332429,-8.796367,1.008273,60.331873,-9.185700,1.035706,60.323718,-8.215234,1.028435,60.334385,-4.722425,1.024144,60.334100,-5.485281,1.013789,60.333994,-5.417706,1.025473,60.333892,-5.258133,1.021838,60.332712,-6.494769,1.032500,60.329846,-5.660303,1.050093,60.328587,-3.939100,1.053018,60.326872,-4.311599,1.052341,60.326903,-4.913061,1.064279,60.330514,0.228231,1.003263,60.331340,-0.744634,1.050958,60.328265,-1.926335,1.066597,60.327880,1.856374,1.062230,60.327709,1.638028,1.055382,60.328484,-3.862612,1.065399,60.321361,1.519143,1.065845,60.320418,-1.407667,1.054805,60.323489,-3.743579,1.062474,60.314667,1.276232,1.060347,60.312507,3.576776,1.042867,60.323032,2.589419,0.993472,60.338998,-0.274871,0.992384,60.338384,2.105133,1.007359,60.331234,4.643137,1.018327,60.332379,3.679172,1.060999,60.327748,6.180409,1.075664,60.326545,8.221449,1.029590,60.321647,7.225442,1.030330,60.307522,9.548060,1.034018,60.318245,-7.494648,1.005287,1.005936,1.005819,1.005584,1.005658,1.005381,1.004843,1.005439,-39.032676,0.000000,5.900395,14.326846,7.580077,21.016563,25.802015,-30.549624,0.000000,447.800150,209.391350,467.503357,6.717002,286.592096,294.652499,141.504847,562.436988,245.394482,221.661074,276.382253,200.614467,124.488442,251.663684,184.493662,253.902685,8.239523,988.742731,0.000000,164.790455,75.230425,157.625653,78.812826,137.026846,28.927890,26.868009,92.246831,102.994034,75.767785,-82.574348,42.272334,15.225205,67.617823,24.718568,24.091648,4.119761,223.900075
4.060000,1.053631,60.321681,-4.349704,1.066004,60.324784,0.880547,0.000000,60.000000,0.000000,1.008292,60.334022,-8.587861,1.015637,60.334264,-7.540690,1.018719,60.334616,-6.953591,1.009163,60.333497,-8.785113,1.008126,60.332955,-9.178392,1.035660,60.325028,-8.265667,1.028282,60.335438,-4.697140,1.023988,60.335152,-5.462056,1.013638,60.335065,-5.395158,1.025334,60.334982,-5.236236,1.021741,60.333893,-6.480965,1.032546,60.331340,-5.665748,1.050192,60.330226,-3.952967,1.053194,60.328701,-4.336975,1.052517,60.328726,-4.938239,1.064326,60.332059,0.227824,1.003280,60.332814,-0.739412,1.051060,60.329914,-1.942478,1.066696,60.329557,1.837585,1.062332,60.329376,1.617960,1.055483,60.330120,-3.877237,1.065540,60.324308,1.459098,1.066261,60.322969,-1.476307,1.055127,60.325697,-3.791630,1.063175,60.317485,1.167330,1.061107,60.315429,3.452771,1.042880,60.326504,2.543785,0.993289,60.339825,-0.217355,0.992204,60.339247,2.158384,1.007406,60.332771,4.647883,1.018314,60.333796,3.691623,1.061081,60.329470,6.160869,1.075758,60.328239,8.193119,1.029680,60.324808,7.168430,1.031137,60.310679,9.389177,1.034039,60.319710,-7.583828,1.005307,1.005940,1.005827,1.005609,1.005679,1.005444,1.004904,1.005528,-39.309885,0.000000,5.850745,14.179271,7.463657,20.789510,25.341705,-30.746014,0.000000,447.800150,209.391350,467.503357,6.717002,286.592096,294.652499,141.504847,562.436988,245.394482,221.661074,276.382253,200.614467,124.488442,251.663684,184.493662,253.902685,8.239523,988.742731,0.000000,164.790455,75.230425,157.625653,78.812826,137.026846,28.927890,26.868009,92.246831,102.994034,75.767785,-82.574348,42.272334,15.225205,67.617823,24.718568,24.091648,4.119761,223.900075
4.080000,1.053631,60.323710,-4.426133,1.066079,60.327700,0.830480,0.000000,60.000000,0.000000,1.008139,60.334978,-8.580184,1.015459,60.335168,-7.531504,1.018536,60.335501,-6.941956,1.008988,60.334416,-8.781388,1.007957,60.333894,-9.178483,1.035600,60.326293,-8.321416,1.028106,60.336318,-4.679603,1.023808,60.336035,-5.446567,1.013463,60.335968,-5.380206,1.025172,60.335905,-5.221792,1.021618,60.334923,-6.473886,1.032557,60.332720,-5.675497,1.050254,60.331768,-3.970014,1.053329,60.330452,-4.364075,1.052653,60.330471,-4.965188,1.064344,60.333489,0.223477,1.003273,60.334168,-0.738663,1.051123,60.331467,-1.961723,1.066754,60.331141,1.815907,1.062394,60.330950,1.594933,1.055547,60.331659,-3.895064,1.065652,60.327212,1.405542,1.066629,60.325521,-1.541114,1.055403,60.327869,-3.838484,1.063823,60.320399,1.064617,1.061816,60.318482,3.335860,1.042879,60.329893,2.508249,0.993086,60.340415,-0.169501,0.992008,60.339888,2.202295,1.007427,60.334187,4.648607,1.018282,60.335087,3.699163,1.061123,60.331100,6.138772,1.075811,60.329846,8.162051,1.029749,60.327907,7.119361,1.031899,60.314049,9.239448,1.034053,60.321195,-7.676914,1.005328,1.005936,1.005828,1.005630,1.005698,1.005506,1.004973,1.005615,-39.578278,0.000000,5.802916,14.041375,7.355630,20.589305,24.909143,-30.904598,0.000000,447.800150,209.391350,467.503357,6.717002,286.592096,294.652499,141.504847,562.436988,245.394482,221.661074,276.382253,200.614467,124.488442,251.663684,184.493662,253.902685,8.239523,988.742731,0.000000,164.790455,75.230425,157.625653,78.812826,137.026846,28.927890,26.868009,92.246831,102.994034,75.767785,-82.574348,42.272334,15.225205,67.617823,24.718568,24.091648,4.119761,223.900075
4.100000,1.053610,60.325725,-4.501641,1.066129,60.330549,0.787488,0.000000,60.000000,0.000000,1.007963,60.335793,-8.579894,1.015262,60.335926,-7.530102,1.018334,60.336235,-6.938261,1.008794,60.335198,-8.785294,1.007769,60.334703,-9.186031,1.035528,60.327519,-8.381863,1.027911,60.337039,-4.670080,1.023610,60.336762,-5.439057,1.013268,60.336716,-5.373083,1.024988,60.336675,-5.215022,1.021469,60.335813,-6.473653,1.032533,60.333992,-5.689427,1.050278,60.333217,-3.990010,1.053421,60.332128,-4.392531,1.052746,60.332140,-4.993539,1.064332,60.334812,0.215315,1.003240,60.335410,-0.742297,1.051145,60.332929,-1.983825,1.066770,60.332636,1.791603,1.062415,60.332436,1.569215,1.055571,60.333105,-3.915859,1.065731,60.330057,1.359012,1.066944,60.328064,-1.601206,1.055627,60.330001,-3.883504,1.064409,60.323395,0.969634,1.062461,60.321649,3.227829,1.042862,60.333179,2.483035,0.992865,60.340787,-0.132015,0.991800,60.340324,2.236266,1.007422,60.335488,4.645377,1.018230,60.336263,3.701847,1.061124,60.332642,6.114387,1.075822,60.331372,8.128558,1.029794,60.330927,7.078632,1.032603,60.317607,9.101216,1.034060,60.322701,-7.772838,1.005350,1.005926,1.005825,1.005649,1.005713,1.005565,1.005049,1.005697,-39.834229,0.000000,5.757680,13.915295,7.258073,20.418305,24.511073,-31.023496,0.000000,447.800150,209.391350,467.503357,6.717002,286.592096,294.652499,141.504847,562.436988,245.394482,221.661074,276.382253,200.614467,124.488442,251.663684,184.493662,253.902685,8.239523,988.742731,0.000000,164.790455,75.230425,157.625653,78.812826,137.026846,28.927890,26.868009,92.246831,102.994034,75.767785,-82.574348,42.272334,15.225205,67.617823,24.718568,24.091648,4.119761,223.900075
4.120000,1.053565,60.327719,-4.575437,1.066150,60.333315,0.751933,0.000000,60.000000,0.000000,1.007767,60.336479,-8.587030,1.015048,60.336552,-7.536552,1.018116,60.336834,-6.942605,1.008585,60.335857,-8.796837,1.007566,60.335395,-9.200994,1.035444,60.328709,-8.446354,1.027699,60.337616,-4.668731,1.023395,60.337347,-5.439663,1.013055,60.337324,-5.373919,1.024787,60.337306,-5.216049,1.021298,60.336577,-6.480296,1.032473,60.335165,-5.707355,1.050262,60.334577,-4.012684,1.053469,60.333731,-4.421956,1.052794,60.333736,-5.022912,1.064289,60.336034,0.203512,1.003182,60.336549,-0.750165,1.051126,60.334305,-2.008500,1.066745,60.334046,1.764970,1.062393,60.333839,1.541111,1.055556,60.334463,-3.939345,1.065776,60.332830,1.319944,1.067200,60.330589,-1.655770,1.055796,60.332088,-3.926082,1.064922,60.326453,0.883807,1.063032,60.324910,3.130327,1.042827,60.336339,2.468218,0.992630,60.340961,-0.105461,0.991582,60.340577,2.259833,1.007389,60.336681,4.638318,1.018156,60.337331,3.699803,1.061084,60.334100,6.088015,1.075792,60.332819,8.092987,1.029813,60.333854,7.046535,1.033238,60.321329,8.976651,1.034060,60.324228,-7.870532,1.005373,1.005908,1.005816,1.005666,1.005727,1.005622,1.005133,1.005776,-40.074351,0.000000,5.715769,13.802984,7.172914,20.278473,24.153712,-31.101420,0.000000,447.800150,209.391350,467.503357,6.717002,286.592096,294.652499,141.504847,562.436988,245.394482,221.661074,276.382253,200.614467,124.488442,251.663684,184.493662,253.902685,8.239523,988.742731,0.000000,164.790455,75.230425,157.625653,78.812826,137.026846,28.927890,26.868009,92.246831,102.994034,75.767785,-82.574348,42.272334,15.225205,67.617823,24.718568,24.091648,4.119761,223.900075
4.140000,1.053498,60.329689,-4.646773,1.066142,60.335984,0.724073,0.000000,60.000000,0.000000,1.007556,60.337052,-8.601538,1.014822,60.337061,-7.550822,1.017886,60.337312,-6.954983,1.008363,60.336408,-8.815925,1.007351,60.335984,-9.223241,1.035351,60.329871,-8.514199,1.027474,60.338065,-4.675605,1.023168,60.337808,-5.448419,1.012828,60.337808,-5.382737,1.024571,60.337814,-5.224891,1.021107,60.337226,-6.493755,1.032378,60.336245,-5.729052,1.050207,60.335854,-4.037732,1.053470,60.335262,-4.451958,1.052795,60.335260,-5.052912,1.064214,60.337163,0.188291,1.003097,60.337593,-0.762059,1.051066,60.335599,-2.035435,1.066677,60.335376,1.736334,1.062330,60.335162,1.510952,1.055501,60.335739,-3.965216,1.065784,60.335517,1.288669,1.067392,60.333084,-1.704078,1.055908,60.334124,-3.965650,1.065354,60.329556,0.808420,1.063521,60.328242,3.044842,1.042773,60.339355,2.463723,0.992386,60.340958,-0.090256,0.991359,60.340666,2.272676,1.007329,60.337775,4.627604,1.018062,60.338304,3.693222,1.061003,60.335477,6.059982,1.075720,60.334192,8.055707,1.029806,60.336676,7.023250,1.033794,60.325184,8.867705,1.034054,60.325776,-7.968931,1.005397,1.005885,1.005802,1.005680,1.005738,1.005676,1.005222,1.005849,-40.295540,0.000000,5.677867,13.706191,7.101907,20.171358,23.842649,-31.137684,0.000000,447.800150,209.391350,467.503357,6.717002,286.592096,294.652499,141.504847,562.436988,245.394482,221.661074,276.382253,200.614467,124.488442,251.663684,184.493662,253.902685,8.239523,988.742731,0.000000,164.790455,75.230425,157.625653,78.812826,137.026846,28.927890,26.868009,92.246831,102.994034,75.767785,-82.574348,42.272334,15.225205,67.617823,24.718568,24.091648,4.119761,223.900075
4.160000,1.053408,60.331628,-4.714958,1.066103,60.338544,0.704052,0.000000,60.000000,0.000000,1.007330,60.337526,-8.623269,1.014587,60.337470,-7.572779,1.017647,60.337687,-6.975288,1.008133,60.336865,-8.842372,1.007127,60.336484,-9.252552,1.035251,60.331010,-8.584682,1.027241,60.338403,-4.690648,1.022931,60.338160,-5.465249,1.012591,60.338184,-5.399460,1.024344,60.338214,-5.241465,1.020900,60.337777,-6.513888,1.032249,60.337242,-5.754245,1.050112,60.337054,-4.064827,1.053424,60.336723,-4.482146,1.052749,60.336714,-5.083151,1.064107,60.338207,0.169918,1.002986,60.338551,-0.777721,1.050965,60.336817,-2.064293,1.066568,60.336631,1.706040,1.062225,60.336412,1.479093,1.055406,60.336939,-3.993142,1.065755,60.338106,1.265413,1.067517,60.335537,-1.745499,1.055958,60.336106,-4.001694,1.065697,60.332682,0.744594,1.063917,60.331619,2.972673,1.042699,60.342210,2.469330,0.992137,60.340804,-0.086660,0.991134,60.340615,2.274621,1.007241,60.338778,4.613457,1.017945,60.339190,3.682354,1.060880,60.336779,6.030630,1.075606,60.335497,8.017111,1.029770,60.339378,7.008857,1.034260,60.329138,8.776085,1.034041,60.327343,-8.066991,1.005421,1.005856,1.005785,1.005692,1.005747,1.005726,1.005317,1.005917,-40.495011,0.000000,5.644595,13.626427,7.046596,20.098086,23.582757,-31.132206,0.000000,447.800150,209.391350,467.503357,6.717002,286.592096,294.652499,141.504847,562.436988,245.394482,221.661074,276.382253,200.614467,124.488442,251.663684,184.493662,253.902685,8.239523,988.742731,0.000000,164.790455,75.230425,157.625653,78.812826,137.026846,28.927890,26.868009,92.246831,102.994034,75.767785,-82.574348,42.272334,15.225205,67.617823,24.718568,24.091648,4.119761,223.900075
4.180000,1.053296,60.333532,-4.779357,1.066031,60.340984,0.691909,0.000000,60.000000,0.000000,1.007095,60.337918,-8.651988,1.014346,60.337796,-7.602196,1.017403,60.337975,-7.003310,1.007898,60.337246,-8.875903,1.006898,60.336911,-9.288619,1.035145,60.332130,-8.657071,1.027001,60.338649,-4.713700,1.022689,60.338423,-5.489979,1.012346,60.338470,-5.423909,1.024108,60.338524,-5.265592,1.020678,60.338243,-6.540466,1.032088,60.338164,-5.782624,1.049979,60.338183,-4.093627,1.053332,60.338117,-4.512137,1.052656,60.338100,-5.113247,1.063969,60.339174,0.148692,1.002849,60.339434,-0.796849,1.050824,60.337964,-2.094720,1.066418,60.337817,1.674449,1.062078,60.337593,1.445901,1.055273,60.338068,-4.022773,1.065686,60.340586,1.250290,1.067572,60.337937,-1.779510,1.055946,60.338027,-4.033759,1.065945,60.335807,0.693263,1.064215,60.335016,2.914903,1.042602,60.344888,2.484684,0.991887,60.340525,-0.094773,0.990911,60.340447,2.265642,1.007126,60.339700,4.596141,1.017807,60.340001,3.667502,1.060718,60.338011,6.000314,1.075453,60.336738,7.977598,1.029704,60.341952,7.003328,1.034630,60.333155,8.703221,1.034023,60.328930,-8.163698,1.005447,1.005823,1.005764,1.005703,1.005755,1.005774,1.005416,1.005978,-40.670333,0.000000,5.616503,13.564952,7.008291,20.059358,23.378110,-31.085506,0.000000,447.800150,209.391350,467.503357,6.717002,286.592096,294.652499,141.504847,562.436988,245.394482,221.661074,276.382253,200.614467,124.488442,251.663684,184.493662,253.902685,8.239523,988.742731,0.000000,164.790455,75.230425,157.625653,78.812826,137.026846,28.927890,26.868009,92.246831,102.994034,75.767785,-82.574348,42.272334,15.225205,67.617823,24.718568,24.091648,4.119761,223.900075
4.200000,1.053162,60.335396,-4.839404,1.065924,60.343293,0.687570,0.000000,60.000000,0.000000,1.006853,60.338243,-8.687373,1.014102,60.338055,-7.638754,1.017157,60.338196,-7.038748,1.007660,60.337565,-8.916155,1.006667,60.337281,-9.331054,1.035035,60.333239,-8.730626,1.026758,60.338822,-4.744500,1.022444,60.338613,-5.522331,1.012098,60.338685,-5.455810,1.023867,60.338762,-5.296998,1.020445,60.338639,-6.573187,1.031895,60.339019,-5.813849,1.049807,60.339246,-4.123778,1.053192,60.339445,-4.541569,1.052515,60.339421,-5.142836,1.063801,60.340074,0.124943,1.002685,60.340250,-0.819107,1.050643,60.339047,-2.126356,1.066228,60.338939,1.641927,1.061892,60.338712,1.411753,1.055100,60.339131,-4.053753,1.065578,60.342945,1.243308,1.067554,60.340271,-1.805708,1.055870,60.339883,-4.061463,1.066094,60.338908,0.655159,1.064408,60.338403,2.872385,1.042483,60.347376,2.509294,0.991640,60.340146,-0.114539,0.990691,60.340190,2.245859,1.006983,60.340550,4.575955,1.017648,60.340747,3.649011,1.060517,60.339178,5.969392,1.075260,60.337920,7.937575,1.029609,60.344388,7.006538,1.034896,60.337198,8.650238,1.034000,60.330535,-8.258076,1.005473,1.005787,1.005741,1.005712,1.005761,1.005818,1.005518,1.006033,-40.819458,0.000000,5.594057,13.522752,6.988040,20.055442,23.231921,-30.998682,0.000000,447.800150,209.391350,467.503357,6.717002,286.592096,294.652499,141.504847,562.436988,245.394482,221.661074,276.382253,200.614467,124.488442,251.663684,184.493662,253.902685,8.239523,988.742731,0.000000,164.790455,75.230425,157.625653,78.812826,137.026846,28.927890,26.868009,92.246831,102.994034,75.767785,-82.574348,42.272334,15.225205,67.617823,24.718568,24.091648,4.119761,223.900075
4.220000,1.053009,60.337216,-4.894601,1.065784,60.345462,0.690858,0.000000,60.000000,0.000000,1.006606,60.338518,-8.729025,1.013859,60.338267,-7.682045,1.016913,60.338367,-7.081205,1.007424,60.337841,-8.962686,1.006437,60.337610,-9.379396,1.034923,60.334342,-8.804605,1.026515,60.338940,-4.782691,1.022199,60.338751,-5.561938,1.011848,60.338845,-5.494796,1.023624,60.338946,-5.335320,1.020204,60.338983,-6.611676,1.031671,60.339816,-5.847557,1.049598,60.340249,-4.154924,1.053005,60.340709,-4.570102,1.052328,60.340678,-5.171579,1.063602,60.340913,0.099020,1.002497,60.341009,-0.844128,1.050423,60.340072,-2.158837,1.065999,60.340002,1.608840,1.061667,60.339773,1.377022,1.054890,60.340135,-4.085722,1.065430,60.345176,1.244364,1.067462,60.342528,-1.823814,1.055731,60.341666,-4.084504,1.066138,60.341959,0.630797,1.064492,60.341751,2.845720,1.042341,60.349665,2.542552,0.991398,60.339697,-0.145737,0.990479,60.339867,2.215537,1.006814,60.341338,4.553231,1.017466,60.341438,3.627265,1.060278,60.340285,5.938223,1.075030,60.339049,7.897445,1.029482,60.346679,7.018261,1.035053,60.341226,8.617943,1.033973,60.332157,-8.349199,1.005500,1.005748,1.005717,1.005720,1.005767,1.005859,1.005621,1.006081,-40.940742,0.000000,5.577630,13.500529,6.986615,20.086180,23.146490,-30.873393,0.000000,447.800150,209.391350,467.503357,6.717002,286.592096,294.652499,141.504847,562.436988,245.394482,221.661074,276.382253,200.614467,124.488442,251.663684,184.493662,253.902685,8.239523,988.742731,0.000000,164.790455,75.230425,157.625653,78.812826,137.026846,28.927890,26.868009,92.246831,102.994034,75.767785,-82.574348,42.272334,15.225205,67.617823,24.718568,24.091648,4.119761,223.900075
4.240000,1.052836,60.338989,-4.944522,1.065609,60.347486,0.701493,0.000000,60.000000,0.000000,1.006358,60.338760,-8.776472,1.013619,60.338447,-7.731582,1.016672,60.338507,-7.130202,1.007192,60.338090,-9.014982,1.006210,60.337913,-9.433114,1.034809,60.335443,-8.878272,1.026274,60.339022,-4.827823,1.021958,60.338854,-5.608338,1.011600,60.338971,-5.540414,1.023381,60.339094,-5.380112,1.019955,60.339288,-6.655491,1.031420,60.340565,-5.883369,1.049352,60.341198,-4.186714,1.052773,60.341912,-4.597431,1.052094,60.341873,-5.199170,1.063374,60.341702,0.071290,1.002283,60.341720,-0.871525,1.050165,60.341043,-2.191806,1.065732,60.341013,1.575551,1.061404,60.340783,1.342077,1.054644,60.341086,-4.118324,1.065242,60.347270,1.253248,1.067295,60.344696,-1.833684,1.055526,60.343373,-4.102663,1.066077,60.344936,0.620467,1.064465,60.345031,2.835252,1.042175,60.351745,2.583737,0.991166,60.339206,-0.187992,0.990277,60.339504,2.175078,1.006619,60.342075,4.528325,1.017264,60.342086,3.602675,1.060003,60.341337,5.907157,1.074762,60.340129,7.857601,1.029325,60.348818,7.038178,1.035096,60.345198,8.606804,1.033941,60.333793,-8.436197,1.005528,1.005707,1.005691,1.005727,1.005771,1.005896,1.005725,1.006121,-41.032961,0.000000,5.567499,13.498693,7.004493,20.150992,23.123171,-30.711828,0.000000,447.800150,209.391350,467.503357,6.717002,286.592096,294.652499,141.504847,562.436988,245.394482,221.661074,276.382253,200.614467,124.488442,251.663684,184.493662,253.902685,8.239523,988.742731,0.000000,164.790455,75.230425,157.625653,78.812826,137.026846,28.927890,26.868009,92.246831,102.994034,75.767785,-82.574348,42.272334,15.225205,67.617823,24.718568,24.091648,4.119761,223.900075
4.260000,1.052645,60.340711,-4.988820,1.065399,60.349357,0.719098,0.000000,60.000000,0.000000,1.006110,60.338985,-8.829178,1.013385,60.338614,-7.786805,1.016438,60.338633,-7.185178,1.006965,60.338328,-9.072459,1.005988,60.338206,-9.491615,1.034696,60.336549,-8.950905,1.026038,60.339087,-4.879365,1.021721,60.338941,-5.660993,1.011356,60.339079,-5.592132,1.023140,60.339223,-5.430849,1.019702,60.339571,-6.704132,1.031140,60.341273,-5.920894,1.049072,60.342099,-4.218807,1.052495,60.343055,-4.623287,1.051814,60.343009,-5.225338,1.063117,60.342448,0.042128,1.002045,60.342392,-0.900896,1.049871,60.341966,-2.224915,1.065428,60.341976,1.542406,1.061105,60.341746,1.307276,1.054361,60.341989,-4.151214,1.065016,60.349220,1.269651,1.067054,60.346763,-1.835307,1.055258,60.344998,-4.115813,1.065907,60.347814,0.624225,1.064323,60.348212,2.841058,1.041986,60.353612,2.632030,0.990945,60.338701,-0.240777,0.990085,60.339128,2.125021,1.006399,60.342769,4.501610,1.017041,60.342699,3.575670,1.059692,60.342341,5.876533,1.074460,60.341166,7.818422,1.029138,60.350801,7.065881,1.035024,60.349076,8.616950,1.033906,60.335443,-8.518263,1.005556,1.005666,1.005665,1.005733,1.005775,1.005930,1.005829,1.006154,-41.095319,0.000000,5.563838,13.517354,7.041847,20.248889,23.162347,-30.516659,0.000000,447.800150,209.391350,467.503357,6.717002,286.592096,294.652499,141.504847,562.436988,245.394482,221.661074,276.382253,200.614467,124.488442,251.663684,184.493662,253.902685,8.239523,988.742731,0.000000,164.790455,75.230425,157.625653,78.812826,137.026846,28.927890,26.868009,92.246831,102.994034,75.767785,-82.574348,42.272334,15.225205,67.617823,24.718568,24.091648,4.119761,223.900075
4.280000,1.052438,60.342380,-5.027222,1.065156,60.351072,0.743208,0.000000,60.000000,0.000000,1.005863,60.339208,-8.886548,1.013157,60.338785,-7.847084,1.016211,60.338764,-7.245504,1.006745,60.338571,-9.134476,1.005774,60.338506,-9.554253,1.034584,60.337664,-9.021804,1.025808,60.339154,-4.936706,1.021491,60.339031,-5.719284,1.011116,60.339188,-5.649343,1.022902,60.339351,-5.486938,1.019445,60.339846,-6.757049,1.030835,60.341948,-5.959738,1.048757,60.342957,-4.250876,1.052173,60.344140,-4.647440,1.051491,60.344087,-5.249854,1.062833,60.343160,0.011911,1.001783,60.343035,-0.931831,1.049543,60.342848,-2.257834,1.065090,60.342897,1.509739,1.060770,60.342668,1.272956,1.054045,60.342850,-4.184063,1.064752,60.351022,1.293164,1.066739,60.348719,-1.828807,1.054928,60.346537,-4.123914,1.065630,60.350569,0.641895,1.064067,60.351267,2.862947,1.041775,60.355263,2.686527,0.990738,60.338210,-0.303418,0.989907,60.338764,2.066028,1.006154,60.343430,4.473475,1.016798,60.343287,3.546695,1.059348,60.343302,5.846672,1.074124,60.342165,7.780268,1.028921,60.352624,7.100879,1.034835,60.352818,8.648161,1.033868,60.337105,-8.594664,1.005586,1.005625,1.005639,1.005738,1.005778,1.005960,1.005930,1.006180,-41.127455,0.000000,5.566714,13.556322,7.098543,20.378480,23.263432,-30.291005,0.000000,447.800150,209.391350,467.503357,6.717002,286.592096,294.652499,141.504847,562.436988,245.394482,221.661074,276.382253,200.614467,124.488442,251.663684,184.493662,253.902685,8.239523,988.742731,0.000000,164.790455,75.230425,157.625653,78.812826,137.026846,28.927890,26.868009,92.246831,102.994034,75.767785,-82.574348,42.272334,15.225205,67.617823,24.718568,24.091648,4.119761,223.900075
4.300000,1.052217,60.343995,-5.059532,1.064880,60.352629,0.773275,0.000000,60.000000,0.000000,1.005620,60.339446,-8.947935,1.012938,60.338976,-7.911732,1.015993,60.338915,-7.310483,1.006534,60.338835,-9.200337,1.005567,60.338825,-9.620336,1.034475,60.338793,-9.090294,1.025585,60.339241,-4.999167,1.021269,60.339141,-5.782529,1.010883,60.339315,-5.711379,1.022670,60.339495,-5.547724,1.019187,60.340128,-6.813642,1.030505,60.342601,-5.999505,1.048409,60.343779,-4.282614,1.051808,60.345171,-4.669705,1.051124,60.345112,-5.272530,1.062522,60.343845,-0.018987,1.001498,60.343656,-0.963920,1.049180,60.343693,-2.290251,1.064718,60.343783,1.477859,1.060402,60.343556,1.239436,1.053696,60.343674,-4.216560,1.064452,60.352672,1.323289,1.066352,60.350555,-1.814439,1.054536,60.347986,-4.127019,1.065246,60.353177,0.673073,1.063698,60.354166,2.900465,1.041541,60.356698,2.746254,0.990546,60.337759,-0.375109,0.989741,60.338435,1.998878,1.005886,60.344068,4.444311,1.016535,60.343859,3.516199,1.058972,60.344224,5.817871,1.073755,60.343130,7.743473,1.028675,60.354287,7.142601,1.034530,60.356388,8.699881,1.033828,60.338775,-8.664740,1.005615,1.005585,1.005614,1.005744,1.005782,1.005988,1.006027,1.006198,-41.129435,0.000000,5.576086,13.615114,7.174139,20.538000,23.424882,-30.038375,0.000000,447.800150,209.391350,467.503357,6.717002,286.592096,294.652499,141.504847,562.436988,245.394482,221.661074,276.382253,200.614467,124.488442,251.663684,184.493662,253.902685,8.239523,988.742731,0.000000,164.790455,75.230425,157.625653,78.812826,137.026846,28.927890,26.868009,92.246831,102.994034,75.767785,-82.574348,42.272334,15.225205,67.617823,24.718568,24.091648,4.119761,223.900075
4.320000,1.051984,60.345553,-5.085631,1.064573,60.354027,0.808680,0.000000,60.000000,0.000000,1.005380,60.339712,-9.012648,1.012727,60.339203,-7.980009,1.015785,60.339105,-7.379367,1.006333,60.339134,-9.269305,1.005370,60.339178,-9.689132,1.034369,60.339940,-9.155734,1.025370,60.339364,-5.066007,1.021055,60.339287,-5.849983,1.010658,60.339476,-5.777512,1.022442,60.339671,-5.612495,1.018927,60.340431,-6.873276,1.030152,60.343239,-6.039804,1.048031,60.344570,-4.313735,1.051403,60.346150,-4.689941,1.050716,60.346084,-5.293224,1.062186,60.344511,-0.050198,1.001192,60.344264,-0.996758,1.048786,60.344509,-2.321878,1.064314,60.344637,1.447052,1.060002,60.344413,1.207008,1.053315,60.344469,-4.248415,1.064117,60.354168,1.359444,1.065895,60.352263,-1.792585,1.054085,60.349342,-4.125267,1.064757,60.355619,0.717136,1.063217,60.356886,2.952908,1.041286,60.357918,2.810184,0.990369,60.337375,-0.454916,0.989590,60.338165,1.924456,1.005596,60.344692,4.414511,1.016254,60.344425,3.484629,1.058566,60.345114,5.790404,1.073356,60.344068,7.708341,1.028401,60.355787,7.190406,1.034109,60.359749,8.771224,1.033786,60.340453,-8.727912,1.005646,1.005548,1.005591,1.005749,1.005785,1.006012,1.006120,1.006210,-41.101748,0.000000,5.591810,13.692955,7.267887,20.725321,23.644221,-29.762613,0.000000,447.800150,209.391350,467.503357,6.717002,286.592096,294.652499,141.504847,562.436988,245.394482,221.661074,276.382253,200.614467,124.488442,251.663684,184.493662,253.902685,8.239523,988.742731,0.000000,164.790455,75.230425,157.625653,78.812826,137.026846,28.927890,26.868009,92.246831,102.994034,75.767785,-82.574348,42.272334,15.225205,67.617823,24.718568,24.091648,4.119761,223.900075
4.340000,1.051741,60.347054,-5.105471,1.064236,60.355268,0.848742,0.000000,60.000000,0.000000,1.005145,60.340022,-9.079961,1.012526,60.339481,-8.051135,1.015587,60.339348,-7.451357,1.006141,60.339483,-9.340604,1.005181,60.339580,-9.759877,1.034265,60.341110,-9.217521,1.025163,60.339540,-5.136434,1.020850,60.339487,-5.920855,1.010439,60.339688,-5.846968,1.022221,60.339895,-5.680495,1.018668,60.340769,-6.935282,1.029777,60.343870,-6.080249,1.047622,60.345336,-4.343977,1.050958,60.347081,-4.708051,1.050270,60.347009,-5.311836,1.061826,60.345167,-0.081368,1.000864,60.344867,-1.029949,1.048361,60.345299,-2.352452,1.063880,60.345466,1.417577,1.059572,60.345246,1.175936,1.052905,60.345239,-4.279365,1.063751,60.355510,1.400975,1.065371,60.353835,-1.763745,1.053578,60.350603,-4.118882,1.064167,60.357875,0.773250,1.062628,60.359403,3.019330,1.041010,60.358929,2.877251,0.990209,60.337082,-0.541797,0.989453,60.337976,1.843738,1.005285,60.345308,4.384462,1.015954,60.344990,3.452424,1.058131,60.345976,5.764514,1.072928,60.344981,7.675146,1.028100,60.357127,7.243587,1.033576,60.362868,8.860993,1.033742,60.342136,-8.783684,1.005676,1.005513,1.005571,1.005755,1.005789,1.006033,1.006207,1.006214,-41.045286,0.000000,5.613637,13.788796,7.378747,20.937984,23.918090,-29.467837,0.000000,447.800150,209.391350,467.503357,6.717002,286.592096,294.652499,141.504847,562.436988,245.394482,221.661074,276.382253,200.614467,124.488442,251.663684,184.493662,253.902685,8.239523,988.742731,0.000000,164.790455,75.230425,157.625653,78.812826,137.026846,28.927890,26.868009,92.246831,102.994034,75.767785,-82.574348,42.272334,15.225205,67.617823,24.718568,24.091648,4.119761,223.900075
4.360000,1.051490,60.348498,-5.119076,1.063872,60.356356,0.892731,0.000000,60.000000,0.000000,1.004915,60.340387,-9.149118,1.012334,60.339824,-8.124292,1.015399,60.339659,-7.525617,1.005958,60.339895,-9.413432,1.005003,60.340041,-9.831785,1.034166,60.342305,-9.275091,1.024964,60.339784,-5.209610,1.020654,60.339754,-5.994309,1.010229,60.339965,-5.918931,1.022005,60.340180,-5.750929,1.018408,60.341154,-6.998968,1.029382,60.344502,-6.120465,1.047186,60.346084,-4.373104,1.050478,60.347967,-4.723979,1.049786,60.347890,-5.328308,1.061443,60.345818,-0.112161,1.000518,60.345472,-1.063112,1.047908,60.346071,-2.381736,1.063418,60.346276,1.389663,1.059113,60.346060,1.146458,1.052467,60.345992,-4.309169,1.063355,60.356700,1.447164,1.064784,60.355268,-1.728526,1.053019,60.351769,-4.108160,1.063482,60.359930,0.840396,1.061937,60.361697,3.098565,1.040717,60.359738,2.946367,0.990064,60.336901,-0.634613,0.989329,60.337887,1.757781,1.004954,60.345926,4.354539,1.015638,60.345564,3.420007,1.057670,60.346817,5.740414,1.072474,60.345876,7.644125,1.027775,60.358308,7.301381,1.032937,60.365717,8.967703,1.033698,60.343821,-8.831646,1.005708,1.005483,1.005553,1.005761,1.005793,1.006051,1.006288,1.006213,-40.961322,0.000000,5.641219,13.901324,7.505404,21.173222,24.242305,-29.158379,0.000000,447.800150,209.391350,467.503357,6.717002,286.592096,294.652499,141.504847,562.436988,245.394482,221.661074,276.382253,200.614467,124.488442,251.663684,184.493662,253.902685,8.239523,988.742731,0.000000,164.790455,75.230425,157.625653,78.812826,137.026846,28.927890,26.868009,92.246831,102.994034,75.767785,-82.574348,42.272334,15.225205,67.617823,24.718568,24.091648,4.119761,223.900075
4.380000,1.051234,60.349886,-5.126532,1.063485,60.357295,0.939880,0.000000,60.000000,0.000000,1.004690,60.340821,-9.219342,1.012151,60.340244,-8.198638,1.015220,60.340050,-7.601282,1.005785,60.340382,-9.486964,1.004833,60.340574,-9.904054,1.034070,60.343529,-9.327928,1.024773,60.340110,-5.284668,1.020466,60.340103,-6.069479,1.010025,60.340320,-5.992557,1.021795,60.340541,-5.822974,1.018148,60.341598,-7.063622,1.028969,60.345144,-6.160089,1.046726,60.346820,-4.400903,1.049964,60.348813,-4.737708,1.049270,60.348730,-5.342620,1.061039,60.346471,-0.142259,1.000153,60.346085,-1.095885,1.047430,60.346831,-2.409521,1.062931,60.347070,1.363509,1.058630,60.346860,1.118777,1.052004,60.346732,-4.337615,1.062933,60.357740,1.497244,1.064140,60.356559,-1.687629,1.052411,60.352841,-4.093468,1.062706,60.361771,0.917382,1.061150,60.363752,3.189251,1.040407,60.360355,3.016441,0.989935,60.336853,-0.732143,0.989218,60.337917,1.667709,1.004605,60.346553,4.325100,1.015306,60.346152,3.387783,1.057185,60.347639,5.718283,1.071996,60.346756,7.615479,1.027428,60.359334,7.362979,1.032196,60.368270,9.089607,1.033654,60.345506,-8.871472,1.005739,1.005456,1.005538,1.005768,1.005798,1.006066,1.006360,1.006205,-40.851492,0.000000,5.674118,14.028983,7.646279,21.427996,24.611924,-28.838715,0.000000,447.800150,209.391350,467.503357,6.717002,286.592096,294.652499,141.504847,562.436988,245.394482,221.661074,276.382253,200.614467,124.488442,251.663684,184.493662,253.902685,8.239523,988.742731,0.000000,164.790455,75.230425,157.625653,78.812826,137.026846,28.927890,26.868009,92.246831,102.994034,75.767785,-82.574348,42.272334,15.225205,67.617823,24.718568,24.091648,4.119761,223.900075
4.400000,1.050975,60.351220,-5.127990,1.063076,60.358092,0.989395,0.000000,60.000000,0.000000,1.004469,60.341334,-9.289842,1.011976,60.340753,-8.273313,1.015051,60.340534,-7.677469,1.005621,60.340953,-9.560367,1.004672,60.341189,-9.975874,1.033979,60.344784,-9.375563,1.024589,60.340530,-5.360712,1.020287,60.340545,-6.145476,1.009829,60.340765,-6.066979,1.021592,60.340989,-5.895785,1.017890,60.342111,-7.128523,1.028540,60.345803,-6.198771,1.046242,60.347549,-4.427189,1.049420,60.349624,-4.749259,1.048723,60.349536,-5.354788,1.060618,60.347133,-0.171368,0.999772,60.346713,-1.127929,1.046928,60.347583,-2.435624,1.062422,60.347856,1.339284,1.058123,60.347652,1.093067,1.051519,60.347466,-4.364512,1.062488,60.358634,1.550403,1.063444,60.357706,-1.641835,1.051760,60.353820,-4.075229,1.061849,60.363389,1.002870,1.060274,60.365555,3.289854,1.040083,60.360793,3.086395,0.989821,60.336955,-0.833104,0.989119,60.338080,1.574694,1.004240,60.347193,4.296479,1.014960,60.346761,3.356132,1.056679,60.348450,5.698267,1.071497,60.347626,7.589372,1.027061,60.360209,7.427529,1.031362,60.370507,9.224730,1.033611,60.347189,-8.902922,1.005771,1.005435,1.005528,1.005776,1.005803,1.006079,1.006424,1.006191,-40.717752,0.000000,5.711810,14.169996,7.799562,21.699026,25.021334,-28.513404,0.000000,447.800150,209.391350,467.503357,6.717002,286.592096,294.652499,141.504847,562.436988,245.394482,221.661074,276.382253,200.614467,124.488442,251.663684,184.493662,253.902685,8.239523,988.742731,0.000000,164.790455,75.230425,157.625653,78.812826,137.026846,28.927890,26.868009,92.246831,102.994034,75.767785,-82.574348,42.272334,15.225205,67.617823,24.718568,24.091648,4.119761,223.900075
4.420000,1.050717,60.352502,-5.123650,1.062649,60.358755,1.040472,0.000000,60.000000,0.000000,1.004254,60.341936,-9.359820,1.011810,60.341362,-8.347451,1.014891,60.341121,-7.753281,1.005466,60.341620,-9.632803,1.004519,60.341894,-10.046435,1.033891,60.346073,-9.417579,1.024414,60.341055,-5.436836,1.020116,60.341091,-6.221397,1.009640,60.341310,-6.141319,1.021394,60.341534,-5.968508,1.017633,60.342704,-7.192943,1.028098,60.346486,-6.236174,1.045740,60.348278,-4.451798,1.048850,60.350404,-4.758681,1.048150,60.350313,-5.364858,1.060180,60.347809,-0.199219,0.999377,60.347362,-1.158929,1.046408,60.348334,-2.459889,1.061893,60.348638,1.317126,1.057598,60.348441,1.069473,1.051014,60.348200,-4.389697,1.062024,60.359390,1.605808,1.062702,60.358711,-1.591991,1.051071,60.354710,-4.053914,1.060919,60.364777,1.095403,1.059320,60.367097,3.398696,1.039747,60.361065,3.155177,0.989720,60.337222,-0.936167,0.989030,60.338392,1.479946,1.003861,60.347853,4.268987,1.014601,60.347395,3.325405,1.056156,60.349252,5.680476,1.070980,60.348490,7.565927,1.026676,60.360939,7.494154,1.030445,60.372412,9.370902,1.033568,60.348868,-8.925843,1.005803,1.005420,1.005521,1.005784,1.005809,1.006089,1.006479,1.006173,-40.562354,0.000000,5.753699,14.322391,7.963232,21.982831,25.464344,-28.187017,0.000000,447.800150,209.391350,467.503357,6.717002,286.592096,294.652499,141.504847,562.436988,245.394482,221.661074,276.382253,200.614467,124.488442,251.663684,184.493662,253.902685,8.239523,988.742731,0.000000,164.790455,75.230425,157.625653,78.812826,137.026846,28.927890,26.868009,92.246831,102.994034,75.767785,-82.574348,42.272334,15.225205,67.617823,24.718568,24.091648,4.119761,223.900075
4.440000,1.050461,60.353733,-5.113767,1.062210,60.359295,1.092308,0.000000,60.000000,0.000000,1.004044,60.342637,-9.428481,1.011652,60.342078,-8.420184,1.014739,60.341820,-7.827824,1.005319,60.342389,-9.703438,1.004374,60.342698,-10.114936,1.033808,60.347397,-9.453610,1.024245,60.341694,-5.512128,1.019952,60.341750,-6.296339,1.009458,60.341966,-6.214697,1.021201,60.342186,-6.040287,1.017379,60.343385,-7.256160,1.027645,60.347200,-6.271979,1.045222,60.349013,-4.474590,1.048260,60.351160,-4.766052,1.047557,60.351066,-5.372901,1.059729,60.348505,-0.225571,0.998971,60.348037,-1.188598,1.045872,60.349089,-2.482187,1.061350,60.349421,1.297142,1.057058,60.349232,1.048108,1.050494,60.348940,-4.413028,1.061546,60.360015,1.662605,1.061923,60.359578,-1.538990,1.050352,60.355515,-4.030031,1.059927,60.365932,1.193429,1.058298,60.368373,3.513990,1.039403,60.361188,3.221782,0.989633,60.337665,-1.039974,0.988952,60.338862,1.384693,1.003471,60.348539,4.242903,1.014233,60.348059,3.295922,1.055619,60.350050,5.664985,1.070450,60.349351,7.545231,1.026278,60.361531,7.561956,1.029455,60.373974,9.525797,1.033527,60.350540,-8.940161,1.005835,1.005410,1.005519,1.005793,1.005816,1.006096,1.006524,1.006150,-40.387800,0.000000,5.799122,14.484028,8.135093,22.275766,25.934283,-27.864075,0.000000,447.800150,209.391350,467.503357,6.717002,286.592096,294.652499,141.504847,562.436988,245.394482,221.661074,276.382253,200.614467,124.488442,251.663684,184.493662,253.902685,8.239523,988.742731,0.000000,164.790455,75.230425,157.625653,78.812826,137.026846,28.927890,26.868009,92.246831,102.994034,75.767785,-82.574348,42.272334,15.225205,67.617823,24.718568,24.091648,4.119761,223.900075
4.460000,1.050212,60.354918,-5.098632,1.061762,60.359722,1.144113,0.000000,60.000000,0.000000,1.003839,60.343442,-9.495037,1.011502,60.342908,-8.490659,1.014595,60.342637,-7.900213,1.005179,60.343267,-9.771453,1.004237,60.343605,-10.180590,1.033728,60.348758,-9.483347,1.024083,60.342454,-5.585684,1.019795,60.342529,-6.369404,1.009282,60.342738,-6.286239,1.021015,60.342951,-6.110272,1.017128,60.344160,-7.317460,1.027185,60.347952,-6.305882,1.044693,60.349760,-4.495446,1.047654,60.351898,-4.771471,1.046948,60.351801,-5.379012,1.059269,60.349225,-0.250209,0.998556,60.348742,-1.216678,1.045325,60.349855,-2.502409,1.060796,60.350209,1.279412,1.056507,60.350029,1.029056,1.049963,60.349692,-4.434384,1.061058,60.360519,1.719944,1.061114,60.360311,-1.483757,1.049609,60.356242,-4.004110,1.058885,60.366858,1.295333,1.057221,60.369382,3.633865,1.039053,60.361179,3.285264,0.989557,60.338295,-1.143160,0.988883,60.339499,1.290167,1.003073,60.349253,4.218475,1.013856,60.348757,3.267968,1.055073,60.350849,5.651838,1.069910,60.350212,7.527330,1.025870,60.361993,7.630027,1.028403,60.375189,9.686971,1.033489,60.352203,-8.945884,1.005866,1.005407,1.005522,1.005804,1.005824,1.006101,1.006559,1.006124,-40.196804,0.000000,5.847365,14.652627,8.312804,22.574071,26.424111,-27.548985,0.000000,447.800150,209.391350,467.503357,6.717002,286.592096,294.652499,141.504847,562.436988,245.394482,221.661074,276.382253,200.614467,124.488442,251.663684,184.493662,253.902685,8.239523,988.742731,0.000000,164.790455,75.230425,157.625653,78.812826,137.026846,28.927890,26.868009,92.246831,102.994034,75.767785,-82.574348,42.272334,15.225205,67.617823,24.718568,24.091648,4.119761,223.900075
4.480000,1.049972,60.356060,-5.078577,1.061309,60.360050,1.195123,0.000000,60.000000,0.000000,1.003641,60.344357,-9.558721,1.011360,60.343857,-8.558038,1.014460,60.343578,-7.969580,1.005048,60.344259,-9.836052,1.004108,60.344622,-10.242637,1.033654,60.350157,-9.506534,1.023928,60.343341,-5.656616,1.019646,60.343434,-6.439715,1.009114,60.343632,-6.355090,1.020835,60.343835,-6.177631,1.016881,60.345035,-7.376146,1.026722,60.348747,-6.337597,1.044159,60.350524,-4.514268,1.047039,60.352624,-4.775054,1.046329,60.352526,-5.383297,1.058803,60.349974,-0.272951,0.998136,60.349482,-1.242941,1.044772,60.350635,-2.520473,1.060237,60.351008,1.263986,1.055951,60.350837,1.012374,1.049426,60.350462,-4.453666,1.060566,60.360910,1.776982,1.060286,60.360919,-1.427232,1.048851,60.356898,-3.976697,1.057805,60.367557,1.399461,1.056103,60.370129,3.756405,1.038700,60.361058,3.344748,0.989492,60.339116,-1.244368,0.988821,60.340309,1.197586,1.002669,60.349999,4.195914,1.013475,60.349493,3.241791,1.054524,60.351652,5.641042,1.069367,60.351078,7.512234,1.025456,60.362335,7.697463,1.027305,60.376055,9.851906,1.033453,60.353856,-8.943095,1.005898,1.005411,1.005529,1.005816,1.005832,1.006104,1.006583,1.006096,-39.992245,0.000000,5.897672,14.825805,8.493915,22.873907,26.926527,-27.245979,0.000000,447.800150,209.391350,467.503357,6.717002,286.592096,294.652499,141.504847,562.436988,245.394482,221.661074,276.382253,200.614467,124.488442,251.663684,184.493662,253.902685,8.239523,988.742731,0.000000,164.790455,75.230425,157.625653,78.812826,137.026846,28.927890,26.868009,92.246831,102.994034,75.767785,-82.574348,42.272334,15.225205,67.617823,24.718568,24.091648,4.119761,223.900075
4.500000,1.049744,60.357164,-5.053959,1.060858,60.360292,1.244611,0.000000,60.000000,0.000000,1.003450,60.345386,-9.618789,1.011226,60.344929,-8.621516,1.014333,60.344646,-8.035088,1.004925,60.345368,-9.896470,1.003987,60.345751,-10.300347,1.033584,60.351592,-9.522973,1.023781,60.344358,-5.724065,1.019505,60.344467,-6.506419,1.008953,60.344653,-6.420422,1.020662,60.344842,-6.241560,1.016640,60.346015,-7.431547,1.026262,60.349590,-6.366857,1.043624,60.351311,-4.530975,1.046421,60.353343,-4.776929,1.045708,60.353245,-5.385879,1.058336,60.350756,-0.293643,0.997714,60.350261,-1.267192,1.044220,60.351435,-2.536316,1.059679,60.351821,1.250889,1.055396,60.351660,0.998092,1.048889,60.351254,-4.470792,1.060074,60.361203,1.832902,1.059448,60.361409,-1.370350,1.048086,60.357490,-3.948339,1.056701,60.368039,1.504154,1.054956,60.370620,3.879678,1.038349,60.360844,3.399444,0.989437,60.340133,-1.342269,0.988768,60.341295,1.108142,1.002264,60.350780,4.175394,1.013092,60.350268,3.217600,1.053975,60.352463,5.632575,1.068825,60.351951,7.499917,1.025040,60.362567,7.763373,1.026174,60.376579,10.018047,1.033420,60.355496,-8.931951,1.005930,1.005422,1.005542,1.005828,1.005842,1.006105,1.006597,1.006065,-39.777126,0.000000,5.949261,15.001110,8.675906,23.171413,27.434082,-26.959059,0.000000,447.800150,209.391350,467.503357,6.717002,286.592096,294.652499,141.504847,562.436988,245.394482,221.661074,276.382253,200.614467,124.488442,251.663684,184.493662,253.902685,8.239523,988.742731,0.000000,164.790455,75.230425,157.625653,78.812826,137.026846,28.927890,26.868009,92.246831,102.994034,75.767785,-82.574348,42.272334,15.225205,67.617823,24.718568,24.091648,4.119761,223.900075
4.520000,1.049530,60.358234,-5.025160,1.060413,60.360461,1.291898,0.000000,60.000000,0.000000,1.003268,60.346531,-9.674535,1.011100,60.346126,-8.680325,1.014214,60.345842,-8.095939,1.004811,60.346595,-9.951981,1.003874,60.346992,-10.353033,1.033520,60.353064,-9.532521,1.023642,60.345507,-5.787206,1.019373,60.345631,-6.568705,1.008801,60.345800,-6.481444,1.020498,60.345974,-6.301288,1.016408,60.347102,-7.483023,1.025808,60.350487,-6.393416,1.043094,60.352125,-4.545505,1.045808,60.354063,-4.777232,1.045092,60.353966,-5.386885,1.057872,60.351572,-0.312162,0.997295,60.351079,-1.289269,1.043673,60.352260,-2.549897,1.059128,60.352653,1.240120,1.054847,60.352503,0.986214,1.048357,60.352074,-4.485702,1.059589,60.361408,1.886917,1.058610,60.361793,-1.314032,1.047325,60.358028,-3.919577,1.055589,60.368314,1.607769,1.053799,60.370865,4.001766,1.038002,60.360559,3.448658,0.989392,60.341345,-1.435579,0.988721,60.342457,1.022982,1.001861,60.351597,4.157052,1.012711,60.351084,3.195564,1.053435,60.353284,5.626384,1.068291,60.352834,7.490318,1.024626,60.362699,7.826888,1.025025,60.376770,10.182846,1.033391,60.357121,-8.912675,1.005961,1.005439,1.005560,1.005842,1.005853,1.006104,1.006600,1.006032,-39.554525,0.000000,6.001330,15.176050,8.856221,23.462743,27.939293,-26.691946,0.000000,447.800150,209.391350,467.503357,6.717002,286.592096,294.652499,141.504847,562.436988,245.394482,221.661074,276.382253,200.614467,124.488442,251.663684,184.493662,253.902685,8.239523,988.742731,0.000000,164.790455,75.230425,157.625653,78.812826,137.026846,28.927890,26.868009,92.246831,102.994034,75.767785,-82.574348,42.272334,15.225205,67.617823,24.718568,24.091648,4.119761,223.900075
4.540000,1.049334,60.359274,-4.992578,1.059980,60.360574,1.336360,0.000000,60.000000,0.000000,1.003096,60.347793,-9.725291,1.010985,60.347445,-8.733746,1.014105,60.347166,-8.151386,1.004706,60.347940,-10.001908,1.003771,60.348346,-10.400056,1.033462,60.354571,-9.535095,1.023513,60.346787,-5.845268,1.019250,60.346925,-6.625807,1.008659,60.347075,-6.537413,1.020343,60.347229,-6.356093,1.016187,60.348296,-7.529974,1.025366,60.351440,-6.417052,1.042577,60.352971,-4.557814,1.045207,60.354790,-4.776106,1.044488,60.354695,-5.386450,1.057417,60.352427,-0.328414,0.996883,60.351941,-1.309042,1.043140,60.353114,-2.561195,1.058590,60.353507,1.231654,1.054312,60.353368,0.976721,1.047838,60.352926,-4.498349,1.059116,60.361540,1.938291,1.057785,60.362083,-1.259164,1.046577,60.358520,-3.890935,1.054483,60.368397,1.708708,1.052646,60.370881,4.120796,1.037664,60.360223,3.491797,0.989356,60.342749,-1.523080,0.988681,60.343793,0.943193,1.001464,60.352453,4.140984,1.012335,60.351943,3.175814,1.052909,60.354120,5.622388,1.067772,60.353728,7.483344,1.024220,60.362745,7.887177,1.023876,60.376643,10.343798,1.033367,60.358730,-8.885552,1.005992,1.005464,1.005583,1.005857,1.005865,1.006101,1.006594,1.005999,-39.327548,0.000000,6.053077,15.348136,9.032312,23.744125,28.434756,-26.448027,0.000000,447.800150,209.391350,467.503357,6.717002,286.592096,294.652499,141.504847,562.436988,245.394482,221.661074,276.382253,200.614467,124.488442,251.663684,184.493662,253.902685,8.239523,988.742731,0.000000,164.790455,75.230425,157.625653,78.812826,137.026846,28.927890,26.868009,92.246831,102.994034,75.767785,-82.574348,42.272334,15.225205,67.617823,24.718568,24.091648,4.119761,223.900075
4.560000,1.049159,60.360290,-4.956621,1.059565,60.360646,1.377438,0.000000,60.000000,0.000000,1.002937,60.349170,-9.770446,1.010880,60.348887,-8.781118,1.014007,60.348615,-8.200738,1.004611,60.349400,-10.045634,1.003677,60.349810,-10.440834,1.033411,60.356112,-9.530666,1.023394,60.348196,-5.897533,1.019138,60.348346,-6.677021,1.008528,60.348475,-6.587640,1.020200,60.348607,-6.405307,1.015978,60.349596,-7.571850,1.024942,60.352451,-6.437568,1.042078,60.353853,-4.567874,1.044627,60.355529,-4.773696,1.043904,60.355438,-5.384707,1.056975,60.353321,-0.342340,0.996483,60.352847,-1.326414,1.042626,60.353999,-2.570208,1.058073,60.354385,1.225442,1.053797,60.354259,0.969568,1.047337,60.353813,-4.508707,1.058661,60.361613,1.986340,1.056984,60.362290,-1.206590,1.045852,60.358978,-3.862911,1.053401,60.368304,1.805441,1.051514,60.370684,4.234970,1.037338,60.359859,3.528379,0.989329,60.344340,-1.603628,0.988648,60.345299,0.869791,1.001079,60.353347,4.127250,1.011968,60.352845,3.158440,1.052404,60.354972,5.620481,1.067275,60.354637,7.478871,1.023825,60.362716,7.943452,1.022744,60.376218,10.498478,1.033347,60.360321,-8.850926,1.006023,1.005495,1.005610,1.005873,1.005877,1.006096,1.006578,1.005967,-39.099287,0.000000,6.103708,15.514915,9.201672,24.011902,28.913251,-26.230323,0.000000,447.800150,209.391350,467.503357,6.717002,286.592096,294.652499,141.504847,562.436988,245.394482,221.661074,276.382253,200.614467,124.488442,251.663684,184.493662,253.902685,8.239523,988.742731,0.000000,164.790455,75.230425,157.625653,78.812826,137.026846,28.927890,26.868009,92.246831,102.994034,75.767785,-82.574348,42.272334,15.225205,67.617823,24.718568,24.091648,4.119761,223.900075
4.580000,1.049006,60.361286,-4.917701,1.059172,60.360691,1.414644,0.000000,60.000000,0.000000,1.002792,60.350658,-9.809446,1.010787,60.350445,-8.821846,1.013921,60.350184,-8.243374,1.004528,60.350971,-10.082605,1.003596,60.351381,-10.474850,1.033367,60.357683,-9.519266,1.023288,60.349729,-5.943352,1.019038,60.349890,-6.721708,1.008411,60.349995,-6.631504,1.020070,60.350104,-6.448326,1.015786,60.351001,-7.608152,1.024542,60.353522,-6.454794,1.041604,60.354773,-4.575676,1.044075,60.356286,-4.770148,1.043350,60.356200,-5.381795,1.056553,60.354255,-0.353908,0.996099,60.353797,-1.341323,1.042139,60.354919,-2.576953,1.057584,60.355291,1.221415,1.053311,60.355177,0.964690,1.046862,60.354739,-4.516768,1.058230,60.361641,2.030443,1.056217,60.362430,-1.157095,1.045161,60.359409,-3.835977,1.052357,60.368054,1.896527,1.050421,60.370294,4.342585,1.037029,60.359488,3.558036,0.989311,60.346109,-1.676178,0.988623,60.346967,0.803704,1.000708,60.354281,4.115871,1.011615,60.353790,3.143491,1.051927,60.355843,5.620532,1.066806,60.355561,7.476748,1.023447,60.362628,7.994982,1.021644,60.375516,10.644578,1.033334,60.361893,-8.809191,1.006053,1.005533,1.005643,1.005890,1.005891,1.006090,1.006552,1.005935,-38.872772,0.000000,6.152450,15.674003,9.361877,24.262584,29.367845,-26.041445,0.000000,447.800150,209.391350,467.503357,6.717002,286.592096,294.652499,141.504847,562.436988,245.394482,221.661074,276.382253,200.614467,124.488442,251.663684,184.493662,253.902685,8.239523,988.742731,0.000000,164.790455,75.230425,157.625653,78.812826,137.026846,28.927890,26.868009,92.246831,102.994034,75.767785,-82.574348,42.272334,15.225205,67.617823,24.718568,24.091648,4.119761,223.900075
4.600000,1.048878,60.362268,-4.876233,1.058808,60.360726,1.447565,0.000000,60.000000,0.000000,1.002664,60.352253,-9.841805,1.010708,60.352114,-8.855410,1.013849,60.351868,-8.278750,1.004459,60.352648,-10.112342,1.003527,60.353052,-10.501660,1.033332,60.359283,-9.500981,1.023196,60.351380,-5.982155,1.018952,60.351551,-6.759305,1.008308,60.351630,-6.668460,1.019955,60.351713,-6.484617,1.015613,60.352505,-7.638446,1.024171,60.354654,-6.468593,1.041163,60.355733,-4.581230,1.043560,60.357066,-4.765607,1.042832,60.356986,-5.377849,1.056156,60.355231,-0.363118,0.995736,60.354793,-1.353742,1.041686,60.355875,-2.581469,1.057130,60.356225,1.219481,1.052859,60.356125,0.962000,1.046420,60.355705,-4.522541,1.057829,60.361640,2.070051,1.055497,60.362516,-1.111402,1.044514,60.359826,-3.810565,1.051368,60.367668,1.980631,1.049383,60.369735,4.442060,1.036739,60.359131,3.580516,0.989303,60.348045,-1.739788,0.988604,60.348788,0.745764,1.000357,60.355253,4.106829,1.011279,60.354777,3.130980,1.051485,60.356735,5.622390,1.066372,60.356502,7.476796,1.023091,60.362493,8.041102,1.020594,60.374566,10.779937,1.033326,60.363444,-8.760789,1.006082,1.005576,1.005679,1.005908,1.005906,1.006083,1.006518,1.005904,-38.650930,0.000000,6.198563,15.823124,9.510616,24.492894,29.791993,-25.883570,0.000000,447.800150,209.391350,467.503357,6.717002,286.592096,294.652499,141.504847,562.436988,245.394482,221.661074,276.382253,200.614467,124.488442,251.663684,184.493662,253.902685,8.239523,988.742731,0.000000,164.790455,75.230425,157.625653,78.812826,137.026846,28.927890,26.868009,92.246831,102.994034,75.767785,-82.574348,42.272334,15.225205,67.617823,24.718568,24.091648,4.119761,223.900075
4.620000,1.048778,60.363240,-4.832626,1.058477,60.360766,1.475868,0.000000,60.000000,0.000000,1.002555,60.353947,-9.867115,1.010645,60.353886,-8.881373,1.013791,60.353657,-8.306405,1.004404,60.354422,-10.134448,1.003473,60.354816,-10.520899,1.033307,60.360906,-9.475953,1.023120,60.353141,-6.013454,1.018882,60.353320,-6.789337,1.008223,60.353372,-6.698041,1.019858,60.353427,-6.513729,1.015461,60.354103,-7.662367,1.023836,60.355844,-6.478862,1.040761,60.356736,-4.584563,1.043090,60.357872,-4.760219,1.042358,60.357800,-5.373005,1.055789,60.356248,-0.370000,0.995400,60.355833,-1.363674,1.041274,60.356870,-2.583813,1.056718,60.357190,1.219529,1.052449,60.357104,0.961390,1.046018,60.356712,-4.526057,1.057462,60.361624,2.104693,1.054834,60.362563,-1.070157,1.043921,60.360237,-3.787070,1.050449,60.367167,2.056545,1.048416,60.369030,4.531953,1.036472,60.358808,3.595684,0.989304,60.350135,-1.793639,0.988594,60.350750,0.696690,1.000031,60.356263,4.100073,1.010966,60.355805,3.120879,1.051084,60.357649,5.625884,1.065981,60.357461,7.478816,1.022761,60.362328,8.081223,1.019611,60.373398,10.902570,1.033325,60.364973,-8.706199,1.006111,1.005626,1.005720,1.005927,1.005921,1.006075,1.006476,1.005876,-38.436546,0.000000,6.241348,15.960138,9.645732,24.699814,30.179620,-25.758420,0.000000,447.800150,209.391350,467.503357,6.717002,286.592096,294.652499,141.504847,562.436988,245.394482,221.661074,276.382253,200.614467,124.488442,251.663684,184.493662,253.902685,8.239523,988.742731,0.000000,164.790455,75.230425,157.625653,78.812826,137.026846,28.927890,26.868009,92.246831,102.994034,75.767785,-82.574348,42.272334,15.225205,67.617823,24.718568,24.091648,4.119761,223.900075
4.640000,1.048707,60.364207,-4.787279,1.058185,60.360825,1.499300,0.000000,60.000000,0.000000,1.002467,60.355732,-9.885048,1.010598,60.355751,-8.899388,1.013750,60.355543,-8.325973,1.004365,60.356285,-10.148612,1.003435,60.356664,-10.532288,1.033292,60.362549,-9.444381,1.023061,60.355002,-6.036855,1.018829,60.355187,-6.811419,1.008156,60.355211,-6.719875,1.019781,60.355237,-6.535299,1.015335,60.355788,-7.679624,1.023542,60.357092,-6.485535,1.040405,60.357780,-4.585725,1.042671,60.358709,-4.754129,1.041937,60.358645,-5.367400,1.055458,60.357305,-0.374615,0.995094,60.356917,-1.371160,1.040910,60.357902,-2.584062,1.056355,60.358187,1.221429,1.052089,60.358114,0.962731,1.045661,60.357762,-4.527366,1.057136,60.361609,2.133979,1.054238,60.362585,-1.033930,1.043391,60.360651,-3.765843,1.049615,60.366575,2.123195,1.047536,60.368205,4.610981,1.036233,60.358539,3.603519,0.989315,60.352365,-1.837043,0.988593,60.352839,0.657086,0.999733,60.357309,4.095517,1.010678,60.356874,3.113126,1.050732,60.358587,5.630826,1.065639,60.358438,7.482586,1.022462,60.362147,8.114837,1.018710,60.372042,11.010692,1.033331,60.366479,-8.645939,1.006139,1.005680,1.005765,1.005947,1.005937,1.006066,1.006427,1.005851,-38.232223,0.000000,6.280161,16.083079,9.765249,24.880629,30.525207,-25.667244,0.000000,447.800150,209.391350,467.503357,6.717002,286.592096,294.652499,141.504847,562.436988,245.394482,221.661074,276.382253,200.614467,124.488442,251.663684,184.493662,253.902685,8.239523,988.742731,0.000000,164.790455,75.230425,157.625653,78.812826,137.026846,28.927890,26.868009,92.246831,102.994034,75.767785,-82.574348,42.272334,15.225205,67.617823,24.718568,24.091648,4.119761,223.900075
4.660000,1.048666,60.365174,-4.740583,1.057936,60.360918,1.517690,0.000000,60.000000,0.000000,1.002403,60.357599,-9.895366,1.010571,60.357699,-8.909202,1.013727,60.357514,-8.337184,1.004344,60.358225,-10.154618,1.003415,60.358587,-10.535636,1.033289,60.364208,-9.406515,1.023022,60.356951,-6.052062,1.018796,60.357142,-6.825265,1.008110,60.357137,-6.733682,1.019725,60.357132,-6.549057,1.015237,60.357550,-7.690009,1.023294,60.358395,-6.488586,1.040101,60.358867,-4.584787,1.042311,60.359578,-4.747481,1.041575,60.359524,-5.361169,1.055167,60.358402,-0.377051,0.994823,60.358041,-1.376268,1.040600,60.358973,-2.582317,1.056047,60.359214,1.225032,1.051782,60.359155,0.965874,1.045356,60.358853,-4.526543,1.056855,60.361609,2.157603,1.053720,60.362598,-1.003205,1.042932,60.361077,-3.747194,1.048879,60.365916,2.179655,1.046757,60.367288,4.678029,1.036023,60.358340,3.604114,0.989337,60.354715,-1.869449,0.988601,60.355040,0.627426,0.999467,60.358391,4.093043,1.010420,60.357979,3.107624,1.050433,60.359548,5.637016,1.065352,60.359435,7.487869,1.022197,60.361965,8.141526,1.017906,60.370535,11.102744,1.033345,60.367962,-8.580551,1.006167,1.005739,1.005813,1.005967,1.005954,1.006057,1.006373,1.005829,-38.040351,0.000000,6.314419,16.190173,9.867402,25.032962,30.823861,-25.610809,0.000000,447.800150,209.391350,467.503357,6.717002,286.592096,294.652499,141.504847,562.436988,245.394482,221.661074,276.382253,200.614467,124.488442,251.663684,184.493662,253.902685,8.239523,988.742731,0.000000,164.790455,75.230425,157.625653,78.812826,137.026846,28.927890,26.868009,92.246831,102.994034,75.767785,-82.574348,42.272334,15.225205,67.617823,24.718568,24.091648,4.119761,223.900075
4.680000,1.048657,60.366145,-4.692910,1.057733,60.361057,1.530949,0.000000,60.000000,0.000000,1.002365,60.359535,-9.897927,1.010563,60.359718,-8.910665,1.013723,60.359557,-8.339873,1.004343,60.360232,-10.152346,1.003413,60.360573,-10.530852,1.033298,60.365877,-9.362658,1.023003,60.358977,-6.058884,1.018782,60.359172,-6.830691,1.008087,60.359136,-6.739285,1.019693,60.359101,-6.554830,1.015169,60.359380,-7.693397,1.023096,60.359747,-6.488034,1.039852,60.359994,-4.581843,1.042016,60.360482,-4.740421,1.041279,60.360438,-5.354451,1.054922,60.359535,-0.377424,0.994591,60.359205,-1.379103,1.040349,60.360080,-2.578696,1.055798,60.360272,1.230171,1.051537,60.360228,0.970653,1.045109,60.359984,-4.523683,1.056622,60.361638,2.175348,1.053286,60.362614,-0.978381,1.042552,60.361525,-3.731386,1.048254,60.365212,2.225153,1.046092,60.366306,4.732164,1.035845,60.358230,3.597666,0.989370,60.357169,-1.890455,0.988619,60.357337,0.608054,0.999237,60.359505,4.092506,1.010195,60.359121,3.104245,1.050194,60.360535,5.644241,1.065125,60.360450,7.494410,1.021970,60.361800,8.160970,1.017212,60.368913,11.177403,1.033366,60.369419,-8.510602,1.006194,1.005802,1.005863,1.005988,1.005972,1.006048,1.006313,1.005811,-37.863076,0.000000,6.343609,16.279875,9.950662,25.154815,31.071375,-25.589404,0.000000,447.800150,209.391350,467.503357,6.717002,286.592096,294.652499,141.504847,562.436988,245.394482,221.661074,276.382253,200.614467,124.488442,251.663684,184.493662,253.902685,8.239523,988.742731,0.000000,164.790455,75.230425,157.625653,78.812826,137.026846,28.927890,26.868009,92.246831,102.994034,75.767785,-82.574348,42.272334,15.225205,67.617823,24.718568,24.091648,4.119761,223.900075
4.700000,1.048681,60.367123,-4.644619,1.057580,60.361255,1.539066,0.000000,60.000000,0.000000,1.002355,60.361528,-9.892684,1.010577,60.361794,-8.903731,1.013740,60.361659,-8.333980,1.004361,60.362292,-10.141779,1.003431,60.362609,-10.517939,1.033319,60.367551,-9.313164,1.023007,60.361065,-6.057236,1.018791,60.361263,-6.827623,1.008088,60.361197,-6.736612,1.019686,60.361131,-6.552549,1.015133,60.361266,-7.689755,1.022953,60.361144,-6.483941,1.039665,60.361160,-4.577009,1.041790,60.361421,-4.733096,1.041052,60.361389,-5.347388,1.054724,60.360704,-0.375879,0.994402,60.360405,-1.379796,1.040161,60.361223,-2.573344,1.055615,60.361361,1.236664,1.051355,60.361329,0.976882,1.044923,60.361153,-4.518908,1.056441,60.361709,2.187084,1.052946,60.362649,-0.959766,1.042257,60.362000,-3.718639,1.047749,60.364489,2.259082,1.045552,60.365287,4.772645,1.035702,60.358222,3.584473,0.989415,60.359706,-1.899811,0.988647,60.359711,0.599173,0.999046,60.360651,4.093735,1.010006,60.360295,3.102829,1.050018,60.361546,5.652279,1.064963,60.361485,7.501945,1.021785,60.361665,8.172950,1.016640,60.367212,11.233606,1.033396,60.370851,-8.436677,1.006220,1.005868,1.005916,1.006010,1.005990,1.006038,1.006249,1.005797,-37.702275,0.000000,6.367292,16.350882,10.013760,25.244597,31.264278,-25.602839,0.000000,447.800150,209.391350,467.503357,6.717002,286.592096,294.652499,141.504847,562.436988,245.394482,221.661074,276.382253,200.614467,124.488442,251.663684,184.493662,253.902685,8.239523,988.742731,0.000000,164.790455,75.230425,157.625653,78.812826,137.026846,28.927890,26.868009,92.246831,102.994034,75.767785,-82.574348,42.272334,15.225205,67.617823,24.718568,24.091648,4.119761,223.900075
4.720000,1.048736,60.368113,-4.596047,1.057479,60.361523,1.542107,0.000000,60.000000,0.000000,1.002372,60.363566,-9.879690,1.010613,60.363913,-8.888457,1.013779,60.363806,-8.319557,1.004400,60.364392,-10.123002,1.003470,60.364683,-10.497001,1.033355,60.369223,-9.258430,1.023034,60.363200,-6.047143,1.018823,60.363400,-6.816094,1.008114,60.363304,-6.725696,1.019705,60.363207,-6.542249,1.015131,60.363196,-7.679137,1.022867,60.362581,-6.476416,1.039543,60.362362,-4.570428,1.041639,60.362397,-4.725655,1.040900,60.362377,-5.340123,1.054578,60.361905,-0.372583,0.994257,60.361638,-1.378510,1.040041,60.362399,-2.566422,1.055500,60.362478,1.244311,1.051243,60.362459,0.984362,1.044802,60.362358,-4.512362,1.056315,60.361837,2.192769,1.052703,60.362714,-0.947583,1.042053,60.362510,-3.709127,1.047374,60.363770,2.280997,1.045146,60.364259,4.798924,1.035596,60.358329,3.564925,0.989470,60.362305,-1.897420,0.988686,60.362143,0.600849,0.998896,60.361826,4.096533,1.009856,60.361499,3.103193,1.049909,60.362583,5.660902,1.064868,60.362538,7.510201,1.021643,60.361577,8.177351,1.016199,60.365471,11.270551,1.033433,60.372257,-8.359370,1.006246,1.005937,1.005971,1.006032,1.006009,1.006029,1.006183,1.005788,-37.559530,0.000000,6.385114,16.402158,10.055703,25.301152,31.399882,-25.650458,0.000000,447.800150,209.391350,467.503357,6.717002,286.592096,294.652499,141.504847,562.436988,245.394482,221.661074,276.382253,200.614467,124.488442,251.663684,184.493662,253.902685,8.239523,988.742731,0.000000,164.790455,75.230425,157.625653,78.812826,137.026846,28.927890,26.868009,92.246831,102.994034,75.767785,-82.574348,42.272334,15.225205,67.617823,24.718568,24.091648,4.119761,223.900075
4.740000,1.048824,60.369116,-4.547510,1.057432,60.361871,1.540210,0.000000,60.000000,0.000000,1.002419,60.365635,-9.859101,1.010671,60.366061,-8.865012,1.013839,60.365981,-8.296762,1.004461,60.366518,-10.096204,1.003530,60.366780,-10.468241,1.033403,60.370889,-9.198902,1.023085,60.365368,-6.028742,1.018877,60.365569,-6.796248,1.008165,60.365443,-6.706680,1.019751,60.365315,-6.524069,1.015164,60.365158,-7.661691,1.022839,60.364052,-6.465612,1.039487,60.363597,-4.562264,1.041564,60.363408,-4.718248,1.040825,60.363401,-5.332803,1.054486,60.363135,-0.367727,0.994159,60.362900,-1.375434,1.039990,60.363606,-2.558115,1.055455,60.363622,1.252903,1.051200,60.363615,0.992875,1.044748,60.363595,-4.504214,1.056245,60.362032,2.192448,1.052562,60.362823,-0.941962,1.041942,60.363061,-3.702983,1.047135,60.363077,2.290619,1.044882,60.363251,4.810652,1.035528,60.358563,3.539494,0.989536,60.364945,-1.883342,0.988736,60.364615,0.613005,0.998790,60.363027,4.100687,1.009746,60.362730,3.105126,1.049868,60.363644,5.669878,1.064843,60.363609,7.518901,1.021547,60.361550,8.174164,1.015898,60.363729,11.287713,1.033478,60.373635,-8.279286,1.006270,1.006008,1.006028,1.006055,1.006029,1.006021,1.006115,1.005784,-37.436119,0.000000,6.396804,16.432942,10.075788,25.323775,31.476303,-25.731161,0.000000,447.800150,209.391350,467.503357,6.717002,286.592096,294.652499,141.504847,562.436988,245.394482,221.661074,276.382253,200.614467,124.488442,251.663684,184.493662,253.902685,8.239523,988.742731,0.000000,164.790455,75.230425,157.625653,78.812826,137.026846,28.927890,26.868009,92.246831,102.994034,75.767785,-82.574348,42.272334,15.225205,67.617823,24.718568,24.091648,4.119761,223.900075
4.760000,1.048944,60.370137,-4.499303,1.057441,60.362307,1.533579,0.000000,60.000000,0.000000,1.002495,60.367719,-9.831171,1.010752,60.368222,-8.833666,1.013920,60.368170,-8.265865,1.004542,60.368654,-10.061676,1.003611,60.368886,-10.431963,1.033466,60.372543,-9.135062,1.023160,60.367553,-6.002279,1.018955,60.367753,-6.768340,1.008242,60.367598,-6.679812,1.019823,60.367440,-6.498254,1.015231,60.367139,-7.637657,1.022872,60.365548,-6.451732,1.039499,60.364861,-4.552707,1.041567,60.364455,-4.711030,1.040828,60.364460,-5.325581,1.054449,60.364392,-0.361526,0.994110,60.364189,-1.370779,1.040009,60.364839,-2.548627,1.055481,60.364790,1.262214,1.051229,60.364795,1.002190,1.044762,60.364861,-4.494659,1.056232,60.362305,2.186247,1.052525,60.362986,-0.942949,1.041927,60.363658,-3.700295,1.047036,60.362434,2.287836,1.044763,60.362288,4.807678,1.035498,60.358933,3.508725,0.989613,60.367603,-1.857794,0.988797,60.367106,0.635424,0.998729,60.364251,4.105965,1.009679,60.363984,3.108401,1.049898,60.364729,5.678972,1.064890,60.364696,7.527759,1.021497,60.361600,8.163489,1.015742,60.362023,11.284841,1.033531,60.374987,-8.197026,1.006294,1.006080,1.006085,1.006078,1.006049,1.006013,1.006047,1.005785,-37.332997,0.000000,6.402184,16.442767,10.073614,25.312230,31.492488,-25.843419,0.000000,447.800150,209.391350,467.503357,6.717002,286.592096,294.652499,141.504847,562.436988,245.394482,221.661074,276.382253,200.614467,124.488442,251.663684,184.493662,253.902685,8.239523,988.742731,0.000000,164.790455,75.230425,157.625653,78.812826,137.026846,28.927890,26.868009,92.246831,102.994034,75.767785,-82.574348,42.272334,15.225205,67.617823,24.718568,24.091648,4.119761,223.900075
4.780000,1.049095,60.371177,-4.451696,1.057505,60.362839,1.522483,0.000000,60.000000,0.000000,1.002600,60.369805,-9.796253,1.010855,60.370381,-8.794795,1.014023,60.370357,-8.227238,1.004645,60.370787,-10.019808,1.003712,60.370988,-10.388563,1.033541,60.374178,-9.067430,1.023257,60.369739,-5.968105,1.019055,60.369938,-6.732727,1.008344,60.369755,-6.645444,1.019922,60.369569,-6.465149,1.015333,60.369126,-7.607360,1.022965,60.367064,-6.435019,1.039579,60.366150,-4.541966,1.041649,60.365536,-4.704155,1.040910,60.365554,-5.318611,1.054467,60.365671,-0.354207,0.994110,60.365499,-1.364781,1.040100,60.366098,-2.538181,1.055580,60.365983,1.272012,1.051330,60.365997,1.012067,1.044846,60.366152,-4.483910,1.056275,60.362667,2.174375,1.052593,60.363215,-0.950505,1.042007,60.364307,-3.701113,1.047078,60.361863,2.272700,1.044793,60.361398,4.790050,1.035507,60.359446,3.473224,0.989700,60.370258,-1.821140,0.988868,60.369596,0.667753,0.998712,60.365497,4.112125,1.009654,60.365260,3.112771,1.049997,60.365838,5.687951,1.065007,60.365802,7.536493,1.021494,60.361738,8.145531,1.015733,60.360390,11.261962,1.033592,60.376311,-8.113192,1.006317,1.006152,1.006142,1.006101,1.006069,1.006008,1.005979,1.005791,-37.250790,0.000000,6.401162,16.431460,10.049085,25.266757,31.448220,-25.985310,0.000000,447.800150,209.391350,467.503357,6.717002,286.592096,294.652499,141.504847,562.436988,245.394482,221.661074,276.382253,200.614467,124.488442,251.663684,184.493662,253.902685,8.239523,988.742731,0.000000,164.790455,75.230425,157.625653,78.812826,137.026846,28.927890,26.868009,92.246831,102.994034,75.767785,-82.574348,42.272334,15.225205,67.617823,24.718568,24.091648,4.119761,223.900075
4.800000,1.049275,60.372238,-4.404935,1.057623,60.363474,1.507249,0.000000,60.000000,0.000000,1.002732,60.371879,-9.754788,1.010979,60.372524,-8.748867,1.014145,60.372529,-8.181354,1.004767,60.372902,-9.971081,1.003833,60.373073,-10.338527,1.033629,60.375790,-8.996554,1.023377,60.371911,-5.926671,1.019177,60.372109,-6.689866,1.008469,60.371899,-6.604023,1.020046,60.371686,-6.425190,1.015468,60.371107,-7.571205,1.023116,60.368594,-6.415751,1.039727,60.367463,-4.530260,1.041807,60.366651,-4.697767,1.041069,60.366682,-5.312040,1.054539,60.366971,-0.346010,0.994158,60.366829,-1.357685,1.040259,60.367378,-2.526999,1.055748,60.367198,1.282073,1.051502,60.367222,1.022275,1.044996,60.367465,-4.472188,1.056375,60.363127,2.157119,1.052765,60.363521,-0.964498,1.042182,60.365012,-3.705434,1.047263,60.361385,2.245432,1.044970,60.360606,4.758017,1.035555,60.360106,3.433649,0.989796,60.372890,-1.773892,0.988949,60.372068,0.709511,0.998739,60.366763,4.118918,1.009672,60.366554,3.117983,1.050164,60.366973,5.696605,1.065193,60.366929,7.544859,1.021537,60.361980,8.120601,1.015872,60.358869,11.219380,1.033661,60.377608,-8.028375,1.006340,1.006223,1.006199,1.006124,1.006090,1.006003,1.005914,1.005802,-37.189795,0.000000,6.393743,16.399144,10.002414,25.188071,31.344116,-26.154546,0.000000,447.800150,209.391350,467.503357,6.717002,286.592096,294.652499,141.504847,562.436988,245.394482,221.661074,276.382253,200.614467,124.488442,251.663684,184.493662,253.902685,8.239523,988.742731,0.000000,164.790455,75.230425,157.625653,78.812826,137.026846,28.927890,26.868009,92.246831,102.994034,75.767785,-82.574348,42.272334,15.225205,67.617823,24.718568,24.091648,4.119761,223.900075
4.820000,1.049482,60.373321,-4.359242,1.057795,60.364215,1.488252,0.000000,60.000000,0.000000,1.002891,60.373926,-9.707309,1.011122,60.374636,-8.696449,1.014287,60.374667,-8.128783,1.004908,60.374985,-9.916070,1.003973,60.375125,-10.282431,1.033730,60.377372,-8.923013,1.023517,60.374054,-5.878528,1.019318,60.374249,-6.640315,1.008618,60.374014,-6.556096,1.020193,60.373775,-6.378913,1.015635,60.373067,-7.529685,1.023324,60.370128,-6.394254,1.039938,60.368792,-4.517837,1.042039,60.367797,-4.692022,1.041303,60.367839,-5.306025,1.054665,60.368286,-0.337192,0.994254,60.368173,-1.349758,1.040486,60.368674,-2.515334,1.055984,60.368430,1.292150,1.051740,60.368461,1.032556,1.045212,60.368794,-4.459749,1.056529,60.363692,2.134832,1.053038,60.363911,-0.984726,1.042449,60.365776,-3.713224,1.047586,60.361018,2.206400,1.045294,60.359936,4.712011,1.035640,60.360918,3.390699,0.989899,60.375475,-1.716703,0.989038,60.374500,0.760089,0.998810,60.368044,4.126088,1.009732,60.367862,3.123768,1.050397,60.368127,5.704708,1.065445,60.368067,7.552577,1.021626,60.362336,8.089108,1.016158,60.357492,11.157665,1.033736,60.378877,-7.943154,1.006361,1.006294,1.006255,1.006148,1.006111,1.006001,1.005851,1.005818,-37.149977,0.000000,6.380021,16.346241,9.934115,25.077355,31.181616,-26.348514,0.000000,447.800150,209.391350,467.503357,6.717002,286.592096,294.652499,141.504847,562.436988,245.394482,221.661074,276.382253,200.614467,124.488442,251.663684,184.493662,253.902685,8.239523,988.742731,0.000000,164.790455,75.230425,157.625653,78.812826,137.026846,28.927890,26.868009,92.246831,102.994034,75.767785,-82.574348,42.272334,15.225205,67.617823,24.718568,24.091648,4.119761,223.900075
4.840000,1.049715,60.374429,-4.314812,1.058017,60.365066,1.465912,0.000000,60.000000,0.000000,1.003073,60.375935,-9.654430,1.011283,60.376704,-8.638191,1.014445,60.376761,-8.070182,1.005065,60.377024,-9.855430,1.004128,60.377133,-10.220923,1.033841,60.378920,-8.847404,1.023676,60.376154,-5.824314,1.019478,60.376345,-6.584717,1.008786,60.376088,-6.502292,1.020362,60.375826,-6.326932,1.015830,60.374996,-7.483360,1.023585,60.371662,-6.370880,1.040211,60.370135,-4.504952,1.042342,60.368973,-4.687067,1.041607,60.369025,-5.300719,1.054842,60.369615,-0.328015,0.994395,60.369528,-1.341275,1.040776,60.369986,-2.503440,1.056284,60.369679,1.302001,1.052043,60.369716,1.042656,1.045489,60.370137,-4.446851,1.056733,60.364368,2.107936,1.053407,60.364394,-1.010904,1.042802,60.366603,-3.724408,1.048042,60.360782,2.156132,1.045757,60.359412,4.652651,1.035762,60.361881,3.345098,0.990008,60.377995,-1.650354,0.989134,60.376876,0.818762,0.998923,60.369340,4.133375,1.009832,60.369183,3.129857,1.050692,60.369304,5.712051,1.065760,60.369222,7.559390,1.021758,60.362816,8.051558,1.016586,60.356293,11.077648,1.033818,60.380119,-7.858093,1.006382,1.006362,1.006309,1.006171,1.006132,1.006002,1.005793,1.005840,-37.130983,0.000000,6.360180,16.273458,9.845002,24.936247,30.962958,-26.564313,0.000000,447.800150,209.391350,467.503357,6.717002,286.592096,294.652499,141.504847,562.436988,245.394482,221.661074,276.382253,200.614467,124.488442,251.663684,184.493662,253.902685,8.239523,988.742731,0.000000,164.790455,75.230425,157.625653,78.812826,137.026846,28.927890,26.868009,92.246831,102.994034,75.767785,-82.574348,42.272334,15.225205,67.617823,24.718568,24.091648,4.119761,223.900075
4.860000,1.049971,60.375562,-4.271816,1.058288,60.366030,1.440687,0.000000,60.000000,0.000000,1.003276,60.377893,-9.596832,1.011459,60.378715,-8.574816,1.014617,60.378796,-8.006284,1.005236,60.379005,-9.789883,1.004298,60.379085,-10.154724,1.033962,60.380430,-8.770340,1.023852,60.378199,-5.764745,1.019654,60.378385,-6.523793,1.008972,60.378107,-6.443316,1.020551,60.377824,-6.269938,1.016052,60.376882,-7.432851,1.023894,60.373190,-6.346007,1.040540,60.371490,-4.491864,1.042711,60.370177,-4.683035,1.041977,60.370240,-5.296260,1.055066,60.370955,-0.318740,0.994579,60.370892,-1.332513,1.041124,60.371309,-2.491572,1.056644,60.370943,1.311395,1.052405,60.370984,1.052332,1.045823,60.371490,-4.433759,1.056986,60.365161,2.076913,1.053866,60.364979,-1.042670,1.043237,60.367496,-3.738865,1.048625,60.360694,2.095300,1.046354,60.359055,4.580735,1.035918,60.362995,3.297591,0.990121,60.380432,-1.575746,0.989236,60.379179,0.884702,0.999074,60.370648,4.140527,1.009971,60.370514,3.135981,1.051044,60.370502,5.718442,1.066133,60.370392,7.565068,1.021931,60.363430,8.008542,1.017150,60.355305,10.980409,1.033905,60.381333,-7.773734,1.006402,1.006428,1.006362,1.006195,1.006154,1.006005,1.005740,1.005866,-37.132145,0.000000,6.334488,16.181785,9.736171,24.766820,30.691150,-26.798800,0.000000,447.800150,209.391350,467.503357,6.717002,286.592096,294.652499,141.504847,562.436988,245.394482,221.661074,276.382253,200.614467,124.488442,251.663684,184.493662,253.902685,8.239523,988.742731,0.000000,164.790455,75.230425,157.625653,78.812826,137.026846,28.927890,26.868009,92.246831,102.994034,75.767785,-82.574348,42.272334,15.225205,67.617823,24.718568,24.091648,4.119761,223.900075
4.880000,1.050246,60.376720,-4.230399,1.058602,60.367108,1.413069,0.000000,60.000000,0.000000,1.003497,60.379789,-9.535256,1.011648,60.380657,-8.507111,1.014801,60.380761,-7.937889,1.005419,60.380919,-9.720218,1.004480,60.380971,-10.084610,1.034091,60.381897,-8.692441,1.024041,60.380175,-5.700604,1.019843,60.380356,-6.458331,1.009174,60.380060,-6.379938,1.020755,60.379759,-6.208681,1.016296,60.378717,-7.378834,1.024248,60.374706,-6.320032,1.040921,60.372852,-4.478835,1.043139,60.371410,-4.680050,1.042408,60.371482,-5.292780,1.055333,60.372302,-0.309629,0.994802,60.372262,-1.323751,1.041526,60.372641,-2.479981,1.057056,60.372221,1.320108,1.052821,60.372264,1.061348,1.046208,60.372850,-4.420738,1.057282,60.366075,2.042295,1.054408,60.365671,-1.079592,1.043746,60.368457,-3.756431,1.049326,60.360770,2.024716,1.047075,60.358884,4.497226,1.036106,60.364257,3.248929,0.990236,60.382768,-1.493885,0.989343,60.381394,0.956988,0.999261,60.371966,4.147297,1.010146,60.371852,3.141876,1.051448,60.371721,5.723707,1.066558,60.371578,7.569396,1.022142,60.364185,7.960732,1.017842,60.354555,10.867263,1.033997,60.382521,-7.690595,1.006422,1.006490,1.006412,1.006218,1.006176,1.006011,1.005693,1.005897,-37.152502,0.000000,6.303300,16.072469,9.608987,24.571551,30.369924,-27.048635,0.000000,447.800150,209.391350,467.503357,6.717002,286.592096,294.652499,141.504847,562.436988,245.394482,221.661074,276.382253,200.614467,124.488442,251.663684,184.493662,253.902685,8.239523,988.742731,0.000000,164.790455,75.230425,157.625653,78.812826,137.026846,28.927890,26.868009,92.246831,102.994034,75.767785,-82.574348,42.272334,15.225205,67.617823,24.718568,24.091648,4.119761,223.900075
4.900000,1.050539,60.377903,-4.190678,1.058956,60.368300,1.383572,0.000000,60.000000,0.000000,1.003732,60.381614,-9.470495,1.011847,60.382521,-8.435919,1.014995,60.382646,-7.865853,1.005612,60.382754,-9.647270,1.004670,60.382781,-10.011404,1.034227,60.383319,-8.614332,1.024241,60.382072,-5.632733,1.020042,60.382249,-6.389176,1.009387,60.381937,-6.312985,1.020972,60.381621,-6.143969,1.016559,60.380491,-7.322027,1.024640,60.376206,-6.293361,1.041346,60.374220,-4.466122,1.043619,60.372669,-4.678220,1.042891,60.372749,-5.290394,1.055640,60.373657,-0.300934,0.995061,60.373635,-1.315260,1.041974,60.373981,-2.468914,1.057516,60.373512,1.327929,1.053283,60.373555,1.069480,1.046639,60.374215,-4.408051,1.057617,60.367113,2.004663,1.055025,60.366478,-1.121168,1.044322,60.369490,-3.776904,1.050133,60.361024,1.945323,1.047909,60.358917,4.403244,1.036324,60.365664,3.199859,0.990351,60.384988,-1.405869,0.989451,60.383507,1.034619,0.999481,60.373294,4.153451,1.010354,60.373197,3.147287,1.051897,60.372960,5.727690,1.067028,60.372780,7.572183,1.022387,60.365088,7.908870,1.018650,60.354069,10.739741,1.034094,60.383684,-7.609169,1.006441,1.006549,1.006460,1.006241,1.006198,1.006020,1.005653,1.005932,-37.190817,0.000000,6.267045,15.947006,9.465066,24.353291,30.003684,-27.310326,0.000000,447.800150,209.391350,467.503357,6.717002,286.592096,294.652499,141.504847,562.436988,245.394482,221.661074,276.382253,200.614467,124.488442,251.663684,184.493662,253.902685,8.239523,988.742731,0.000000,164.790455,75.230425,157.625653,78.812826,137.026846,28.927890,26.868009,92.246831,102.994034,75.767785,-82.574348,42.272334,15.225205,67.617823,24.718568,24.091648,4.119761,223.900075
4.920000,1.050845,60.379112,-4.152750,1.059346,60.369603,1.352731,0.000000,60.000000,0.000000,1.003979,60.383359,-9.403376,1.012052,60.384298,-8.362122,1.015194,60.384441,-7.791074,1.005810,60.384504,-9.571916,1.004867,60.384507,-9.935967,1.034368,60.384692,-8.536633,1.024449,60.383883,-5.562015,1.020248,60.384053,-6.317215,1.009609,60.383729,-6.243323,1.021199,60.383400,-6.076646,1.016838,60.382196,-7.263182,1.025064,60.377686,-6.266408,1.041811,60.375591,-4.453974,1.044145,60.373955,-4.677632,1.043419,60.374042,-5.289200,1.055980,60.375015,-0.292898,0.995352,60.375010,-1.307305,1.042462,60.375326,-2.458605,1.058016,60.374813,1.334662,1.053786,60.374855,1.076521,1.047109,60.375583,-4.395950,1.057986,60.368275,1.964635,1.055707,60.367403,-1.166833,1.044954,60.370597,-3.800038,1.051035,60.361468,1.858182,1.048844,60.359170,4.300052,1.036568,60.367210,3.151119,0.990464,60.387078,-1.312875,0.989561,60.385506,1.116526,0.999729,60.374628,4.158765,1.010591,60.374546,3.151972,1.052385,60.374219,5.730255,1.067537,60.373997,7.573262,1.022662,60.366142,7.853757,1.019564,60.353870,10.599574,1.034194,60.384821,-7.529917,1.006459,1.006604,1.006504,1.006264,1.006220,1.006032,1.005621,1.005972,-37.245601,0.000000,6.226223,15.807113,9.306249,24.115220,29.597449,-27.580282,0.000000,447.800150,209.391350,467.503357,6.717002,286.592096,294.652499,141.504847,562.436988,245.394482,221.661074,276.382253,200.614467,124.488442,251.663684,184.493662,253.902685,8.239523,988.742731,0.000000,164.790455,75.230425,157.625653,78.812826,137.026846,28.927890,26.868009,92.246831,102.994034,75.767785,-82.574348,42.272334,15.225205,67.617823,24.718568,24.091648,4.119761,223.900075
4.940000,1.051162,60.380347,-4.116682,1.059765,60.371017,1.321091,0.000000,60.000000,0.000000,1.004233,60.385019,-9.334751,1.012261,60.385981,-8.286631,1.015396,60.386140,-7.714481,1.006012,60.386162,-9.495054,1.005067,60.386144,-9.859181,1.034512,60.386014,-8.459955,1.024661,60.385598,-5.489367,1.020459,60.385762,-6.243369,1.009836,60.385430,-6.171850,1.021432,60.385091,-6.007587,1.017126,60.383828,-7.203067,1.025514,60.379143,-6.239580,1.042307,60.376964,-4.442625,1.044708,60.375267,-4.678351,1.043985,60.375359,-5.289270,1.056349,60.376377,-0.285745,0.995669,60.376384,-1.300131,1.042983,60.376676,-2.449271,1.058548,60.376126,1.340135,1.054321,60.376165,1.082283,1.047611,60.376953,-4.384672,1.058383,60.369563,1.922858,1.056442,60.368452,-1.215964,1.045634,60.371779,-3.825546,1.052017,60.362115,1.764465,1.049865,60.359656,4.189043,1.036835,60.368887,3.103420,0.990573,60.389028,-1.216139,0.989669,60.387381,1.201594,1.000001,60.375970,4.163038,1.010854,60.375899,3.155708,1.052904,60.375498,5.731293,1.068076,60.375229,7.572493,1.022962,60.367349,7.796243,1.020569,60.353978,10.448666,1.034297,60.385934,-7.453268,1.006477,1.006653,1.006545,1.006287,1.006243,1.006048,1.005598,1.006015,-37.315139,0.000000,6.181399,15.654704,9.134576,23.860805,29.156782,-27.854854,0.000000,447.800150,209.391350,467.503357,6.717002,286.592096,294.652499,141.504847,562.436988,245.394482,221.661074,276.382253,200.614467,124.488442,251.663684,184.493662,253.902685,8.239523,988.742731,0.000000,164.790455,75.230425,157.625653,78.812826,137.026846,28.927890,26.868009,92.246831,102.994034,75.767785,-82.574348,42.272334,15.225205,67.617823,24.718568,24.091648,4.119761,223.900075
4.960000,1.051486,60.381606,-4.082524,1.060208,60.372537,1.289203,0.000000,60.000000,0.000000,1.004491,60.386589,-9.265485,1.012470,60.387565,-8.210370,1.015599,60.387737,-7.637020,1.006214,60.387723,-9.417598,1.005268,60.387686,-9.781940,1.034658,60.387286,-8.384892,1.024874,60.387213,-5.415723,1.020670,60.387371,-6.168572,1.010065,60.387032,-6.099478,1.021668,60.386688,-5.937681,1.017421,60.385381,-7.142462,1.025983,60.380576,-6.213275,1.042827,60.378339,-4.432289,1.045299,60.376605,-4.680414,1.044580,60.376701,-5.290652,1.056741,60.377741,-0.279683,0.996007,60.377759,-1.293968,1.043529,60.378029,-2.441107,1.059105,60.377448,1.344197,1.054880,60.377483,1.086605,1.048137,60.378323,-4.374436,1.058801,60.370974,1.880001,1.057222,60.369626,-1.267887,1.046351,60.373038,-3.853104,1.053066,60.362972,1.665439,1.050958,60.360386,4.071719,1.037121,60.370687,3.057448,0.990676,60.390828,-1.116939,0.989774,60.389125,1.288671,1.000292,60.377316,4.166087,1.011138,60.377255,3.158292,1.053448,60.376796,5.730718,1.068639,60.376479,7.569768,1.023283,60.368711,7.737210,1.021652,60.354409,10.289072,1.034401,60.387024,-7.379617,1.006494,1.006698,1.006583,1.006310,1.006265,1.006068,1.005584,1.006061,-37.397522,0.000000,6.133190,15.491862,8.952260,23.593744,28.687713,-28.130392,0.000000,447.800150,209.391350,467.503357,6.717002,286.592096,294.652499,141.504847,562.436988,245.394482,221.661074,276.382253,200.614467,124.488442,251.663684,184.493662,253.902685,8.239523,988.742731,0.000000,164.790455,75.230425,157.625653,78.812826,137.026846,28.927890,26.868009,92.246831,102.994034,75.767785,-82.574348,42.272334,15.225205,67.617823,24.718568,24.091648,4.119761,223.900075
4.980000,1.051814,60.382888,-4.050298,1.060669,60.374158,1.257615,0.000000,60.000000,0.000000,1.004748,60.388065,-9.196440,1.012677,60.389047,-8.134267,1.015799,60.389228,-7.559639,1.006413,60.389183,-9.340461,1.005467,60.389131,-9.705137,1.034803,60.388505,-8.312015,1.025086,60.388725,-5.342020,1.020880,60.388875,-6.093766,1.010293,60.388534,-6.027122,1.021904,60.388187,-5.867819,1.017719,60.386853,-7.082143,1.026465,60.381984,-6.187873,1.043364,60.379714,-4.423155,1.045911,60.377969,-4.683831,1.045195,60.378067,-5.293366,1.057149,60.379108,-0.274892,0.996363,60.379132,-1.289020,1.044092,60.379387,-2.434282,1.059679,60.378781,1.346725,1.055457,60.378809,1.089352,1.048680,60.379694,-4.365434,1.059236,60.372506,1.836747,1.058033,60.370929,-1.321880,1.047095,60.374376,-3.882347,1.054166,60.364046,1.562450,1.052107,60.361368,3.949678,1.037423,60.372600,3.013849,0.990771,60.392472,-1.016582,0.989875,60.390732,1.376585,1.000598,60.378669,4.167755,1.011439,60.378613,3.159545,1.054007,60.378113,5.728472,1.069217,60.377745,7.565009,1.023620,60.370225,7.677565,1.022796,60.355173,10.122972,1.034506,60.388091,-7.309324,1.006510,1.006736,1.006616,1.006333,1.006287,1.006091,1.005579,1.006111,-37.490681,0.000000,6.082261,15.320811,8.761651,23.317915,28.196657,-28.403288,0.000000,447.800150,209.391350,467.503357,6.717002,286.592096,294.652499,141.504847,562.436988,245.394482,221.661074,276.382253,200.614467,124.488442,251.663684,184.493662,253.902685,8.239523,988.742731,0.000000,164.790455,75.230425,157.625653,78.812826,137.026846,28.927890,26.868009,92.246831,102.994034,75.767785,-82.574348,42.272334,15.225205,67.617823,24.718568,24.091648,4.119761,223.900075
5.000000,1.052141,60.384193,-4.020011,1.061143,60.375877,1.226869,0.000000,60.000000,0.000000,1.005002,60.389447,-9.128466,1.012880,60.390424,-8.059239,1.015994,60.390612,-7.483276,1.006608,60.390541,-9.264544,1.005661,60.390477,-9.629649,1.034946,60.389672,-8.241869,1.025294,60.390130,-5.269189,1.021085,60.390273,-6.019881,1.010516,60.389933,-5.955690,1.022136,60.389588,-5.798880,1.018015,60.388243,-7.022868,1.026953,60.383365,-6.163727,1.043911,60.381091,-4.415387,1.046535,60.379359,-4.688581,1.045823,60.379459,-5.297401,1.057568,60.380476,-0.271528,0.996729,60.380504,-1.285465,1.044665,60.380748,-2.428940,1.060263,60.380125,1.347623,1.056044,60.380145,1.090418,1.049233,60.381066,-4.357830,1.059681,60.374156,1.793781,1.058865,60.372361,-1.377187,1.047856,60.375792,-3.912880,1.055302,60.365340,1.456912,1.053296,60.362607,3.824592,1.037736,60.374617,2.973226,0.990857,60.393956,-0.916381,0.989970,60.392198,1.464164,1.000914,60.380026,4.167909,1.011752,60.379975,3.159319,1.054576,60.379450,5.724526,1.069803,60.379028,7.558169,1.023967,60.371888,7.618221,1.023986,60.356280,9.952639,1.034610,60.389138,-7.242711,1.006526,1.006770,1.006645,1.006355,1.006310,1.006118,1.005585,1.006162,-37.592416,0.000000,6.029312,15.143881,8.565204,23.037315,27.690323,-28.670022,0.000000,447.800150,209.391350,467.503357,6.717002,286.592096,294.652499,141.504847,562.436988,245.394482,221.661074,276.382253,200.614467,124.488442,251.663684,184.493662,253.902685,8.239523,988.742731,0.000000,164.790455,75.230425,157.625653,78.812826,137.026846,28.927890,26.868009,92.246831,102.994034,75.767785,-82.574348,42.272334,15.225205,67.617823,24.718568,24.091648,4.119761,223.900075
5.020000,1.052465,60.385519,-3.991647,1.061624,60.377685,1.197489,0.000000,60.000000,0.000000,1.005250,60.390734,-9.062386,1.013075,60.391698,-7.986178,1.016182,60.391888,-7.408849,1.006796,60.391797,-9.190721,1.005848,60.391724,-9.556329,1.035087,60.390788,-8.174966,1.025495,60.391428,-5.198136,1.021283,60.391564,-5.947826,1.010733,60.391229,-5.886065,1.022361,60.390888,-5.731724,1.018306,60.389550,-6.965375,1.027441,60.384722,-6.141162,1.044460,60.382469,-4.409113,1.047163,60.380777,-4.694612,1.046454,60.380877,-5.302713,1.057993,60.381847,-0.269716,0.997103,60.381875,-1.283449,1.045240,60.382115,-2.425188,1.060849,60.381479,1.346828,1.056632,60.381491,1.089730,1.049788,60.382440,-4.351757,1.060130,60.375917,1.751784,1.059708,60.373921,-1.433023,1.048624,60.377287,-3.944274,1.056459,60.366857,1.350280,1.054509,60.364106,3.698182,1.038058,60.376726,2.936130,0.990933,60.395278,-0.817640,0.990059,60.393523,1.550248,1.001235,60.381389,4.166446,1.012074,60.381339,3.157491,1.055146,60.380806,5.718875,1.070390,60.380330,7.549236,1.024321,60.373695,7.560087,1.025206,60.357731,9.780410,1.034714,60.390166,-7.180062,1.006542,1.006797,1.006671,1.006377,1.006333,1.006148,1.005601,1.006215,-37.700441,0.000000,5.975071,14.963474,8.365448,22.756003,27.175622,-28.927205,0.000000,447.800150,209.391350,467.503357,6.717002,286.592096,294.652499,141.504847,562.436988,245.394482,221.661074,276.382253,200.614467,124.488442,251.663684,184.493662,253.902685,8.239523,988.742731,0.000000,164.790455,75.230425,157.625653,78.812826,137.026846,28.927890,26.868009,92.246831,102.994034,75.767785,-82.574348,42.272334,15.225205,67.617823,24.718568,24.091648,4.119761,223.900075
5.040000,1.052783,60.386864,-3.965176,1.062105,60.379576,1.169978,0.000000,60.000000,0.000000,1.005489,60.391928,-8.998987,1.013262,60.392868,-7.915940,1.016360,60.393059,-7.337236,1.006975,60.392954,-9.119832,1.006026,60.392875,-9.485993,1.035222,60.391854,-8.111778,1.025687,60.392622,-5.129734,1.021472,60.392751,-5.878475,1.010941,60.392423,-5.819095,1.022578,60.392091,-5.667172,1.018588,60.390776,-6.910361,1.027924,60.386054,-6.120467,1.045005,60.383850,-4.404432,1.047787,60.382222,-4.701840,1.047081,60.382321,-5.309228,1.058418,60.383221,-0.269548,0.997478,60.383247,-1.283087,1.045811,60.383486,-2.423106,1.061430,60.382845,1.344307,1.057215,60.382846,1.087246,1.050339,60.383815,-4.347314,1.060578,60.377784,1.711420,1.060549,60.375607,-1.488588,1.049389,60.378861,-3.976079,1.057622,60.368596,1.244042,1.055730,60.365863,3.572200,1.038383,60.378915,2.903058,0.990997,60.396439,-0.721635,0.990139,60.394707,1.633709,1.001558,60.382758,4.163292,1.012400,60.382707,3.153974,1.055711,60.382181,5.711545,1.070971,60.381649,7.538226,1.024677,60.375638,7.504049,1.026441,60.359527,9.608652,1.034816,60.391176,-7.121621,1.006557,1.006819,1.006692,1.006399,1.006356,1.006182,1.005628,1.006270,-37.812413,0.000000,5.920276,14.782035,8.164944,22.478031,26.659566,-29.171627,0.000000,447.800150,209.391350,467.503357,6.717002,286.592096,294.652499,141.504847,562.436988,245.394482,221.661074,276.382253,200.614467,124.488442,251.663684,184.493662,253.902685,8.239523,988.742731,0.000000,164.790455,75.230425,157.625653,78.812826,137.026846,28.927890,26.868009,92.246831,102.994034,75.767785,-82.574348,42.272334,15.225205,67.617823,24.718568,24.091648,4.119761,223.900075
5.060000,1.053091,60.388227,-3.940555,1.062581,60.381542,1.144812,0.000000,60.000000,0.000000,1.005717,60.393033,-8.939008,1.013437,60.393940,-7.849335,1.016527,60.394127,-7.269271,1.007143,60.394013,-9.052667,1.006194,60.393932,-9.419408,1.035352,60.392874,-8.052737,1.025869,60.393713,-5.064813,1.021650,60.393835,-5.812657,1.011138,60.393519,-5.755583,1.022784,60.393199,-5.606003,1.018860,60.391925,-6.858482,1.028395,60.387364,-6.101895,1.045540,60.385234,-4.401407,1.048400,60.383695,-4.710153,1.047697,60.383791,-5.316843,1.058837,60.384598,-0.271086,0.997850,60.384619,-1.284460,1.046371,60.384863,-2.422735,1.062000,60.384222,1.340058,1.057787,60.384213,1.082957,1.050879,60.385194,-4.344565,1.061019,60.379749,1.673330,1.061379,60.377415,-1.543074,1.050141,60.380510,-4.007825,1.058776,60.370551,1.139686,1.056944,60.367874,3.448398,1.038708,60.381172,2.874446,0.991049,60.397442,-0.629596,0.990212,60.395754,1.713462,1.001877,60.384132,4.158407,1.012725,60.384079,3.148711,1.056265,60.383575,5.702588,1.071539,60.382988,7.525191,1.025029,60.377707,7.450962,1.027673,60.361659,9.439730,1.034915,60.392170,-7.067595,1.006571,1.006834,1.006709,1.006421,1.006378,1.006219,1.005665,1.006325,-37.925977,0.000000,5.865674,14.602012,7.966251,22.207389,26.149169,-29.400287,0.000000,447.800150,209.391350,467.503357,6.717002,286.592096,294.652499,141.504847,562.436988,245.394482,221.661074,276.382253,200.614467,124.488442,251.663684,184.493662,253.902685,8.239523,988.742731,0.000000,164.790455,75.230425,157.625653,78.812826,137.026846,28.927890,26.868009,92.246831,102.994034,75.767785,-82.574348,42.272334,15.225205,67.617823,24.718568,24.091648,4.119761,223.900075
5.080000,1.053387,60.389604,-3.917728,1.063048,60.383574,1.122429,0.000000,60.000000,0.000000,1.005932,60.394052,-8.883134,1.013600,60.394916,-7.787117,1.016683,60.395097,-7.205733,1.007300,60.394981,-8.989962,1.006351,60.394900,-9.357287,1.035475,60.393849,-7.998229,1.026039,60.394708,-5.004144,1.021817,60.394822,-5.751144,1.011322,60.394521,-5.696278,1.022978,60.394216,-5.548940,1.019117,60.393000,-6.810341,1.028850,60.388654,-6.085654,1.046059,60.386623,-4.400068,1.048994,60.385194,-4.719413,1.048295,60.385287,-5.325425,1.059246,60.385980,-0.274357,0.998216,60.385994,-1.287612,1.046914,60.386248,-2.424086,1.062552,60.385612,1.334109,1.058342,60.385590,1.076887,1.051404,60.386577,-4.343541,1.061449,60.381802,1.638121,1.062187,60.379340,-1.595680,1.050872,60.382233,-4.039032,1.059907,60.372716,1.038686,1.058136,60.370129,3.328508,1.039029,60.383483,2.850663,0.991090,60.398293,-0.542695,0.990276,60.396668,1.788479,1.002189,60.385514,4.151778,1.013048,60.385457,3.141682,1.056803,60.384988,5.692081,1.072088,60.384346,7.510209,1.025374,60.379893,7.401634,1.028889,60.364119,9.275970,1.035010,60.393149,-7.018154,1.006586,1.006844,1.006722,1.006443,1.006401,1.006260,1.005712,1.006381,-38.038801,0.000000,5.811999,14.425822,7.771891,21.947943,25.651346,-29.610435,0.000000,447.800150,209.391350,467.503357,6.717002,286.592096,294.652499,141.504847,562.436988,245.394482,221.661074,276.382253,200.614467,124.488442,251.663684,184.493662,253.902685,8.239523,988.742731,0.000000,164.790455,75.230425,157.625653,78.812826,137.026846,28.927890,26.868009,92.246831,102.994034,75.767785,-82.574348,42.272334,15.225205,67.617823,24.718568,24.091648,4.119761,223.900075
5.100000,1.053668,60.390993,-3.896631,1.063499,60.385661,1.103228,0.000000,60.000000,0.000000,1.006132,60.394992,-8.831984,1.013751,60.395804,-7.729974,1.016825,60.395975,-7.147331,1.007444,60.395862,-8.932384,1.006496,60.395785,-9.300277,1.035590,60.394782,-7.948592,1.026196,60.395610,-4.948434,1.021970,60.395718,-5.694643,1.011493,60.395435,-5.641863,1.023159,60.395148,-5.496642,1.019359,60.394005,-6.766480,1.029284,60.389925,-6.071913,1.046556,60.388017,-4.400409,1.049565,60.386721,-4.729457,1.048869,60.386809,-5.334821,1.059641,60.387368,-0.279353,0.998570,60.387372,-1.292553,1.047435,60.387640,-2.427137,1.063083,60.387014,1.326519,1.058874,60.386980,1.069089,1.051907,60.387966,-4.344236,1.061862,60.383935,1.606357,1.062965,60.381376,-1.645625,1.051574,60.384026,-4.069221,1.061001,60.375081,0.942479,1.059292,60.372618,3.214214,1.039343,60.385836,2.832012,0.991119,60.399000,-0.462024,0.990333,60.397457,1.857810,1.002491,60.386903,4.143427,1.013363,60.386841,3.132896,1.057318,60.386419,5.680125,1.072615,60.385723,7.493387,1.025708,60.382182,7.356813,1.030073,60.366890,9.119627,1.035102,60.394115,-6.973426,1.006600,1.006849,1.006731,1.006464,1.006425,1.006303,1.005769,1.006437,-38.148614,0.000000,5.759970,14.255821,7.584314,21.703370,25.172810,-29.799601,0.000000,447.800150,209.391350,467.503357,6.717002,286.592096,294.652499,141.504847,562.436988,245.394482,221.661074,276.382253,200.614467,124.488442,251.663684,184.493662,253.902685,8.239523,988.742731,0.000000,164.790455,75.230425,157.625653,78.812826,137.026846,28.927890,26.868009,92.246831,102.994034,75.767785,-82.574348,42.272334,15.225205,67.617823,24.718568,24.091648,4.119761,223.900075
5.120000,1.053931,60.392392,-3.877195,1.063930,60.387794,1.087557,0.000000,60.000000,0.000000,1.006317,60.395859,-8.786108,1.013888,60.396610,-7.678518,1.016955,60.396768,-7.094702,1.007575,60.396664,-8.880531,1.006627,60.396593,-9.248953,1.035697,60.395679,-7.904114,1.026340,60.396429,-4.898317,1.022110,60.396529,-5.643786,1.011650,60.396268,-5.592948,1.023325,60.396002,-5.449697,1.019585,60.394947,-6.727377,1.029694,60.391182,-6.060796,1.047027,60.389417,-4.402396,1.050106,60.388273,-4.740103,1.049413,60.388356,-5.344854,1.060018,60.388763,-0.286038,0.998910,60.388755,-1.299261,1.047929,60.389041,-2.431836,1.063585,60.388429,1.317371,1.059379,60.388383,1.059643,1.052384,60.389361,-4.346615,1.062255,60.386135,1.578547,1.063705,60.383513,-1.692161,1.052240,60.385884,-4.097915,1.062048,60.377632,0.852436,1.060398,60.375325,3.107123,1.039648,60.388217,2.818725,0.991136,60.399572,-0.388583,0.990381,60.398130,1.920583,1.002779,60.388301,4.133406,1.013668,60.388232,3.122400,1.057807,60.387867,5.666841,1.073113,60.387119,7.474858,1.026028,60.384561,7.317175,1.031212,60.369952,8.972850,1.035189,60.395069,-6.933508,1.006614,1.006849,1.006737,1.006486,1.006448,1.006349,1.005835,1.006493,-38.253241,0.000000,5.710274,14.094267,7.405858,21.477111,24.719974,-29.965623,0.000000,447.800150,209.391350,467.503357,6.717002,286.592096,294.652499,141.504847,562.436988,245.394482,221.661074,276.382253,200.614467,124.488442,251.663684,184.493662,253.902685,8.239523,988.742731,0.000000,164.790455,75.230425,157.625653,78.812826,137.026846,28.927890,26.868009,92.246831,102.994034,75.767785,-82.574348,42.272334,15.225205,67.617823,24.718568,24.091648,4.119761,223.900075
5.140000,1.054175,60.393798,-3.859349,1.064337,60.389962,1.075715,0.000000,60.000000,0.000000,1.006485,60.396661,-8.745978,1.014011,60.397343,-7.633286,1.017071,60.397485,-7.048401,1.007694,60.397395,-8.834921,1.006746,60.397333,-9.203815,1.035796,60.396541,-7.865028,1.026470,60.397172,-4.854345,1.022237,60.397264,-5.599127,1.011792,60.397027,-5.550065,1.023476,60.396786,-5.408616,1.019792,60.395833,-6.693440,1.030077,60.392425,-6.052388,1.047469,60.390824,-4.405965,1.050612,60.389849,-4.751159,1.049922,60.389926,-5.355335,1.060373,60.390164,-0.294343,0.999232,60.390144,-1.307677,1.048392,60.390450,-2.438104,1.064057,60.389856,1.306775,1.059852,60.389797,1.048657,1.052831,60.390762,-4.350615,1.062623,60.388391,1.555145,1.064399,60.385742,-1.734584,1.052864,60.387800,-4.124658,1.063034,60.380354,0.769846,1.061444,60.378232,3.008740,1.039939,60.390612,2.810959,0.991144,60.400022,-0.323271,0.990422,60.398697,1.976028,1.003050,60.389708,4.121798,1.013959,60.389632,3.110269,1.058265,60.389333,5.652371,1.073579,60.388535,7.454776,1.026329,60.387014,7.283314,1.032294,60.373282,8.837646,1.035271,60.396013,-6.898456,1.006628,1.006843,1.006739,1.006508,1.006471,1.006396,1.005910,1.006547,-38.350639,0.000000,5.663559,13.943292,7.238725,21.272311,24.298857,-30.106668,0.000000,447.800150,209.391350,467.503357,6.717002,286.592096,294.652499,141.504847,562.436988,245.394482,221.661074,276.382253,200.614467,124.488442,251.663684,184.493662,253.902685,8.239523,988.742731,0.000000,164.790455,75.230425,157.625653,78.812826,137.026846,28.927890,26.868009,92.246831,102.994034,75.767785,-82.574348,42.272334,15.225205,67.617823,24.718568,24.091648,4.119761,223.900075
5.160000,1.054397,60.395206,-3.843020,1.064716,60.392153,1.067939,0.000000,60.000000,0.000000,1.006637,60.397406,-8.711988,1.014121,60.398011,-7.594726,1.017174,60.398135,-7.008897,1.007799,60.398064,-8.795987,1.006852,60.398013,-9.165278,1.035887,60.397375,-7.831517,1.026587,60.397847,-4.816985,1.022350,60.397933,-5.561131,1.011920,60.397722,-5.513662,1.023612,60.397508,-5.373828,1.019980,60.396669,-6.665006,1.030430,60.393657,-6.046730,1.047878,60.392237,-4.411027,1.051080,60.391447,-4.762420,1.050392,60.391518,-5.366067,1.060704,60.391574,-0.304170,0.999534,60.391540,-1.317713,1.048821,60.391868,-2.445836,1.064494,60.391296,1.294859,1.060291,60.391224,1.036260,1.053244,60.392171,-4.356144,1.062965,60.390690,1.536533,1.065040,60.388049,-1.772251,1.053439,60.389768,-4.149020,1.063952,60.383226,0.695889,1.062418,60.381316,2.920445,1.040214,60.393008,2.808799,0.991142,60.400364,-0.266868,0.990456,60.399171,2.023475,1.003302,60.391124,4.108711,1.014235,60.391042,3.096609,1.058690,60.390814,5.636871,1.074011,60.389968,7.433316,1.026610,60.389525,7.255733,1.033307,60.376850,8.715853,1.035348,60.396949,-6.868295,1.006641,1.006834,1.006738,1.006529,1.006495,1.006446,1.005992,1.006600,-38.438928,0.000000,5.620423,13.804870,7.084941,21.091775,23.914994,-30.221256,0.000000,447.800150,209.391350,467.503357,6.717002,286.592096,294.652499,141.504847,562.436988,245.394482,221.661074,276.382253,200.614467,124.488442,251.663684,184.493662,253.902685,8.239523,988.742731,0.000000,164.790455,75.230425,157.625653,78.812826,137.026846,28.927890,26.868009,92.246831,102.994034,75.767785,-82.574348,42.272334,15.225205,67.617823,24.718568,24.091648,4.119761,223.900075
5.180000,1.054597,60.396614,-3.828143,1.065064,60.394355,1.064405,0.000000,60.000000,0.000000,1.006773,60.398102,-8.684451,1.014218,60.398624,-7.563199,1.017265,60.398728,-6.976568,1.007892,60.398679,-8.764076,1.006946,60.398641,-9.133674,1.035968,60.398183,-7.803710,1.026690,60.398466,-4.786614,1.022450,60.398544,-5.530175,1.012034,60.398362,-5.484098,1.023734,60.398177,-5.345677,1.020149,60.397464,-6.642334,1.030751,60.394881,-6.043827,1.048250,60.393658,-4.417473,1.051506,60.393063,-4.773682,1.050821,60.393127,-5.376847,1.061007,60.392993,-0.315399,0.999813,60.392944,-1.329255,1.049214,60.393295,-2.454910,1.064894,60.392747,1.281769,1.060692,60.392663,1.022598,1.053622,60.393586,-4.363091,1.063276,60.393018,1.523021,1.065622,60.390423,-1.804589,1.053961,60.391779,-4.170604,1.064790,60.386228,0.631618,1.063310,60.384553,2.843469,1.040471,60.395392,2.812254,0.991132,60.400611,-0.220029,0.990484,60.399564,2.062371,1.003533,60.392552,4.094283,1.014492,60.392462,3.081555,1.059078,60.392309,5.620509,1.074404,60.391420,7.410668,1.026868,60.392077,7.234836,1.034241,60.380624,8.609106,1.035419,60.397878,-6.843018,1.006655,1.006820,1.006735,1.006551,1.006518,1.006497,1.006082,1.006652,-38.516419,0.000000,5.581403,13.680791,6.946338,20.937930,23.573352,-30.308266,0.000000,447.800150,209.391350,467.503357,6.717002,286.592096,294.652499,141.504847,562.436988,245.394482,221.661074,276.382253,200.614467,124.488442,251.663684,184.493662,253.902685,8.239523,988.742731,0.000000,164.790455,75.230425,157.625653,78.812826,137.026846,28.927890,26.868009,92.246831,102.994034,75.767785,-82.574348,42.272334,15.225205,67.617823,24.718568,24.091648,4.119761,223.900075
5.200000,1.054772,60.398018,-3.814654,1.065377,60.396557,1.065224,0.000000,60.000000,0.000000,1.006892,60.398759,-8.663592,1.014302,60.399193,-7.538976,1.017343,60.399274,-6.951698,1.007973,60.399251,-8.739446,1.007027,60.399228,-9.109249,1.036041,60.398972,-7.781682,1.026781,60.399038,-4.763516,1.022538,60.399109,-5.506542,1.012133,60.398957,-5.461642,1.023841,60.398803,-5.324416,1.020298,60.398224,-6.625611,1.031037,60.396099,-6.043649,1.048585,60.395084,-4.425177,1.051887,60.394695,-4.784744,1.051204,60.394752,-5.387480,1.061282,60.394420,-0.327885,1.000068,60.394356,-1.342162,1.049566,60.394730,-2.465187,1.065253,60.394209,1.267666,1.061053,60.394112,1.007832,1.053961,60.395008,-4.371329,1.063555,60.395361,1.514839,1.066142,60.392848,-1.831109,1.054426,60.393824,-4.189062,1.065543,60.389335,0.577938,1.064113,60.387916,2.778869,1.040708,60.397751,2.821260,0.991116,60.400782,-0.183274,0.990508,60.399891,2.092282,1.003740,60.393991,4.078674,1.014729,60.393893,3.065265,1.059427,60.393818,5.603465,1.074758,60.392888,7.387035,1.027101,60.394653,7.220920,1.035087,60.384569,8.518816,1.035483,60.398802,-6.822586,1.006668,1.006804,1.006730,1.006573,1.006542,1.006549,1.006178,1.006701,-38.581642,0.000000,5.546972,13.572637,6.824520,20.812783,23.278257,-30.366952,0.000000,447.800150,209.391350,467.503357,6.717002,286.592096,294.652499,141.504847,562.436988,245.394482,221.661074,276.382253,200.614467,124.488442,251.663684,184.493662,253.902685,8.239523,988.742731,0.000000,164.790455,75.230425,157.625653,78.812826,137.026846,28.927890,26.868009,92.246831,102.994034,75.767785,-82.574348,42.272334,15.225205,67.617823,24.718568,24.091648,4.119761,223.900075
5.220000,1.054922,60.399414,-3.802500,1.065654,60.398747,1.070436,0.000000,60.000000,0.000000,1.006995,60.399386,-8.649555,1.014375,60.399726,-7.522232,1.017410,60.399784,-6.934475,1.008042,60.399789,-8.722265,1.007097,60.399783,-9.092160,1.036105,60.399746,-7.765457,1.026859,60.399574,-4.747879,1.022613,60.399638,-5.490419,1.012219,60.399518,-5.446471,1.023933,60.399396,-5.310212,1.020428,60.398958,-6.614946,1.031289,60.397313,-6.046136,1.048879,60.396515,-4.434000,1.052221,60.396338,-4.795416,1.051539,60.396387,-5.397776,1.061525,60.395856,-0.341466,1.000296,60.395777,-1.356271,1.049877,60.396171,-2.476516,1.065571,60.395679,1.252718,1.061372,60.395571,0.992134,1.054259,60.396435,-4.380718,1.063800,60.397706,1.512132,1.066594,60.395308,-1.851413,1.054830,60.395892,-4.204098,1.066203,60.392522,0.535590,1.064818,60.391373,2.727512,1.040922,60.400073,2.835679,0.991093,60.400892,-0.156984,0.990528,60.400166,2.112897,1.003923,60.395441,4.062065,1.014945,60.395336,3.047920,1.059735,60.395337,5.585921,1.075070,60.394371,7.362629,1.027308,60.397234,7.214175,1.035836,60.388647,8.446141,1.035542,60.399722,-6.806934,1.006681,1.006785,1.006723,1.006595,1.006567,1.006601,1.006278,1.006749,-38.633363,0.000000,5.517528,13.481761,6.720848,20.717897,23.033331,-30.396944,0.000000,447.800150,209.391350,467.503357,6.717002,286.592096,294.652499,141.504847,562.436988,245.394482,221.661074,276.382253,200.614467,124.488442,251.663684,184.493662,253.902685,8.239523,988.742731,0.000000,164.790455,75.230425,157.625653,78.812826,137.026846,28.927890,26.868009,92.246831,102.994034,75.767785,-82.574348,42.272334,15.225205,67.617823,24.718568,24.091648,4.119761,223.900075
5.240000,1.055046,60.400799,-3.791639,1.065892,60.400911,1.080012,0.000000,60.000000,0.000000,1.007082,60.399992,-8.642400,1.014435,60.400236,-7.513054,1.017465,60.400269,-6.924993,1.008099,60.400305,-8.712610,1.007156,60.400315,-9.082477,1.036160,60.400509,-7.755007,1.026925,60.400085,-4.739796,1.022676,60.400143,-5.481900,1.012291,60.400055,-5.438669,1.024012,60.399966,-5.303141,1.020539,60.399674,-6.610374,1.031503,60.398523,-6.051195,1.049131,60.397949,-4.443796,1.052505,60.397987,-4.805523,1.051824,60.398028,-5.407563,1.061736,60.397300,-0.355966,1.000496,60.397207,-1.371405,1.050145,60.397617,-2.488740,1.065845,60.397157,1.237100,1.061648,60.397037,0.975682,1.054516,60.397866,-4.391108,1.064009,60.400037,1.514959,1.066976,60.397786,-1.865206,1.055171,60.397972,-4.215476,1.066764,60.395759,0.505137,1.065421,60.394895,2.690062,1.041113,60.402345,2.855301,0.991067,60.400960,-0.141395,0.990544,60.400407,2.124034,1.004081,60.396903,4.044655,1.015137,60.396790,3.029719,1.060002,60.396866,5.568065,1.075339,60.395867,7.337665,1.027487,60.399803,7.214675,1.036483,60.392818,8.391971,1.035594,60.400638,-6.795969,1.006695,1.006764,1.006714,1.006618,1.006591,1.006653,1.006382,1.006793,-38.670609,0.000000,5.493389,13.409269,6.636422,20.654372,22.841440,-30.398248,0.000000,447.800150,209.391350,467.503357,6.717002,286.592096,294.652499,141.504847,562.436988,245.394482,221.661074,276.382253,200.614467,124.488442,251.663684,184.493662,253.902685,8.239523,988.742731,0.000000,164.790455,75.230425,157.625653,78.812826,137.026846,28.927890,26.868009,92.246831,102.994034,75.767785,-82.574348,42.272334,15.225205,67.617823,24.718568,24.091648,4.119761,223.900075
5.260000,1.055144,60.402168,-3.782038,1.066089,60.403039,1.093852,0.000000,60.000000,0.000000,1.007153,60.400586,-8.642102,1.014484,60.400733,-7.511434,1.017510,60.400740,-6.923250,1.008146,60.400808,-8.710469,1.007204,60.400836,-9.080183,1.036207,60.401266,-7.750257,1.026979,60.400582,-4.739265,1.022728,60.400633,-5.480981,1.012351,60.400579,-5.438229,1.024076,60.400524,-5.303191,1.020630,60.400381,-6.611859,1.031680,60.399731,-6.058715,1.049340,60.399386,-4.454418,1.052738,60.399637,-4.814911,1.052059,60.399671,-5.416689,1.061913,60.398752,-0.371198,1.000667,60.398645,-1.387370,1.050368,60.399066,-2.501699,1.066074,60.398641,1.220986,1.061878,60.398510,0.958654,1.054729,60.399299,-4.402349,1.064181,60.402341,1.523290,1.067285,60.400266,-1.872302,1.055447,60.400053,-4.223029,1.067223,60.399020,0.486953,1.065916,60.398447,2.666961,1.041280,60.404556,2.879851,0.991036,60.401004,-0.136597,0.990557,60.400627,2.125639,1.004211,60.398375,4.026655,1.015304,60.398255,3.010874,1.060224,60.398401,5.550081,1.075564,60.397374,7.312363,1.027636,60.402342,7.222383,1.037021,60.397038,8.356912,1.035639,60.401554,-6.789573,1.006708,1.006741,1.006705,1.006641,1.006616,1.006705,1.006489,1.006836,-38.692674,0.000000,5.474791,13.356005,6.572061,20.622826,22.704649,-30.371241,0.000000,447.800150,209.391350,467.503357,6.717002,286.592096,294.652499,141.504847,562.436988,245.394482,221.661074,276.382253,200.614467,124.488442,251.663684,184.493662,253.902685,8.239523,988.742731,0.000000,164.790455,75.230425,157.625653,78.812826,137.026846,28.927890,26.868009,92.246831,102.994034,75.767785,-82.574348,42.272334,15.225205,67.617823,24.718568,24.091648,4.119761,223.900075
5.280000,1.055215,60.403519,-3.773678,1.066246,60.405120,1.111789,0.000000,60.000000,0.000000,1.007209,60.401178,-8.648561,1.014522,60.401227,-7.517275,1.017544,60.401209,-6.929153,1.008183,60.401308,-8.715744,1.007241,60.401353,-9.085177,1.036245,60.402022,-7.751082,1.027022,60.401076,-4.746191,1.022768,60.401121,-5.487570,1.012398,60.401100,-5.445055,1.024127,60.401079,-5.310263,1.020701,60.401085,-6.619291,1.031819,60.400938,-6.068559,1.049505,60.400822,-4.465717,1.052918,60.401284,-4.823449,1.052240,60.401309,-5.425023,1.062055,60.400210,-0.386968,1.000807,60.400091,-1.403965,1.050546,60.400517,-2.515234,1.066258,60.400128,1.204550,1.062063,60.399987,0.941230,1.054898,60.400732,-4.414288,1.064316,60.404602,1.537008,1.067520,60.402730,-1.872627,1.055656,60.402123,-4.226660,1.067577,60.402275,0.481216,1.066299,60.401998,2.658429,1.041421,60.406696,2.908986,0.991003,60.401043,-0.142534,0.990568,60.400844,2.117786,1.004314,60.399859,4.008287,1.015446,60.399732,2.991609,1.060402,60.399940,5.532149,1.075744,60.398891,7.286937,1.027756,60.404834,7.237150,1.037448,60.401266,8.341281,1.035678,60.402468,-6.787610,1.006721,1.006718,1.006695,1.006664,1.006641,1.006756,1.006597,1.006875,-38.699131,0.000000,5.461882,13.322540,6.528303,20.623395,22.624200,-30.316661,0.000000,447.800150,209.391350,467.503357,6.717002,286.592096,294.652499,141.504847,562.436988,245.394482,221.661074,276.382253,200.614467,124.488442,251.663684,184.493662,253.902685,8.239523,988.742731,0.000000,164.790455,75.230425,157.625653,78.812826,137.026846,28.927890,26.868009,92.246831,102.994034,75.767785,-82.574348,42.272334,15.225205,67.617823,24.718568,24.091648,4.119761,223.900075
5.300000,1.055259,60.404847,-3.766553,1.066360,60.407142,1.133584,0.000000,60.000000,0.000000,1.007248,60.401776,-8.661596,1.014548,60.401728,-7.530394,1.017568,60.401685,-6.942515,1.008209,60.401815,-8.728251,1.007268,60.401878,-9.097278,1.036275,60.402781,-7.757315,1.027053,60.401579,-4.760390,1.022798,60.401616,-5.501479,1.012432,60.401629,-5.458962,1.024164,60.401641,-5.324174,1.020752,60.401794,-6.632497,1.031919,60.402145,-6.080575,1.049625,60.402255,-4.477549,1.053046,60.402920,-4.831035,1.052369,60.402937,-5.432466,1.062161,60.401672,-0.403080,1.000916,60.401543,-1.420983,1.050677,60.401966,-2.529190,1.066395,60.401615,1.187961,1.062202,60.401464,0.923582,1.055022,60.402163,-4.426780,1.064413,60.406809,1.555909,1.067678,60.405159,-1.866218,1.055796,60.404170,-4.226345,1.067822,60.405493,0.487904,1.066570,60.405512,2.664453,1.041535,60.408754,2.942305,0.990967,60.401095,-0.159005,0.990576,60.401072,2.100675,1.004389,60.401351,3.989779,1.015561,60.401218,2.972157,1.060535,60.401480,5.514444,1.075878,60.400414,7.261599,1.027845,60.407261,7.258716,1.037759,60.405458,8.345092,1.035711,60.403384,-6.789920,1.006735,1.006695,1.006685,1.006687,1.006666,1.006806,1.006706,1.006912,-38.689836,0.000000,5.454723,13.309165,6.505392,20.655732,22.600494,-30.235594,0.000000,447.800150,209.391350,467.503357,6.717002,286.592096,294.652499,141.504847,562.436988,245.394482,221.661074,276.382253,200.614467,124.488442,251.663684,184.493662,253.902685,8.239523,988.742731,0.000000,164.790455,75.230425,157.625653,78.812826,137.026846,28.927890,26.868009,92.246831,102.994034,75.767785,-82.574348,42.272334,15.225205,67.617823,24.718568,24.091648,4.119761,223.900075
5.320000,1.055278,60.406150,-3.760672,1.066433,60.409095,1.158938,0.000000,60.000000,0.000000,1.007272,60.402389,-8.680956,1.014564,60.402247,-7.550524,1.017582,60.402179,-6.963067,1.008224,60.402340,-8.747728,1.007284,60.402419,-9.116226,1.036296,60.403547,-7.768746,1.027073,60.402099,-4.781590,1.022815,60.402130,-5.522439,1.012452,60.402175,-5.479684,1.024188,60.402220,-5.344663,1.020783,60.402516,-6.651237,1.031980,60.403351,-6.094599,1.049699,60.403683,-4.489778,1.053120,60.404542,-4.837598,1.052443,60.404550,-5.438946,1.062231,60.403138,-0.419338,1.000993,60.403000,-1.438214,1.050762,60.403412,-2.543421,1.066484,60.403100,1.171376,1.062293,60.402941,0.905875,1.055100,60.403589,-4.439684,1.064472,60.408948,1.579704,1.067760,60.407538,-1.853231,1.055869,60.406182,-4.222137,1.067959,60.408647,0.506796,1.066725,60.408957,2.684794,1.041624,60.410723,2.979354,0.990930,60.401177,-0.185670,0.990582,60.401328,2.074629,1.004434,60.402852,3.971361,1.015648,60.402712,2.952750,1.060622,60.403018,5.497129,1.075966,60.401940,7.236552,1.027904,60.409610,7.286719,1.037953,60.409573,8.368068,1.035736,60.404301,-6.796326,1.006748,1.006673,1.006676,1.006711,1.006692,1.006854,1.006813,1.006946,-38.664927,0.000000,5.453290,13.315890,6.503281,20.719019,22.633092,-30.129455,0.000000,447.800150,209.391350,467.503357,6.717002,286.592096,294.652499,141.504847,562.436988,245.394482,221.661074,276.382253,200.614467,124.488442,251.663684,184.493662,253.902685,8.239523,988.742731,0.000000,164.790455,75.230425,157.625653,78.812826,137.026846,28.927890,26.868009,92.246831,102.994034,75.767785,-82.574348,42.272334,15.225205,67.617823,24.718568,24.091648,4.119761,223.900075
5.340000,1.055270,60.407424,-3.756052,1.066463,60.410969,1.187491,0.000000,60.000000,0.000000,1.007279,60.403025,-8.706320,1.014568,60.402792,-7.577320,1.017584,60.402702,-6.990455,1.008228,60.402890,-8.773835,1.007289,60.402985,-9.141688,1.036308,60.404325,-7.785127,1.027080,60.402648,-4.809437,1.022821,60.402671,-5.550097,1.012460,60.402748,-5.506876,1.024197,60.402824,-5.371392,1.020794,60.403257,-6.675214,1.032002,60.404558,-6.110450,1.049728,60.405103,-4.502275,1.053140,60.406142,-4.843096,1.052464,60.406142,-5.444421,1.062264,60.404605,-0.435552,1.001038,60.404461,-1.455453,1.050799,60.404851,-2.557787,1.066526,60.404580,1.154947,1.062336,60.404413,0.888264,1.055132,60.405007,-4.452869,1.064493,60.411006,1.608027,1.067765,60.409848,-1.833931,1.055873,60.408148,-4.214159,1.067988,60.411708,0.537476,1.066765,60.412301,2.718988,1.041685,60.412595,3.019629,0.990890,60.401307,-0.222056,0.990586,60.401625,2.040086,1.004450,60.404358,3.953258,1.015708,60.404214,2.933622,1.060663,60.404552,5.480356,1.076008,60.403468,7.211986,1.027933,60.411864,7.320696,1.038030,60.413568,8.409639,1.035756,60.405220,-6.806636,1.006762,1.006652,1.006668,1.006736,1.006718,1.006900,1.006917,1.006977,-38.624819,0.000000,5.457470,13.342442,6.521635,20.811982,22.720728,-29.999965,0.000000,447.800150,209.391350,467.503357,6.717002,286.592096,294.652499,141.504847,562.436988,245.394482,221.661074,276.382253,200.614467,124.488442,251.663684,184.493662,253.902685,8.239523,988.742731,0.000000,164.790455,75.230425,157.625653,78.812826,137.026846,28.927890,26.868009,92.246831,102.994034,75.767785,-82.574348,42.272334,15.225205,67.617823,24.718568,24.091648,4.119761,223.900075
5.360000,1.055237,60.408668,-3.752726,1.066453,60.412758,1.218827,0.000000,60.000000,0.000000,1.007269,60.403691,-8.737302,1.014559,60.403374,-7.610363,1.017575,60.403261,-7.024250,1.008221,60.403474,-8.806161,1.007282,60.403584,-9.173263,1.036312,60.405118,-7.806170,1.027075,60.403234,-4.843502,1.022815,60.403250,-5.584023,1.012454,60.403356,-5.540120,1.024191,60.403462,-5.403953,1.020784,60.404023,-6.704073,1.031983,60.405765,-6.127944,1.049711,60.406513,-4.514924,1.053107,60.407715,-4.847519,1.052430,60.407707,-5.448881,1.062260,60.406071,-0.451537,1.001050,60.405923,-1.472498,1.050789,60.406280,-2.572164,1.066521,60.406052,1.138808,1.062333,60.405878,0.870893,1.055117,60.406416,-4.466213,1.064476,60.412974,1.640438,1.067695,60.412076,-1.808687,1.055810,60.410057,-4.202607,1.067908,60.414649,0.579343,1.066692,60.415514,2.766356,1.041721,60.414362,3.062584,0.990848,60.401500,-0.267561,0.990586,60.401977,1.997595,1.004437,60.405869,3.935691,1.015738,60.405721,2.914999,1.060657,60.406078,5.464260,1.076004,60.404993,7.188079,1.027931,60.414010,7.360096,1.037990,60.417406,8.468958,1.035768,60.406143,-6.820642,1.006776,1.006633,1.006661,1.006761,1.006744,1.006944,1.007018,1.007005,-38.570193,0.000000,5.467068,13.388270,6.559835,20.932916,22.861335,-29.849130,0.000000,447.800150,209.391350,467.503357,6.717002,286.592096,294.652499,141.504847,562.436988,245.394482,221.661074,276.382253,200.614467,124.488442,251.663684,184.493662,253.902685,8.239523,988.742731,0.000000,164.790455,75.230425,157.625653,78.812826,137.026846,28.927890,26.868009,92.246831,102.994034,75.767785,-82.574348,42.272334,15.225205,67.617823,24.718568,24.091648,4.119761,223.900075
5.380000,1.055181,60.409878,-3.750732,1.066402,60.414453,1.252487,0.000000,60.000000,0.000000,1.007242,60.404395,-8.773460,1.014539,60.403998,-7.649167,1.017554,60.403866,-7.063951,1.008202,60.404101,-8.844230,1.007264,60.404223,-9.210486,1.036307,60.405929,-7.831559,1.027057,60.403865,-4.883283,1.022796,60.403874,-5.623719,1.012433,60.404008,-5.578929,1.024169,60.404141,-5.441873,1.020752,60.404821,-6.737410,1.031925,60.406972,-6.146884,1.049648,60.407909,-4.527619,1.053021,60.409258,-4.850886,1.052343,60.409241,-5.452345,1.062219,60.407533,-0.467119,1.001030,60.407384,-1.489156,1.050732,60.407698,-2.586437,1.066468,60.407512,1.123082,1.062281,60.407333,0.853890,1.055058,60.407812,-4.479608,1.064423,60.414841,1.676434,1.067552,60.414207,-1.777970,1.055680,60.411899,-4.187743,1.067723,60.417447,0.631619,1.066507,60.418567,2.826016,1.041731,60.416021,3.107641,0.990803,60.401770,-0.321472,0.990582,60.402398,1.947804,1.004394,60.407380,3.918871,1.015741,60.407230,2.897104,1.060606,60.407592,5.448963,1.075954,60.406513,7.164995,1.027900,60.416038,7.404288,1.037836,60.421049,8.544915,1.035775,60.407069,-6.838124,1.006790,1.006617,1.006657,1.006786,1.006770,1.006985,1.007114,1.007030,-38.501983,0.000000,5.481812,13.452558,6.616995,21.079717,23.052087,-29.679207,0.000000,447.800150,209.391350,467.503357,6.717002,286.592096,294.652499,141.504847,562.436988,245.394482,221.661074,276.382253,200.614467,124.488442,251.663684,184.493662,253.902685,8.239523,988.742731,0.000000,164.790455,75.230425,157.625653,78.812826,137.026846,28.927890,26.868009,92.246831,102.994034,75.767785,-82.574348,42.272334,15.225205,67.617823,24.718568,24.091648,4.119761,223.900075
5.400000,1.055101,60.411053,-3.750118,1.066312,60.416048,1.287969,0.000000,60.000000,0.000000,1.007198,60.405142,-8.814296,1.014505,60.404674,-7.693184,1.017521,60.404525,-7.108995,1.008170,60.404777,-8.887506,1.007233,60.404909,-9.252835,1.036293,60.406763,-7.860943,1.027025,60.404550,-4.928217,1.022763,60.404552,-5.668620,1.012397,60.404710,-5.622757,1.024132,60.404870,-5.484622,1.020699,60.405656,-6.774776,1.031828,60.408178,-6.167072,1.049540,60.409289,-4.540267,1.052883,60.410764,-4.853245,1.052204,60.410739,-5.454860,1.062142,60.408989,-0.482138,1.000976,60.408841,-1.505244,1.050628,60.409101,-2.600504,1.066368,60.408959,1.107878,1.062183,60.408775,0.837371,1.054952,60.409192,-4.492957,1.064334,60.416600,1.715453,1.067337,60.416227,-1.742339,1.055486,60.413666,-4.169887,1.067437,60.420079,0.693368,1.066215,60.421436,2.896905,1.041716,60.417566,3.154194,0.990755,60.402132,-0.382967,0.990573,60.402897,1.891454,1.004321,60.408891,3.902994,1.015714,60.408740,2.880142,1.060508,60.409092,5.434569,1.075858,60.408023,7.142877,1.027840,60.417937,7.452571,1.037572,60.424464,8.636160,1.035775,60.408001,-6.858850,1.006804,1.006604,1.006654,1.006812,1.006797,1.007023,1.007204,1.007053,-38.421357,0.000000,5.501357,13.534230,6.691971,21.249917,23.289445,-29.492678,0.000000,447.800150,209.391350,467.503357,6.717002,286.592096,294.652499,141.504847,562.436988,245.394482,221.661074,276.382253,200.614467,124.488442,251.663684,184.493662,253.902685,8.239523,988.742731,0.000000,164.790455,75.230425,157.625653,78.812826,137.026846,28.927890,26.868009,92.246831,102.994034,75.767785,-82.574348,42.272334,15.225205,67.617823,24.718568,24.091648,4.119761,223.900075
5.420000,1.055000,60.412192,-3.750937,1.066186,60.417539,1.324741,0.000000,60.000000,0.000000,1.007135,60.405938,-8.859265,1.014457,60.405407,-7.741812,1.017474,60.405243,-7.158761,1.008125,60.405508,-8.935402,1.007189,60.405649,-9.299736,1.036269,60.407621,-7.893948,1.026978,60.405295,-4.977683,1.022716,60.405289,-5.718108,1.012345,60.405470,-5.671002,1.024078,60.405652,-5.531616,1.020624,60.406532,-6.815679,1.031692,60.409385,-6.188302,1.049388,60.410652,-4.552785,1.052694,60.412230,-4.854669,1.052014,60.412197,-5.456496,1.062028,60.410436,-0.496444,1.000890,60.410293,-1.520593,1.050479,60.410487,-2.614276,1.066222,60.410390,1.093287,1.062040,60.410201,0.821435,1.054803,60.410555,-4.506172,1.064211,60.418243,1.756886,1.067054,60.418127,-1.702428,1.055229,60.415349,-4.149413,1.067053,60.422526,0.763514,1.065819,60.424096,2.977793,1.041678,60.418995,3.201621,0.990702,60.402596,-0.451134,0.990557,60.403486,1.829365,1.004220,60.410396,3.888238,1.015659,60.410247,2.864309,1.060366,60.410573,5.421163,1.075719,60.409522,7.121852,1.027752,60.419699,7.504183,1.037200,60.427622,8.741123,1.035770,60.408937,-6.882577,1.006818,1.006594,1.006654,1.006838,1.006824,1.007057,1.007287,1.007072,-38.329698,0.000000,5.525289,13.631974,6.783384,21.440723,23.569225,-29.292213,0.000000,447.800150,209.391350,467.503357,6.717002,286.592096,294.652499,141.504847,562.436988,245.394482,221.661074,276.382253,200.614467,124.488442,251.663684,184.493662,253.902685,8.239523,988.742731,0.000000,164.790455,75.230425,157.625653,78.812826,137.026846,28.927890,26.868009,92.246831,102.994034,75.767785,-82.574348,42.272334,15.225205,67.617823,24.718568,24.091648,4.119761,223.900075
5.440000,1.054880,60.413293,-3.753242,1.066026,60.418923,1.362248,0.000000,60.000000,0.000000,1.007053,60.406788,-8.907782,1.014394,60.406203,-7.794402,1.017413,60.406028,-7.212580,1.008066,60.406300,-8.987281,1.007131,60.406447,-9.350572,1.036237,60.408506,-7.930175,1.026915,60.406106,-5.031012,1.022653,60.406092,-5.771515,1.012277,60.406292,-5.723017,1.024006,60.406494,-5.582228,1.020527,60.407452,-6.859596,1.031518,60.410591,-6.210366,1.049193,60.411994,-4.565102,1.052456,60.413652,-4.855250,1.051776,60.413612,-5.457345,1.061878,60.411870,-0.509907,1.000773,60.411735,-1.535049,1.050285,60.411853,-2.627676,1.066032,60.411800,1.079389,1.061851,60.411609,0.806169,1.054610,60.411899,-4.519179,1.064057,60.419765,1.800089,1.066707,60.419896,-1.658939,1.054915,60.416943,-4.126738,1.066577,60.424771,0.840860,1.065327,60.426530,3.067309,1.041618,60.420306,3.249288,0.990644,60.403171,-0.524982,0.990535,60.404171,1.762427,1.004091,60.411892,3.874764,1.015576,60.411747,2.849780,1.060181,60.412034,5.408813,1.075537,60.411004,7.102029,1.027638,60.421318,7.558319,1.036729,60.430498,8.858047,1.035759,60.409880,-6.909053,1.006833,1.006589,1.006657,1.006864,1.006851,1.007089,1.007363,1.007089,-38.228573,0.000000,5.553138,13.744255,6.889642,21.649070,23.886665,-29.080637,0.000000,447.800150,209.391350,467.503357,6.717002,286.592096,294.652499,141.504847,562.436988,245.394482,221.661074,276.382253,200.614467,124.488442,251.663684,184.493662,253.902685,8.239523,988.742731,0.000000,164.790455,75.230425,157.625653,78.812826,137.026846,28.927890,26.868009,92.246831,102.994034,75.767785,-82.574348,42.272334,15.225205,67.617823,24.718568,24.091648,4.119761,223.900075
5.460000,1.054742,60.414357,-3.757087,1.065834,60.420197,1.399922,0.000000,60.000000,0.000000,1.006952,60.407695,-8.959225,1.014316,60.407066,-7.850264,1.017338,60.406882,-7.269741,1.007993,60.407157,-9.042471,1.007059,60.407307,-9.404686,1.036195,60.409419,-7.969205,1.026837,60.406986,-5.087496,1.022576,60.406964,-5.828133,1.012191,60.407181,-5.778116,1.023917,60.407400,-5.635794,1.020407,60.408421,-6.905972,1.031308,60.411796,-6.233052,1.048958,60.413315,-4.577154,1.052173,60.415028,-4.855100,1.051491,60.414981,-5.457514,1.061695,60.413290,-0.522410,1.000624,60.413166,-1.548474,1.050050,60.413197,-2.640639,1.065799,60.413189,1.066246,1.061621,60.412996,0.791644,1.054376,60.413221,-4.531911,1.063872,60.421162,1.844391,1.066299,60.421529,-1.612625,1.054545,60.418442,-4.102313,1.066017,60.426802,0.924108,1.064744,60.428723,3.163968,1.041537,60.421499,3.296562,0.990579,60.403866,-0.603456,0.990505,60.404960,1.691584,1.003934,60.413376,3.862708,1.015466,60.413239,2.836712,1.059954,60.413470,5.397565,1.075313,60.412468,7.083493,1.027499,60.422788,7.614141,1.036164,60.433070,8.985017,1.035743,60.410829,-6.938019,1.006847,1.006588,1.006664,1.006891,1.006878,1.007117,1.007431,1.007104,-38.119712,0.000000,5.584382,13.869342,7.008959,21.871661,24.236508,-28.860892,0.000000,447.800150,209.391350,467.503357,6.717002,286.592096,294.652499,141.504847,562.436988,245.394482,221.661074,276.382253,200.614467,124.488442,251.663684,184.493662,253.902685,8.239523,988.742731,0.000000,164.790455,75.230425,157.625653,78.812826,137.026846,28.927890,26.868009,92.246831,102.994034,75.767785,-82.574348,42.272334,15.225205,67.617823,24.718568,24.091648,4.119761,223.900075
5.480000,1.054588,60.415384,-3.762519,1.065614,60.421361,1.437191,0.000000,60.000000,0.000000,1.006832,60.408663,-9.012946,1.014223,60.407999,-7.908680,1.017247,60.407810,-7.329503,1.007905,60.408082,-9.100267,1.006972,60.408233,-9.461396,1.036145,60.410364,-8.010601,1.026742,60.407940,-5.146394,1.022482,60.407910,-5.887223,1.012088,60.408140,-5.835584,1.023810,60.408373,-5.691621,1.020266,60.409440,-6.954229,1.031064,60.413001,-6.256146,1.048684,60.414612,-4.588887,1.051847,60.416356,-4.854343,1.051163,60.416302,-5.457124,1.061479,60.414691,-0.533856,1.000447,60.414582,-1.560748,1.049774,60.414518,-2.653108,1.065526,60.414552,1.053907,1.061350,60.414359,0.777916,1.054104,60.414520,-4.544309,1.063660,60.422434,1.889104,1.065838,60.423020,-1.564275,1.054126,60.419844,-4.076613,1.065380,60.428608,1.011892,1.064080,60.430662,3.266193,1.041438,60.422575,3.342816,0.990508,60.404686,-0.685452,0.990465,60.405857,1.617823,1.003752,60.414844,3.852183,1.015330,60.414716,2.825241,1.059688,60.414878,5.387452,1.075051,60.413909,7.066312,1.027338,60.424108,7.670790,1.035515,60.435322,9.119992,1.035722,60.411784,-6.969205,1.006862,1.006591,1.006673,1.006917,1.006905,1.007141,1.007489,1.007116,-38.004974,0.000000,5.618457,14.005333,7.139391,22.105028,24.613089,-28.636000,0.000000,447.800150,209.391350,467.503357,6.717002,286.592096,294.652499,141.504847,562.436988,245.394482,221.661074,276.382253,200.614467,124.488442,251.663684,184.493662,253.902685,8.239523,988.742731,0.000000,164.790455,75.230425,157.625653,78.812826,137.026846,28.927890,26.868009,92.246831,102.994034,75.767785,-82.574348,42.272334,15.225205,67.617823,24.718568,24.091648,4.119761,223.900075
5.500000,1.054422,60.416375,-3.769582,1.065370,60.422415,1.473488,0.000000,60.000000,0.000000,1.006694,60.409694,-9.068277,1.014114,60.409005,-7.968906,1.017142,60.408815,-7.391099,1.007802,60.409078,-9.159943,1.006870,60.409227,-9.519992,1.036086,60.411339,-8.053917,1.026631,60.408969,-5.206944,1.022372,60.408932,-5.948023,1.011968,60.409171,-5.894681,1.023686,60.409414,-5.748996,1.020104,60.410511,-7.003775,1.030788,60.414204,-6.279434,1.048374,60.415883,-4.600253,1.051482,60.417633,-4.853110,1.050796,60.417574,-5.456303,1.061233,60.416072,-0.544162,1.000242,60.415979,-1.571767,1.049462,60.415814,-2.665037,1.065215,60.415889,1.042409,1.061042,60.415697,0.765032,1.053796,60.415795,-4.556322,1.063425,60.423578,1.933540,1.065329,60.424366,-1.514699,1.053662,60.421146,-4.050127,1.064675,60.430185,1.102790,1.063344,60.432339,3.372347,1.041323,60.423536,3.387438,0.990428,60.405633,-0.769832,0.990415,60.406865,1.542162,1.003546,60.416291,3.843277,1.015169,60.416177,2.815477,1.059385,60.416256,5.378486,1.074754,60.415324,7.050533,1.027156,60.425276,7.727403,1.034790,60.437244,9.260840,1.035697,60.412747,-7.002338,1.006877,1.006600,1.006686,1.006944,1.006931,1.007162,1.007539,1.007125,-37.886315,0.000000,5.654768,14.150179,7.278855,22.345580,25.010424,-28.409025,0.000000,447.800150,209.391350,467.503357,6.717002,286.592096,294.652499,141.504847,562.436988,245.394482,221.661074,276.382253,200.614467,124.488442,251.663684,184.493662,253.902685,8.239523,988.742731,0.000000,164.790455,75.230425,157.625653,78.812826,137.026846,28.927890,26.868009,92.246831,102.994034,75.767785,-82.574348,42.272334,15.225205,67.617823,24.718568,24.091648,4.119761,223.900075
5.520000,1.054244,60.417330,-3.778306,1.065105,60.423362,1.508261,0.000000,60.000000,0.000000,1.006537,60.410788,-9.124534,1.013989,60.410086,-8.030186,1.017021,60.409896,-7.453750,1.007684,60.410145,-9.220758,1.006754,60.410290,-9.579753,1.036018,60.412347,-8.098693,1.026504,60.410075,-5.268371,1.022246,60.410029,-6.009757,1.011831,60.410275,-5.954659,1.023543,60.410525,-5.807193,1.019921,60.411635,-7.054005,1.030483,60.415405,-6.302700,1.048033,60.417129,-4.611209,1.051083,60.418860,-4.851539,1.050395,60.418796,-5.455183,1.060959,60.417428,-0.553268,1.000012,60.417356,-1.581448,1.049116,60.417084,-2.676385,1.064871,60.417197,1.031777,1.060701,60.417007,0.753024,1.053456,60.417044,-4.567903,1.063169,60.424596,1.977016,1.064779,60.425567,-1.464717,1.053159,60.422348,-4.023349,1.063912,60.431528,1.195359,1.062547,60.433752,3.480758,1.041194,60.424385,3.429840,0.990341,60.406709,-0.855443,0.990355,60.407985,1.465630,1.003317,60.417714,3.836051,1.014985,60.417617,2.807508,1.059050,60.417601,5.370662,1.074425,60.416710,7.036184,1.026957,60.426295,7.783122,1.034001,60.438828,9.405376,1.035669,60.413717,-7.037137,1.006893,1.006613,1.006702,1.006970,1.006958,1.007179,1.007579,1.007133,-37.765755,0.000000,5.692693,14.301721,7.425167,22.589660,25.422307,-28.183034,0.000000,447.800150,209.391350,467.503357,6.717002,286.592096,294.652499,141.504847,562.436988,245.394482,221.661074,276.382253,200.614467,124.488442,251.663684,184.493662,253.902685,8.239523,988.742731,0.000000,164.790455,75.230425,157.625653,78.812826,137.026846,28.927890,26.868009,92.246831,102.994034,75.767785,-82.574348,42.272334,15.225205,67.617823,24.718568,24.091648,4.119761,223.900075
5.540000,1.054059,60.418251,-3.788708,1.064823,60.424205,1.540980,0.000000,60.000000,0.000000,1.006363,60.411945,-9.181031,1.013850,60.411239,-8.091758,1.016885,60.411054,-7.516672,1.007552,60.411284,-9.281964,1.006624,60.411421,-9.639952,1.035943,60.413388,-8.144467,1.026361,60.411256,-5.329897,1.022105,60.411203,-6.071647,1.011678,60.411452,-6.014763,1.023385,60.411704,-5.865484,1.019719,60.412810,-7.104312,1.030152,60.416604,-6.325728,1.047664,60.418348,-4.621716,1.050654,60.420036,-4.849765,1.049964,60.419967,-5.453894,1.060661,60.418758,-0.561127,0.999760,60.418708,-1.589727,1.048742,60.418325,-2.687122,1.064498,60.418474,1.022022,1.060330,60.418287,0.741913,1.053088,60.418266,-4.579011,1.062896,60.425492,2.018868,1.064196,60.426624,-1.415139,1.052625,60.423450,-3.996767,1.063103,60.432640,1.288156,1.061700,60.434900,3.589749,1.041053,60.425126,3.469467,0.990244,60.407914,-0.941126,0.990284,60.409216,1.389261,1.003069,60.419107,3.830539,1.014780,60.419032,2.801395,1.058686,60.418910,5.363960,1.074068,60.418065,7.023273,1.026743,60.427167,7.837111,1.033160,60.440073,9.551391,1.035636,60.414695,-7.073314,1.006908,1.006632,1.006722,1.006996,1.006984,1.007193,1.007609,1.007138,-37.645347,0.000000,5.731601,14.457714,7.576072,22.833600,25.842406,-27.961059,0.000000,447.800150,209.391350,467.503357,6.717002,286.592096,294.652499,141.504847,562.436988,245.394482,221.661074,276.382253,200.614467,124.488442,251.663684,184.493662,253.902685,8.239523,988.742731,0.000000,164.790455,75.230425,157.625653,78.812826,137.026846,28.927890,26.868009,92.246831,102.994034,75.767785,-82.574348,42.272334,15.225205,67.617823,24.718568,24.091648,4.119761,223.900075
5.560000,1.053868,60.419140,-3.800791,1.064529,60.424948,1.571147,0.000000,60.000000,0.000000,1.006173,60.413164,-9.237083,1.013696,60.412465,-8.152867,1.016736,60.412287,-7.579085,1.007406,60.412494,-9.342819,1.006480,60.412621,-9.699864,1.035861,60.414460,-8.190774,1.026204,60.412512,-5.390750,1.021949,60.412450,-6.132920,1.011509,60.412699,-6.074245,1.023211,60.412951,-5.923145,1.019501,60.414037,-7.154093,1.029800,60.417799,-6.348307,1.047272,60.419539,-4.631738,1.050202,60.421161,-4.847922,1.049509,60.421088,-5.452564,1.060342,60.420057,-0.567711,0.999488,60.420032,-1.596560,1.048343,60.419537,-2.697217,1.064100,60.419719,1.013150,1.059935,60.419536,0.731713,1.052696,60.419461,-4.589606,1.062610,60.426268,2.058462,1.063588,60.427539,-1.366757,1.052067,60.424455,-3.970854,1.062259,60.433523,1.379757,1.060816,60.435788,3.697663,1.040905,60.425765,3.505798,0.990138,60.409243,-1.025739,0.990201,60.410554,1.314073,1.002803,60.420468,3.826747,1.014557,60.420418,2.797172,1.058298,60.420181,5.358346,1.073687,60.419384,7.011791,1.026518,60.427896,7.888567,1.032278,60.440983,9.696692,1.035602,60.415682,-7.110580,1.006924,1.006655,1.006746,1.007022,1.007010,1.007204,1.007629,1.007142,-37.527139,0.000000,5.770853,14.615867,7.729273,23.073776,26.264357,-27.746061,0.000000,447.800150,209.391350,467.503357,6.717002,286.592096,294.652499,141.504847,562.436988,245.394482,221.661074,276.382253,200.614467,124.488442,251.663684,184.493662,253.902685,8.239523,988.742731,0.000000,164.790455,75.230425,157.625653,78.812826,137.026846,28.927890,26.868009,92.246831,102.994034,75.767785,-82.574348,42.272334,15.225205,67.617823,24.718568,24.091648,4.119761,223.900075
5.580000,1.053675,60.419999,-3.814538,1.064228,60.425596,1.598303,0.000000,60.000000,0.000000,1.005969,60.414443,-9.292017,1.013530,60.413760,-8.212767,1.016573,60.413591,-7.640224,1.007247,60.413771,-9.402590,1.006324,60.413885,-9.758775,1.035773,60.415563,-8.237151,1.026032,60.413838,-5.450173,1.021780,60.413769,-6.192818,1.011326,60.414013,-6.132372,1.023022,60.414262,-5.979468,1.019267,60.415311,-7.202756,1.029430,60.418990,-6.370225,1.046862,60.420702,-4.641241,1.049732,60.422235,-4.846136,1.049037,60.422160,-5.451311,1.060007,60.421325,-0.573010,0.999200,60.421327,-1.601920,1.047925,60.420719,-2.706650,1.063683,60.420929,1.005154,1.059521,60.420752,0.722426,1.052286,60.420628,-4.599653,1.062316,60.426930,2.095199,1.062964,60.428319,-1.320327,1.051493,60.425366,-3.946063,1.061393,60.434185,1.468788,1.059908,60.436421,3.802891,1.040751,60.426307,3.538359,0.990023,60.410692,-1.108168,0.990107,60.411996,1.241059,1.002524,60.421792,3.824659,1.014319,60.421770,2.794849,1.057891,60.421411,5.353773,1.073288,60.420666,7.001712,1.026285,60.428490,7.936731,1.031368,60.441565,9.839132,1.035565,60.416676,-7.148639,1.006940,1.006683,1.006772,1.007047,1.007036,1.007211,1.007639,1.007144,-37.413143,0.000000,5.809816,14.773872,7.882465,23.306658,26.681863,-27.540893,0.000000,447.800150,209.391350,467.503357,6.717002,286.592096,294.652499,141.504847,562.436988,245.394482,221.661074,276.382253,200.614467,124.488442,251.663684,184.493662,253.902685,8.239523,988.742731,0.000000,164.790455,75.230425,157.625653,78.812826,137.026846,28.927890,26.868009,92.246831,102.994035,75.767785,-82.574348,42.272334,15.225205,67.617823,24.718568,24.091648,4.119761,223.900075
5.600000,1.053482,60.420831,-3.829914,1.063925,60.426155,1.622034,0.000000,60.000000,0.000000,1.005753,60.415777,-9.345179,1.013351,60.415120,-8.270738,1.016399,60.414964,-7.699349,1.007078,60.415112,-9.460567,1.006158,60.415211,-9.815991,1.035680,60.416696,-8.283142,1.025848,60.415230,-5.507438,1.021598,60.415154,-6.250611,1.011130,60.415391,-6.188436,1.022821,60.415633,-6.033768,1.019021,60.416631,-7.249728,1.029048,60.420176,-6.391281,1.046439,60.421835,-4.650194,1.049251,60.423261,-4.844525,1.048553,60.423184,-5.450246,1.059658,60.422557,-0.577029,0.998899,60.422587,-1.605802,1.047494,60.421870,-2.715402,1.063252,60.422103,0.998021,1.059093,60.421933,0.714047,1.051864,60.421766,-4.609116,1.062019,60.427486,2.128530,1.062333,60.428968,-1.276562,1.050910,60.426186,-3.922815,1.060517,60.434635,1.553937,1.058989,60.436812,3.903893,1.040596,60.426759,3.566726,0.989900,60.412254,-1.187343,0.990002,60.413533,1.171171,1.002234,60.423074,3.824230,1.014068,60.423085,2.794408,1.057471,60.422600,5.350182,1.072877,60.421907,6.992992,1.026048,60.428955,7.980897,1.030446,60.441831,9.976645,1.035527,60.417678,-7.187193,1.006957,1.006716,1.006802,1.007071,1.007061,1.007215,1.007641,1.007145,-37.305302,0.000000,5.847871,14.929439,8.033370,23.528863,27.088784,-27.348265,0.000000,447.800150,209.391350,467.503357,6.717002,286.592096,294.652499,141.504847,562.436988,245.394482,221.661074,276.382253,200.614467,124.488442,251.663684,184.493662,253.902685,8.239523,988.742731,0.000000,164.790455,75.230425,157.625653,78.812826,137.026846,28.927890,26.868009,92.246831,102.994035,75.767785,-82.574348,42.272334,15.225205,67.617823,24.718568,24.091648,4.119761,223.900075
5.620000,1.053293,60.421638,-3.846861,1.063625,60.426633,1.641974,0.000000,60.000000,0.000000,1.005527,60.417164,-9.395943,1.013163,60.416540,-8.326091,1.016215,60.416400,-7.755752,1.006899,60.416511,-9.516068,1.005982,60.416595,-9.870847,1.035583,60.417856,-8.328299,1.025654,60.416683,-5.561848,1.021406,60.416600,-6.305598,1.010924,60.416827,-6.241760,1.022610,60.417059,-6.085393,1.018766,60.417991,-7.294459,1.028659,60.421354,-6.411280,1.046010,60.422939,-4.658567,1.048766,60.424238,-4.843194,1.048065,60.424161,-5.449467,1.059301,60.423752,-0.579790,0.998589,60.423811,-1.608217,1.047056,60.422989,-2.723458,1.062814,60.423240,0.991730,1.058658,60.423078,0.706564,1.051434,60.422875,-4.617965,1.061723,60.427941,2.157957,1.061705,60.429496,-1.236120,1.050328,60.426920,-3.901496,1.059645,60.434886,1.633978,1.058073,60.436973,3.999220,1.040441,60.427129,3.590527,0.989769,60.413919,-1.262250,0.989887,60.415159,1.105309,1.001936,60.424313,3.825393,1.013808,60.424359,2.795806,1.057043,60.423744,5.347503,1.072459,60.423107,6.985574,1.025811,60.429302,8.020429,1.029523,60.441798,10.107271,1.035489,60.418688,-7.225941,1.006973,1.006753,1.006835,1.007095,1.007085,1.007217,1.007633,1.007145,-37.205458,0.000000,5.884422,15.080328,8.179763,23.737200,27.479219,-27.170714,0.000000,447.800150,209.391350,467.503357,6.717002,286.592096,294.652499,141.504847,562.436988,245.394482,221.661074,276.382253,200.614467,124.488442,251.663684,184.493662,253.902685,8.239523,988.742731,0.000000,164.790455,75.230425,157.625653,78.812826,137.026846,28.927890,26.868009,92.246831,102.994035,75.767785,-82.574348,42.272334,15.225205,67.617823,24.718568,24.091648,4.119761,223.900075
5.640000,1.053111,60.422423,-3.865298,1.063331,60.427037,1.657816,0.000000,60.000000,0.000000,1.005294,60.418596,-9.443717,1.012967,60.418013,-8.378176,1.016023,60.417891,-7.808767,1.006712,60.417964,-9.568451,1.005798,60.418029,-9.922712,1.035483,60.419041,-8.372191,1.025451,60.418190,-5.612752,1.021206,60.418101,-6.357124,1.010709,60.418315,-6.291711,1.022391,60.418534,-6.133729,1.018504,60.419387,-7.336434,1.028267,60.422523,-6.430037,1.045579,60.424012,-4.666333,1.048283,60.425169,-4.842238,1.047580,60.425093,-5.449060,1.058940,60.424907,-0.581329,0.998275,60.424996,-1.609197,1.046616,60.424074,-2.730808,1.062373,60.424339,0.986252,1.058221,60.424185,0.699954,1.051004,60.423953,-4.626170,1.061433,60.428305,2.183045,1.061089,60.429910,-1.199597,1.049755,60.427575,-3.882454,1.058789,60.434953,1.707784,1.057174,60.436921,4.087535,1.040291,60.427424,3.609450,0.989630,60.415677,-1.331945,0.989762,60.416864,1.044311,1.001635,60.425504,3.828061,1.013543,60.425588,2.798974,1.056612,60.424843,5.345658,1.072040,60.424261,6.979389,1.025576,60.429540,8.054758,1.028615,60.441484,10.229182,1.035451,60.419707,-7.264581,1.006990,1.006794,1.006871,1.007118,1.007108,1.007216,1.007617,1.007143,-37.115322,0.000000,5.918900,15.224385,8.319506,23.928715,27.847597,-27.010572,0.000000,447.800150,209.391350,467.503357,6.717002,286.592096,294.652499,141.504847,562.436988,245.394482,221.661074,276.382253,200.614467,124.488442,251.663684,184.493662,253.902685,8.239523,988.742731,0.000000,164.790455,75.230425,157.625653,78.812826,137.026846,28.927890,26.868009,92.246831,102.994035,75.767785,-82.574348,42.272334,15.225205,67.617823,24.718568,24.091648,4.119761,223.900075
5.660000,1.052937,60.423189,-3.885124,1.063050,60.427375,1.669311,0.000000,60.000000,0.000000,1.005056,60.420067,-9.487956,1.012765,60.419533,-8.426392,1.015825,60.419430,-7.857777,1.006519,60.419463,-9.617117,1.005610,60.419508,-9.971001,1.035382,60.420249,-8.414401,1.025243,60.419743,-5.659549,1.021000,60.419648,-6.404587,1.010489,60.419846,-6.337704,1.022167,60.420050,-6.178213,1.018239,60.420812,-7.375177,1.027878,60.423681,-6.447382,1.045154,60.425054,-4.673469,1.047810,60.426055,-4.841737,1.047104,60.425981,-5.449099,1.058581,60.426019,-0.581698,0.997961,60.426138,-1.608792,1.046181,60.425126,-2.737448,1.061938,60.425398,0.981555,1.057789,60.425254,0.694193,1.050578,60.425000,-4.633707,1.061153,60.428587,2.203424,1.060495,60.430221,-1.167517,1.049200,60.428155,-3.865992,1.057963,60.434850,1.774342,1.056306,60.436674,4.167629,1.040147,60.427654,3.623247,0.989485,60.417516,-1.395566,0.989629,60.418635,0.988939,1.001335,60.426645,3.832123,1.013275,60.426768,2.803819,1.056187,60.425896,5.344563,1.071626,60.425369,6.974354,1.025349,60.429680,8.083401,1.027735,60.440914,10.340713,1.035414,60.420732,-7.302811,1.007007,1.006839,1.006909,1.007140,1.007130,1.007212,1.007593,1.007140,-37.036453,0.000000,5.950777,15.359568,8.450573,24.100727,28.188740,-26.869941,0.000000,447.800150,209.391350,467.503357,6.717002,286.592096,294.652499,141.504847,562.436988,245.394482,221.661074,276.382253,200.614467,124.488442,251.663684,184.493662,253.902685,8.239523,988.742731,0.000000,164.790455,75.230425,157.625653,78.812826,137.026846,28.927890,26.868009,92.246831,102.994035,75.767785,-82.574348,42.272334,15.225205,67.617823,24.718568,24.091648,4.119761,223.900075
5.680000,1.052776,60.423939,-3.906213,1.062786,60.427656,1.676270,0.000000,60.000000,0.000000,1.004816,60.421569,-9.528161,1.012560,60.421091,-8.470195,1.015623,60.421009,-7.902228,1.006323,60.420999,-9.661526,1.005417,60.421023,-10.015179,1.035280,60.421475,-8.454535,1.025030,60.421332,-5.701702,1.020789,60.421233,-6.447442,1.010264,60.421413,-6.379214,1.021939,60.421598,-6.218337,1.017973,60.422260,-7.410256,1.027498,60.424824,-6.463162,1.044740,60.426063,-4.679954,1.047353,60.426897,-4.841760,1.046645,60.426826,-5.449644,1.058228,60.427087,-0.580961,0.997651,60.427235,-1.607068,1.045757,60.426143,-2.743378,1.061513,60.426417,0.977597,1.057367,60.426283,0.689244,1.050163,60.426015,-4.640557,1.060889,60.428796,2.218797,1.059930,60.430439,-1.140329,1.048670,60.428668,-3.852364,1.057179,60.434596,1.832764,1.055481,60.436251,4.238436,1.040014,60.427827,3.631731,0.989334,60.419422,-1.452342,0.989488,60.420461,0.939868,1.001038,60.427732,3.837454,1.013010,60.427897,2.810226,1.055771,60.426900,5.344126,1.071223,60.426429,6.970377,1.025133,60.429735,8.105958,1.026895,60.440112,10.440374,1.035378,60.421765,-7.340328,1.007024,1.006886,1.006949,1.007161,1.007152,1.007207,1.007562,1.007137,-36.970224,0.000000,5.979567,15.483980,8.571080,24.250867,28.497941,-26.750664,0.000000,447.800150,209.391350,467.503357,6.717002,286.592096,294.652499,141.504847,562.436988,245.394482,221.661074,276.382253,200.614467,124.488442,251.663684,184.493662,253.902685,8.239523,988.742731,0.000000,164.790455,75.230425,157.625653,78.812826,137.026846,28.927890,26.868009,92.246831,102.994034,75.767785,-82.574348,42.272334,15.225205,67.617823,24.718568,24.091648,4.119761,223.900075
5.700000,1.052628,60.424676,-3.928416,1.062543,60.427887,1.678569,0.000000,60.000000,0.000000,1.004577,60.423095,-9.563894,1.012352,60.422677,-8.509102,1.015418,60.422618,-7.941625,1.006126,60.422564,-9.701192,1.005224,60.422566,-10.054771,1.035181,60.422716,-8.492225,1.024815,60.422949,-5.738735,1.020577,60.422846,-6.485209,1.010039,60.423005,-6.415776,1.021711,60.423170,-6.253653,1.017710,60.423723,-7.441292,1.027131,60.425949,-6.477242,1.044342,60.427039,-4.685775,1.046918,60.427698,-4.842362,1.046208,60.427630,-5.450743,1.057885,60.428109,-0.579195,0.997348,60.428285,-1.604108,1.045349,60.427124,-2.748603,1.061104,60.427394,0.974331,1.056962,60.427272,0.685067,1.049765,60.426996,-4.646703,1.060645,60.428943,2.228936,1.059405,60.430574,-1.118404,1.048173,60.429119,-3.841781,1.056448,60.434209,1.882297,1.054711,60.435674,4.299039,1.039894,60.427951,3.634781,0.989178,60.421381,-1.501602,0.989341,60.422329,0.897686,1.000748,60.428764,3.843912,1.012749,60.428971,2.818060,1.055371,60.427857,5.344252,1.070837,60.427440,6.967355,1.024931,60.429717,8.122122,1.026109,60.439106,10.526871,1.035345,60.422804,-7.376834,1.007042,1.006937,1.006991,1.007180,1.007172,1.007200,1.007524,1.007132,-36.917811,0.000000,6.004834,15.595894,8.679307,24.377103,28.771013,-26.654311,0.000000,447.800150,209.391350,467.503357,6.717002,286.592096,294.652499,141.504847,562.436988,245.394482,221.661074,276.382253,200.614467,124.488442,251.663684,184.493662,253.902685,8.239523,988.742731,0.000000,164.790455,75.230425,157.625653,78.812826,137.026846,28.927890,26.868009,92.246831,102.994034,75.767785,-82.574348,42.272334,15.225205,67.617823,24.718568,24.091648,4.119761,223.900075
5.720000,1.052498,60.425403,-3.951563,1.062325,60.428078,1.676147,0.000000,60.000000,0.000000,1.004341,60.424634,-9.594777,1.012146,60.424282,-8.542700,1.015215,60.424246,-7.975549,1.005928,60.424148,-9.735698,1.005031,60.424128,-10.089362,1.035083,60.423969,-8.527127,1.024601,60.424582,-5.770249,1.020366,60.424476,-6.517481,1.009815,60.424613,-6.446998,1.021485,60.424756,-6.283784,1.017453,60.425193,-7.467962,1.026782,60.427055,-6.489510,1.043967,60.427981,-4.690924,1.046513,60.428457,-4.843588,1.045800,60.428395,-5.452433,1.057557,60.429083,-0.576492,0.997057,60.429286,-1.600012,1.044964,60.428067,-2.753136,1.060718,60.428328,0.971708,1.056580,60.428218,0.681615,1.049389,60.427943,-4.652140,1.060425,60.429038,2.233691,1.058925,60.430639,-1.102030,1.047717,60.429515,-3.834402,1.055782,60.433710,1.922325,1.054008,60.434967,4.348687,1.039789,60.428036,3.632343,0.989019,60.423377,-1.542784,0.989188,60.424223,0.862877,1.000469,60.429739,3.851343,1.012497,60.429987,2.827165,1.054992,60.428765,5.344844,1.070473,60.428400,6.965179,1.024747,60.429639,8.131676,1.025388,60.437925,10.599121,1.035315,60.423850,-7.412031,1.007059,1.006990,1.007034,1.007199,1.007191,1.007192,1.007481,1.007128,-36.880167,0.000000,6.026195,15.693777,8.773720,24.477765,29.004345,-26.582154,0.000000,447.800150,209.391350,467.503357,6.717002,286.592096,294.652499,141.504847,562.436988,245.394482,221.661074,276.382253,200.614467,124.488442,251.663684,184.493662,253.902685,8.239523,988.742731,0.000000,164.790455,75.230425,157.625653,78.812826,137.026846,28.927890,26.868009,92.246831,102.994034,75.767785,-82.574348,42.272334,15.225205,67.617823,24.718568,24.091648,4.119761,223.900075
5.740000,1.052386,60.426122,-3.975465,1.062135,60.428238,1.669008,0.000000,60.000000,0.000000,1.004111,60.426178,-9.620502,1.011942,60.425895,-8.570649,1.015013,60.425883,-8.003654,1.005734,60.425742,-9.764701,1.004841,60.425699,-10.118611,1.034989,60.425228,-8.558930,1.024390,60.426221,-5.795920,1.020157,60.426113,-6.543930,1.009595,60.426226,-6.472563,1.021264,60.426346,-6.308425,1.017206,60.426661,-7.490005,1.026456,60.428136,-6.499878,1.043618,60.428887,-4.695401,1.046141,60.429178,-4.845470,1.045426,60.429121,-5.454741,1.057248,60.430007,-0.572950,0.996782,60.430235,-1.594892,1.044606,60.428972,-2.756996,1.060359,60.429220,0.969668,1.056224,60.429121,0.678832,1.049040,60.428855,-4.656867,1.060232,60.429092,2.232988,1.058499,60.430645,-1.091413,1.047308,60.429863,-3.830341,1.055190,60.433118,1.952381,1.053383,60.434152,4.386793,1.039703,60.428092,3.624428,0.988858,60.425394,-1.575442,0.989032,60.426130,0.835822,1.000205,60.430656,3.859584,1.012258,60.430943,2.837368,1.054639,60.429623,5.345800,1.070136,60.429308,6.963734,1.024585,60.429515,8.134501,1.024743,60.436601,10.656257,1.035289,60.424900,-7.445628,1.007077,1.007044,1.007078,1.007216,1.007209,1.007183,1.007434,1.007123,-36.858013,0.000000,6.043329,15.776309,8.852990,24.551563,29.194939,-26.535160,0.000000,447.800150,209.391350,467.503357,6.717002,286.592096,294.652499,141.504847,562.436988,245.394482,221.661074,276.382253,200.614467,124.488442,251.663684,184.493662,253.902685,8.239523,988.742731,0.000000,164.790455,75.230425,157.625653,78.812826,137.026846,28.927890,26.868009,92.246831,102.994034,75.767785,-82.574348,42.272334,15.225205,67.617823,24.718568,24.091648,4.119761,223.900075
5.760000,1.052294,60.426836,-3.999913,1.061977,60.428376,1.657215,0.000000,60.000000,0.000000,1.003890,60.427716,-9.640833,1.011743,60.427506,-8.592690,1.014815,60.427517,-8.025678,1.005544,60.427334,-9.787929,1.004655,60.427269,-10.142245,1.034900,60.426488,-8.587356,1.024184,60.427855,-5.815507,1.019952,60.427745,-6.564308,1.009380,60.427834,-6.492233,1.021049,60.427928,-6.327346,1.016970,60.428117,-7.507224,1.026157,60.429189,-6.508285,1.043301,60.429757,-4.699215,1.045808,60.429861,-4.848031,1.045092,60.429810,-5.457685,1.056962,60.430880,-0.568681,0.996526,60.431131,-1.588878,1.044281,60.429839,-2.760213,1.060032,60.430067,0.968150,1.055901,60.429981,0.676658,1.048723,60.429729,-4.660895,1.060070,60.429114,2.226827,1.058133,60.430602,-1.086676,1.046951,60.430170,-3.829660,1.054680,60.432454,1.972141,1.052843,60.433253,4.412944,1.039636,60.428126,3.611113,0.988695,60.427415,-1.599248,0.988873,60.428034,0.816792,0.999957,60.431514,3.868461,1.012033,60.431838,2.848482,1.054317,60.430433,5.347020,1.069831,60.430165,6.962899,1.024445,60.429357,8.130572,1.024182,60.435166,10.697644,1.035267,60.425955,-7.477339,1.007095,1.007099,1.007123,1.007232,1.007225,1.007173,1.007382,1.007118,-36.851824,0.000000,6.055975,15.842403,8.916007,24.597601,29.340443,-26.513975,0.000000,447.800150,209.391350,467.503357,6.717002,286.592096,294.652499,141.504847,562.436988,245.394482,221.661074,276.382253,200.614467,124.488442,251.663684,184.493662,253.902685,8.239523,988.742731,0.000000,164.790455,75.230425,157.625653,78.812826,137.026846,28.927890,26.868009,92.246831,102.994034,75.767785,-82.574348,42.272334,15.225205,67.617823,24.718568,24.091648,4.119761,223.900075
5.780000,1.052225,60.427547,-4.024681,1.061853,60.428499,1.640896,0.000000,60.000000,0.000000,1.003679,60.429237,-9.655609,1.011551,60.429102,-8.608643,1.014624,60.429137,-8.041440,1.005359,60.428914,-9.805192,1.004476,60.428828,-10.160071,1.034817,60.427746,-8.612162,1.023984,60.429471,-5.828854,1.019754,60.429360,-6.578449,1.009173,60.429424,-6.505849,1.020842,60.429492,-6.340400,1.016747,60.429553,-7.519489,1.025887,60.430210,-6.514698,1.043019,60.430589,-4.702384,1.045518,60.430508,-4.851288,1.044800,60.430464,-5.461274,1.056702,60.431702,-0.563805,0.996292,60.431972,-1.582108,1.043991,60.430665,-2.762821,1.059741,60.430870,0.967085,1.055613,60.430796,0.675027,1.048440,60.430566,-4.664244,1.059941,60.429117,2.215283,1.057831,60.430524,-1.087861,1.046651,60.430442,-3.832381,1.054259,60.431739,1.981431,1.052396,60.432295,4.426898,1.039592,60.428148,3.592538,0.988531,60.429423,-1.613996,0.988713,60.429919,0.805946,0.999729,60.432312,3.877799,1.011826,60.432670,2.860309,1.054029,60.431194,5.348404,1.069560,60.430970,6.962553,1.024332,60.429178,8.119958,1.023713,60.433652,10.722875,1.035249,60.427013,-7.506889,1.007113,1.007155,1.007167,1.007247,1.007240,1.007163,1.007328,1.007113,-36.861826,0.000000,6.063937,15.891219,8.961896,24.615378,29.439171,-26.518923,0.000000,447.800150,209.391350,467.503357,6.717002,286.592096,294.652499,141.504847,562.436988,245.394482,221.661074,276.382253,200.614467,124.488442,251.663684,184.493662,253.902685,8.239523,988.742731,0.000000,164.790455,75.230425,157.625653,78.812826,137.026846,28.927890,26.868009,92.246831,102.994034,75.767785,-82.574348,42.272334,15.225205,67.617823,24.718568,24.091648,4.119761,223.900075
5.800000,1.052178,60.428258,-4.049528,1.061765,60.428617,1.620234,0.000000,60.000000,0.000000,1.003480,60.430732,-9.664745,1.011366,60.430673,-8.618410,1.014439,60.430732,-8.050845,1.005182,60.430470,-9.816379,1.004304,60.430364,-10.171970,1.034740,60.428997,-8.633140,1.023792,60.431058,-5.835890,1.019564,60.430948,-6.586274,1.008975,60.430985,-6.513339,1.020646,60.431027,-6.347518,1.016541,60.430960,-7.526740,1.025651,60.431196,-6.519112,1.042775,60.431382,-4.704937,1.045275,60.431119,-4.855247,1.044555,60.431083,-5.465513,1.056470,60.432471,-0.558446,0.996082,60.432757,-1.574732,1.043739,60.431450,-2.764866,1.059488,60.431629,0.966403,1.055363,60.431567,0.673865,1.048196,60.431363,-4.666944,1.059848,60.429108,2.198503,1.057596,60.430421,-1.094928,1.046412,60.430685,-3.838477,1.053932,60.430993,1.980219,1.052048,60.431302,4.428583,1.039570,60.428167,3.568904,0.988368,60.431403,-1.619604,0.988552,60.431770,0.803329,0.999523,60.433051,3.887417,1.011639,60.433438,2.872639,1.053778,60.431908,5.349854,1.069327,60.431723,6.962570,1.024246,60.428992,8.102818,1.023342,60.432091,10.731774,1.035236,60.428073,-7.534010,1.007131,1.007210,1.007211,1.007260,1.007254,1.007153,1.007272,1.007108,-36.887986,0.000000,6.067088,15.922169,8.990023,24.604795,29.490118,-26.549997,0.000000,447.800150,209.391350,467.503357,6.717002,286.592096,294.652499,141.504847,562.436988,245.394482,221.661074,276.382253,200.614467,124.488442,251.663684,184.493662,253.902685,8.239523,988.742731,0.000000,164.790455,75.230425,157.625653,78.812826,137.026846,28.927890,26.868009,92.246831,102.994034,75.767785,-82.574348,42.272334,15.225205,67.617823,24.718568,24.091648,4.119761,223.900075
5.820000,1.052154,60.428971,-4.074202,1.061715,60.428737,1.595470,0.000000,60.000000,0.000000,1.003294,60.432190,-9.668233,1.011190,60.432208,-8.621976,1.014263,60.432289,-8.053883,1.005014,60.431993,-9.821461,1.004140,60.431867,-10.177905,1.034670,60.430235,-8.650123,1.023610,60.432605,-5.836628,1.019383,60.432497,-6.587791,1.008788,60.432507,-6.514711,1.020461,60.432522,-6.348711,1.016351,60.432329,-7.528984,1.025449,60.432144,-6.521552,1.042571,60.432136,-4.706912,1.045079,60.431697,-4.859908,1.044359,60.431669,-5.470399,1.056270,60.433188,-0.552738,0.995898,60.433486,-1.566908,1.043529,60.432193,-2.766399,1.059276,60.432343,0.966028,1.055155,60.432292,0.673095,1.047991,60.432121,-4.669036,1.059792,60.429100,2.176702,1.057432,60.430303,-1.107762,1.046235,60.430906,-3.847880,1.053703,60.430235,1.968617,1.051803,60.430297,4.418098,1.039572,60.428191,3.540472,0.988205,60.433336,-1.616115,0.988391,60.433572,0.808875,0.999341,60.433731,3.897137,1.011474,60.434142,2.885256,1.053566,60.432574,5.351274,1.069134,60.432426,6.962826,1.024189,60.428811,8.079400,1.023073,60.430515,10.724397,1.035229,60.429135,-7.558446,1.007149,1.007264,1.007255,1.007273,1.007266,1.007143,1.007215,1.007103,-36.930020,0.000000,6.065365,15.934929,9.000003,24.566146,29.492959,-26.606866,0.000000,447.800150,209.391350,467.503357,6.717002,286.592096,294.652499,141.504847,562.436988,245.394482,221.661074,276.382253,200.614467,124.488442,251.663684,184.493662,253.902685,8.239523,988.742731,0.000000,164.790455,75.230425,157.625653,78.812826,137.026846,28.927890,26.868009,92.246831,102.994034,75.767785,-82.574348,42.272334,15.225205,67.617823,24.718568,24.091648,4.119761,223.900075
5.840000,1.052155,60.429688,-4.098442,1.061702,60.428866,1.566895,0.000000,60.000000,0.000000,1.003123,60.433601,-9.666142,1.011024,60.433696,-8.619411,1.014096,60.433799,-8.050629,1.004855,60.433471,-9.820486,1.003986,60.433329,-10.177912,1.034607,60.431456,-8.662982,1.023438,60.434100,-5.831168,1.019212,60.433996,-6.583089,1.008613,60.433980,-6.510057,1.020289,60.433967,-6.344073,1.016180,60.433650,-7.526297,1.025283,60.433049,-6.522072,1.042409,60.432849,-4.708357,1.044933,60.432244,-4.865265,1.044212,60.432223,-5.475924,1.056101,60.433853,-0.546817,0.995743,60.434159,-1.558800,1.043361,60.432895,-2.767482,1.059106,60.433013,0.965883,1.054989,60.432974,0.672637,1.047829,60.432838,-4.670570,1.059773,60.429100,2.150161,1.057340,60.430183,-1.126175,1.046122,60.431111,-3.860483,1.053574,60.429486,1.946875,1.051662,60.429304,4.395702,1.039600,60.428229,3.507554,0.988044,60.435208,-1.603688,0.988232,60.435312,0.822408,0.999183,60.434354,3.906781,1.011333,60.434783,2.897943,1.053396,60.433195,5.352573,1.068983,60.433078,6.963201,1.024162,60.428647,8.050032,1.022909,60.428957,10.701023,1.035227,60.430196,-7.579957,1.007167,1.007317,1.007296,1.007284,1.007277,1.007133,1.007159,1.007099,-36.987394,0.000000,6.058775,15.929437,8.991702,24.500110,29.448047,-26.688879,0.000000,447.800150,209.391350,467.503357,6.717002,286.592096,294.652499,141.504847,562.436988,245.394482,221.661074,276.382253,200.614467,124.488442,251.663684,184.493662,253.902685,8.239523,988.742731,0.000000,164.790455,75.230425,157.625653,78.812826,137.026846,28.927890,26.868009,92.246831,102.994034,75.767785,-82.574348,42.272334,15.225205,67.617823,24.718568,24.091648,4.119761,223.900075
5.860000,1.052179,60.430410,-4.121977,1.061728,60.429013,1.534847,0.000000,60.000000,0.000000,1.002967,60.434957,-9.658614,1.010869,60.435127,-8.610861,1.013939,60.435251,-8.041238,1.004706,60.434896,-9.813583,1.003842,60.434738,-10.172105,1.034552,60.432655,-8.671627,1.023276,60.435534,-5.819690,1.019052,60.435435,-6.572341,1.008449,60.435392,-6.499547,1.020129,60.435353,-6.333772,1.016027,60.434916,-7.518821,1.025153,60.433910,-6.520751,1.042289,60.433522,-4.709328,1.044838,60.432760,-4.871307,1.044116,60.432748,-5.482076,1.055965,60.434467,-0.540819,0.995616,60.434777,-1.550578,1.043236,60.433555,-2.768180,1.058980,60.433640,0.965887,1.054866,60.433611,0.672406,1.047708,60.433514,-4.671605,1.059792,60.429119,2.119221,1.057319,60.430070,-1.149905,1.046074,60.431306,-3.876141,1.053544,60.428764,1.915371,1.051625,60.428345,4.361815,1.039652,60.428288,3.470518,0.987884,60.437002,-1.582605,0.988074,60.436974,0.843644,0.999051,60.434921,3.916177,1.011217,60.435360,2.910478,1.053266,60.433773,5.353667,1.068873,60.433683,6.963575,1.024165,60.428510,8.015121,1.022850,60.427447,10.662146,1.035231,60.431255,-7.598314,1.007186,1.007368,1.007337,1.007293,1.007286,1.007125,1.007103,1.007095,-37.059330,0.000000,6.047390,15.905892,8.965233,24.407734,29.356396,-26.795072,0.000000,447.800150,209.391350,467.503357,6.717002,286.592096,294.652499,141.504847,562.436988,245.394482,221.661074,276.382253,200.614467,124.488442,251.663684,184.493662,253.902685,8.239523,988.742731,0.000000,164.790455,75.230425,157.625653,78.812826,137.026846,28.927890,26.868009,92.246831,102.994034,75.767785,-82.574348,42.272334,15.225205,67.617823,24.718568,24.091648,4.119761,223.900075
5.880000,1.052227,60.431140,-4.144533,1.061791,60.429184,1.499709,0.000000,60.000000,0.000000,1.002826,60.436248,-9.645865,1.010725,60.436492,-8.596551,1.013792,60.436636,-8.025948,1.004567,60.436258,-9.800954,1.003708,60.436087,-10.160673,1.034505,60.433828,-8.676007,1.023126,60.436898,-5.802454,1.018903,60.436804,-6.555798,1.008298,60.436735,-6.483429,1.019984,60.436670,-6.318051,1.015894,60.436120,-7.506761,1.025060,60.434724,-6.517698,1.042210,60.434154,-4.709890,1.044791,60.433248,-4.878013,1.044069,60.433243,-5.488836,1.055863,60.435030,-0.534885,0.995519,60.435339,-1.542412,1.043154,60.434173,-2.768567,1.058896,60.434225,0.965961,1.054786,60.434205,0.672317,1.047630,60.434149,-4.672211,1.059848,60.429165,2.084279,1.057369,60.429975,-1.178628,1.046088,60.431496,-3.894670,1.053613,60.428088,1.874611,1.051692,60.427440,4.317001,1.039729,60.428375,3.429777,0.987725,60.438706,-1.553257,0.987918,60.438547,0.872200,0.998944,60.435434,3.925158,1.011125,60.435877,2.922643,1.053179,60.434308,5.354474,1.068805,60.434240,6.963835,1.024199,60.428413,7.975142,1.022895,60.426013,10.608469,1.035240,60.432312,-7.613310,1.007204,1.007417,1.007374,1.007302,1.007294,1.007118,1.007050,1.007093,-37.144823,0.000000,6.031349,15.864747,8.920959,24.290414,29.219659,-26.924183,0.000000,447.800150,209.391350,467.503357,6.717002,286.592096,294.652499,141.504847,562.436988,245.394482,221.661074,276.382253,200.614467,124.488442,251.663684,184.493662,253.902685,8.239523,988.742731,0.000000,164.790455,75.230425,157.625653,78.812826,137.026846,28.927890,26.868009,92.246831,102.994034,75.767785,-82.574348,42.272334,15.225205,67.617823,24.718568,24.091648,4.119761,223.900075
5.900000,1.052298,60.431877,-4.165838,1.061892,60.429386,1.461898,0.000000,60.000000,0.000000,1.002700,60.437467,-9.628178,1.010591,60.437783,-8.576782,1.013655,60.437943,-8.005069,1.004438,60.437548,-9.782876,1.003584,60.437367,-10.143872,1.034466,60.434971,-8.676111,1.022988,60.438180,-5.779797,1.018764,60.438093,-6.533788,1.008159,60.438000,-6.462025,1.019851,60.437910,-6.297228,1.015780,60.437253,-7.490385,1.025003,60.435487,-6.513051,1.042173,60.434745,-4.710123,1.044793,60.433708,-4.885369,1.044071,60.433711,-5.496189,1.055793,60.435543,-0.529158,0.995450,60.435848,-1.534476,1.043115,60.434749,-2.768731,1.058854,60.434766,0.966011,1.054748,60.434755,0.672266,1.047593,60.434742,-4.672472,1.059941,60.429245,2.045778,1.057487,60.429906,-1.211963,1.046163,60.431688,-3.915862,1.053777,60.427473,1.825211,1.051859,60.426610,4.261963,1.039831,60.428498,3.385784,0.987569,60.440305,-1.516144,0.987765,60.440018,0.907594,0.998863,60.435895,3.933563,1.011059,60.436334,2.934224,1.053131,60.434801,5.354909,1.068777,60.434748,6.963847,1.024261,60.428362,7.930633,1.023041,60.424683,10.540884,1.035256,60.433364,-7.624754,1.007223,1.007462,1.007410,1.007309,1.007301,1.007112,1.006999,1.007091,-37.242649,0.000000,6.010852,15.806701,8.859475,24.149867,29.040095,-27.074669,0.000000,447.800150,209.391350,467.503357,6.717002,286.592096,294.652499,141.504847,562.436988,245.394482,221.661074,276.382253,200.614467,124.488442,251.663684,184.493662,253.902685,8.239523,988.742731,0.000000,164.790455,75.230425,157.625653,78.812826,137.026846,28.927890,26.868009,92.246831,102.994034,75.767785,-82.574348,42.272334,15.225205,67.617823,24.718568,24.091648,4.119761,223.900075
5.920000,1.052390,60.432625,-4.185618,1.062027,60.429624,1.421868,0.000000,60.000000,0.000000,1.002589,60.438607,-9.605896,1.010468,60.438991,-8.551917,1.013529,60.439166,-7.978982,1.004319,60.438759,-9.759690,1.003471,60.438571,-10.122024,1.034434,60.436080,-8.671968,1.022861,60.439376,-5.752120,1.018637,60.439297,-6.506704,1.008033,60.439180,-6.435721,1.019732,60.439066,-6.271681,1.015684,60.438311,-7.470014,1.024980,60.436200,-6.506964,1.042176,60.435297,-4.710109,1.044841,60.434145,-4.893347,1.044120,60.434156,-5.504111,1.055756,60.436011,-0.523773,0.995411,60.436305,-1.526941,1.043115,60.435286,-2.768758,1.058853,60.435268,0.965951,1.054750,60.435265,0.672161,1.047595,60.435296,-4.672472,1.060068,60.429367,2.004210,1.057670,60.429873,-1.249469,1.046296,60.431887,-3.939474,1.054031,60.426936,1.767898,1.052122,60.425875,4.197533,1.039956,60.428663,3.339031,0.987413,60.441788,-1.471864,0.987615,60.441379,0.949258,0.998807,60.436309,3.941240,1.011019,60.436736,2.945012,1.053122,60.435258,5.354898,1.068788,60.435214,6.963496,1.024352,60.428369,7.882183,1.023285,60.423483,10.460465,1.035276,60.434410,-7.632478,1.007241,1.007504,1.007443,1.007315,1.007306,1.007107,1.006952,1.007090,-37.351390,0.000000,5.986157,15.732684,8.781608,23.988108,28.820533,-27.244724,0.000000,447.800150,209.391350,467.503357,6.717002,286.592096,294.652499,141.504847,562.436988,245.394482,221.661074,276.382253,200.614467,124.488442,251.663684,184.493662,253.902685,8.239523,988.742731,0.000000,164.790455,75.230425,157.625653,78.812826,137.026846,28.927890,26.868009,92.246831,102.994034,75.767785,-82.574348,42.272334,15.225205,67.617823,24.718568,24.091648,4.119761,223.900075
5.940000,1.052504,60.433383,-4.203604,1.062196,60.429904,1.380101,0.000000,60.000000,0.000000,1.002492,60.439664,-9.579413,1.010355,60.440112,-8.522377,1.013412,60.440300,-7.948123,1.004211,60.439887,-9.731790,1.003367,60.439694,-10.095503,1.034409,60.437152,-8.663638,1.022744,60.440480,-5.719881,1.018520,60.440410,-6.474997,1.007919,60.440270,-6.404957,1.019625,60.440134,-6.241839,1.015605,60.439291,-7.446010,1.024989,60.436864,-6.499601,1.042215,60.435813,-4.709918,1.044933,60.434563,-4.901900,1.044212,60.434580,-5.512560,1.055749,60.436435,-0.518856,0.995399,60.436715,-1.519965,1.043154,60.435787,-2.768718,1.058890,60.435737,0.965718,1.054790,60.435739,0.671931,1.047635,60.435813,-4.672285,1.060228,60.429538,1.960103,1.057913,60.429885,-1.290651,1.046483,60.432101,-3.965225,1.054371,60.426493,1.703499,1.052473,60.425251,4.124665,1.040103,60.428876,3.290044,0.987260,60.443146,-1.421099,0.987469,60.442620,0.996550,0.998775,60.436677,3.948054,1.011002,60.437085,2.954816,1.053151,60.435683,5.354395,1.068835,60.435646,6.962709,1.024469,60.428440,7.830433,1.023620,60.422436,10.368449,1.035302,60.435449,-7.636334,1.007260,1.007542,1.007472,1.007321,1.007310,1.007104,1.006910,1.007090,-37.469449,0.000000,5.957581,15.643840,8.688394,23.807413,28.564322,-27.432302,0.000000,447.800150,209.391350,467.503357,6.717002,286.592096,294.652499,141.504847,562.436988,245.394482,221.661074,276.382253,200.614467,124.488442,251.663684,184.493662,253.902685,8.239523,988.742731,0.000000,164.790455,75.230425,157.625653,78.812826,137.026846,28.927890,26.868009,92.246831,102.994034,75.767785,-82.574348,42.272334,15.225205,67.617823,24.718568,24.091648,4.119761,223.900075
5.960000,1.052637,60.434153,-4.219532,1.062396,60.430231,1.337106,0.000000,60.000000,0.000000,1.002409,60.440633,-9.549168,1.010253,60.441141,-8.488634,1.013305,60.441339,-7.912980,1.004111,60.440926,-9.699622,1.003273,60.440732,-10.064732,1.034391,60.438185,-8.651218,1.022638,60.441486,-5.683590,1.018414,60.441426,-6.439167,1.007816,60.441266,-6.370222,1.019531,60.441109,-6.208180,1.015543,60.440189,-7.418773,1.025029,60.437479,-6.491135,1.042290,60.436296,-4.709620,1.045064,60.434965,-4.910974,1.044344,60.434989,-5.521483,1.055771,60.436819,-0.514522,0.995413,60.437080,-1.513696,1.043228,60.436255,-2.768677,1.058962,60.436174,0.965258,1.054866,60.436182,0.671518,1.047709,60.436297,-4.671984,1.060417,60.429765,1.914020,1.058211,60.429950,-1.334966,1.046720,60.432335,-3.992807,1.054787,60.426157,1.632929,1.052907,60.424754,4.044414,1.040272,60.429143,3.239375,0.987108,60.444370,-1.364608,0.987325,60.443736,1.048761,0.998766,60.437007,3.953888,1.011010,60.437386,2.963460,1.053213,60.436081,5.353370,1.068917,60.436048,6.961436,1.024611,60.428583,7.776057,1.024039,60.421565,10.266219,1.035332,60.436480,-7.636200,1.007278,1.007576,1.007498,1.007325,1.007313,1.007103,1.006872,1.007091,-37.595077,0.000000,5.925487,15.541511,8.581068,23.610285,28.275284,-27.635145,0.000000,447.800150,209.391350,467.503357,6.717002,286.592096,294.652499,141.504847,562.436988,245.394482,221.661074,276.382253,200.614467,124.488442,251.663684,184.493662,253.902685,8.239523,988.742731,0.000000,164.790455,75.230425,157.625653,78.812826,137.026846,28.927890,26.868009,92.246831,102.994034,75.767785,-82.574348,42.272334,15.225205,67.617823,24.718568,24.091648,4.119761,223.900075
5.980000,1.052787,60.434936,-4.233151,1.062623,60.430610,1.293405,0.000000,60.000000,0.000000,1.002339,60.441513,-9.515638,1.010160,60.442075,-8.451202,1.013206,60.442280,-7.874088,1.004021,60.441874,-9.663677,1.003187,60.441681,-10.030177,1.034379,60.439177,-8.634834,1.022542,60.442391,-5.643798,1.018317,60.442342,-6.399761,1.007724,60.442164,-6.332048,1.019448,60.441988,-6.171223,1.015497,60.441004,-7.388737,1.025096,60.438046,-6.481746,1.042396,60.436748,-4.709278,1.045232,60.435356,-4.920500,1.044512,60.435384,-5.530816,1.055820,60.437168,-0.510871,0.995451,60.437406,-1.508268,1.043335,60.436693,-2.768693,1.059067,60.436584,0.964532,1.054973,60.436597,0.670874,1.047815,60.436749,-4.671634,1.060634,60.430053,1.866548,1.058558,60.430076,-1.381831,1.047001,60.432594,-4.021884,1.055274,60.425940,1.557177,1.053415,60.424400,3.957927,1.040460,60.429469,3.187598,0.986957,60.445455,-1.303218,0.987185,60.444720,1.105125,0.998778,60.437300,3.958636,1.011039,60.437644,2.970783,1.053307,60.436455,5.351807,1.069029,60.436424,6.959646,1.024775,60.428803,7.719761,1.024534,60.420887,10.155282,1.035368,60.437501,-7.631980,1.007297,1.007606,1.007521,1.007328,1.007314,1.007104,1.006841,1.007094,-37.726397,0.000000,5.890287,15.427209,8.461038,23.399418,27.957653,-27.850810,0.000000,447.800150,209.391350,467.503357,6.717002,286.592096,294.652499,141.504847,562.436988,245.394482,221.661074,276.382253,200.614467,124.488442,251.663684,184.493662,253.902685,8.239523,988.742731,0.000000,164.790455,75.230425,157.625653,78.812826,137.026846,28.927890,26.868009,92.246831,102.994034,75.767785,-82.574348,42.272334,15.225205,67.617823,24.718568,24.091648,4.119761,223.900075
6.000000,1.052953,60.435732,-4.244220,1.062876,60.431045,1.249534,0.000000,60.000000,0.000000,1.002280,60.442301,-9.479332,1.010075,60.442911,-8.410632,1.013116,60.443121,-7.832017,1.003939,60.442727,-9.624479,1.003110,60.442540,-9.992342,1.034374,60.440126,-8.614648,1.022456,60.443194,-5.601093,1.018230,60.443157,-6.357358,1.007643,60.442963,-6.291000,1.019375,60.442771,-6.131516,1.015464,60.441734,-7.356364,1.025188,60.438569,-6.471620,1.042530,60.437173,-4.708951,1.045431,60.435738,-4.930399,1.044712,60.435772,-5.540486,1.055893,60.437487,-0.507995,0.995512,60.437697,-1.503803,1.043471,60.437106,-2.768816,1.059200,60.436972,0.963509,1.055110,60.436989,0.669964,1.047950,60.437175,-4.671295,1.060874,60.430406,1.818294,1.058949,60.430270,-1.430633,1.047321,60.432885,-4.052102,1.055821,60.425853,1.477295,1.053987,60.424199,3.866426,1.040666,60.429858,3.135302,0.986807,60.446396,-1.237808,0.987049,60.445571,1.164830,0.998808,60.437563,3.962213,1.011090,60.437864,2.976645,1.053429,60.436810,5.349706,1.069169,60.436780,6.957326,1.024960,60.429105,7.662267,1.025096,60.420417,10.037247,1.035407,60.438511,-7.623603,1.007315,1.007630,1.007540,1.007331,1.007315,1.007106,1.006815,1.007098,-37.861433,0.000000,5.852430,15.302598,8.329873,23.177658,27.616013,-28.076699,0.000000,447.800150,209.391350,467.503357,6.717002,286.592096,294.652499,141.504847,562.436988,245.394482,221.661074,276.382253,200.614467,124.488442,251.663684,184.493662,253.902685,8.239523,988.742731,0.000000,164.790455,75.230425,157.625653,78.812826,137.026846,28.927890,26.868009,92.246831,102.994034,75.767785,-82.574348,42.272334,15.225205,67.617823,24.718568,24.091648,4.119761,223.900075
6.020000,1.053133,60.436542,-4.252516,1.063150,60.431538,1.206037,0.000000,60.000000,0.000000,1.002232,60.442998,-9.440783,1.009999,60.443649,-8.367503,1.013034,60.443861,-7.787367,1.003865,60.443486,-9.582582,1.003041,60.443307,-9.951755,1.034373,60.441032,-8.590845,1.022378,60.443895,-5.556090,1.018151,60.443870,-6.312567,1.007570,60.443662,-6.247672,1.019313,60.443455,-6.089637,1.015444,60.442380,-7.322134,1.025302,60.439049,-6.460945,1.042688,60.437574,-4.708693,1.045658,60.436117,-4.940584,1.044940,60.436154,-5.550410,1.055988,60.437778,-0.505971,0.995594,60.437956,-1.500408,1.043631,60.437496,-2.769090,1.059359,60.437340,0.962166,1.055271,60.437360,0.668760,1.048109,60.437576,-4.671022,1.061135,60.430828,1.769872,1.059375,60.430538,-1.480730,1.047673,60.433212,-4.083087,1.056420,60.425905,1.394385,1.054613,60.424161,3.771188,1.040887,60.430314,3.083086,0.986659,60.447191,-1.169299,0.986917,60.446286,1.227032,0.998856,60.437801,3.964546,1.011159,60.438053,2.980927,1.053576,60.437151,5.347076,1.069332,60.437119,6.954473,1.025162,60.429492,7.604307,1.025716,60.420170,9.913803,1.035450,60.439509,-7.611029,1.007333,1.007650,1.007555,1.007333,1.007315,1.007111,1.006796,1.007103,-37.998138,0.000000,5.812398,15.169464,8.189271,22.947958,27.255230,-28.310095,0.000000,447.800150,209.391350,467.503357,6.717002,286.592096,294.652499,141.504847,562.436988,245.394482,221.661074,276.382253,200.614467,124.488442,251.663684,184.493662,253.902685,8.239523,988.742731,0.000000,164.790455,75.230425,157.625653,78.812826,137.026846,28.927890,26.868009,92.246831,102.994034,75.767785,-82.574348,42.272334,15.225205,67.617823,24.718568,24.091648,4.119761,223.900075
6.040000,1.053325,60.437365,-4.257841,1.063443,60.432091,1.163440,0.000000,60.000000,0.000000,1.002194,60.443599,-9.400571,1.009931,60.444285,-8.322440,1.012959,60.444496,-7.740782,1.003799,60.444146,-9.538584,1.002979,60.443980,-9.908992,1.034378,60.441891,-8.563651,1.022308,60.444488,-5.509446,1.018080,60.444477,-6.266040,1.007507,60.444257,-6.202698,1.019260,60.444039,-6.046205,1.015436,60.442937,-7.286574,1.025434,60.439479,-6.449963,1.042867,60.437944,-4.708611,1.045907,60.436485,-4.951014,1.045191,60.436526,-5.560555,1.056101,60.438040,-0.504905,0.995692,60.438185,-1.498209,1.043813,60.437853,-2.769633,1.059538,60.437673,0.960391,1.055453,60.437693,0.667129,1.048288,60.437945,-4.670934,1.061412,60.431321,1.721886,1.059830,60.430878,-1.531499,1.048051,60.433571,-4.114497,1.057059,60.426097,1.309554,1.055284,60.424291,3.673510,1.041122,60.430838,3.031540,0.986513,60.447837,-1.098660,0.986788,60.446864,1.290844,0.998919,60.438013,3.965551,1.011245,60.438211,2.983506,1.053742,60.437462,5.343838,1.069514,60.437410,6.950912,1.025379,60.429965,7.546604,1.026383,60.420150,9.786679,1.035497,60.440493,-7.594251,1.007351,1.007664,1.007566,1.007335,1.007314,1.007118,1.006784,1.007110,-38.134425,0.000000,5.770698,15.029689,8.041038,22.713341,26.880381,-28.548193,0.000000,447.800150,209.391350,467.503357,6.717002,286.592096,294.652499,141.504847,562.436988,245.394482,221.661074,276.382253,200.614467,124.488442,251.663684,184.493662,253.902685,8.239523,988.742731,0.000000,164.790455,75.230425,157.625653,78.812826,137.026846,28.927890,26.868009,92.246831,102.994034,75.767785,-82.574348,42.272334,15.225205,67.617823,24.718568,24.091648,4.119761,223.900075
6.060000,1.053526,60.438202,-4.260014,1.063751,60.432708,1.122274,0.000000,60.000000,0.000000,1.002164,60.444114,-9.359256,1.009870,60.444828,-8.276054,1.012892,60.445034,-7.692896,1.003739,60.444716,-9.493075,1.002925,60.444565,-9.864619,1.034387,60.442706,-8.533304,1.022247,60.444984,-5.461808,1.018016,60.444987,-6.218419,1.007451,60.444758,-6.156703,1.019215,60.444530,-6.001825,1.015437,60.443416,-7.250188,1.025580,60.439877,-6.438866,1.043063,60.438302,-4.708757,1.046174,60.436861,-4.961595,1.045459,60.436904,-5.570829,1.056230,60.438287,-0.504858,0.995807,60.438394,-1.497287,1.044012,60.438199,-2.770490,1.059736,60.438001,0.958156,1.055653,60.438020,0.665035,1.048485,60.438301,-4.671083,1.061702,60.431888,1.674947,1.060307,60.431302,-1.582279,1.048450,60.433977,-4.145943,1.057730,60.426441,1.223952,1.055988,60.424599,3.574728,1.041368,60.431435,2.981257,0.986368,60.448338,-1.026861,0.986665,60.447310,1.355383,0.998994,60.438210,3.965176,1.011346,60.438349,2.984295,1.053926,60.437771,5.339995,1.069712,60.437702,6.946619,1.025608,60.430528,7.489877,1.027085,60.420368,9.657646,1.035547,60.441463,-7.573289,1.007369,1.007674,1.007574,1.007336,1.007312,1.007127,1.006780,1.007119,-38.268197,0.000000,5.727856,14.885222,7.887061,22.476858,26.496684,-28.788136,0.000000,447.800150,209.391350,467.503357,6.717002,286.592096,294.652499,141.504847,562.436988,245.394482,221.661074,276.382253,200.614467,124.488442,251.663684,184.493662,253.902685,8.239523,988.742731,0.000000,164.790455,75.230425,157.625653,78.812826,137.026846,28.927890,26.868009,92.246831,102.994034,75.767785,-82.574348,42.272334,15.225205,67.617823,24.718568,24.091648,4.119761,223.900075
6.080000,1.053735,60.439053,-4.258879,1.064069,60.433389,1.083059,0.000000,60.000000,0.000000,1.002143,60.444545,-9.317394,1.009817,60.445279,-8.228957,1.012832,60.445478,-7.644342,1.003687,60.445198,-9.446644,1.002877,60.445064,-9.819202,1.034400,60.443478,-8.500064,1.022192,60.445384,-5.413816,1.017961,60.445401,-6.170339,1.007404,60.445166,-6.110302,1.019178,60.444932,-5.957094,1.015448,60.443821,-7.213471,1.025740,60.440243,-6.427828,1.043273,60.438649,-4.709161,1.046455,60.437245,-4.972214,1.045742,60.437291,-5.581126,1.056372,60.438523,-0.505867,0.995934,60.438590,-1.497700,1.044225,60.438536,-2.771680,1.059946,60.438321,0.955464,1.055866,60.438339,0.662478,1.048695,60.438646,-4.671500,1.062002,60.432532,1.629654,1.060799,60.431811,-1.632404,1.048862,60.434432,-4.177029,1.058422,60.426938,1.138734,1.056714,60.425086,3.476186,1.041624,60.432105,2.932821,0.986226,60.448697,-0.954875,0.986547,60.447627,1.419772,0.999080,60.438397,3.963393,1.011459,60.438475,2.983239,1.054123,60.438076,5.335577,1.069923,60.437988,6.941621,1.025846,60.431181,7.434827,1.027814,60.420827,9.528482,1.035599,60.442417,-7.548198,1.007387,1.007679,1.007578,1.007336,1.007311,1.007138,1.006782,1.007129,-38.397377,0.000000,5.684408,14.738048,7.729279,22.241543,26.109417,-29.027053,0.000000,447.800150,209.391350,467.503357,6.717002,286.592096,294.652499,141.504847,562.436988,245.394482,221.661074,276.382253,200.614467,124.488442,251.663684,184.493662,253.902685,8.239523,988.742731,0.000000,164.790455,75.230425,157.625653,78.812826,137.026846,28.927890,26.868009,92.246831,102.994034,75.767785,-82.574348,42.272334,15.225205,67.617823,24.718568,24.091648,4.119761,223.900075
6.100000,1.053949,60.439918,-4.254304,1.064396,60.434136,1.046293,0.000000,60.000000,0.000000,1.002129,60.444897,-9.275536,1.009770,60.445643,-8.181756,1.012778,60.445833,-7.595747,1.003642,60.445595,-9.399878,1.002836,60.445482,-9.773309,1.034416,60.444208,-8.464208,1.022146,60.445693,-5.366104,1.017912,60.445726,-6.122432,1.007364,60.445487,-6.064108,1.019149,60.445249,-5.912607,1.015466,60.444154,-7.176915,1.025908,60.440583,-6.417024,1.043492,60.438989,-4.709850,1.046745,60.437643,-4.982760,1.046033,60.437689,-5.591340,1.056524,60.438752,-0.507962,0.996072,60.438778,-1.499493,1.044448,60.438867,-2.773225,1.060168,60.438639,0.952313,1.056089,60.438655,0.659448,1.048915,60.438984,-4.672217,1.062307,60.433252,1.586586,1.061299,60.432407,-1.681223,1.049283,60.434938,-4.207362,1.059125,60.427589,1.055039,1.057453,60.425753,3.379212,1.041886,60.432850,2.886798,0.986087,60.448922,-0.883661,0.986435,60.447823,1.483144,0.999174,60.438581,3.960186,1.011584,60.438593,2.980300,1.054331,60.438383,5.330615,1.070142,60.438274,6.935928,1.026090,60.431924,7.382131,1.028557,60.421525,9.400948,1.035653,60.443354,-7.519062,1.007404,1.007679,1.007578,1.007337,1.007308,1.007150,1.006792,1.007141,-38.519940,0.000000,5.640892,14.590162,7.569658,22.010378,25.723850,-29.262091,0.000000,447.800150,209.391350,467.503357,6.717002,286.592096,294.652499,141.504847,562.436988,245.394482,221.661074,276.382253,200.614467,124.488442,251.663684,184.493662,253.902685,8.239523,988.742731,0.000000,164.790455,75.230425,157.625653,78.812826,137.026846,28.927890,26.868009,92.246831,102.994034,75.767785,-82.574348,42.272334,15.225205,67.617823,24.718568,24.091648,4.119761,223.900075
6.120000,1.054166,60.440796,-4.246189,1.064727,60.434948,1.012450,0.000000,60.000000,0.000000,1.002123,60.445177,-9.234219,1.009731,60.445927,-8.135045,1.012732,60.446104,-7.547727,1.003603,60.445914,-9.353353,1.002802,60.445824,-9.727496,1.034437,60.444897,-8.426029,1.022106,60.445919,-5.319289,1.017871,60.445967,-6.075313,1.007332,60.445727,-6.018717,1.019127,60.445488,-5.868939,1.015492,60.444424,-7.140996,1.026083,60.440903,-6.406616,1.043718,60.439328,-4.710846,1.047039,60.438057,-4.993120,1.046330,60.438104,-5.601362,1.056684,60.438981,-0.511155,0.996218,60.438965,-1.502691,1.044678,60.439197,-2.775137,1.060396,60.438959,0.948710,1.056319,60.438971,0.655945,1.049141,60.439321,-4.673255,1.062615,60.434047,1.546297,1.061799,60.433092,-1.728099,1.049705,60.435498,-4.236558,1.059830,60.428394,0.973981,1.058194,60.426598,3.285099,1.042153,60.433670,2.843729,0.985953,60.449019,-0.814158,0.986329,60.447904,1.544659,0.999274,60.438765,3.955556,1.011717,60.438712,2.975463,1.054546,60.438697,5.325141,1.070367,60.438563,6.929559,1.026337,60.432754,7.332428,1.029305,60.422459,9.276758,1.035709,60.444274,-7.486000,1.007421,1.007674,1.007575,1.007337,1.007306,1.007165,1.006809,1.007155,-38.633944,0.000000,5.597843,14.443538,7.410159,21.786252,25.345164,-29.490456,0.000000,447.800150,209.391350,467.503357,6.717002,286.592096,294.652499,141.504847,562.436988,245.394482,221.661074,276.382253,200.614467,124.488442,251.663684,184.493662,253.902685,8.239523,988.742731,0.000000,164.790455,75.230425,157.625653,78.812826,137.026846,28.927890,26.868009,92.246831,102.994034,75.767785,-82.574348,42.272334,15.225205,67.617823,24.718568,24.091648,4.119761,223.900075
6.140000,1.054384,60.441687,-4.234466,1.065059,60.435824,0.981972,0.000000,60.000000,0.000000,1.002124,60.445391,-9.193958,1.009699,60.446137,-8.089397,1.012693,60.446299,-7.500871,1.003572,60.446162,-9.307625,1.002774,60.446098,-9.682302,1.034460,60.445547,-8.385834,1.022075,60.446069,-5.273965,1.017838,60.446133,-6.029572,1.007308,60.445894,-5.974701,1.019112,60.445656,-5.826642,1.015524,60.444636,-7.106170,1.026262,60.441207,-6.396752,1.043947,60.439670,-4.712158,1.047335,60.438492,-5.003175,1.046627,60.438539,-5.611079,1.056849,60.439216,-0.515448,0.996370,60.439156,-1.507301,1.044912,60.439533,-2.777421,1.060628,60.439285,0.944668,1.056552,60.439295,0.651979,1.049371,60.439661,-4.674626,1.062922,60.434918,1.509305,1.062295,60.433864,-1.772422,1.050124,60.436113,-4.264244,1.060526,60.429350,0.896628,1.058927,60.427618,3.195090,1.042423,60.434564,2.804127,0.985823,60.448997,-0.747268,0.986232,60.447881,1.603513,0.999378,60.438958,3.949516,1.011858,60.438837,2.968736,1.054765,60.439020,5.319196,1.070595,60.438861,6.922538,1.026585,60.433669,7.286316,1.030047,60.423622,9.157558,1.035766,60.445177,-7.449163,1.007438,1.007664,1.007569,1.007338,1.007304,1.007182,1.006833,1.007170,-38.737556,0.000000,5.555781,14.300104,7.252713,21.571922,24.978380,-29.709444,0.000000,447.800150,209.391350,467.503357,6.717002,286.592096,294.652499,141.504847,562.436988,245.394482,221.661074,276.382253,200.614467,124.488442,251.663684,184.493662,253.902685,8.239523,988.742731,0.000000,164.790455,75.230425,157.625653,78.812826,137.026846,28.927890,26.868009,92.246831,102.994034,75.767785,-82.574348,42.272334,15.225205,67.617823,24.718568,24.091648,4.119761,223.900075
6.160000,1.054602,60.442589,-4.219099,1.065389,60.436763,0.955264,0.000000,60.000000,0.000000,1.002132,60.445548,-9.155240,1.009674,60.446282,-8.045354,1.012662,60.446426,-7.455743,1.003547,60.446347,-9.263227,1.002754,60.446310,-9.638244,1.034486,60.446162,-8.343938,1.022050,60.446152,-5.230689,1.017812,60.446232,-5.985768,1.007291,60.445997,-5.932599,1.019105,60.445763,-5.786239,1.015563,60.444799,-7.072864,1.026443,60.441501,-6.387567,1.044176,60.440022,-4.713790,1.047628,60.438952,-5.012809,1.046922,60.438998,-5.620379,1.057016,60.439462,-0.520825,0.996526,60.439358,-1.513311,1.045146,60.439878,-2.780070,1.060861,60.439624,0.940208,1.056787,60.439629,0.647564,1.049601,60.440010,-4.676334,1.063224,60.435862,1.476088,1.062779,60.434723,-1.813616,1.050535,60.436786,-4.290066,1.061206,60.430451,0.823988,1.059643,60.428806,3.110361,1.042693,60.435531,2.768467,0.985699,60.448869,-0.683842,0.986142,60.447764,1.658948,0.999485,60.439163,3.942095,1.012003,60.438977,2.960150,1.054985,60.439359,5.312826,1.070822,60.439173,6.914901,1.026831,60.434667,7.244345,1.030773,60.425004,9.044904,1.035823,60.446061,-7.408734,1.007455,1.007651,1.007559,1.007338,1.007302,1.007200,1.006864,1.007188,-38.829082,0.000000,5.515206,14.161710,7.099193,21.369981,24.628288,-29.916478,0.000000,447.800150,209.391350,467.503357,6.717002,286.592096,294.652499,141.504847,562.436988,245.394482,221.661074,276.382253,200.614467,124.488442,251.663684,184.493662,253.902685,8.239523,988.742731,0.000000,164.790455,75.230425,157.625653,78.812826,137.026846,28.927890,26.868009,92.246831,102.994034,75.767785,-82.574348,42.272334,15.225205,67.617823,24.718568,24.091648,4.119761,223.900075
6.180000,1.054817,60.443502,-4.200089,1.065714,60.437763,0.932688,0.000000,60.000000,0.000000,1.002146,60.445656,-9.118519,1.009657,60.446372,-8.003426,1.012638,60.446496,-7.412867,1.003531,60.446476,-9.220657,1.002741,60.446468,-9.595808,1.034516,60.446745,-8.300667,1.022034,60.446178,-5.189982,1.017794,60.446273,-5.944423,1.007282,60.446045,-5.892915,1.019105,60.445817,-5.748213,1.015606,60.444921,-7.041476,1.026624,60.441793,-6.379179,1.044403,60.440387,-4.715735,1.047915,60.439441,-5.021909,1.047210,60.439486,-5.629151,1.057185,60.439726,-0.527259,0.996683,60.439577,-1.520696,1.045378,60.440238,-2.783074,1.061092,60.439980,0.935357,1.057019,60.439980,0.642725,1.049829,60.440373,-4.678376,1.063520,60.436876,1.447081,1.063246,60.435666,-1.851150,1.050933,60.437516,-4.313692,1.061861,60.431690,0.756998,1.060333,60.430152,3.032000,1.042962,60.436569,2.737184,0.985582,60.448646,-0.624675,0.986062,60.447566,1.710264,0.999592,60.439388,3.933334,1.012151,60.439137,2.949755,1.055204,60.439718,5.306078,1.071047,60.439504,6.906686,1.027073,60.435743,7.207010,1.031476,60.426593,8.940238,1.035881,60.446926,-7.364931,1.007471,1.007634,1.007547,1.007339,1.007300,1.007220,1.006901,1.007207,-38.906990,0.000000,5.476589,14.030109,6.951391,21.182827,24.299382,-30.109140,0.000000,447.800150,209.391350,467.503357,6.717002,286.592096,294.652499,141.504847,562.436988,245.394482,221.661074,276.382253,200.614467,124.488442,251.663684,184.493662,253.902685,8.239523,988.742731,0.000000,164.790455,75.230425,157.625653,78.812826,137.026846,28.927890,26.868009,92.246831,102.994034,75.767785,-82.574348,42.272334,15.225205,67.617823,24.718568,24.091648,4.119761,223.900075
6.200000,1.055027,60.444425,-4.177473,1.066031,60.438821,0.914560,0.000000,60.000000,0.000000,1.002167,60.445726,-9.084210,1.009648,60.446415,-7.964082,1.012623,60.446517,-7.372728,1.003522,60.446560,-9.180379,1.002736,60.446583,-9.555448,1.034548,60.447298,-8.256349,1.022027,60.446157,-5.152320,1.017785,60.446266,-5.906014,1.007281,60.446047,-5.856108,1.019112,60.445828,-5.713008,1.015655,60.445012,-7.012370,1.026802,60.442088,-6.371693,1.044625,60.440771,-4.717982,1.048193,60.439960,-5.030366,1.047489,60.440004,-5.637291,1.057351,60.440011,-0.534712,0.996841,60.439820,-1.529411,1.045606,60.440617,-2.786415,1.061318,60.440357,0.930149,1.057246,60.440351,0.637490,1.050052,60.440754,-4.680739,1.063806,60.437956,1.422661,1.063691,60.436689,-1.884543,1.051313,60.438302,-4.334822,1.062484,60.433059,0.696506,1.060989,60.431647,2.960993,1.043228,60.437674,2.710664,0.985473,60.448344,-0.570490,0.985993,60.447299,1.756823,0.999698,60.439638,3.923287,1.012300,60.439325,2.937620,1.055420,60.440101,5.299006,1.071267,60.439857,6.897939,1.027309,60.436893,7.174744,1.032145,60.428373,8.844867,1.035939,60.447771,-7.318000,1.007486,1.007614,1.007533,1.007340,1.007299,1.007241,1.006943,1.007227,-38.969937,0.000000,5.440370,13.906929,6.810987,21.012633,23.995795,-30.285199,0.000000,447.800150,209.391350,467.503357,6.717002,286.592096,294.652499,141.504847,562.436988,245.394482,221.661074,276.382253,200.614467,124.488442,251.663684,184.493662,253.902685,8.239523,988.742731,0.000000,164.790455,75.230425,157.625653,78.812826,137.026846,28.927890,26.868009,92.246831,102.994034,75.767785,-82.574348,42.272334,15.225205,67.617823,24.718568,24.091648,4.119761,223.900075
6.220000,1.055232,60.445356,-4.151326,1.066339,60.439932,0.901143,0.000000,60.000000,0.000000,1.002195,60.445766,-9.052689,1.009648,60.446422,-7.927748,1.012616,60.446500,-7.335762,1.003522,60.446608,-9.142815,1.002739,60.446662,-9.517578,1.034583,60.447825,-8.211317,1.022027,60.446100,-5.118130,1.017784,60.446224,-5.870969,1.007288,60.446016,-5.822591,1.019127,60.445808,-5.681021,1.015709,60.445080,-6.985869,1.026976,60.442392,-6.365198,1.044841,60.441178,-4.720516,1.048459,60.440514,-5.038080,1.047757,60.440555,-5.644702,1.057515,60.440325,-0.543135,0.996997,60.440092,-1.539399,1.045827,60.441020,-2.790070,1.061539,60.440760,0.924617,1.057467,60.440748,0.631891,1.050268,60.441157,-4.683409,1.064079,60.439099,1.403153,1.064110,60.437789,-1.913373,1.051672,60.439144,-4.353190,1.063067,60.434546,0.643258,1.061604,60.433276,2.898211,1.043490,60.438843,2.689241,0.985373,60.447977,-0.521933,0.985934,60.446979,1.798063,0.999802,60.439918,3.912021,1.012450,60.439546,2.923833,1.055630,60.440511,5.291662,1.071480,60.440238,6.888708,1.027536,60.438110,7.147915,1.032774,60.430325,8.759947,1.035997,60.448597,-7.268219,1.007502,1.007591,1.007517,1.007341,1.007298,1.007264,1.006992,1.007249,-39.016782,0.000000,5.406945,13.793656,6.679532,20.861322,23.721240,-30.442643,0.000000,447.800150,209.391350,467.503357,6.717002,286.592096,294.652499,141.504847,562.436988,245.394482,221.661074,276.382253,200.614467,124.488442,251.663684,184.493662,253.902685,8.239523,988.742731,0.000000,164.790455,75.230425,157.625653,78.812826,137.026846,28.927890,26.868009,92.246831,102.994034,75.767785,-82.574348,42.272334,15.225205,67.617823,24.718568,24.091648,4.119761,223.900075
6.240000,1.055429,60.446294,-4.121760,1.066634,60.441094,0.892644,0.000000,60.000000,0.000000,1.002229,60.445787,-9.024286,1.009656,60.446403,-7.894799,1.012619,60.446457,-7.302357,1.003530,60.446630,-9.108342,1.002749,60.446716,-9.482571,1.034620,60.448331,-8.165904,1.022037,60.446018,-5.087782,1.017792,60.446156,-5.839665,1.007304,60.445961,-5.792726,1.019150,60.445766,-5.652597,1.015768,60.445135,-6.962257,1.027146,60.442711,-6.359766,1.045048,60.441611,-4.723316,1.048710,60.441103,-5.044963,1.048010,60.441142,-5.651299,1.057673,60.440672,-0.552468,0.997150,60.440399,-1.550589,1.046040,60.441451,-2.794015,1.061751,60.441192,0.918799,1.057680,60.441174,0.625963,1.050476,60.441588,-4.686368,1.064339,60.440298,1.388817,1.064499,60.438958,-1.937285,1.052006,60.440039,-4.368567,1.063605,60.436140,0.597890,1.062172,60.435026,2.844395,1.043745,60.440072,2.673192,0.985284,60.447561,-0.479563,0.985887,60.446620,1.833500,0.999902,60.440233,3.899612,1.012597,60.439807,2.908499,1.055832,60.440953,5.284098,1.071684,60.440650,6.879043,1.027754,60.439390,7.126822,1.033355,60.432430,8.686465,1.036054,60.449403,-7.215895,1.007517,1.007566,1.007499,1.007343,1.007298,1.007288,1.007044,1.007273,-39.046612,0.000000,5.376666,13.691610,6.558426,20.730545,23.478968,-30.579701,0.000000,447.800150,209.391350,467.503357,6.717002,286.592096,294.652499,141.504847,562.436988,245.394482,221.661074,276.382253,200.614467,124.488442,251.663684,184.493662,253.902685,8.239523,988.742731,0.000000,164.790455,75.230425,157.625653,78.812826,137.026846,28.927890,26.868009,92.246831,102.994034,75.767785,-82.574348,42.272334,15.225205,67.617823,24.718568,24.091648,4.119761,223.900075
6.260000,1.055618,60.447236,-4.088928,1.066914,60.442301,0.889210,0.000000,60.000000,0.000000,1.002270,60.445799,-8.999283,1.009673,60.446370,-7.865559,1.012631,60.446399,-7.272844,1.003547,60.446637,-9.077289,1.002768,60.446755,-9.450754,1.034660,60.448818,-8.120442,1.022055,60.445924,-5.061592,1.017809,60.446075,-5.812421,1.007329,60.445895,-5.766819,1.019181,60.445715,-5.628031,1.015831,60.445187,-6.941775,1.027308,60.443049,-6.355458,1.045244,60.442076,-4.726362,1.048946,60.441730,-5.050941,1.048246,60.441766,-5.657009,1.057825,60.441056,-0.562645,0.997298,60.440746,-1.562899,1.046242,60.441914,-2.798224,1.061954,60.441657,0.912733,1.057883,60.441633,0.619741,1.050673,60.442050,-4.689594,1.064582,60.441550,1.379849,1.064853,60.440190,-1.955996,1.052312,60.440986,-4.380774,1.064093,60.437826,0.560916,1.062686,60.436879,2.800148,1.043992,60.441355,2.662732,0.985206,60.447113,-0.443846,0.985853,60.446238,1.862734,0.999997,60.440589,3.886146,1.012742,60.440112,2.891734,1.056026,60.441430,5.276367,1.071878,60.441098,6.868997,1.027959,60.440726,7.111694,1.033884,60.434664,8.625228,1.036110,60.450190,-7.161361,1.007531,1.007539,1.007481,1.007346,1.007299,1.007313,1.007101,1.007298,-39.058748,0.000000,5.349832,13.601934,6.448898,20.621664,23.271718,-30.694868,0.000000,447.800150,209.391350,467.503357,6.717002,286.592096,294.652499,141.504847,562.436988,245.394482,221.661074,276.382253,200.614467,124.488442,251.663684,184.493662,253.902685,8.239523,988.742731,0.000000,164.790455,75.230425,157.625653,78.812826,137.026846,28.927890,26.868009,92.246831,102.994034,75.767785,-82.574348,42.272334,15.225205,67.617823,24.718568,24.091648,4.119761,223.900075
6.280000,1.055797,60.448181,-4.053021,1.067178,60.443548,0.890927,0.000000,60.000000,0.000000,1.002317,60.445813,-8.977914,1.009698,60.446334,-7.840300,1.012651,60.446336,-7.247499,1.003572,60.446639,-9.049935,1.002796,60.446789,-9.422409,1.034702,60.449292,-8.075257,1.022083,60.445829,-5.039814,1.017836,60.445992,-5.789499,1.007362,60.445828,-5.745120,1.019219,60.445664,-5.607560,1.015897,60.445245,-6.924619,1.027462,60.443414,-6.352321,1.045428,60.442574,-4.729634,1.049162,60.442395,-5.055956,1.048464,60.442428,-5.661777,1.057969,60.441482,-0.573594,0.997440,60.441137,-1.576239,1.046432,60.442411,-2.802670,1.062144,60.442158,0.906454,1.058074,60.442128,0.613262,1.050859,60.442545,-4.693067,1.064807,60.442846,1.376375,1.065171,60.441479,-1.969299,1.052589,60.441979,-4.389676,1.064527,60.439590,0.532721,1.063143,60.438819,2.765923,1.044231,60.442687,2.658014,0.985140,60.446651,-0.415152,0.985831,60.445849,1.885456,1.000086,60.440989,3.871718,1.012883,60.440468,2.873670,1.056209,60.441945,5.268516,1.072060,60.441583,6.858619,1.028151,60.442110,7.102681,1.034354,60.437005,8.576849,1.036165,60.450957,-7.104976,1.007545,1.007510,1.007461,1.007350,1.007301,1.007339,1.007161,1.007325,-39.052763,0.000000,5.326691,13.525580,6.351993,20.535739,23.101685,-30.786921,0.000000,447.800150,209.391350,467.503357,6.717002,286.592096,294.652499,141.504847,562.436988,245.394482,221.661074,276.382253,200.614467,124.488442,251.663684,184.493662,253.902685,8.239523,988.742731,0.000000,164.790455,75.230425,157.625653,78.812826,137.026846,28.927890,26.868009,92.246831,102.994034,75.767785,-82.574348,42.272334,15.225205,67.617823,24.718568,24.091648,4.119761,223.900075
6.300000,1.055965,60.449127,-4.014265,1.067425,60.444829,0.897818,0.000000,60.000000,0.000000,1.002371,60.445838,-8.960363,1.009733,60.446305,-7.819234,1.012682,60.446281,-7.226537,1.003606,60.446647,-9.026506,1.002831,60.446827,-9.397767,1.034746,60.449755,-8.030670,1.022119,60.445744,-5.022642,1.017871,60.445919,-5.771099,1.007403,60.445773,-5.727819,1.019265,60.445626,-5.591365,1.015968,60.445319,-6.910939,1.027607,60.443808,-6.350388,1.045598,60.443110,-4.733114,1.049359,60.443099,-5.059968,1.048662,60.443129,-5.665566,1.058104,60.441953,-0.585237,0.997574,60.441576,-1.590508,1.046609,60.442946,-2.807330,1.062322,60.442698,0.899998,1.058251,60.442662,0.606557,1.051031,60.443078,-4.696769,1.065012,60.444181,1.378452,1.065450,60.442815,-1.977067,1.052833,60.443015,-4.395191,1.064902,60.441416,0.513554,1.063537,60.440827,2.742019,1.044459,60.444062,2.659120,0.985086,60.446191,-0.393746,0.985823,60.445469,1.901446,1.000168,60.441438,3.856430,1.013018,60.440878,2.854447,1.056381,60.442500,5.260592,1.072229,60.442110,6.847961,1.028328,60.443535,7.099862,1.034761,60.439427,8.541743,1.036218,60.451704,-7.047120,1.007559,1.007482,1.007442,1.007354,1.007305,1.007365,1.007224,1.007353,-39.028481,0.000000,5.307430,13.463295,6.268558,20.473518,22.970496,-30.854938,0.000000,447.800150,209.391350,467.503357,6.717002,286.592096,294.652499,141.504847,562.436988,245.394482,221.661074,276.382253,200.614467,124.488442,251.663684,184.493662,253.902685,8.239523,988.742731,0.000000,164.790455,75.230425,157.625653,78.812826,137.026846,28.927890,26.868009,92.246831,102.994034,75.767785,-82.574348,42.272334,15.225205,67.617823,24.718568,24.091648,4.119761,223.900075
6.320000,1.056121,60.450071,-3.972925,1.067652,60.446138,0.909840,0.000000,60.000000,0.000000,1.002430,60.445884,-8.946762,1.009775,60.446295,-7.802519,1.012720,60.446245,-7.210116,1.003648,60.446671,-9.007175,1.002874,60.446880,-9.377008,1.034792,60.450213,-7.986995,1.022164,60.445682,-5.010206,1.017915,60.445866,-5.757360,1.007453,60.445739,-5.715047,1.019318,60.445611,-5.579569,1.016041,60.445418,-6.900841,1.027743,60.444238,-6.349681,1.045754,60.443684,-4.736786,1.049534,60.443842,-5.062958,1.048838,60.443868,-5.668357,1.058229,60.442472,-0.597493,0.997700,60.442068,-1.605603,1.046771,60.443521,-2.812182,1.062486,60.443280,0.893394,1.058415,60.443237,0.599659,1.051188,60.443650,-4.700683,1.065197,60.445548,1.386066,1.065687,60.444190,-1.979256,1.053043,60.444090,-4.397287,1.065216,60.443288,0.503529,1.063867,60.442883,2.728577,1.044677,60.445472,2.666067,0.985044,60.445751,-0.379791,0.985827,60.445114,1.910580,1.000242,60.441940,3.840389,1.013146,60.441346,2.834214,1.056539,60.443098,5.252636,1.072384,60.442680,6.837067,1.028490,60.444993,7.103236,1.035103,60.441905,8.520121,1.036269,60.452432,-6.988192,1.007572,1.007453,1.007422,1.007360,1.007309,1.007393,1.007288,1.007381,-38.985988,0.000000,5.292179,13.415617,6.199232,20.435428,22.879190,-30.898305,0.000000,447.800150,209.391350,467.503357,6.717002,286.592096,294.652499,141.504847,562.436988,245.394482,221.661074,276.382253,200.614467,124.488442,251.663684,184.493662,253.902685,8.239523,988.742731,0.000000,164.790455,75.230425,157.625653,78.812826,137.026846,28.927890,26.868009,92.246831,102.994034,75.767785,-82.574348,42.272334,15.225205,67.617823,24.718568,24.091648,4.119761,223.900075
6.340000,1.056265,60.451012,-3.929299,1.067860,60.447468,0.926885,0.000000,60.000000,0.000000,1.002495,60.445962,-8.937191,1.009826,60.446314,-7.790253,1.012768,60.446238,-7.198331,1.003698,60.446721,-8.992062,1.002925,60.446958,-9.360263,1.034838,60.450669,-7.944533,1.022217,60.445653,-5.002571,1.017967,60.445847,-5.748357,1.007510,60.445739,-5.706875,1.019377,60.445629,-5.572236,1.016117,60.445551,-6.894382,1.027866,60.444706,-6.350210,1.045894,60.444300,-4.740635,1.049687,60.444623,-5.064926,1.048991,60.444646,-5.670152,1.058342,60.443043,-0.610279,0.997817,60.442614,-1.621413,1.046918,60.444137,-2.817207,1.062634,60.443905,0.886672,1.058563,60.443855,0.592595,1.051329,60.444263,-4.704796,1.065361,60.446938,1.399130,1.065882,60.445595,-1.975903,1.053218,60.445199,-4.395989,1.065467,60.445189,0.502619,1.064131,60.444968,2.725582,1.044882,60.446911,2.678801,0.985015,60.445348,-0.373347,0.985845,60.444799,1.912829,1.000307,60.442498,3.823710,1.013266,60.441876,2.813128,1.056683,60.443741,5.244685,1.072524,60.443296,6.825984,1.028635,60.446477,7.112728,1.035377,60.444413,8.511990,1.036318,60.453141,-6.928608,1.007585,1.007425,1.007404,1.007366,1.007315,1.007421,1.007353,1.007411,-38.925625,0.000000,5.281006,13.382870,6.144443,20.421581,22.828213,-30.916726,0.000000,447.800150,209.391350,467.503357,6.717002,286.592096,294.652499,141.504847,562.436988,245.394482,221.661074,276.382253,200.614467,124.488442,251.663684,184.493662,253.902685,8.239523,988.742731,0.000000,164.790455,75.230425,157.625653,78.812826,137.026846,28.927890,26.868009,92.246831,102.994034,75.767785,-82.574348,42.272334,15.225205,67.617823,24.718568,24.091648,4.119761,223.900075
6.360000,1.056395,60.451948,-3.883716,1.068047,60.448813,0.948782,0.000000,60.000000,0.000000,1.002563,60.446080,-8.931681,1.009883,60.446372,-7.782479,1.012822,60.446271,-7.191216,1.003755,60.446806,-8.981229,1.002981,60.447069,-9.347609,1.034886,60.451128,-7.903571,1.022277,60.445669,-4.999743,1.018026,60.445870,-5.744105,1.007573,60.445781,-5.703312,1.019442,60.445691,-5.569375,1.016194,60.445726,-6.891576,1.027978,60.445217,-6.351974,1.046016,60.444959,-4.744655,1.049816,60.445442,-5.065893,1.049121,60.445461,-5.670973,1.058443,60.443668,-0.623509,0.997923,60.443218,-1.637825,1.047047,60.444798,-2.822393,1.062766,60.444574,0.879852,1.058695,60.444518,0.585389,1.051454,60.444919,-4.709097,1.065502,60.448345,1.417487,1.066033,60.447022,-1.967128,1.053357,60.446336,-4.391373,1.065654,60.447102,0.510664,1.064326,60.447063,2.732860,1.045076,60.448371,2.697198,0.984998,60.444999,-0.374368,0.985874,60.444539,1.908255,1.000363,60.443113,3.806508,1.013379,60.442470,2.791348,1.056813,60.444429,5.236769,1.072649,60.443959,6.814753,1.028763,60.447978,7.128190,1.035581,60.446926,8.517158,1.036365,60.453831,-6.868798,1.007597,1.007398,1.007386,1.007374,1.007322,1.007449,1.007419,1.007441,-38.847987,0.000000,5.273918,13.365163,6.104401,20.431767,22.817416,-30.910227,0.000000,447.800150,209.391350,467.503357,6.717002,286.592096,294.652499,141.504847,562.436988,245.394482,221.661074,276.382253,200.614467,124.488442,251.663684,184.493662,253.902685,8.239523,988.742731,0.000000,164.790455,75.230425,157.625653,78.812826,137.026846,28.927890,26.868009,92.246831,102.994034,75.767785,-82.574348,42.272334,15.225205,67.617823,24.718568,24.091648,4.119761,223.900075
6.380000,1.056512,60.452875,-3.836537,1.068212,60.450166,0.975297,0.000000,60.000000,0.000000,1.002635,60.446246,-8.930209,1.009946,60.446478,-7.779179,1.012883,60.446354,-7.188747,1.003817,60.446937,-8.974688,1.003044,60.447222,-9.339074,1.034934,60.451593,-7.864385,1.022343,60.445740,-5.001664,1.018091,60.445946,-5.744558,1.007642,60.445877,-5.704312,1.019512,60.445807,-5.570933,1.016271,60.445951,-6.892391,1.028077,60.445773,-6.354961,1.046122,60.445661,-4.748839,1.049920,60.446298,-5.065900,1.049226,60.446313,-5.670861,1.058531,60.444347,-0.637097,0.998019,60.443882,-1.654723,1.047159,60.445502,-2.827727,1.062881,60.445289,0.872955,1.058809,60.445227,0.578059,1.051561,60.445618,-4.713582,1.065621,60.449760,1.440913,1.066140,60.448459,-1.953130,1.053459,60.447496,-4.383567,1.065776,60.449010,0.527366,1.064452,60.449149,2.750087,1.045256,60.449843,2.721065,0.984992,60.444718,-0.382707,0.985915,60.444349,1.897015,1.000409,60.443788,3.788904,1.013481,60.443130,2.769039,1.056926,60.445164,5.228915,1.072756,60.444670,6.803409,1.028873,60.449487,7.149397,1.035714,60.449418,8.535235,1.036409,60.454504,-6.809198,1.007609,1.007373,1.007370,1.007383,1.007331,1.007477,1.007484,1.007473,-38.753915,0.000000,5.270866,13.362393,6.079098,20.465470,22.846072,-30.879153,0.000000,447.800150,209.391350,467.503357,6.717002,286.592096,294.652499,141.504847,562.436988,245.394482,221.661074,276.382253,200.614467,124.488442,251.663684,184.493662,253.902685,8.239523,988.742731,0.000000,164.790455,75.230425,157.625653,78.812826,137.026846,28.927890,26.868009,92.246831,102.994034,75.767785,-82.574348,42.272334,15.225205,67.617823,24.718568,24.091648,4.119761,223.900075
6.400000,1.056615,60.453793,-3.788144,1.068356,60.451519,1.006139,0.000000,60.000000,0.000000,1.002709,60.446470,-8.932707,1.010015,60.446641,-7.780282,1.012950,60.446495,-7.190841,1.003885,60.447120,-8.972396,1.003110,60.447425,-9.334635,1.034981,60.452068,-7.827230,1.022414,60.445874,-5.008214,1.018162,60.446084,-5.749609,1.007716,60.446035,-5.709767,1.019585,60.445984,-5.576806,1.016348,60.446233,-6.896750,1.028161,60.446377,-6.359151,1.046208,60.446408,-4.753187,1.050000,60.447189,-5.065007,1.049306,60.447200,-5.669878,1.058604,60.445083,-0.650960,0.998102,60.444606,-1.671992,1.047253,60.446252,-2.833205,1.062978,60.446051,0.865995,1.058906,60.445982,0.570622,1.051649,60.446363,-4.718248,1.065717,60.451176,1.469116,1.066203,60.449899,-1.934185,1.053524,60.448674,-4.372747,1.065833,60.450898,0.552306,1.064510,60.451206,2.776792,1.045423,60.451321,2.750142,0.984997,60.444520,-0.398121,0.985966,60.444241,1.879350,1.000444,60.444525,3.771018,1.013574,60.443857,2.746365,1.057022,60.445946,5.221142,1.072847,60.445431,6.791986,1.028965,60.450997,7.176060,1.035778,60.451866,8.565647,1.036451,60.455160,-6.750250,1.007620,1.007350,1.007356,1.007394,1.007341,1.007506,1.007547,1.007504,-38.644484,0.000000,5.271738,13.374244,6.068316,20.521868,22.912889,-30.824165,0.000000,447.800150,209.391350,467.503357,6.717002,286.592096,294.652499,141.504847,562.436988,245.394482,221.661074,276.382253,200.614467,124.488442,251.663684,184.493662,253.902685,8.239523,988.742731,0.000000,164.790455,75.230425,157.625653,78.812826,137.026846,28.927890,26.868009,92.246831,102.994034,75.767785,-82.574348,42.272334,15.225205,67.617823,24.718568,24.091648,4.119761,223.900075
6.420000,1.056704,60.454698,-3.738945,1.068478,60.452866,1.040956,0.000000,60.000000,0.000000,1.002784,60.446758,-8.939054,1.010087,60.446870,-7.785664,1.013021,60.446705,-7.197359,1.003956,60.447364,-8.974259,1.003180,60.447687,-9.334219,1.035028,60.452556,-7.792342,1.022489,60.446081,-5.019220,1.018236,60.446293,-5.759095,1.007793,60.446263,-5.719518,1.019661,60.446232,-5.586836,1.016423,60.446580,-6.904535,1.028231,60.447031,-6.364509,1.046276,60.447200,-4.757700,1.050054,60.448113,-5.063292,1.049360,60.448121,-5.668101,1.058664,60.445876,-0.665011,0.998172,60.445392,-1.689515,1.047328,60.447048,-2.838822,1.063057,60.446859,0.858982,1.058983,60.446784,0.563090,1.051719,60.447152,-4.723095,1.065789,60.452585,1.501744,1.066222,60.451333,-1.910639,1.053552,60.449863,-4.359136,1.065828,60.452751,0.584945,1.064501,60.453218,2.812372,1.045576,60.452795,2.784105,0.985012,60.444420,-0.420271,0.986026,60.444229,1.855588,1.000469,60.445324,3.752973,1.013656,60.444653,2.723492,1.057101,60.446775,5.213467,1.072919,60.446240,6.780514,1.029039,60.452500,7.207821,1.035773,60.454246,8.607645,1.036490,60.455800,-6.692398,1.007630,1.007329,1.007344,1.007405,1.007353,1.007534,1.007609,1.007535,-38.520987,0.000000,5.276373,13.400203,6.071629,20.599858,23.016041,-30.746230,0.000000,447.800150,209.391350,467.503357,6.717002,286.592096,294.652499,141.504847,562.436988,245.394482,221.661074,276.382253,200.614467,124.488442,251.663684,184.493662,253.902685,8.239523,988.742731,0.000000,164.790455,75.230425,157.625653,78.812826,137.026846,28.927890,26.868009,92.246831,102.994034,75.767785,-82.574348,42.272334,15.225205,67.617823,24.718568,24.091648,4.119761,223.900075
6.440000,1.056778,60.455589,-3.689361,1.068579,60.454200,1.079348,0.000000,60.000000,0.000000,1.002858,60.447116,-8.949088,1.010161,60.447171,-7.795144,1.013095,60.446989,-7.208106,1.004029,60.447676,-8.980132,1.003252,60.448013,-9.337704,1.035073,60.453061,-7.759938,1.022566,60.446368,-5.034447,1.018313,60.446580,-5.772798,1.007871,60.446569,-5.733350,1.019737,60.446556,-5.600810,1.016496,60.446996,-6.915585,1.028286,60.447738,-6.370992,1.046324,60.448036,-4.762383,1.050083,60.449070,-5.060848,1.049390,60.449073,-5.665624,1.058708,60.446726,-0.679167,0.998229,60.446239,-1.707175,1.047383,60.447889,-2.844578,1.063116,60.447713,0.851923,1.059042,60.447633,0.555472,1.051769,60.447987,-4.728126,1.065840,60.453980,1.538386,1.066200,60.452752,-1.882901,1.053544,60.451060,-4.342997,1.065761,60.454554,0.624636,1.064428,60.455168,2.856100,1.045716,60.454258,2.822566,0.985035,60.444428,-0.448731,0.986094,60.444322,1.826136,1.000482,60.446185,3.734890,1.013726,60.445517,2.700583,1.057163,60.447650,5.205899,1.072974,60.447098,6.769019,1.029095,60.453986,7.244262,1.035701,60.456537,8.660322,1.036525,60.456424,-6.636079,1.007641,1.007312,1.007335,1.007418,1.007366,1.007562,1.007667,1.007567,-38.384917,0.000000,5.284554,13.439565,6.088415,20.698061,23.153205,-30.646608,0.000000,447.800150,209.391350,467.503357,6.717002,286.592096,294.652499,141.504847,562.436988,245.394482,221.661074,276.382253,200.614467,124.488442,251.663684,184.493662,253.902685,8.239523,988.742731,0.000000,164.790455,75.230425,157.625653,78.812826,137.026846,28.927890,26.868009,92.246831,102.994034,75.767785,-82.574348,42.272334,15.225205,67.617823,24.718568,24.091648,4.119761,223.900075
6.460000,1.056839,60.456464,-3.639829,1.068658,60.455515,1.120867,0.000000,60.000000,0.000000,1.002931,60.447550,-8.962599,1.010235,60.447552,-7.808498,1.013170,60.447355,-7.222840,1.004103,60.448062,-8.989825,1.003325,60.448409,-9.344927,1.035115,60.453585,-7.730208,1.022644,60.446742,-5.053617,1.018391,60.446952,-5.790449,1.007950,60.446959,-5.751001,1.019813,60.446964,-5.618474,1.016564,60.447486,-6.929705,1.028325,60.448497,-6.378546,1.046352,60.448916,-4.767243,1.050087,60.450055,-5.057781,1.049394,60.450055,-5.662553,1.058737,60.447632,-0.693345,0.998273,60.447147,-1.724858,1.047418,60.448774,-2.850474,1.063156,60.448612,0.844821,1.059082,60.448527,0.547774,1.051800,60.448865,-4.733347,1.065868,60.455353,1.578582,1.066136,60.454149,-1.851439,1.053502,60.452258,-4.324631,1.065636,60.456294,0.670638,1.064292,60.457043,2.907139,1.045842,60.455702,2.865083,0.985066,60.444555,-0.482999,0.986168,60.444530,1.791472,1.000483,60.447108,3.716889,1.013785,60.446447,2.677799,1.057206,60.448571,5.198445,1.073010,60.448004,6.757522,1.029133,60.455449,7.284907,1.035565,60.458721,8.722629,1.036558,60.457034,-6.581726,1.007651,1.007299,1.007329,1.007433,1.007381,1.007590,1.007723,1.007598,-38.237950,0.000000,5.296018,13.491446,6.117866,20.814854,23.321602,-30.526836,0.000000,447.800150,209.391350,467.503357,6.717002,286.592096,294.652499,141.504847,562.436988,245.394482,221.661074,276.382253,200.614467,124.488442,251.663684,184.493662,253.902685,8.239523,988.742731,0.000000,164.790455,75.230425,157.625653,78.812826,137.026846,28.927890,26.868009,92.246831,102.994034,75.767785,-82.574348,42.272334,15.225205,67.617823,24.718568,24.091648,4.119761,223.900075
6.480000,1.056886,60.457321,-3.590793,1.068717,60.456804,1.165022,0.000000,60.000000,0.000000,1.003000,60.448064,-8.979342,1.010309,60.448016,-7.825455,1.013244,60.447807,-7.241269,1.004176,60.448527,-9.003104,1.003396,60.448880,-9.355679,1.035155,60.454131,-7.703322,1.022721,60.447208,-5.076400,1.018468,60.447415,-5.811734,1.008027,60.447438,-5.772162,1.019887,60.447459,-5.639527,1.016626,60.448055,-6.946661,1.028349,60.449311,-6.387107,1.046361,60.449840,-4.772284,1.050066,60.451069,-5.054207,1.049373,60.451064,-5.659002,1.058751,60.448594,-0.707466,0.998303,60.448114,-1.742452,1.047434,60.449703,-2.856514,1.063178,60.449556,0.837680,1.059103,60.449466,0.540001,1.051811,60.449788,-4.738761,1.065875,60.456698,1.621822,1.066034,60.455516,-1.816769,1.053426,60.453452,-4.304368,1.065456,60.457961,0.722129,1.064098,60.458827,2.964559,1.045954,60.457119,2.911161,0.985102,60.444810,-0.522499,0.986247,60.444861,1.752138,1.000473,60.448091,3.699088,1.013831,60.447444,2.655297,1.057232,60.449536,5.191106,1.073029,60.448957,6.746043,1.029153,60.456881,7.329232,1.035369,60.460781,8.793394,1.036587,60.457631,-6.529755,1.007660,1.007290,1.007326,1.007449,1.007398,1.007617,1.007774,1.007629,-38.081916,0.000000,5.310461,13.554801,6.159005,20.948382,23.518047,-30.388707,0.000000,447.800150,209.391350,467.503357,6.717002,286.592096,294.652499,141.504847,562.436988,245.394482,221.661074,276.382253,200.614467,124.488442,251.663684,184.493662,253.902685,8.239523,988.742731,0.000000,164.790455,75.230425,157.625653,78.812826,137.026846,28.927890,26.868009,92.246831,102.994034,75.767785,-82.574348,42.272334,15.225205,67.617823,24.718568,24.091648,4.119761,223.900075
6.500000,1.056919,60.458159,-3.542698,1.068757,60.458061,1.211290,0.000000,60.000000,0.000000,1.003065,60.448663,-8.999029,1.010381,60.448568,-7.845703,1.013317,60.448351,-7.263062,1.004246,60.449074,-9.019692,1.003465,60.449430,-9.369712,1.035192,60.454702,-7.679421,1.022796,60.447770,-5.102425,1.018543,60.447971,-5.836296,1.008101,60.448010,-5.796487,1.019957,60.448047,-5.663627,1.016682,60.448705,-6.966187,1.028356,60.450178,-6.396598,1.046351,60.450806,-4.777512,1.050022,60.452107,-5.050251,1.049328,60.452099,-5.655096,1.058750,60.449609,-0.721450,0.998320,60.449140,-1.759844,1.047431,60.450675,-2.862697,1.063180,60.450542,0.830499,1.059105,60.450449,0.532157,1.051803,60.450752,-4.744371,1.065862,60.458007,1.667562,1.065896,60.456846,-1.779447,1.053318,60.454640,-4.282560,1.065224,60.459543,0.778219,1.063850,60.460511,3.027354,1.046054,60.458500,2.960256,0.985142,60.445199,-0.566594,0.986328,60.445321,1.708733,1.000452,60.449133,3.681602,1.013866,60.448504,2.633231,1.057239,60.450544,5.183881,1.073030,60.449954,6.734598,1.029157,60.458274,7.376668,1.035116,60.462702,8.871344,1.036613,60.458216,-6.480570,1.007669,1.007285,1.007327,1.007466,1.007416,1.007643,1.007822,1.007659,-37.918777,0.000000,5.327542,13.628438,6.210702,21.096593,23.739007,-30.234247,0.000000,447.800150,209.391350,467.503357,6.717002,286.592096,294.652499,141.504847,562.436988,245.394482,221.661074,276.382253,200.614467,124.488442,251.663684,184.493662,253.902685,8.239523,988.742731,0.000000,164.790455,75.230425,157.625653,78.812826,137.026846,28.927890,26.868009,92.246831,102.994034,75.767785,-82.574348,42.272334,15.225205,67.617823,24.718568,24.091648,4.119761,223.900075
6.520000,1.056940,60.458976,-3.495990,1.068777,60.459281,1.259116,0.000000,60.000000,0.000000,1.003124,60.449349,-9.021344,1.010449,60.449212,-7.868891,1.013386,60.448988,-7.287847,1.004314,60.449708,-9.039279,1.003530,60.450062,-9.386742,1.035225,60.455300,-7.658618,1.022868,60.448432,-5.131284,1.018614,60.448626,-5.863739,1.008171,60.448678,-5.823589,1.020023,60.448729,-5.690401,1.016731,60.449438,-6.987987,1.028347,60.451098,-6.406933,1.046322,60.451812,-4.782930,1.049956,60.453169,-5.046040,1.049262,60.453157,-5.650961,1.058733,60.450676,-0.735219,0.998323,60.450221,-1.776927,1.047409,60.451688,-2.869025,1.063164,60.451570,0.823280,1.059088,60.451472,0.524246,1.051777,60.451758,-4.750179,1.065830,60.459276,1.715222,1.065724,60.458134,-1.740060,1.053181,60.455816,-4.259581,1.064946,60.461034,0.837967,1.063552,60.462085,3.094455,1.046141,60.459840,3.011788,0.985184,60.445726,-0.614594,0.986410,60.445913,1.661906,1.000419,60.450231,3.664544,1.013889,60.449625,2.611747,1.057230,60.451592,5.176767,1.073013,60.450995,6.723203,1.029145,60.459622,7.426609,1.034813,60.464472,8.955125,1.036635,60.458790,-6.434549,1.007678,1.007284,1.007331,1.007485,1.007435,1.007669,1.007864,1.007689,-37.750599,0.000000,5.346887,13.711038,6.271695,21.257261,23.980655,-30.065687,0.000000,447.800150,209.391350,467.503357,6.717002,286.592096,294.652499,141.504847,562.436988,245.394482,221.661074,276.382253,200.614467,124.488442,251.663684,184.493662,253.902685,8.239523,988.742731,0.000000,164.790455,75.230425,157.625653,78.812826,137.026846,28.927890,26.868009,92.246831,102.994034,75.767785,-82.574348,42.272334,15.225205,67.617823,24.718568,24.091648,4.119761,223.900075
6.540000,1.056948,60.459772,-3.451104,1.068781,60.460458,1.307926,0.000000,60.000000,0.000000,1.003177,60.450122,-9.045937,1.010513,60.449948,-7.894639,1.013451,60.449722,-7.315221,1.004376,60.450430,-9.061519,1.003590,60.450779,-9.406452,1.035253,60.455925,-7.640999,1.022934,60.449194,-5.162537,1.018680,60.449379,-5.893637,1.008236,60.449443,-5.853053,1.020083,60.449507,-5.719444,1.016771,60.450255,-7.011742,1.028323,60.452071,-6.418015,1.046276,60.452857,-4.788537,1.049868,60.454251,-5.041703,1.049174,60.454236,-5.646723,1.058702,60.451791,-0.748697,0.998313,60.451356,-1.793593,1.047370,60.452740,-2.875495,1.063131,60.452636,0.816023,1.059054,60.452535,0.516274,1.051733,60.452802,-4.756182,1.065780,60.460498,1.764199,1.065523,60.459376,-1.699215,1.053018,60.456976,-4.235813,1.064627,60.462426,0.900398,1.063211,60.463542,3.164753,1.046217,60.461131,3.065140,0.985227,60.446396,-0.665766,0.986492,60.446641,1.612342,1.000376,60.451382,3.648020,1.013900,60.450804,2.590987,1.057203,60.452677,5.169758,1.072981,60.452075,6.711870,1.029118,60.460919,7.478418,1.034465,60.466083,9.043328,1.036655,60.459355,-6.392047,1.007686,1.007288,1.007339,1.007504,1.007456,1.007693,1.007902,1.007717,-37.579522,0.000000,5.368098,13.801179,6.340609,21.428014,24.238933,-29.885437,0.000000,447.800150,209.391350,467.503357,6.717002,286.592096,294.652499,141.504847,562.436988,245.394482,221.661074,276.382253,200.614467,124.488442,251.663684,184.493662,253.902685,8.239523,988.742731,0.000000,164.790455,75.230425,157.625653,78.812826,137.026846,28.927890,26.868009,92.246831,102.994034,75.767785,-82.574348,42.272334,15.225205,67.617823,24.718568,24.091648,4.119761,223.900075
6.560000,1.056945,60.460545,-3.408464,1.068769,60.461588,1.357129,0.000000,60.000000,0.000000,1.003222,60.450984,-9.072437,1.010570,60.450778,-7.922539,1.013510,60.450551,-7.344753,1.004433,60.451239,-9.086040,1.003645,60.451579,-9.428501,1.035277,60.456579,-7.626623,1.022994,60.450057,-5.195720,1.018740,60.450231,-5.925538,1.008294,60.450306,-5.884440,1.020135,60.450380,-5.750326,1.016803,60.451156,-7.037109,1.028284,60.453094,-6.429737,1.046213,60.453938,-4.794329,1.049762,60.455350,-5.037368,1.049067,60.455332,-5.642509,1.058658,60.452952,-0.761809,0.998290,60.452540,-1.809740,1.047313,60.453828,-2.882101,1.063081,60.453738,0.808732,1.059005,60.453635,0.508248,1.051672,60.453883,-4.762373,1.065715,60.461669,1.813874,1.065295,60.460566,-1.657533,1.052831,60.458118,-4.211643,1.064273,60.463715,0.964516,1.062833,60.464876,3.237117,1.046281,60.462367,3.119670,0.985269,60.447209,-0.719346,0.986571,60.447504,1.560757,1.000322,60.452582,3.632133,1.013899,60.452036,2.571085,1.057161,60.453797,5.162847,1.072934,60.453193,6.700614,1.029078,60.462158,7.531437,1.034078,60.467527,9.134508,1.036671,60.459912,-6.353389,1.007694,1.007297,1.007351,1.007525,1.007478,1.007717,1.007935,1.007744,-37.407734,0.000000,5.390758,13.897353,6.415977,21.606370,24.509623,-29.696052,0.000000,447.800150,209.391350,467.503357,6.717002,286.592096,294.652499,141.504847,562.436988,245.394482,221.661074,276.382253,200.614467,124.488442,251.663684,184.493662,253.902685,8.239523,988.742731,0.000000,164.790455,75.230425,157.625653,78.812826,137.026846,28.927890,26.868009,92.246831,102.994034,75.767785,-82.574348,42.272334,15.225205,67.617823,24.718568,24.091648,4.119761,223.900075
6.580000,1.056932,60.461294,-3.368475,1.068742,60.462667,1.406128,0.000000,60.000000,0.000000,1.003258,60.451933,-9.100452,1.010619,60.451700,-7.952161,1.013562,60.451477,-7.375993,1.004482,60.452137,-9.112450,1.003692,60.452463,-9.452520,1.035297,60.457262,-7.615517,1.023047,60.451021,-5.230349,1.018793,60.451182,-5.958970,1.008344,60.451266,-5.917289,1.020180,60.451349,-5.782601,1.016825,60.452139,-7.063730,1.028232,60.454166,-6.441983,1.046135,60.455053,-4.800295,1.049638,60.456465,-5.033159,1.048943,60.456445,-5.638439,1.058602,60.454155,-0.774483,0.998256,60.453769,-1.825267,1.047242,60.454949,-2.888833,1.063016,60.454872,0.801412,1.058940,60.454768,0.500177,1.051597,60.454997,-4.768741,1.065636,60.462784,1.863620,1.065046,60.461702,-1.615633,1.052624,60.459239,-4.187457,1.063889,60.464897,1.029321,1.062424,60.466084,3.310408,1.046335,60.463543,3.174718,0.985309,60.448163,-0.774550,0.986647,60.448502,1.507883,1.000260,60.453827,3.616979,1.013888,60.453318,2.552168,1.057106,60.454948,5.156030,1.072873,60.454344,6.689447,1.029025,60.463336,7.584992,1.033659,60.468801,9.227212,1.036683,60.460462,-6.318867,1.007701,1.007311,1.007366,1.007548,1.007501,1.007739,1.007962,1.007769,-37.237435,0.000000,5.414438,13.997991,6.496268,21.789768,24.788405,-29.500197,0.000000,447.800150,209.391350,467.503357,6.717002,286.592096,294.652499,141.504847,562.436988,245.394482,221.661074,276.382253,200.614467,124.488442,251.663684,184.493662,253.902685,8.239523,988.742731,0.000000,164.790455,75.230425,157.625653,78.812826,137.026846,28.927890,26.868009,92.246831,102.994034,75.767785,-82.574348,42.272334,15.225205,67.617823,24.718568,24.091648,4.119761,223.900075
6.600000,1.056909,60.462020,-3.331521,1.068704,60.463691,1.454327,0.000000,60.000000,0.000000,1.003286,60.452967,-9.129576,1.010661,60.452712,-7.983061,1.013606,60.452495,-7.408475,1.004524,60.453120,-9.140336,1.003732,60.453430,-9.478127,1.035311,60.457976,-7.607680,1.023091,60.452081,-5.265928,1.018838,60.452229,-5.993449,1.008385,60.452320,-5.951129,1.020217,60.452410,-5.815810,1.016837,60.453202,-7.091233,1.028167,60.455284,-6.454628,1.046043,60.456199,-4.806419,1.049501,60.457592,-5.029191,1.048804,60.457570,-5.634628,1.058534,60.455396,-0.786648,0.998211,60.455040,-1.840077,1.047157,60.456101,-2.895678,1.062939,60.456037,0.794072,1.058862,60.455930,0.492075,1.051508,60.456143,-4.775267,1.065546,60.463840,1.912806,1.064780,60.462782,-1.574131,1.052402,60.460336,-4.163632,1.063484,60.465971,1.093828,1.061992,60.467165,3.383501,1.046381,60.464652,3.229611,0.985346,60.449255,-0.830584,0.986718,60.449632,1.454464,1.000189,60.455112,3.602651,1.013868,60.454644,2.534354,1.057037,60.456127,5.149300,1.072801,60.455526,6.678381,1.028963,60.464447,7.638403,1.033214,60.469905,9.319996,1.036693,60.461006,-6.288737,1.007709,1.007329,1.007386,1.007571,1.007525,1.007760,1.007984,1.007793,-37.070812,0.000000,5.438701,14.101486,6.579906,21.975597,25.070927,-29.300617,0.000000,447.800150,209.391350,467.503357,6.717002,286.592096,294.652499,141.504847,562.436988,245.394482,221.661074,276.382253,200.614467,124.488442,251.663684,184.493662,253.902685,8.239523,988.742731,0.000000,164.790455,75.230425,157.625653,78.812826,137.026846,28.927890,26.868009,92.246831,102.994034,75.767785,-82.574348,42.272334,15.225205,67.617823,24.718568,24.091648,4.119761,223.900075
6.620000,1.056878,60.462722,-3.297957,1.068655,60.464658,1.501135,0.000000,60.000000,0.000000,1.003304,60.454082,-9.159394,1.010695,60.453812,-8.014787,1.013641,60.453604,-7.441725,1.004558,60.454186,-9.169276,1.003764,60.454475,-9.504925,1.035321,60.458718,-7.603083,1.023127,60.453235,-5.301955,1.018874,60.453368,-6.028482,1.008418,60.453464,-5.985480,1.020244,60.453560,-5.849486,1.016840,60.454343,-7.119241,1.028091,60.456444,-6.467541,1.045941,60.457371,-4.812681,1.049351,60.458729,-5.025572,1.048654,60.458704,-5.631179,1.058456,60.456670,-0.798233,0.998157,60.456347,-1.854078,1.047061,60.457280,-2.902614,1.062850,60.457226,0.786722,1.058774,60.457120,0.483958,1.051408,60.457316,-4.781928,1.065447,60.464834,1.960811,1.064502,60.463804,-1.533623,1.052167,60.461407,-4.140534,1.063062,60.466937,1.157075,1.061543,60.468119,3.455298,1.046418,60.465692,3.283675,0.985378,60.450481,-0.886657,0.986782,60.450887,1.401238,1.000111,60.456433,3.589233,1.013838,60.456008,2.517755,1.056958,60.457328,5.142653,1.072718,60.456733,6.667430,1.028892,60.465487,7.690989,1.032752,60.470838,9.411451,1.036700,60.461546,-6.263215,1.007716,1.007352,1.007408,1.007595,1.007551,1.007780,1.008001,1.007815,-36.910007,0.000000,5.463110,14.206218,6.665298,22.161235,25.352869,-29.100097,0.000000,447.800150,209.391350,467.503357,6.717002,286.592096,294.652499,141.504847,562.436988,245.394482,221.661074,276.382253,200.614467,124.488442,251.663684,184.493662,253.902685,8.239523,988.742731,0.000000,164.790455,75.230425,157.625653,78.812826,137.026846,28.927890,26.868009,92.246831,102.994034,75.767785,-82.574348,42.272334,15.225205,67.617823,24.718568,24.091648,4.119761,223.900075
6.640000,1.056841,60.463400,-3.268107,1.068598,60.465565,1.545978,0.000000,60.000000,0.000000,1.003313,60.455275,-9.189489,1.010719,60.454994,-8.046882,1.013668,60.454797,-7.475268,1.004582,60.455330,-9.198845,1.003787,60.455597,-9.532511,1.035326,60.459490,-7.601669,1.023154,60.454478,-5.337930,1.018901,60.454594,-6.063579,1.008441,60.454694,-6.019866,1.020262,60.454793,-5.883164,1.016833,60.455555,-7.147373,1.028005,60.457642,-6.480586,1.045829,60.458567,-4.819053,1.049193,60.459871,-5.022400,1.048495,60.459846,-5.628186,1.058370,60.457973,-0.809174,0.998095,60.457686,-1.867183,1.046955,60.458481,-2.909617,1.062752,60.458438,0.779377,1.058676,60.458331,0.475845,1.051299,60.458512,-4.788695,1.065341,60.465765,2.007027,1.064216,60.464767,-1.494684,1.051925,60.462450,-4.118508,1.062633,60.467798,1.218142,1.061086,60.468949,3.524748,1.046448,60.466659,3.336240,0.985405,60.451834,-0.941987,0.986839,60.452262,1.348936,1.000027,60.457784,3.576803,1.013801,60.457405,2.502470,1.056870,60.458549,5.136087,1.072629,60.457961,6.656610,1.028814,60.466455,7.742081,1.032280,60.471606,9.500221,1.036705,60.462084,-6.242474,1.007723,1.007380,1.007435,1.007620,1.007577,1.007798,1.008013,1.007835,-36.757089,0.000000,5.487236,14.310573,6.750855,22.344081,25.630004,-28.901430,0.000000,447.800150,209.391350,467.503357,6.717002,286.592096,294.652499,141.504847,562.436988,245.394482,221.661074,276.382253,200.614467,124.488442,251.663684,184.493662,253.902685,8.239523,988.742731,0.000000,164.790455,75.230425,157.625653,78.812826,137.026846,28.927890,26.868009,92.246831,102.994034,75.767785,-82.574348,42.272334,15.225205,67.617823,24.718568,24.091648,4.119761,223.900075
6.660000,1.056797,60.464054,-3.242260,1.068535,60.466411,1.588301,0.000000,60.000000,0.000000,1.003312,60.456540,-9.219445,1.010734,60.456252,-8.078895,1.013686,60.456070,-7.508631,1.004598,60.456548,-9.228615,1.003801,60.456788,-9.560481,1.035327,60.460288,-7.603354,1.023171,60.455803,-5.373361,1.018919,60.455901,-6.098256,1.008454,60.456002,-6.053814,1.020271,60.456104,-5.916387,1.016817,60.456833,-7.175252,1.027912,60.458874,-6.493624,1.045710,60.459782,-4.825501,1.049029,60.461017,-5.019760,1.048330,60.460991,-5.625733,1.058278,60.459298,-0.819405,0.998027,60.459050,-1.879307,1.046843,60.459702,-2.916659,1.062648,60.459666,0.772057,1.058572,60.459560,0.467761,1.051183,60.459728,-4.795533,1.065231,60.466629,2.050871,1.063928,60.465670,-1.457853,1.051679,60.463464,-4.097877,1.062202,60.468555,1.276161,1.060627,60.469660,3.590856,1.046474,60.467550,3.386649,0.985426,60.453305,-0.995816,0.986887,60.453748,1.298262,0.999940,60.459159,3.565434,1.013757,60.458829,2.488591,1.056775,60.459784,5.129602,1.072533,60.459206,6.645937,1.028732,60.467347,7.791026,1.031806,60.472215,9.585022,1.036707,60.462620,-6.226645,1.007730,1.007412,1.007465,1.007645,1.007604,1.007814,1.008019,1.007853,-36.614025,0.000000,5.510658,14.412973,6.835016,22.521584,25.898261,-28.707377,0.000000,447.800150,209.391350,467.503357,6.717002,286.592096,294.652499,141.504847,562.436988,245.394482,221.661074,276.382253,200.614467,124.488442,251.663684,184.493662,253.902685,8.239523,988.742731,0.000000,164.790455,75.230425,157.625653,78.812826,137.026846,28.927890,26.868009,92.246831,102.994034,75.767785,-82.574348,42.272334,15.225205,67.617823,24.718568,24.091648,4.119761,223.900075
6.680000,1.056749,60.464685,-3.220665,1.068468,60.467195,1.627580,0.000000,60.000000,0.000000,1.003303,60.457869,-9.248857,1.010740,60.457581,-8.110384,1.013694,60.457415,-7.541357,1.004605,60.457833,-9.258167,1.003807,60.458044,-9.588436,1.035324,60.461112,-7.608029,1.023179,60.457202,-5.407772,1.018927,60.457281,-6.132043,1.008458,60.457383,-6.086868,1.020270,60.457485,-5.948709,1.016793,60.458171,-7.202511,1.027814,60.460135,-6.506514,1.045587,60.461012,-4.831989,1.048863,60.462163,-5.017726,1.048163,60.462136,-5.623888,1.058181,60.460641,-0.828866,0.997953,60.460434,-1.890374,1.046727,60.460936,-2.923704,1.062539,60.460907,0.764784,1.058464,60.460802,0.459732,1.051063,60.460959,-4.802402,1.065120,60.467428,2.091787,1.063642,60.466516,-1.423635,1.051434,60.464448,-4.078938,1.061776,60.469213,1.330328,1.060174,60.470255,3.652702,1.046495,60.468363,3.434266,0.985439,60.454884,-1.047421,0.986927,60.455336,1.249894,0.999849,60.460551,3.555188,1.013708,60.460272,2.476199,1.056677,60.461029,5.123201,1.072435,60.460463,6.635429,1.028648,60.468163,7.837196,1.031337,60.472672,9.664663,1.036707,60.463156,-6.215812,1.007737,1.007448,1.007498,1.007671,1.007631,1.007829,1.008021,1.007869,-36.482652,0.000000,5.532975,14.511891,6.916274,22.691282,26.153779,-28.520632,0.000000,447.800150,209.391350,467.503357,6.717002,286.592096,294.652499,141.504847,562.436988,245.394482,221.661074,276.382253,200.614467,124.488442,251.663684,184.493662,253.902685,8.239523,988.742731,0.000000,164.790455,75.230425,157.625653,78.812826,137.026846,28.927890,26.868009,92.246831,102.994034,75.767785,-82.574348,42.272334,15.225205,67.617823,24.718568,24.091648,4.119761,223.900075
6.700000,1.056698,60.465293,-3.203529,1.068400,60.467916,1.663322,0.000000,60.000000,0.000000,1.003284,60.459256,-9.277333,1.010737,60.458971,-8.140922,1.013693,60.458824,-7.573004,1.004603,60.459177,-9.287095,1.003804,60.459356,-9.615988,1.035316,60.461960,-7.615561,1.023177,60.458667,-5.440706,1.018925,60.458727,-6.164490,1.008452,60.458827,-6.118590,1.020261,60.458927,-5.979703,1.016761,60.459561,-7.228795,1.027712,60.461419,-6.519117,1.045462,60.462252,-4.838473,1.048697,60.463304,-5.016357,1.047996,60.463278,-5.622708,1.058081,60.461996,-0.837501,0.997876,60.461831,-1.900314,1.046608,60.462180,-2.930715,1.062428,60.462155,0.757582,1.058354,60.462053,0.451789,1.050941,60.462200,-4.809258,1.065010,60.468160,2.129254,1.063364,60.467304,-1.392489,1.051194,60.465400,-4.061957,1.061363,60.469778,1.379913,1.059733,60.470743,3.709449,1.046513,60.469097,3.478486,0.985445,60.456559,-1.096116,0.986957,60.457013,1.204467,0.999756,60.461955,3.546123,1.013655,60.461729,2.465365,1.056576,60.462279,5.116889,1.072336,60.461727,6.625106,1.028563,60.468902,7.879995,1.030879,60.472988,9.738055,1.036705,60.463694,-6.210012,1.007744,1.007487,1.007533,1.007698,1.007659,1.007843,1.008019,1.007883,-36.364657,0.000000,5.553806,14.605878,6.993192,22.850826,26.392959,-28.343790,0.000000,447.800150,209.391350,467.503357,6.717002,286.592096,294.652499,141.504847,562.436988,245.394482,221.661074,276.382253,200.614467,124.488442,251.663684,184.493662,253.902685,8.239523,988.742731,0.000000,164.790455,75.230425,157.625653,78.812826,137.026846,28.927890,26.868009,92.246831,102.994034,75.767785,-82.574348,42.272334,15.225205,67.617823,24.718568,24.091648,4.119761,223.900075
6.720000,1.056646,60.465879,-3.191016,1.068332,60.468576,1.695077,0.000000,60.000000,0.000000,1.003258,60.460691,-9.304502,1.010725,60.460415,-8.170106,1.013683,60.460288,-7.603153,1.004592,60.460573,-9.315011,1.003793,60.460718,-9.642763,1.035306,60.462829,-7.625795,1.023166,60.460188,-5.471736,1.018915,60.460228,-6.195174,1.008437,60.460325,-6.148566,1.020242,60.460423,-6.008970,1.016722,60.460995,-7.253769,1.027608,60.462720,-6.531295,1.045338,60.463496,-4.844908,1.048535,60.464439,-5.015701,1.047833,60.464413,-5.622237,1.057981,60.463356,-0.845258,0.997798,60.463234,-1.909064,1.046490,60.463428,-2.937651,1.062318,60.463405,0.750479,1.058245,60.463306,0.443963,1.050819,60.463446,-4.816055,1.064904,60.468826,2.162796,1.063098,60.468036,-1.364822,1.050963,60.466319,-4.047168,1.060969,60.470256,1.424268,1.059313,60.471131,3.760351,1.046529,60.469753,3.518735,0.985443,60.458317,-1.141270,0.986976,60.458767,1.162567,0.999664,60.463363,3.538286,1.013600,60.463191,2.456149,1.056475,60.463528,5.110675,1.072239,60.462992,6.614988,1.028480,60.469564,7.918866,1.030441,60.473174,9.804229,1.036702,60.464233,-6.209236,1.007750,1.007530,1.007571,1.007725,1.007687,1.007855,1.008013,1.007894,-36.261553,0.000000,5.572797,14.693579,7.064429,22.998014,26.612510,-28.179312,0.000000,447.800150,209.391350,467.503357,6.717002,286.592096,294.652499,141.504847,562.436988,245.394482,221.661074,276.382253,200.614467,124.488442,251.663684,184.493662,253.902685,8.239523,988.742731,0.000000,164.790455,75.230425,157.625653,78.812826,137.026846,28.927890,26.868009,92.246831,102.994034,75.767785,-82.574348,42.272334,15.225205,67.617823,24.718568,24.091648,4.119761,223.900075
6.740000,1.056593,60.466444,-3.183242,1.068267,60.469174,1.722439,0.000000,60.000000,0.000000,1.003224,60.462166,-9.330018,1.010704,60.461902,-8.197559,1.013664,60.461798,-7.631417,1.004573,60.462010,-9.341550,1.003773,60.462121,-9.668409,1.035292,60.463716,-7.638554,1.023146,60.461754,-5.500468,1.018895,60.461775,-6.223702,1.008413,60.461867,-6.176417,1.020215,60.461960,-6.036139,1.016676,60.462464,-7.277121,1.027504,60.464032,-6.542920,1.045216,60.464740,-4.851248,1.048379,60.465562,-5.015792,1.047676,60.465537,-5.622505,1.057882,60.464715,-0.852089,0.997719,60.464638,-1.916569,1.046374,60.464674,-2.944470,1.062210,60.464653,0.743507,1.058139,60.464557,0.436290,1.050700,60.464692,-4.822745,1.064805,60.469429,2.191982,1.062849,60.468714,-1.340991,1.050746,60.467206,-4.034770,1.060600,60.470654,1.462835,1.058919,60.471428,3.804767,1.046546,60.470330,3.554486,0.985432,60.460145,-1.182307,0.986986,60.460585,1.124727,0.999573,60.464769,3.531717,1.013543,60.464653,2.448596,1.056377,60.464772,5.104570,1.072146,60.464253,6.605101,1.028401,60.470151,7.953301,1.030028,60.473243,9.862346,1.036698,60.464776,-6.213427,1.007757,1.007576,1.007612,1.007752,1.007716,1.007865,1.008003,1.007904,-36.174658,0.000000,5.589623,14.773751,7.128752,23.130817,26.809493,-28.029492,0.000000,447.800150,209.391350,467.503357,6.717002,286.592096,294.652499,141.504847,562.436988,245.394482,221.661074,276.382253,200.614467,124.488442,251.663684,184.493662,253.902685,8.239523,988.742731,0.000000,164.790455,75.230425,157.625653,78.812826,137.026846,28.927890,26.868009,92.246831,102.994034,75.767785,-82.574348,42.272334,15.225205,67.617823,24.718568,24.091648,4.119761,223.900075
6.760000,1.056542,60.466990,-3.180275,1.068206,60.469713,1.745052,0.000000,60.000000,0.000000,1.003183,60.463670,-9.353566,1.010675,60.463422,-8.222939,1.013636,60.463341,-7.657443,1.004545,60.463480,-9.366378,1.003746,60.463554,-9.692602,1.035275,60.464618,-7.653647,1.023118,60.463355,-5.526548,1.018866,60.463356,-6.249722,1.008381,60.463442,-6.201798,1.020181,60.463530,-6.060876,1.016624,60.463958,-7.298567,1.027403,60.465347,-6.553868,1.045099,60.465978,-4.857445,1.048232,60.466670,-5.016651,1.047529,60.466647,-5.623532,1.057785,60.466066,-0.857956,0.997642,60.466034,-1.922784,1.046264,60.465914,-2.951130,1.062108,60.465893,0.736696,1.058038,60.465801,0.428805,1.050586,60.465932,-4.829277,1.064714,60.469969,2.216438,1.062620,60.469342,-1.321293,1.050545,60.468059,-4.024927,1.060260,60.470979,1.495147,1.058556,60.471643,3.842161,1.046564,60.470831,3.585262,0.985413,60.462027,-1.218717,0.986984,60.462451,1.091413,0.999485,60.466166,3.526446,1.013487,60.466106,2.442743,1.056283,60.466006,5.098590,1.072058,60.465505,6.595467,1.028328,60.470665,7.982842,1.029647,60.473210,9.911705,1.036694,60.465323,-6.222479,1.007764,1.007624,1.007654,1.007778,1.007744,1.007873,1.007991,1.007911,-36.105077,0.000000,5.603996,14.845282,7.185060,23.247406,26.981349,-27.896429,0.000000,447.800150,209.391350,467.503357,6.717002,286.592096,294.652499,141.504847,562.436988,245.394482,221.661074,276.382253,200.614467,124.488442,251.663684,184.493662,253.902685,8.239523,988.742731,0.000000,164.790455,75.230425,157.625653,78.812826,137.026846,28.927890,26.868009,92.246831,102.994034,75.767785,-82.574348,42.272334,15.225205,67.617823,24.718568,24.091648,4.119761,223.900075
6.780000,1.056493,60.467518,-3.182134,1.068152,60.470195,1.762616,0.000000,60.000000,0.000000,1.003135,60.465193,-9.374866,1.010637,60.464965,-8.245939,1.013600,60.464908,-7.680917,1.004510,60.464971,-9.389192,1.003711,60.465009,-9.715045,1.035256,60.465531,-7.670865,1.023080,60.464979,-5.549663,1.018829,60.464960,-6.272921,1.008340,60.465039,-6.224406,1.020138,60.465120,-6.082887,1.016568,60.465467,-7.317855,1.027305,60.466660,-6.564028,1.044989,60.467204,-4.863451,1.048097,60.467759,-5.018288,1.047392,60.467738,-5.625323,1.057692,60.467403,-0.862825,0.997567,60.467417,-1.927675,1.046160,60.467142,-2.957586,1.062012,60.467119,0.730080,1.057944,60.467031,0.421543,1.050479,60.467160,-4.835604,1.064633,60.470450,2.235843,1.062415,60.469921,-1.305968,1.050364,60.468879,-4.017765,1.059956,60.471241,1.520838,1.058231,60.471788,3.872111,1.046584,60.471258,3.610639,0.985384,60.463949,-1.250063,0.986971,60.464351,1.063028,0.999400,60.467547,3.522496,1.013433,60.467543,2.438611,1.056195,60.467224,5.092752,1.071978,60.466743,6.586112,1.028262,60.471108,8.007091,1.029301,60.473089,9.951749,1.036689,60.465875,-6.236243,1.007771,1.007673,1.007697,1.007805,1.007772,1.007880,1.007975,1.007915,-36.053693,0.000000,5.615664,14.907204,7.232390,23.346170,27.125936,-27.782002,0.000000,447.800150,209.391350,467.503357,6.717002,286.592096,294.652499,141.504847,562.436988,245.394482,221.661074,276.382253,200.614467,124.488442,251.663684,184.493662,253.902685,8.239523,988.742731,0.000000,164.790455,75.230425,157.625653,78.812826,137.026846,28.927890,26.868009,92.246831,102.994034,75.767785,-82.574348,42.272334,15.225205,67.617823,24.718568,24.091648,4.119761,223.900075
6.800000,1.056447,60.468028,-3.188789,1.068106,60.470623,1.774887,0.000000,60.000000,0.000000,1.003080,60.466724,-9.393675,1.010592,60.466518,-8.266293,1.013555,60.466486,-7.701567,1.004467,60.466474,-9.409728,1.003669,60.466475,-9.735477,1.035235,60.466452,-7.689986,1.023035,60.466614,-5.569549,1.018783,60.466575,-6.293034,1.008291,60.466646,-6.243984,1.020088,60.466718,-6.101920,1.016507,60.466980,-7.334771,1.027213,60.467961,-6.573302,1.044888,60.468412,-4.869222,1.047975,60.468825,-5.020702,1.047270,60.468806,-5.627876,1.057606,60.468720,-0.866671,0.997497,60.468779,-1.931216,1.046065,60.468351,-2.963798,1.061924,60.468326,0.723689,1.057859,60.468242,0.414540,1.050381,60.468371,-4.841681,1.064566,60.470875,2.249939,1.062237,60.470456,-1.295193,1.050205,60.469664,-4.013374,1.059691,60.471447,1.539643,1.057946,60.471873,3.894309,1.046608,60.471615,3.630256,0.985346,60.465892,-1.275982,0.986948,60.466270,1.039897,0.999321,60.468906,3.519876,1.013381,60.468957,2.436210,1.056115,60.468421,5.087074,1.071907,60.467960,6.577064,1.028206,60.471485,8.025712,1.028997,60.472896,9.982073,1.036683,60.466433,-6.254524,1.007778,1.007725,1.007741,1.007831,1.007800,1.007886,1.007958,1.007918,-36.021152,0.000000,5.624414,14.958701,7.269935,23.425741,27.241543,-27.687842,0.000000,447.800150,209.391350,467.503357,6.717002,286.592096,294.652499,141.504847,562.436988,245.394482,221.661074,276.382253,200.614467,124.488442,251.663684,184.493662,253.902685,8.239523,988.742731,0.000000,164.790455,75.230425,157.625653,78.812826,137.026846,28.927890,26.868009,92.246831,102.994034,75.767785,-82.574348,42.272334,15.225205,67.617823,24.718568,24.091648,4.119761,223.900075
6.820000,1.056407,60.468524,-3.200160,1.068069,60.471000,1.781684,0.000000,60.000000,0.000000,1.003020,60.468252,-9.409794,1.010538,60.468071,-8.283783,1.013502,60.468065,-7.719172,1.004416,60.467977,-9.427762,1.003619,60.467940,-9.753674,1.035213,60.467378,-7.710779,1.022981,60.468246,-5.585993,1.018730,60.468188,-6.309845,1.008235,60.468250,-6.260322,1.020032,60.468314,-6.117775,1.016443,60.468488,-7.349137,1.027126,60.469245,-6.581604,1.044796,60.469598,-4.874716,1.047868,60.469865,-5.023881,1.047162,60.469849,-5.631178,1.057525,60.470010,-0.869478,0.997431,60.470114,-1.933397,1.045980,60.469538,-2.969727,1.061846,60.469508,0.717557,1.057783,60.469430,0.407829,1.050292,60.469559,-4.847465,1.064512,60.471248,2.258533,1.062089,60.470949,-1.289085,1.050071,60.470415,-4.011806,1.059468,60.471608,1.551395,1.057706,60.471908,3.908565,1.046635,60.471906,3.643818,0.985298,60.467843,-1.296192,0.986913,60.468190,1.022272,0.999247,60.470236,3.518590,1.013333,60.470341,2.435536,1.056043,60.469592,5.081579,1.071846,60.469153,6.568348,1.028160,60.471800,8.038440,1.028737,60.472647,10.002418,1.036678,60.466997,-6.277084,1.007785,1.007777,1.007786,1.007857,1.007827,1.007890,1.007939,1.007919,-36.007857,0.000000,5.630078,14.999124,7.297052,23.485007,27.326912,-27.615315,0.000000,447.800150,209.391350,467.503357,6.717002,286.592096,294.652499,141.504847,562.436988,245.394482,221.661074,276.382253,200.614467,124.488442,251.663684,184.493662,253.902685,8.239523,988.742731,0.000000,164.790455,75.230425,157.625653,78.812826,137.026846,28.927890,26.868009,92.246831,102.994034,75.767785,-82.574348,42.272334,15.225205,67.617823,24.718568,24.091648,4.119761,223.900075
6.840000,1.056371,60.469006,-3.216118,1.068043,60.471331,1.782889,0.000000,60.000000,0.000000,1.002955,60.469765,-9.423067,1.010478,60.469612,-8.298235,1.013441,60.469631,-7.733557,1.004358,60.469469,-9.443114,1.003563,60.469396,-9.769452,1.035188,60.468303,-7.733004,1.022920,60.469864,-5.598836,1.018668,60.469788,-6.323189,1.008171,60.469841,-6.273260,1.019968,60.469895,-6.130297,1.016375,60.469978,-7.360815,1.027047,60.470504,-6.588865,1.044716,60.470755,-4.879896,1.047777,60.470874,-5.027806,1.047071,60.470861,-5.635206,1.057452,60.471267,-0.871237,0.997371,60.471414,-1.934216,1.045905,60.470695,-2.975339,1.061779,60.470661,0.711713,1.057718,60.470588,0.401442,1.050214,60.470718,-4.852919,1.064475,60.471573,2.261498,1.061972,60.471404,-1.287695,1.049964,60.471133,-4.013076,1.059290,60.471730,1.556031,1.057512,60.471906,3.914803,1.046669,60.472136,3.651100,0.985241,60.469783,-1.310494,0.986867,60.470096,1.010323,0.999179,60.471531,3.518628,1.013288,60.471689,2.436570,1.055980,60.470734,5.076288,1.071797,60.470316,6.559992,1.028126,60.472057,8.045078,1.028523,60.472357,10.012681,1.036674,60.467569,-6.303645,1.007793,1.007829,1.007831,1.007882,1.007854,1.007892,1.007919,1.007918,-36.013961,0.000000,5.632530,15.027994,7.313265,23.523128,27.381242,-27.565503,0.000000,447.800150,209.391350,467.503357,6.717002,286.592096,294.652499,141.504847,562.436988,245.394482,221.661074,276.382253,200.614467,124.488442,251.663684,184.493662,253.902685,8.239523,988.742731,0.000000,164.790455,75.230425,157.625653,78.812826,137.026846,28.927890,26.868009,92.246831,102.994034,75.767785,-82.574348,42.272334,15.225205,67.617823,24.718568,24.091648,4.119761,223.900075
6.860000,1.056342,60.469478,-3.236489,1.068029,60.471620,1.778450,0.000000,60.000000,0.000000,1.002884,60.471254,-9.433385,1.010409,60.471130,-8.309525,1.013372,60.471173,-7.744599,1.004292,60.470939,-9.455648,1.003499,60.470831,-9.782670,1.035162,60.469225,-7.756415,1.022850,60.471456,-5.607973,1.018598,60.471362,-6.332955,1.008100,60.471405,-6.282694,1.019899,60.471449,-6.139385,1.016303,60.471441,-7.369713,1.026975,60.471731,-6.595035,1.044646,60.471878,-4.884729,1.047703,60.471849,-5.032447,1.046997,60.471839,-5.639931,1.057387,60.472485,-0.871952,0.997318,60.472673,-1.933686,1.045842,60.471818,-2.980602,1.061722,60.471780,0.706184,1.057664,60.471711,0.395407,1.050147,60.471843,-4.858009,1.064454,60.471856,2.258775,1.061887,60.471825,-1.291017,1.049883,60.471817,-4.017165,1.059158,60.471825,1.553586,1.057367,60.471876,3.913062,1.046708,60.472311,3.651952,0.985173,60.471696,-1.318771,0.986809,60.471973,1.004139,0.999119,60.472784,3.519971,1.013249,60.472993,2.439279,1.055928,60.471840,5.071225,1.071758,60.471444,6.552022,1.028105,60.472264,8.045505,1.028358,60.472042,10.012902,1.036670,60.468148,-6.333892,1.007800,1.007881,1.007875,1.007907,1.007880,1.007894,1.007898,1.007915,-36.039370,0.000000,5.631690,15.045007,7.318276,23.539545,27.404194,-27.539190,0.000000,447.800150,209.391350,467.503357,6.717002,286.592096,294.652499,141.504847,562.436988,245.394482,221.661074,276.382253,200.614467,124.488442,251.663684,184.493662,253.902685,8.239523,988.742731,0.000000,164.790455,75.230425,157.625653,78.812826,137.026846,28.927890,26.868009,92.246831,102.994034,75.767785,-82.574348,42.272334,15.225205,67.617823,24.718568,24.091648,4.119761,223.900075
6.880000,1.056320,60.469939,-3.261049,1.068027,60.471871,1.768381,0.000000,60.000000,0.000000,1.002807,60.472705,-9.440685,1.010333,60.472612,-8.317580,1.013296,60.472680,-7.752227,1.004219,60.472377,-9.465275,1.003429,60.472235,-9.793230,1.035135,60.470138,-7.780764,1.022773,60.473010,-5.613355,1.018521,60.472899,-6.339088,1.008021,60.472931,-6.288569,1.019822,60.472965,-6.144989,1.016229,60.472867,-7.375779,1.026912,60.472920,-6.600079,1.044589,60.472962,-4.889190,1.047647,60.472788,-5.037769,1.046941,60.472780,-5.645317,1.057331,60.473658,-0.871636,0.997271,60.473886,-1.931835,1.045790,60.472902,-2.985491,1.061676,60.472859,0.700994,1.057621,60.472796,0.389748,1.050092,60.472929,-4.862711,1.064450,60.472100,2.250374,1.061836,60.472217,-1.298981,1.049830,60.472468,-4.024018,1.059072,60.471900,1.544191,1.057271,60.471831,3.903491,1.046753,60.472436,3.646297,0.985095,60.473567,-1.320996,0.986740,60.473804,1.003730,0.999065,60.473990,3.522589,1.013215,60.474247,2.443617,1.055885,60.472907,5.066414,1.071731,60.472533,6.544462,1.028097,60.472426,8.039677,1.028242,60.471718,10.003268,1.036666,60.468734,-6.367477,1.007808,1.007933,1.007919,1.007930,1.007905,1.007894,1.007877,1.007910,-36.083742,0.000000,5.627522,15.050038,7.311959,23.533986,27.395882,-27.536853,0.000000,447.800150,209.391350,467.503357,6.717002,286.592096,294.652499,141.504847,562.436988,245.394482,221.661074,276.382253,200.614467,124.488442,251.663684,184.493662,253.902685,8.239523,988.742731,0.000000,164.790455,75.230425,157.625653,78.812826,137.026846,28.927890,26.868009,92.246831,102.994034,75.767785,-82.574348,42.272334,15.225205,67.617823,24.718568,24.091648,4.119761,223.900075
6.900000,1.056306,60.470394,-3.289535,1.068038,60.472091,1.752762,0.000000,60.000000,0.000000,1.002725,60.474111,-9.444952,1.010250,60.474049,-8.322375,1.013211,60.474141,-7.756424,1.004139,60.473772,-9.471954,1.003352,60.473598,-9.801076,1.035106,60.471040,-7.805801,1.022688,60.474513,-5.614988,1.018436,60.474387,-6.341586,1.007934,60.474408,-6.290886,1.019739,60.474431,-6.147111,1.016151,60.474245,-7.379006,1.026855,60.474063,-6.603982,1.044542,60.474001,-4.893260,1.047608,60.473686,-5.043729,1.046901,60.473681,-5.651321,1.057282,60.474781,-0.870312,0.997231,60.475046,-1.928700,1.045749,60.473942,-2.989987,1.061641,60.473894,0.696165,1.057589,60.473836,0.384486,1.050049,60.473971,-4.867006,1.064464,60.472314,2.236375,1.061818,60.472582,-1.311461,1.049804,60.473086,-4.033547,1.059033,60.471965,1.528070,1.057224,60.471780,3.886346,1.046806,60.472520,3.634138,0.985006,60.475379,-1.317221,0.986659,60.475574,1.009025,0.999018,60.475143,3.526439,1.013186,60.475445,2.449523,1.055852,60.473931,5.061878,1.071714,60.473579,6.537335,1.028104,60.472551,8.027627,1.028176,60.471400,9.984104,1.036664,60.469328,-6.404021,1.007817,1.007983,1.007961,1.007953,1.007929,1.007894,1.007857,1.007904,-36.146495,0.000000,5.620040,15.043134,7.294364,23.506468,27.356869,-27.558657,0.000000,447.800150,209.391350,467.503357,6.717002,286.592096,294.652499,141.504847,562.436988,245.394482,221.661074,276.382253,200.614467,124.488442,251.663684,184.493662,253.902685,8.239523,988.742731,0.000000,164.790455,75.230425,157.625653,78.812826,137.026846,28.927890,26.868009,92.246831,102.994034,75.767785,-82.574348,42.272334,15.225205,67.617823,24.718568,24.091648,4.119761,223.900075
6.920000,1.056299,60.470843,-3.321638,1.068062,60.472285,1.731738,0.000000,60.000000,0.000000,1.002637,60.475459,-9.446217,1.010158,60.475430,-8.323937,1.013118,60.475544,-7.757223,1.004051,60.475114,-9.475687,1.003267,60.474910,-9.806199,1.035076,60.471926,-7.831279,1.022596,60.475955,-5.612933,1.018342,60.475815,-6.340500,1.007841,60.475825,-6.289698,1.019649,60.475838,-6.145804,1.016069,60.475566,-7.379430,1.026806,60.475155,-6.606748,1.044507,60.474992,-4.896927,1.047585,60.474542,-5.050279,1.046878,60.474539,-5.657897,1.057242,60.475849,-0.868015,0.997198,60.476149,-1.924337,1.045719,60.474934,-2.994078,1.061617,60.474882,0.691714,1.057567,60.474829,0.379637,1.050016,60.474964,-4.870881,1.064495,60.472501,2.216926,1.061831,60.472927,-1.328273,1.049805,60.473673,-4.045632,1.059039,60.472028,1.505534,1.057224,60.471733,3.861982,1.046865,60.472570,3.615558,0.984906,60.477118,-1.307585,0.986566,60.477270,1.019873,0.998977,60.476239,3.531469,1.013163,60.476583,2.456921,1.055828,60.474908,5.057638,1.071707,60.474578,6.530662,1.028124,60.472645,8.009465,1.028158,60.471101,9.955861,1.036663,60.469930,-6.443118,1.007825,1.008031,1.008002,1.007974,1.007952,1.007892,1.007838,1.007897,-36.226811,0.000000,5.609298,15.024518,7.265713,23.457300,27.288144,-27.604453,0.000000,447.800150,209.391350,467.503357,6.717002,286.592096,294.652499,141.504847,562.436988,245.394482,221.661074,276.382253,200.614467,124.488442,251.663684,184.493662,253.902685,8.239523,988.742731,0.000000,164.790455,75.230425,157.625653,78.812826,137.026846,28.927890,26.868009,92.246831,102.994034,75.767785,-82.574348,42.272334,15.225205,67.617823,24.718568,24.091648,4.119761,223.900075
6.940000,1.056301,60.471290,-3.357016,1.068098,60.472459,1.705522,0.000000,60.000000,0.000000,1.002543,60.476742,-9.444558,1.010059,60.476746,-8.322340,1.013016,60.476881,-7.754708,1.003955,60.476395,-9.476525,1.003175,60.476164,-9.808629,1.035044,60.472794,-7.856955,1.022494,60.477326,-5.607306,1.018241,60.477174,-6.335934,1.007739,60.477173,-6.285109,1.019552,60.477175,-6.141173,1.015984,60.476821,-7.377127,1.026763,60.476191,-6.608398,1.044482,60.475931,-4.900186,1.047578,60.475352,-5.057366,1.046871,60.475352,-5.664993,1.057209,60.476857,-0.864791,0.997170,60.477189,-1.918809,1.045699,60.475873,-2.997755,1.061601,60.475819,0.687651,1.057555,60.475770,0.375211,1.049992,60.475905,-4.874333,1.064544,60.472669,2.192239,1.061876,60.473254,-1.349181,1.049831,60.474230,-4.060124,1.059089,60.472096,1.476975,1.057271,60.471701,3.830847,1.046932,60.472593,3.590715,0.984794,60.478771,-1.292305,0.986462,60.478879,1.036049,0.998942,60.477272,3.537614,1.013145,60.477655,2.465722,1.055812,60.475835,5.053715,1.071709,60.475526,6.524461,1.028159,60.472716,7.985377,1.028186,60.470835,9.919112,1.036663,60.470540,-6.484339,1.007834,1.008076,1.008041,1.007994,1.007973,1.007890,1.007820,1.007889,-36.323653,0.000000,5.595399,14.994576,7.226392,23.387073,27.191103,-27.673776,0.000000,447.800150,209.391350,467.503357,6.717002,286.592096,294.652499,141.504847,562.436988,245.394482,221.661074,276.382253,200.614467,124.488442,251.663684,184.493662,253.902685,8.239523,988.742731,0.000000,164.790455,75.230425,157.625653,78.812826,137.026846,28.927890,26.868009,92.246831,102.994034,75.767785,-82.574348,42.272334,15.225205,67.617823,24.718568,24.091648,4.119761,223.900075
6.960000,1.056310,60.471736,-3.395289,1.068147,60.472619,1.674386,0.000000,60.000000,0.000000,1.002443,60.477952,-9.440093,1.009951,60.477987,-8.317705,1.012906,60.478142,-7.749010,1.003852,60.477605,-9.474559,1.003075,60.477350,-9.808438,1.035010,60.473639,-7.882588,1.022385,60.478616,-5.598271,1.018130,60.478453,-6.328042,1.007629,60.478442,-6.277270,1.019447,60.478434,-6.133367,1.015894,60.478004,-7.372214,1.026726,60.477165,-6.608970,1.044466,60.476814,-4.903040,1.047585,60.476116,-5.064933,1.046878,60.476117,-5.672552,1.057182,60.477802,-0.860694,0.997148,60.478162,-1.912198,1.045687,60.476758,-3.001021,1.061592,60.476701,0.683984,1.057550,60.476657,0.371213,1.049978,60.476790,-4.877366,1.064609,60.472824,2.162594,1.061949,60.473568,-1.373900,1.049881,60.474757,-4.076846,1.059179,60.472178,1.442860,1.057360,60.471692,3.793474,1.047006,60.472598,3.559847,0.984671,60.480324,-1.271673,0.986346,60.480387,1.057258,0.998913,60.478239,3.544800,1.013131,60.478657,2.475822,1.055802,60.476709,5.050126,1.071718,60.476422,6.518746,1.028207,60.472772,7.955625,1.028258,60.470615,9.874540,1.036663,60.471158,-6.527239,1.007843,1.008119,1.008077,1.008013,1.007994,1.007887,1.007804,1.007881,-36.435777,0.000000,5.578485,14.953854,7.176941,23.296656,27.067522,-27.765860,0.000000,447.800150,209.391350,467.503357,6.717002,286.592096,294.652499,141.504847,562.436988,245.394482,221.661074,276.382253,200.614467,124.488442,251.663684,184.493662,253.902685,8.239523,988.742731,0.000000,164.790455,75.230425,157.625653,78.812826,137.026846,28.927890,26.868009,92.246831,102.994034,75.767785,-82.574348,42.272334,15.225205,67.617823,24.718568,24.091648,4.119761,223.900075
6.980000,1.056327,60.472183,-3.436046,1.068207,60.472771,1.638664,0.000000,60.000000,0.000000,1.002336,60.479079,-9.432984,1.009835,60.479147,-8.310196,1.012787,60.479319,-7.740307,1.003739,60.478738,-9.469924,1.002968,60.478461,-9.805739,1.034973,60.474459,-7.907950,1.022267,60.479818,-5.586040,1.018011,60.479646,-6.317025,1.007511,60.479625,-6.266379,1.019335,60.479606,-6.122583,1.015800,60.479106,-7.364845,1.026693,60.478074,-6.608521,1.044457,60.477638,-4.905500,1.047604,60.476831,-5.072920,1.046897,60.476834,-5.680518,1.057160,60.478681,-0.855792,0.997130,60.479065,-1.904595,1.045682,60.477584,-3.003880,1.061591,60.477527,0.680715,1.057552,60.477486,0.367642,1.049971,60.477616,-4.879990,1.064690,60.472972,2.128331,1.062049,60.473873,-1.402100,1.049952,60.475257,-4.095596,1.059306,60.472280,1.403722,1.057488,60.471714,3.750471,1.047086,60.472593,3.523267,0.984536,60.481765,-1.246056,0.986219,60.481785,1.083134,0.998888,60.479137,3.552938,1.013121,60.479585,2.487106,1.055798,60.477528,5.046885,1.071733,60.477261,6.513525,1.028269,60.472821,7.920542,1.028371,60.470449,9.822923,1.036666,60.471783,-6.571358,1.007853,1.008159,1.008110,1.008030,1.008012,1.007885,1.007790,1.007872,-36.561747,0.000000,5.558741,14.903045,7.118048,23.187180,26.919521,-27.879640,0.000000,447.800150,209.391350,467.503357,6.717002,286.592096,294.652499,141.504847,562.436988,245.394482,221.661074,276.382253,200.614467,124.488442,251.663684,184.493662,253.902685,8.239523,988.742731,0.000000,164.790455,75.230425,157.625653,78.812826,137.026846,28.927890,26.868009,92.246831,102.994034,75.767785,-82.574348,42.272334,15.225205,67.617823,24.718568,24.091648,4.119761,223.900075
7.000000,1.056352,60.472633,-3.478853,1.068279,60.472922,1.598747,0.000000,60.000000,0.000000,1.002222,60.480120,-9.423427,1.009711,60.480218,-8.300017,1.012659,60.480405,-7.728817,1.003619,60.479787,-9.462791,1.002852,60.479493,-9.800677,1.034935,60.475250,-7.932818,1.022140,60.480923,-5.570869,1.017883,60.480745,-6.303124,1.007384,60.480714,-6.252676,1.019215,60.480686,-6.109054,1.015700,60.480122,-7.355210,1.026663,60.478913,-6.607121,1.044454,60.478402,-4.907582,1.047633,60.477497,-5.081263,1.046927,60.477502,-5.688827,1.057143,60.479489,-0.850161,0.997116,60.479894,-1.896104,1.045682,60.478349,-3.006348,1.061593,60.478293,0.677839,1.057558,60.478256,0.364491,1.049970,60.478382,-4.882222,1.064785,60.473120,2.089846,1.062172,60.474174,-1.433408,1.050042,60.475731,-4.116148,1.059467,60.472409,1.360154,1.057653,60.471774,3.702512,1.047174,60.472587,3.481358,0.984390,60.483085,-1.215883,0.986080,60.483062,1.113254,0.998866,60.479962,3.561931,1.013115,60.480436,2.499443,1.055797,60.478290,5.044003,1.071752,60.478042,6.508804,1.028342,60.472872,7.880532,1.028521,60.470350,9.765121,1.036669,60.472415,-6.616230,1.007863,1.008195,1.008141,1.008046,1.008030,1.007882,1.007778,1.007862,-36.699958,0.000000,5.536390,14.842976,7.050533,23.060026,26.749533,-28.013770,0.000000,447.800150,209.391350,467.503357,6.717002,286.592096,294.652499,141.504847,562.436988,245.394482,221.661074,276.382253,200.614467,124.488442,251.663684,184.493662,253.902685,8.239523,988.742731,0.000000,164.790455,75.230425,157.625653,78.812826,137.026846,28.927890,26.868009,92.246831,102.994034,75.767785,-82.574348,42.272334,15.225205,67.617823,24.718568,24.091648,4.119761,223.900075
7.020000,1.056385,60.473090,-3.523252,1.068360,60.473078,1.555077,0.000000,60.000000,0.000000,1.002100,60.481068,-9.411653,1.009577,60.481195,-8.287407,1.012522,60.481395,-7.714796,1.003490,60.480747,-9.453364,1.002728,60.480438,-9.793434,1.034893,60.476012,-7.956981,1.022004,60.481927,-5.553052,1.017747,60.481743,-6.286621,1.007248,60.481703,-6.236437,1.019087,60.481667,-6.093055,1.015594,60.481047,-7.343525,1.026634,60.479682,-6.604855,1.044455,60.479103,-4.909308,1.047671,60.478113,-5.089897,1.046965,60.478119,-5.697417,1.057129,60.480227,-0.843887,0.997105,60.480648,-1.886840,1.045685,60.479053,-3.008441,1.061598,60.478999,0.675349,1.057567,60.478965,0.361749,1.049972,60.479084,-4.884087,1.064893,60.473274,2.047589,1.062315,60.474474,-1.467417,1.050147,60.476180,-4.138259,1.059658,60.472570,1.312797,1.057848,60.471880,3.650327,1.047267,60.472588,3.434574,0.984231,60.484276,-1.181644,0.985930,60.484212,1.147140,0.998846,60.480713,3.571671,1.013111,60.481208,2.512692,1.055798,60.478994,5.041486,1.071773,60.478764,6.504582,1.028427,60.472931,7.836058,1.028702,60.470323,9.702067,1.036673,60.473053,-6.661381,1.007873,1.008228,1.008168,1.008060,1.008045,1.007879,1.007769,1.007853,-36.848655,0.000000,5.511690,14.774595,6.975332,22.916806,26.560259,-28.166641,0.000000,447.800150,209.391350,467.503357,6.717002,286.592096,294.652499,141.504847,562.436988,245.394482,221.661074,276.382253,200.614467,124.488442,251.663684,184.493662,253.902685,8.239523,988.742731,0.000000,164.790455,75.230425,157.625653,78.812826,137.026846,28.927890,26.868009,92.246831,102.994034,75.767785,-82.574348,42.272334,15.225205,67.617823,24.718568,24.091648,4.119761,223.900075
7.040000,1.056424,60.473554,-3.568766,1.068451,60.473246,1.508142,0.000000,60.000000,0.000000,1.001971,60.481919,-9.397921,1.009435,60.482073,-8.272639,1.012376,60.482285,-7.698533,1.003353,60.481613,-9.441879,1.002597,60.481295,-9.784216,1.034849,60.476741,-7.980240,1.021860,60.482825,-5.532918,1.017601,60.482637,-6.267830,1.007104,60.482589,-6.217970,1.018951,60.482545,-6.074887,1.015482,60.481878,-7.330038,1.026606,60.480377,-6.601819,1.044459,60.479740,-4.910708,1.047715,60.478679,-5.098751,1.047009,60.478686,-5.706222,1.057116,60.480892,-0.837064,0.997095,60.481325,-1.876927,1.045691,60.479693,-3.010186,1.061604,60.479643,0.673229,1.057576,60.479612,0.359398,1.049977,60.479723,-4.885614,1.065012,60.473440,2.002056,1.062476,60.474776,-1.503690,1.050266,60.476608,-4.161668,1.059872,60.472769,1.262332,1.058069,60.472036,3.594690,1.047366,60.472605,3.383430,0.984061,60.485330,-1.143880,0.985770,60.485227,1.184267,0.998827,60.481388,3.582040,1.013108,60.481899,2.526702,1.055799,60.479639,5.039334,1.071793,60.479426,6.500852,1.028522,60.473006,7.787644,1.028912,60.470377,9.634746,1.036678,60.473698,-6.706342,1.007883,1.008256,1.008192,1.008073,1.008059,1.007876,1.007763,1.007845,-37.005957,0.000000,5.484928,14.698958,6.893485,22.759338,26.354629,-28.336399,0.000000,447.800150,209.391350,467.503357,6.717002,286.592096,294.652499,141.504847,562.436988,245.394482,221.661074,276.382253,200.614467,124.488442,251.663684,184.493662,253.902685,8.239523,988.742731,0.000000,164.790455,75.230425,157.625653,78.812826,137.026846,28.927890,26.868009,92.246831,102.994034,75.767785,-82.574348,42.272334,15.225205,67.617823,24.718568,24.091648,4.119761,223.900075
7.060000,1.056469,60.474027,-3.614908,1.068548,60.473430,1.458474,0.000000,60.000000,0.000000,1.001835,60.482671,-9.382514,1.009285,60.482850,-8.256010,1.012222,60.483070,-7.680344,1.003207,60.482383,-9.428597,1.002457,60.482059,-9.773257,1.034802,60.477436,-8.002410,1.021706,60.483613,-5.510823,1.017447,60.483424,-6.247093,1.006951,60.483369,-6.197613,1.018806,60.483317,-6.054882,1.015364,60.482612,-7.315014,1.026576,60.480998,-6.598121,1.044463,60.480314,-4.911815,1.047762,60.479197,-5.107759,1.047057,60.479204,-5.715175,1.057104,60.481483,-0.829796,0.997086,60.481924,-1.866500,1.045696,60.480271,-3.011612,1.061609,60.480225,0.671460,1.057584,60.480196,0.357415,1.049982,60.480298,-4.886838,1.065140,60.473624,1.953785,1.062650,60.475086,-1.541765,1.050393,60.477016,-4.186099,1.060107,60.473009,1.209471,1.058312,60.472246,3.536407,1.047469,60.472645,3.328498,0.983879,60.486242,-1.103174,0.985599,60.486103,1.224071,0.998808,60.481985,3.592911,1.013107,60.482508,2.541310,1.055798,60.480223,5.037544,1.071811,60.480027,6.497603,1.028625,60.473105,7.735864,1.029144,60.470516,9.564181,1.036684,60.474348,-6.750646,1.007894,1.008280,1.008212,1.008084,1.008072,1.007874,1.007760,1.007837,-37.169883,0.000000,5.456422,14.617205,6.806116,22.589625,26.135753,-28.520974,0.000000,447.800150,209.391350,467.503357,6.717002,286.592096,294.652499,141.504847,562.436988,245.394482,221.661074,276.382253,200.614467,124.488442,251.663684,184.493662,253.902685,8.239523,988.742731,0.000000,164.790455,75.230425,157.625653,78.812826,137.026846,28.927890,26.868009,92.246831,102.994034,75.767785,-82.574348,42.272334,15.225205,67.617823,24.718568,24.091648,4.119761,223.900075
7.080000,1.056520,60.474512,-3.661184,1.068653,60.473636,1.406639,0.000000,60.000000,0.000000,1.001690,60.483323,-9.365736,1.009126,60.483524,-8.237841,1.012059,60.483749,-7.660568,1.003053,60.483056,-9.413800,1.002309,60.482729,-9.760811,1.034752,60.478097,-8.023318,1.021545,60.484289,-5.487146,1.017284,60.484101,-6.224776,1.006790,60.484039,-6.175724,1.018654,60.483982,-6.033392,1.015239,60.483247,-7.298740,1.026543,60.481545,-6.593875,1.044467,60.480824,-4.912667,1.047811,60.479666,-5.116849,1.047106,60.479674,-5.724210,1.057090,60.482001,-0.822191,0.997076,60.482446,-1.855699,1.045698,60.480786,-3.012753,1.061611,60.480746,0.670017,1.057590,60.480719,0.355771,1.049986,60.480810,-4.887798,1.065277,60.473831,1.903349,1.062833,60.475405,-1.581162,1.050527,60.477406,-4.211266,1.060356,60.473294,1.154946,1.058570,60.472514,3.476306,1.047577,60.472717,3.270402,0.983687,60.487008,-1.060146,0.985420,60.486838,1.265956,0.998788,60.482506,3.604149,1.013105,60.483036,2.556345,1.055794,60.480749,5.036105,1.071825,60.480567,6.494814,1.028735,60.473234,7.681337,1.029393,60.470743,9.491422,1.036690,60.475003,-6.793839,1.007905,1.008299,1.008228,1.008093,1.008082,1.007873,1.007760,1.007830,-37.338375,0.000000,5.426511,14.530549,6.714415,22.409826,25.906874,-28.718105,0.000000,447.800150,209.391350,467.503357,6.717002,286.592096,294.652499,141.504847,562.436988,245.394482,221.661074,276.382253,200.614467,124.488442,251.663684,184.493662,253.902685,8.239523,988.742731,0.000000,164.790455,75.230425,157.625653,78.812826,137.026846,28.927890,26.868009,92.246831,102.994034,75.767785,-82.574348,42.272334,15.225205,67.617823,24.718568,24.091648,4.119761,223.900075
7.100000,1.056575,60.475009,-3.707097,1.068762,60.473871,1.353234,0.000000,60.000000,0.000000,1.001539,60.483873,-9.347903,1.008959,60.484094,-8.218468,1.011887,60.484322,-7.639561,1.002892,60.483630,-9.397785,1.002154,60.483305,-9.747145,1.034699,60.478723,-8.042808,1.021376,60.484854,-5.462285,1.017114,60.484668,-6.201261,1.006621,60.484601,-6.152678,1.018494,60.484538,-6.010785,1.015107,60.483784,-7.281516,1.026507,60.482019,-6.589202,1.044467,60.481273,-4.913305,1.047859,60.480089,-5.125952,1.047154,60.480096,-5.733258,1.057074,60.482446,-0.814364,0.997064,60.482890,-1.844674,1.045698,60.481239,-3.013649,1.061609,60.481206,0.668869,1.057590,60.481180,0.354432,1.049987,60.481259,-4.888537,1.065418,60.474066,1.851346,1.063022,60.475737,-1.621387,1.050664,60.477780,-4.236880,1.060614,60.473625,1.099499,1.058838,60.472842,3.415225,1.047688,60.472827,3.209810,0.983485,60.487628,-1.015443,0.985232,60.487429,1.309306,0.998766,60.482951,3.615610,1.013102,60.483482,2.571628,1.055784,60.481215,5.035001,1.071833,60.481046,6.492459,1.028850,60.473400,7.624720,1.029654,60.471061,9.417524,1.036697,60.475662,-6.835480,1.007916,1.008313,1.008241,1.008101,1.008091,1.007872,1.007763,1.007824,-37.509330,0.000000,5.395552,14.440253,6.619617,22.222227,25.671324,-28.925367,0.000000,447.800150,209.391350,467.503357,6.717002,286.592096,294.652499,141.504847,562.436988,245.394482,221.661074,276.382253,200.614467,124.488442,251.663684,184.493662,253.902685,8.239523,988.742731,0.000000,164.790455,75.230425,157.625653,78.812826,137.026846,28.927890,26.868009,92.246831,102.994034,75.767785,-82.574348,42.272334,15.225205,67.617823,24.718568,24.091648,4.119761,223.900075
7.120000,1.056635,60.475520,-3.752153,1.068874,60.474137,1.298873,0.000000,60.000000,0.000000,1.001380,60.484324,-9.329341,1.008786,60.484562,-8.198239,1.011709,60.484790,-7.617690,1.002724,60.484107,-9.380861,1.001992,60.483787,-9.732540,1.034644,60.479313,-8.060738,1.021199,60.485307,-5.436646,1.016936,60.485126,-6.176940,1.006445,60.485055,-6.128860,1.018328,60.484988,-5.987437,1.014968,60.484224,-7.263647,1.026466,60.482421,-6.584228,1.044463,60.481661,-4.913774,1.047904,60.480467,-5.134999,1.047199,60.480474,-5.742254,1.057054,60.482821,-0.806437,0.997049,60.483259,-1.833575,1.045691,60.481631,-3.014341,1.061600,60.481607,0.667982,1.057585,60.481582,0.353361,1.049982,60.481648,-4.889101,1.065564,60.474334,1.798397,1.063214,60.476083,-1.661943,1.050801,60.478141,-4.262645,1.060876,60.474005,1.043871,1.059111,60.473232,3.353997,1.047802,60.472982,3.147423,0.983275,60.488100,-0.969727,0.985037,60.487879,1.353488,0.998740,60.483320,3.627147,1.013098,60.483847,2.586976,1.055768,60.481624,5.034210,1.071834,60.481467,6.490507,1.028970,60.473607,7.566695,1.029921,60.471469,9.343538,1.036705,60.476324,-6.875146,1.007928,1.008323,1.008250,1.008107,1.008099,1.007872,1.007769,1.007819,-37.680621,0.000000,5.363916,14.347614,6.522985,22.029211,25.432467,-29.140209,0.000000,447.800150,209.391350,467.503357,6.717002,286.592096,294.652499,141.504847,562.436988,245.394482,221.661074,276.382253,200.614467,124.488442,251.663684,184.493662,253.902685,8.239523,988.742731,0.000000,164.790455,75.230425,157.625653,78.812826,137.026846,28.927890,26.868009,92.246831,102.994034,75.767785,-82.574348,42.272334,15.225205,67.617823,24.718568,24.091648,4.119761,223.900075
7.140000,1.056698,60.476046,-3.795869,1.068988,60.474441,1.244188,0.000000,60.000000,0.000000,1.001216,60.484677,-9.310381,1.008606,60.484929,-8.177505,1.011525,60.485153,-7.595328,1.002550,60.484488,-9.363343,1.001825,60.484178,-9.717282,1.034586,60.479868,-8.076985,1.021016,60.485652,-5.410642,1.016752,60.485477,-6.152213,1.006262,60.485402,-6.104661,1.018155,60.485333,-5.963733,1.014824,60.484569,-7.245447,1.026418,60.482753,-6.579082,1.044453,60.481990,-4.914121,1.047944,60.480803,-5.143922,1.047239,60.480809,-5.751131,1.057030,60.483126,-0.798531,0.997031,60.483554,-1.822560,1.045678,60.481966,-3.014875,1.061584,60.481951,0.667316,1.057571,60.481926,0.352515,1.049972,60.481978,-4.889537,1.065711,60.474639,1.745133,1.063403,60.476447,-1.702333,1.050935,60.478491,-4.288266,1.061138,60.474434,0.988794,1.059384,60.473683,3.293445,1.047917,60.473188,3.083970,0.983056,60.488428,-0.923668,0.984836,60.488188,1.397868,0.998710,60.483616,3.638607,1.013090,60.484135,2.602198,1.055744,60.481977,5.033703,1.071825,60.481830,6.488917,1.029091,60.473861,7.507965,1.030190,60.471967,9.270489,1.036713,60.476989,-6.912440,1.007940,1.008329,1.008255,1.008112,1.008104,1.007873,1.007778,1.007816,-37.850132,0.000000,5.331980,14.253942,6.425791,21.833224,25.193658,-29.359982,0.000000,447.800150,209.391350,467.503357,6.717002,286.592096,294.652499,141.504847,562.436988,245.394482,221.661074,276.382253,200.614467,124.488442,251.663684,184.493662,253.902685,8.239523,988.742731,0.000000,164.790455,75.230425,157.625653,78.812826,137.026846,28.927890,26.868009,92.246831,102.994034,75.767785,-82.574348,42.272334,15.225205,67.617823,24.718568,24.091648,4.119761,223.900075
7.160000,1.056763,60.476588,-3.837772,1.069103,60.474784,1.189816,0.000000,60.000000,0.000000,1.001046,60.484937,-9.291352,1.008421,60.485198,-8.156620,1.011335,60.485417,-7.572848,1.002371,60.484776,-9.345547,1.001653,60.484480,-9.701660,1.034525,60.480389,-8.091439,1.020829,60.485890,-5.384684,1.016563,60.485724,-6.127477,1.006074,60.485648,-6.080470,1.017977,60.485576,-5.940053,1.014674,60.484822,-7.227224,1.026365,60.483019,-6.573890,1.044437,60.482264,-4.914393,1.047978,60.481099,-5.152655,1.047273,60.481104,-5.759826,1.057001,60.483366,-0.790774,0.997009,60.483779,-1.811787,1.045658,60.482245,-3.015299,1.061559,60.482240,0.666828,1.057549,60.482215,0.351847,1.049955,60.482253,-4.889895,1.065857,60.474983,1.692192,1.063588,60.476830,-1.742065,1.051062,60.478832,-4.313456,1.061394,60.474912,0.934978,1.059652,60.474194,3.234362,1.048033,60.473449,3.020198,0.982831,60.488615,-0.877935,0.984631,60.488362,1.441812,0.998674,60.483842,3.649833,1.013080,60.484348,2.617103,1.055711,60.482276,5.033445,1.071806,60.482138,6.487642,1.029213,60.474166,7.449243,1.030455,60.472552,9.199371,1.036722,60.477655,-6.946987,1.007952,1.008329,1.008256,1.008114,1.008108,1.007876,1.007791,1.007815,-38.015776,0.000000,5.300127,14.160541,6.329293,21.636742,24.958192,-29.581977,0.000000,447.800150,209.391350,467.503357,6.717002,286.592096,294.652499,141.504847,562.436988,245.394482,221.661074,276.382253,200.614467,124.488442,251.663684,184.493662,253.902685,8.239523,988.742731,0.000000,164.790455,75.230425,157.625653,78.812826,137.026846,28.927890,26.868009,92.246831,102.994034,75.767785,-82.574348,42.272334,15.225205,67.617823,24.718568,24.091648,4.119761,223.900075
7.180000,1.056829,60.477147,-3.877412,1.069218,60.475170,1.136394,0.000000,60.000000,0.000000,1.000872,60.485106,-9.272577,1.008233,60.485374,-8.135933,1.011142,60.485585,-7.550617,1.002188,60.484977,-9.327785,1.001478,60.484697,-9.685958,1.034463,60.480876,-8.104009,1.020637,60.486029,-5.359174,1.016371,60.485872,-6.103122,1.005883,60.485795,-6.056669,1.017795,60.485723,-5.916772,1.014519,60.484989,-7.209286,1.026304,60.483223,-6.568782,1.044413,60.482486,-4.914642,1.048003,60.481358,-5.161137,1.047299,60.481361,-5.768279,1.056965,60.483542,-0.783291,0.996981,60.483936,-1.801413,1.045629,60.482473,-3.015661,1.061525,60.482477,0.666471,1.057518,60.482451,0.351308,1.049930,60.482475,-4.890226,1.066001,60.475370,1.640206,1.063765,60.477233,-1.780664,1.051182,60.479167,-4.337934,1.061640,60.475437,0.883103,1.059910,60.474763,3.177508,1.048149,60.473770,2.956862,0.982602,60.488666,-0.833186,0.984423,60.488405,1.484702,0.998633,60.484001,3.660668,1.013066,60.484488,2.631497,1.055669,60.482524,5.033396,1.071777,60.482393,6.486630,1.029334,60.474525,7.391244,1.030711,60.473219,9.131122,1.036730,60.478322,-6.978446,1.007964,1.008326,1.008254,1.008116,1.008110,1.007880,1.007806,1.007816,-38.175532,0.000000,5.268732,14.068690,6.234716,21.442240,24.729256,-29.803459,0.000000,447.800150,209.391350,467.503357,6.717002,286.592096,294.652499,141.504847,562.436988,245.394482,221.661074,276.382253,200.614467,124.488442,251.663684,184.493662,253.902685,8.239523,988.742731,0.000000,164.790455,75.230425,157.625653,78.812826,137.026846,28.927890,26.868009,92.246831,102.994034,75.767785,-82.574348,42.272334,15.225205,67.617823,24.718568,24.091648,4.119761,223.900075
7.200000,1.056897,60.477722,-3.914359,1.069330,60.475601,1.084548,0.000000,60.000000,0.000000,1.000694,60.485191,-9.254369,1.008042,60.485462,-8.115780,1.010947,60.485663,-7.528991,1.002004,60.485095,-9.310360,1.001300,60.484836,-9.670457,1.034399,60.481331,-8.114621,1.020443,60.486072,-5.334506,1.016176,60.485927,-6.079527,1.005688,60.485850,-6.033630,1.017610,60.485778,-5.894254,1.014361,60.485073,-7.191927,1.026236,60.483368,-6.563879,1.044381,60.482660,-4.914915,1.048019,60.481584,-5.169311,1.047315,60.481586,-5.776434,1.056923,60.483660,-0.776210,0.996949,60.484031,-1.791596,1.045590,60.482651,-3.016013,1.061481,60.482665,0.666194,1.057476,60.482639,0.350845,1.049897,60.482649,-4.890580,1.066141,60.475800,1.589796,1.063931,60.477657,-1.817673,1.051290,60.479497,-4.361430,1.061873,60.476008,0.833811,1.060153,60.475387,3.123597,1.048265,60.474154,2.894715,0.982370,60.488588,-0.790055,0.984214,60.488325,1.525939,0.998586,60.484096,3.670954,1.013048,60.484561,2.645189,1.055617,60.482724,5.033509,1.071736,60.482598,6.485822,1.029452,60.474940,7.334673,1.030954,60.473964,9.066623,1.036739,60.478989,-7.006507,1.007977,1.008318,1.008248,1.008116,1.008111,1.007885,1.007823,1.007818,-38.327461,0.000000,5.238165,13.979626,6.143238,21.252157,24.509890,-30.021704,0.000000,447.800150,209.391350,467.503357,6.717002,286.592096,294.652499,141.504847,562.436988,245.394482,221.661074,276.382253,200.614467,124.488442,251.663684,184.493662,253.902685,8.239523,988.742731,0.000000,164.790455,75.230425,157.625653,78.812826,137.026846,28.927890,26.868009,92.246831,102.994034,75.767785,-82.574348,42.272334,15.225205,67.617823,24.718568,24.091648,4.119761,223.900075
7.220000,1.056964,60.478314,-3.948215,1.069439,60.476078,1.034886,0.000000,60.000000,0.000000,1.000516,60.485199,-9.237027,1.007851,60.485470,-8.096485,1.010751,60.485657,-7.508312,1.001819,60.485136,-9.293564,1.001122,60.484900,-9.655422,1.034335,60.481757,-8.123217,1.020249,60.486028,-5.311051,1.015980,60.485896,-6.057055,1.005493,60.485821,-6.011707,1.017424,60.485750,-5.872845,1.014200,60.485082,-7.175431,1.026162,60.483459,-6.559303,1.044340,60.482790,-4.915264,1.048026,60.481780,-5.177122,1.047321,60.481780,-5.784238,1.056874,60.483723,-0.769655,0.996911,60.484067,-1.782489,1.045543,60.482786,-3.016406,1.061427,60.482809,0.665945,1.057424,60.482782,0.350402,1.049855,60.482779,-4.891010,1.066276,60.476276,1.541562,1.064083,60.478102,-1.852663,1.051386,60.479824,-4.383692,1.062087,60.476622,0.787697,1.060379,60.476063,3.073285,1.048379,60.474604,2.834501,0.982137,60.488392,-0.749151,0.984005,60.488131,1.564954,0.998533,60.484134,3.680535,1.013026,60.484570,2.657989,1.055555,60.482879,5.033733,1.071683,60.482757,6.485155,1.029566,60.475412,7.280218,1.031180,60.474778,9.006678,1.036748,60.479655,-7.030897,1.007989,1.008306,1.008240,1.008114,1.008110,1.007891,1.007843,1.007823,-38.469736,0.000000,5.208780,13.894526,6.055968,21.068859,24.302943,-30.234036,0.000000,447.800150,209.391350,467.503357,6.717002,286.592096,294.652499,141.504847,562.436988,245.394482,221.661074,276.382253,200.614467,124.488442,251.663684,184.493662,253.902685,8.239523,988.742731,0.000000,164.790455,75.230425,157.625653,78.812826,137.026846,28.927890,26.868009,92.246831,102.994034,75.767785,-82.574348,42.272334,15.225205,67.617823,24.718568,24.091648,4.119761,223.900075
7.240000,1.057031,60.478923,-3.978613,1.069544,60.476603,0.987992,0.000000,60.000000,0.000000,1.000337,60.485136,-9.220831,1.007661,60.485404,-8.078351,1.010556,60.485575,-7.488899,1.001635,60.485107,-9.277671,1.000945,60.484898,-9.641108,1.034271,60.482154,-8.129755,1.020055,60.485903,-5.289160,1.015786,60.485787,-6.036043,1.005299,60.485713,-5.991232,1.017238,60.485645,-5.852869,1.014038,60.485023,-7.160062,1.026080,60.483503,-6.555165,1.044290,60.482881,-4.915737,1.048021,60.481949,-5.184525,1.047316,60.481947,-5.791646,1.056818,60.483738,-0.763747,0.996867,60.484051,-1.774242,1.045486,60.482880,-3.016892,1.061363,60.482913,0.665669,1.057362,60.482884,0.349923,1.049804,60.482869,-4.891564,1.066403,60.476797,1.496079,1.064220,60.478568,-1.885234,1.051467,60.480149,-4.404486,1.062280,60.477274,0.745298,1.060582,60.476784,3.027166,1.048491,60.475120,2.776942,0.981905,60.488085,-0.711043,0.983800,60.487832,1.601213,0.998473,60.484117,3.689262,1.012999,60.484521,2.669713,1.055484,60.482994,5.034012,1.071619,60.482873,6.484561,1.029675,60.475941,7.228540,1.031386,60.475656,8.952008,1.036757,60.480319,-7.051380,1.008002,1.008290,1.008228,1.008112,1.008107,1.007899,1.007865,1.007830,-38.600665,0.000000,5.180910,13.814493,5.973934,20.894615,24.111034,-30.437858,0.000000,447.800150,209.391350,467.503357,6.717002,286.592096,294.652499,141.504847,562.436988,245.394482,221.661074,276.382253,200.614467,124.488442,251.663684,184.493662,253.902685,8.239523,988.742731,0.000000,164.790455,75.230425,157.625653,78.812826,137.026846,28.927890,26.868009,92.246831,102.994034,75.767785,-82.574348,42.272334,15.225205,67.617823,24.718568,24.091648,4.119761,223.900075
7.260000,1.057097,60.479548,-4.005222,1.069644,60.477174,0.944417,0.000000,60.000000,0.000000,1.000160,60.485011,-9.206037,1.007473,60.485272,-8.061659,1.010365,60.485426,-7.471049,1.001454,60.485016,-9.262934,1.000770,60.484836,-9.627747,1.034207,60.482526,-8.134213,1.019865,60.485708,-5.269155,1.015595,60.485607,-6.016806,1.005107,60.485537,-5.972510,1.017055,60.485472,-5.834628,1.013876,60.484902,-7.146065,1.025993,60.483504,-6.551573,1.044232,60.482937,-4.916382,1.048005,60.482095,-5.191479,1.047301,60.482092,-5.798619,1.056755,60.483708,-0.758604,0.996818,60.483987,-1.766997,1.045419,60.482940,-3.017524,1.061289,60.482981,0.665308,1.057290,60.482950,0.349349,1.049744,60.482925,-4.892294,1.066521,60.477363,1.453885,1.064339,60.479054,-1.915026,1.051533,60.480475,-4.423602,1.062449,60.477962,0.707092,1.060760,60.477546,2.985763,1.048600,60.475702,2.722732,0.981676,60.487681,-0.676254,0.983599,60.487439,1.634228,0.998406,60.484053,3.696987,1.012969,60.484421,2.680183,1.055403,60.483073,5.034287,1.071544,60.482952,6.483967,1.029777,60.476527,7.180263,1.031567,60.476588,8.903241,1.036766,60.480981,-7.067759,1.008014,1.008272,1.008214,1.008108,1.008104,1.007909,1.007889,1.007840,-38.718708,0.000000,5.154867,13.740537,5.898063,20.731559,23.936525,-30.630691,0.000000,447.800150,209.391350,467.503357,6.717002,286.592096,294.652499,141.504847,562.436988,245.394482,221.661074,276.382253,200.614467,124.488442,251.663684,184.493662,253.902685,8.239523,988.742731,0.000000,164.790455,75.230425,157.625653,78.812826,137.026846,28.927890,26.868009,92.246831,102.994034,75.767785,-82.574348,42.272334,15.225205,67.617823,24.718568,24.091648,4.119761,223.900075
7.280000,1.057160,60.480187,-4.027753,1.069738,60.477790,0.904672,0.000000,60.000000,0.000000,0.999986,60.484832,-9.192878,1.007291,60.485084,-8.046663,1.010178,60.485219,-7.455028,1.001278,60.484872,-9.249583,1.000600,60.484723,-9.615555,1.034145,60.482876,-8.136582,1.019679,60.485451,-5.251327,1.015408,60.485367,-5.999625,1.004920,60.485301,-5.955818,1.016876,60.485239,-5.818391,1.013716,60.484730,-7.133661,1.025900,60.483470,-6.548624,1.044166,60.482963,-4.917247,1.047978,60.482223,-5.197952,1.047274,60.482218,-5.805122,1.056687,60.483640,-0.754335,0.996764,60.483881,-1.760888,1.045344,60.482970,-3.018351,1.061206,60.483017,0.664806,1.057208,60.482986,0.348622,1.049675,60.482951,-4.893245,1.066630,60.477973,1.415475,1.064438,60.479559,-1.941718,1.051581,60.480802,-4.440853,1.062592,60.478680,0.673489,1.060912,60.478343,2.949519,1.048707,60.476350,2.672523,0.981452,60.487191,-0.645255,0.983404,60.486966,1.663559,0.998334,60.483948,3.703573,1.012934,60.484274,2.689231,1.055313,60.483120,5.034496,1.071458,60.482997,6.483300,1.029872,60.477168,7.135969,1.031721,60.477565,8.860905,1.036775,60.481638,-7.079882,1.008027,1.008250,1.008197,1.008103,1.008099,1.007919,1.007915,1.007851,-38.822498,0.000000,5.130932,13.673568,5.829176,20.581666,23.781483,-30.810204,0.000000,447.800150,209.391350,467.503357,6.717002,286.592096,294.652499,141.504847,562.436988,245.394482,221.661074,276.382253,200.614467,124.488442,251.663684,184.493662,253.902685,8.239523,988.742731,0.000000,164.790455,75.230425,157.625653,78.812826,137.026846,28.927890,26.868009,92.246831,102.994034,75.767785,-82.574348,42.272334,15.225205,67.617823,24.718568,24.091648,4.119761,223.900075
7.300000,1.057222,60.480840,-4.045960,1.069825,60.478451,0.869221,0.000000,60.000000,0.000000,0.999817,60.484609,-9.181557,1.007114,60.484848,-8.033584,1.009999,60.484962,-7.441071,1.001108,60.484682,-9.237823,1.000436,60.484566,-9.604720,1.034084,60.483205,-8.136870,1.019500,60.485142,-5.235931,1.015229,60.485077,-5.984749,1.004739,60.485015,-5.941398,1.016702,60.484958,-5.804395,1.013559,60.484514,-7.123045,1.025802,60.483405,-6.546406,1.044093,60.482966,-4.918376,1.047940,60.482336,-5.203918,1.047236,60.482329,-5.811131,1.056612,60.483541,-0.751044,0.996706,60.483741,-1.756041,1.045261,60.482974,-3.019424,1.061115,60.483028,0.664106,1.057118,60.482995,0.347685,1.049599,60.482953,-4.894465,1.066728,60.478624,1.381298,1.064517,60.480082,-1.965035,1.051613,60.481132,-4.456080,1.062707,60.479422,0.644825,1.061034,60.479168,2.918799,1.048809,60.477061,2.626922,0.981236,60.486629,-0.618458,0.983218,60.486424,1.688821,0.998256,60.483807,3.708892,1.012896,60.484088,2.696700,1.055215,60.483140,5.034577,1.071363,60.483014,6.482484,1.029958,60.477862,7.096187,1.031847,60.478577,8.825423,1.036784,60.482291,-7.087636,1.008040,1.008225,1.008178,1.008098,1.008093,1.007932,1.007941,1.007865,-38.910855,0.000000,5.109353,13.614380,5.767968,20.446723,23.647663,-30.974245,0.000000,447.800150,209.391350,467.503357,6.717002,286.592096,294.652499,141.504847,562.436988,245.394482,221.661074,276.382253,200.614467,124.488442,251.663684,184.493662,253.902685,8.239523,988.742731,0.000000,164.790455,75.230425,157.625653,78.812826,137.026846,28.927890,26.868009,92.246831,102.994034,75.767785,-82.574348,42.272334,15.225205,67.617823,24.718568,24.091648,4.119761,223.900075
7.320000,1.057280,60.481506,-4.059643,1.069905,60.479152,0.838478,0.000000,60.000000,0.000000,0.999654,60.484350,-9.172247,1.006947,60.484575,-8.022615,1.009827,60.484667,-7.429380,1.000946,60.484458,-9.227828,1.000280,60.484376,-9.595406,1.034026,60.483518,-8.135101,1.019329,60.484793,-5.223184,1.015057,60.484746,-5.972388,1.004566,60.484690,-5.929457,1.016536,60.484638,-5.792842,1.013407,60.484263,-7.114381,1.025700,60.483317,-6.544997,1.044012,60.482949,-4.919812,1.047892,60.482437,-5.209362,1.047187,60.482429,-5.816630,1.056532,60.483415,-0.748826,0.996643,60.483573,-1.752569,1.045170,60.482960,-3.020790,1.061017,60.483019,0.663152,1.057020,60.482983,0.346479,1.049516,60.482936,-4.895996,1.066814,60.479314,1.351749,1.064575,60.480621,-1.984751,1.051627,60.481465,-4.469155,1.062793,60.480184,0.621361,1.061125,60.480013,2.893877,1.048907,60.477833,2.586480,0.981029,60.486010,-0.596210,0.983042,60.485827,1.709691,0.998173,60.483637,3.712828,1.012854,60.483870,2.702445,1.055110,60.483138,5.034464,1.071258,60.483008,6.481445,1.030034,60.478605,7.061386,1.031942,60.479614,8.797109,1.036793,60.482938,-7.090951,1.008052,1.008199,1.008158,1.008092,1.008086,1.007945,1.007969,1.007881,-38.982803,0.000000,5.090341,13.563640,5.715008,20.328309,23.536485,-31.120870,0.000000,447.800150,209.391350,467.503357,6.717002,286.592096,294.652499,141.504847,562.436988,245.394482,221.661074,276.382253,200.614467,124.488442,251.663684,184.493662,253.902685,8.239523,988.742731,0.000000,164.790455,75.230425,157.625653,78.812826,137.026846,28.927890,26.868009,92.246831,102.994034,75.767785,-82.574348,42.272334,15.225205,67.617823,24.718568,24.091648,4.119761,223.900075
7.340000,1.057334,60.482182,-4.068652,1.069978,60.479893,0.812795,0.000000,60.000000,0.000000,0.999500,60.484065,-9.165089,1.006789,60.484274,-8.013910,1.009666,60.484343,-7.420116,1.000794,60.484207,-9.219741,1.000134,60.484161,-9.587747,1.033972,60.483817,-8.131313,1.019168,60.484413,-5.213262,1.014896,60.484386,-5.962714,1.004403,60.484335,-5.920163,1.016379,60.484289,-5.783896,1.013262,60.483988,-7.107807,1.025596,60.483213,-6.544463,1.043925,60.482920,-4.921595,1.047833,60.482532,-5.214275,1.047128,60.482522,-5.821611,1.056448,60.483271,-0.747765,0.996577,60.483384,-1.750573,1.045074,60.482931,-3.022495,1.060912,60.482994,0.661889,1.056916,60.482956,0.344952,1.049427,60.482905,-4.897880,1.066888,60.480039,1.327161,1.064611,60.481174,-2.000691,1.051623,60.481803,-4.479979,1.062848,60.480960,0.603280,1.061184,60.480873,2.874943,1.049001,60.478661,2.551685,0.980833,60.485348,-0.578791,0.982878,60.485190,1.725909,0.998085,60.483446,3.715277,1.012810,60.483627,2.706338,1.055000,60.483120,5.034094,1.071147,60.482983,6.480108,1.030101,60.479393,7.031972,1.032005,60.480666,8.776166,1.036802,60.483578,-7.089803,1.008065,1.008171,1.008137,1.008085,1.008079,1.007960,1.007997,1.007899,-39.037577,0.000000,5.074068,13.521888,5.670728,20.227769,23.449022,-31.248368,0.000000,447.800150,209.391350,467.503357,6.717002,286.592096,294.652499,141.504847,562.436988,245.394482,221.661074,276.382253,200.614467,124.488442,251.663684,184.493662,253.902685,8.239523,988.742731,0.000000,164.790455,75.230425,157.625653,78.812826,137.026846,28.927890,26.868009,92.246831,102.994034,75.767785,-82.574348,42.272334,15.225205,67.617823,24.718568,24.091648,4.119761,223.900075
7.360000,1.057385,60.482867,-4.072885,1.070043,60.480667,0.792465,0.000000,60.000000,0.000000,0.999356,60.483765,-9.160189,1.006642,60.483956,-8.007589,1.009517,60.484001,-7.413405,1.000653,60.483939,-9.213674,0.999998,60.483929,-9.581851,1.033921,60.484105,-8.125557,1.019018,60.484015,-5.206298,1.014746,60.484007,-5.955856,1.004252,60.483963,-5.913641,1.016232,60.483922,-5.777682,1.013125,60.483697,-7.103425,1.025491,60.483100,-6.544859,1.043833,60.482883,-4.923761,1.047765,60.482623,-5.218659,1.047059,60.482612,-5.826072,1.056360,60.483115,-0.747935,0.996508,60.483181,-1.750139,1.044972,60.482894,-3.024580,1.060802,60.482959,0.660267,1.056806,60.482919,0.343050,1.049333,60.482868,-4.900153,1.066949,60.480796,1.307806,1.064624,60.481737,-2.012735,1.051602,60.482145,-4.488488,1.062872,60.481743,0.590687,1.061211,60.481738,2.862095,1.049091,60.479541,2.522954,0.980650,60.484658,-0.566406,0.982727,60.484527,1.737282,0.997994,60.483241,3.716150,1.012764,60.483367,2.708266,1.054884,60.483091,5.033406,1.071029,60.482946,6.478403,1.030156,60.480221,7.008279,1.032036,60.481721,8.762684,1.036811,60.484212,-7.084208,1.008077,1.008142,1.008114,1.008078,1.008071,1.007976,1.008025,1.007919,-39.074634,0.000000,5.060665,13.489522,5.635416,20.146200,23.385989,-31.355283,0.000000,447.800150,209.391350,467.503357,6.717002,286.592096,294.652499,141.504847,562.436988,245.394482,221.661074,276.382253,200.614467,124.488442,251.663684,184.493662,253.902685,8.239523,988.742731,0.000000,164.790455,75.230425,157.625653,78.812826,137.026846,28.927890,26.868009,92.246831,102.994034,75.767785,-82.574348,42.272334,15.225205,67.617823,24.718568,24.091648,4.119761,223.900075
7.380000,1.057433,60.483559,-4.072291,1.070100,60.481472,0.777713,0.000000,60.000000,0.000000,0.999223,60.483459,-9.157619,1.006508,60.483630,-8.003733,1.009381,60.483651,-7.409332,1.000525,60.483665,-9.209703,0.999874,60.483691,-9.577792,1.033875,60.484385,-8.117899,1.018881,60.483608,-5.202380,1.014610,60.483621,-5.951903,1.004113,60.483583,-5.909978,1.016097,60.483549,-5.774284,1.012996,60.483400,-7.101305,1.025385,60.482983,-6.546226,1.043738,60.482844,-4.926343,1.047688,60.482715,-5.222522,1.046982,60.482702,-5.830023,1.056269,60.482953,-0.749395,0.996438,60.482971,-1.751338,1.044866,60.482854,-3.027083,1.060687,60.482920,0.658237,1.056692,60.482879,0.340726,1.049235,60.482827,-4.902849,1.066997,60.481580,1.293889,1.064616,60.482310,-2.020813,1.051563,60.482492,-4.494648,1.062866,60.482527,0.583604,1.061206,60.482603,2.855344,1.049175,60.480467,2.500631,0.980482,60.483956,-0.559187,0.982591,60.483853,1.743686,0.997899,60.483030,3.715376,1.012716,60.483097,2.708138,1.054766,60.483056,5.032342,1.070906,60.482903,6.476263,1.030201,60.481083,6.990569,1.032035,60.482771,8.756643,1.036820,60.484837,-7.074225,1.008089,1.008112,1.008091,1.008071,1.008062,1.007993,1.008052,1.007941,-39.093654,0.000000,5.050218,13.466800,5.609221,20.084439,23.347741,-31.440431,0.000000,447.800150,209.391350,467.503357,6.717002,286.592096,294.652499,141.504847,562.436988,245.394482,221.661074,276.382253,200.614467,124.488442,251.663684,184.493662,253.902685,8.239523,988.742731,0.000000,164.790455,75.230425,157.625653,78.812826,137.026846,28.927890,26.868009,92.246831,102.994034,75.767785,-82.574348,42.272334,15.225205,67.617823,24.718568,24.091648,4.119761,223.900075
7.400000,1.057475,60.484255,-4.066873,1.070149,60.482302,0.768696,0.000000,60.000000,0.000000,0.999102,60.483157,-9.157415,1.006388,60.483308,-8.002384,1.009259,60.483305,-7.407939,1.000410,60.483394,-9.207873,0.999763,60.483456,-9.575614,1.033833,60.484661,-8.108417,1.018758,60.483206,-5.201552,1.014487,60.483238,-5.950897,1.003988,60.483206,-5.909215,1.015975,60.483178,-5.773741,1.012878,60.483107,-7.101486,1.025279,60.482870,-6.548594,1.043639,60.482808,-4.929370,1.047604,60.482811,-5.225882,1.046897,60.482797,-5.833480,1.056177,60.482793,-0.752194,0.996366,60.482762,-1.754225,1.044757,60.482817,-3.030038,1.060571,60.482883,0.655755,1.056575,60.482839,0.337937,1.049134,60.482791,-4.905995,1.067031,60.482386,1.285545,1.064587,60.482889,-2.024912,1.051508,60.482844,-4.498458,1.062829,60.483307,0.581980,1.061169,60.483460,2.854613,1.049254,60.481432,2.484978,0.980329,60.483257,-0.557190,0.982470,60.483182,1.745068,0.997802,60.482818,3.712900,1.012668,60.482826,2.705881,1.054645,60.483020,5.030846,1.070780,60.482858,6.473626,1.030235,60.481973,6.979022,1.032001,60.483804,8.757918,1.036829,60.485454,-7.059953,1.008101,1.008082,1.008068,1.008063,1.008053,1.008010,1.008079,1.007964,-39.094545,0.000000,5.042768,13.453838,5.592147,20.043050,23.334274,-31.502922,0.000000,447.800150,209.391350,467.503357,6.717002,286.592096,294.652499,141.504847,562.436988,245.394482,221.661074,276.382253,200.614467,124.488442,251.663684,184.493662,253.902685,8.239523,988.742731,0.000000,164.790455,75.230425,157.625653,78.812826,137.026846,28.927890,26.868009,92.246831,102.994034,75.767785,-82.574348,42.272334,15.225205,67.617823,24.718568,24.091648,4.119761,223.900075
7.420000,1.057514,60.484952,-4.056681,1.070191,60.483151,0.765499,0.000000,60.000000,0.000000,0.998994,60.482868,-9.159579,1.006282,60.482999,-8.003546,1.009152,60.482973,-7.409230,1.000309,60.483135,-9.208192,0.999666,60.483232,-9.575331,1.033797,60.484937,-8.097198,1.018650,60.482817,-5.203813,1.014379,60.482869,-5.952837,1.003877,60.482844,-5.911353,1.015868,60.482822,-5.776056,1.012771,60.482827,-7.103970,1.025176,60.482768,-6.551978,1.043538,60.482781,-4.932863,1.047513,60.482915,-5.228765,1.046806,60.482900,-5.836467,1.056084,60.482640,-0.756362,0.996294,60.482560,-1.758835,1.044647,60.482788,-3.033473,1.060453,60.482852,0.652785,1.056457,60.482807,0.334646,1.049031,60.482763,-4.909617,1.067053,60.483209,1.282838,1.064536,60.483472,-2.025072,1.051438,60.483203,-4.499951,1.062763,60.484077,0.585683,1.061101,60.484302,2.859741,1.049329,60.482428,2.476174,0.980192,60.482577,-0.560395,0.982366,60.482529,1.741446,0.997703,60.482615,3.708686,1.012619,60.482560,2.701445,1.054524,60.482990,5.028871,1.070652,60.482818,6.470438,1.030258,60.482885,6.973740,1.031936,60.484812,8.766278,1.036838,60.486061,-7.041532,1.008113,1.008053,1.008046,1.008056,1.008044,1.008029,1.008106,1.007989,-39.077440,0.000000,5.038313,13.450609,5.584057,20.022317,23.345234,-31.542163,0.000000,447.800150,209.391350,467.503357,6.717002,286.592096,294.652499,141.504847,562.436988,245.394482,221.661074,276.382253,200.614467,124.488442,251.663684,184.493662,253.902685,8.239523,988.742731,0.000000,164.790455,75.230425,157.625653,78.812826,137.026846,28.927890,26.868009,92.246831,102.994034,75.767785,-82.574348,42.272334,15.225205,67.617823,24.718568,24.091648,4.119761,223.900075
7.440000,1.057548,60.485649,-4.041819,1.070225,60.484015,0.768134,0.000000,60.000000,0.000000,0.998900,60.482602,-9.164074,1.006192,60.482713,-8.007186,1.009061,60.482664,-7.413166,1.000223,60.482898,-9.210634,0.999583,60.483028,-9.576924,1.033766,60.485214,-8.084341,1.018558,60.482454,-5.209115,1.014288,60.482524,-5.957682,1.003783,60.482506,-5.916349,1.015774,60.482489,-5.781185,1.012676,60.482569,-7.108727,1.025075,60.482682,-6.556378,1.043437,60.482768,-4.936841,1.047416,60.483030,-5.231203,1.046709,60.483014,-5.839014,1.055990,60.482502,-0.761919,0.996222,60.482373,-1.765187,1.044536,60.482773,-3.037409,1.060335,60.482834,0.649295,1.056338,60.482787,0.330823,1.048927,60.482749,-4.913731,1.067061,60.484044,1.285763,1.064466,60.484055,-2.021385,1.051353,60.483567,-4.499189,1.062670,60.484832,0.594515,1.061004,60.485123,2.870490,1.049398,60.483450,2.474310,0.980073,60.481930,-0.568708,0.982279,60.481908,1.732904,0.997604,60.482426,3.702719,1.012571,60.482308,2.694803,1.054404,60.482971,5.026374,1.070524,60.482788,6.466651,1.030270,60.483812,6.974745,1.031842,60.485786,8.781397,1.036847,60.486658,-7.019136,1.008124,1.008024,1.008024,1.008049,1.008035,1.008047,1.008131,1.008015,-39.042694,0.000000,5.036807,13.456945,5.584679,20.022248,23.379928,-31.557872,0.000000,447.800150,209.391350,467.503357,6.717002,286.592096,294.652499,141.504847,562.436988,245.394482,221.661074,276.382253,200.614467,124.488442,251.663684,184.493662,253.902685,8.239523,988.742731,0.000000,164.790455,75.230425,157.625653,78.812826,137.026846,28.927890,26.868009,92.246831,102.994034,75.767785,-82.574348,42.272334,15.225205,67.617823,24.718568,24.091648,4.119761,223.900075
7.460000,1.057578,60.486343,-4.022439,1.070251,60.484887,0.776543,0.000000,60.000000,0.000000,0.998821,60.482368,-9.170833,1.006118,60.482460,-8.013231,1.008985,60.482388,-7.419670,1.000153,60.482690,-9.215142,0.999514,60.482853,-9.580346,1.033741,60.485496,-8.069953,1.018481,60.482125,-5.217369,1.014212,60.482214,-5.965344,1.003704,60.482201,-5.924118,1.015696,60.482191,-5.789047,1.012594,60.482341,-7.115693,1.024978,60.482619,-6.561782,1.043336,60.482774,-4.941315,1.047315,60.483160,-5.233232,1.046607,60.483143,-5.841159,1.055898,60.482385,-0.768864,0.996152,60.482208,-1.773278,1.044426,60.482776,-3.041863,1.060218,60.482832,0.645261,1.056221,60.482784,0.326445,1.048824,60.482754,-4.918348,1.067057,60.484884,1.294240,1.064378,60.484636,-2.013992,1.051254,60.483937,-4.496263,1.062550,60.485567,0.608205,1.060879,60.485917,2.886545,1.049462,60.484487,2.479392,0.979972,60.481330,-0.581961,0.982210,60.481331,1.719598,0.997505,60.482259,3.695002,1.012524,60.482078,2.685954,1.054285,60.482967,5.023319,1.070397,60.482773,6.462228,1.030270,60.484746,6.981974,1.031719,60.486718,8.802858,1.036856,60.487244,-6.992977,1.008136,1.007996,1.008003,1.008043,1.008026,1.008067,1.008155,1.008041,-38.990876,0.000000,5.038160,13.472543,5.593612,20.042570,23.437339,-31.550078,0.000000,447.800150,209.391350,467.503357,6.717002,286.592096,294.652499,141.504847,562.436988,245.394482,221.661074,276.382253,200.614467,124.488442,251.663684,184.493662,253.902685,8.239523,988.742731,0.000000,164.790455,75.230425,157.625653,78.812826,137.026846,28.927890,26.868009,92.246831,102.994034,75.767785,-82.574348,42.272334,15.225205,67.617823,24.718568,24.091648,4.119761,223.900075
7.480000,1.057604,60.487031,-3.998739,1.070271,60.485761,0.790594,0.000000,60.000000,0.000000,0.998756,60.482173,-9.179752,1.006059,60.482247,-8.021573,1.008926,60.482154,-7.428626,1.000098,60.482521,-9.221625,0.999461,60.482715,-9.585517,1.033721,60.485786,-8.054150,1.018421,60.481841,-5.228442,1.014152,60.481948,-5.975697,1.003641,60.481941,-5.934537,1.015633,60.481935,-5.799519,1.012524,60.482153,-7.124775,1.024885,60.482585,-6.568162,1.043236,60.482804,-4.946289,1.047211,60.483308,-5.234897,1.046502,60.483291,-5.842943,1.055808,60.482295,-0.777183,0.996084,60.482070,-1.783087,1.044319,60.482802,-3.046841,1.060104,60.482853,0.640666,1.056106,60.482804,0.321496,1.048722,60.482783,-4.923472,1.067041,60.485725,1.308124,1.064272,60.485213,-2.003081,1.051144,60.484314,-4.491293,1.062406,60.486276,0.626425,1.060729,60.486679,2.907525,1.049521,60.485533,2.491336,0.979888,60.480791,-0.599917,0.982158,60.480813,1.701747,0.997407,60.482121,3.685561,1.012479,60.481876,2.674918,1.054170,60.482985,5.019681,1.070272,60.482779,6.457142,1.030261,60.485681,6.995288,1.031570,60.487601,8.830165,1.036865,60.487818,-6.963298,1.008146,1.007971,1.007983,1.008037,1.008018,1.008086,1.008177,1.008069,-38.922761,0.000000,5.042243,13.496972,5.610332,20.082736,23.516149,-31.519119,0.000000,447.800150,209.391350,467.503357,6.717002,286.592096,294.652499,141.504847,562.436988,245.394482,221.661074,276.382253,200.614467,124.488442,251.663684,184.493662,253.902685,8.239523,988.742731,0.000000,164.790455,75.230425,157.625653,78.812826,137.026846,28.927890,26.868009,92.246831,102.994034,75.767785,-82.574348,42.272334,15.225205,67.617823,24.718568,24.091648,4.119761,223.900075
7.500000,1.057625,60.487710,-3.970963,1.070285,60.486631,0.810086,0.000000,60.000000,0.000000,0.998705,60.482027,-9.190698,1.006016,60.482083,-8.032071,1.008884,60.481970,-7.439882,1.000058,60.482398,-9.229960,0.999422,60.482620,-9.592332,1.033706,60.486086,-8.037052,1.018377,60.481611,-5.242162,1.014108,60.481734,-5.988575,1.003594,60.481732,-5.947443,1.015586,60.481731,-5.812444,1.012468,60.482011,-7.135845,1.024798,60.482585,-6.575478,1.043138,60.482863,-4.951761,1.047105,60.483476,-5.236242,1.046395,60.483459,-5.844410,1.055720,60.482238,-0.786842,0.996018,60.481968,-1.794569,1.044214,60.482856,-3.052345,1.059994,60.482902,0.635504,1.055994,60.482851,0.315971,1.048623,60.482840,-4.929101,1.067013,60.486560,1.327199,1.064151,60.485783,-1.988883,1.051023,60.484696,-4.484422,1.062240,60.486957,0.648787,1.060556,60.487404,2.932988,1.049575,60.486577,2.509969,0.979823,60.480324,-0.622273,0.982123,60.480364,1.679631,0.997311,60.482018,3.674442,1.012436,60.481709,2.661746,1.054059,60.483028,5.015443,1.070151,60.482811,6.451374,1.030241,60.486609,7.014466,1.031397,60.488430,8.862748,1.036874,60.488382,-6.930372,1.008157,1.007947,1.007965,1.008032,1.008010,1.008105,1.008197,1.008096,-38.839315,0.000000,5.048887,13.529676,5.634204,20.141940,23.614764,-31.465641,0.000000,447.800150,209.391350,467.503357,6.717002,286.592096,294.652499,141.504847,562.436988,245.394482,221.661074,276.382253,200.614467,124.488442,251.663684,184.493662,253.902685,8.239523,988.742731,0.000000,164.790455,75.230425,157.625653,78.812826,137.026846,28.927890,26.868009,92.246831,102.994034,75.767785,-82.574348,42.272334,15.225205,67.617823,24.718568,24.091648,4.119761,223.900075
7.520000,1.057643,60.488378,-3.939397,1.070292,60.487492,0.834753,0.000000,60.000000,0.000000,0.998669,60.481935,-9.203507,1.005989,60.481975,-8.044549,1.008856,60.481845,-7.453251,1.000032,60.482328,-9.239997,0.999398,60.482575,-9.600657,1.033697,60.486399,-8.018787,1.018348,60.481442,-5.258317,1.014081,60.481580,-6.003778,1.003564,60.481583,-5.962639,1.015553,60.481586,-5.827627,1.012424,60.481923,-7.148750,1.024716,60.482624,-6.583674,1.043044,60.482954,-4.957718,1.046998,60.483669,-5.237317,1.046288,60.483652,-5.845607,1.055636,60.482219,-0.797794,0.995956,60.481906,-1.807663,1.044113,60.482943,-3.058366,1.059889,60.482981,0.629776,1.055888,60.482929,0.309873,1.048527,60.482930,-4.935222,1.066974,60.487383,1.351185,1.064016,60.486345,-1.971670,1.050893,60.485086,-4.475817,1.062056,60.487606,0.674859,1.060362,60.488088,2.962440,1.049625,60.487613,2.535035,0.979775,60.479942,-0.648668,0.982105,60.479996,1.653588,0.997218,60.481956,3.661709,1.012397,60.481585,2.646510,1.053954,60.483101,5.010595,1.070036,60.482873,6.444919,1.030212,60.487523,7.039215,1.031203,60.489198,8.899977,1.036883,60.488933,-6.894496,1.008167,1.007926,1.007949,1.008028,1.008003,1.008125,1.008215,1.008124,-38.741683,0.000000,5.057890,13.569992,5.664496,20.219123,23.731342,-31.390587,0.000000,447.800150,209.391350,467.503357,6.717002,286.592096,294.652499,141.504847,562.436988,245.394482,221.661074,276.382253,200.614467,124.488442,251.663684,184.493662,253.902685,8.239523,988.742731,0.000000,164.790455,75.230425,157.625653,78.812826,137.026846,28.927890,26.868009,92.246831,102.994034,75.767785,-82.574348,42.272334,15.225205,67.617823,24.718568,24.091648,4.119761,223.900075
7.540000,1.057656,60.489032,-3.904364,1.070295,60.488336,0.864262,0.000000,60.000000,0.000000,0.998647,60.481905,-9.217986,1.005976,60.481931,-8.058804,1.008844,60.481785,-7.468517,1.000022,60.482317,-9.251560,0.999387,60.482587,-9.610335,1.033693,60.486728,-7.999486,1.018335,60.481342,-5.276665,1.014068,60.481494,-6.021069,1.003548,60.481501,-5.979894,1.015536,60.481507,-5.844843,1.012394,60.481895,-7.163307,1.024642,60.482706,-6.592682,1.042953,60.483081,-4.964142,1.046891,60.483888,-5.238171,1.046180,60.483871,-5.846584,1.055556,60.482244,-0.809971,0.995898,60.481889,-1.822285,1.044017,60.483066,-3.064887,1.059789,60.483096,0.623493,1.055787,60.483043,0.303214,1.048435,60.483057,-4.941817,1.066925,60.488190,1.379744,1.063869,60.486895,-1.951745,1.050756,60.485482,-4.465663,1.061854,60.488220,0.704165,1.060151,60.488729,2.995342,1.049670,60.488630,2.566194,0.979744,60.479653,-0.678684,0.982103,60.479717,1.624008,0.997127,60.481940,3.647449,1.012361,60.481509,2.629310,1.053855,60.483208,5.005141,1.069927,60.482970,6.437782,1.030174,60.488416,7.069169,1.030992,60.489903,8.941171,1.036892,60.489471,-6.855992,1.008177,1.007908,1.007936,1.008024,1.007997,1.008143,1.008231,1.008151,-38.631172,0.000000,5.069017,13.617154,5.700385,20.312994,23.863823,-31.295182,0.000000,447.800150,209.391350,467.503357,6.717002,286.592096,294.652499,141.504847,562.436988,245.394482,221.661074,276.382253,200.614467,124.488442,251.663684,184.493662,253.902685,8.239523,988.742731,0.000000,164.790455,75.230425,157.625653,78.812826,137.026846,28.927890,26.868009,92.246831,102.994034,75.767785,-82.574348,42.272334,15.225205,67.617823,24.718568,24.091648,4.119761,223.900075
7.560000,1.057667,60.489671,-3.866223,1.070293,60.489159,0.898224,0.000000,60.000000,0.000000,0.998639,60.481942,-9.233920,1.005978,60.481956,-8.074606,1.008847,60.481796,-7.485435,1.000025,60.482371,-9.264446,0.999390,60.482661,-9.621188,1.033694,60.487073,-7.979281,1.018336,60.481318,-5.296929,1.014070,60.481482,-6.040185,1.003547,60.481492,-5.998949,1.015532,60.481501,-5.863837,1.012376,60.481932,-7.179313,1.024574,60.482836,-6.602419,1.042868,60.483248,-4.971006,1.046785,60.484136,-5.238854,1.046074,60.484119,-5.847387,1.055481,60.482317,-0.823291,0.995845,60.481924,-1.838332,1.043928,60.483228,-3.071882,1.059696,60.483250,0.616676,1.055693,60.483197,0.296017,1.048349,60.483224,-4.948857,1.066868,60.488975,1.412480,1.063713,60.487434,-1.929446,1.050614,60.485885,-4.454159,1.061640,60.488798,0.736196,1.059926,60.489325,3.031122,1.049711,60.489621,2.603028,0.979729,60.479467,-0.711856,0.982117,60.479537,1.591326,0.997041,60.481975,3.631769,1.012329,60.481487,2.610269,1.053764,60.483353,4.999092,1.069825,60.483106,6.429980,1.030128,60.489282,7.103900,1.030765,60.490542,8.985609,1.036901,60.489997,-6.815201,1.008187,1.007893,1.007925,1.008022,1.007992,1.008162,1.008245,1.008178,-38.509230,0.000000,5.082006,13.670307,5.740980,20.422047,24.009964,-31.180920,0.000000,447.800150,209.391350,467.503357,6.717002,286.592096,294.652499,141.504847,562.436988,245.394482,221.661074,276.382253,200.614467,124.488442,251.663684,184.493662,253.902685,8.239523,988.742731,0.000000,164.790455,75.230425,157.625653,78.812826,137.026846,28.927890,26.868009,92.246831,102.994034,75.767785,-82.574348,42.272334,15.225205,67.617823,24.718568,24.091648,4.119761,223.900075
7.580000,1.057674,60.490292,-3.825361,1.070287,60.489955,0.936194,0.000000,60.000000,0.000000,0.998644,60.482050,-9.251070,1.005993,60.482054,-8.091701,1.008863,60.481883,-7.503734,1.000041,60.482494,-9.278436,0.999405,60.482800,-9.633016,1.033699,60.487436,-7.958308,1.018351,60.481374,-5.318808,1.014086,60.481549,-6.060835,1.003561,60.481561,-6.019519,1.015542,60.481572,-5.884330,1.012370,60.482039,-7.196539,1.024514,60.483017,-6.612790,1.042789,60.483459,-4.978273,1.046682,60.484415,-5.239413,1.045970,60.484399,-5.848065,1.055411,60.482441,-0.837657,0.995796,60.482014,-1.855680,1.043845,60.483433,-3.079316,1.059611,60.483446,0.609356,1.055607,60.483393,0.288315,1.048269,60.483433,-4.956304,1.066803,60.489732,1.448948,1.063550,60.487958,-1.905130,1.050469,60.486295,-4.441520,1.061415,60.489338,0.770419,1.059691,60.489874,3.069181,1.049749,60.490577,2.645048,0.979730,60.479390,-0.747679,0.982145,60.479462,1.556017,0.996959,60.482066,3.614792,1.012302,60.481525,2.589536,1.053681,60.483539,4.992472,1.069733,60.483283,6.421540,1.030075,60.490114,7.142917,1.030527,60.491113,9.032543,1.036910,60.490511,-6.772479,1.008196,1.007881,1.007917,1.008021,1.007987,1.008179,1.008257,1.008204,-38.377430,0.000000,5.096574,13.728525,5.785328,20.544586,24.167373,-31.049539,0.000000,447.800150,209.391350,467.503357,6.717002,286.592096,294.652499,141.504847,562.436988,245.394482,221.661074,276.382253,200.614467,124.488442,251.663684,184.493662,253.902685,8.239523,988.742731,0.000000,164.790455,75.230425,157.625653,78.812826,137.026846,28.927890,26.868009,92.246831,102.994035,75.767785,-82.574348,42.272334,15.225205,67.617823,24.718568,24.091648,4.119761,223.900075
7.600000,1.057678,60.490893,-3.782193,1.070278,60.490720,0.977680,0.000000,60.000000,0.000000,0.998661,60.482233,-9.269180,1.006020,60.482230,-8.109816,1.008892,60.482049,-7.523126,1.000069,60.482690,-9.293288,0.999432,60.483009,-9.645604,1.033709,60.487820,-7.936704,1.018380,60.481516,-5.341977,1.014115,60.481699,-6.082707,1.003587,60.481713,-6.041298,1.015564,60.481725,-5.906019,1.012376,60.482219,-7.214742,1.024463,60.483252,-6.623692,1.042716,60.483714,-4.985897,1.046583,60.484726,-5.239895,1.045871,60.484711,-5.848660,1.055348,60.482621,-0.852954,0.995754,60.482164,-1.874190,1.043770,60.483684,-3.087146,1.059535,60.483687,0.601571,1.055530,60.483634,0.280149,1.048196,60.483689,-4.964114,1.066731,60.490459,1.488658,1.063381,60.488469,-1.879175,1.050321,60.486714,-4.427967,1.061184,60.489840,0.806282,1.059448,60.490375,3.108903,1.049783,60.491492,2.691694,0.979745,60.479429,-0.785612,0.982186,60.479498,1.518590,0.996882,60.482216,3.596658,1.012279,60.481626,2.567281,1.053608,60.483769,4.985312,1.069650,60.483506,6.412503,1.030016,60.490907,7.185678,1.030281,60.491616,9.081209,1.036919,60.491011,-6.728195,1.008205,1.007873,1.007911,1.008021,1.007985,1.008196,1.008266,1.008228,-38.237445,0.000000,5.112418,13.790820,5.832438,20.678748,24.333548,-30.903002,0.000000,447.800150,209.391350,467.503357,6.717002,286.592096,294.652499,141.504847,562.436988,245.394482,221.661074,276.382253,200.614467,124.488442,251.663684,184.493662,253.902685,8.239523,988.742731,0.000000,164.790455,75.230425,157.625653,78.812826,137.026846,28.927890,26.868009,92.246831,102.994035,75.767785,-82.574348,42.272334,15.225205,67.617823,24.718568,24.091648,4.119761,223.900075
7.620000,1.057680,60.491472,-3.737155,1.070267,60.491448,1.022147,0.000000,60.000000,0.000000,0.998689,60.482495,-9.287978,1.006060,60.482487,-8.128662,1.008933,60.482299,-7.543305,1.000108,60.482962,-9.308750,0.999469,60.483291,-9.658723,1.033723,60.488225,-7.914603,1.018420,60.481745,-5.366093,1.014156,60.481936,-6.105470,1.003625,60.481950,-6.063960,1.015598,60.481963,-5.928587,1.012392,60.482476,-7.233662,1.024420,60.483544,-6.635007,1.042651,60.484018,-4.993827,1.046489,60.485072,-5.240340,1.045776,60.485058,-5.849213,1.055292,60.482859,-0.869055,0.995718,60.482376,-1.893702,1.043704,60.483982,-3.095318,1.059469,60.483975,0.593372,1.055463,60.483922,0.271572,1.048131,60.483992,-4.972232,1.066654,60.491150,1.531082,1.063210,60.488964,-1.851975,1.050174,60.487140,-4.413727,1.060949,60.490304,0.843227,1.059201,60.490830,3.149666,1.049813,60.492358,2.742350,0.979773,60.479587,-0.825093,0.982240,60.479649,1.479578,0.996811,60.482429,3.577526,1.012262,60.481795,2.543696,1.053545,60.484046,4.977657,1.069577,60.483775,6.402918,1.029952,60.491657,7.231597,1.030031,60.492053,9.130835,1.036928,60.491499,-6.682726,1.008214,1.007869,1.007909,1.008023,1.007983,1.008211,1.008273,1.008252,-38.091027,0.000000,5.129222,13.856158,5.881289,20.822533,24.505913,-30.743466,0.000000,447.800150,209.391350,467.503357,6.717002,286.592096,294.652499,141.504847,562.436988,245.394482,221.661074,276.382253,200.614467,124.488442,251.663684,184.493662,253.902685,8.239523,988.742731,0.000000,164.790455,75.230425,157.625653,78.812826,137.026846,28.927890,26.868009,92.246831,102.994035,75.767785,-82.574348,42.272334,15.225205,67.617823,24.718568,24.091648,4.119761,223.900075
7.640000,1.057681,60.492029,-3.690698,1.070254,60.492135,1.069026,0.000000,60.000000,0.000000,0.998728,60.482837,-9.307181,1.006109,60.482826,-8.147940,1.008984,60.482634,-7.563952,1.000157,60.483311,-9.324557,0.999516,60.483646,-9.672137,1.033740,60.488651,-7.892139,1.018471,60.482065,-5.390802,1.014208,60.482260,-6.128784,1.003675,60.482275,-6.087171,1.015643,60.482287,-5.951704,1.012419,60.482812,-7.253026,1.024385,60.483894,-6.646611,1.042594,60.484370,-5.002001,1.046401,60.485453,-5.240786,1.045688,60.485440,-5.849760,1.055243,60.483158,-0.885819,0.995688,60.482653,-1.914045,1.043647,60.484330,-3.103772,1.059413,60.484311,0.584815,1.055405,60.484260,0.262642,1.048074,60.484344,-4.980596,1.066573,60.491803,1.575663,1.063039,60.489444,-1.823929,1.050030,60.487574,-4.399031,1.060714,60.490730,0.880694,1.058955,60.491239,3.190847,1.049842,60.493169,2.796347,0.979812,60.479866,-0.865540,0.982304,60.479918,1.439533,0.996747,60.482707,3.557566,1.012251,60.482034,2.518991,1.053493,60.484370,4.969555,1.069516,60.484094,6.392844,1.029884,60.492358,7.280047,1.029781,60.492424,9.180661,1.036937,60.491974,-6.636451,1.008222,1.007869,1.007910,1.008026,1.007983,1.008226,1.008278,1.008273,-37.939985,0.000000,5.146663,13.923478,5.930851,20.973826,24.681855,-30.573257,0.000000,447.800150,209.391350,467.503357,6.717002,286.592096,294.652499,141.504847,562.436988,245.394482,221.661074,276.382253,200.614467,124.488442,251.663684,184.493662,253.902685,8.239523,988.742731,0.000000,164.790455,75.230425,157.625653,78.812826,137.026846,28.927890,26.868009,92.246831,102.994035,75.767785,-82.574348,42.272334,15.225205,67.617823,24.718568,24.091648,4.119761,223.900075
7.660000,1.057680,60.492561,-3.643285,1.070241,60.492779,1.117721,0.000000,60.000000,0.000000,0.998777,60.483260,-9.326500,1.006168,60.483248,-8.167343,1.009045,60.483055,-7.584744,1.000215,60.483739,-9.340440,0.999572,60.484075,-9.685600,1.033760,60.489100,-7.869446,1.018531,60.482476,-5.415740,1.014269,60.482674,-6.152298,1.003734,60.482688,-6.110587,1.015698,60.482700,-5.975032,1.012456,60.483227,-7.272558,1.024360,60.484302,-6.658372,1.042545,60.484773,-5.010352,1.046320,60.485871,-5.241266,1.045607,60.485858,-5.850332,1.055202,60.483519,-0.903095,0.995666,60.482998,-1.935032,1.043600,60.484727,-3.112440,1.059367,60.484698,0.575968,1.055359,60.484648,0.253428,1.048026,60.484747,-4.989137,1.066490,60.492415,1.621819,1.062871,60.489908,-1.795439,1.049890,60.488018,-4.384106,1.060483,60.491121,0.918129,1.058711,60.491605,3.231836,1.049868,60.493919,2.852972,0.979862,60.480268,-0.906365,0.982378,60.480305,1.399017,0.996689,60.483051,3.536962,1.012246,60.482346,2.493395,1.053452,60.484743,4.961069,1.069468,60.484463,6.382352,1.029814,60.493008,7.330377,1.029533,60.492734,9.229939,1.036946,60.492436,-6.589754,1.008230,1.007872,1.007914,1.008031,1.007985,1.008239,1.008281,1.008293,-37.786159,0.000000,5.164414,13.991705,5.980098,21.130435,24.858761,-30.394835,0.000000,447.800150,209.391350,467.503357,6.717002,286.592096,294.652499,141.504847,562.436988,245.394482,221.661074,276.382253,200.614467,124.488442,251.663684,184.493662,253.902685,8.239523,988.742731,0.000000,164.790455,75.230425,157.625653,78.812826,137.026846,28.927890,26.868009,92.246831,102.994035,75.767785,-82.574348,42.272334,15.225205,67.617823,24.718568,24.091648,4.119761,223.900075
7.680000,1.057678,60.493068,-3.595384,1.070228,60.493377,1.167614,0.000000,60.000000,0.000000,0.998834,60.483763,-9.345642,1.006235,60.483753,-8.186563,1.009114,60.483560,-7.605355,1.000280,60.484244,-9.356125,0.999635,60.484579,-9.698867,1.033784,60.489571,-7.846653,1.018601,60.482977,-5.440541,1.014339,60.483177,-6.175660,1.003802,60.483189,-6.133860,1.015761,60.483199,-5.998228,1.012501,60.483721,-7.291976,1.024344,60.484771,-6.670153,1.042506,60.485227,-5.018804,1.046248,60.486325,-5.241805,1.045534,60.486314,-5.850954,1.055170,60.483942,-0.920722,0.995651,60.483410,-1.956465,1.043563,60.485176,-3.121247,1.059334,60.485135,0.566902,1.055325,60.485086,0.244005,1.047988,60.485200,-4.997781,1.066406,60.492982,1.668951,1.062707,60.490357,-1.766904,1.049757,60.488471,-4.369177,1.060258,60.491478,0.954996,1.058475,60.491929,3.272040,1.049892,60.494605,2.911479,0.979922,60.480792,-0.946978,0.982460,60.480811,1.358593,0.996639,60.483462,3.515907,1.012247,60.482732,2.467149,1.053423,60.485166,4.952264,1.069432,60.484883,6.371516,1.029742,60.493603,7.381911,1.029292,60.492985,9.277950,1.036955,60.492886,-6.543013,1.008238,1.007880,1.007921,1.008036,1.007989,1.008251,1.008282,1.008311,-37.631399,0.000000,5.182149,14.059768,6.028028,21.290115,25.034056,-30.210762,0.000000,447.800150,209.391350,467.503357,6.717002,286.592096,294.652499,141.504847,562.436988,245.394482,221.661074,276.382253,200.614467,124.488442,251.663684,184.493662,253.902685,8.239523,988.742731,0.000000,164.790455,75.230425,157.625653,78.812826,137.026846,28.927890,26.868009,92.246831,102.994035,75.767785,-82.574348,42.272334,15.225205,67.617823,24.718568,24.091648,4.119761,223.900075
7.700000,1.057677,60.493549,-3.547465,1.070217,60.493926,1.218077,0.000000,60.000000,0.000000,0.998899,60.484346,-9.364317,1.006309,60.484340,-8.205293,1.009190,60.484150,-7.625460,1.000353,60.484826,-9.371341,0.999704,60.485156,-9.711692,1.033810,60.490064,-7.823885,1.018677,60.483568,-5.464843,1.014416,60.483768,-6.198522,1.003878,60.483777,-6.156648,1.015832,60.483785,-6.020955,1.012555,60.484294,-7.310997,1.024338,60.485298,-6.681813,1.042478,60.485731,-5.027277,1.046185,60.486816,-5.242425,1.045471,60.486806,-5.851646,1.055146,60.484429,-0.938531,0.995643,60.483891,-1.978136,1.043538,60.485675,-3.130114,1.059313,60.485623,0.557696,1.055303,60.485576,0.234453,1.047961,60.485705,-5.006445,1.066322,60.493505,1.716455,1.062550,60.490792,-1.738716,1.049631,60.488933,-4.354462,1.060044,60.491804,0.990777,1.058250,60.492216,3.310892,1.049915,60.495221,2.971099,0.979989,60.481435,-0.986799,0.982548,60.481433,1.318821,0.996596,60.483941,3.494602,1.012254,60.483193,2.440506,1.053407,60.485639,4.943215,1.069410,60.485355,6.360421,1.029670,60.494143,7.433967,1.029060,60.493183,9.324012,1.036965,60.493325,-6.496601,1.008245,1.007891,1.007931,1.008044,1.007994,1.008262,1.008281,1.008326,-37.477540,0.000000,5.199548,14.126610,6.073671,21.450605,25.205237,-30.023667,0.000000,447.800150,209.391350,467.503357,6.717002,286.592096,294.652499,141.504847,562.436988,245.394482,221.661074,276.382253,200.614467,124.488442,251.663684,184.493662,253.902685,8.239523,988.742731,0.000000,164.790455,75.230425,157.625653,78.812826,137.026846,28.927890,26.868009,92.246831,102.994035,75.767785,-82.574348,42.272334,15.225205,67.617823,24.718568,24.091648,4.119761,223.900075
7.720000,1.057675,60.494004,-3.499991,1.070207,60.494425,1.268477,0.000000,60.000000,0.000000,0.998971,60.485006,-9.382239,1.006390,60.485006,-8.223232,1.009272,60.484822,-7.644742,1.000431,60.485482,-9.385825,0.999779,60.485804,-9.723835,1.033838,60.490578,-7.801266,1.018760,60.484246,-5.488288,1.014500,60.484444,-6.220540,1.003960,60.484450,-6.178612,1.015909,60.484454,-6.042881,1.012616,60.484942,-7.329347,1.024342,60.485883,-6.693211,1.042460,60.486285,-5.035689,1.046133,60.487343,-5.243141,1.045419,60.487335,-5.852421,1.055132,60.484978,-0.956348,0.995644,60.484440,-1.999832,1.043525,60.486224,-3.138955,1.059304,60.486161,0.548434,1.055294,60.486115,0.224858,1.047944,60.486259,-5.015045,1.066241,60.493982,1.763724,1.062403,60.491213,-1.711253,1.049517,60.489405,-4.340167,1.059843,60.492102,1.024982,1.058038,60.492468,3.347860,1.049937,60.495767,3.031047,0.980063,60.482193,-1.025263,0.982642,60.482168,1.280245,0.996562,60.484487,3.473255,1.012268,60.483730,2.413729,1.053404,60.486162,4.934002,1.069403,60.485877,6.349155,1.029598,60.494625,7.485855,1.028842,60.493333,9.367487,1.036974,60.493751,-6.450880,1.008252,1.007907,1.007944,1.008053,1.008000,1.008271,1.008278,1.008339,-37.326379,0.000000,5.216304,14.191213,6.116108,21.609654,25.369906,-29.836211,0.000000,447.800150,209.391350,467.503357,6.717002,286.592096,294.652499,141.504847,562.436988,245.394482,221.661074,276.382253,200.614467,124.488442,251.663684,184.493662,253.902685,8.239523,988.742731,0.000000,164.790455,75.230425,157.625653,78.812826,137.026846,28.927890,26.868009,92.246831,102.994034,75.767785,-82.574348,42.272334,15.225205,67.617823,24.718568,24.091648,4.119761,223.900075
7.740000,1.057675,60.494433,-3.453419,1.070200,60.494874,1.318185,0.000000,60.000000,0.000000,0.999049,60.485740,-9.399132,1.006475,60.485748,-8.240094,1.009360,60.485571,-7.662897,1.000513,60.486210,-9.399321,0.999859,60.486520,-9.735065,1.033868,60.491112,-7.778912,1.018849,60.485008,-5.510536,1.014588,60.485201,-6.241386,1.004048,60.485203,-6.199429,1.015992,60.485204,-6.063683,1.012684,60.485664,-7.346757,1.024356,60.486524,-6.704204,1.042453,60.486888,-5.043952,1.046093,60.487906,-5.243959,1.045378,60.487900,-5.853286,1.055127,60.485589,-0.973994,0.995653,60.485055,-2.021334,1.043524,60.486821,-3.147683,1.059309,60.486747,0.539202,1.055298,60.486704,0.215309,1.047939,60.486862,-5.023494,1.066163,60.494413,1.810160,1.062268,60.491621,-1.684876,1.049414,60.489887,-4.326488,1.059658,60.492375,1.057158,1.057842,60.492691,3.382449,1.049959,60.496240,3.090536,0.980142,60.483061,-1.061831,0.982740,60.483012,1.243391,0.996537,60.485099,3.452075,1.012290,60.484340,2.387085,1.053414,60.486733,4.924708,1.069410,60.486448,6.337810,1.029530,60.495050,7.536898,1.028640,60.493441,9.407791,1.036984,60.494166,-6.406200,1.008259,1.007925,1.007961,1.008063,1.008009,1.008279,1.008274,1.008349,-37.179655,0.000000,5.232122,14.252603,6.154483,21.765054,25.525799,-29.651049,0.000000,447.800150,209.391350,467.503357,6.717002,286.592096,294.652499,141.504847,562.436988,245.394482,221.661074,276.382253,200.614467,124.488442,251.663684,184.493662,253.902685,8.239523,988.742731,0.000000,164.790455,75.230425,157.625653,78.812826,137.026846,28.927890,26.868009,92.246831,102.994034,75.767785,-82.574348,42.272334,15.225205,67.617823,24.718568,24.091648,4.119761,223.900075
7.760000,1.057676,60.494836,-3.408190,1.070196,60.495273,1.366584,0.000000,60.000000,0.000000,0.999131,60.486545,-9.414736,1.006564,60.486562,-8.255603,1.009451,60.486394,-7.679637,1.000600,60.487005,-9.411588,0.999942,60.487300,-9.745165,1.033901,60.491666,-7.756938,1.018942,60.485848,-5.531260,1.014681,60.486035,-6.260747,1.004141,60.486033,-6.218789,1.016080,60.486029,-6.083059,1.012757,60.486455,-7.362972,1.024380,60.487218,-6.714653,1.042457,60.487538,-5.051977,1.046065,60.488503,-5.244884,1.045350,60.488500,-5.854243,1.055132,60.486258,-0.991292,0.995670,60.485736,-2.042424,1.043536,60.487466,-3.156209,1.059327,60.487381,0.530090,1.055317,60.487340,0.205897,1.047946,60.487513,-5.031701,1.066090,60.494799,1.855178,1.062147,60.492019,-1.659926,1.049325,60.490380,-4.313607,1.059491,60.492627,1.086888,1.057667,60.492889,3.414211,1.049981,60.496639,3.148783,0.980224,60.484033,-1.095992,0.982841,60.483957,1.208756,0.996520,60.485774,3.431274,1.012318,60.485022,2.360843,1.053438,60.487350,4.915420,1.069432,60.487068,6.326483,1.029465,60.495418,7.586429,1.028457,60.493514,9.444396,1.036994,60.494571,-6.362895,1.008265,1.007948,1.007980,1.008075,1.008019,1.008286,1.008269,1.008357,-37.039026,0.000000,5.246728,14.309870,6.188014,21.914667,25.670818,-29.470798,0.000000,447.800150,209.391350,467.503357,6.717002,286.592096,294.652499,141.504847,562.436988,245.394482,221.661074,276.382253,200.614467,124.488442,251.663684,184.493662,253.902685,8.239523,988.742731,0.000000,164.790455,75.230425,157.625653,78.812826,137.026846,28.927890,26.868009,92.246831,102.994034,75.767785,-82.574348,42.272334,15.225205,67.617823,24.718568,24.091648,4.119761,223.900075
7.780000,1.057679,60.495214,-3.364726,1.070197,60.495622,1.413076,0.000000,60.000000,0.000000,0.999219,60.487414,-9.428807,1.006656,60.487442,-8.269507,1.009545,60.487286,-7.694694,1.000689,60.487862,-9.422403,1.000028,60.488139,-9.753934,1.033935,60.492237,-7.735451,1.019037,60.486761,-5.550158,1.014777,60.486940,-6.278333,1.004237,60.486934,-6.236406,1.016172,60.486926,-6.100724,1.012836,60.487310,-7.377753,1.024415,60.487964,-6.724427,1.042474,60.488232,-5.059676,1.046050,60.489134,-5.245912,1.045335,60.489132,-5.855288,1.055147,60.486985,-1.008062,0.995696,60.486479,-2.062885,1.043561,60.488156,-3.164444,1.059359,60.488059,0.521187,1.055349,60.488021,0.196713,1.047965,60.488208,-5.039579,1.066024,60.495140,1.898217,1.062042,60.492406,-1.636715,1.049252,60.490882,-4.301688,1.059346,60.492862,1.113799,1.057513,60.493066,3.442745,1.050003,60.496966,3.205025,0.980310,60.485100,-1.127278,0.982943,60.484997,1.176802,0.996512,60.486511,3.411060,1.012353,60.485773,2.335271,1.053476,60.488013,4.906227,1.069469,60.487733,6.315270,1.029404,60.495732,7.633809,1.028296,60.493559,9.476843,1.037005,60.494965,-6.321280,1.008271,1.007973,1.008002,1.008088,1.008031,1.008291,1.008263,1.008363,-36.906051,0.000000,5.259870,14.362174,6.216004,22.056459,25.803053,-29.297998,0.000000,447.800150,209.391350,467.503357,6.717002,286.592096,294.652499,141.504847,562.436988,245.394482,221.661074,276.382253,200.614467,124.488442,251.663684,184.493662,253.902685,8.239523,988.742731,0.000000,164.790455,75.230425,157.625653,78.812826,137.026846,28.927890,26.868009,92.246831,102.994034,75.767785,-82.574348,42.272334,15.225205,67.617823,24.718568,24.091648,4.119761,223.900075
7.800000,1.057684,60.495568,-3.323425,1.070202,60.495924,1.457092,0.000000,60.000000,0.000000,0.999309,60.488343,-9.441124,1.006751,60.488382,-8.281577,1.009640,60.488240,-7.707825,1.000780,60.488776,-9.431565,1.000116,60.489033,-9.761188,1.033970,60.492825,-7.714556,1.019136,60.487741,-5.566954,1.014875,60.487911,-6.293880,1.004335,60.487900,-6.252018,1.016266,60.487886,-6.116419,1.012920,60.488225,-7.390884,1.024459,60.488756,-6.733397,1.042502,60.488968,-5.066964,1.046048,60.489795,-5.247037,1.045333,60.489796,-5.856414,1.055172,60.487766,-1.024132,0.995731,60.487282,-2.082502,1.043599,60.488888,-3.172299,1.059405,60.488780,0.512584,1.055395,60.488744,0.187847,1.047996,60.488944,-5.047039,1.065965,60.495439,1.938745,1.061955,60.492785,-1.615528,1.049195,60.491395,-4.290880,1.059224,60.493084,1.137565,1.057383,60.493228,3.467708,1.050027,60.497222,3.258526,0.980397,60.486254,-1.155259,0.983045,60.486123,1.147952,0.996514,60.487306,3.391639,1.012396,60.486591,2.310632,1.053528,60.488717,4.897217,1.069522,60.488442,6.304268,1.029350,60.495992,7.678430,1.028158,60.493583,9.504740,1.037016,60.495349,-6.281649,1.008277,1.008001,1.008026,1.008102,1.008045,1.008295,1.008256,1.008365,-36.782172,0.000000,5.271320,14.408766,6.237852,22.188519,25.920806,-29.135078,0.000000,447.800150,209.391350,467.503357,6.717002,286.592096,294.652499,141.504847,562.436988,245.394482,221.661074,276.382253,200.614467,124.488442,251.663684,184.493662,253.902685,8.239523,988.742731,0.000000,164.790455,75.230425,157.625653,78.812826,137.026846,28.927890,26.868009,92.246831,102.994034,75.767785,-82.574348,42.272334,15.225205,67.617823,24.718568,24.091648,4.119761,223.900075
7.820000,1.057693,60.495899,-3.284658,1.070213,60.496180,1.498095,0.000000,60.000000,0.000000,0.999402,60.489325,-9.451490,1.006846,60.489376,-8.291608,1.009737,60.489249,-7.718816,1.000872,60.489740,-9.438896,1.000204,60.489974,-9.766769,1.034007,60.493425,-7.694351,1.019235,60.488780,-5.581403,1.014974,60.488939,-6.307152,1.004435,60.488923,-6.265393,1.016363,60.488904,-6.129915,1.013007,60.489192,-7.402167,1.024514,60.489591,-6.741448,1.042543,60.489743,-5.073756,1.046061,60.490486,-5.248246,1.045346,60.490489,-5.857609,1.055207,60.488597,-1.039333,0.995774,60.488139,-2.101072,1.043650,60.489658,-3.179690,1.059465,60.489539,0.504366,1.055454,60.489507,0.179388,1.048040,60.489720,-5.053998,1.065916,60.495698,1.976264,1.061886,60.493158,-1.596620,1.049156,60.491919,-4.281311,1.059127,60.493298,1.157909,1.057279,60.493380,3.488811,1.050052,60.497411,3.308584,0.980484,60.487485,-1.179558,0.983147,60.487326,1.122585,0.996525,60.488155,3.373207,1.012445,60.487470,2.287182,1.053593,60.489461,4.888479,1.069589,60.489191,6.293570,1.029302,60.496204,7.719726,1.028045,60.493594,9.527767,1.037028,60.495724,-6.244272,1.008282,1.008032,1.008052,1.008118,1.008060,1.008297,1.008249,1.008366,-36.668696,0.000000,5.280878,14.448987,6.253055,22.309087,26.022608,-28.984325,0.000000,447.800150,209.391350,467.503357,6.717002,286.592096,294.652499,141.504847,562.436988,245.394482,221.661074,276.382253,200.614467,124.488442,251.663684,184.493662,253.902685,8.239523,988.742731,0.000000,164.790455,75.230425,157.625653,78.812826,137.026846,28.927890,26.868009,92.246831,102.994034,75.767785,-82.574348,42.272334,15.225205,67.617823,24.718568,24.091648,4.119761,223.900075
7.840000,1.057705,60.496209,-3.248767,1.070229,60.496394,1.535591,0.000000,60.000000,0.000000,0.999496,60.490353,-9.459738,1.006941,60.490417,-8.299428,1.009834,60.490305,-7.727484,1.000964,60.490747,-9.444247,1.000293,60.490957,-9.770542,1.034044,60.494037,-7.674929,1.019334,60.489871,-5.593293,1.015073,60.490018,-6.317949,1.004536,60.489996,-6.276331,1.016460,60.489972,-6.141012,1.013097,60.490205,-7.411436,1.024578,60.490464,-6.748474,1.042595,60.490552,-5.079974,1.046089,60.491202,-5.249526,1.045374,60.491208,-5.858858,1.055252,60.489473,-1.053506,0.995825,60.489047,-2.118397,1.043714,60.490463,-3.186536,1.059538,60.490334,0.496618,1.055528,60.490304,0.171419,1.048096,60.490530,-5.060377,1.065876,60.495920,2.010321,1.061838,60.493527,-1.580209,1.049135,60.492452,-4.273092,1.059056,60.493507,1.174608,1.057202,60.493527,3.505824,1.050078,60.497535,3.354546,0.980570,60.488782,-1.199853,0.983246,60.488596,1.101026,0.996545,60.489054,3.355954,1.012502,60.488407,2.265163,1.053672,60.490240,4.880099,1.069671,60.489976,6.283269,1.029262,60.496370,7.757175,1.027959,60.493599,9.545680,1.037040,60.496090,-6.209395,1.008288,1.008066,1.008081,1.008134,1.008076,1.008298,1.008241,1.008364,-36.566783,0.000000,5.288377,14.482283,6.261221,22.416579,26.107236,-28.847853,0.000000,447.800150,209.391350,467.503357,6.717002,286.592096,294.652499,141.504847,562.436988,245.394482,221.661074,276.382253,200.614467,124.488442,251.663684,184.493662,253.902685,8.239523,988.742731,0.000000,164.790455,75.230425,157.625653,78.812826,137.026846,28.927890,26.868009,92.246831,102.994034,75.767785,-82.574348,42.272334,15.225205,67.617823,24.718568,24.091648,4.119761,223.900075
7.860000,1.057721,60.496499,-3.216056,1.070252,60.496570,1.569133,0.000000,60.000000,0.000000,0.999591,60.491418,-9.465730,1.007036,60.491496,-8.304899,1.009929,60.491401,-7.733682,1.001055,60.491790,-9.447497,1.000382,60.491974,-9.772402,1.034083,60.494658,-7.656378,1.019433,60.491004,-5.602451,1.015171,60.491138,-6.326105,1.004636,60.491111,-6.284668,1.016557,60.491082,-6.149547,1.013189,60.491257,-7.418550,1.024651,60.491369,-6.754384,1.042659,60.491391,-5.085546,1.046130,60.491942,-5.250858,1.045416,60.491950,-5.860142,1.055307,60.490390,-1.066501,0.995885,60.490001,-2.134297,1.043790,60.491299,-3.192763,1.059624,60.491160,0.489417,1.055615,60.491134,0.164019,1.048164,60.491370,-5.066102,1.065848,60.496109,2.040509,1.061810,60.493892,-1.566478,1.049134,60.492994,-4.266311,1.059012,60.493716,1.187492,1.057153,60.493675,3.518578,1.050107,60.497600,3.395814,0.980655,60.490133,-1.215878,0.983343,60.489921,1.083546,0.996574,60.489997,3.340056,1.012565,60.489395,2.244804,1.053763,60.491052,4.872158,1.069768,60.490794,6.273452,1.029231,60.496494,7.790312,1.027901,60.493605,9.558312,1.037053,60.496449,-6.177236,1.008293,1.008101,1.008111,1.008152,1.008094,1.008299,1.008233,1.008359,-36.477433,0.000000,5.293678,14.508212,6.262069,22.509599,26.173723,-28.727571,0.000000,447.800150,209.391350,467.503357,6.717002,286.592096,294.652499,141.504847,562.436988,245.394482,221.661074,276.382253,200.614467,124.488442,251.663684,184.493662,253.902685,8.239523,988.742731,0.000000,164.790455,75.230425,157.625653,78.812826,137.026846,28.927890,26.868009,92.246831,102.994034,75.767785,-82.574348,42.272334,15.225205,67.617823,24.718568,24.091648,4.119761,223.900075
7.880000,1.057740,60.496771,-3.186794,1.070281,60.496710,1.598324,0.000000,60.000000,0.000000,0.999686,60.492514,-9.469363,1.007129,60.492605,-8.307914,1.010023,60.492528,-7.737297,1.001145,60.492862,-9.448560,1.000468,60.493017,-9.772271,1.034122,60.495285,-7.638781,1.019530,60.492172,-5.608743,1.015268,60.492292,-6.331495,1.004734,60.492259,-6.290277,1.016654,60.492224,-6.155394,1.013283,60.492340,-7.423401,1.024733,60.492302,-6.759101,1.042735,60.492257,-5.090407,1.046186,60.492702,-5.252224,1.045472,60.492712,-5.861444,1.055371,60.491343,-1.078183,0.995952,60.490994,-2.148605,1.043878,60.492161,-3.198304,1.059722,60.492013,0.482834,1.055714,60.491990,0.157259,1.048243,60.492237,-5.071111,1.065831,60.496270,2.066473,1.061805,60.494257,-1.555573,1.049152,60.493545,-4.261038,1.058996,60.493929,1.196443,1.057133,60.493829,3.526966,1.050139,60.497611,3.431852,0.980736,60.491527,-1.227430,0.983435,60.491291,1.070360,0.996611,60.490979,3.325674,1.012635,60.490429,2.226315,1.053866,60.491891,4.864734,1.069877,60.491640,6.264201,1.029210,60.496584,7.818731,1.027870,60.493620,9.565571,1.037067,60.496800,-6.147984,1.008298,1.008138,1.008142,1.008171,1.008114,1.008298,1.008226,1.008353,-36.401476,0.000000,5.296679,14.526444,6.255432,22.586964,26.221367,-28.625164,0.000000,447.800150,209.391350,467.503357,6.717002,286.592096,294.652499,141.504847,562.436988,245.394482,221.661074,276.382253,200.614467,124.488442,251.663684,184.493662,253.902685,8.239523,988.742731,0.000000,164.790455,75.230425,157.625653,78.812826,137.026846,28.927890,26.868009,92.246831,102.994034,75.767785,-82.574348,42.272334,15.225205,67.617823,24.718568,24.091648,4.119761,223.900075
7.900000,1.057765,60.497027,-3.161207,1.070316,60.496821,1.622829,0.000000,60.000000,0.000000,0.999780,60.493631,-9.470568,1.007220,60.493735,-8.308405,1.010114,60.493677,-7.738257,1.001232,60.493952,-9.447380,1.000553,60.494079,-9.770104,1.034161,60.495916,-7.622215,1.019624,60.493364,-5.612075,1.015361,60.493469,-6.334032,1.004831,60.493431,-6.293072,1.016748,60.493391,-6.158465,1.013377,60.493445,-7.425915,1.024823,60.493257,-6.762565,1.042821,60.493143,-5.094502,1.046256,60.493479,-5.253604,1.045542,60.493491,-5.862744,1.055444,60.492326,-1.088431,0.996026,60.492020,-2.161172,1.043978,60.493045,-3.203101,1.059832,60.492889,0.476936,1.055825,60.492868,0.151203,1.048333,60.493124,-5.075347,1.065827,60.496406,2.087914,1.061821,60.494623,-1.547600,1.049190,60.494105,-4.257320,1.059008,60.494151,1.201402,1.057141,60.493993,3.530940,1.050173,60.497576,3.462197,0.980814,60.492951,-1.234368,0.983522,60.492692,1.061620,0.996658,60.491995,3.312955,1.012710,60.491501,2.209884,1.053980,60.492754,4.857899,1.070000,60.492510,6.255589,1.029198,60.496643,7.842089,1.027868,60.493651,9.567441,1.037082,60.497144,-6.121798,1.008302,1.008176,1.008174,1.008190,1.008134,1.008296,1.008219,1.008345,-36.339564,0.000000,5.297308,14.536768,6.241258,22.647712,26.249735,-28.542063,0.000000,447.800150,209.391350,467.503357,6.717002,286.592096,294.652499,141.504847,562.436988,245.394482,221.661074,276.382253,200.614467,124.488442,251.663684,184.493662,253.902685,8.239523,988.742731,0.000000,164.790455,75.230425,157.625653,78.812826,137.026846,28.927890,26.868009,92.246831,102.994034,75.767785,-82.574348,42.272334,15.225205,67.617823,24.718568,24.091648,4.119761,223.900075
7.920000,1.057793,60.497270,-3.139482,1.070359,60.496908,1.642372,0.000000,60.000000,0.000000,0.999872,60.494762,-9.469313,1.007307,60.494879,-8.306343,1.010201,60.494839,-7.736528,1.001316,60.495055,-9.443939,1.000634,60.495151,-9.765888,1.034201,60.496547,-7.606751,1.019715,60.494571,-5.612399,1.015451,60.494660,-6.333671,1.004924,60.494617,-6.293007,1.016840,60.494572,-6.158713,1.013471,60.494565,-7.426048,1.024920,60.494226,-6.764733,1.042918,60.494046,-5.097787,1.046339,60.494269,-5.254978,1.045625,60.494283,-5.864022,1.055525,60.493332,-1.097139,0.996107,60.493074,-2.171870,1.044088,60.493945,-3.207105,1.059952,60.493782,0.471775,1.055946,60.493764,0.145906,1.048433,60.494028,-5.078764,1.065835,60.496522,2.104597,1.061859,60.494992,-1.542627,1.049246,60.494673,-4.255186,1.059047,60.494385,1.202360,1.057178,60.494172,3.530513,1.050209,60.497502,3.486461,0.980886,60.494392,-1.236616,0.983603,60.494113,1.057418,0.996711,60.493038,3.302027,1.012791,60.492606,2.195679,1.054104,60.493636,4.851717,1.070133,60.493399,6.247682,1.029197,60.496678,7.860115,1.027894,60.493704,9.563980,1.037097,60.497482,-6.098810,1.008307,1.008214,1.008207,1.008210,1.008156,1.008294,1.008212,1.008335,-36.292167,0.000000,5.295531,14.539092,6.219612,22.691115,26.258663,-28.479431,0.000000,447.800150,209.391350,467.503357,6.717002,286.592096,294.652499,141.504847,562.436988,245.394482,221.661074,276.382253,200.614467,124.488442,251.663684,184.493662,253.902685,8.239523,988.742731,0.000000,164.790455,75.230425,157.625653,78.812826,137.026846,28.927890,26.868009,92.246831,102.994034,75.767785,-82.574348,42.272334,15.225205,67.617823,24.718568,24.091648,4.119761,223.900075
7.940000,1.057826,60.497503,-3.121761,1.070407,60.496975,1.656743,0.000000,60.000000,0.000000,0.999961,60.495897,-9.465600,1.007389,60.496025,-8.301734,1.010283,60.496005,-7.732115,1.001395,60.496160,-9.438251,1.000712,60.496226,-9.759640,1.034240,60.497176,-7.592456,1.019801,60.495784,-5.609707,1.015537,60.495857,-6.330411,1.005013,60.495809,-6.290078,1.016928,60.495759,-6.156131,1.013563,60.495690,-7.423796,1.025024,60.495205,-6.765582,1.043023,60.494960,-5.100227,1.046434,60.495068,-5.256326,1.045721,60.495084,-5.865261,1.055613,60.494357,-1.104223,0.996194,60.494148,-2.180594,1.044206,60.494857,-3.210280,1.060082,60.494688,0.467399,1.056077,60.494672,0.141412,1.048542,60.494942,-5.081331,1.065856,60.496625,2.116346,1.061918,60.495366,-1.540683,1.049321,60.495247,-4.254641,1.059113,60.494634,1.199362,1.057243,60.494371,3.525756,1.050249,60.497397,3.504338,0.980953,60.495838,-1.234165,0.983678,60.495542,1.057783,0.996772,60.494101,3.292996,1.012877,60.493736,2.183838,1.054237,60.494532,4.846243,1.070276,60.494303,6.240539,1.029206,60.496696,7.872607,1.027947,60.493785,9.555317,1.037114,60.497815,-6.079117,1.008311,1.008253,1.008241,1.008231,1.008178,1.008292,1.008207,1.008324,-36.259567,0.000000,5.291346,14.533445,6.190669,22.716685,26.248254,-28.438147,0.000000,447.800150,209.391350,467.503357,6.717002,286.592096,294.652499,141.504847,562.436988,245.394482,221.661074,276.382253,200.614467,124.488442,251.663684,184.493662,253.902685,8.239523,988.742731,0.000000,164.790455,75.230425,157.625653,78.812826,137.026846,28.927890,26.868009,92.246831,102.994034,75.767785,-82.574348,42.272334,15.225205,67.617823,24.718568,24.091648,4.119761,223.900075
7.960000,1.057863,60.497728,-3.108141,1.070462,60.497030,1.665799,0.000000,60.000000,0.000000,1.000046,60.497027,-9.459470,1.007466,60.497167,-8.294627,1.010360,60.497166,-7.725066,1.001469,60.497259,-9.430366,1.000784,60.497295,-9.751414,1.034279,60.497801,-7.579391,1.019882,60.496992,-5.604037,1.015617,60.497048,-6.324291,1.005096,60.496996,-6.284323,1.017011,60.496942,-6.150754,1.013652,60.496813,-7.419187,1.025132,60.496186,-6.765107,1.043136,60.495879,-5.101799,1.046541,60.495873,-5.257630,1.045829,60.495891,-5.866443,1.055708,60.495392,-1.109615,0.996286,60.495235,-2.187260,1.044333,60.495775,-3.212599,1.060219,60.495601,0.463841,1.056216,60.495588,0.137753,1.048659,60.495862,-5.083023,1.065890,60.496718,2.123052,1.061998,60.495747,-1.541755,1.049414,60.495827,-4.255675,1.059204,60.494902,1.192505,1.057333,60.494593,3.516796,1.050291,60.497268,3.515610,0.981013,60.497276,-1.227068,0.983744,60.496965,1.062680,0.996840,60.495178,3.285948,1.012967,60.494883,2.174473,1.054378,60.495437,4.841525,1.070428,60.495215,6.234205,1.029225,60.496703,7.879437,1.028026,60.493900,9.541648,1.037131,60.498143,-6.062788,1.008316,1.008292,1.008274,1.008252,1.008201,1.008288,1.008202,1.008311,-36.241863,0.000000,5.284785,14.519970,6.154712,22.724180,26.218869,-28.418790,0.000000,447.800150,209.391350,467.503357,6.717002,286.592096,294.652499,141.504847,562.436988,245.394482,221.661074,276.382253,200.614467,124.488442,251.663684,184.493662,253.902685,8.239523,988.742731,0.000000,164.790455,75.230425,157.625653,78.812826,137.026846,28.927890,26.868009,92.246831,102.994034,75.767785,-82.574348,42.272334,15.225205,67.617823,24.718568,24.091648,4.119761,223.900075
7.980000,1.057904,60.497947,-3.098674,1.070522,60.497077,1.669467,0.000000,60.000000,0.000000,1.000126,60.498144,-9.451001,1.007537,60.498294,-8.285103,1.010430,60.498312,-7.715465,1.001538,60.498344,-9.420370,1.000851,60.498351,-9.741290,1.034317,60.498417,-7.567610,1.019956,60.498187,-5.595468,1.015690,60.498226,-6.315394,1.005173,60.498170,-6.275819,1.017089,60.498112,-6.142658,1.013738,60.497925,-7.412282,1.025244,60.497164,-6.763322,1.043255,60.496798,-5.102496,1.046657,60.496680,-5.258875,1.045946,60.496699,-5.867555,1.055807,60.496433,-1.113271,0.996382,60.496328,-2.191813,1.044466,60.496693,-3.214048,1.060362,60.496516,0.461127,1.056362,60.496505,0.134953,1.048782,60.496782,-5.083834,1.065936,60.496809,2.124670,1.062096,60.496135,-1.545797,1.049523,60.496412,-4.258254,1.059320,60.495192,1.181932,1.057449,60.494843,3.503812,1.050335,60.497126,3.520146,0.981064,60.498694,-1.215445,0.983802,60.498372,1.072012,0.996912,60.496262,3.280944,1.013060,60.496039,2.167667,1.054523,60.496346,4.837600,1.070586,60.496132,6.228719,1.029256,60.496707,7.880556,1.028130,60.494053,9.523231,1.037148,60.498467,-6.049860,1.008320,1.008330,1.008307,1.008273,1.008225,1.008285,1.008199,1.008298,-36.238968,0.000000,5.275912,14.498924,6.112129,22.713602,26.171122,-28.421639,0.000000,447.800150,209.391350,467.503357,6.717002,286.592096,294.652499,141.504847,562.436988,245.394482,221.661074,276.382253,200.614467,124.488442,251.663684,184.493662,253.902685,8.239523,988.742731,0.000000,164.790455,75.230425,157.625653,78.812826,137.026846,28.927890,26.868009,92.246831,102.994034,75.767785,-82.574348,42.272334,15.225205,67.617823,24.718568,24.091648,4.119761,223.900075
8.000000,1.057949,60.498164,-3.093367,1.070587,60.497123,1.667742,0.000000,60.000000,0.000000,1.000200,60.499240,-9.440303,1.007601,60.499399,-8.273283,1.010492,60.499435,-7.703436,1.001599,60.499408,-9.408379,1.000911,60.499385,-9.729384,1.034353,60.499023,-7.557162,1.020023,60.499358,-5.584122,1.015756,60.499381,-6.303840,1.005243,60.499321,-6.264685,1.017160,60.499260,-6.131957,1.013820,60.499018,-7.403180,1.025358,60.498132,-6.760262,1.043379,60.497712,-5.102321,1.046782,60.497484,-5.260048,1.046071,60.497504,-5.868584,1.055911,60.497471,-1.115166,0.996481,60.497420,-2.194221,1.044604,60.497607,-3.214627,1.060511,60.497429,0.459266,1.056512,60.497419,0.133020,1.048910,60.497697,-5.083766,1.065995,60.496902,2.121223,1.062213,60.496534,-1.552722,1.049647,60.497000,-4.262329,1.059457,60.495507,1.167833,1.057587,60.495122,3.487031,1.050383,60.496980,3.517909,0.981108,60.500080,-1.199475,0.983851,60.499750,1.085625,0.996989,60.497346,3.278024,1.013156,60.497197,2.163472,1.054673,60.497254,4.834494,1.070749,60.497047,6.224103,1.029296,60.496714,7.875985,1.028256,60.494249,9.500384,1.037166,60.498788,-6.040340,1.008324,1.008368,1.008340,1.008295,1.008248,1.008282,1.008197,1.008285,-36.250614,0.000000,5.264825,14.470672,6.063401,22.685198,26.105863,-28.446664,0.000000,447.800150,209.391350,467.503357,6.717002,286.592096,294.652499,141.504847,562.436988,245.394482,221.661074,276.382253,200.614467,124.488442,251.663684,184.493662,253.902685,8.239523,988.742731,0.000000,164.790455,75.230425,157.625653,78.812826,137.026846,28.927890,26.868009,92.246831,102.994034,75.767785,-82.574348,42.272334,15.225205,67.617823,24.718568,24.091648,4.119761,223.900075
8.020000,1.057998,60.498381,-3.092182,1.070658,60.497175,1.660691,0.000000,60.000000,0.000000,1.000266,60.500307,-9.427522,1.007657,60.500474,-8.259323,1.010547,60.500527,-7.689139,1.001652,60.500441,-9.394542,1.000964,60.500390,-9.715838,1.034387,60.499616,-7.548091,1.020082,60.500498,-5.570161,1.015813,60.500504,-6.289791,1.005305,60.500442,-6.251077,1.017223,60.500378,-6.118801,1.013896,60.500083,-7.392009,1.025474,60.499085,-6.755981,1.043506,60.498616,-5.101289,1.046914,60.498282,-5.261137,1.046203,60.498303,-5.869523,1.056017,60.498501,-1.115299,0.996581,60.498504,-2.194481,1.044745,60.498511,-3.214348,1.060661,60.498333,0.458259,1.056664,60.498325,0.131951,1.049041,60.498602,-5.082838,1.066065,60.497003,2.112798,1.062346,60.496943,-1.562410,1.049784,60.497592,-4.267835,1.059615,60.495849,1.150438,1.057746,60.495434,3.466729,1.050432,60.496838,3.508951,0.981142,60.501423,-1.179396,0.983890,60.501088,1.103304,0.997069,60.498423,3.277199,1.013253,60.498348,2.161906,1.054825,60.498157,4.832222,1.070915,60.497957,6.220372,1.029346,60.496731,7.865825,1.028402,60.494492,9.473476,1.037185,60.499106,-6.034206,1.008329,1.008404,1.008371,1.008316,1.008272,1.008279,1.008197,1.008271,-36.276360,0.000000,5.251649,14.435677,6.009098,22.639453,26.024162,-28.493528,0.000000,447.800150,209.391350,467.503357,6.717002,286.592096,294.652499,141.504847,562.436988,245.394482,221.661074,276.382253,200.614467,124.488442,251.663684,184.493662,253.902685,8.239523,988.742731,0.000000,164.790455,75.230425,157.625653,78.812826,137.026846,28.927890,26.868009,92.246831,102.994034,75.767785,-82.574348,42.272334,15.225205,67.617823,24.718568,24.091648,4.119761,223.900075
8.040000,1.058050,60.498600,-3.095058,1.070731,60.497238,1.648426,0.000000,60.000000,0.000000,1.000325,60.501337,-9.412855,1.007704,60.501510,-8.243431,1.010592,60.501579,-7.672789,1.001697,60.501438,-9.379061,1.001009,60.501360,-9.700844,1.034419,60.500193,-7.540452,1.020131,60.501598,-5.553803,1.015861,60.501588,-6.273464,1.005357,60.501523,-6.235209,1.017277,60.501457,-6.103401,1.013964,60.501115,-7.378950,1.025588,60.500016,-6.750570,1.043635,60.499504,-5.099453,1.047050,60.499070,-5.262158,1.046340,60.499092,-5.870388,1.056124,60.499517,-1.113712,0.996683,60.499572,-2.192637,1.044887,60.499401,-3.213256,1.060812,60.499224,0.458072,1.056818,60.499217,0.131710,1.049173,60.499490,-5.081099,1.066145,60.497118,2.099525,1.062493,60.497365,-1.574730,1.049931,60.498185,-4.274708,1.059789,60.496219,1.129996,1.057923,60.495781,3.443195,1.050484,60.496710,3.493394,0.981165,60.502711,-1.155525,0.983918,60.502376,1.124760,0.997151,60.499486,3.278437,1.013351,60.499485,2.162936,1.054977,60.499048,4.830769,1.071081,60.498854,6.217505,1.029405,60.496765,7.850225,1.028566,60.494784,9.442902,1.037204,60.499422,-6.031425,1.008333,1.008439,1.008402,1.008337,1.008296,1.008276,1.008198,1.008257,-36.315599,0.000000,5.236538,14.394498,5.949869,22.577078,25.927296,-28.561594,0.000000,447.800150,209.391350,467.503357,6.717002,286.592096,294.652499,141.504847,562.436988,245.394482,221.661074,276.382253,200.614467,124.488442,251.663684,184.493662,253.902685,8.239523,988.742731,0.000000,164.790455,75.230425,157.625653,78.812826,137.026846,28.927890,26.868009,92.246831,102.994034,75.767785,-82.574348,42.272334,15.225205,67.617823,24.718568,24.091648,4.119761,223.900075
8.060000,1.058104,60.498826,-3.101849,1.070808,60.497319,1.631170,0.000000,60.000000,0.000000,1.000375,60.502324,-9.396487,1.007741,60.502500,-8.225802,1.010627,60.502585,-7.654588,1.001733,60.502391,-9.362117,1.001045,60.502288,-9.684574,1.034448,60.500753,-7.534255,1.020170,60.502650,-5.535261,1.015899,60.502624,-6.255068,1.005400,60.502558,-6.217282,1.017322,60.502491,-6.085953,1.014025,60.502105,-7.364168,1.025700,60.500920,-6.744097,1.043763,60.500372,-5.096832,1.047189,60.499844,-5.263085,1.046480,60.499867,-5.871156,1.056230,60.500511,-1.110427,0.996783,60.500619,-2.188717,1.045028,60.500271,-3.211366,1.060962,60.500097,0.458701,1.056970,60.500091,0.132291,1.049305,60.500359,-5.078573,1.066235,60.497251,2.081637,1.062652,60.497800,-1.589475,1.050088,60.498778,-4.282832,1.059979,60.496619,1.106831,1.058114,60.496165,3.416802,1.050537,60.496605,3.471493,0.981178,60.503935,-1.128182,0.983935,60.503603,1.149698,0.997234,60.500529,3.281719,1.013448,60.500601,2.166538,1.055126,60.499924,4.830145,1.071245,60.499736,6.215511,1.029472,60.496822,7.829449,1.028746,60.495127,9.409138,1.037223,60.499736,-6.031898,1.008337,1.008471,1.008431,1.008357,1.008320,1.008273,1.008201,1.008244,-36.367568,0.000000,5.219671,14.347773,5.886430,22.499004,25.816721,-28.649934,0.000000,447.800150,209.391350,467.503357,6.717002,286.592096,294.652499,141.504847,562.436988,245.394482,221.661074,276.382253,200.614467,124.488442,251.663684,184.493662,253.902685,8.239523,988.742731,0.000000,164.790455,75.230425,157.625653,78.812826,137.026846,28.927890,26.868009,92.246831,102.994034,75.767785,-82.574348,42.272334,15.225205,67.617823,24.718568,24.091648,4.119761,223.900075
8.080000,1.058160,60.499059,-3.112391,1.070887,60.497422,1.609185,0.000000,60.000000,0.000000,1.000415,60.503260,-9.378647,1.007768,60.503439,-8.206680,1.010652,60.503538,-7.634789,1.001759,60.503294,-9.343940,1.001071,60.503168,-9.667244,1.034474,60.501293,-7.529523,1.020199,60.503646,-5.514798,1.015926,60.503605,-6.234861,1.005432,60.503539,-6.197553,1.017357,60.503472,-6.066706,1.014077,60.503047,-7.347876,1.025807,60.501791,-6.736667,1.043889,60.501214,-5.093482,1.047329,60.500602,-5.263918,1.046621,60.500624,-5.871829,1.056335,60.501478,-1.105509,0.996882,60.501636,-2.182799,1.045166,60.501116,-3.208729,1.061108,60.500948,0.460109,1.057118,60.500941,0.133652,1.049435,60.501202,-5.075313,1.066333,60.497408,2.059406,1.062821,60.498249,-1.606435,1.050251,60.499371,-4.292095,1.060180,60.497050,1.081274,1.058318,60.496585,3.387928,1.050591,60.496531,3.443565,0.981180,60.505086,-1.097760,0.983941,60.504760,1.177754,0.997317,60.501545,3.286982,1.013543,60.501687,2.172637,1.055272,60.500780,4.830333,1.071405,60.500597,6.214368,1.029546,60.496908,7.803805,1.028938,60.495523,9.372670,1.037242,60.500050,-6.035520,1.008341,1.008502,1.008458,1.008378,1.008344,1.008272,1.008205,1.008232,-36.431363,0.000000,5.201248,14.296212,5.819554,22.406364,25.694056,-28.757342,0.000000,447.800150,209.391350,467.503357,6.717002,286.592096,294.652499,141.504847,562.436988,245.394482,221.661074,276.382253,200.614467,124.488442,251.663684,184.493662,253.902685,8.239523,988.742731,0.000000,164.790455,75.230425,157.625653,78.812826,137.026846,28.927890,26.868009,92.246831,102.994034,75.767785,-82.574348,42.272334,15.225205,67.617823,24.718568,24.091648,4.119761,223.900075
8.100000,1.058218,60.499303,-3.126482,1.070968,60.497554,1.582795,0.000000,60.000000,0.000000,1.000445,60.504140,-9.359589,1.007783,60.504320,-8.186331,1.010665,60.504432,-7.613667,1.001774,60.504143,-9.324780,1.001088,60.503995,-9.649090,1.034496,60.501813,-7.526269,1.020216,60.504582,-5.492704,1.015942,60.504527,-6.213129,1.005452,60.504460,-6.176300,1.017381,60.504393,-6.045936,1.014119,60.503937,-7.330309,1.025909,60.502626,-6.728399,1.044011,60.502028,-5.089467,1.047468,60.501339,-5.264661,1.046761,60.501361,-5.872413,1.056436,60.502413,-1.099047,0.996977,60.502619,-2.174984,1.045299,60.501933,-3.205405,1.061249,60.501771,0.462248,1.057261,60.501765,0.135744,1.049560,60.502016,-5.071387,1.066438,60.497594,2.033155,1.062997,60.498712,-1.625374,1.050418,60.499961,-4.302377,1.060389,60.497511,1.053683,1.058531,60.497044,3.356977,1.050646,60.496498,3.410009,0.981170,60.506155,-1.064689,0.983935,60.505840,1.208525,0.997397,60.502527,3.294137,1.013635,60.502737,2.181124,1.055412,60.501612,4.831300,1.071559,60.501433,6.214037,1.029626,60.497030,7.773663,1.029139,60.495971,9.334013,1.037261,60.500363,-6.042159,1.008346,1.008530,1.008483,1.008397,1.008367,1.008271,1.008211,1.008221,-36.505947,0.000000,5.181491,14.240588,5.750061,22.300477,25.561055,-28.882350,0.000000,447.800150,209.391350,467.503357,6.717002,286.592096,294.652499,141.504847,562.436988,245.394482,221.661074,276.382253,200.614467,124.488442,251.663684,184.493662,253.902685,8.239523,988.742731,0.000000,164.790455,75.230425,157.625653,78.812826,137.026846,28.927890,26.868009,92.246831,102.994034,75.767785,-82.574348,42.272334,15.225205,67.617823,24.718568,24.091648,4.119761,223.900075
8.120000,1.058277,60.499560,-3.143883,1.071048,60.497719,1.552378,0.000000,60.000000,0.000000,1.000463,60.504960,-9.339585,1.007788,60.505138,-8.165039,1.010667,60.505261,-7.591521,1.001778,60.504931,-9.304901,1.001093,60.504764,-9.630361,1.034514,60.502309,-7.524503,1.020221,60.505451,-5.469294,1.015947,60.505382,-6.190181,1.005461,60.505317,-6.153826,1.017393,60.505251,-6.023938,1.014151,60.504768,-7.311720,1.026003,60.503420,-6.719426,1.044128,60.502809,-5.084863,1.047604,60.502053,-5.265321,1.046897,60.502075,-5.872919,1.056533,60.503310,-1.091145,0.997068,60.503560,-2.165399,1.045425,60.502718,-3.201465,1.061382,60.502564,0.465057,1.057396,60.502557,0.138501,1.049679,60.502796,-5.066871,1.066548,60.497811,2.003259,1.063176,60.499190,-1.646034,1.050586,60.500548,-4.313547,1.060604,60.498004,1.024433,1.058750,60.497539,3.324371,1.050702,60.496512,3.371297,0.981147,60.507137,-1.029433,0.983918,60.506836,1.241575,0.997475,60.503470,3.303070,1.013724,60.503745,2.191861,1.055543,60.502414,4.833003,1.071705,60.502239,6.214471,1.029711,60.497191,7.739450,1.029346,60.496472,9.293697,1.037279,60.500677,-6.051663,1.008350,1.008555,1.008506,1.008416,1.008389,1.008270,1.008219,1.008212,-36.590173,0.000000,5.160638,14.181720,5.678802,22.182827,25.419584,-29.023252,0.000000,447.800150,209.391350,467.503357,6.717002,286.592096,294.652499,141.504847,562.436988,245.394482,221.661074,276.382253,200.614467,124.488442,251.663684,184.493662,253.902685,8.239523,988.742731,0.000000,164.790455,75.230425,157.625653,78.812826,137.026846,28.927890,26.868009,92.246831,102.994034,75.767785,-82.574348,42.272334,15.225205,67.617823,24.718568,24.091648,4.119761,223.900075
8.140000,1.058335,60.499831,-3.164324,1.071128,60.497922,1.518360,0.000000,60.000000,0.000000,1.000470,60.505715,-9.318920,1.007780,60.505890,-8.143106,1.010657,60.506022,-7.568660,1.001771,60.505656,-9.284583,1.001087,60.505473,-9.611319,1.034528,60.502781,-7.524223,1.020214,60.506249,-5.444901,1.015938,60.506167,-6.166339,1.005457,60.506104,-6.130449,1.017394,60.506040,-6.001025,1.014171,60.505537,-7.292377,1.026089,60.504169,-6.709890,1.044236,60.503552,-5.079758,1.047734,60.502741,-5.265910,1.047028,60.502762,-5.873359,1.056622,60.504163,-1.081933,0.997152,60.504456,-2.154194,1.045543,60.503466,-3.196991,1.061506,60.503322,0.468466,1.057522,60.503314,0.141852,1.049790,60.503540,-5.061852,1.066662,60.498065,1.970136,1.063358,60.499683,-1.668140,1.050754,60.501130,-4.325465,1.060821,60.498527,0.993913,1.058971,60.498072,3.290546,1.050757,60.496580,3.327972,0.981113,60.508024,-0.992485,0.983888,60.507741,1.276436,0.997548,60.504369,3.313644,1.013808,60.504704,2.204684,1.055664,60.503185,4.835388,1.071840,60.503013,6.215610,1.029800,60.497397,7.701643,1.029556,60.497024,9.252264,1.037297,60.500992,-6.063857,1.008354,1.008577,1.008526,1.008433,1.008410,1.008271,1.008229,1.008204,-36.682793,0.000000,5.138939,14.120462,5.606649,22.055046,25.271590,-29.178127,0.000000,447.800150,209.391350,467.503357,6.717002,286.592096,294.652499,141.504847,562.436988,245.394482,221.661074,276.382253,200.614467,124.488442,251.663684,184.493662,253.902685,8.239523,988.742731,0.000000,164.790455,75.230425,157.625653,78.812826,137.026846,28.927890,26.868009,92.246831,102.994034,75.767785,-82.574348,42.272334,15.225205,67.617823,24.718568,24.091648,4.119761,223.900075
8.160000,1.058393,60.500119,-3.187509,1.071205,60.498165,1.481215,0.000000,60.000000,0.000000,1.000464,60.506403,-9.297891,1.007760,60.506572,-8.120842,1.010634,60.506712,-7.545408,1.001752,60.506315,-9.264111,1.001070,60.506117,-9.592232,1.034537,60.503229,-7.525420,1.020195,60.506971,-5.419868,1.015918,60.506879,-6.141943,1.005440,60.506818,-6.106502,1.017382,60.506757,-5.977524,1.014179,60.506241,-7.272560,1.026164,60.504870,-6.699945,1.044335,60.504256,-5.074243,1.047856,60.503401,-5.266441,1.047151,60.503420,-5.873750,1.056705,60.504970,-1.071552,0.997230,60.505300,-2.141538,1.045650,60.504176,-3.192072,1.061618,60.504042,0.472396,1.057636,60.504032,0.145714,1.049892,60.504244,-5.056425,1.066779,60.498357,1.934243,1.063539,60.500190,-1.691404,1.050918,60.501706,-4.337987,1.061037,60.499079,0.962522,1.059191,60.498640,3.255945,1.050811,60.496708,3.280635,0.981067,60.508813,-0.954359,0.983847,60.508552,1.312622,0.997615,60.505219,3.325702,1.013885,60.505608,2.219399,1.055774,60.503919,4.838389,1.071963,60.503749,6.217383,1.029892,60.497651,7.660764,1.029767,60.497625,9.210260,1.037314,60.501308,-6.078547,1.008359,1.008597,1.008544,1.008450,1.008430,1.008273,1.008240,1.008199,-36.782479,0.000000,5.116655,14.057693,5.534480,21.918888,25.119081,-29.344864,0.000000,447.800150,209.391350,467.503357,6.717002,286.592096,294.652499,141.504847,562.436988,245.394482,221.661074,276.382253,200.614467,124.488442,251.663684,184.493662,253.902685,8.239523,988.742731,0.000000,164.790455,75.230425,157.625653,78.812826,137.026846,28.927890,26.868009,92.246831,102.994034,75.767785,-82.574348,42.272334,15.225205,67.617823,24.718568,24.091648,4.119761,223.900075
8.180000,1.058449,60.500425,-3.213112,1.071280,60.498453,1.441448,0.000000,60.000000,0.000000,1.000446,60.507020,-9.276800,1.007728,60.507182,-8.098562,1.010599,60.507328,-7.522095,1.001721,60.506904,-9.243779,1.001042,60.506696,-9.573372,1.034541,60.503652,-7.528077,1.020163,60.507617,-5.394552,1.015885,60.507514,-6.117338,1.005411,60.507456,-6.082325,1.017357,60.507399,-5.953769,1.014175,60.506876,-7.252556,1.026228,60.505521,-6.689747,1.044424,60.504918,-5.068420,1.047970,60.504030,-5.266931,1.047265,60.504047,-5.874111,1.056778,60.505726,-1.060163,0.997300,60.506089,-2.127622,1.045745,60.504843,-3.186806,1.061717,60.504722,0.476758,1.057737,60.504710,0.149995,1.049982,60.504906,-5.050690,1.066895,60.498691,1.896068,1.063716,60.500711,-1.715525,1.051076,60.502275,-4.350962,1.061249,60.499660,0.930664,1.059407,60.499241,3.221012,1.050863,60.496902,3.229941,0.981009,60.509500,-0.915583,0.983795,60.509264,1.349630,0.997675,60.506015,3.339065,1.013956,60.506454,2.235792,1.055870,60.504614,4.841933,1.072072,60.504446,6.219709,1.029984,60.497956,7.617369,1.029974,60.498273,9.168225,1.037330,60.501626,-6.095524,1.008363,1.008613,1.008560,1.008466,1.008449,1.008276,1.008252,1.008195,-36.887842,0.000000,5.094052,13.994300,5.463172,21.776203,24.964093,-29.521195,0.000000,447.800150,209.391350,467.503357,6.717002,286.592096,294.652499,141.504847,562.436988,245.394482,221.661074,276.382253,200.614467,124.488442,251.663684,184.493662,253.902685,8.239523,988.742731,0.000000,164.790455,75.230425,157.625653,78.812826,137.026846,28.927890,26.868009,92.246831,102.994034,75.767785,-82.574348,42.272334,15.225205,67.617823,24.718568,24.091648,4.119761,223.900075
8.200000,1.058503,60.500750,-3.240792,1.071351,60.498787,1.399599,0.000000,60.000000,0.000000,1.000415,60.507565,-9.255951,1.007684,60.507718,-8.076586,1.010553,60.507868,-7.499052,1.001678,60.507424,-9.223876,1.001003,60.507207,-9.555010,1.034539,60.504049,-7.532168,1.020119,60.508182,-5.369309,1.015840,60.508072,-6.092872,1.005369,60.508017,-6.058260,1.017320,60.507964,-5.930098,1.014159,60.507441,-7.232655,1.026280,60.506120,-6.679462,1.044500,60.505535,-5.062395,1.048072,60.504627,-5.267401,1.047368,60.504642,-5.874463,1.056840,60.506427,-1.047940,0.997360,60.506819,-2.112650,1.045827,60.505466,-3.181295,1.061802,60.505358,0.481457,1.057824,60.505344,0.154599,1.050060,60.505523,-5.044755,1.067011,60.499068,1.856126,1.063887,60.501245,-1.740200,1.051226,60.502836,-4.364240,1.061454,60.500266,0.898738,1.059616,60.499873,3.186187,1.050914,60.497164,3.176586,0.980939,60.510083,-0.876689,0.983731,60.509875,1.386949,0.997728,60.506753,3.353538,1.014019,60.507236,2.253625,1.055951,60.505268,4.845935,1.072166,60.505100,6.222499,1.030076,60.498314,7.572047,1.030174,60.498965,9.126692,1.037345,60.501947,-6.114562,1.008368,1.008625,1.008573,1.008480,1.008467,1.008281,1.008267,1.008194,-36.997447,0.000000,5.071399,13.931166,5.393579,21.628915,24.808662,-29.704727,0.000000,447.800150,209.391350,467.503357,6.717002,286.592096,294.652499,141.504847,562.436988,245.394482,221.661074,276.382253,200.614467,124.488442,251.663684,184.493662,253.902685,8.239523,988.742731,0.000000,164.790455,75.230425,157.625653,78.812826,137.026846,28.927890,26.868009,92.246831,102.994034,75.767785,-82.574348,42.272334,15.225205,67.617823,24.718568,24.091648,4.119761,223.900075
8.220000,1.058554,60.501094,-3.270189,1.071418,60.499170,1.356229,0.000000,60.000000,0.000000,1.000372,60.508038,-9.235646,1.007629,60.508180,-8.055226,1.010494,60.508332,-7.476606,1.001625,60.507874,-9.204691,1.000952,60.507652,-9.537413,1.034533,60.504422,-7.537657,1.020063,60.508668,-5.344498,1.015783,60.508550,-6.068892,1.005314,60.508501,-6.034650,1.017271,60.508452,-5.906849,1.014129,60.507936,-7.213144,1.026318,60.506664,-6.669252,1.044563,60.506107,-5.056277,1.048162,60.505189,-5.267871,1.047459,60.505203,-5.874831,1.056892,60.507071,-1.035067,0.997411,60.507488,-2.096843,1.045894,60.506044,-3.175648,1.061871,60.505950,0.486391,1.057895,60.505933,0.159420,1.050124,60.506094,-5.038730,1.067124,60.499489,1.814949,1.064050,60.501791,-1.765119,1.051365,60.503387,-4.377667,1.061649,60.500896,0.867139,1.059814,60.500534,3.151902,1.050962,60.497499,3.121301,0.980858,60.510562,-0.838213,0.983658,60.510385,1.424067,0.997771,60.507431,3.368911,1.014074,60.507951,2.272644,1.056016,60.505879,4.850305,1.072242,60.505710,6.225654,1.030167,60.498727,7.525403,1.030366,60.499696,9.086174,1.037359,60.502270,-6.135425,1.008372,1.008635,1.008583,1.008493,1.008483,1.008286,1.008282,1.008195,-37.109836,0.000000,5.048964,13.869159,5.326529,21.478994,24.654804,-29.892974,0.000000,447.800150,209.391350,467.503357,6.717002,286.592096,294.652499,141.504847,562.436988,245.394482,221.661074,276.382253,200.614467,124.488442,251.663684,184.493662,253.902685,8.239523,988.742731,0.000000,164.790455,75.230425,157.625653,78.812826,137.026846,28.927890,26.868009,92.246831,102.994034,75.767785,-82.574348,42.272334,15.225205,67.617823,24.718568,24.091648,4.119761,223.900075
8.240000,1.058601,60.501460,-3.300929,1.071478,60.499601,1.311912,0.000000,60.000000,0.000000,1.000317,60.508440,-9.216177,1.007562,60.508569,-8.034791,1.010424,60.508720,-7.455080,1.001560,60.508254,-9.186501,1.000891,60.508029,-9.520840,1.034521,60.504769,-7.544498,1.019996,60.509074,-5.320467,1.015714,60.508951,-6.045738,1.005248,60.508906,-6.011830,1.017210,60.508864,-5.884351,1.014088,60.508361,-7.194307,1.026342,60.507155,-6.659284,1.044611,60.506630,-5.050179,1.048239,60.505717,-5.268365,1.047535,60.505729,-5.875238,1.056932,60.507657,-1.021739,0.997451,60.508092,-2.080430,1.045945,60.506574,-3.169974,1.061923,60.506495,0.491455,1.057949,60.506475,0.164352,1.050174,60.506617,-5.032728,1.067233,60.499953,1.773081,1.064201,60.502348,-1.789977,1.051492,60.503928,-4.391093,1.061831,60.501546,0.836252,1.060001,60.501221,3.118571,1.051007,60.497908,3.064838,0.980767,60.510936,-0.800680,0.983574,60.510793,1.460478,0.997805,60.508045,3.384959,1.014120,60.508596,2.292578,1.056065,60.506443,4.854944,1.072301,60.506273,6.229071,1.030254,60.499195,7.478059,1.030546,60.500462,9.047162,1.037371,60.502597,-6.157865,1.008377,1.008641,1.008591,1.008505,1.008498,1.008293,1.008298,1.008200,-37.223542,0.000000,5.027009,13.809121,5.262808,21.328430,24.504481,-30.083393,0.000000,447.800150,209.391350,467.503357,6.717002,286.592096,294.652499,141.504847,562.436988,245.394482,221.661074,276.382253,200.614467,124.488442,251.663684,184.493662,253.902685,8.239523,988.742731,0.000000,164.790455,75.230425,157.625653,78.812826,137.026846,28.927890,26.868009,92.246831,102.994035,75.767785,-82.574348,42.272334,15.225205,67.617823,24.718568,24.091648,4.119761,223.900075
8.260000,1.058644,60.501846,-3.332633,1.071533,60.500082,1.267233,0.000000,60.000000,0.000000,1.000250,60.508770,-9.197829,1.007484,60.508885,-8.015574,1.010344,60.509035,-7.434781,1.001485,60.508566,-9.169575,1.000820,60.508340,-9.505537,1.034504,60.505092,-7.552638,1.019917,60.509402,-5.297558,1.015634,60.509274,-6.023738,1.005170,60.509235,-5.990125,1.017138,60.509199,-5.862925,1.014034,60.508715,-7.176420,1.026351,60.507591,-6.649720,1.044645,60.507106,-5.044214,1.048300,60.506209,-5.268908,1.047597,60.506218,-5.875711,1.056959,60.508182,-1.008156,0.997480,60.508630,-2.063651,1.045980,60.507056,-3.164387,1.061958,60.506992,0.496540,1.057986,60.506970,0.169283,1.050208,60.507092,-5.026862,1.067336,60.500462,1.731069,1.064340,60.502914,-1.814473,1.051605,60.504456,-4.404370,1.061998,60.502215,0.806443,1.060171,60.501928,3.086590,1.051049,60.498390,3.007962,0.980666,60.511208,-0.764601,0.983482,60.511101,1.495688,0.997829,60.508595,3.401451,1.014156,60.509169,2.313145,1.056096,60.506961,4.859749,1.072341,60.506789,6.232641,1.030337,60.499717,7.430637,1.030712,60.501259,9.010119,1.037381,60.502927,-6.181626,1.008382,1.008644,1.008596,1.008515,1.008511,1.008301,1.008316,1.008206,-37.337113,0.000000,5.005788,13.751850,5.203149,21.179203,24.359582,-30.273420,0.000000,447.800150,209.391350,467.503357,6.717002,286.592096,294.652499,141.504847,562.436988,245.394482,221.661074,276.382253,200.614467,124.488442,251.663684,184.493662,253.902685,8.239523,988.742731,0.000000,164.790455,75.230425,157.625653,78.812826,137.026846,28.927890,26.868009,92.246831,102.994035,75.767785,-82.574348,42.272334,15.225205,67.617823,24.718568,24.091648,4.119761,223.900075
8.280000,1.058683,60.502253,-3.364918,1.071580,60.500610,1.222775,0.000000,60.000000,0.000000,1.000173,60.509031,-9.180869,1.007397,60.509131,-7.997855,1.010254,60.509277,-7.416001,1.001401,60.508811,-9.154161,1.000739,60.508589,-9.491732,1.034481,60.505392,-7.562012,1.019829,60.509653,-5.276093,1.015545,60.509522,-6.003206,1.005082,60.509490,-5.969842,1.017055,60.509460,-5.842876,1.013969,60.509002,-7.159742,1.026346,60.507973,-6.640715,1.044663,60.507534,-5.038493,1.048346,60.506665,-5.269526,1.047643,60.506672,-5.876276,1.056973,60.508646,-0.994523,0.997498,60.509103,-2.046748,1.045998,60.507491,-3.158997,1.061975,60.507442,0.501535,1.058005,60.507416,0.174103,1.050226,60.507520,-5.021246,1.067432,60.501014,1.689456,1.064464,60.503487,-1.838315,1.051703,60.504972,-4.417355,1.062148,60.502898,0.778060,1.060325,60.502654,3.056331,1.051087,60.498947,2.951438,0.980557,60.511382,-0.730464,0.983383,60.511312,1.529223,0.997842,60.509078,3.418146,1.014183,60.509669,2.334057,1.056109,60.507432,4.864614,1.072361,60.507256,6.236252,1.030415,60.500292,7.383758,1.030862,60.502081,8.975470,1.037390,60.503261,-6.206449,1.008387,1.008644,1.008598,1.008524,1.008522,1.008311,1.008335,1.008216,-37.449125,0.000000,4.985543,13.698098,5.148223,21.033263,24.221896,-30.460506,0.000000,447.800150,209.391350,467.503357,6.717002,286.592096,294.652499,141.504847,562.436988,245.394482,221.661074,276.382253,200.614467,124.488442,251.663684,184.493662,253.902685,8.239523,988.742731,0.000000,164.790455,75.230425,157.625653,78.812826,137.026846,28.927890,26.868009,92.246831,102.994035,75.767785,-82.574348,42.272334,15.225205,67.617823,24.718568,24.091648,4.119761,223.900075
8.300000,1.058716,60.502681,-3.397402,1.071620,60.501185,1.179111,0.000000,60.000000,0.000000,1.000086,60.509227,-9.165547,1.007301,60.509309,-7.981891,1.010155,60.509450,-7.399011,1.001309,60.508992,-9.140490,1.000651,60.508776,-9.479638,1.034455,60.505670,-7.572547,1.019731,60.509830,-5.256375,1.015447,60.509698,-5.984433,1.004985,60.509673,-5.951271,1.016963,60.509650,-5.824490,1.013893,60.509223,-7.144518,1.026326,60.508302,-6.632421,1.044665,60.507915,-5.033127,1.048375,60.507085,-5.270244,1.047673,60.507089,-5.876962,1.056974,60.509049,-0.981046,0.997503,60.509508,-2.029966,1.045999,60.507878,-3.153915,1.061974,60.507844,0.506332,1.058005,60.507815,0.178700,1.050228,60.507899,-5.015990,1.067520,60.501606,1.648776,1.064572,60.504066,-1.861224,1.051783,60.505474,-4.429911,1.062278,60.503592,0.751426,1.060458,60.503392,3.028135,1.051120,60.499575,2.896023,0.980441,60.511460,-0.698730,0.983277,60.511430,1.560633,0.997844,60.509495,3.434802,1.014200,60.510096,2.355020,1.056104,60.507854,4.869430,1.072363,60.507675,6.239788,1.030486,60.500918,7.338029,1.030993,60.502921,8.943606,1.037397,60.503599,-6.232070,1.008392,1.008640,1.008598,1.008531,1.008532,1.008322,1.008354,1.008228,-37.558204,0.000000,4.966502,13.648555,5.098631,20.892498,24.093091,-30.642152,0.000000,447.800150,209.391350,467.503357,6.717002,286.592096,294.652499,141.504847,562.436988,245.394482,221.661074,276.382253,200.614467,124.488442,251.663684,184.493662,253.902685,8.239523,988.742731,0.000000,164.790455,75.230425,157.625653,78.812826,137.026846,28.927890,26.868009,92.246831,102.994035,75.767785,-82.574348,42.272334,15.225205,67.617823,24.718568,24.091648,4.119761,223.900075
8.320000,1.058744,60.503127,-3.429709,1.071652,60.501804,1.136800,0.000000,60.000000,0.000000,0.999989,60.509360,-9.152087,1.007197,60.509424,-7.967918,1.010049,60.509557,-7.384059,1.001209,60.509114,-9.128770,1.000555,60.508906,-9.469443,1.034423,60.505928,-7.584159,1.019626,60.509937,-5.238684,1.015341,60.509807,-5.967687,1.004879,60.509788,-5.934678,1.016863,60.509772,-5.808030,1.013807,60.509381,-7.130975,1.026292,60.508579,-6.624978,1.044652,60.508248,-5.028219,1.048388,60.507469,-5.271090,1.047686,60.507470,-5.877793,1.056961,60.509391,-0.967927,0.997498,60.509848,-2.013548,1.045983,60.508217,-3.149247,1.061956,60.508198,0.510820,1.057988,60.508166,0.182964,1.050215,60.508232,-5.011198,1.067598,60.502236,1.609546,1.064662,60.504648,-1.882938,1.051846,60.505960,-4.441910,1.062388,60.504293,0.726836,1.060571,60.504140,3.002313,1.051149,60.500272,2.842454,0.980318,60.511449,-0.669824,0.983165,60.511459,1.589499,0.997835,60.509846,3.451176,1.014206,60.510450,2.375739,1.056080,60.508229,4.874089,1.072345,60.508046,6.243137,1.030550,60.501592,7.294037,1.031105,60.503776,8.914872,1.037402,60.503941,-6.258225,1.008398,1.008634,1.008595,1.008537,1.008540,1.008334,1.008374,1.008243,-37.663038,0.000000,4.948871,13.603842,5.054894,20.758714,23.974697,-30.815945,0.000000,447.800150,209.391350,467.503357,6.717002,286.592096,294.652499,141.504847,562.436988,245.394482,221.661074,276.382253,200.614467,124.488442,251.663684,184.493662,253.902685,8.239523,988.742731,0.000000,164.790455,75.230425,157.625653,78.812826,137.026846,28.927890,26.868009,92.246831,102.994035,75.767785,-82.574348,42.272334,15.225205,67.617823,24.718568,24.091648,4.119761,223.900075
8.340000,1.058765,60.503592,-3.461472,1.071675,60.502464,1.096376,0.000000,60.000000,0.000000,0.999885,60.509434,-9.140693,1.007087,60.509480,-7.956143,1.009936,60.509604,-7.371364,1.001103,60.509180,-9.119182,1.000453,60.508982,-9.461309,1.034388,60.506167,-7.596756,1.019514,60.509980,-5.223270,1.015228,60.509851,-5.953208,1.004766,60.509840,-5.920300,1.016755,60.509831,-5.793733,1.013712,60.509481,-7.119312,1.026244,60.508807,-6.618516,1.044622,60.508536,-5.023872,1.048384,60.507817,-5.272088,1.047682,60.507816,-5.878795,1.056936,60.509674,-0.955368,0.997480,60.510123,-1.997734,1.045950,60.508511,-3.145096,1.061919,60.508506,0.514896,1.057953,60.508470,0.186791,1.050185,60.508519,-5.006972,1.067665,60.502901,1.572255,1.064733,60.505231,-1.903213,1.051890,60.506430,-4.453234,1.062475,60.504997,0.704554,1.060661,60.504892,2.979139,1.051172,60.501033,2.791437,0.980192,60.511355,-0.644133,0.983050,60.511404,1.615440,0.997815,60.510132,3.467028,1.014203,60.510732,2.395925,1.056040,60.508558,4.878481,1.072309,60.508369,6.246186,1.030605,60.502309,7.252340,1.031195,60.504637,8.889566,1.037405,60.504288,-6.284652,1.008403,1.008626,1.008591,1.008541,1.008547,1.008348,1.008394,1.008260,-37.762395,0.000000,4.932840,13.564506,5.017448,20.633606,23.868085,-30.979589,0.000000,447.800150,209.391350,467.503357,6.717002,286.592096,294.652499,141.504847,562.436988,245.394482,221.661074,276.382253,200.614467,124.488442,251.663684,184.493662,253.902685,8.239523,988.742731,0.000000,164.790455,75.230425,157.625653,78.812826,137.026846,28.927890,26.868009,92.246831,102.994035,75.767785,-82.574348,42.272334,15.225205,67.617823,24.718568,24.091648,4.119761,223.900075
8.360000,1.058780,60.504074,-3.492338,1.071689,60.503161,1.058345,0.000000,60.000000,0.000000,0.999775,60.509455,-9.131537,1.006972,60.509481,-7.946745,1.009819,60.509595,-7.361115,1.000992,60.509196,-9.111878,1.000346,60.509010,-9.455374,1.034349,60.506389,-7.610237,1.019397,60.509962,-5.210353,1.015110,60.509837,-5.941206,1.004648,60.509833,-5.908345,1.016642,60.509832,-5.781804,1.013610,60.509526,-7.109708,1.026182,60.508989,-6.613152,1.044578,60.508781,-5.020176,1.048364,60.508131,-5.273263,1.047661,60.508127,-5.879994,1.056898,60.509899,-0.943560,0.997452,60.510335,-1.982752,1.045901,60.508761,-3.141557,1.061866,60.508769,0.518459,1.057901,60.508730,0.190081,1.050140,60.508763,-5.003404,1.067720,60.503597,1.537365,1.064785,60.505812,-1.921828,1.051915,60.506884,-4.463775,1.062539,60.505700,0.684810,1.060728,60.505643,2.958849,1.051190,60.501853,2.743639,0.980062,60.511184,-0.621997,0.982932,60.511274,1.638115,0.997784,60.510355,3.482125,1.014190,60.510943,2.415293,1.055982,60.508840,4.882503,1.072254,60.508646,6.248826,1.030651,60.503066,7.213463,1.031263,60.505499,8.867941,1.037406,60.504639,-6.311090,1.008409,1.008615,1.008584,1.008544,1.008551,1.008362,1.008414,1.008280,-37.855136,0.000000,4.918570,13.531011,4.986638,20.518742,23.774451,-31.130942,0.000000,447.800150,209.391350,467.503357,6.717002,286.592096,294.652499,141.504847,562.436988,245.394482,221.661074,276.382253,200.614467,124.488442,251.663684,184.493662,253.902685,8.239523,988.742731,0.000000,164.790455,75.230425,157.625653,78.812826,137.026846,28.927890,26.868009,92.246831,102.994035,75.767785,-82.574348,42.272334,15.225205,67.617823,24.718568,24.091648,4.119761,223.900075
8.380000,1.058789,60.504572,-3.521971,1.071695,60.503891,1.023175,0.000000,60.000000,0.000000,0.999659,60.509427,-9.124762,1.006853,60.509433,-7.939869,1.009698,60.509536,-7.353466,1.000877,60.509165,-9.106982,1.000236,60.508995,-9.451744,1.034307,60.506596,-7.624494,1.019276,60.509890,-5.200119,1.014989,60.509769,-5.931854,1.004525,60.509773,-5.898988,1.016524,60.509780,-5.772419,1.013501,60.509522,-7.102310,1.026108,60.509127,-6.608987,1.044520,60.508983,-5.017218,1.048327,60.508411,-5.274638,1.047624,60.508405,-5.881410,1.056847,60.510070,-0.932686,0.997413,60.510487,-1.968823,1.045837,60.508969,-3.138716,1.061797,60.508990,0.521416,1.057832,60.508947,0.192741,1.050080,60.508964,-5.000581,1.067764,60.504319,1.505300,1.064816,60.506388,-1.938586,1.051920,60.507320,-4.473437,1.062579,60.506398,0.667799,1.060770,60.506388,2.941639,1.051203,60.502725,2.699679,0.979930,60.510946,-0.603704,0.982812,60.511075,1.657229,0.997742,60.510517,3.496244,1.014168,60.511087,2.433572,1.055909,60.509079,4.886054,1.072182,60.508879,6.250955,1.030687,60.503858,7.177887,1.031308,60.506356,8.850194,1.037406,60.504995,-6.337288,1.008414,1.008602,1.008575,1.008546,1.008554,1.008377,1.008434,1.008302,-37.940229,0.000000,4.906200,13.503732,4.962714,20.415542,23.694810,-31.268040,0.000000,447.800150,209.391350,467.503357,6.717002,286.592096,294.652499,141.504847,562.436988,245.394482,221.661074,276.382253,200.614467,124.488442,251.663684,184.493662,253.902685,8.239523,988.742731,0.000000,164.790455,75.230425,157.625653,78.812826,137.026846,28.927890,26.868009,92.246831,102.994035,75.767785,-82.574348,42.272334,15.225205,67.617823,24.718568,24.091648,4.119761,223.900075
8.400000,1.058791,60.505082,-3.550056,1.071691,60.504648,0.991290,0.000000,60.000000,0.000000,0.999540,60.509356,-9.120479,1.006732,60.509343,-7.935626,1.009575,60.509433,-7.348539,1.000760,60.509095,-9.104582,1.000123,60.508941,-9.450495,1.034263,60.506791,-7.639408,1.019152,60.509770,-5.192716,1.014865,60.509656,-5.925293,1.004400,60.509667,-5.892368,1.016403,60.509681,-5.765717,1.013387,60.509474,-7.097236,1.026023,60.509224,-6.606109,1.044447,60.509147,-5.015072,1.048275,60.508660,-5.276233,1.047572,60.508651,-5.883065,1.056785,60.510188,-0.922916,0.997364,60.510582,-1.956152,1.045758,60.509137,-3.136654,1.061712,60.509170,0.523682,1.057748,60.509124,0.194687,1.050006,60.509127,-4.998575,1.067794,60.505063,1.476442,1.064827,60.506958,-1.953316,1.051907,60.507737,-4.482139,1.062596,60.507086,0.653677,1.060788,60.507124,2.927661,1.051210,60.503644,2.660119,0.979798,60.510648,-0.589494,0.982693,60.510815,1.672538,0.997690,60.510621,3.509176,1.014137,60.511167,2.450503,1.055820,60.509276,4.889041,1.072093,60.509070,6.252475,1.030712,60.504677,7.146044,1.031330,60.507201,8.836473,1.037403,60.505355,-6.362998,1.008420,1.008587,1.008565,1.008546,1.008556,1.008393,1.008454,1.008326,-38.016757,0.000000,4.895841,13.482955,4.945830,20.325256,23.629977,-31.389126,0.000000,447.800150,209.391350,467.503357,6.717002,286.592096,294.652499,141.504847,562.436988,245.394482,221.661074,276.382253,200.614467,124.488442,251.663684,184.493662,253.902685,8.239523,988.742731,0.000000,164.790455,75.230425,157.625653,78.812826,137.026846,28.927890,26.868009,92.246831,102.994035,75.767785,-82.574348,42.272334,15.225205,67.617823,24.718568,24.091648,4.119761,223.900075
8.420000,1.058786,60.505604,-3.576304,1.071679,60.505427,0.963068,0.000000,60.000000,0.000000,0.999418,60.509248,-9.118764,1.006610,60.509216,-7.934093,1.009452,60.509292,-7.346417,1.000643,60.508990,-9.104735,1.000009,60.508855,-9.451670,1.034217,60.506976,-7.654855,1.019028,60.509609,-5.188255,1.014741,60.509502,-5.921624,1.004274,60.509520,-5.888587,1.016280,60.509542,-5.761802,1.013270,60.509387,-7.094574,1.025927,60.509285,-6.604586,1.044362,60.509274,-5.013803,1.048208,60.508878,-5.278068,1.047504,60.508866,-5.884976,1.056712,60.510258,-0.914405,0.997305,60.510624,-1.944928,1.045665,60.509268,-3.135437,1.061613,60.509312,0.525181,1.057650,60.509263,0.195842,1.049919,60.509254,-4.997454,1.067812,60.505823,1.451128,1.064817,60.507517,-1.965878,1.051874,60.508135,-4.489812,1.062587,60.507761,0.642561,1.060781,60.507845,2.917025,1.051211,60.504599,2.625454,0.979667,60.510301,-0.579544,0.982576,60.510503,1.683850,0.997628,60.510672,3.520726,1.014098,60.511187,2.465848,1.055717,60.509434,4.891376,1.071990,60.509221,6.253301,1.030726,60.505519,7.118315,1.031327,60.508028,8.826872,1.037399,60.505720,-6.387985,1.008426,1.008570,1.008553,1.008545,1.008556,1.008410,1.008474,1.008352,-38.083931,0.000000,4.887573,13.468873,4.936040,20.248954,23.580568,-31.492675,0.000000,447.800150,209.391350,467.503357,6.717002,286.592096,294.652499,141.504847,562.436988,245.394482,221.661074,276.382253,200.614467,124.488442,251.663684,184.493662,253.902685,8.239523,988.742731,0.000000,164.790455,75.230425,157.625653,78.812826,137.026846,28.927890,26.868009,92.246831,102.994035,75.767785,-82.574348,42.272334,15.225205,67.617823,24.718568,24.091648,4.119761,223.900075
8.440000,1.058775,60.506134,-3.600451,1.071658,60.506221,0.938833,0.000000,60.000000,0.000000,0.999296,60.509110,-9.119660,1.006489,60.509059,-7.935310,1.009330,60.509121,-7.347143,1.000526,60.508858,-9.107462,0.999896,60.508743,-9.455282,1.034169,60.507153,-7.670706,1.018905,60.509414,-5.186805,1.014617,60.509316,-5.920907,1.004148,60.509341,-5.887708,1.016157,60.509369,-5.760738,1.013150,60.509269,-7.094379,1.025823,60.509313,-6.604470,1.044266,60.509368,-5.013463,1.048126,60.509067,-5.280157,1.047422,60.509054,-5.887158,1.056630,60.510282,-0.907291,0.997238,60.510617,-1.935319,1.045560,60.509366,-3.135124,1.061502,60.509418,0.525847,1.057539,60.509367,0.196145,1.049821,60.509347,-4.997268,1.067816,60.506594,1.429642,1.064787,60.508065,-1.976159,1.051823,60.508513,-4.496402,1.062555,60.508418,0.634530,1.060750,60.508546,2.909798,1.051206,60.505584,2.596110,0.979540,60.509914,-0.573977,0.982462,60.510149,1.691025,0.997557,60.510673,3.530719,1.014052,60.511151,2.479389,1.055602,60.509555,4.892985,1.071873,60.509336,6.253355,1.030729,60.506375,7.095021,1.031302,60.508832,8.821432,1.037393,60.506088,-6.412023,1.008432,1.008552,1.008541,1.008543,1.008554,1.008428,1.008493,1.008379,-38.141093,0.000000,4.881449,13.461583,4.933301,20.187510,23.546988,-31.577414,0.000000,447.800150,209.391350,467.503357,6.717002,286.592096,294.652499,141.504847,562.436988,245.394482,221.661074,276.382253,200.614467,124.488442,251.663684,184.493662,253.902685,8.239523,988.742731,0.000000,164.790455,75.230425,157.625653,78.812826,137.026846,28.927890,26.868009,92.246831,102.994035,75.767785,-82.574348,42.272334,15.225205,67.617823,24.718568,24.091648,4.119761,223.900075
8.460000,1.058757,60.506671,-3.622263,1.071628,60.507025,0.918853,0.000000,60.000000,0.000000,0.999174,60.508948,-9.123175,1.006370,60.508878,-7.939277,1.009209,60.508926,-7.350726,1.000412,60.508705,-9.112751,0.999785,60.508610,-9.461308,1.034121,60.507324,-7.686822,1.018783,60.509192,-5.188396,1.014496,60.509103,-5.923165,1.004023,60.509135,-5.889756,1.016036,60.509170,-5.762552,1.013030,60.509124,-7.096671,1.025710,60.509312,-6.605794,1.044159,60.509433,-5.014094,1.048032,60.509230,-5.282513,1.047328,60.509215,-5.889622,1.056539,60.510267,-0.901695,0.997164,60.510566,-1.927473,1.045445,60.509433,-3.135757,1.061379,60.509494,0.525628,1.057416,60.509440,0.195542,1.049712,60.509410,-4.998058,1.067806,60.507369,1.412216,1.064737,60.508596,-1.984080,1.051754,60.508872,-4.501870,1.062499,60.509053,0.629619,1.060695,60.509223,2.906001,1.051195,60.506588,2.572436,0.979416,60.509496,-0.572854,0.982352,60.509762,1.693982,0.997479,60.510629,3.539002,1.013998,60.511065,2.490930,1.055476,60.509642,4.893801,1.071744,60.509418,6.252572,1.030721,60.507240,7.076422,1.031253,60.509607,8.820141,1.037386,60.506461,-6.434899,1.008438,1.008534,1.008527,1.008540,1.008551,1.008446,1.008511,1.008407,-38.187724,0.000000,4.877490,13.461091,4.937475,20.141595,23.529436,-31.642336,0.000000,447.800150,209.391350,467.503357,6.717002,286.592096,294.652499,141.504847,562.436988,245.394482,221.661074,276.382253,200.614467,124.488442,251.663684,184.493662,253.902685,8.239523,988.742731,0.000000,164.790455,75.230425,157.625653,78.812826,137.026846,28.927890,26.868009,92.246831,102.994034,75.767785,-82.574348,42.272334,15.225205,67.617823,24.718568,24.091648,4.119761,223.900075
8.480000,1.058732,60.507210,-3.641537,1.071590,60.507832,0.903334,0.000000,60.000000,0.000000,0.999054,60.508768,-9.129280,1.006254,60.508682,-7.945960,1.009093,60.508714,-7.357133,1.000300,60.508537,-9.120554,0.999677,60.508464,-9.469696,1.034073,60.507492,-7.703065,1.018665,60.508951,-5.193015,1.014378,60.508873,-5.928379,1.003902,60.508911,-5.894714,1.015917,60.508951,-5.767233,1.012910,60.508959,-7.101439,1.025591,60.509288,-6.608570,1.044044,60.509471,-5.015723,1.047926,60.509369,-5.285146,1.047221,60.509352,-5.892375,1.056440,60.510216,-0.897715,0.997083,60.510476,-1.921514,1.045320,60.509474,-3.137369,1.061247,60.509541,0.524482,1.057284,60.509485,0.193995,1.049595,60.509448,-4.999851,1.067782,60.508142,1.399026,1.064668,60.509111,-1.989591,1.051668,60.509209,-4.506192,1.062421,60.509662,0.627828,1.060616,60.509872,2.905615,1.051179,60.507602,2.554699,0.979298,60.509058,-0.576175,0.982247,60.509351,1.692697,0.997393,60.510545,3.545445,1.013940,60.510934,2.500305,1.055341,60.509700,4.893771,1.071605,60.509470,6.250901,1.030701,60.508105,7.062713,1.031182,60.510348,8.822937,1.037377,60.506838,-6.456415,1.008444,1.008514,1.008513,1.008536,1.008547,1.008464,1.008529,1.008436,-38.223449,0.000000,4.875689,13.467308,4.948329,20.111667,23.527901,-31.686716,0.000000,447.800150,209.391350,467.503357,6.717002,286.592096,294.652499,141.504847,562.436988,245.394482,221.661074,276.382253,200.614467,124.488442,251.663684,184.493662,253.902685,8.239523,988.742731,0.000000,164.790455,75.230425,157.625653,78.812826,137.026846,28.927890,26.868009,92.246831,102.994034,75.767785,-82.574348,42.272334,15.225205,67.617823,24.718568,24.091648,4.119761,223.900075
8.500000,1.058701,60.507751,-3.658104,1.071545,60.508634,0.892423,0.000000,60.000000,0.000000,0.998937,60.508578,-9.137913,1.006143,60.508476,-7.955288,1.008981,60.508493,-7.366294,1.000193,60.508361,-9.130789,0.999573,60.508310,-9.480357,1.034025,60.507658,-7.719288,1.018552,60.508698,-5.200612,1.014264,60.508631,-5.936491,1.003785,60.508674,-5.902529,1.015802,60.508721,-5.774730,1.012792,60.508782,-7.108637,1.025467,60.509245,-6.612793,1.043920,60.509487,-5.018363,1.047809,60.509487,-5.288059,1.047104,60.509468,-5.895422,1.056335,60.510134,-0.895427,0.996996,60.510352,-1.917541,1.045187,60.509492,-3.139977,1.061107,60.509564,0.522382,1.057144,60.509506,0.191480,1.049469,60.509463,-5.002661,1.067745,60.508908,1.390187,1.064580,60.509604,-1.992674,1.051567,60.509526,-4.509360,1.062320,60.510243,0.629115,1.060515,60.510489,2.908575,1.051156,60.508615,2.543082,0.979187,60.508611,-0.583879,0.982149,60.508926,1.687203,0.997301,60.510427,3.549943,1.013876,60.510765,2.507375,1.055198,60.509732,4.892854,1.071457,60.509496,6.248305,1.030670,60.508963,7.054021,1.031089,60.511049,8.829710,1.037367,60.507218,-6.476387,1.008451,1.008495,1.008498,1.008532,1.008542,1.008482,1.008546,1.008465,-38.248035,0.000000,4.876007,13.480059,4.965544,20.097966,23.542171,-31.710120,0.000000,447.800150,209.391350,467.503357,6.717002,286.592096,294.652499,141.504847,562.436988,245.394482,221.661074,276.382253,200.614467,124.488442,251.663684,184.493662,253.902685,8.239523,988.742731,0.000000,164.790455,75.230425,157.625653,78.812826,137.026846,28.927890,26.868009,92.246831,102.994034,75.767785,-82.574348,42.272334,15.225205,67.617823,24.718568,24.091648,4.119761,223.900075
8.520000,1.058665,60.508289,-3.671829,1.071491,60.509425,0.886201,0.000000,60.000000,0.000000,0.998825,60.508384,-9.148976,1.006038,60.508267,-7.967153,1.008876,60.508270,-7.378101,1.000092,60.508184,-9.143341,0.999474,60.508155,-9.493175,1.033978,60.507827,-7.735344,1.018444,60.508441,-5.211092,1.014157,60.508386,-5.947403,1.003674,60.508434,-5.913107,1.015692,60.508485,-5.784954,1.012677,60.508598,-7.118186,1.025340,60.509187,-6.618435,1.043791,60.509484,-5.022014,1.047684,60.509585,-5.291255,1.046977,60.509565,-5.898761,1.056225,60.510027,-0.894886,0.996906,60.510201,-1.915625,1.045048,60.509490,-3.143585,1.060961,60.509567,0.519315,1.056998,60.509507,0.187985,1.049338,60.509460,-5.006487,1.067695,60.509658,1.385758,1.064475,60.510075,-1.993343,1.051450,60.509822,-4.511379,1.062199,60.510792,0.633400,1.060393,60.511070,2.914779,1.051128,60.509618,2.537681,0.979083,60.508164,-0.595847,0.982059,60.508497,1.677588,0.997203,60.510281,3.552421,1.013808,60.510562,2.512035,1.055049,60.509741,4.891023,1.071303,60.509501,6.244759,1.030627,60.509806,7.050405,1.030976,60.511708,8.840300,1.037355,60.507601,-6.494648,1.008457,1.008475,1.008483,1.008526,1.008535,1.008500,1.008561,1.008494,-38.261394,0.000000,4.878380,13.499080,4.988714,20.100519,23.571832,-31.712407,0.000000,447.800150,209.391350,467.503357,6.717002,286.592096,294.652499,141.504847,562.436988,245.394482,221.661074,276.382253,200.614467,124.488442,251.663684,184.493662,253.902685,8.239523,988.742731,0.000000,164.790455,75.230425,157.625653,78.812826,137.026846,28.927890,26.868009,92.246831,102.994034,75.767785,-82.574348,42.272334,15.225205,67.617823,24.718568,24.091648,4.119761,223.900075
8.540000,1.058622,60.508821,-3.682613,1.071430,60.510198,0.884688,0.000000,60.000000,0.000000,0.998719,60.508192,-9.162341,1.005939,60.508063,-7.981412,1.008777,60.508051,-7.392411,0.999997,60.508011,-9.158064,0.999382,60.508004,-9.508004,1.033933,60.507998,-7.751087,1.018343,60.508187,-5.224325,1.014056,60.508144,-5.960981,1.003569,60.508196,-5.926318,1.015589,60.508251,-5.797779,1.012567,60.508413,-7.129978,1.025210,60.509119,-6.625453,1.043657,60.509467,-5.026663,1.047550,60.509667,-5.294729,1.046843,60.509645,-5.902388,1.056111,60.509899,-0.896120,0.996811,60.510028,-1.915810,1.044904,60.509474,-3.148183,1.060809,60.509554,0.515283,1.056846,60.509492,0.183515,1.049202,60.509442,-5.011313,1.067633,60.510389,1.385736,1.064354,60.510521,-1.991643,1.051321,60.510098,-4.512270,1.062059,60.511305,0.640570,1.060252,60.511613,2.924087,1.051094,60.510601,2.538506,0.978988,60.507727,-0.611903,0.981977,60.508074,1.663996,0.997101,60.510111,3.552828,1.013737,60.510334,2.514208,1.054895,60.509732,4.888265,1.071144,60.509489,6.240258,1.030574,60.510628,7.051859,1.030844,60.512318,8.854507,1.037343,60.507987,-6.511049,1.008464,1.008456,1.008468,1.008520,1.008528,1.008517,1.008575,1.008523,-38.263578,0.000000,4.882712,13.524031,5.017362,20.119135,23.616282,-31.693733,0.000000,447.800150,209.391350,467.503357,6.717002,286.592096,294.652499,141.504847,562.436988,245.394482,221.661074,276.382253,200.614467,124.488442,251.663684,184.493662,253.902685,8.239523,988.742731,0.000000,164.790455,75.230425,157.625653,78.812826,137.026846,28.927890,26.868009,92.246831,102.994034,75.767785,-82.574348,42.272334,15.225205,67.617823,24.718568,24.091648,4.119761,223.900075
8.560000,1.058575,60.509346,-3.690390,1.071363,60.510946,0.887838,0.000000,60.000000,0.000000,0.998619,60.508009,-9.177848,1.005848,60.507870,-7.997893,1.008686,60.507843,-7.409047,0.999909,60.507849,-9.174783,0.999296,60.507864,-9.524669,1.033889,60.508175,-7.766365,1.018250,60.507943,-5.240143,1.013963,60.507912,-5.977053,1.003472,60.507968,-5.941997,1.015492,60.508027,-5.813047,1.012461,60.508234,-7.143872,1.025079,60.509046,-6.633782,1.043520,60.509439,-5.032280,1.047410,60.509735,-5.298473,1.046703,60.509712,-5.906292,1.055994,60.509758,-0.899134,0.996715,60.509839,-1.918112,1.044756,60.509447,-3.153744,1.060655,60.509528,0.510301,1.056692,60.509466,0.178089,1.049062,60.509414,-5.017111,1.067558,60.511093,1.390062,1.064218,60.510940,-1.987648,1.051179,60.510353,-4.512066,1.061901,60.511782,0.650475,1.060093,60.512114,2.936320,1.051055,60.511553,2.545479,0.978902,60.507310,-0.631816,0.981904,60.507666,1.646622,0.996997,60.509926,3.551145,1.013664,60.510087,2.513855,1.054739,60.509709,4.884583,1.070981,60.509463,6.234808,1.030511,60.511420,7.058305,1.030695,60.512878,8.872090,1.037329,60.508375,-6.525457,1.008470,1.008438,1.008454,1.008514,1.008520,1.008535,1.008588,1.008551,-38.254779,0.000000,4.888887,13.554495,5.050939,20.153412,23.674743,-31.654543,0.000000,447.800150,209.391350,467.503357,6.717002,286.592096,294.652499,141.504847,562.436988,245.394482,221.661074,276.382253,200.614467,124.488442,251.663684,184.493662,253.902685,8.239523,988.742731,0.000000,164.790455,75.230425,157.625653,78.812826,137.026846,28.927890,26.868009,92.246831,102.994034,75.767785,-82.574348,42.272334,15.225205,67.617823,24.718568,24.091648,4.119761,223.900075
8.580000,1.058523,60.509860,-3.695133,1.071290,60.511664,0.895543,0.000000,60.000000,0.000000,0.998526,60.507840,-9.195308,1.005765,60.507694,-8.016390,1.008604,60.507653,-7.427800,0.999830,60.507703,-9.193293,0.999218,60.507740,-9.542970,1.033848,60.508360,-7.781033,1.018165,60.507716,-5.258343,1.013879,60.507698,-5.995416,1.003384,60.507757,-5.959945,1.015403,60.507817,-5.830564,1.012362,60.508067,-7.159700,1.024949,60.508972,-6.643340,1.043381,60.509405,-5.038823,1.047266,60.509792,-5.302474,1.046557,60.509769,-5.910458,1.055875,60.509607,-0.903908,0.996618,60.509641,-1.922516,1.044608,60.509413,-3.160231,1.060499,60.509495,0.504401,1.056536,60.509432,0.171739,1.048921,60.509380,-5.023837,1.067472,60.511764,1.398617,1.064068,60.511331,-1.981460,1.051027,60.510587,-4.510815,1.061728,60.512218,0.662935,1.059917,60.512571,2.951269,1.051010,60.512465,2.558436,0.978826,60.506922,-0.655303,0.981840,60.507281,1.625714,0.996890,60.509731,3.547381,1.013590,60.509828,2.510968,1.054582,60.509677,4.879993,1.070818,60.509428,6.228434,1.030437,60.512177,7.069602,1.030529,60.513385,8.892770,1.037315,60.508765,-6.537760,1.008477,1.008420,1.008440,1.008508,1.008512,1.008551,1.008600,1.008579,-38.235319,0.000000,4.896761,13.589990,5.088838,20.202744,23.746267,-31.595568,0.000000,447.800150,209.391350,467.503357,6.717002,286.592096,294.652499,141.504847,562.436988,245.394482,221.661074,276.382253,200.614467,124.488442,251.663684,184.493662,253.902685,8.239523,988.742731,0.000000,164.790455,75.230425,157.625653,78.812826,137.026846,28.927890,26.868009,92.246831,102.994034,75.767785,-82.574348,42.272334,15.225205,67.617823,24.718568,24.091648,4.119761,223.900075
8.600000,1.058467,60.510361,-3.696846,1.071212,60.512344,0.907635,0.000000,60.000000,0.000000,0.998441,60.507692,-9.214504,1.005690,60.507540,-8.036671,1.008530,60.507486,-7.448433,0.999758,60.507580,-9.213366,0.999148,60.507638,-9.562683,1.033809,60.508554,-7.794943,1.018089,60.507512,-5.278690,1.013804,60.507507,-6.015833,1.003304,60.507567,-5.979932,1.015323,60.507630,-5.850107,1.012270,60.507918,-7.177267,1.024820,60.508902,-6.654026,1.043241,60.509369,-5.046236,1.047118,60.509841,-5.306715,1.046409,60.509818,-5.914867,1.055757,60.509453,-0.910398,0.996520,60.509439,-1.928981,1.044459,60.509377,-3.167589,1.060343,60.509457,0.497626,1.056380,60.509395,0.164514,1.048779,60.509343,-5.031434,1.067375,60.512398,1.411228,1.063907,60.511691,-1.973208,1.050865,60.510803,-4.508576,1.061540,60.512614,0.677743,1.059728,60.512983,2.968695,1.050960,60.513328,2.577132,0.978761,60.506571,-0.682035,0.981787,60.506928,1.601562,0.996781,60.509531,3.541576,1.013516,60.509564,2.505575,1.054425,60.509638,4.874527,1.070654,60.509389,6.221175,1.030354,60.512890,7.085543,1.030350,60.513837,8.916238,1.037300,60.509156,-6.547863,1.008484,1.008404,1.008427,1.008501,1.008504,1.008567,1.008610,1.008605,-38.205647,0.000000,4.906172,13.629974,5.130401,20.266333,23.829759,-31.517808,0.000000,447.800150,209.391350,467.503357,6.717002,286.592096,294.652499,141.504847,562.436988,245.394482,221.661074,276.382253,200.614467,124.488442,251.663684,184.493662,253.902685,8.239523,988.742731,0.000000,164.790455,75.230425,157.625653,78.812826,137.026846,28.927890,26.868009,92.246831,102.994034,75.767785,-82.574348,42.272334,15.225205,67.617823,24.718568,24.091648,4.119761,223.900075
8.620000,1.058407,60.510845,-3.695570,1.071128,60.512981,0.923889,0.000000,60.000000,0.000000,0.998365,60.507570,-9.235198,1.005625,60.507414,-8.058479,1.008466,60.507349,-7.470682,0.999696,60.507484,-9.234752,0.999087,60.507561,-9.583566,1.033773,60.508758,-7.807955,1.018022,60.507337,-5.300920,1.013738,60.507345,-6.038042,1.003234,60.507406,-6.001702,1.015251,60.507469,-5.871425,1.012185,60.507791,-7.196355,1.024694,60.508841,-6.665726,1.043102,60.509334,-5.054450,1.046968,60.509885,-5.311171,1.046258,60.509861,-5.919495,1.055639,60.509301,-0.918535,0.996423,60.509239,-1.937437,1.044311,60.509341,-3.175752,1.060189,60.509420,0.490037,1.056225,60.509358,0.156476,1.048638,60.509309,-5.039832,1.067269,60.512990,1.427670,1.063735,60.512021,-1.963043,1.050697,60.510999,-4.505417,1.061341,60.512967,0.694664,1.059526,60.513349,2.988333,1.050906,60.514134,2.601243,0.978706,60.506265,-0.711639,0.981744,60.506615,1.574501,0.996673,60.509334,3.533795,1.013442,60.509301,2.497737,1.054270,60.509598,4.868230,1.070493,60.509350,6.213086,1.030263,60.513555,7.105863,1.030159,60.514231,8.942156,1.037285,60.509547,-6.555692,1.008491,1.008389,1.008415,1.008495,1.008495,1.008581,1.008619,1.008629,-38.166326,0.000000,4.916940,13.673853,5.174930,20.343199,23.923987,-31.422522,0.000000,447.800150,209.391350,467.503357,6.717002,286.592096,294.652499,141.504847,562.436988,245.394482,221.661074,276.382253,200.614467,124.488442,251.663684,184.493662,253.902685,8.239523,988.742731,0.000000,164.790455,75.230425,157.625653,78.812826,137.026846,28.927890,26.868009,92.246831,102.994034,75.767785,-82.574348,42.272334,15.225205,67.617823,24.718568,24.091648,4.119761,223.900075
8.640000,1.058344,60.511312,-3.691377,1.071041,60.513570,0.944026,0.000000,60.000000,0.000000,0.998298,60.507478,-9.257129,1.005570,60.507322,-8.081536,1.008412,60.507245,-7.494262,0.999643,60.507419,-9.257181,0.999035,60.507515,-9.605356,1.033740,60.508975,-7.819931,1.017966,60.507198,-5.324745,1.013682,60.507218,-6.061754,1.003173,60.507279,-6.024973,1.015189,60.507342,-5.894244,1.012108,60.507692,-7.216724,1.024572,60.508791,-6.678308,1.042966,60.509305,-5.063385,1.046818,60.509926,-5.315816,1.046107,60.509902,-5.924312,1.055523,60.509156,-0.928228,0.996329,60.509048,-1.947785,1.044166,60.509311,-3.184641,1.060039,60.509387,0.481704,1.056074,60.509325,0.147699,1.048500,60.509279,-5.048949,1.067154,60.513534,1.447667,1.063555,60.512318,-1.951141,1.050523,60.511177,-4.501417,1.061132,60.513277,0.713442,1.059314,60.513666,3.009894,1.050847,60.514874,2.630370,0.978662,60.506011,-0.743708,0.981710,60.506349,1.544902,0.996566,60.509144,3.524134,1.013369,60.509047,2.487550,1.054119,60.509561,4.861164,1.070336,60.509314,6.204236,1.030164,60.514166,7.130239,1.029958,60.514568,8.970162,1.037269,60.509939,-6.561191,1.008498,1.008376,1.008405,1.008488,1.008486,1.008595,1.008626,1.008651,-38.118027,0.000000,4.928867,13.720991,5.221697,20.432195,24.027603,-31.311203,0.000000,447.800150,209.391350,467.503357,6.717002,286.592096,294.652499,141.504847,562.436988,245.394482,221.661074,276.382253,200.614467,124.488442,251.663684,184.493662,253.902685,8.239523,988.742731,0.000000,164.790455,75.230425,157.625653,78.812826,137.026846,28.927890,26.868009,92.246831,102.994034,75.767785,-82.574348,42.272334,15.225205,67.617823,24.718568,24.091648,4.119761,223.900075
8.660000,1.058279,60.511758,-3.684370,1.070950,60.514106,0.967717,0.000000,60.000000,0.000000,0.998240,60.507421,-9.280019,1.005524,60.507267,-8.105546,1.008368,60.507180,-7.518868,0.999599,60.507391,-9.280368,0.998991,60.507503,-9.627779,1.033710,60.509205,-7.830740,1.017919,60.507097,-5.349853,1.013636,60.507130,-6.086663,1.003123,60.507190,-6.049444,1.015137,60.507252,-5.918269,1.012040,60.507625,-7.238116,1.024455,60.508758,-6.691630,1.042833,60.509284,-5.072947,1.046668,60.509968,-5.320617,1.045956,60.509944,-5.929285,1.055410,60.509024,-0.939362,0.996237,60.508871,-1.959903,1.044025,60.509289,-3.194166,1.059892,60.509361,0.472711,1.055928,60.509301,0.138271,1.048365,60.509259,-5.058691,1.067031,60.514027,1.470901,1.063368,60.512583,-1.937696,1.050346,60.511338,-4.496665,1.060915,60.513544,0.733804,1.059095,60.513936,3.033074,1.050784,60.515541,2.664050,0.978629,60.505815,-0.777802,0.981688,60.506136,1.513169,0.996460,60.508968,3.512714,1.013299,60.508807,2.475139,1.053973,60.509529,4.853398,1.070183,60.509286,6.194706,1.030058,60.514718,7.158297,1.029750,60.514846,8.999878,1.037254,60.510330,-6.564326,1.008505,1.008365,1.008396,1.008483,1.008478,1.008607,1.008631,1.008671,-38.061518,0.000000,4.941746,13.770719,5.269954,20.532026,24.139160,-31.185562,0.000000,447.800150,209.391350,467.503357,6.717002,286.592096,294.652499,141.504847,562.436988,245.394482,221.661074,276.382253,200.614467,124.488442,251.663684,184.493662,253.902685,8.239523,988.742731,0.000000,164.790455,75.230425,157.625653,78.812826,137.026846,28.927890,26.868009,92.246831,102.994034,75.767785,-82.574348,42.272334,15.225205,67.617823,24.718568,24.091648,4.119761,223.900075
8.680000,1.058212,60.512182,-3.674681,1.070857,60.514587,0.994590,0.000000,60.000000,0.000000,0.998191,60.507403,-9.303578,1.005488,60.507253,-8.130200,1.008333,60.507158,-7.544181,0.999565,60.507401,-9.304017,0.998957,60.507529,-9.650550,1.033683,60.509450,-7.840258,1.017882,60.507041,-5.375917,1.013600,60.507085,-6.112443,1.003082,60.507143,-6.074797,1.015094,60.507203,-5.943187,1.011981,60.507594,-7.260261,1.024343,60.508744,-6.705535,1.042704,60.509276,-5.083034,1.046521,60.510012,-5.325538,1.045808,60.509989,-5.934374,1.055302,60.508909,-0.951804,0.996148,60.508713,-1.973642,1.043889,60.509279,-3.204224,1.059752,60.509347,0.463155,1.055787,60.509289,0.128290,1.048235,60.509251,-5.068954,1.066903,60.514466,1.497013,1.063177,60.512816,-1.922917,1.050166,60.511484,-4.491253,1.060693,60.513767,0.755461,1.058870,60.514158,3.057551,1.050718,60.516130,2.701755,0.978606,60.505682,-0.813455,0.981675,60.505981,1.479731,0.996357,60.508811,3.499679,1.013232,60.508588,2.460661,1.053832,60.509508,4.845019,1.070038,60.509268,6.184590,1.029947,60.515207,7.189618,1.029535,60.515067,9.030910,1.037238,60.510720,-6.565078,1.008512,1.008356,1.008388,1.008477,1.008470,1.008618,1.008635,1.008688,-37.997648,0.000000,4.955361,13.822345,5.318944,20.641263,24.257134,-31.047496,0.000000,447.800150,209.391350,467.503357,6.717002,286.592096,294.652499,141.504847,562.436988,245.394482,221.661074,276.382253,200.614467,124.488442,251.663684,184.493662,253.902685,8.239523,988.742731,0.000000,164.790455,75.230425,157.625653,78.812826,137.026846,28.927890,26.868009,92.246831,102.994034,75.767785,-82.574348,42.272334,15.225205,67.617823,24.718568,24.091648,4.119761,223.900075
8.700000,1.058145,60.512581,-3.662468,1.070762,60.515007,1.024234,0.000000,60.000000,0.000000,0.998152,60.507426,-9.327503,1.005462,60.507283,-8.155178,1.008309,60.507181,-7.569872,0.999540,60.507454,-9.327822,0.998931,60.507595,-9.673375,1.033660,60.509709,-7.848370,1.017855,60.507032,-5.402595,1.013573,60.507087,-6.138758,1.003052,60.507143,-6.100702,1.015061,60.507199,-5.968676,1.011931,60.507603,-7.282875,1.024239,60.508753,-6.719860,1.042581,60.509283,-5.093533,1.046377,60.510062,-5.330537,1.045664,60.510039,-5.939538,1.055198,60.508815,-0.965402,0.996065,60.508579,-1.988833,1.043760,60.509285,-3.214707,1.059619,60.509347,0.453138,1.055654,60.509291,0.117863,1.048111,60.509259,-5.079625,1.066769,60.514848,1.525609,1.062983,60.513017,-1.907028,1.049986,60.511615,-4.485280,1.060468,60.513948,0.778112,1.058642,60.514333,3.082995,1.050648,60.516636,2.742909,0.978593,60.505617,-0.850186,0.981671,60.505890,1.445040,0.996258,60.508678,3.485196,1.013168,60.508395,2.444301,1.053700,60.509499,4.836118,1.069900,60.509266,6.173993,1.029830,60.515630,7.223741,1.029318,60.515231,9.062855,1.037222,60.511108,-6.563452,1.008519,1.008349,1.008382,1.008472,1.008462,1.008628,1.008638,1.008703,-37.927338,0.000000,4.969487,13.875162,5.367913,20.758369,24.379941,-30.899066,0.000000,447.800150,209.391350,467.503357,6.717002,286.592096,294.652499,141.504847,562.436988,245.394482,221.661074,276.382253,200.614467,124.488442,251.663684,184.493662,253.902685,8.239523,988.742731,0.000000,164.790455,75.230425,157.625653,78.812826,137.026846,28.927890,26.868009,92.246831,102.994034,75.767785,-82.574348,42.272334,15.225205,67.617823,24.718568,24.091648,4.119761,223.900075
8.720000,1.058077,60.512956,-3.647914,1.070666,60.515366,1.056203,0.000000,60.000000,0.000000,0.998123,60.507494,-9.351487,1.005444,60.507360,-8.180155,1.008294,60.507253,-7.595604,0.999524,60.507551,-9.351474,0.998915,60.507704,-9.695958,1.033641,60.509984,-7.854971,1.017838,60.507074,-5.429539,1.013557,60.507138,-6.165263,1.003031,60.507191,-6.126819,1.015037,60.507244,-5.994402,1.011890,60.507653,-7.305668,1.024142,60.508787,-6.734432,1.042465,60.509308,-5.104327,1.046238,60.510119,-5.335571,1.045524,60.510098,-5.944730,1.055100,60.508747,-0.979987,0.995986,60.508474,-2.005284,1.043638,60.509308,-3.225495,1.059494,60.509365,0.442776,1.055528,60.509311,0.107107,1.047994,60.509285,-5.090585,1.066631,60.515171,1.556268,1.062788,60.513186,-1.890263,1.049807,60.511732,-4.478851,1.060243,60.514087,0.801452,1.058413,60.514463,3.109070,1.050576,60.517055,2.786890,0.978591,60.505622,-0.887497,0.981677,60.505865,1.409561,0.996163,60.508573,3.469454,1.013109,60.508234,2.426268,1.053576,60.509506,4.826801,1.069771,60.509280,6.163027,1.029710,60.515983,7.260172,1.029099,60.515340,9.095309,1.037207,60.511494,-6.559467,1.008526,1.008345,1.008378,1.008468,1.008455,1.008636,1.008639,1.008715,-37.851567,0.000000,4.983902,13.928459,5.416117,20.881718,24.505959,-30.742463,0.000000,447.800150,209.391350,467.503357,6.717002,286.592096,294.652499,141.504847,562.436988,245.394482,221.661074,276.382253,200.614467,124.488442,251.663684,184.493662,253.902685,8.239523,988.742731,0.000000,164.790455,75.230425,157.625653,78.812826,137.026846,28.927890,26.868009,92.246831,102.994034,75.767785,-82.574348,42.272334,15.225205,67.617823,24.718568,24.091648,4.119761,223.900075
8.740000,1.058010,60.513305,-3.631221,1.070569,60.515662,1.090029,0.000000,60.000000,0.000000,0.998103,60.507608,-9.375218,1.005437,60.507486,-8.204802,1.008288,60.507375,-7.621041,0.999517,60.507695,-9.374663,0.998906,60.507857,-9.718005,1.033625,60.510274,-7.859966,1.017830,60.507167,-5.456394,1.013550,60.507241,-6.191610,1.003021,60.507290,-6.152808,1.015023,60.507338,-6.020029,1.011858,60.507747,-7.328345,1.024054,60.508850,-6.749075,1.042356,60.509355,-5.115289,1.046106,60.510187,-5.340591,1.045391,60.510166,-5.949903,1.055009,60.508708,-0.995377,0.995914,60.508402,-2.022790,1.043525,60.509353,-3.236465,1.059378,60.509403,0.432186,1.055413,60.509352,0.096143,1.047885,60.509333,-5.101707,1.066491,60.515435,1.588543,1.062595,60.513324,-1.872863,1.049632,60.511839,-4.472070,1.060019,60.514186,0.825170,1.058186,60.514549,3.135436,1.050501,60.517384,2.833042,0.978598,60.505700,-0.924889,0.981692,60.505909,1.373768,0.996073,60.508500,3.452654,1.013054,60.508110,2.406793,1.053462,60.509533,4.817178,1.069653,60.509315,6.151814,1.029587,60.516267,7.298392,1.028882,60.515397,9.127864,1.037193,60.511877,-6.553163,1.008533,1.008343,1.008376,1.008465,1.008448,1.008643,1.008638,1.008724,-37.771357,0.000000,4.998382,13.981528,5.462836,21.009613,24.633548,-30.579978,0.000000,447.800150,209.391350,467.503357,6.717002,286.592096,294.652499,141.504847,562.436988,245.394482,221.661074,276.382253,200.614467,124.488442,251.663684,184.493662,253.902685,8.239523,988.742731,0.000000,164.790455,75.230425,157.625653,78.812826,137.026846,28.927890,26.868009,92.246831,102.994034,75.767785,-82.574348,42.272334,15.225205,67.617823,24.718568,24.091648,4.119761,223.900075
8.760000,1.057944,60.513627,-3.612611,1.070473,60.515894,1.125221,0.000000,60.000000,0.000000,0.998092,60.507770,-9.398390,1.005438,60.507661,-8.228797,1.008291,60.507548,-7.645845,0.999518,60.507885,-9.397084,0.998907,60.508055,-9.739222,1.033612,60.510581,-7.863273,1.017831,60.507315,-5.482806,1.013552,60.507397,-6.217453,1.003019,60.507441,-6.178325,1.015018,60.507484,-6.045222,1.011836,60.507887,-7.350613,1.023974,60.508943,-6.763607,1.042257,60.509424,-5.126290,1.045981,60.510266,-5.345549,1.045266,60.510247,-5.955004,1.054925,60.508702,-1.011377,0.995848,60.508367,-2.041127,1.043421,60.509420,-3.247488,1.059273,60.509463,0.421493,1.055307,60.509416,0.085098,1.047784,60.509403,-5.112860,1.066349,60.515639,1.621974,1.062404,60.513434,-1.855073,1.049462,60.511935,-4.465044,1.059799,60.514248,0.848956,1.057963,60.514593,3.161756,1.050424,60.517623,2.880682,0.978614,60.505852,-0.961861,0.981715,60.506024,1.338137,0.995989,60.508463,3.435016,1.013005,60.508026,2.386128,1.053358,60.509580,4.807363,1.069547,60.509373,6.140477,1.029462,60.516480,7.337861,1.028668,60.515402,9.160121,1.037179,60.512256,-6.544596,1.008540,1.008343,1.008376,1.008462,1.008443,1.008647,1.008637,1.008729,-37.687759,0.000000,5.012706,14.033677,5.507381,21.140318,24.761072,-30.413968,0.000000,447.800150,209.391350,467.503357,6.717002,286.592096,294.652499,141.504847,562.436988,245.394482,221.661074,276.382253,200.614467,124.488442,251.663684,184.493662,253.902685,8.239523,988.742731,0.000000,164.790455,75.230425,157.625653,78.812826,137.026846,28.927890,26.868009,92.246831,102.994034,75.767785,-82.574348,42.272334,15.225205,67.617823,24.718568,24.091648,4.119761,223.900075
8.780000,1.057880,60.513923,-3.592320,1.070379,60.516062,1.161278,0.000000,60.000000,0.000000,0.998090,60.507980,-9.420697,1.005447,60.507887,-8.251820,1.008303,60.507772,-7.669690,0.999528,60.508123,-9.418437,0.998915,60.508298,-9.759328,1.033603,60.510902,-7.864823,1.017841,60.507517,-5.508428,1.013563,60.507607,-6.242449,1.003027,60.507644,-6.203036,1.015022,60.507681,-6.069648,1.011823,60.508074,-7.372182,1.023904,60.509067,-6.777850,1.042166,60.509518,-5.137198,1.045865,60.510359,-5.350391,1.045149,60.510341,-5.959980,1.054849,60.508730,-1.027785,0.995789,60.508370,-2.060064,1.043328,60.509512,-3.258433,1.059178,60.509548,0.410825,1.055213,60.509504,0.074103,1.047694,60.509499,-5.123912,1.066209,60.515783,1.656088,1.062219,60.513515,-1.837138,1.049299,60.512024,-4.457878,1.059585,60.514273,0.872504,1.057746,60.514598,3.187700,1.050346,60.517771,2.929114,0.978639,60.506078,-0.997924,0.981746,60.506211,1.303139,0.995912,60.508465,3.416768,1.012962,60.507986,2.364540,1.053266,60.509651,4.797479,1.069452,60.509455,6.129146,1.029337,60.516622,7.378026,1.028460,60.515361,9.191688,1.037166,60.512630,-6.533839,1.008546,1.008346,1.008377,1.008460,1.008439,1.008651,1.008634,1.008732,-37.601841,0.000000,5.026663,14.084236,5.549102,21.272074,24.886916,-30.246825,0.000000,447.800150,209.391350,467.503357,6.717002,286.592096,294.652499,141.504847,562.436988,245.394482,221.661074,276.382253,200.614467,124.488442,251.663684,184.493662,253.902685,8.239523,988.742731,0.000000,164.790455,75.230425,157.625653,78.812826,137.026846,28.927890,26.868009,92.246831,102.994034,75.767785,-82.574348,42.272334,15.225205,67.617823,24.718568,24.091648,4.119761,223.900075
8.800000,1.057819,60.514191,-3.570595,1.070287,60.516168,1.197692,0.000000,60.000000,0.000000,0.998097,60.508238,-9.441847,1.005465,60.508162,-8.273565,1.008323,60.508048,-7.692257,0.999545,60.508408,-9.438437,0.998930,60.508587,-9.778049,1.033598,60.511239,-7.864560,1.017860,60.507774,-5.532922,1.013582,60.507870,-6.266269,1.003043,60.507901,-6.226615,1.015034,60.507931,-6.092988,1.011818,60.508307,-7.392769,1.023844,60.509224,-6.791624,1.042086,60.509639,-5.147881,1.045758,60.510468,-5.355067,1.045041,60.510451,-5.964778,1.054782,60.508796,-1.044393,0.995738,60.508416,-2.079358,1.043247,60.509631,-3.269167,1.059096,60.509658,0.400311,1.055131,60.509618,0.063287,1.047614,60.509621,-5.134729,1.066070,60.515870,1.690409,1.062041,60.513571,-1.819303,1.049144,60.512106,-4.450678,1.059380,60.514266,0.895516,1.057538,60.514567,3.212945,1.050268,60.517830,2.977637,0.978671,60.506377,-1.032600,0.981784,60.506469,1.269236,0.995842,60.508508,3.398145,1.012925,60.507994,2.342305,1.053186,60.509748,4.787646,1.069371,60.509563,6.117951,1.029214,60.516695,7.418333,1.028260,60.515276,9.222187,1.037154,60.512999,-6.520979,1.008553,1.008351,1.008381,1.008460,1.008435,1.008652,1.008630,1.008732,-37.514671,0.000000,5.040049,14.132564,5.587400,21.403124,25.009507,-30.080940,0.000000,447.800150,209.391350,467.503357,6.717002,286.592096,294.652499,141.504847,562.436988,245.394482,221.661074,276.382253,200.614467,124.488442,251.663684,184.493662,253.902685,8.239523,988.742731,0.000000,164.790455,75.230425,157.625653,78.812826,137.026846,28.927890,26.868009,92.246831,102.994034,75.767785,-82.574348,42.272334,15.225205,67.617823,24.718568,24.091648,4.119761,223.900075
8.820000,1.057761,60.514433,-3.547692,1.070197,60.516213,1.233959,0.000000,60.000000,0.000000,0.998112,60.508544,-9.461559,1.005491,60.508487,-8.293741,1.008350,60.508375,-7.713244,0.999570,60.508739,-9.456811,0.998953,60.508919,-9.795130,1.033596,60.511590,-7.862444,1.017886,60.508084,-5.555963,1.013609,60.508185,-6.288596,1.003067,60.508209,-6.248748,1.015055,60.508233,-6.114931,1.011823,60.508586,-7.412104,1.023795,60.509414,-6.804755,1.042017,60.509787,-5.158208,1.045662,60.510593,-5.359522,1.044945,60.510578,-5.969343,1.054725,60.508901,-1.060990,0.995695,60.508505,-2.098765,1.043177,60.509777,-3.279561,1.059027,60.509796,0.390077,1.055062,60.509760,0.052781,1.047545,60.509770,-5.145179,1.065935,60.515901,1.724466,1.061872,60.513604,-1.801806,1.048999,60.512183,-4.443546,1.059185,60.514229,0.917705,1.057340,60.514504,3.237183,1.050190,60.517801,3.025554,0.978711,60.506748,-1.065433,0.981829,60.506797,1.236872,0.995780,60.508594,3.379387,1.012895,60.508051,2.319711,1.053119,60.509870,4.777986,1.069304,60.509698,6.107021,1.029092,60.516701,7.458226,1.028069,60.515152,9.251259,1.037143,60.513363,-6.506121,1.008560,1.008358,1.008387,1.008460,1.008433,1.008652,1.008625,1.008728,-37.427304,0.000000,5.052676,14.178062,5.621730,21.531740,25.127332,-29.918666,0.000000,447.800150,209.391350,467.503357,6.717002,286.592096,294.652499,141.504847,562.436988,245.394482,221.661074,276.382253,200.614467,124.488442,251.663684,184.493662,253.902685,8.239523,988.742731,0.000000,164.790455,75.230425,157.625653,78.812826,137.026846,28.927890,26.868009,92.246831,102.994034,75.767785,-82.574348,42.272334,15.225205,67.617823,24.718568,24.091648,4.119761,223.900075
8.840000,1.057708,60.514650,-3.523872,1.070112,60.516201,1.269581,0.000000,60.000000,0.000000,0.998135,60.508896,-9.479571,1.005523,60.508859,-8.312075,1.008385,60.508750,-7.732369,0.999601,60.509115,-9.473306,0.998983,60.509295,-9.810331,1.033598,60.511954,-7.858450,1.017920,60.508446,-5.577246,1.013643,60.508551,-6.309132,1.003099,60.508568,-6.269142,1.015083,60.508584,-6.135188,1.011836,60.508911,-7.429932,1.023757,60.509637,-6.817077,1.041960,60.509963,-5.168050,1.045578,60.510736,-5.363706,1.044860,60.510723,-5.973624,1.054677,60.509045,-1.077366,0.995660,60.508639,-2.118038,1.043119,60.509951,-3.289487,1.058971,60.509961,0.380249,1.055007,60.509929,0.042711,1.047488,60.509948,-5.155133,1.065804,60.515879,1.757794,1.061714,60.513616,-1.784877,1.048866,60.512258,-4.436578,1.059003,60.514166,0.938798,1.057155,60.514411,3.260120,1.050112,60.517690,3.072183,0.978757,60.507188,-1.095994,0.981879,60.507193,1.206470,0.995725,60.508724,3.360735,1.012872,60.508159,2.297045,1.053066,60.510019,4.768619,1.069251,60.509862,6.096480,1.028974,60.516644,7.497165,1.027890,60.514992,9.278565,1.037133,60.513721,-6.489380,1.008567,1.008368,1.008394,1.008461,1.008432,1.008650,1.008618,1.008722,-37.340772,0.000000,5.064368,14.220175,5.651610,21.656241,25.238955,-29.762293,0.000000,447.800150,209.391350,467.503357,6.717002,286.592096,294.652499,141.504847,562.436988,245.394482,221.661074,276.382253,200.614467,124.488442,251.663684,184.493662,253.902685,8.239523,988.742731,0.000000,164.790455,75.230425,157.625653,78.812826,137.026846,28.927890,26.868009,92.246831,102.994034,75.767785,-82.574348,42.272334,15.225205,67.617823,24.718568,24.091648,4.119761,223.900075
8.860000,1.057660,60.514841,-3.499398,1.070032,60.516134,1.304078,0.000000,60.000000,0.000000,0.998166,60.509292,-9.495640,1.005562,60.509276,-8.328316,1.008426,60.509172,-7.749372,0.999639,60.509534,-9.487693,0.999018,60.509711,-9.823438,1.033603,60.512331,-7.852569,1.017960,60.508858,-5.596489,1.013684,60.508966,-6.327604,1.003138,60.508975,-6.287525,1.015118,60.508984,-6.153490,1.011857,60.509280,-7.446016,1.023730,60.509894,-6.828432,1.041914,60.510169,-5.177285,1.045506,60.510898,-5.367567,1.044788,60.510887,-5.977568,1.054639,60.509230,-1.093312,0.995634,60.508819,-2.136932,1.043075,60.510154,-3.298823,1.058929,60.510155,0.370946,1.054965,60.510127,0.033197,1.047443,60.510155,-5.164470,1.065679,60.515807,1.789947,1.061568,60.513611,-1.768735,1.048745,60.512332,-4.429868,1.058835,60.514080,0.958538,1.056984,60.514293,3.281483,1.050035,60.517502,3.116868,0.978808,60.507692,-1.123886,0.981934,60.507655,1.178423,0.995680,60.508898,3.342426,1.012857,60.508318,2.274596,1.053026,60.510197,4.759661,1.069213,60.510053,6.086452,1.028860,60.516526,7.534624,1.027725,60.514802,9.303789,1.037125,60.514072,-6.470885,1.008574,1.008380,1.008403,1.008464,1.008432,1.008647,1.008612,1.008713,-37.256068,0.000000,5.074967,14.258402,5.676624,21.775016,25.343032,-29.614008,0.000000,447.800150,209.391350,467.503357,6.717002,286.592096,294.652499,141.504847,562.436988,245.394482,221.661074,276.382253,200.614467,124.488442,251.663684,184.493662,253.902685,8.239523,988.742731,0.000000,164.790455,75.230425,157.625653,78.812826,137.026846,28.927890,26.868009,92.246831,102.994034,75.767785,-82.574348,42.272334,15.225205,67.617823,24.718568,24.091648,4.119761,223.900075
8.880000,1.057617,60.515010,-3.474529,1.069957,60.516019,1.336992,0.000000,60.000000,0.000000,0.998203,60.509730,-9.509549,1.005608,60.509736,-8.342240,1.008473,60.509638,-7.764018,0.999683,60.509993,-9.499766,0.999060,60.510165,-9.834258,1.033612,60.512718,-7.844810,1.018007,60.509317,-5.613434,1.013731,60.509427,-6.343761,1.003184,60.509428,-6.303650,1.015161,60.509428,-6.169592,1.011886,60.509689,-7.460140,1.023714,60.510183,-6.838674,1.041881,60.510402,-5.185797,1.045447,60.511079,-5.371060,1.044729,60.511070,-5.981128,1.054612,60.509455,-1.108629,0.995617,60.509044,-2.155211,1.043045,60.510385,-3.307453,1.058901,60.510377,0.362284,1.054937,60.510354,0.024356,1.047411,60.510390,-5.173071,1.065563,60.515691,1.820498,1.061436,60.513590,-1.753586,1.048639,60.512407,-4.423502,1.058683,60.513974,0.976688,1.056830,60.514154,3.301019,1.049960,60.517241,3.158985,0.978865,60.508258,-1.148747,0.981993,60.508177,1.153093,0.995643,60.509117,3.324692,1.012848,60.508530,2.252649,1.053001,60.510402,4.751224,1.069190,60.510273,6.077049,1.028752,60.516353,7.570104,1.027576,60.514586,9.326644,1.037119,60.514416,-6.450777,1.008580,1.008394,1.008414,1.008467,1.008434,1.008643,1.008604,1.008701,-37.174134,0.000000,5.084333,14.292297,5.696430,21.886549,25.438329,-29.475870,0.000000,447.800150,209.391350,467.503357,6.717002,286.592096,294.652499,141.504847,562.436988,245.394482,221.661074,276.382253,200.614467,124.488442,251.663684,184.493662,253.902685,8.239523,988.742731,0.000000,164.790455,75.230425,157.625653,78.812826,137.026846,28.927890,26.868009,92.246831,102.994034,75.767785,-82.574348,42.272334,15.225205,67.617823,24.718568,24.091648,4.119761,223.900075
8.900000,1.057581,60.515157,-3.449523,1.069888,60.515859,1.367893,0.000000,60.000000,0.000000,0.998248,60.510207,-9.521104,1.005659,60.510235,-8.353652,1.008526,60.510144,-7.776106,0.999732,60.510488,-9.509348,0.999107,60.510654,-9.842627,1.033624,60.513115,-7.835195,1.018060,60.509819,-5.627855,1.013784,60.509930,-6.357386,1.003236,60.509923,-6.317301,1.015209,60.509915,-6.183278,1.011923,60.510138,-7.472117,1.023711,60.510503,-6.847670,1.041861,60.510663,-5.193480,1.045402,60.511279,-5.374140,1.044683,60.511273,-5.984259,1.054595,60.509719,-1.123126,0.995610,60.509314,-2.172644,1.043028,60.510644,-3.315271,1.058887,60.510626,0.354366,1.054924,60.510608,0.016292,1.047392,60.510653,-5.180831,1.065454,60.515534,1.849049,1.061320,60.513557,-1.739620,1.048548,60.512485,-4.417561,1.058550,60.513854,0.993032,1.056694,60.513999,3.318502,1.049888,60.516916,3.197956,0.978926,60.508879,-1.170260,0.982056,60.508756,1.130805,0.995616,60.509379,3.307752,1.012848,60.508792,2.231478,1.052990,60.510634,4.743410,1.069183,60.510521,6.068378,1.028650,60.516131,7.603138,1.027443,60.514350,9.346873,1.037115,60.514752,-6.429205,1.008586,1.008410,1.008427,1.008472,1.008437,1.008637,1.008596,1.008687,-37.095853,0.000000,5.092347,14.321480,5.710758,21.989430,25.523730,-29.349779,0.000000,447.800150,209.391350,467.503357,6.717002,286.592096,294.652499,141.504847,562.436988,245.394482,221.661074,276.382253,200.614467,124.488442,251.663684,184.493662,253.902685,8.239523,988.742731,0.000000,164.790455,75.230425,157.625653,78.812826,137.026846,28.927890,26.868009,92.246831,102.994034,75.767785,-82.574348,42.272334,15.225205,67.617823,24.718568,24.091648,4.119761,223.900075
8.920000,1.057551,60.515284,-3.424626,1.069826,60.515660,1.396387,0.000000,60.000000,0.000000,0.998299,60.510719,-9.530146,1.005715,60.510770,-8.362388,1.008583,60.510687,-7.785463,0.999786,60.511016,-9.516292,0.999158,60.511174,-9.848411,1.033639,60.513519,-7.823769,1.018117,60.510361,-5.639559,1.013842,60.510471,-6.368293,1.003293,60.510457,-6.328292,1.015263,60.510440,-6.194364,1.011967,60.510622,-7.481782,1.023719,60.510853,-6.855305,1.041854,60.510952,-5.200236,1.045372,60.511499,-5.376767,1.044653,60.511495,-5.986922,1.054589,60.510022,-1.136622,0.995611,60.509627,-2.189017,1.043025,60.510930,-3.322181,1.058888,60.510903,0.347289,1.054926,60.510889,0.009102,1.047387,60.510944,-5.187652,1.065356,60.515343,1.875234,1.061220,60.513516,-1.727010,1.048474,60.512568,-4.412119,1.058435,60.513723,1.007380,1.056577,60.513832,3.333730,1.049818,60.516536,3.233252,0.978991,60.509551,-1.188151,0.982121,60.509386,1.111838,0.995598,60.509685,3.291817,1.012855,60.509105,2.211345,1.052994,60.510894,4.736315,1.069191,60.510796,6.060533,1.028557,60.515866,7.633295,1.027328,60.514098,9.364249,1.037112,60.515080,-6.406330,1.008593,1.008428,1.008441,1.008478,1.008441,1.008630,1.008587,1.008671,-37.022036,0.000000,5.098909,14.345635,5.719418,22.082381,25.598253,-29.237451,0.000000,447.800150,209.391350,467.503357,6.717002,286.592096,294.652499,141.504847,562.436988,245.394482,221.661074,276.382253,200.614467,124.488442,251.663684,184.493662,253.902685,8.239523,988.742731,0.000000,164.790455,75.230425,157.625653,78.812826,137.026846,28.927890,26.868009,92.246831,102.994034,75.767785,-82.574348,42.272334,15.225205,67.617823,24.718568,24.091648,4.119761,223.900075
8.940000,1.057529,60.515394,-3.400078,1.069772,60.515430,1.422117,0.000000,60.000000,0.000000,0.998355,60.511262,-9.536544,1.005775,60.511336,-8.368317,1.008645,60.511261,-7.791953,0.999844,60.511574,-9.520487,0.999214,60.511722,-9.851509,1.033657,60.513930,-7.810590,1.018180,60.510938,-5.648386,1.013905,60.511047,-6.376330,1.003355,60.511024,-6.336473,1.015322,60.511000,-6.202698,1.012017,60.511138,-7.489003,1.023738,60.511231,-6.861479,1.041860,60.511267,-5.205982,1.045356,60.511739,-5.378909,1.044637,60.511737,-5.989082,1.054594,60.510363,-1.148953,0.995622,60.509982,-2.204129,1.043036,60.511242,-3.328099,1.058904,60.511206,0.341135,1.054942,60.511196,0.002869,1.047394,60.511260,-5.193451,1.065268,60.515123,1.898726,1.061139,60.513469,-1.715907,1.048417,60.512657,-4.407239,1.058341,60.513585,1.019566,1.056481,60.513657,3.346529,1.049752,60.516108,3.264404,0.979058,60.510265,-1.202197,0.982189,60.510062,1.096432,0.995589,60.510031,3.277079,1.012869,60.509466,2.192496,1.053012,60.511180,4.730021,1.069214,60.511097,6.053600,1.028472,60.515565,7.660191,1.027233,60.513837,9.378581,1.037111,60.515399,-6.382318,1.008599,1.008447,1.008456,1.008484,1.008447,1.008623,1.008578,1.008653,-36.953416,0.000000,5.103943,14.364518,5.722296,22.164268,25.661057,-29.140395,0.000000,447.800150,209.391350,467.503357,6.717002,286.592096,294.652499,141.504847,562.436988,245.394482,221.661074,276.382253,200.614467,124.488442,251.663684,184.493662,253.902685,8.239523,988.742731,0.000000,164.790455,75.230425,157.625653,78.812826,137.026846,28.927890,26.868009,92.246831,102.994034,75.767785,-82.574348,42.272334,15.225205,67.617823,24.718568,24.091648,4.119761,223.900075
8.960000,1.057514,60.515489,-3.376103,1.069725,60.515173,1.444771,0.000000,60.000000,0.000000,0.998417,60.511831,-9.540206,1.005839,60.511927,-8.371349,1.008711,60.511862,-7.795479,0.999906,60.512154,-9.521854,0.999273,60.512293,-9.851853,1.033678,60.514344,-7.795735,1.018246,60.511544,-5.654218,1.013971,60.511651,-6.381387,1.003422,60.511620,-6.341732,1.015386,60.511587,-6.208171,1.012074,60.511680,-7.493683,1.023769,60.511632,-6.866120,1.041880,60.511604,-5.210656,1.045355,60.511995,-5.380545,1.044636,60.511996,-5.990720,1.054610,60.510736,-1.159978,0.995642,60.510376,-2.217804,1.043060,60.511575,-3.332964,1.058933,60.511529,0.335965,1.054973,60.511524,-0.002351,1.047415,60.511598,-5.198166,1.065193,60.514881,1.919235,1.061076,60.513420,-1.706448,1.048378,60.512752,-4.402984,1.058268,60.513445,1.029449,1.056407,60.513478,3.356755,1.049690,60.515643,3.291006,0.979128,60.511016,-1.212225,0.982258,60.510776,1.084772,0.995590,60.510415,3.263709,1.012891,60.509872,2.175154,1.053044,60.511487,4.724592,1.069253,60.511415,6.047626,1.028396,60.515235,7.683487,1.027157,60.513571,9.389711,1.037112,60.515710,-6.357340,1.008605,1.008467,1.008473,1.008491,1.008453,1.008614,1.008569,1.008633,-36.890639,0.000000,5.107395,14.377956,5.719357,22.234114,25.711453,-29.059892,0.000000,447.800150,209.391350,467.503357,6.717002,286.592096,294.652499,141.504847,562.436988,245.394482,221.661074,276.382253,200.614467,124.488442,251.663684,184.493662,253.902685,8.239523,988.742731,0.000000,164.790455,75.230425,157.625653,78.812826,137.026846,28.927890,26.868009,92.246831,102.994034,75.767785,-82.574348,42.272334,15.225205,67.617823,24.718568,24.091648,4.119761,223.900075
8.980000,1.057506,60.515571,-3.352914,1.069687,60.514898,1.464080,0.000000,60.000000,0.000000,0.998483,60.512421,-9.541088,1.005907,60.512539,-8.371438,1.008779,60.512484,-7.795992,0.999971,60.512754,-9.520364,0.999336,60.512880,-9.849420,1.033702,60.514759,-7.779302,1.018315,60.512174,-5.656989,1.014041,60.512277,-6.383402,1.003492,60.512238,-6.344007,1.015454,60.512197,-6.210718,1.012136,60.512243,-7.495773,1.023811,60.512052,-6.869197,1.041911,60.511959,-5.214233,1.045368,60.512265,-5.381684,1.044649,60.512268,-5.991842,1.054636,60.511139,-1.169589,0.995671,60.510804,-2.229901,1.043099,60.511926,-3.336765,1.058977,60.511868,0.331782,1.055018,60.511866,-0.006560,1.047449,60.511954,-5.201779,1.065129,60.514622,1.936512,1.061032,60.513371,-1.698757,1.048357,60.512854,-4.399425,1.058217,60.513304,1.036906,1.056354,60.513300,3.364283,1.049632,60.515150,3.312719,0.979199,60.511795,-1.218127,0.982328,60.511521,1.076987,0.995600,60.510832,3.251844,1.012921,60.510318,2.159507,1.053090,60.511810,4.720033,1.069306,60.511743,6.042571,1.028330,60.514883,7.702895,1.027103,60.513305,9.397512,1.037116,60.516011,-6.331578,1.008611,1.008488,1.008490,1.008500,1.008461,1.008604,1.008559,1.008613,-36.834256,0.000000,5.109233,14.385847,5.710644,22.291114,25.748907,-28.996980,0.000000,447.800150,209.391350,467.503357,6.717002,286.592096,294.652499,141.504847,562.436988,245.394482,221.661074,276.382253,200.614467,124.488442,251.663684,184.493662,253.902685,8.239523,988.742731,0.000000,164.790455,75.230425,157.625653,78.812826,137.026846,28.927890,26.868009,92.246831,102.994034,75.767785,-82.574348,42.272334,15.225205,67.617823,24.718568,24.091648,4.119761,223.900075
9.000000,1.057507,60.515643,-3.330705,1.069657,60.514611,1.479828,0.000000,60.000000,0.000000,0.998553,60.513027,-9.539170,1.005977,60.513167,-8.368573,1.008850,60.513122,-7.793476,1.000038,60.513367,-9.516014,0.999401,60.513481,-9.844218,1.033729,60.515174,-7.761402,1.018387,60.512822,-5.656663,1.014113,60.512922,-6.382348,1.003565,60.512875,-6.343268,1.015524,60.512826,-6.210309,1.012204,60.512825,-7.495246,1.023863,60.512491,-6.870687,1.041956,60.512333,-5.216691,1.045397,60.512552,-5.382326,1.044678,60.512557,-5.992452,1.054672,60.511571,-1.177693,0.995708,60.511264,-2.240294,1.043150,60.512295,-3.339481,1.059034,60.512226,0.328600,1.055076,60.512226,-0.009750,1.047495,60.512329,-5.204267,1.065079,60.514355,1.950361,1.061008,60.513326,-1.692927,1.048355,60.512966,-4.396611,1.058188,60.513169,1.041850,1.056324,60.513127,3.369027,1.049579,60.514641,3.329281,0.979271,60.512596,-1.219840,0.982398,60.512291,1.073159,0.995620,60.511281,3.241603,1.012957,60.510802,2.145723,1.053150,60.512152,4.716363,1.069373,60.512087,6.038427,1.028275,60.514518,7.718185,1.027070,60.513044,9.401896,1.037121,60.516303,-6.305211,1.008616,1.008510,1.008508,1.008509,1.008470,1.008595,1.008550,1.008591,-36.784723,0.000000,5.109447,14.388162,5.696272,22.334642,25.773044,-28.952441,0.000000,447.800150,209.391350,467.503357,6.717002,286.592096,294.652499,141.504847,562.436988,245.394482,221.661074,276.382253,200.614467,124.488442,251.663684,184.493662,253.902685,8.239523,988.742731,0.000000,164.790455,75.230425,157.625653,78.812826,137.026846,28.927890,26.868009,92.246831,102.994034,75.767785,-82.574348,42.272334,15.225205,67.617823,24.718568,24.091648,4.119761,223.900075
9.020000,1.057515,60.515708,-3.309650,1.069636,60.514321,1.491857,0.000000,60.000000,0.000000,0.998627,60.513645,-9.534469,1.006049,60.513805,-8.362775,1.008923,60.513771,-7.787950,1.000108,60.513991,-9.508837,0.999469,60.514091,-9.836282,1.033758,60.515587,-7.742160,1.018462,60.513484,-5.653242,1.014187,60.513579,-6.378230,1.003641,60.513525,-6.339522,1.015598,60.513468,-6.206946,1.012276,60.513419,-7.492108,1.023926,60.512946,-6.870579,1.042012,60.512724,-5.218012,1.045440,60.512854,-5.382474,1.044721,60.512861,-5.992550,1.054719,60.512027,-1.184212,0.995754,60.511753,-2.248879,1.043214,60.512681,-3.341098,1.059105,60.512601,0.326435,1.055148,60.512603,-0.011908,1.047554,60.512721,-5.205617,1.065041,60.514086,1.960636,1.061003,60.513289,-1.689022,1.048370,60.513089,-4.394578,1.058183,60.513044,1.044227,1.056317,60.512965,3.370935,1.049531,60.514126,3.340509,0.979343,60.513410,-1.217360,0.982468,60.513078,1.073317,0.995648,60.511758,3.233087,1.013001,60.511321,2.133944,1.053222,60.512512,4.713599,1.069454,60.512448,6.035197,1.028231,60.514149,7.729188,1.027059,60.512795,9.402818,1.037128,60.516585,-6.278422,1.008622,1.008532,1.008527,1.008519,1.008480,1.008585,1.008541,1.008570,-36.742392,0.000000,5.108049,14.384944,5.676430,22.364259,25.783654,-28.926787,0.000000,447.800150,209.391350,467.503357,6.717002,286.592096,294.652499,141.504847,562.436988,245.394482,221.661074,276.382253,200.614467,124.488442,251.663684,184.493662,253.902685,8.239523,988.742731,0.000000,164.790455,75.230425,157.625653,78.812826,137.026846,28.927890,26.868009,92.246831,102.994034,75.767785,-82.574348,42.272334,15.225205,67.617823,24.718568,24.091648,4.119761,223.900075
9.040000,1.057531,60.515768,-3.289898,1.069624,60.514036,1.500062,0.000000,60.000000,0.000000,0.998703,60.514270,-9.527032,1.006123,60.514449,-8.354100,1.008997,60.514427,-7.779469,1.000179,60.514619,-9.498899,0.999537,60.514705,-9.825684,1.033789,60.515995,-7.721713,1.018537,60.514154,-5.646767,1.014263,60.514243,-6.371096,1.003719,60.514182,-6.332809,1.015674,60.514119,-6.200669,1.012352,60.514023,-7.486395,1.023999,60.513415,-6.868883,1.042081,60.513131,-5.218194,1.045497,60.513170,-5.382132,1.044778,60.513180,-5.992143,1.054775,60.512507,-1.189089,0.995807,60.512267,-2.255578,1.043291,60.513083,-3.341614,1.059188,60.512991,0.325290,1.055232,60.512995,-0.013033,1.047625,60.513128,-5.205824,1.065018,60.513823,1.967246,1.061019,60.513264,-1.687081,1.048405,60.513226,-4.393348,1.058199,60.512933,1.044015,1.056333,60.512818,3.369990,1.049489,60.513617,3.346301,0.979415,60.514232,-1.210731,0.982537,60.513875,1.077442,0.995686,60.512260,3.226370,1.013051,60.511869,2.124283,1.053306,60.512889,4.711751,1.069548,60.512823,6.032881,1.028197,60.513785,7.735797,1.027070,60.512563,9.400271,1.037138,60.516858,-6.251394,1.008627,1.008555,1.008546,1.008529,1.008491,1.008574,1.008532,1.008548,-36.707510,0.000000,5.105073,14.376303,5.651372,22.379719,25.780691,-28.920261,0.000000,447.800150,209.391350,467.503357,6.717002,286.592096,294.652499,141.504847,562.436988,245.394482,221.661074,276.382253,200.614467,124.488442,251.663684,184.493662,253.902685,8.239523,988.742731,0.000000,164.790455,75.230425,157.625653,78.812826,137.026846,28.927890,26.868009,92.246831,102.994034,75.767785,-82.574348,42.272334,15.225205,67.617823,24.718568,24.091648,4.119761,223.900075
9.060000,1.057555,60.515828,-3.271581,1.069620,60.513762,1.504400,0.000000,60.000000,0.000000,0.998781,60.514897,-9.516945,1.006197,60.515094,-8.342643,1.009072,60.515082,-7.768128,1.000251,60.515246,-9.486301,0.999607,60.515318,-9.812529,1.033822,60.516398,-7.700212,1.018614,60.514826,-5.637318,1.014339,60.514909,-6.361031,1.003797,60.514841,-6.323213,1.015751,60.514772,-6.191555,1.012431,60.514631,-7.478177,1.024081,60.513893,-6.865629,1.042160,60.513551,-5.217246,1.045567,60.513500,-5.381311,1.044849,60.513512,-5.991242,1.054839,60.513005,-1.192291,0.995868,60.512803,-2.260337,1.043379,60.513498,-3.341038,1.059282,60.513396,0.325158,1.055328,60.513401,-0.013133,1.047707,60.513548,-5.204902,1.065007,60.513572,1.970153,1.061054,60.513255,-1.687113,1.048457,60.513377,-4.392933,1.058239,60.512840,1.041224,1.056371,60.512690,3.366209,1.049452,60.513125,3.346637,0.979485,60.515051,-1.200053,0.982604,60.514675,1.085459,0.995731,60.512783,3.221502,1.013108,60.512442,2.116822,1.053402,60.513280,4.710820,1.069654,60.513213,6.031471,1.028175,60.513433,7.737972,1.027102,60.512353,9.394286,1.037149,60.517121,-6.224307,1.008632,1.008578,1.008565,1.008540,1.008503,1.008564,1.008524,1.008527,-36.680221,0.000000,5.100570,14.362418,5.621416,22.380966,25.764271,-28.932830,0.000000,447.800150,209.391350,467.503357,6.717002,286.592096,294.652499,141.504847,562.436988,245.394482,221.661074,276.382253,200.614467,124.488442,251.663684,184.493662,253.902685,8.239523,988.742731,0.000000,164.790455,75.230425,157.625653,78.812826,137.026846,28.927890,26.868009,92.246831,102.994034,75.767785,-82.574348,42.272334,15.225205,67.617823,24.718568,24.091648,4.119761,223.900075
9.080000,1.057586,60.515888,-3.254802,1.069626,60.513508,1.504881,0.000000,60.000000,0.000000,0.998861,60.515522,-9.504323,1.006272,60.515734,-8.328533,1.009147,60.515733,-7.754055,1.000323,60.515868,-9.471176,0.999677,60.515926,-9.796951,1.033857,60.516793,-7.677817,1.018691,60.515494,-5.625014,1.014415,60.515571,-6.348154,1.003876,60.515498,-6.310849,1.015829,60.515423,-6.179718,1.012513,60.515238,-7.467554,1.024171,60.514379,-6.860866,1.042250,60.513982,-5.215196,1.045650,60.513842,-5.380031,1.044933,60.513856,-5.989865,1.054912,60.513518,-1.193808,0.995936,60.513355,-2.263133,1.043478,60.513924,-3.339395,1.059388,60.513812,0.326021,1.055435,60.513818,-0.012229,1.047799,60.513979,-5.202875,1.065010,60.513342,1.969374,1.061108,60.513263,-1.689103,1.048526,60.513543,-4.393332,1.058300,60.512770,1.035892,1.056432,60.512585,3.359640,1.049421,60.512661,3.341579,0.979554,60.515863,-1.185476,0.982668,60.515470,1.097247,0.995784,60.513322,3.218506,1.013170,60.513035,2.111611,1.053509,60.513684,4.710795,1.069770,60.513615,6.030953,1.028164,60.513102,7.735733,1.027156,60.512169,9.384933,1.037162,60.517374,-6.197341,1.008637,1.008600,1.008585,1.008551,1.008515,1.008554,1.008517,1.008506,-36.660564,0.000000,5.094613,14.343530,5.586937,22.368142,25.734667,-28.964192,0.000000,447.800150,209.391350,467.503357,6.717002,286.592096,294.652499,141.504847,562.436988,245.394482,221.661074,276.382253,200.614467,124.488442,251.663684,184.493662,253.902685,8.239523,988.742731,0.000000,164.790455,75.230425,157.625653,78.812826,137.026846,28.927890,26.868009,92.246831,102.994034,75.767785,-82.574348,42.272334,15.225205,67.617823,24.718568,24.091648,4.119761,223.900075
9.100000,1.057625,60.515953,-3.239645,1.069640,60.513281,1.501574,0.000000,60.000000,0.000000,0.998942,60.516138,-9.489317,1.006347,60.516364,-8.311932,1.009222,60.516374,-7.737415,1.000395,60.516480,-9.453693,0.999747,60.516523,-9.779118,1.033894,60.517178,-7.654699,1.018767,60.516154,-5.610008,1.014492,60.516224,-6.332625,1.003956,60.516146,-6.295871,1.015908,60.516065,-6.165305,1.012597,60.515839,-7.454658,1.024268,60.514869,-6.854662,1.042348,60.514421,-5.212081,1.045745,60.514195,-5.378313,1.045029,60.514211,-5.988039,1.054993,60.514042,-1.193654,0.996011,60.513920,-2.263968,1.043586,60.514358,-3.336721,1.059503,60.514237,0.327848,1.055552,60.514244,-0.010353,1.047900,60.514418,-5.199785,1.065026,60.513138,1.964976,1.061180,60.513294,-1.693010,1.048612,60.513726,-4.394537,1.058382,60.512725,1.028091,1.056514,60.512508,3.350365,1.049395,60.512234,3.331266,0.979621,60.516658,-1.167200,0.982731,60.516253,1.112635,0.995844,60.513874,3.217378,1.013237,60.513643,2.108666,1.053624,60.514099,4.711654,1.069897,60.514027,6.031303,1.028164,60.512801,7.729164,1.027230,60.512017,9.372319,1.037177,60.517618,-6.170670,1.008641,1.008622,1.008604,1.008562,1.008528,1.008545,1.008510,1.008487,-36.648474,0.000000,5.087292,14.319939,5.548362,22.341574,25.692311,-29.013777,0.000000,447.800150,209.391350,467.503357,6.717002,286.592096,294.652499,141.504847,562.436988,245.394482,221.661074,276.382253,200.614467,124.488442,251.663684,184.493662,253.902685,8.239523,988.742731,0.000000,164.790455,75.230425,157.625653,78.812826,137.026846,28.927890,26.868009,92.246831,102.994034,75.767785,-82.574348,42.272334,15.225205,67.617823,24.718568,24.091648,4.119761,223.900075
9.120000,1.057669,60.516025,-3.226165,1.069661,60.513087,1.494603,0.000000,60.000000,0.000000,0.999023,60.516741,-9.472106,1.006420,60.516980,-8.293035,1.009295,60.516999,-7.718406,1.000465,60.517077,-9.434045,0.999817,60.517106,-9.759224,1.033931,60.517551,-7.631037,1.018842,60.516799,-5.592490,1.014567,60.516862,-6.314634,1.004034,60.516780,-6.278464,1.015986,60.516695,-6.148497,1.012682,60.516431,-7.439651,1.024372,60.515359,-6.847107,1.042455,60.514865,-5.207956,1.045851,60.514557,-5.376189,1.045135,60.514575,-5.985793,1.055080,60.514574,-1.191865,0.996090,60.514493,-2.262874,1.043703,60.514799,-3.333068,1.059627,60.514670,0.330596,1.055677,60.514678,-0.007551,1.048010,60.514862,-5.195685,1.065054,60.512968,1.957081,1.061269,60.513348,-1.698768,1.048713,60.513926,-4.396526,1.058484,60.512709,1.017919,1.056616,60.512462,3.338496,1.049374,60.511856,3.315917,0.979685,60.517431,-1.145472,0.982790,60.517017,1.131404,0.995910,60.514435,3.218088,1.013309,60.514262,2.107972,1.053748,60.514523,4.713364,1.070031,60.514449,6.032485,1.028174,60.512536,7.718413,1.027323,60.511899,9.356587,1.037194,60.517853,-6.144462,1.008646,1.008643,1.008622,1.008574,1.008542,1.008536,1.008503,1.008469,-36.643790,0.000000,5.078711,14.292001,5.506162,22.301778,25.637781,-29.080761,0.000000,447.800150,209.391350,467.503357,6.717002,286.592096,294.652499,141.504847,562.436988,245.394482,221.661074,276.382253,200.614467,124.488442,251.663684,184.493662,253.902685,8.239523,988.742731,0.000000,164.790455,75.230425,157.625653,78.812826,137.026846,28.927890,26.868009,92.246831,102.994034,75.767785,-82.574348,42.272334,15.225205,67.617823,24.718568,24.091648,4.119761,223.900075
9.140000,1.057720,60.516107,-3.214399,1.069690,60.512934,1.484141,0.000000,60.000000,0.000000,0.999103,60.517327,-9.452898,1.006492,60.517576,-8.272063,1.009366,60.517605,-7.697252,1.000535,60.517655,-9.412456,0.999885,60.517670,-9.737490,1.033969,60.517911,-7.607018,1.018916,60.517426,-5.572679,1.014640,60.517482,-6.294403,1.004111,60.517395,-6.258846,1.016062,60.517307,-6.129505,1.012767,60.517008,-7.422721,1.024481,60.515846,-6.838305,1.042569,60.515313,-5.202889,1.045966,60.514928,-5.373691,1.045251,60.514946,-5.983163,1.055173,60.515109,-1.188501,0.996175,60.515069,-2.259910,1.043826,60.515243,-3.328499,1.059757,60.515108,0.334211,1.055809,60.515116,-0.003878,1.048126,60.515309,-5.190644,1.065094,60.512837,1.945859,1.061375,60.513430,-1.706286,1.048827,60.514143,-4.399269,1.058605,60.512726,1.005503,1.056738,60.512451,3.324176,1.049359,60.511535,3.295823,0.979746,60.518175,-1.120581,0.982846,60.517757,1.153295,0.995982,60.514999,3.220582,1.013385,60.514885,2.109481,1.053878,60.514953,4.715884,1.070172,60.514876,6.034459,1.028195,60.512317,7.703684,1.027436,60.511822,9.337913,1.037212,60.518078,-6.118881,1.008650,1.008664,1.008640,1.008586,1.008555,1.008529,1.008498,1.008453,-36.646252,0.000000,5.068991,14.260119,5.460848,22.249443,25.571796,-29.164077,0.000000,447.800150,209.391350,467.503357,6.717002,286.592096,294.652499,141.504847,562.436988,245.394482,221.661074,276.382253,200.614467,124.488442,251.663684,184.493662,253.902685,8.239523,988.742731,0.000000,164.790455,75.230425,157.625653,78.812826,137.026846,28.927890,26.868009,92.246831,102.994034,75.767785,-82.574348,42.272334,15.225205,67.617823,24.718568,24.091648,4.119761,223.900075
9.160000,1.057775,60.516200,-3.204357,1.069727,60.512826,1.470414,0.000000,60.000000,0.000000,0.999182,60.517892,-9.431925,1.006562,60.518148,-8.249267,1.009435,60.518186,-7.674209,1.000602,60.518209,-9.389174,0.999951,60.518211,-9.714160,1.034008,60.518257,-7.582830,1.018987,60.518029,-5.550825,1.014711,60.518077,-6.272183,1.004185,60.517988,-6.237261,1.016137,60.517897,-6.108568,1.012852,60.517567,-7.404079,1.024593,60.516329,-6.828378,1.042689,60.515761,-5.196960,1.046089,60.515304,-5.370861,1.045375,60.515324,-5.980192,1.055270,60.515645,-1.183645,0.996263,60.515645,-2.255160,1.043956,60.515688,-3.323089,1.059893,60.515548,0.338625,1.055946,60.515557,0.000598,1.048248,60.515757,-5.184740,1.065145,60.512750,1.931525,1.061495,60.513540,-1.715452,1.048954,60.514379,-4.402726,1.058743,60.512777,0.990997,1.056877,60.512476,3.307575,1.049350,60.511279,3.271341,0.979803,60.518883,-1.092854,0.982898,60.518465,1.178008,0.996059,60.515564,3.224777,1.013464,60.515507,2.113114,1.054014,60.515388,4.719160,1.070319,60.515309,6.037171,1.028224,60.512149,7.685239,1.027565,60.511787,9.316506,1.037231,60.518294,-6.094082,1.008654,1.008683,1.008657,1.008597,1.008569,1.008522,1.008494,1.008439,-36.655514,0.000000,5.058262,14.224742,5.412961,22.185428,25.495204,-29.262432,0.000000,447.800150,209.391350,467.503357,6.717002,286.592096,294.652499,141.504847,562.436988,245.394482,221.661074,276.382253,200.614467,124.488442,251.663684,184.493662,253.902685,8.239523,988.742731,0.000000,164.790455,75.230425,157.625653,78.812826,137.026846,28.927890,26.868009,92.246831,102.994034,75.767785,-82.574348,42.272334,15.225205,67.617823,24.718568,24.091648,4.119761,223.900075
9.180000,1.057836,60.516308,-3.196026,1.069769,60.512770,1.453691,0.000000,60.000000,0.000000,0.999258,60.518432,-9.409444,1.006629,60.518693,-8.224917,1.009502,60.518739,-7.649552,1.000667,60.518737,-9.364467,1.000015,60.518726,-9.689498,1.034046,60.518588,-7.558670,1.019056,60.518603,-5.527204,1.014779,60.518644,-6.248249,1.004257,60.518553,-6.213979,1.016210,60.518460,-6.085950,1.012936,60.518103,-7.383959,1.024709,60.516803,-6.817462,1.042813,60.516207,-5.190259,1.046219,60.515686,-5.367744,1.045505,60.515707,-5.976926,1.055371,60.516176,-1.177398,0.996353,60.516215,-2.248734,1.044089,60.516132,-3.316925,1.060033,60.515989,0.343765,1.056088,60.515997,0.005800,1.048375,60.516204,-5.178066,1.065205,60.512712,1.914338,1.061628,60.513682,-1.726132,1.049092,60.514634,-4.406847,1.058897,60.512865,0.974578,1.057033,60.512542,3.288888,1.049344,60.511096,3.242893,0.979857,60.519551,-1.062656,0.982945,60.519136,1.205207,0.996139,60.516124,3.230569,1.013545,60.516125,2.118762,1.054153,60.515825,4.723128,1.070469,60.515744,6.040562,1.028262,60.512038,7.663389,1.027711,60.511798,9.292606,1.037252,60.518502,-6.070214,1.008657,1.008701,1.008673,1.008609,1.008583,1.008516,1.008491,1.008427,-36.671147,0.000000,5.046669,14.186356,5.363067,22.110742,25.408978,-29.374329,0.000000,447.800150,209.391350,467.503357,6.717002,286.592096,294.652499,141.504847,562.436988,245.394482,221.661074,276.382253,200.614467,124.488442,251.663684,184.493662,253.902685,8.239523,988.742731,0.000000,164.790455,75.230425,157.625653,78.812826,137.026846,28.927890,26.868009,92.246831,102.994034,75.767785,-82.574348,42.272334,15.225205,67.617823,24.718568,24.091648,4.119761,223.900075
9.200000,1.057900,60.516432,-3.189376,1.069817,60.512769,1.434281,0.000000,60.000000,0.000000,0.999333,60.518944,-9.385727,1.006693,60.519208,-8.199307,1.009564,60.519261,-7.623580,1.000729,60.519234,-9.338623,1.000075,60.519211,-9.663785,1.034085,60.518902,-7.534730,1.019121,60.519146,-5.502112,1.014844,60.519180,-6.222899,1.004326,60.519087,-6.189289,1.016280,60.518994,-6.061934,1.013017,60.518615,-7.362615,1.024827,60.517266,-6.805706,1.042939,60.516650,-5.182889,1.046354,60.516071,-5.364388,1.045641,60.516093,-5.973415,1.055475,60.516700,-1.169882,0.996446,60.516777,-2.240764,1.044226,60.516573,-3.310102,1.060176,60.516427,0.349543,1.056232,60.516436,0.011643,1.048504,60.516646,-5.170723,1.065273,60.512729,1.894595,1.061772,60.513856,-1.738175,1.049239,60.514908,-4.411577,1.059065,60.512993,0.956446,1.057203,60.512650,3.268336,1.049344,60.510992,3.210954,0.979906,60.520173,-1.030380,0.982989,60.519765,1.234527,0.996222,60.516675,3.237832,1.013628,60.516733,2.126288,1.054294,60.516261,4.727716,1.070620,60.516180,6.044564,1.028307,60.511990,7.638495,1.027871,60.511858,9.266478,1.037273,60.518701,-6.047413,1.008661,1.008717,1.008688,1.008620,1.008597,1.008512,1.008489,1.008418,-36.692645,0.000000,5.034363,14.145478,5.311748,22.026537,25.314195,-29.498087,0.000000,447.800150,209.391350,467.503357,6.717002,286.592096,294.652499,141.504847,562.436988,245.394482,221.661074,276.382253,200.614467,124.488442,251.663684,184.493662,253.902685,8.239523,988.742731,0.000000,164.790455,75.230425,157.625653,78.812826,137.026846,28.927890,26.868009,92.246831,102.994034,75.767785,-82.574348,42.272334,15.225205,67.617823,24.718568,24.091648,4.119761,223.900075
9.220000,1.057966,60.516573,-3.184352,1.069869,60.512827,1.412532,0.000000,60.000000,0.000000,0.999404,60.519424,-9.361064,1.006754,60.519688,-8.172741,1.009624,60.519747,-7.596606,1.000787,60.519698,-9.311943,1.000133,60.519665,-9.637315,1.034122,60.519198,-7.511205,1.019182,60.519654,-5.475865,1.014905,60.519680,-6.196446,1.004391,60.519588,-6.163501,1.016346,60.519494,-6.036822,1.013096,60.519098,-7.340313,1.024944,60.517716,-6.793270,1.043068,60.517086,-5.174958,1.046493,60.516459,-5.360845,1.045780,60.516481,-5.969713,1.055579,60.517214,-1.161236,0.996540,60.517326,-2.231404,1.044364,60.517009,-3.302725,1.060319,60.516862,0.355868,1.056377,60.516871,0.018031,1.048635,60.517082,-5.162821,1.065349,60.512802,1.872627,1.061925,60.514064,-1.751410,1.049393,60.515200,-4.416850,1.059245,60.513162,0.936821,1.057385,60.512802,3.246160,1.049347,60.510972,3.176046,0.979950,60.520745,-0.996443,0.983028,60.520349,1.265575,0.996307,60.517215,3.246420,1.013713,60.517326,2.135528,1.054436,60.516696,4.732843,1.070772,60.516614,6.049099,1.028358,60.512009,7.610955,1.028044,60.511969,9.238413,1.037294,60.518893,-6.025808,1.008664,1.008732,1.008701,1.008631,1.008610,1.008509,1.008488,1.008412,-36.719437,0.000000,5.021501,14.102648,5.259596,21.934086,25.212029,-29.631867,0.000000,447.800150,209.391350,467.503357,6.717002,286.592096,294.652499,141.504847,562.436988,245.394482,221.661074,276.382253,200.614467,124.488442,251.663684,184.493662,253.902685,8.239523,988.742731,0.000000,164.790455,75.230425,157.625653,78.812826,137.026846,28.927890,26.868009,92.246831,102.994034,75.767785,-82.574348,42.272334,15.225205,67.617823,24.718568,24.091648,4.119761,223.900075
9.240000,1.058035,60.516734,-3.180886,1.069925,60.512948,1.388819,0.000000,60.000000,0.000000,0.999471,60.519871,-9.335755,1.006810,60.520133,-8.145540,1.009678,60.520197,-7.568955,1.000841,60.520128,-9.284736,1.000187,60.520085,-9.610392,1.034159,60.519477,-7.488287,1.019240,60.520124,-5.448792,1.014961,60.520143,-6.169217,1.004452,60.520052,-6.136935,1.016408,60.519959,-6.010928,1.013172,60.519550,-7.317332,1.025061,60.518151,-6.780320,1.043197,60.517514,-5.166585,1.046633,60.516847,-5.357168,1.045921,60.516870,-5.965876,1.055684,60.517714,-1.151611,0.996634,60.517858,-2.220826,1.044501,60.517437,-3.294906,1.060462,60.517292,0.362637,1.056521,60.517300,0.024863,1.048766,60.517510,-5.154476,1.065431,60.512935,1.848793,1.062086,60.514307,-1.765653,1.049553,60.515511,-4.422594,1.059434,60.513374,0.915941,1.057577,60.512999,3.222621,1.049354,60.511041,3.138732,0.979989,60.521265,-0.961283,0.983062,60.520882,1.297940,0.996392,60.517740,3.256168,1.013797,60.517901,2.146298,1.054577,60.517127,4.738423,1.070922,60.517045,6.054086,1.028415,60.512098,7.581207,1.028227,60.512133,9.208725,1.037317,60.519078,-6.005517,1.008667,1.008745,1.008714,1.008641,1.008624,1.008508,1.008488,1.008409,-36.750895,0.000000,5.008246,14.058427,5.207204,21.834768,25.103737,-29.773700,0.000000,447.800150,209.391350,467.503357,6.717002,286.592096,294.652499,141.504847,562.436988,245.394482,221.661074,276.382253,200.614467,124.488442,251.663684,184.493662,253.902685,8.239523,988.742731,0.000000,164.790455,75.230425,157.625653,78.812826,137.026846,28.927890,26.868009,92.246831,102.994034,75.767785,-82.574348,42.272334,15.225205,67.617823,24.718568,24.091648,4.119761,223.900075
9.260000,1.058105,60.516915,-3.178889,1.069984,60.513132,1.363542,0.000000,60.000000,0.000000,0.999534,60.520282,-9.310108,1.006862,60.520539,-8.118028,1.009729,60.520607,-7.540961,1.000891,60.520520,-9.257322,1.000236,60.520469,-9.583325,1.034194,60.519738,-7.466163,1.019292,60.520555,-5.421231,1.015014,60.520567,-6.141550,1.004508,60.520477,-6.109920,1.016466,60.520386,-5.984575,1.013244,60.519970,-7.293959,1.025176,60.518570,-6.767031,1.043324,60.517932,-5.157890,1.046774,60.517235,-5.353414,1.046063,60.517258,-5.961960,1.055788,60.518198,-1.141174,0.996727,60.518372,-2.209217,1.044637,60.517856,-3.286760,1.060603,60.517714,0.369747,1.056662,60.517722,0.032033,1.048895,60.517928,-5.145811,1.065517,60.513130,1.823478,1.062252,60.514585,-1.780707,1.049716,60.515841,-4.428732,1.059632,60.513628,0.894059,1.057778,60.513243,3.197995,1.049363,60.511201,3.099604,0.980024,60.521729,-0.925351,0.983091,60.521363,1.331194,0.996477,60.518247,3.266898,1.013880,60.518454,2.158392,1.054715,60.517552,4.744362,1.071070,60.517471,6.059436,1.028476,60.512261,7.549714,1.028420,60.512352,9.177745,1.037339,60.519256,-5.986645,1.008670,1.008756,1.008725,1.008651,1.008636,1.008508,1.008490,1.008409,-36.786342,0.000000,4.994763,14.013382,5.155161,21.730049,24.990640,-29.921515,0.000000,447.800150,209.391350,467.503357,6.717002,286.592096,294.652499,141.504847,562.436988,245.394482,221.661074,276.382253,200.614467,124.488442,251.663684,184.493662,253.902685,8.239523,988.742731,0.000000,164.790455,75.230425,157.625653,78.812826,137.026846,28.927890,26.868009,92.246831,102.994034,75.767785,-82.574348,42.272334,15.225205,67.617823,24.718568,24.091648,4.119761,223.900075
9.280000,1.058175,60.517118,-3.178261,1.070045,60.513382,1.337120,0.000000,60.000000,0.000000,0.999593,60.520656,-9.284435,1.006909,60.520906,-8.090535,1.009775,60.520977,-7.512960,1.000937,60.520875,-9.230020,1.000282,60.520816,-9.556424,1.034227,60.519980,-7.445013,1.019340,60.520943,-5.393526,1.015061,60.520949,-6.113784,1.004560,60.520862,-6.082791,1.016519,60.520773,-5.958093,1.013312,60.520355,-7.270485,1.025288,60.518970,-6.753579,1.043449,60.518339,-5.149000,1.046914,60.517622,-5.349639,1.046204,60.517644,-5.958025,1.055890,60.518664,-1.130101,0.996818,60.518863,-2.196777,1.044770,60.518265,-3.278408,1.060740,60.518126,0.377087,1.056801,60.518134,0.039430,1.049022,60.518335,-5.136950,1.065606,60.513388,1.797080,1.062422,60.514898,-1.796365,1.049880,60.516189,-4.435182,1.059835,60.513926,0.871438,1.057985,60.513535,3.172570,1.049375,60.511454,3.059277,0.980053,60.522135,-0.889103,0.983116,60.521790,1.364901,0.996562,60.518733,3.278418,1.013963,60.518981,2.171587,1.054850,60.517970,4.750562,1.071212,60.517891,6.065059,1.028540,60.512499,7.516961,1.028619,60.512626,9.145820,1.037361,60.519428,-5.969286,1.008672,1.008765,1.008734,1.008661,1.008648,1.008511,1.008493,1.008411,-36.825065,0.000000,4.981218,13.968088,5.104042,21.621457,24.874109,-30.073169,0.000000,447.800150,209.391350,467.503357,6.717002,286.592096,294.652499,141.504847,562.436988,245.394482,221.661074,276.382253,200.614467,124.488442,251.663684,184.493662,253.902685,8.239523,988.742731,0.000000,164.790455,75.230425,157.625653,78.812826,137.026846,28.927890,26.868009,92.246831,102.994034,75.767785,-82.574348,42.272334,15.225205,67.617823,24.718568,24.091648,4.119761,223.900075
9.300000,1.058244,60.517341,-3.178888,1.070106,60.513697,1.309982,0.000000,60.000000,0.000000,0.999646,60.520993,-9.259044,1.006951,60.521233,-8.063388,1.009815,60.521306,-7.485289,1.000978,60.521191,-9.203147,1.000323,60.521126,-9.529998,1.034259,60.520204,-7.425008,1.019383,60.521290,-5.366021,1.015103,60.521290,-6.086261,1.004606,60.521206,-6.055883,1.016567,60.521121,-5.931808,1.013375,60.520706,-7.247199,1.025395,60.519350,-6.740143,1.043570,60.518734,-5.140042,1.047051,60.518006,-5.345897,1.046342,60.518028,-5.954126,1.055990,60.519109,-1.118573,0.996907,60.519330,-2.183716,1.044898,60.518663,-3.269971,1.060872,60.518529,0.384545,1.056934,60.518536,0.046942,1.049145,60.518730,-5.128020,1.065697,60.513709,1.770013,1.062592,60.515247,-1.812415,1.050045,60.516554,-4.441857,1.060041,60.514268,0.848352,1.058196,60.513873,3.146647,1.049389,60.511799,3.018377,0.980078,60.522483,-0.853002,0.983136,60.522161,1.398620,0.996644,60.519197,3.290528,1.014043,60.519481,2.185649,1.054980,60.518379,4.756922,1.071348,60.518302,6.070857,1.028606,60.512812,7.483449,1.028822,60.512955,9.113306,1.037382,60.519594,-5.953522,1.008675,1.008773,1.008742,1.008669,1.008660,1.008515,1.008497,1.008418,-36.866322,0.000000,4.967775,13.923114,5.054406,21.510569,24.755552,-30.226480,0.000000,447.800150,209.391350,467.503357,6.717002,286.592096,294.652499,141.504847,562.436988,245.394482,221.661074,276.382253,200.614467,124.488442,251.663684,184.493662,253.902685,8.239523,988.742731,0.000000,164.790455,75.230425,157.625653,78.812826,137.026846,28.927890,26.868009,92.246831,102.994034,75.767785,-82.574348,42.272334,15.225205,67.617823,24.718568,24.091648,4.119761,223.900075
9.320000,1.058312,60.517587,-3.180647,1.070167,60.514077,1.282565,0.000000,60.000000,0.000000,0.999695,60.521291,-9.234242,1.006989,60.521519,-8.036910,1.009851,60.521593,-7.458278,1.001014,60.521468,-9.177015,1.000359,60.521399,-9.504349,1.034289,60.520410,-7.406310,1.019421,60.521593,-5.339055,1.015141,60.521588,-6.059318,1.004648,60.521508,-6.029527,1.016610,60.521427,-5.906047,1.013432,60.521021,-7.224390,1.025498,60.519710,-6.726898,1.043687,60.519115,-5.131142,1.047184,60.518387,-5.342243,1.046475,60.518408,-5.950319,1.056085,60.519533,-1.106778,0.996992,60.519771,-2.170248,1.045021,60.519047,-3.261572,1.060998,60.518920,0.392009,1.057061,60.518926,0.054455,1.049263,60.519112,-5.119148,1.065788,60.514091,1.742693,1.062762,60.515631,-1.828638,1.050206,60.516936,-4.448667,1.060248,60.514653,0.825082,1.058408,60.514258,3.120529,1.049404,60.512235,2.977531,0.980098,60.522772,-0.817501,0.983151,60.522475,1.431915,0.996723,60.519635,3.303022,1.014121,60.519950,2.200333,1.055103,60.518778,4.763341,1.071477,60.518704,6.076735,1.028672,60.513199,7.449686,1.029029,60.513339,9.080570,1.037403,60.519756,-5.939421,1.008677,1.008778,1.008748,1.008678,1.008671,1.008520,1.008503,1.008427,-36.909357,0.000000,4.954595,13.879019,5.006783,21.398982,24.636395,-30.379253,0.000000,447.800150,209.391350,467.503357,6.717002,286.592096,294.652499,141.504847,562.436988,245.394482,221.661074,276.382253,200.614467,124.488442,251.663684,184.493662,253.902685,8.239523,988.742731,0.000000,164.790455,75.230425,157.625653,78.812826,137.026846,28.927890,26.868009,92.246831,102.994034,75.767785,-82.574348,42.272334,15.225205,67.617823,24.718568,24.091648,4.119761,223.900075
9.340000,1.058377,60.517854,-3.183406,1.070228,60.514520,1.255303,0.000000,60.000000,0.000000,0.999738,60.521552,-9.210326,1.007022,60.521766,-8.011415,1.009882,60.521839,-7.432250,1.001046,60.521706,-9.151926,1.000391,60.521635,-9.479768,1.034316,60.520599,-7.389071,1.019454,60.521854,-5.312961,1.015173,60.521844,-6.033281,1.004684,60.521769,-6.004044,1.016648,60.521693,-5.881124,1.013485,60.521300,-7.202336,1.025594,60.520050,-6.714018,1.043797,60.519482,-5.122425,1.047312,60.518764,-5.338729,1.046604,60.518784,-5.946659,1.056175,60.519933,-1.094904,0.997073,60.520185,-2.156593,1.045137,60.519418,-3.253330,1.061117,60.519298,0.399367,1.057180,60.519304,0.061859,1.049375,60.519479,-5.110459,1.065877,60.514534,1.715537,1.062929,60.516047,-1.844814,1.050364,60.517334,-4.455521,1.060454,60.515080,0.801908,1.058620,60.514689,3.094526,1.049419,60.512760,2.937362,0.980113,60.523002,-0.783048,0.983163,60.522733,1.464354,0.996799,60.520047,3.315692,1.014195,60.520388,2.215389,1.055219,60.519165,4.769715,1.071598,60.519095,6.082595,1.028738,60.513659,7.416177,1.029236,60.513778,9.047980,1.037424,60.519914,-5.927038,1.008679,1.008782,1.008753,1.008685,1.008681,1.008528,1.008510,1.008439,-36.953405,0.000000,4.941833,13.836347,4.961677,21.288292,24.518065,-30.529319,0.000000,447.800150,209.391350,467.503357,6.717002,286.592096,294.652499,141.504847,562.436988,245.394482,221.661074,276.382253,200.614467,124.488442,251.663684,184.493662,253.902685,8.239523,988.742731,0.000000,164.790455,75.230425,157.625653,78.812826,137.026846,28.927890,26.868009,92.246831,102.994034,75.767785,-82.574348,42.272334,15.225205,67.617823,24.718568,24.091648,4.119761,223.900075
9.360000,1.058439,60.518142,-3.187029,1.070286,60.515023,1.228621,0.000000,60.000000,0.000000,0.999776,60.521776,-9.187580,1.007049,60.521973,-7.987201,1.009909,60.522045,-7.407510,1.001072,60.521908,-9.128169,1.000418,60.521834,-9.456536,1.034341,60.520772,-7.373425,1.019482,60.522073,-5.288056,1.015201,60.522059,-6.008465,1.004715,60.521990,-5.979744,1.016681,60.521920,-5.857344,1.013532,60.521545,-7.181307,1.025684,60.520368,-6.701668,1.043901,60.519835,-5.114011,1.047434,60.519136,-5.335404,1.046726,60.519155,-5.943196,1.056261,60.520309,-1.083136,0.997149,60.520570,-2.142968,1.045245,60.519775,-3.245362,1.061228,60.519663,0.406510,1.057291,60.519669,0.069043,1.049480,60.519831,-5.102071,1.065964,60.515036,1.688955,1.063092,60.516496,-1.860725,1.050516,60.517746,-4.462327,1.060656,60.515548,0.779112,1.058828,60.515164,3.068945,1.049434,60.513370,2.898476,0.980124,60.523176,-0.750070,0.983170,60.522936,1.495522,0.996871,60.520433,3.328329,1.014265,60.520792,2.230565,1.055327,60.519540,4.775945,1.071709,60.519475,6.088342,1.028802,60.514190,7.383422,1.029441,60.514269,9.015906,1.037443,60.520068,-5.916416,1.008681,1.008783,1.008756,1.008692,1.008690,1.008537,1.008518,1.008454,-36.997710,0.000000,4.929637,13.795618,4.919552,21.180076,24.401973,-30.674559,0.000000,447.800150,209.391350,467.503357,6.717002,286.592096,294.652499,141.504847,562.436988,245.394482,221.661074,276.382253,200.614467,124.488442,251.663684,184.493662,253.902685,8.239523,988.742731,0.000000,164.790455,75.230425,157.625653,78.812826,137.026846,28.927890,26.868009,92.246831,102.994034,75.767785,-82.574348,42.272334,15.225205,67.617823,24.718568,24.091648,4.119761,223.900075
9.380000,1.058497,60.518449,-3.191378,1.070342,60.515583,1.202933,0.000000,60.000000,0.000000,0.999809,60.521964,-9.166271,1.007073,60.522143,-7.964552,1.009931,60.522213,-7.384352,1.001095,60.522073,-9.106013,1.000441,60.521999,-9.434911,1.034363,60.520929,-7.359494,1.019506,60.522252,-5.264644,1.015224,60.522235,-5.985170,1.004741,60.522172,-5.956920,1.016710,60.522108,-5.834995,1.013573,60.521756,-7.161554,1.025767,60.520666,-6.690006,1.043997,60.520172,-5.106016,1.047547,60.519503,-5.332313,1.046840,60.519520,-5.939975,1.056340,60.520660,-1.071659,0.997221,60.520926,-2.129587,1.045345,60.520117,-3.237779,1.061329,60.520015,0.413334,1.057393,60.520020,0.075903,1.049577,60.520169,-5.094101,1.066047,60.515592,1.663345,1.063248,60.516975,-1.876158,1.050661,60.518171,-4.468993,1.060853,60.516054,0.756973,1.059032,60.515682,3.044090,1.049449,60.514059,2.861455,0.980131,60.523295,-0.718978,0.983175,60.523086,1.525023,0.996937,60.520790,3.340727,1.014332,60.521163,2.245614,1.055425,60.519903,4.781932,1.071810,60.519843,6.093881,1.028862,60.514788,7.351904,1.029643,60.514811,8.984714,1.037461,60.520220,-5.907583,1.008683,1.008783,1.008758,1.008698,1.008698,1.008548,1.008528,1.008472,-37.041529,0.000000,4.918147,13.757325,4.880833,21.075867,24.289499,-30.812937,0.000000,447.800150,209.391350,467.503357,6.717002,286.592096,294.652499,141.504847,562.436988,245.394482,221.661074,276.382253,200.614467,124.488442,251.663684,184.493662,253.902685,8.239523,988.742731,0.000000,164.790455,75.230425,157.625653,78.812826,137.026846,28.927890,26.868009,92.246831,102.994034,75.767785,-82.574348,42.272334,15.225205,67.617823,24.718568,24.091648,4.119761,223.900075
9.400000,1.058550,60.518776,-3.196310,1.070393,60.516196,1.178631,0.000000,60.000000,0.000000,0.999837,60.522118,-9.146649,1.007092,60.522277,-7.943730,1.009948,60.522343,-7.363043,1.001113,60.522204,-9.085710,1.000460,60.522131,-9.415136,1.034383,60.521072,-7.347384,1.019525,60.522392,-5.243005,1.015243,60.522372,-5.963671,1.004763,60.522316,-5.935844,1.016733,60.522259,-5.814346,1.013609,60.521935,-7.143316,1.025842,60.520944,-6.679179,1.044085,60.520494,-5.098547,1.047652,60.519863,-5.329498,1.046946,60.519879,-5.937040,1.056412,60.520988,-1.060647,0.997286,60.521254,-2.116658,1.045436,60.520444,-3.230686,1.061421,60.520353,0.419739,1.057484,60.520357,0.082340,1.049665,60.520491,-5.086655,1.066124,60.516199,1.639085,1.063396,60.517481,-1.890906,1.050796,60.518609,-4.475428,1.061042,60.516597,0.735759,1.059228,60.516239,3.020257,1.049461,60.514822,2.826847,0.980135,60.523362,-0.690152,0.983176,60.523184,1.552483,0.996999,60.521120,3.352689,1.014393,60.521499,2.260290,1.055514,60.520252,4.787583,1.071899,60.520198,6.099125,1.028919,60.515448,7.322086,1.029839,60.515402,8.954759,1.037477,60.520370,-5.900555,1.008685,1.008781,1.008758,1.008703,1.008705,1.008560,1.008539,1.008493,-37.084143,0.000000,4.907493,13.721925,4.845900,20.977132,24.181978,-30.942526,0.000000,447.800150,209.391350,467.503357,6.717002,286.592096,294.652499,141.504847,562.436988,245.394482,221.661074,276.382253,200.614467,124.488442,251.663684,184.493662,253.902685,8.239523,988.742731,0.000000,164.790455,75.230425,157.625653,78.812826,137.026846,28.927890,26.868009,92.246831,102.994034,75.767785,-82.574348,42.272334,15.225205,67.617823,24.718568,24.091648,4.119761,223.900075
9.420000,1.058598,60.519120,-3.201689,1.070440,60.516857,1.156082,0.000000,60.000000,0.000000,0.999860,60.522240,-9.128939,1.007106,60.522378,-7.924972,1.009961,60.522439,-7.343828,1.001128,60.522303,-9.067486,1.000475,60.522232,-9.397427,1.034400,60.521202,-7.337183,1.019539,60.522497,-5.223398,1.015257,60.522474,-5.944222,1.004780,60.522425,-5.916765,1.016752,60.522376,-5.795641,1.013639,60.522083,-7.126807,1.025908,60.521201,-6.669322,1.044163,60.520802,-5.091703,1.047748,60.520217,-5.326994,1.047042,60.520232,-5.934427,1.056477,60.521291,-1.050266,0.997345,60.521553,-2.104378,1.045517,60.520757,-3.224179,1.061502,60.520676,0.425634,1.057565,60.520680,0.088261,1.049744,60.520799,-5.079832,1.066195,60.516853,1.616531,1.063534,60.518013,-1.904770,1.050922,60.519056,-4.481544,1.061222,60.517174,0.715731,1.059416,60.516834,2.997731,1.049472,60.515652,2.795158,0.980136,60.523380,-0.663943,0.983175,60.523235,1.577557,0.997054,60.521423,3.364027,1.014450,60.521803,2.274363,1.055592,60.520588,4.792812,1.071977,60.520540,6.103988,1.028971,60.516165,7.294401,1.030028,60.516039,8.926386,1.037492,60.520518,-5.895334,1.008686,1.008778,1.008757,1.008708,1.008711,1.008574,1.008551,1.008516,-37.124870,0.000000,4.897791,13.689839,4.815083,20.885258,24.080680,-31.061539,0.000000,447.800150,209.391350,467.503357,6.717002,286.592096,294.652499,141.504847,562.436988,245.394482,221.661074,276.382253,200.614467,124.488442,251.663684,184.493662,253.902685,8.239523,988.742731,0.000000,164.790455,75.230425,157.625653,78.812826,137.026846,28.927890,26.868009,92.246831,102.994034,75.767785,-82.574348,42.272334,15.225205,67.617823,24.718568,24.091648,4.119761,223.900075
9.440000,1.058640,60.519480,-3.207379,1.070482,60.517560,1.135624,0.000000,60.000000,0.000000,0.999879,60.522333,-9.113344,1.007117,60.522448,-7.908491,1.009971,60.522504,-7.326927,1.001138,60.522373,-9.051542,1.000486,60.522306,-9.381977,1.034414,60.521320,-7.328962,1.019551,60.522568,-5.206053,1.015268,60.522543,-5.927048,1.004793,60.522503,-5.899907,1.016767,60.522462,-5.779100,1.013664,60.522204,-7.112220,1.025967,60.521440,-6.660554,1.044233,60.521095,-5.085573,1.047833,60.520565,-5.324833,1.047128,60.520577,-5.932168,1.056535,60.521570,-1.040670,0.997398,60.521824,-2.092930,1.045588,60.521056,-3.218345,1.061572,60.520986,0.430936,1.057635,60.520989,0.093583,1.049813,60.521092,-5.073722,1.066259,60.517548,1.596008,1.063661,60.518567,-1.917566,1.051036,60.519512,-4.487260,1.061390,60.517782,0.697134,1.059592,60.517463,2.976782,1.049480,60.516540,2.766848,0.980134,60.523354,-0.640667,0.983172,60.523242,1.599937,0.997103,60.521700,3.374566,1.014501,60.522074,2.287611,1.055659,60.520911,4.797538,1.072043,60.520869,6.108394,1.029017,60.516933,7.269248,1.030207,60.516717,8.899924,1.037505,60.520666,-5.891907,1.008688,1.008773,1.008754,1.008712,1.008717,1.008589,1.008565,1.008541,-37.163070,0.000000,4.889147,13.661443,4.788663,20.801524,23.986797,-31.168348,0.000000,447.800150,209.391350,467.503357,6.717002,286.592096,294.652499,141.504847,562.436988,245.394482,221.661074,276.382253,200.614467,124.488442,251.663684,184.493662,253.902685,8.239523,988.742731,0.000000,164.790455,75.230425,157.625653,78.812826,137.026846,28.927890,26.868009,92.246831,102.994034,75.767785,-82.574348,42.272334,15.225205,67.617823,24.718568,24.091648,4.119761,223.900075
9.460000,1.058675,60.519854,-3.213251,1.070517,60.518299,1.117556,0.000000,60.000000,0.000000,0.999893,60.522400,-9.100035,1.007125,60.522490,-7.894467,1.009978,60.522540,-7.312527,1.001146,60.522417,-9.038048,1.000494,60.522354,-9.368949,1.034426,60.521428,-7.322770,1.019558,60.522609,-5.191169,1.015275,60.522583,-5.912346,1.004802,60.522551,-5.885461,1.016778,60.522518,-5.764913,1.013684,60.522298,-7.099721,1.026016,60.521662,-6.652982,1.044292,60.521373,-5.080236,1.047907,60.520905,-5.323038,1.047202,60.520916,-5.930289,1.056584,60.521828,-1.031999,0.997444,60.522069,-2.082483,1.045648,60.521341,-3.213259,1.061631,60.521282,0.435569,1.057694,60.521284,0.098233,1.049873,60.521371,-5.068402,1.066314,60.518277,1.577811,1.063775,60.519139,-1.929125,1.051137,60.519975,-4.492495,1.061546,60.518416,0.680198,1.059755,60.518123,2.957665,1.049484,60.517477,2.742322,0.980131,60.523288,-0.620597,0.983168,60.523209,1.619348,0.997145,60.521951,3.384144,1.014546,60.522313,2.299832,1.055715,60.521220,4.801690,1.072097,60.521185,6.112274,1.029056,60.517744,7.246985,1.030374,60.517433,8.875682,1.037517,60.520814,-5.890252,1.008689,1.008766,1.008750,1.008715,1.008721,1.008606,1.008579,1.008568,-37.198155,0.000000,4.881651,13.637067,4.766866,20.727093,23.901432,-31.261510,0.000000,447.800150,209.391350,467.503357,6.717002,286.592096,294.652499,141.504847,562.436988,245.394482,221.661074,276.382253,200.614467,124.488442,251.663684,184.493662,253.902685,8.239523,988.742731,0.000000,164.790455,75.230425,157.625653,78.812826,137.026846,28.927890,26.868009,92.246831,102.994034,75.767785,-82.574348,42.272334,15.225205,67.617823,24.718568,24.091648,4.119761,223.900075
9.480000,1.058703,60.520239,-3.219182,1.070546,60.519067,1.102141,0.000000,60.000000,0.000000,0.999903,60.522443,-9.089156,1.007130,60.522509,-7.883052,1.009981,60.522551,-7.300784,1.001150,60.522438,-9.027146,1.000499,60.522381,-9.358477,1.034436,60.521528,-7.318640,1.019563,60.522624,-5.178914,1.015279,60.522597,-5.900278,1.004808,60.522573,-5.873590,1.016785,60.522549,-5.753239,1.013699,60.522370,-7.089448,1.026056,60.521867,-6.646692,1.044341,60.521639,-5.075755,1.047970,60.521238,-5.321630,1.047266,60.521247,-5.928809,1.056626,60.522064,-1.024375,0.997484,60.522290,-2.073188,1.045697,60.521612,-3.208988,1.061678,60.521565,0.439473,1.057741,60.521567,0.102148,1.049922,60.521637,-5.063936,1.066359,60.519035,1.562195,1.063875,60.519727,-1.939293,1.051225,60.520443,-4.497178,1.061686,60.519074,0.665132,1.059904,60.518808,2.940610,1.049485,60.518454,2.721923,0.980126,60.523187,-0.603967,0.983162,60.523141,1.635559,0.997181,60.522179,3.392621,1.014586,60.522524,2.310843,1.055760,60.521517,4.805207,1.072138,60.521488,6.115568,1.029087,60.518591,7.227925,1.030529,60.518182,8.853944,1.037526,60.520963,-5.890332,1.008691,1.008759,1.008746,1.008718,1.008725,1.008623,1.008595,1.008596,-37.229596,0.000000,4.875380,13.616991,4.749863,20.662992,23.825580,-31.339783,0.000000,447.800150,209.391350,467.503357,6.717002,286.592096,294.652499,141.504847,562.436988,245.394482,221.661074,276.382253,200.614467,124.488442,251.663684,184.493662,253.902685,8.239523,988.742731,0.000000,164.790455,75.230425,157.625653,78.812826,137.026846,28.927890,26.868009,92.246831,102.994034,75.767785,-82.574348,42.272334,15.225205,67.617823,24.718568,24.091648,4.119761,223.900075
9.500000,1.058724,60.520634,-3.225060,1.070567,60.519857,1.089598,0.000000,60.000000,0.000000,0.999910,60.522467,-9.080821,1.007132,60.522506,-7.874362,1.009983,60.522542,-7.291820,1.001152,60.522440,-9.018944,1.000501,60.522389,-9.350662,1.034443,60.521622,-7.316583,1.019565,60.522616,-5.169422,1.015281,60.522589,-5.890975,1.004811,60.522574,-5.864420,1.016790,60.522559,-5.744204,1.013710,60.522422,-7.081512,1.026088,60.522058,-6.641755,1.044380,60.521892,-5.072185,1.048022,60.521563,-5.320622,1.047317,60.521571,-5.927742,1.056660,60.522280,-1.017905,0.997516,60.522487,-2.065174,1.045735,60.521871,-3.205583,1.061714,60.521836,0.442595,1.057776,60.521837,0.105277,1.049960,60.521890,-5.060379,1.066394,60.519815,1.549376,1.063960,60.520327,-1.947936,1.051299,60.520914,-4.501245,1.061810,60.519750,0.652124,1.060037,60.519515,2.925827,1.049481,60.519460,2.705932,0.980120,60.523057,-0.590963,0.983157,60.523044,1.648379,0.997209,60.522385,3.399874,1.014620,60.522707,2.320481,1.055794,60.521801,4.808039,1.072167,60.521779,6.118225,1.029110,60.519466,7.212333,1.030669,60.518960,8.834969,1.037534,60.521113,-5.892098,1.008692,1.008750,1.008740,1.008720,1.008728,1.008641,1.008611,1.008625,-37.256926,0.000000,4.870393,13.601442,4.737769,20.610098,23.760125,-31.402146,0.000000,447.800150,209.391350,467.503357,6.717002,286.592096,294.652499,141.504847,562.436988,245.394482,221.661074,276.382253,200.614467,124.488442,251.663684,184.493662,253.902685,8.239523,988.742731,0.000000,164.790455,75.230425,157.625653,78.812826,137.026846,28.927890,26.868009,92.246831,102.994034,75.767785,-82.574348,42.272334,15.225205,67.617823,24.718568,24.091648,4.119761,223.900075
9.520000,1.058737,60.521034,-3.230785,1.070580,60.520661,1.080096,0.000000,60.000000,0.000000,0.999913,60.522471,-9.075115,1.007132,60.522485,-7.868487,1.009982,60.522512,-7.285726,1.001152,60.522424,-9.013522,1.000502,60.522380,-9.345580,1.034448,60.521710,-7.316594,1.019565,60.522586,-5.162795,1.015281,60.522561,-5.884534,1.004812,60.522554,-5.858051,1.016791,60.522547,-5.737905,1.013717,60.522455,-7.075998,1.026111,60.522230,-6.638231,1.044409,60.522126,-5.069576,1.048061,60.521876,-5.320029,1.047356,60.521881,-5.927105,1.056685,60.522475,-1.012682,0.997541,60.522660,-2.058556,1.045761,60.522111,-3.203096,1.061738,60.522086,0.444880,1.057799,60.522085,0.107561,1.049988,60.522124,-5.057782,1.066419,60.520609,1.539524,1.064029,60.520931,-1.954946,1.051358,60.521380,-4.504646,1.061917,60.520438,0.641330,1.060152,60.520237,2.913493,1.049472,60.520485,2.694560,0.980114,60.522901,-0.581727,0.983151,60.522920,1.657662,0.997231,60.522568,3.405796,1.014648,60.522864,2.328608,1.055816,60.522064,4.810130,1.072183,60.522043,6.120177,1.029125,60.520360,7.200419,1.030793,60.519759,8.818982,1.037539,60.521265,-5.895492,1.008694,1.008741,1.008734,1.008721,1.008730,1.008660,1.008629,1.008655,-37.279753,0.000000,4.866737,13.590593,4.730644,20.569129,23.705821,-31.447808,0.000000,447.800150,209.391350,467.503357,6.717002,286.592096,294.652499,141.504847,562.436988,245.394482,221.661074,276.382253,200.614467,124.488442,251.663684,184.493662,253.902685,8.239523,988.742731,0.000000,164.790455,75.230425,157.625653,78.812826,137.026846,28.927890,26.868009,92.246831,102.994035,75.767785,-82.574348,42.272334,15.225205,67.617823,24.718568,24.091648,4.119761,223.900075
9.540000,1.058741,60.521432,-3.236303,1.070584,60.521459,1.073688,0.000000,60.000000,0.000000,0.999912,60.522430,-9.072280,1.007129,60.522424,-7.865636,1.009978,60.522443,-7.282713,1.001149,60.522371,-9.011075,1.000499,60.522334,-9.343415,1.034450,60.521783,-7.318714,1.019562,60.522514,-5.159263,1.015278,60.522490,-5.881181,1.004810,60.522490,-5.854715,1.016790,60.522491,-5.734586,1.013718,60.522437,-7.073178,1.026123,60.522332,-6.636502,1.044425,60.522283,-5.068351,1.048086,60.522121,-5.320209,1.047382,60.522124,-5.927256,1.056701,60.522609,-1.009028,0.997559,60.522778,-2.053637,1.045776,60.522251,-3.202069,1.061749,60.522216,0.445674,1.057810,60.522198,0.108259,1.050004,60.522273,-5.056615,1.066431,60.521394,1.532678,1.064080,60.521506,-1.960429,1.051399,60.521799,-4.507605,1.062004,60.521110,0.632735,1.060247,60.520948,2.903626,1.049457,60.521508,2.687900,0.980108,60.522710,-0.576451,0.983145,60.522757,1.663200,0.997244,60.522700,3.410123,1.014669,60.522971,2.334957,1.055824,60.522209,4.810842,1.072185,60.522092,6.120244,1.029129,60.521255,7.192281,1.030898,60.520559,8.806080,1.037543,60.521416,-5.900457,1.008695,1.008731,1.008727,1.008723,1.008732,1.008680,1.008646,1.008685,-37.297754,0.000000,4.864439,13.584558,4.728490,20.540635,23.663289,-31.476220,0.000000,447.800150,209.391350,467.503357,6.717002,286.592096,294.652499,141.504847,562.436988,245.394482,221.661074,276.382253,200.614467,124.488442,251.663684,184.493662,253.902685,8.239523,988.742731,0.000000,164.790455,75.230425,157.625653,78.812826,137.026846,28.927890,26.868009,92.246831,102.994035,75.767785,-82.574348,42.272334,15.225205,67.617823,24.718568,24.091648,4.119761,223.900075
9.560000,1.058738,60.521835,-3.241529,1.070580,60.522262,1.070459,0.000000,60.000000,0.000000,0.999910,60.522399,-9.072275,1.007125,60.522370,-7.865777,1.009974,60.522381,-7.282751,1.001146,60.522324,-9.011564,1.000496,60.522296,-9.344128,1.034450,60.521861,-7.322876,1.019558,60.522448,-5.158809,1.015274,60.522425,-5.880892,1.004806,60.522433,-5.854388,1.016787,60.522442,-5.734221,1.013717,60.522431,-7.073010,1.026128,60.522459,-6.636492,1.044433,60.522469,-5.068428,1.048100,60.522392,-5.321071,1.047396,60.522394,-5.928101,1.056709,60.522751,-1.006949,0.997569,60.522897,-2.050443,1.045781,60.522432,-3.202399,1.061751,60.522396,0.445085,1.057811,60.522371,0.107507,1.050011,60.522455,-5.056785,1.066431,60.522186,1.528929,1.064114,60.522098,-1.964273,1.051426,60.522240,-4.510018,1.062071,60.521800,0.626478,1.060322,60.521677,2.896376,1.049436,60.522532,2.686020,0.980102,60.522515,-0.575162,0.983140,60.522591,1.664961,0.997252,60.522830,3.412805,1.014684,60.523071,2.339456,1.055823,60.522400,4.810251,1.072178,60.522245,6.118630,1.029123,60.522155,7.188021,1.030985,60.521378,8.796438,1.037544,60.521572,-5.906911,1.008696,1.008720,1.008720,1.008723,1.008732,1.008699,1.008665,1.008716,-37.310686,0.000000,4.863511,13.583392,4.731252,20.524989,23.633008,-31.487078,0.000000,447.800150,209.391350,467.503357,6.717002,286.592096,294.652499,141.504847,562.436988,245.394482,221.661074,276.382253,200.614467,124.488442,251.663684,184.493662,253.902685,8.239523,988.742731,0.000000,164.790455,75.230425,157.625653,78.812826,137.026846,28.927890,26.868009,92.246831,102.994035,75.767785,-82.574348,42.272334,15.225205,67.617823,24.718568,24.091648,4.119761,223.900075
9.580000,1.058727,60.522236,-3.246386,1.070566,60.523057,1.070456,0.000000,60.000000,0.000000,0.999905,60.522365,-9.075025,1.007121,60.522313,-7.868843,1.009970,60.522315,-7.285776,1.001142,60.522276,-9.014919,1.000492,60.522256,-9.347646,1.034449,60.521940,-7.328992,1.019554,60.522378,-5.161371,1.015270,60.522357,-5.883607,1.004802,60.522373,-5.857007,1.016783,60.522390,-5.736744,1.013713,60.522422,-7.075419,1.026126,60.522583,-6.638099,1.044432,60.522652,-5.069695,1.048104,60.522661,-5.322504,1.047400,60.522661,-5.929531,1.056711,60.522885,-1.006403,0.997574,60.523006,-2.048960,1.045777,60.522614,-3.203939,1.061745,60.522579,0.443292,1.057803,60.522549,0.105507,1.050009,60.522636,-5.058165,1.066418,60.522971,1.528334,1.064131,60.522688,-1.966382,1.051437,60.522679,-4.511783,1.062118,60.522491,0.622678,1.060377,60.522408,2.891870,1.049409,60.523541,2.688929,0.980098,60.522315,-0.577823,0.983137,60.522419,1.662974,0.997253,60.522950,3.413855,1.014695,60.523155,2.342081,1.055814,60.522592,4.808526,1.072163,60.522411,6.115668,1.029108,60.523049,7.187694,1.031053,60.522203,8.790201,1.037543,60.521731,-5.914752,1.008698,1.008710,1.008712,1.008724,1.008733,1.008719,1.008683,1.008746,-37.318378,0.000000,4.863947,13.587083,4.738817,20.522387,23.615310,-31.480329,0.000000,447.800150,209.391350,467.503357,6.717002,286.592096,294.652499,141.504847,562.436988,245.394482,221.661074,276.382253,200.614467,124.488442,251.663684,184.493662,253.902685,8.239523,988.742731,0.000000,164.790455,75.230425,157.625653,78.812826,137.026846,28.927890,26.868009,92.246831,102.994035,75.767785,-82.574348,42.272334,15.225205,67.617823,24.718568,24.091648,4.119761,223.900075
9.600000,1.058707,60.522632,-3.250814,1.070543,60.523835,1.073664,0.000000,60.000000,0.000000,0.999900,60.522331,-9.080463,1.007116,60.522256,-7.874762,1.009966,60.522249,-7.291717,1.001138,60.522227,-9.021067,1.000488,60.522216,-9.353894,1.034446,60.522022,-7.336967,1.019550,60.522306,-5.166886,1.015266,60.522288,-5.889257,1.004797,60.522312,-5.862506,1.016778,60.522336,-5.742092,1.013708,60.522411,-7.080341,1.026118,60.522703,-6.641273,1.044423,60.522830,-5.072107,1.048096,60.522924,-5.324468,1.047392,60.522922,-5.931504,1.056706,60.523010,-1.007376,0.997573,60.523103,-2.049188,1.045765,60.522790,-3.206638,1.061729,60.522758,0.440355,1.057788,60.522722,0.102327,1.049999,60.522811,-5.060707,1.066394,60.523741,1.530886,1.064131,60.523268,-1.966723,1.051432,60.523109,-4.512865,1.062144,60.523177,0.621391,1.060411,60.523135,2.890173,1.049376,60.524526,2.696561,0.980096,60.522116,-0.584362,0.983136,60.522245,1.657296,0.997248,60.523059,3.413276,1.014700,60.523226,2.342810,1.055797,60.522780,4.805726,1.072139,60.522576,6.111457,1.029082,60.523925,7.191288,1.031100,60.523026,8.787459,1.037540,60.521893,-5.923874,1.008700,1.008699,1.008705,1.008724,1.008732,1.008738,1.008702,1.008775,-37.320741,0.000000,4.865728,13.595565,4.751018,20.532843,23.610372,-31.456165,0.000000,447.800150,209.391350,467.503357,6.717002,286.592096,294.652499,141.504847,562.436988,245.394482,221.661074,276.382253,200.614467,124.488442,251.663684,184.493662,253.902685,8.239523,988.742731,0.000000,164.790455,75.230425,157.625653,78.812826,137.026846,28.927890,26.868009,92.246831,102.994035,75.767785,-82.574348,42.272334,15.225205,67.617823,24.718568,24.091648,4.119761,223.900075
9.620000,1.058679,60.523022,-3.254766,1.070511,60.524588,1.080016,0.000000,60.000000,0.000000,0.999894,60.522298,-9.088492,1.007112,60.522201,-7.883432,1.009962,60.522187,-7.300470,1.001133,60.522182,-9.029903,1.000484,60.522180,-9.362768,1.034441,60.522107,-7.346690,1.019547,60.522238,-5.175254,1.015262,60.522222,-5.897744,1.004793,60.522254,-5.870789,1.016773,60.522285,-5.750169,1.013700,60.522401,-7.087689,1.026102,60.522819,-6.645953,1.044405,60.523002,-5.075616,1.048077,60.523180,-5.326924,1.047373,60.523176,-5.933982,1.056694,60.523127,-1.009837,0.997566,60.523192,-2.051106,1.045745,60.522961,-3.210442,1.061706,60.522932,0.436332,1.057764,60.522892,0.098029,1.049981,60.522981,-5.064361,1.066357,60.524488,1.536531,1.064113,60.523835,-1.965293,1.051412,60.523529,-4.513245,1.062149,60.523851,0.622639,1.060423,60.523852,2.891316,1.049336,60.525475,2.708777,0.980096,60.521924,-0.594660,0.983137,60.522076,1.648032,0.997238,60.523160,3.411093,1.014700,60.523287,2.341651,1.055772,60.522963,4.801906,1.072108,60.522739,6.106076,1.029046,60.524777,7.198735,1.031126,60.523841,8.788259,1.037535,60.522060,-5.934160,1.008701,1.008688,1.008697,1.008724,1.008732,1.008757,1.008721,1.008803,-37.317765,0.000000,4.868814,13.608711,4.767641,20.556191,23.618220,-31.415025,0.000000,447.800150,209.391350,467.503357,6.717002,286.592096,294.652499,141.504847,562.436988,245.394482,221.661074,276.382253,200.614467,124.488442,251.663684,184.493662,253.902685,8.239523,988.742731,0.000000,164.790455,75.230425,157.625653,78.812826,137.026846,28.927890,26.868009,92.246831,102.994035,75.767785,-82.574348,42.272334,15.225205,67.617823,24.718568,24.091648,4.119761,223.900075
9.640000,1.058644,60.523402,-3.258210,1.070468,60.525310,1.089400,0.000000,60.000000,0.000000,0.999888,60.522272,-9.098988,1.007108,60.522154,-7.894719,1.009959,60.522131,-7.311900,1.001130,60.522143,-9.041291,1.000480,60.522150,-9.374131,1.034435,60.522198,-7.358032,1.019543,60.522176,-5.186344,1.015258,60.522163,-5.908934,1.004789,60.522201,-5.881724,1.016768,60.522239,-5.760849,1.013691,60.522396,-7.097348,1.026080,60.522933,-6.652065,1.044379,60.523170,-5.080164,1.048048,60.523427,-5.329833,1.047343,60.523422,-5.936923,1.056675,60.523238,-1.013740,0.997554,60.523274,-2.054671,1.045716,60.523128,-3.215288,1.061675,60.523102,0.431288,1.057732,60.523059,0.092682,1.049954,60.523147,-5.069066,1.066309,60.525205,1.545167,1.064077,60.524384,-1.962116,1.051377,60.523936,-4.512915,1.062133,60.524508,0.626410,1.060414,60.524552,2.895291,1.049288,60.526378,2.725370,0.980099,60.521743,-0.608552,0.983141,60.521916,1.635330,0.997222,60.523255,3.407354,1.014695,60.523340,2.338638,1.055739,60.523143,4.797131,1.072070,60.522902,6.099612,1.029000,60.525594,7.209909,1.031132,60.524641,8.792605,1.037528,60.522230,-5.945486,1.008703,1.008678,1.008690,1.008724,1.008731,1.008775,1.008740,1.008829,-37.309518,0.000000,4.873154,13.626341,4.788423,20.592089,23.638726,-31.357581,0.000000,447.800150,209.391350,467.503357,6.717002,286.592096,294.652499,141.504847,562.436988,245.394482,221.661074,276.382253,200.614467,124.488442,251.663684,184.493662,253.902685,8.239523,988.742731,0.000000,164.790455,75.230425,157.625653,78.812826,137.026846,28.927890,26.868009,92.246831,102.994035,75.767785,-82.574348,42.272334,15.225205,67.617823,24.718568,24.091648,4.119761,223.900075
9.660000,1.058600,60.523770,-3.261128,1.070417,60.525993,1.101654,0.000000,60.000000,0.000000,0.999880,60.522254,-9.111794,1.007105,60.522117,-7.908458,1.009956,60.522086,-7.325840,1.001126,60.522115,-9.055068,1.000476,60.522130,-9.387822,1.034428,60.522295,-7.370850,1.019540,60.522124,-5.199992,1.015255,60.522114,-5.922662,1.004784,60.522159,-5.895150,1.016763,60.522203,-5.773971,1.013680,60.522397,-7.109172,1.026052,60.523046,-6.659514,1.044345,60.523333,-5.085679,1.048008,60.523667,-5.333147,1.047303,60.523661,-5.940283,1.056651,60.523346,-1.019012,0.997536,60.523353,-2.059816,1.045680,60.523292,-3.221101,1.061636,60.523270,0.425304,1.057692,60.523223,0.086370,1.049920,60.523310,-5.074749,1.066248,60.525885,1.556649,1.064024,60.524911,-1.957239,1.051327,60.524327,-4.511882,1.062095,60.525143,0.632662,1.060382,60.525230,2.902056,1.049234,60.527227,2.746068,0.980104,60.521579,-0.625828,0.983147,60.521770,1.619384,0.997200,60.523347,3.402127,1.014685,60.523390,2.333836,1.055699,60.523319,4.791478,1.072024,60.523065,6.092162,1.028945,60.526370,7.224630,1.031115,60.525419,8.800460,1.037519,60.522405,-5.957719,1.008705,1.008668,1.008683,1.008724,1.008730,1.008793,1.008759,1.008854,-37.296143,0.000000,4.878681,13.648226,4.813062,20.640025,23.671607,-31.284732,0.000000,447.800150,209.391350,467.503357,6.717002,286.592096,294.652499,141.504847,562.436988,245.394482,221.661074,276.382253,200.614467,124.488442,251.663684,184.493662,253.902685,8.239523,988.742731,0.000000,164.790455,75.230425,157.625653,78.812826,137.026846,28.927890,26.868009,92.246831,102.994035,75.767785,-82.574348,42.272334,15.225205,67.617823,24.718568,24.091648,4.119761,223.900075
9.680000,1.058549,60.524123,-3.263513,1.070355,60.526632,1.116578,0.000000,60.000000,0.000000,0.999872,60.522248,-9.126729,1.007102,60.522094,-7.924453,1.009954,60.522056,-7.342090,1.001123,60.522101,-9.071039,1.000473,60.522124,-9.403649,1.034420,60.522400,-7.384984,1.019538,60.522087,-5.216000,1.015253,60.522080,-5.938731,1.004781,60.522130,-5.910873,1.016758,60.522180,-5.789349,1.013668,60.522409,-7.122993,1.026017,60.523161,-6.668191,1.044304,60.523495,-5.092078,1.047958,60.523900,-5.336817,1.047253,60.523891,-5.944010,1.056620,60.523453,-1.025567,0.997513,60.523431,-2.066450,1.045636,60.523454,-3.227794,1.061589,60.523436,0.418467,1.057645,60.523386,0.079185,1.049878,60.523470,-5.081326,1.066175,60.526523,1.570792,1.063954,60.525413,-1.950731,1.051262,60.524701,-4.510159,1.062036,60.525751,0.641319,1.060329,60.525881,2.911535,1.049172,60.528011,2.770542,0.980111,60.521438,-0.646237,0.983155,60.521645,1.600428,0.997174,60.523438,3.395506,1.014671,60.523438,2.327334,1.055651,60.523493,4.785034,1.071971,60.523228,6.083835,1.028879,60.527097,7.242670,1.031078,60.526169,8.811745,1.037508,60.522584,-5.970725,1.008707,1.008660,1.008676,1.008724,1.008728,1.008809,1.008777,1.008877,-37.277856,0.000000,4.885317,13.674085,4.841218,20.699326,23.716435,-31.197584,0.000000,447.800150,209.391350,467.503357,6.717002,286.592096,294.652499,141.504847,562.436988,245.394482,221.661074,276.382253,200.614467,124.488442,251.663684,184.493662,253.902685,8.239523,988.742731,0.000000,164.790455,75.230425,157.625653,78.812826,137.026846,28.927890,26.868009,92.246831,102.994035,75.767785,-82.574348,42.272334,15.225205,67.617823,24.718568,24.091648,4.119761,223.900075
9.700000,1.058492,60.524460,-3.265371,1.070284,60.527219,1.133932,0.000000,60.000000,0.000000,0.999864,60.522256,-9.143585,1.007100,60.522088,-7.942484,1.009953,60.522043,-7.360426,1.001121,60.522102,-9.088985,1.000469,60.522133,-9.421397,1.034410,60.522514,-7.400265,1.019536,60.522067,-5.234144,1.015251,60.522062,-5.956916,1.004777,60.522117,-5.928673,1.016753,60.522173,-5.806764,1.013654,60.522433,-7.138616,1.025977,60.523279,-6.677972,1.044255,60.523654,-5.099268,1.047899,60.524125,-5.340790,1.047193,60.524115,-5.948051,1.056583,60.523560,-1.033295,0.997485,60.523510,-2.074459,1.045584,60.523615,-3.235269,1.061536,60.523601,0.410880,1.057592,60.523549,0.071232,1.049829,60.523628,-5.088699,1.066091,60.527113,1.587371,1.063868,60.525885,-1.942688,1.051183,60.525056,-4.507773,1.061957,60.526328,0.652275,1.060254,60.526500,2.923617,1.049103,60.528725,2.798406,0.980122,60.521323,-0.669487,0.983166,60.521544,1.578733,0.997142,60.523530,3.387603,1.014652,60.523490,2.319249,1.055598,60.523666,4.777894,1.071913,60.523393,6.074748,1.028804,60.527768,7.263754,1.031019,60.526885,8.826337,1.037496,60.522768,-5.984363,1.008710,1.008651,1.008670,1.008724,1.008727,1.008825,1.008794,1.008897,-37.254943,0.000000,4.892971,13.703595,4.872516,20.769169,23.772635,-31.097440,0.000000,447.800150,209.391350,467.503357,6.717002,286.592096,294.652499,141.504847,562.436988,245.394482,221.661074,276.382253,200.614467,124.488442,251.663684,184.493662,253.902685,8.239523,988.742731,0.000000,164.790455,75.230425,157.625653,78.812826,137.026846,28.927890,26.868009,92.246831,102.994034,75.767785,-82.574348,42.272334,15.225205,67.617823,24.718568,24.091648,4.119761,223.900075
9.720000,1.058427,60.524778,-3.266720,1.070204,60.527751,1.153438,0.000000,60.000000,0.000000,0.999855,60.522283,-9.162133,1.007098,60.522101,-7.962306,1.009952,60.522050,-7.380597,1.001119,60.522123,-9.108667,1.000467,60.522160,-9.440829,1.034400,60.522638,-7.416512,1.019534,60.522067,-5.254173,1.015250,60.522065,-5.976967,1.004774,60.522125,-5.948306,1.016748,60.522185,-5.825978,1.013639,60.522473,-7.155827,1.025932,60.523400,-6.688721,1.044200,60.523813,-5.107145,1.047830,60.524342,-5.345010,1.047124,60.524331,-5.952349,1.056542,60.523669,-1.042074,0.997452,60.523594,-2.083713,1.045526,60.523775,-3.243419,1.061476,60.523766,0.402651,1.057532,60.523713,0.062624,1.049773,60.523786,-5.096764,1.065996,60.527649,1.606128,1.063766,60.526324,-1.933222,1.051090,60.525389,-4.504758,1.061857,60.526869,0.665396,1.060158,60.527082,2.938158,1.049027,60.529360,2.829228,0.980134,60.521240,-0.695254,0.983179,60.521471,1.554606,0.997106,60.523626,3.378551,1.014629,60.523546,2.309724,1.055538,60.523839,4.770166,1.071848,60.523560,6.065029,1.028720,60.528377,7.287562,1.030940,60.527561,8.844076,1.037482,60.522956,-5.998489,1.008712,1.008644,1.008665,1.008724,1.008726,1.008839,1.008811,1.008915,-37.227750,0.000000,4.901542,13.736396,4.906558,20.848593,23.839499,-30.985774,0.000000,447.800150,209.391350,467.503357,6.717002,286.592096,294.652499,141.504847,562.436988,245.394482,221.661074,276.382253,200.614467,124.488442,251.663684,184.493662,253.902685,8.239523,988.742731,0.000000,164.790455,75.230425,157.625653,78.812826,137.026846,28.927890,26.868009,92.246831,102.994034,75.767785,-82.574348,42.272334,15.225205,67.617823,24.718568,24.091648,4.119761,223.900075
9.740000,1.058357,60.525075,-3.267588,1.070115,60.528224,1.174791,0.000000,60.000000,0.000000,0.999846,60.522329,-9.182121,1.007096,60.522136,-7.983654,1.009952,60.522080,-7.402335,1.001117,60.522165,-9.129823,1.000464,60.522208,-9.461689,1.034388,60.522773,-7.433536,1.019533,60.522091,-5.275815,1.015249,60.522091,-5.998613,1.004771,60.522155,-5.969504,1.016743,60.522218,-5.846729,1.013623,60.522530,-7.174392,1.025881,60.523527,-6.700288,1.044138,60.523972,-5.115597,1.047752,60.524552,-5.349416,1.047046,60.524539,-5.956844,1.056495,60.523783,-1.051765,0.997415,60.523683,-2.094059,1.045462,60.523937,-3.252129,1.061410,60.523932,0.393897,1.057466,60.523878,0.053482,1.049711,60.523945,-5.105406,1.065891,60.528128,1.626774,1.063649,60.526728,-1.922468,1.050985,60.525701,-4.501158,1.061738,60.527371,0.680517,1.060042,60.527622,2.954984,1.048944,60.529912,2.862532,0.980149,60.521191,-0.723184,0.983194,60.521431,1.528382,0.997065,60.523728,3.368498,1.014602,60.523610,2.298919,1.055472,60.524011,4.761963,1.071779,60.523731,6.054812,1.028627,60.528920,7.313740,1.030840,60.528191,8.864761,1.037466,60.523149,-6.012958,1.008715,1.008638,1.008661,1.008724,1.008725,1.008851,1.008827,1.008930,-37.196683,0.000000,4.910921,13.772089,4.942919,20.936512,23.916189,-30.864211,0.000000,447.800150,209.391350,467.503357,6.717002,286.592096,294.652499,141.504847,562.436988,245.394482,221.661074,276.382253,200.614467,124.488442,251.663684,184.493662,253.902685,8.239523,988.742731,0.000000,164.790455,75.230425,157.625653,78.812826,137.026846,28.927890,26.868009,92.246831,102.994034,75.767785,-82.574348,42.272334,15.225205,67.617823,24.718568,24.091648,4.119761,223.900075
9.760000,1.058281,60.525351,-3.268012,1.070018,60.528633,1.197657,0.000000,60.000000,0.000000,0.999837,60.522396,-9.203285,1.007095,60.522195,-8.006244,1.009952,60.522135,-7.425349,1.001116,60.522231,-9.152175,1.000462,60.522279,-9.483706,1.034376,60.522919,-7.451141,1.019533,60.522140,-5.298778,1.015248,60.522142,-6.021564,1.004768,60.522209,-5.991984,1.016738,60.522275,-5.868738,1.013606,60.522607,-7.194061,1.025826,60.523661,-6.712515,1.044070,60.524131,-5.124506,1.047667,60.524754,-5.353949,1.046961,60.524740,-5.961474,1.056443,60.523902,-1.062215,0.997374,60.523780,-2.105333,1.045392,60.524099,-3.261277,1.061338,60.524100,0.384742,1.057394,60.524045,0.043933,1.049643,60.524105,-5.114506,1.065777,60.528547,1.648993,1.063518,60.527095,-1.910575,1.050868,60.525989,-4.497026,1.061601,60.527829,0.697450,1.059907,60.528116,2.973892,1.048854,60.530375,2.897811,0.980167,60.521181,-0.752897,0.983211,60.521426,1.500423,0.997020,60.523838,3.357608,1.014571,60.523685,2.287019,1.055401,60.524185,4.753403,1.071705,60.523905,6.044237,1.028527,60.529391,7.341901,1.030722,60.528771,8.888155,1.037449,60.523346,-6.027625,1.008717,1.008634,1.008658,1.008725,1.008724,1.008862,1.008841,1.008942,-37.162198,0.000000,4.920992,13.810248,4.981159,21.031733,24.001751,-30.734506,0.000000,447.800150,209.391350,467.503357,6.717002,286.592096,294.652499,141.504847,562.436988,245.394482,221.661074,276.382253,200.614467,124.488442,251.663684,184.493662,253.902685,8.239523,988.742731,0.000000,164.790455,75.230425,157.625653,78.812826,137.026846,28.927890,26.868009,92.246831,102.994034,75.767785,-82.574348,42.272334,15.225205,67.617823,24.718568,24.091648,4.119761,223.900075
9.780000,1.058201,60.525605,-3.268040,1.069912,60.528976,1.221685,0.000000,60.000000,0.000000,0.999827,60.522488,-9.225345,1.007093,60.522280,-8.029781,1.009953,60.522217,-7.449337,1.001114,60.522321,-9.175433,1.000460,60.522374,-9.506594,1.034363,60.523078,-7.469126,1.019532,60.522216,-5.322757,1.015248,60.522220,-6.045515,1.004765,60.522289,-6.015447,1.016733,60.522358,-5.891712,1.013588,60.522705,-7.214573,1.025767,60.523802,-6.725236,1.043997,60.524293,-5.133748,1.047574,60.524950,-5.358547,1.046867,60.524934,-5.966178,1.056387,60.524029,-1.073264,0.997328,60.523887,-2.117354,1.045317,60.524263,-3.270737,1.061262,60.524270,0.375313,1.057318,60.524215,0.034108,1.049569,60.524266,-5.123938,1.065654,60.528901,1.672450,1.063375,60.527422,-1.897710,1.050741,60.526252,-4.492420,1.061446,60.528240,0.715983,1.059755,60.528562,2.994651,1.048757,60.530747,2.934528,0.980186,60.521211,-0.783994,0.983230,60.521460,1.471110,0.996972,60.523956,3.346056,1.014536,60.523771,2.274219,1.055326,60.524360,4.744610,1.071627,60.524084,6.033446,1.028420,60.529787,7.371631,1.030585,60.529296,8.913989,1.037431,60.523547,-6.042344,1.008720,1.008631,1.008656,1.008726,1.008724,1.008871,1.008855,1.008951,-37.124794,0.000000,4.931632,13.850424,5.020825,21.132974,24.095123,-30.598512,0.000000,447.800150,209.391350,467.503357,6.717002,286.592096,294.652499,141.504847,562.436988,245.394482,221.661074,276.382253,200.614467,124.488442,251.663684,184.493662,253.902685,8.239523,988.742731,0.000000,164.790455,75.230425,157.625653,78.812826,137.026846,28.927890,26.868009,92.246831,102.994034,75.767785,-82.574348,42.272334,15.225205,67.617823,24.718568,24.091648,4.119761,223.900075
9.800000,1.058116,60.525835,-3.267722,1.069800,60.529252,1.246504,0.000000,60.000000,0.000000,0.999816,60.522603,-9.248014,1.007093,60.522393,-8.053958,1.009953,60.522326,-7.473986,1.001113,60.522438,-9.199298,1.000457,60.522494,-9.530063,1.034349,60.523249,-7.487288,1.019532,60.522321,-5.347434,1.015248,60.522327,-6.070150,1.004762,60.522397,-6.039582,1.016728,60.522467,-5.915347,1.013568,60.522825,-7.235658,1.025703,60.523951,-6.738281,1.043919,60.524456,-5.143194,1.047475,60.525138,-5.363146,1.046768,60.525122,-5.970890,1.056327,60.524164,-1.084739,0.997280,60.524004,-2.129934,1.045237,60.524430,-3.280378,1.061181,60.524442,0.365742,1.057237,60.524387,0.024143,1.049491,60.524430,-5.133571,1.065524,60.529191,1.696792,1.063220,60.527707,-1.884052,1.050604,60.526490,-4.487408,1.061276,60.528602,0.735884,1.059586,60.528955,3.017008,1.048654,60.531026,2.972131,0.980207,60.521284,-0.816059,0.983250,60.521533,1.440840,0.996920,60.524085,3.334028,1.014498,60.523872,2.260733,1.055246,60.524537,4.735709,1.071545,60.524267,6.022584,1.028306,60.530107,7.402496,1.030431,60.529761,8.941959,1.037411,60.523752,-6.056973,1.008723,1.008629,1.008655,1.008727,1.008724,1.008878,1.008867,1.008957,-37.085007,0.000000,4.942716,13.892146,5.061458,21.238880,24.195152,-30.458159,0.000000,447.800150,209.391350,467.503357,6.717002,286.592096,294.652499,141.504847,562.436988,245.394482,221.661074,276.382253,200.614467,124.488442,251.663684,184.493662,253.902685,8.239523,988.742731,0.000000,164.790455,75.230425,157.625653,78.812826,137.026846,28.927890,26.868009,92.246831,102.994034,75.767785,-82.574348,42.272334,15.225205,67.617823,24.718568,24.091648,4.119761,223.900075
9.820000,1.058028,60.526041,-3.267118,1.069681,60.529459,1.271738,0.000000,60.000000,0.000000,0.999805,60.522745,-9.270997,1.007092,60.522533,-8.078464,1.009954,60.522465,-7.498978,1.001112,60.522581,-9.223465,1.000455,60.522640,-9.553812,1.034334,60.523433,-7.505425,1.019531,60.522456,-5.372485,1.015248,60.522463,-6.095149,1.004760,60.522534,-6.064075,1.016722,60.522604,-5.939333,1.013548,60.522968,-7.257039,1.025637,60.524109,-6.751474,1.043837,60.524622,-5.152716,1.047371,60.525319,-5.367686,1.046663,60.525302,-5.975550,1.056263,60.524308,-1.096467,0.997228,60.524134,-2.142874,1.045153,60.524600,-3.290068,1.061096,60.524617,0.356159,1.057153,60.524563,0.014172,1.049409,60.524597,-5.143275,1.065388,60.529414,1.721656,1.063056,60.527951,-1.869789,1.050459,60.526702,-4.482059,1.061092,60.528914,0.756902,1.059402,60.529293,3.040688,1.048546,60.531211,3.010055,0.980230,60.521400,-0.848670,0.983270,60.521647,1.410018,0.996865,60.524225,3.321714,1.014457,60.523989,2.246780,1.055163,60.524715,4.726827,1.071461,60.524454,6.011797,1.028187,60.530349,7.434050,1.030262,60.530164,8.971736,1.037391,60.523961,-6.071371,1.008726,1.008628,1.008655,1.008728,1.008724,1.008884,1.008878,1.008960,-37.043398,0.000000,4.954113,13.934933,5.102597,21.348044,24.300606,-30.315423,0.000000,447.800150,209.391350,467.503357,6.717002,286.592096,294.652499,141.504847,562.436988,245.394482,221.661074,276.382253,200.614467,124.488442,251.663684,184.493662,253.902685,8.239523,988.742731,0.000000,164.790455,75.230425,157.625653,78.812826,137.026846,28.927890,26.868009,92.246831,102.994034,75.767785,-82.574348,42.272334,15.225205,67.617823,24.718568,24.091648,4.119761,223.900075
9.840000,1.057938,60.526224,-3.266289,1.069557,60.529598,1.297003,0.000000,60.000000,0.000000,0.999794,60.522912,-9.293998,1.007090,60.522702,-8.102985,1.009955,60.522633,-7.523992,1.001111,60.522753,-9.247627,1.000453,60.522813,-9.577543,1.034319,60.523629,-7.523334,1.019531,60.522620,-5.397583,1.015248,60.522629,-6.120186,1.004756,60.522699,-6.088606,1.016716,60.522770,-5.963357,1.013527,60.523134,-7.278439,1.025568,60.524277,-6.764642,1.043751,60.524791,-5.162183,1.047261,60.525493,-5.372106,1.046553,60.525475,-5.980095,1.056197,60.524461,-1.108269,0.997173,60.524277,-2.155974,1.045065,60.524773,-3.299675,1.061009,60.524795,0.346696,1.057066,60.524743,0.004329,1.049324,60.524767,-5.152918,1.065247,60.529570,1.746675,1.062883,60.528152,-1.855119,1.050307,60.526889,-4.476452,1.060897,60.529172,0.778771,1.059205,60.529575,3.065398,1.048433,60.531302,3.047736,0.980254,60.521560,-0.881399,0.983292,60.521804,1.379056,0.996809,60.524377,3.309309,1.014414,60.524122,2.232587,1.055078,60.524896,4.718088,1.071375,60.524646,6.001226,1.028064,60.530512,7.465839,1.030079,60.530501,9.002966,1.037370,60.524173,-6.085404,1.008730,1.008630,1.008657,1.008730,1.008725,1.008888,1.008887,1.008960,-37.000549,0.000000,4.965696,13.978296,5.143783,21.459025,24.410188,-30.172300,0.000000,447.800150,209.391350,467.503357,6.717002,286.592096,294.652499,141.504847,562.436988,245.394482,221.661074,276.382253,200.614467,124.488442,251.663684,184.493662,253.902685,8.239523,988.742731,0.000000,164.790455,75.230425,157.625653,78.812826,137.026846,28.927890,26.868009,92.246831,102.994034,75.767785,-82.574348,42.272334,15.225205,67.617823,24.718568,24.091648,4.119761,223.900075
9.860000,1.057847,60.526382,-3.265299,1.069428,60.529670,1.321920,0.000000,60.000000,0.000000,0.999782,60.523106,-9.316723,1.007089,60.522899,-8.127207,1.009956,60.522831,-7.548707,1.001110,60.522951,-9.271478,1.000450,60.523012,-9.600958,1.034304,60.523838,-7.540819,1.019530,60.522815,-5.422404,1.015247,60.522825,-6.144940,1.004753,60.522894,-6.112859,1.016710,60.522963,-5.987110,1.013505,60.523324,-7.299580,1.025497,60.524453,-6.777609,1.043663,60.524962,-5.171467,1.047149,60.525660,-5.376348,1.046440,60.525642,-5.984465,1.056128,60.524625,-1.119966,0.997116,60.524433,-2.169031,1.044976,60.524948,-3.309071,1.060919,60.524975,0.337482,1.056977,60.524925,-0.005252,1.049236,60.524940,-5.162370,1.065102,60.529661,1.771479,1.062704,60.528309,-1.840241,1.050150,60.527049,-4.470664,1.060690,60.529377,0.801215,1.058997,60.529799,3.090834,1.048315,60.531302,3.084613,0.980278,60.521764,-0.913821,0.983313,60.522002,1.348363,0.996750,60.524541,3.297007,1.014368,60.524272,2.218384,1.054991,60.525079,4.709614,1.071289,60.524842,5.991011,1.027937,60.530598,7.497408,1.029885,60.530771,9.035276,1.037349,60.524388,-6.098941,1.008733,1.008632,1.008659,1.008733,1.008726,1.008889,1.008895,1.008957,-36.957054,0.000000,4.977333,14.021746,5.184568,21.570371,24.522553,-30.030775,0.000000,447.800150,209.391350,467.503357,6.717002,286.592096,294.652499,141.504847,562.436988,245.394482,221.661074,276.382253,200.614467,124.488442,251.663684,184.493662,253.902685,8.239523,988.742731,0.000000,164.790455,75.230425,157.625653,78.812826,137.026846,28.927890,26.868009,92.246831,102.994034,75.767785,-82.574348,42.272334,15.225205,67.617823,24.718568,24.091648,4.119761,223.900075
9.880000,1.057754,60.526518,-3.264213,1.069296,60.529676,1.346115,0.000000,60.000000,0.000000,0.999769,60.523324,-9.338883,1.007088,60.523124,-8.150825,1.009957,60.523057,-7.572811,1.001108,60.523176,-9.294721,1.000448,60.523237,-9.623764,1.034288,60.524059,-7.557689,1.019529,60.523040,-5.446629,1.015247,60.523050,-6.169092,1.004749,60.523117,-6.136523,1.016703,60.523184,-6.010285,1.013482,60.523537,-7.320193,1.025424,60.524639,-6.790207,1.043573,60.525137,-5.180443,1.047034,60.525821,-5.380356,1.046324,60.525803,-5.988605,1.056058,60.524798,-1.131382,0.997057,60.524603,-2.181844,1.044884,60.525127,-3.318129,1.060828,60.525159,0.328640,1.056886,60.525111,-0.014446,1.049146,60.525116,-5.171505,1.064955,60.529688,1.795705,1.062521,60.528425,-1.825361,1.049989,60.527184,-4.464778,1.060477,60.529528,0.823950,1.058780,60.529965,3.116678,1.048194,60.531213,3.120144,0.980304,60.522012,-0.945519,0.983335,60.522242,1.318343,0.996690,60.524717,3.285000,1.014320,60.524440,2.204398,1.054902,60.525264,4.701524,1.071201,60.525042,5.981282,1.027808,60.530608,7.528308,1.029680,60.530971,9.068277,1.037327,60.524606,-6.111856,1.008737,1.008637,1.008663,1.008736,1.008728,1.008890,1.008901,1.008951,-36.913507,0.000000,4.988899,14.064794,5.224514,21.680634,24.636324,-29.892796,0.000000,447.800150,209.391350,467.503357,6.717002,286.592096,294.652499,141.504847,562.436988,245.394482,221.661074,276.382253,200.614467,124.488442,251.663684,184.493662,253.902685,8.239523,988.742731,0.000000,164.790455,75.230425,157.625653,78.812826,137.026846,28.927890,26.868009,92.246831,102.994034,75.767785,-82.574348,42.272334,15.225205,67.617823,24.718568,24.091648,4.119761,223.900075
9.900000,1.057662,60.526631,-3.263095,1.069161,60.529619,1.369229,0.000000,60.000000,0.000000,0.999757,60.523568,-9.360197,1.007086,60.523376,-8.173542,1.009957,60.523312,-7.596001,1.001106,60.523428,-9.317066,1.000445,60.523487,-9.645681,1.034273,60.524291,-7.573759,1.019527,60.523294,-5.469947,1.015246,60.523304,-6.192337,1.004745,60.523368,-6.159296,1.016695,60.523433,-6.032586,1.013459,60.523772,-7.340012,1.025351,60.524833,-6.802270,1.043482,60.525314,-5.188992,1.046917,60.525975,-5.384078,1.046207,60.525957,-5.992460,1.055987,60.524982,-1.142346,0.996998,60.524786,-2.194216,1.044793,60.525309,-3.326729,1.060737,60.525345,0.320287,1.056796,60.525300,-0.023131,1.049055,60.525295,-5.180200,1.064806,60.529653,1.819000,1.062335,60.528498,-1.810681,1.049827,60.527294,-4.458877,1.060257,60.529625,0.846686,1.058557,60.530072,3.142608,1.048070,60.531039,3.153807,0.980330,60.522301,-0.976086,0.983357,60.522521,1.289387,0.996629,60.524906,3.273475,1.014270,60.524624,2.190852,1.054813,60.525450,4.693926,1.071115,60.525245,5.972165,1.027678,60.530544,7.558104,1.029469,60.531103,9.101568,1.037306,60.524826,-6.124034,1.008741,1.008642,1.008668,1.008739,1.008730,1.008888,1.008905,1.008942,-36.870496,0.000000,5.000269,14.106967,5.263202,21.788396,24.750110,-29.760247,0.000000,447.800150,209.391350,467.503357,6.717002,286.592096,294.652499,141.504847,562.436988,245.394482,221.661074,276.382253,200.614467,124.488442,251.663684,184.493662,253.902685,8.239523,988.742731,0.000000,164.790455,75.230425,157.625653,78.812826,137.026846,28.927890,26.868009,92.246831,102.994034,75.767785,-82.574348,42.272334,15.225205,67.617823,24.718568,24.091648,4.119761,223.900075
9.920000,1.057572,60.526723,-3.262006,1.069025,60.529504,1.390922,0.000000,60.000000,0.000000,0.999744,60.523835,-9.380397,1.007084,60.523654,-8.195074,1.009958,60.523593,-7.617985,1.001104,60.523704,-9.338236,1.000441,60.523760,-9.666438,1.034257,60.524534,-7.588858,1.019526,60.523574,-5.492064,1.015244,60.523585,-6.214380,1.004740,60.523645,-6.180891,1.016688,60.523707,-6.053732,1.013436,60.524029,-7.358789,1.025277,60.525036,-6.813643,1.043392,60.525494,-5.196998,1.046801,60.526123,-5.387466,1.046090,60.526105,-5.995982,1.055916,60.525174,-1.152696,0.996937,60.524982,-2.205960,1.044701,60.525493,-3.334758,1.060646,60.525533,0.312535,1.056706,60.525491,-0.031194,1.048965,60.525476,-5.188342,1.064658,60.529559,1.841029,1.062148,60.528531,-1.796401,1.049665,60.527379,-4.453042,1.060034,60.529669,0.869135,1.058330,60.530121,3.168300,1.047944,60.530786,3.185112,0.980357,60.522631,-1.005136,0.983378,60.522839,1.261869,0.996569,60.525105,3.262607,1.014220,60.524825,2.177962,1.054725,60.525637,4.686925,1.071029,60.525451,5.963774,1.027547,60.530410,7.586379,1.029251,60.531164,9.134745,1.037284,60.525049,-6.135363,1.008745,1.008650,1.008675,1.008742,1.008733,1.008885,1.008907,1.008930,-36.828594,0.000000,5.011323,14.147802,5.300233,21.892281,24.862520,-29.634921,0.000000,447.800150,209.391350,467.503357,6.717002,286.592096,294.652499,141.504847,562.436988,245.394482,221.661074,276.382253,200.614467,124.488442,251.663684,184.493662,253.902685,8.239523,988.742731,0.000000,164.790455,75.230425,157.625653,78.812826,137.026846,28.927890,26.868009,92.246831,102.994034,75.767785,-82.574348,42.272334,15.225205,67.617823,24.718568,24.091648,4.119761,223.900075
9.940000,1.057483,60.526795,-3.261004,1.068888,60.529333,1.410874,0.000000,60.000000,0.000000,0.999730,60.524124,-9.399232,1.007082,60.523956,-8.215155,1.009958,60.523899,-7.638492,1.001102,60.524003,-9.357971,1.000438,60.524056,-9.685781,1.034241,60.524786,-7.602822,1.019523,60.523881,-5.512701,1.015243,60.523890,-6.234946,1.004735,60.523947,-6.201036,1.016680,60.524004,-6.073455,1.013412,60.524305,-7.376285,1.025205,60.525246,-6.824181,1.043302,60.525676,-5.204359,1.046686,60.526264,-5.390479,1.045974,60.526246,-5.999126,1.055845,60.525375,-1.162279,0.996877,60.525190,-2.216898,1.044610,60.525679,-3.342110,1.060557,60.525722,0.305484,1.056617,60.525683,-0.038532,1.048876,60.525660,-5.195824,1.064512,60.529410,1.861476,1.061963,60.528526,-1.782715,1.049504,60.527441,-4.447356,1.059810,60.529662,0.891011,1.058102,60.530113,3.193431,1.047817,60.530460,3.213606,0.980383,60.522997,-1.032304,0.983398,60.523192,1.236144,0.996509,60.525315,3.252565,1.014169,60.525041,2.165930,1.054638,60.525824,4.680614,1.070946,60.525658,5.956213,1.027418,60.530212,7.612738,1.029032,60.531158,9.167399,1.037264,60.525272,-6.145745,1.008749,1.008658,1.008682,1.008746,1.008737,1.008880,1.008908,1.008916,-36.788352,0.000000,5.021950,14.186860,5.335235,21.990981,24.972181,-29.518497,0.000000,447.800150,209.391350,467.503357,6.717002,286.592096,294.652499,141.504847,562.436988,245.394482,221.661074,276.382253,200.614467,124.488442,251.663684,184.493662,253.902685,8.239523,988.742731,0.000000,164.790455,75.230425,157.625653,78.812826,137.026846,28.927890,26.868009,92.246831,102.994034,75.767785,-82.574348,42.272334,15.225205,67.617823,24.718568,24.091648,4.119761,223.900075
9.960000,1.057398,60.526849,-3.260141,1.068753,60.529113,1.428796,0.000000,60.000000,0.000000,0.999717,60.524433,-9.416469,1.007079,60.524280,-8.233537,1.009957,60.524227,-7.657269,1.001100,60.524323,-9.376030,1.000435,60.524372,-9.703476,1.034226,60.525047,-7.615503,1.019521,60.524210,-5.531600,1.015241,60.524219,-6.253779,1.004730,60.524271,-6.219481,1.016672,60.524324,-6.091510,1.013389,60.524600,-7.392285,1.025134,60.525463,-6.833749,1.043214,60.525860,-5.210977,1.046573,60.526399,-5.393079,1.045861,60.526381,-6.001855,1.055775,60.525584,-1.170955,0.996817,60.525408,-2.226866,1.044522,60.525866,-3.348693,1.060469,60.525912,0.299224,1.056531,60.525877,-0.045054,1.048788,60.525845,-5.202550,1.064369,60.529211,1.880048,1.061781,60.528484,-1.769807,1.049347,60.527481,-4.441898,1.059588,60.529605,0.912033,1.057875,60.530051,3.217683,1.047689,60.530069,3.238879,0.980409,60.523398,-1.057251,0.983417,60.523579,1.212538,0.996450,60.525534,3.243500,1.014118,60.525272,2.154946,1.054554,60.526011,4.675074,1.070866,60.525865,5.949571,1.027292,60.529953,7.636820,1.028811,60.531084,9.199129,1.037243,60.525497,-6.155086,1.008753,1.008668,1.008691,1.008751,1.008741,1.008873,1.008907,1.008900,-36.750289,0.000000,5.032041,14.223724,5.367863,22.083265,25.077758,-29.412515,0.000000,447.800150,209.391350,467.503357,6.717002,286.592096,294.652499,141.504847,562.436988,245.394482,221.661074,276.382253,200.614467,124.488442,251.663684,184.493662,253.902685,8.239523,988.742731,0.000000,164.790455,75.230425,157.625653,78.812826,137.026846,28.927890,26.868009,92.246831,102.994034,75.767785,-82.574348,42.272334,15.225205,67.617823,24.718568,24.091648,4.119761,223.900075
9.980000,1.057317,60.526886,-3.259463,1.068619,60.528848,1.444430,0.000000,60.000000,0.000000,0.999705,60.524760,-9.431897,1.007077,60.524623,-8.249998,1.009957,60.524575,-7.674087,1.001097,60.524662,-9.392196,1.000431,60.524706,-9.719310,1.034212,60.525316,-7.626768,1.019518,60.524561,-5.548528,1.015238,60.524569,-6.270648,1.004725,60.524616,-6.235998,1.016663,60.524662,-6.107675,1.013367,60.524910,-7.406590,1.025065,60.525685,-6.842228,1.043129,60.526044,-5.216768,1.046465,60.526527,-5.395235,1.045752,60.526510,-6.004135,1.055706,60.525799,-1.178598,0.996758,60.525636,-2.235717,1.044436,60.526054,-3.354423,1.060386,60.526101,0.293833,1.056448,60.526071,-0.050678,1.048704,60.526032,-5.208435,1.064231,60.528967,1.896484,1.061605,60.528408,-1.757853,1.049195,60.527500,-4.436745,1.059370,60.529500,0.931933,1.057651,60.529936,3.240751,1.047562,60.529620,3.260575,0.980435,60.523829,-1.079672,0.983435,60.523994,1.191347,0.996392,60.525760,3.235549,1.014067,60.525514,2.145178,1.054472,60.526196,4.670377,1.070790,60.526073,5.943925,1.027168,60.529641,7.658296,1.028593,60.530946,9.229538,1.037224,60.525722,-6.163306,1.008758,1.008679,1.008700,1.008755,1.008745,1.008866,1.008904,1.008882,-36.714887,0.000000,5.041499,14.258010,5.397805,22.168001,25.177964,-29.318357,0.000000,447.800150,209.391350,467.503357,6.717002,286.592096,294.652499,141.504847,562.436988,245.394482,221.661074,276.382253,200.614467,124.488442,251.663684,184.493662,253.902685,8.239523,988.742731,0.000000,164.790455,75.230425,157.625653,78.812826,137.026846,28.927890,26.868009,92.246831,102.994034,75.767785,-82.574348,42.272334,15.225205,67.617823,24.718568,24.091648,4.119761,223.900075
10.000000,1.057240,60.526909,-3.259008,1.068489,60.528545,1.457556,0.000000,60.000000,0.000000,0.999692,60.525102,-9.445330,1.007074,60.524983,-8.264339,1.009956,60.524941,-7.688744,1.001095,60.525017,-9.406276,1.000427,60.525056,-9.733096,1.034198,60.525591,-7.636498,1.019515,60.524929,-5.563280,1.015236,60.524936,-6.285348,1.004719,60.524977,-6.250387,1.016655,60.525018,-6.121752,1.013345,60.525234,-7.419027,1.025000,60.525912,-6.849513,1.043048,60.526228,-5.221661,1.046361,60.526649,-5.396923,1.045647,60.526633,-6.005943,1.055641,60.526018,-1.185100,0.996701,60.525871,-2.243319,1.044355,60.526241,-3.359229,1.060306,60.526290,0.289376,1.056369,60.526263,-0.055338,1.048623,60.526218,-5.213406,1.064098,60.528684,1.910556,1.061436,60.528302,-1.747012,1.049050,60.527500,-4.431970,1.059159,60.529352,0.950454,1.057433,60.529772,3.262340,1.047436,60.529123,3.278388,0.980461,60.524286,-1.099295,0.983452,60.524434,1.172835,0.996337,60.525993,3.228829,1.014018,60.525767,2.136778,1.054395,60.526380,4.666580,1.070719,60.526278,5.939339,1.027050,60.529281,7.676879,1.028380,60.530746,9.258247,1.037205,60.525947,-6.170333,1.008762,1.008691,1.008710,1.008760,1.008750,1.008857,1.008899,1.008863,-36.682585,0.000000,5.050235,14.289364,5.424783,22.244170,25.271581,-29.237229,0.000000,447.800150,209.391350,467.503357,6.717002,286.592096,294.652499,141.504847,562.436988,245.394482,221.661074,276.382253,200.614467,124.488442,251.663684,184.493662,253.902685,8.239523,988.742731,0.000000,164.790455,75.230425,157.625653,78.812826,137.026846,28.927890,26.868009,92.246831,102.994034,75.767785,-82.574348,42.272334,15.225205,67.617823,24.718568,24.091648,4.119761,223.900075
