Results,Bus 01,Bus 01,Bus 01,Bus 02,Bus 02,Bus 02,Bus 03,Bus 03,Bus 03,Bus 04,Bus 04,Bus 04,Bus 05,Bus 05,Bus 05,Bus 06,Bus 06,Bus 06,Bus 07,Bus 07,Bus 07,Bus 08,Bus 08,Bus 08,Bus 09,Bus 09,Bus 09,Bus 10,Bus 10,Bus 10,Bus 11,Bus 11,Bus 11,Bus 12,Bus 12,Bus 12,Bus 13,Bus 13,Bus 13,Bus 14,Bus 14,Bus 14,Bus 15,Bus 15,Bus 15,Bus 16,Bus 16,Bus 16,Bus 17,Bus 17,Bus 17,Bus 18,Bus 18,Bus 18,Bus 19,Bus 19,Bus 19,Bus 20,Bus 20,Bus 20,Bus 21,Bus 21,Bus 21,Bus 22,Bus 22,Bus 22,Bus 23,Bus 23,Bus 23,Bus 24,Bus 24,Bus 24,Bus 25,Bus 25,Bus 25,Bus 26,Bus 26,Bus 26,Bus 27,Bus 27,Bus 27,Bus 28,Bus 28,Bus 28,Bus 29,Bus 29,Bus 29,Bus 30,Bus 30,Bus 30,Bus 31,Bus 31,Bus 31,Bus 32,Bus 32,Bus 32,Bus 33,Bus 33,Bus 33,Bus 34,Bus 34,Bus 34,Bus 35,Bus 35,Bus 35,Bus 36,Bus 36,Bus 36,Bus 37,Bus 37,Bus 37,Bus 38,Bus 38,Bus 38,Bus 39,Bus 39,Bus 39,G 01,G 02,G 03,G 04,G 05,G 08,G 09,G 10,G 01,G 02,G 03,G 04,G 05,G 08,G 09,G 10,Load 03,Load 04,Load 07,Load 08,Load 12,Load 15,Load 16,Load 18,Load 20,Load 21,Load 23,Load 24,Load 25,Load 26,Load 27,Load 28,Load 29,Load 31,Load 39,Load 03,Load 04,Load 07,Load 08,Load 12,Load 15,Load 16,Load 18,Load 20,Load 21,Load 23,Load 24,Load 25,Load 26,Load 27,Load 28,Load 29,Load 31,Load 39
"Time in s","u1, Magnitude in p.u.","Electrical Frequency in Hz","U, rel.Angle in deg","u1, Magnitude in p.u.","Electrical Frequency in Hz","U, rel.Angle in deg","u1, Magnitude in p.u.","Electrical Frequency in Hz","U, rel.Angle in deg","u1, Magnitude in p.u.","Electrical Frequency in Hz","U, rel.Angle in deg","u1, Magnitude in p.u.","Electrical Frequency in Hz","U, rel.Angle in deg","u1, Magnitude in p.u.","Electrical Frequency in Hz","U, rel.Angle in deg","u1, Magnitude in p.u.","Electrical Frequency in Hz","U, rel.Angle in deg","u1, Magnitude in p.u.","Electrical Frequency in Hz","U, rel.Angle in deg","u1, Magnitude in p.u.","Electrical Frequency in Hz","U, rel.Angle in deg","u1, Magnitude in p.u.","Electrical Frequency in Hz","U, rel.Angle in deg","u1, Magnitude in p.u.","Electrical Frequency in Hz","U, rel.Angle in deg","u1, Magnitude in p.u.","Electrical Frequency in Hz","U, rel.Angle in deg","u1, Magnitude in p.u.","Electrical Frequency in Hz","U, rel.Angle in deg","u1, Magnitude in p.u.","Electrical Frequency in Hz","U, rel.Angle in deg","u1, Magnitude in p.u.","Electrical Frequency in Hz","U, rel.Angle in deg","u1, Magnitude in p.u.","Electrical Frequency in Hz","U, rel.Angle in deg","u1, Magnitude in p.u.","Electrical Frequency in Hz","U, rel.Angle in deg","u1, Magnitude in p.u.","Electrical Frequency in Hz","U, rel.Angle in deg","u1, Magnitude in p.u.","Electrical Frequency in Hz","U, rel.Angle in deg","u1, Magnitude in p.u.","Electrical Frequency in Hz","U, rel.Angle in deg","u1, Magnitude in p.u.","Electrical Frequency in Hz","U, rel.Angle in deg","u1, Magnitude in p.u.","Electrical Frequency in Hz","U, rel.Angle in deg","u1, Magnitude in p.u.","Electrical Frequency in Hz","U, rel.Angle in deg","u1, Magnitude in p.u.","Electrical Frequency in Hz","U, rel.Angle in deg","u1, Magnitude in p.u.","Electrical Frequency in Hz","U, rel.Angle in deg","u1, Magnitude in p.u.","Electrical Frequency in Hz","U, rel.Angle in deg","u1, Magnitude in p.u.","Electrical Frequency in Hz","U, rel.Angle in deg","u1, Magnitude in p.u.","Electrical Frequency in Hz","U, rel.Angle in deg","u1, Magnitude in p.u.","Electrical Frequency in Hz","U, rel.Angle in deg","u1, Magnitude in p.u.","Electrical Frequency in Hz","U, rel.Angle in deg","u1, Magnitude in p.u.","Electrical Frequency in Hz","U, rel.Angle in deg","u1, Magnitude in p.u.","Electrical Frequency in Hz","U, rel.Angle in deg","u1, Magnitude in p.u.","Electrical Frequency in Hz","U, rel.Angle in deg","u1, Magnitude in p.u.","Electrical Frequency in Hz","U, rel.Angle in deg","u1, Magnitude in p.u.","Electrical Frequency in Hz","U, rel.Angle in deg","u1, Magnitude in p.u.","Electrical Frequency in Hz","U, rel.Angle in deg","u1, Magnitude in p.u.","Electrical Frequency in Hz","U, rel.Angle in deg","u1, Magnitude in p.u.","Electrical Frequency in Hz","U, rel.Angle in deg","u1, Magnitude in p.u.","Electrical Frequency in Hz","U, rel.Angle in deg","Speed in p.u.","Speed in p.u.","Speed in p.u.","Speed in p.u.","Speed in p.u.","Speed in p.u.","Speed in p.u.","Speed in p.u.","firel in deg","firel in deg","firel in deg","firel in deg","firel in deg","firel in deg","firel in deg","firel in deg","Total Active Power in MW","Total Active Power in MW","Total Active Power in MW","Total Active Power in MW","Total Active Power in MW","Total Active Power in MW","Total Active Power in MW","Total Active Power in MW","Total Active Power in MW","Total Active Power in MW","Total Active Power in MW","Total Active Power in MW","Total Active Power in MW","Total Active Power in MW","Total Active Power in MW","Total Active Power in MW","Total Active Power in MW","Total Active Power in MW","Total Active Power in MW","Total Reactive Power in Mvar","Total Reactive Power in Mvar","Total Reactive Power in Mvar","Total Reactive Power in Mvar","Total Reactive Power in Mvar","Total Reactive Power in Mvar","Total Reactive Power in Mvar","Total Reactive Power in Mvar","Total Reactive Power in Mvar","Total Reactive Power in Mvar","Total Reactive Power in Mvar","Total Reactive Power in Mvar","Total Reactive Power in Mvar","Total Reactive Power in Mvar","Total Reactive Power in Mvar","Total Reactive Power in Mvar","Total Reactive Power in Mvar","Total Reactive Power in Mvar","Total Reactive Power in Mvar"
0.000000,1.049431,60.000000,-7.361122,1.053541,60.000000,-4.984819,1.038509,60.000000,-7.513561,1.014809,60.000000,-8.418431,1.015250,60.000000,-7.559474,1.017135,60.000000,-6.980149,1.007760,60.000000,-8.887101,1.006832,60.000000,-9.316986,1.032682,60.000000,-9.046517,1.025403,60.000000,-4.748821,1.021568,60.000000,-5.507734,1.011373,60.000000,-5.469254,1.023325,60.000000,-5.338341,1.021904,60.000000,-6.704352,1.026077,60.000000,-6.755404,1.040657,60.000000,-5.385268,1.042630,60.000000,-6.367046,1.039992,60.000000,-7.181192,1.054456,60.000000,-0.802378,0.995187,60.000000,-1.680508,1.040364,60.000000,-3.260966,1.055231,60.000000,0.675524,1.050688,60.000000,0.501145,1.045590,60.000000,-5.279291,1.061415,60.000000,-3.746059,1.059794,60.000000,-4.791923,1.047051,60.000000,-6.532845,1.056666,60.000000,-1.672815,1.054939,60.000000,0.781358,1.047500,60.000000,-2.827688,0.982000,60.000000,-0.000000,0.983100,60.000000,2.349955,0.997200,60.000000,3.857337,1.012300,60.000000,2.950924,1.049630,60.000000,5.093842,1.063500,60.000000,7.495099,1.027800,60.000000,2.312208,1.026500,60.000000,7.089511,1.030000,60.000000,-8.796257,1.000000,1.000000,1.000000,1.000000,1.000000,1.000000,1.000000,1.000000,-42.642226,0.000000,5.266508,11.685834,3.989094,13.039518,20.310015,-38.263628,288.383297,447.800150,209.391350,467.503357,6.717002,286.592096,294.652499,141.504847,562.436988,245.394482,221.661074,276.382253,200.614467,124.488442,251.663684,184.493662,253.902685,8.239523,988.742731,2.149441,164.790455,75.230425,157.625653,78.812826,137.026846,28.927890,26.868009,92.246831,102.994034,75.767785,-82.574348,42.272334,15.225205,67.617823,24.718568,24.091648,4.119761,223.900075
0.020000,1.049431,60.000000,-7.361122,1.053541,60.000000,-4.984819,1.038509,60.000000,-7.513561,1.014809,60.000000,-8.418431,1.015250,60.000000,-7.559474,1.017135,60.000000,-6.980149,1.007760,60.000000,-8.887101,1.006832,60.000000,-9.316986,1.032682,60.000000,-9.046517,1.025403,60.000000,-4.748821,1.021568,60.000000,-5.507734,1.011373,60.000000,-5.469254,1.023325,60.000000,-5.338341,1.021904,60.000000,-6.704352,1.026077,60.000000,-6.755404,1.040657,60.000000,-5.385268,1.042630,60.000000,-6.367045,1.039992,60.000000,-7.181192,1.054456,60.000000,-0.802378,0.995187,60.000000,-1.680508,1.040364,60.000000,-3.260966,1.055231,60.000000,0.675524,1.050688,60.000000,0.501145,1.045590,60.000000,-5.279291,1.061415,60.000000,-3.746059,1.059794,60.000000,-4.791923,1.047051,60.000000,-6.532845,1.056666,60.000000,-1.672815,1.054939,60.000000,0.781358,1.047500,60.000000,-2.827688,0.982000,60.000000,0.000000,0.983100,60.000000,2.349955,0.997200,60.000000,3.857337,1.012300,60.000000,2.950924,1.049630,60.000000,5.093842,1.063500,60.000000,7.495099,1.027800,60.000000,2.312208,1.026500,60.000000,7.089511,1.030000,60.000000,-8.796257,1.000000,1.000000,1.000000,1.000000,1.000000,1.000000,1.000000,1.000000,-42.642226,0.000000,5.266508,11.685834,3.989094,13.039518,20.310015,-38.263628,288.383297,447.800150,209.391350,467.503357,6.717002,286.592096,294.652499,141.504847,562.436988,245.394482,221.661074,276.382253,200.614467,124.488442,251.663684,184.493662,253.902685,8.239523,988.742731,2.149441,164.790455,75.230425,157.625653,78.812826,137.026846,28.927890,26.868009,92.246831,102.994034,75.767785,-82.574348,42.272334,15.225205,67.617823,24.718568,24.091648,4.119761,223.900075
0.040000,1.049431,60.000000,-7.361122,1.053541,60.000000,-4.984819,1.038509,60.000000,-7.513561,1.014809,60.000000,-8.418431,1.015250,60.000000,-7.559474,1.017135,60.000000,-6.980149,1.007760,60.000000,-8.887101,1.006832,60.000000,-9.316986,1.032682,60.000000,-9.046517,1.025403,60.000000,-4.748821,1.021568,60.000000,-5.507734,1.011373,60.000000,-5.469254,1.023325,60.000000,-5.338341,1.021904,60.000000,-6.704352,1.026077,60.000000,-6.755404,1.040657,60.000000,-5.385268,1.042630,60.000000,-6.367045,1.039992,60.000000,-7.181192,1.054456,60.000000,-0.802378,0.995187,60.000000,-1.680508,1.040364,60.000000,-3.260966,1.055231,60.000000,0.675524,1.050688,60.000000,0.501145,1.045590,60.000000,-5.279291,1.061415,60.000000,-3.746059,1.059794,60.000000,-4.791923,1.047051,60.000000,-6.532845,1.056666,60.000000,-1.672815,1.054939,60.000000,0.781358,1.047500,60.000000,-2.827688,0.982000,60.000000,0.000000,0.983100,60.000000,2.349955,0.997200,60.000000,3.857337,1.012300,60.000000,2.950924,1.049630,60.000000,5.093842,1.063500,60.000000,7.495099,1.027800,60.000000,2.312208,1.026500,60.000000,7.089511,1.030000,60.000000,-8.796257,1.000000,1.000000,1.000000,1.000000,1.000000,1.000000,1.000000,1.000000,-42.642226,0.000000,5.266508,11.685834,3.989094,13.039518,20.310015,-38.263628,288.383297,447.800150,209.391350,467.503357,6.717002,286.592096,294.652499,141.504847,562.436988,245.394482,221.661074,276.382253,200.614467,124.488442,251.663684,184.493662,253.902685,8.239523,988.742731,2.149441,164.790455,75.230425,157.625653,78.812826,137.026846,28.927890,26.868009,92.246831,102.994034,75.767785,-82.574348,42.272334,15.225205,67.617823,24.718568,24.091648,4.119761,223.900075
0.060000,1.049431,60.000000,-7.361122,1.053541,60.000000,-4.984819,1.038509,60.000000,-7.513561,1.014809,60.000000,-8.418431,1.015250,60.000000,-7.559474,1.017135,60.000000,-6.980149,1.007760,60.000000,-8.887101,1.006832,60.000000,-9.316986,1.032682,60.000000,-9.046517,1.025403,60.000000,-4.748821,1.021568,60.000000,-5.507734,1.011373,60.000000,-5.469254,1.023325,60.000000,-5.338341,1.021904,60.000000,-6.704352,1.026077,60.000000,-6.755404,1.040657,60.000000,-5.385268,1.042630,60.000000,-6.367045,1.039992,60.000000,-7.181192,1.054456,60.000000,-0.802378,0.995187,60.000000,-1.680508,1.040364,60.000000,-3.260966,1.055231,60.000000,0.675524,1.050688,60.000000,0.501145,1.045590,60.000000,-5.279291,1.061415,60.000000,-3.746059,1.059794,60.000000,-4.791923,1.047051,60.000000,-6.532845,1.056666,60.000000,-1.672815,1.054939,60.000000,0.781358,1.047500,60.000000,-2.827688,0.982000,60.000000,0.000000,0.983100,60.000000,2.349955,0.997200,60.000000,3.857337,1.012300,60.000000,2.950924,1.049630,60.000000,5.093842,1.063500,60.000000,7.495099,1.027800,60.000000,2.312208,1.026500,60.000000,7.089511,1.030000,60.000000,-8.796257,1.000000,1.000000,1.000000,1.000000,1.000000,1.000000,1.000000,1.000000,-42.642226,0.000000,5.266508,11.685834,3.989094,13.039518,20.310015,-38.263628,288.383297,447.800150,209.391350,467.503357,6.717002,286.592096,294.652499,141.504847,562.436988,245.394482,221.661074,276.382253,200.614467,124.488442,251.663684,184.493662,253.902685,8.239523,988.742731,2.149441,164.790455,75.230425,157.625653,78.812826,137.026846,28.927890,26.868009,92.246831,102.994034,75.767785,-82.574348,42.272334,15.225205,67.617823,24.718568,24.091648,4.119761,223.900075
0.080000,1.049431,60.000000,-7.361122,1.053541,60.000000,-4.984819,1.038509,60.000000,-7.513561,1.014809,60.000000,-8.418431,1.015250,60.000000,-7.559474,1.017135,60.000000,-6.980149,1.007760,60.000000,-8.887101,1.006832,60.000000,-9.316986,1.032682,60.000000,-9.046517,1.025403,60.000000,-4.748821,1.021568,60.000000,-5.507734,1.011373,60.000000,-5.469254,1.023325,60.000000,-5.338341,1.021904,60.000000,-6.704352,1.026077,60.000000,-6.755404,1.040657,60.000000,-5.385268,1.042630,60.000000,-6.367045,1.039992,60.000000,-7.181192,1.054456,60.000000,-0.802378,0.995187,60.000000,-1.680508,1.040364,60.000000,-3.260966,1.055231,60.000000,0.675524,1.050688,60.000000,0.501145,1.045590,60.000000,-5.279291,1.061415,60.000000,-3.746059,1.059794,60.000000,-4.791923,1.047051,60.000000,-6.532845,1.056666,60.000000,-1.672815,1.054939,60.000000,0.781358,1.047500,60.000000,-2.827688,0.982000,60.000000,0.000000,0.983100,60.000000,2.349955,0.997200,60.000000,3.857337,1.012300,60.000000,2.950924,1.049630,60.000000,5.093842,1.063500,60.000000,7.495099,1.027800,60.000000,2.312208,1.026500,60.000000,7.089511,1.030000,60.000000,-8.796257,1.000000,1.000000,1.000000,1.000000,1.000000,1.000000,1.000000,1.000000,-42.642226,0.000000,5.266508,11.685834,3.989094,13.039518,20.310015,-38.263628,288.383297,447.800150,209.391350,467.503357,6.717002,286.592096,294.652499,141.504847,562.436988,245.394482,221.661074,276.382253,200.614467,124.488442,251.663684,184.493662,253.902685,8.239523,988.742731,2.149441,164.790455,75.230425,157.625653,78.812826,137.026846,28.927890,26.868009,92.246831,102.994034,75.767785,-82.574348,42.272334,15.225205,67.617823,24.718568,24.091648,4.119761,223.900075
0.100000,1.049431,60.000000,-7.361122,1.053541,60.000000,-4.984819,1.038509,60.000000,-7.513561,1.014809,60.000000,-8.418431,1.015250,60.000000,-7.559474,1.017135,60.000000,-6.980149,1.007760,60.000000,-8.887101,1.006832,60.000000,-9.316986,1.032682,60.000000,-9.046517,1.025403,60.000000,-4.748821,1.021568,60.000000,-5.507734,1.011373,60.000000,-5.469254,1.023325,60.000000,-5.338341,1.021904,60.000000,-6.704352,1.026077,60.000000,-6.755404,1.040657,60.000000,-5.385268,1.042630,60.000000,-6.367045,1.039992,60.000000,-7.181192,1.054456,60.000000,-0.802378,0.995187,60.000000,-1.680508,1.040364,60.000000,-3.260966,1.055231,60.000000,0.675524,1.050688,60.000000,0.501145,1.045590,60.000000,-5.279291,1.061415,60.000000,-3.746059,1.059794,60.000000,-4.791923,1.047051,60.000000,-6.532845,1.056666,60.000000,-1.672815,1.054939,60.000000,0.781358,1.047500,60.000000,-2.827688,0.982000,60.000000,0.000000,0.983100,60.000000,2.349955,0.997200,60.000000,3.857337,1.012300,60.000000,2.950924,1.049630,60.000000,5.093842,1.063500,60.000000,7.495099,1.027800,60.000000,2.312208,1.026500,60.000000,7.089511,1.030000,60.000000,-8.796257,1.000000,1.000000,1.000000,1.000000,1.000000,1.000000,1.000000,1.000000,-42.642226,0.000000,5.266508,11.685834,3.989094,13.039518,20.310015,-38.263628,288.383297,447.800150,209.391350,467.503357,6.717002,286.592096,294.652499,141.504847,562.436988,245.394482,221.661074,276.382253,200.614467,124.488442,251.663684,184.493662,253.902685,8.239523,988.742731,2.149441,164.790455,75.230425,157.625653,78.812826,137.026846,28.927890,26.868009,92.246831,102.994034,75.767785,-82.574348,42.272334,15.225205,67.617823,24.718568,24.091648,4.119761,223.900075
0.120000,1.049431,60.000000,-7.361122,1.053541,60.000000,-4.984819,1.038509,60.000000,-7.513561,1.014809,60.000000,-8.418431,1.015250,60.000000,-7.559474,1.017135,60.000000,-6.980149,1.007760,60.000000,-8.887101,1.006832,60.000000,-9.316986,1.032682,60.000000,-9.046517,1.025403,60.000000,-4.748821,1.021568,60.000000,-5.507734,1.011373,60.000000,-5.469254,1.023325,60.000000,-5.338341,1.021904,60.000000,-6.704352,1.026077,60.000000,-6.755404,1.040657,60.000000,-5.385268,1.042630,60.000000,-6.367045,1.039992,60.000000,-7.181192,1.054456,60.000000,-0.802378,0.995187,60.000000,-1.680508,1.040364,60.000000,-3.260966,1.055231,60.000000,0.675524,1.050688,60.000000,0.501145,1.045590,60.000000,-5.279291,1.061415,60.000000,-3.746059,1.059794,60.000000,-4.791923,1.047051,60.000000,-6.532845,1.056666,60.000000,-1.672815,1.054939,60.000000,0.781358,1.047500,60.000000,-2.827688,0.982000,60.000000,0.000000,0.983100,60.000000,2.349955,0.997200,60.000000,3.857337,1.012300,60.000000,2.950924,1.049630,60.000000,5.093842,1.063500,60.000000,7.495099,1.027800,60.000000,2.312208,1.026500,60.000000,7.089511,1.030000,60.000000,-8.796257,1.000000,1.000000,1.000000,1.000000,1.000000,1.000000,1.000000,1.000000,-42.642226,0.000000,5.266508,11.685834,3.989094,13.039518,20.310015,-38.263628,288.383297,447.800150,209.391350,467.503357,6.717002,286.592096,294.652499,141.504847,562.436988,245.394482,221.661074,276.382253,200.614467,124.488442,251.663684,184.493662,253.902685,8.239523,988.742731,2.149441,164.790455,75.230425,157.625653,78.812826,137.026846,28.927890,26.868009,92.246831,102.994034,75.767785,-82.574348,42.272334,15.225205,67.617823,24.718568,24.091648,4.119761,223.900075
0.140000,1.049431,60.000000,-7.361122,1.053541,60.000000,-4.984819,1.038509,60.000000,-7.513561,1.014809,60.000000,-8.418431,1.015250,60.000000,-7.559474,1.017135,60.000000,-6.980149,1.007760,60.000000,-8.887101,1.006832,60.000000,-9.316986,1.032682,60.000000,-9.046517,1.025403,60.000000,-4.748821,1.021568,60.000000,-5.507734,1.011373,60.000000,-5.469254,1.023325,60.000000,-5.338341,1.021904,60.000000,-6.704352,1.026077,60.000000,-6.755404,1.040657,60.000000,-5.385268,1.042630,60.000000,-6.367045,1.039992,60.000000,-7.181192,1.054456,60.000000,-0.802378,0.995187,60.000000,-1.680508,1.040364,60.000000,-3.260966,1.055231,60.000000,0.675524,1.050688,60.000000,0.501145,1.045590,60.000000,-5.279291,1.061415,60.000000,-3.746059,1.059794,60.000000,-4.791923,1.047051,60.000000,-6.532845,1.056666,60.000000,-1.672815,1.054939,60.000000,0.781358,1.047500,60.000000,-2.827688,0.982000,60.000000,0.000000,0.983100,60.000000,2.349955,0.997200,60.000000,3.857337,1.012300,60.000000,2.950924,1.049630,60.000000,5.093842,1.063500,60.000000,7.495099,1.027800,60.000000,2.312208,1.026500,60.000000,7.089511,1.030000,60.000000,-8.796257,1.000000,1.000000,1.000000,1.000000,1.000000,1.000000,1.000000,1.000000,-42.642226,0.000000,5.266508,11.685834,3.989094,13.039518,20.310015,-38.263628,288.383297,447.800150,209.391350,467.503357,6.717002,286.592096,294.652499,141.504847,562.436988,245.394482,221.661074,276.382253,200.614467,124.488442,251.663684,184.493662,253.902685,8.239523,988.742731,2.149441,164.790455,75.230425,157.625653,78.812826,137.026846,28.927890,26.868009,92.246831,102.994034,75.767785,-82.574348,42.272334,15.225205,67.617823,24.718568,24.091648,4.119761,223.900075
0.160000,1.049431,60.000000,-7.361122,1.053541,60.000000,-4.984819,1.038509,60.000000,-7.513561,1.014809,60.000000,-8.418431,1.015250,60.000000,-7.559474,1.017135,60.000000,-6.980149,1.007760,60.000000,-8.887101,1.006832,60.000000,-9.316986,1.032682,60.000000,-9.046517,1.025403,60.000000,-4.748821,1.021568,60.000000,-5.507734,1.011373,60.000000,-5.469254,1.023325,60.000000,-5.338341,1.021904,60.000000,-6.704352,1.026077,60.000000,-6.755404,1.040657,60.000000,-5.385268,1.042630,60.000000,-6.367045,1.039992,60.000000,-7.181192,1.054456,60.000000,-0.802378,0.995187,60.000000,-1.680508,1.040364,60.000000,-3.260966,1.055231,60.000000,0.675524,1.050688,60.000000,0.501145,1.045590,60.000000,-5.279291,1.061415,60.000000,-3.746059,1.059794,60.000000,-4.791923,1.047051,60.000000,-6.532845,1.056666,60.000000,-1.672815,1.054939,60.000000,0.781358,1.047500,60.000000,-2.827688,0.982000,60.000000,0.000000,0.983100,60.000000,2.349955,0.997200,60.000000,3.857337,1.012300,60.000000,2.950924,1.049630,60.000000,5.093842,1.063500,60.000000,7.495099,1.027800,60.000000,2.312208,1.026500,60.000000,7.089511,1.030000,60.000000,-8.796257,1.000000,1.000000,1.000000,1.000000,1.000000,1.000000,1.000000,1.000000,-42.642226,0.000000,5.266508,11.685834,3.989094,13.039518,20.310015,-38.263628,288.383297,447.800150,209.391350,467.503357,6.717002,286.592096,294.652499,141.504847,562.436988,245.394482,221.661074,276.382253,200.614467,124.488442,251.663684,184.493662,253.902685,8.239523,988.742731,2.149441,164.790455,75.230425,157.625653,78.812826,137.026846,28.927890,26.868009,92.246831,102.994034,75.767785,-82.574348,42.272334,15.225205,67.617823,24.718568,24.091648,4.119761,223.900075
0.180000,1.049431,60.000000,-7.361122,1.053541,60.000000,-4.984819,1.038509,60.000000,-7.513561,1.014809,60.000000,-8.418431,1.015250,60.000000,-7.559474,1.017135,60.000000,-6.980149,1.007760,60.000000,-8.887101,1.006832,60.000000,-9.316986,1.032682,60.000000,-9.046517,1.025403,60.000000,-4.748821,1.021568,60.000000,-5.507734,1.011373,60.000000,-5.469254,1.023325,60.000000,-5.338341,1.021904,60.000000,-6.704352,1.026077,60.000000,-6.755404,1.040657,60.000000,-5.385268,1.042630,60.000000,-6.367045,1.039992,60.000000,-7.181192,1.054456,60.000000,-0.802378,0.995187,60.000000,-1.680508,1.040364,60.000000,-3.260966,1.055231,60.000000,0.675524,1.050688,60.000000,0.501145,1.045590,60.000000,-5.279291,1.061415,60.000000,-3.746059,1.059794,60.000000,-4.791923,1.047051,60.000000,-6.532845,1.056666,60.000000,-1.672815,1.054939,60.000000,0.781358,1.047500,60.000000,-2.827688,0.982000,60.000000,0.000000,0.983100,60.000000,2.349955,0.997200,60.000000,3.857337,1.012300,60.000000,2.950924,1.049630,60.000000,5.093842,1.063500,60.000000,7.495099,1.027800,60.000000,2.312208,1.026500,60.000000,7.089511,1.030000,60.000000,-8.796257,1.000000,1.000000,1.000000,1.000000,1.000000,1.000000,1.000000,1.000000,-42.642226,0.000000,5.266508,11.685834,3.989094,13.039518,20.310015,-38.263628,288.383297,447.800150,209.391350,467.503357,6.717002,286.592096,294.652499,141.504847,562.436988,245.394482,221.661074,276.382253,200.614467,124.488442,251.663684,184.493662,253.902685,8.239523,988.742731,2.149441,164.790455,75.230425,157.625653,78.812826,137.026846,28.927890,26.868009,92.246831,102.994034,75.767785,-82.574348,42.272334,15.225205,67.617823,24.718568,24.091648,4.119761,223.900075
0.200000,1.049431,60.000000,-7.361122,1.053541,60.000000,-4.984819,1.038509,60.000000,-7.513561,1.014809,60.000000,-8.418431,1.015250,60.000000,-7.559474,1.017135,60.000000,-6.980149,1.007760,60.000000,-8.887101,1.006832,60.000000,-9.316986,1.032682,60.000000,-9.046517,1.025403,60.000000,-4.748821,1.021568,60.000000,-5.507734,1.011373,60.000000,-5.469254,1.023325,60.000000,-5.338341,1.021904,60.000000,-6.704352,1.026077,60.000000,-6.755404,1.040657,60.000000,-5.385268,1.042630,60.000000,-6.367045,1.039992,60.000000,-7.181192,1.054456,60.000000,-0.802378,0.995187,60.000000,-1.680508,1.040364,60.000000,-3.260966,1.055231,60.000000,0.675524,1.050688,60.000000,0.501145,1.045590,60.000000,-5.279291,1.061415,60.000000,-3.746059,1.059794,60.000000,-4.791923,1.047051,60.000000,-6.532845,1.056666,60.000000,-1.672815,1.054939,60.000000,0.781358,1.047500,60.000000,-2.827688,0.982000,60.000000,0.000000,0.983100,60.000000,2.349955,0.997200,60.000000,3.857337,1.012300,60.000000,2.950924,1.049630,60.000000,5.093842,1.063500,60.000000,7.495099,1.027800,60.000000,2.312208,1.026500,60.000000,7.089511,1.030000,60.000000,-8.796257,1.000000,1.000000,1.000000,1.000000,1.000000,1.000000,1.000000,1.000000,-42.642226,0.000000,5.266508,11.685834,3.989094,13.039518,20.310015,-38.263628,288.383297,447.800150,209.391350,467.503357,6.717002,286.592096,294.652499,141.504847,562.436988,245.394482,221.661074,276.382253,200.614467,124.488442,251.663684,184.493662,253.902685,8.239523,988.742731,2.149441,164.790455,75.230425,157.625653,78.812826,137.026846,28.927890,26.868009,92.246831,102.994034,75.767785,-82.574348,42.272334,15.225205,67.617823,24.718568,24.091648,4.119761,223.900075
0.220000,1.049431,60.000000,-7.361122,1.053541,60.000000,-4.984819,1.038509,60.000000,-7.513561,1.014809,60.000000,-8.418431,1.015250,60.000000,-7.559474,1.017135,60.000000,-6.980149,1.007760,60.000000,-8.887101,1.006832,60.000000,-9.316986,1.032682,60.000000,-9.046517,1.025403,60.000000,-4.748821,1.021568,60.000000,-5.507734,1.011373,60.000000,-5.469254,1.023325,60.000000,-5.338341,1.021904,60.000000,-6.704352,1.026077,60.000000,-6.755404,1.040657,60.000000,-5.385268,1.042630,60.000000,-6.367045,1.039992,60.000000,-7.181192,1.054456,60.000000,-0.802378,0.995187,60.000000,-1.680508,1.040364,60.000000,-3.260966,1.055231,60.000000,0.675524,1.050688,60.000000,0.501145,1.045590,60.000000,-5.279291,1.061415,60.000000,-3.746059,1.059794,60.000000,-4.791923,1.047051,60.000000,-6.532845,1.056666,60.000000,-1.672815,1.054939,60.000000,0.781358,1.047500,60.000000,-2.827688,0.982000,60.000000,0.000000,0.983100,60.000000,2.349955,0.997200,60.000000,3.857337,1.012300,60.000000,2.950924,1.049630,60.000000,5.093842,1.063500,60.000000,7.495099,1.027800,60.000000,2.312208,1.026500,60.000000,7.089511,1.030000,60.000000,-8.796257,1.000000,1.000000,1.000000,1.000000,1.000000,1.000000,1.000000,1.000000,-42.642226,0.000000,5.266508,11.685834,3.989094,13.039518,20.310015,-38.263628,288.383297,447.800150,209.391350,467.503357,6.717002,286.592096,294.652499,141.504847,562.436988,245.394482,221.661074,276.382253,200.614467,124.488442,251.663684,184.493662,253.902685,8.239523,988.742731,2.149441,164.790455,75.230425,157.625653,78.812826,137.026846,28.927890,26.868009,92.246831,102.994034,75.767785,-82.574348,42.272334,15.225205,67.617823,24.718568,24.091648,4.119761,223.900075
0.240000,1.049431,60.000000,-7.361122,1.053541,60.000000,-4.984819,1.038509,60.000000,-7.513561,1.014809,60.000000,-8.418431,1.015250,60.000000,-7.559474,1.017135,60.000000,-6.980149,1.007760,60.000000,-8.887101,1.006832,60.000000,-9.316986,1.032682,60.000000,-9.046517,1.025403,60.000000,-4.748821,1.021568,60.000000,-5.507734,1.011373,60.000000,-5.469254,1.023325,60.000000,-5.338341,1.021904,60.000000,-6.704352,1.026077,60.000000,-6.755404,1.040657,60.000000,-5.385268,1.042630,60.000000,-6.367045,1.039992,60.000000,-7.181192,1.054456,60.000000,-0.802378,0.995187,60.000000,-1.680508,1.040364,60.000000,-3.260966,1.055231,60.000000,0.675524,1.050688,60.000000,0.501145,1.045590,60.000000,-5.279291,1.061415,60.000000,-3.746059,1.059794,60.000000,-4.791923,1.047051,60.000000,-6.532845,1.056666,60.000000,-1.672815,1.054939,60.000000,0.781358,1.047500,60.000000,-2.827688,0.982000,60.000000,0.000000,0.983100,60.000000,2.349955,0.997200,60.000000,3.857337,1.012300,60.000000,2.950924,1.049630,60.000000,5.093842,1.063500,60.000000,7.495099,1.027800,60.000000,2.312208,1.026500,60.000000,7.089511,1.030000,60.000000,-8.796257,1.000000,1.000000,1.000000,1.000000,1.000000,1.000000,1.000000,1.000000,-42.642226,0.000000,5.266508,11.685834,3.989094,13.039518,20.310015,-38.263628,288.383297,447.800150,209.391350,467.503357,6.717002,286.592096,294.652499,141.504847,562.436988,245.394482,221.661074,276.382253,200.614467,124.488442,251.663684,184.493662,253.902685,8.239523,988.742731,2.149441,164.790455,75.230425,157.625653,78.812826,137.026846,28.927890,26.868009,92.246831,102.994034,75.767785,-82.574348,42.272334,15.225205,67.617823,24.718568,24.091648,4.119761,223.900075
0.260000,1.049431,60.000000,-7.361122,1.053541,60.000000,-4.984819,1.038509,60.000000,-7.513561,1.014809,60.000000,-8.418431,1.015250,60.000000,-7.559474,1.017135,60.000000,-6.980149,1.007760,60.000000,-8.887101,1.006832,60.000000,-9.316986,1.032682,60.000000,-9.046517,1.025403,60.000000,-4.748821,1.021568,60.000000,-5.507734,1.011373,60.000000,-5.469254,1.023325,60.000000,-5.338341,1.021904,60.000000,-6.704352,1.026077,60.000000,-6.755404,1.040657,60.000000,-5.385268,1.042630,60.000000,-6.367045,1.039992,60.000000,-7.181192,1.054456,60.000000,-0.802378,0.995187,60.000000,-1.680508,1.040364,60.000000,-3.260966,1.055231,60.000000,0.675524,1.050688,60.000000,0.501145,1.045590,60.000000,-5.279291,1.061415,60.000000,-3.746059,1.059794,60.000000,-4.791923,1.047051,60.000000,-6.532845,1.056666,60.000000,-1.672815,1.054939,60.000000,0.781358,1.047500,60.000000,-2.827688,0.982000,60.000000,0.000000,0.983100,60.000000,2.349955,0.997200,60.000000,3.857337,1.012300,60.000000,2.950924,1.049630,60.000000,5.093842,1.063500,60.000000,7.495099,1.027800,60.000000,2.312208,1.026500,60.000000,7.089511,1.030000,60.000000,-8.796257,1.000000,1.000000,1.000000,1.000000,1.000000,1.000000,1.000000,1.000000,-42.642226,0.000000,5.266508,11.685834,3.989094,13.039518,20.310015,-38.263628,288.383297,447.800150,209.391350,467.503357,6.717002,286.592096,294.652499,141.504847,562.436988,245.394482,221.661074,276.382253,200.614467,124.488442,251.663684,184.493662,253.902685,8.239523,988.742731,2.149441,164.790455,75.230425,157.625653,78.812826,137.026846,28.927890,26.868009,92.246831,102.994034,75.767785,-82.574348,42.272334,15.225205,67.617823,24.718568,24.091648,4.119761,223.900075
0.280000,1.049431,60.000000,-7.361122,1.053541,60.000000,-4.984819,1.038509,60.000000,-7.513561,1.014809,60.000000,-8.418431,1.015250,60.000000,-7.559474,1.017135,60.000000,-6.980149,1.007760,60.000000,-8.887101,1.006832,60.000000,-9.316986,1.032682,60.000000,-9.046517,1.025403,60.000000,-4.748821,1.021568,60.000000,-5.507734,1.011373,60.000000,-5.469254,1.023325,60.000000,-5.338341,1.021904,60.000000,-6.704352,1.026077,60.000000,-6.755404,1.040657,60.000000,-5.385268,1.042630,60.000000,-6.367045,1.039992,60.000000,-7.181192,1.054456,60.000000,-0.802378,0.995187,60.000000,-1.680508,1.040364,60.000000,-3.260966,1.055231,60.000000,0.675524,1.050688,60.000000,0.501145,1.045590,60.000000,-5.279291,1.061415,60.000000,-3.746059,1.059794,60.000000,-4.791923,1.047051,60.000000,-6.532845,1.056666,60.000000,-1.672815,1.054939,60.000000,0.781358,1.047500,60.000000,-2.827688,0.982000,60.000000,0.000000,0.983100,60.000000,2.349955,0.997200,60.000000,3.857337,1.012300,60.000000,2.950924,1.049630,60.000000,5.093842,1.063500,60.000000,7.495099,1.027800,60.000000,2.312208,1.026500,60.000000,7.089511,1.030000,60.000000,-8.796257,1.000000,1.000000,1.000000,1.000000,1.000000,1.000000,1.000000,1.000000,-42.642226,0.000000,5.266508,11.685834,3.989094,13.039518,20.310015,-38.263628,288.383297,447.800150,209.391350,467.503357,6.717002,286.592096,294.652499,141.504847,562.436988,245.394482,221.661074,276.382253,200.614467,124.488442,251.663684,184.493662,253.902685,8.239523,988.742731,2.149441,164.790455,75.230425,157.625653,78.812826,137.026846,28.927890,26.868009,92.246831,102.994034,75.767785,-82.574348,42.272334,15.225205,67.617823,24.718568,24.091648,4.119761,223.900075
0.300000,1.049431,60.000000,-7.361122,1.053541,60.000000,-4.984819,1.038509,60.000000,-7.513561,1.014809,60.000000,-8.418431,1.015250,60.000000,-7.559474,1.017135,60.000000,-6.980149,1.007760,60.000000,-8.887101,1.006832,60.000000,-9.316986,1.032682,60.000000,-9.046517,1.025403,60.000000,-4.748821,1.021568,60.000000,-5.507734,1.011373,60.000000,-5.469254,1.023325,60.000000,-5.338341,1.021904,60.000000,-6.704352,1.026077,60.000000,-6.755404,1.040657,60.000000,-5.385268,1.042630,60.000000,-6.367045,1.039992,60.000000,-7.181192,1.054456,60.000000,-0.802378,0.995187,60.000000,-1.680508,1.040364,60.000000,-3.260966,1.055231,60.000000,0.675524,1.050688,60.000000,0.501145,1.045590,60.000000,-5.279291,1.061415,60.000000,-3.746059,1.059794,60.000000,-4.791923,1.047051,60.000000,-6.532845,1.056666,60.000000,-1.672815,1.054939,60.000000,0.781358,1.047500,60.000000,-2.827688,0.982000,60.000000,0.000000,0.983100,60.000000,2.349955,0.997200,60.000000,3.857337,1.012300,60.000000,2.950924,1.049630,60.000000,5.093842,1.063500,60.000000,7.495099,1.027800,60.000000,2.312208,1.026500,60.000000,7.089511,1.030000,60.000000,-8.796257,1.000000,1.000000,1.000000,1.000000,1.000000,1.000000,1.000000,1.000000,-42.642226,0.000000,5.266508,11.685834,3.989094,13.039518,20.310015,-38.263628,288.383297,447.800150,209.391350,467.503357,6.717002,286.592096,294.652499,141.504847,562.436988,245.394482,221.661074,276.382253,200.614467,124.488442,251.663684,184.493662,253.902685,8.239523,988.742731,2.149441,164.790455,75.230425,157.625653,78.812826,137.026846,28.927890,26.868009,92.246831,102.994034,75.767785,-82.574348,42.272334,15.225205,67.617823,24.718568,24.091648,4.119761,223.900075
0.320000,1.049431,60.000000,-7.361122,1.053541,60.000000,-4.984819,1.038509,60.000000,-7.513561,1.014809,60.000000,-8.418431,1.015250,60.000000,-7.559474,1.017135,60.000000,-6.980149,1.007760,60.000000,-8.887101,1.006832,60.000000,-9.316986,1.032682,60.000000,-9.046517,1.025403,60.000000,-4.748821,1.021568,60.000000,-5.507734,1.011373,60.000000,-5.469254,1.023325,60.000000,-5.338341,1.021904,60.000000,-6.704352,1.026077,60.000000,-6.755404,1.040657,60.000000,-5.385268,1.042630,60.000000,-6.367045,1.039992,60.000000,-7.181192,1.054456,60.000000,-0.802378,0.995187,60.000000,-1.680508,1.040364,60.000000,-3.260966,1.055231,60.000000,0.675524,1.050688,60.000000,0.501145,1.045590,60.000000,-5.279291,1.061415,60.000000,-3.746059,1.059794,60.000000,-4.791923,1.047051,60.000000,-6.532845,1.056666,60.000000,-1.672815,1.054939,60.000000,0.781358,1.047500,60.000000,-2.827688,0.982000,60.000000,0.000000,0.983100,60.000000,2.349955,0.997200,60.000000,3.857337,1.012300,60.000000,2.950924,1.049630,60.000000,5.093842,1.063500,60.000000,7.495099,1.027800,60.000000,2.312208,1.026500,60.000000,7.089511,1.030000,60.000000,-8.796257,1.000000,1.000000,1.000000,1.000000,1.000000,1.000000,1.000000,1.000000,-42.642226,0.000000,5.266508,11.685834,3.989094,13.039518,20.310015,-38.263628,288.383297,447.800150,209.391350,467.503357,6.717002,286.592096,294.652499,141.504847,562.436988,245.394482,221.661074,276.382253,200.614467,124.488442,251.663684,184.493662,253.902685,8.239523,988.742731,2.149441,164.790455,75.230425,157.625653,78.812826,137.026846,28.927890,26.868009,92.246831,102.994034,75.767785,-82.574348,42.272334,15.225205,67.617823,24.718568,24.091648,4.119761,223.900075
0.340000,1.049431,60.000000,-7.361122,1.053541,60.000000,-4.984819,1.038509,60.000000,-7.513561,1.014809,60.000000,-8.418431,1.015250,60.000000,-7.559474,1.017135,60.000000,-6.980149,1.007760,60.000000,-8.887101,1.006832,60.000000,-9.316986,1.032682,60.000000,-9.046517,1.025403,60.000000,-4.748821,1.021568,60.000000,-5.507734,1.011373,60.000000,-5.469254,1.023325,60.000000,-5.338341,1.021904,60.000000,-6.704352,1.026077,60.000000,-6.755404,1.040657,60.000000,-5.385268,1.042630,60.000000,-6.367045,1.039992,60.000000,-7.181192,1.054456,60.000000,-0.802378,0.995187,60.000000,-1.680508,1.040364,60.000000,-3.260966,1.055231,60.000000,0.675524,1.050688,60.000000,0.501145,1.045590,60.000000,-5.279291,1.061415,60.000000,-3.746059,1.059794,60.000000,-4.791923,1.047051,60.000000,-6.532845,1.056666,60.000000,-1.672815,1.054939,60.000000,0.781358,1.047500,60.000000,-2.827688,0.982000,60.000000,0.000000,0.983100,60.000000,2.349955,0.997200,60.000000,3.857337,1.012300,60.000000,2.950924,1.049630,60.000000,5.093842,1.063500,60.000000,7.495099,1.027800,60.000000,2.312208,1.026500,60.000000,7.089511,1.030000,60.000000,-8.796257,1.000000,1.000000,1.000000,1.000000,1.000000,1.000000,1.000000,1.000000,-42.642226,0.000000,5.266508,11.685834,3.989094,13.039518,20.310015,-38.263628,288.383297,447.800150,209.391350,467.503357,6.717002,286.592096,294.652499,141.504847,562.436988,245.394482,221.661074,276.382253,200.614467,124.488442,251.663684,184.493662,253.902685,8.239523,988.742731,2.149441,164.790455,75.230425,157.625653,78.812826,137.026846,28.927890,26.868009,92.246831,102.994034,75.767785,-82.574348,42.272334,15.225205,67.617823,24.718568,24.091648,4.119761,223.900075
0.360000,1.049431,60.000000,-7.361122,1.053541,60.000000,-4.984819,1.038509,60.000000,-7.513561,1.014809,60.000000,-8.418431,1.015250,60.000000,-7.559474,1.017135,60.000000,-6.980149,1.007760,60.000000,-8.887101,1.006832,60.000000,-9.316986,1.032682,60.000000,-9.046517,1.025403,60.000000,-4.748821,1.021568,60.000000,-5.507734,1.011373,60.000000,-5.469254,1.023325,60.000000,-5.338341,1.021904,60.000000,-6.704352,1.026077,60.000000,-6.755404,1.040657,60.000000,-5.385268,1.042630,60.000000,-6.367045,1.039992,60.000000,-7.181192,1.054456,60.000000,-0.802378,0.995187,60.000000,-1.680508,1.040364,60.000000,-3.260966,1.055231,60.000000,0.675524,1.050688,60.000000,0.501145,1.045590,60.000000,-5.279291,1.061415,60.000000,-3.746059,1.059794,60.000000,-4.791923,1.047051,60.000000,-6.532845,1.056666,60.000000,-1.672815,1.054939,60.000000,0.781358,1.047500,60.000000,-2.827688,0.982000,60.000000,0.000000,0.983100,60.000000,2.349955,0.997200,60.000000,3.857337,1.012300,60.000000,2.950924,1.049630,60.000000,5.093842,1.063500,60.000000,7.495099,1.027800,60.000000,2.312208,1.026500,60.000000,7.089511,1.030000,60.000000,-8.796257,1.000000,1.000000,1.000000,1.000000,1.000000,1.000000,1.000000,1.000000,-42.642226,0.000000,5.266508,11.685834,3.989094,13.039518,20.310015,-38.263628,288.383297,447.800150,209.391350,467.503357,6.717002,286.592096,294.652499,141.504847,562.436988,245.394482,221.661074,276.382253,200.614467,124.488442,251.663684,184.493662,253.902685,8.239523,988.742731,2.149441,164.790455,75.230425,157.625653,78.812826,137.026846,28.927890,26.868009,92.246831,102.994034,75.767785,-82.574348,42.272334,15.225205,67.617823,24.718568,24.091648,4.119761,223.900075
0.380000,1.049431,60.000000,-7.361122,1.053541,60.000000,-4.984819,1.038509,60.000000,-7.513561,1.014809,60.000000,-8.418431,1.015250,60.000000,-7.559474,1.017135,60.000000,-6.980149,1.007760,60.000000,-8.887101,1.006832,60.000000,-9.316986,1.032682,60.000000,-9.046517,1.025403,60.000000,-4.748821,1.021568,60.000000,-5.507734,1.011373,60.000000,-5.469254,1.023325,60.000000,-5.338341,1.021904,60.000000,-6.704352,1.026077,60.000000,-6.755404,1.040657,60.000000,-5.385268,1.042630,60.000000,-6.367045,1.039992,60.000000,-7.181192,1.054456,60.000000,-0.802378,0.995187,60.000000,-1.680508,1.040364,60.000000,-3.260966,1.055231,60.000000,0.675524,1.050688,60.000000,0.501145,1.045590,60.000000,-5.279291,1.061415,60.000000,-3.746059,1.059794,60.000000,-4.791923,1.047051,60.000000,-6.532845,1.056666,60.000000,-1.672815,1.054939,60.000000,0.781358,1.047500,60.000000,-2.827688,0.982000,60.000000,0.000000,0.983100,60.000000,2.349955,0.997200,60.000000,3.857337,1.012300,60.000000,2.950924,1.049630,60.000000,5.093842,1.063500,60.000000,7.495099,1.027800,60.000000,2.312208,1.026500,60.000000,7.089511,1.030000,60.000000,-8.796257,1.000000,1.000000,1.000000,1.000000,1.000000,1.000000,1.000000,1.000000,-42.642226,0.000000,5.266508,11.685834,3.989094,13.039518,20.310015,-38.263628,288.383297,447.800150,209.391350,467.503357,6.717002,286.592096,294.652499,141.504847,562.436988,245.394482,221.661074,276.382253,200.614467,124.488442,251.663684,184.493662,253.902685,8.239523,988.742731,2.149441,164.790455,75.230425,157.625653,78.812826,137.026846,28.927890,26.868009,92.246831,102.994034,75.767785,-82.574348,42.272334,15.225205,67.617823,24.718568,24.091648,4.119761,223.900075
0.400000,1.049431,60.000000,-7.361122,1.053541,60.000000,-4.984819,1.038509,60.000000,-7.513561,1.014809,60.000000,-8.418431,1.015250,60.000000,-7.559474,1.017135,60.000000,-6.980149,1.007760,60.000000,-8.887101,1.006832,60.000000,-9.316986,1.032682,60.000000,-9.046517,1.025403,60.000000,-4.748821,1.021568,60.000000,-5.507734,1.011373,60.000000,-5.469254,1.023325,60.000000,-5.338341,1.021904,60.000000,-6.704352,1.026077,60.000000,-6.755404,1.040657,60.000000,-5.385268,1.042630,60.000000,-6.367045,1.039992,60.000000,-7.181192,1.054456,60.000000,-0.802378,0.995187,60.000000,-1.680508,1.040364,60.000000,-3.260966,1.055231,60.000000,0.675524,1.050688,60.000000,0.501145,1.045590,60.000000,-5.279291,1.061415,60.000000,-3.746059,1.059794,60.000000,-4.791923,1.047051,60.000000,-6.532845,1.056666,60.000000,-1.672815,1.054939,60.000000,0.781358,1.047500,60.000000,-2.827688,0.982000,60.000000,0.000000,0.983100,60.000000,2.349955,0.997200,60.000000,3.857337,1.012300,60.000000,2.950924,1.049630,60.000000,5.093842,1.063500,60.000000,7.495099,1.027800,60.000000,2.312208,1.026500,60.000000,7.089511,1.030000,60.000000,-8.796257,1.000000,1.000000,1.000000,1.000000,1.000000,1.000000,1.000000,1.000000,-42.642226,0.000000,5.266508,11.685834,3.989094,13.039518,20.310015,-38.263628,288.383297,447.800150,209.391350,467.503357,6.717002,286.592096,294.652499,141.504847,562.436988,245.394482,221.661074,276.382253,200.614467,124.488442,251.663684,184.493662,253.902685,8.239523,988.742731,2.149441,164.790455,75.230425,157.625653,78.812826,137.026846,28.927890,26.868009,92.246831,102.994034,75.767785,-82.574348,42.272334,15.225205,67.617823,24.718568,24.091648,4.119761,223.900075
0.420000,1.049431,60.000000,-7.361122,1.053541,60.000000,-4.984819,1.038509,60.000000,-7.513561,1.014809,60.000000,-8.418431,1.015250,60.000000,-7.559474,1.017135,60.000000,-6.980149,1.007760,60.000000,-8.887101,1.006832,60.000000,-9.316986,1.032682,60.000000,-9.046517,1.025403,60.000000,-4.748821,1.021568,60.000000,-5.507734,1.011373,60.000000,-5.469254,1.023325,60.000000,-5.338341,1.021904,60.000000,-6.704352,1.026077,60.000000,-6.755404,1.040657,60.000000,-5.385268,1.042630,60.000000,-6.367045,1.039992,60.000000,-7.181192,1.054456,60.000000,-0.802378,0.995187,60.000000,-1.680508,1.040364,60.000000,-3.260966,1.055231,60.000000,0.675524,1.050688,60.000000,0.501145,1.045590,60.000000,-5.279291,1.061415,60.000000,-3.746059,1.059794,60.000000,-4.791923,1.047051,60.000000,-6.532845,1.056666,60.000000,-1.672815,1.054939,60.000000,0.781358,1.047500,60.000000,-2.827688,0.982000,60.000000,0.000000,0.983100,60.000000,2.349955,0.997200,60.000000,3.857337,1.012300,60.000000,2.950924,1.049630,60.000000,5.093842,1.063500,60.000000,7.495099,1.027800,60.000000,2.312208,1.026500,60.000000,7.089511,1.030000,60.000000,-8.796257,1.000000,1.000000,1.000000,1.000000,1.000000,1.000000,1.000000,1.000000,-42.642226,0.000000,5.266508,11.685834,3.989094,13.039518,20.310015,-38.263628,288.383297,447.800150,209.391350,467.503357,6.717002,286.592096,294.652499,141.504847,562.436988,245.394482,221.661074,276.382253,200.614467,124.488442,251.663684,184.493662,253.902685,8.239523,988.742731,2.149441,164.790455,75.230425,157.625653,78.812826,137.026846,28.927890,26.868009,92.246831,102.994034,75.767785,-82.574348,42.272334,15.225205,67.617823,24.718568,24.091648,4.119761,223.900075
0.440000,1.049431,60.000000,-7.361122,1.053541,60.000000,-4.984819,1.038509,60.000000,-7.513561,1.014809,60.000000,-8.418431,1.015250,60.000000,-7.559474,1.017135,60.000000,-6.980149,1.007760,60.000000,-8.887101,1.006832,60.000000,-9.316986,1.032682,60.000000,-9.046517,1.025403,60.000000,-4.748821,1.021568,60.000000,-5.507734,1.011373,60.000000,-5.469254,1.023325,60.000000,-5.338341,1.021904,60.000000,-6.704352,1.026077,60.000000,-6.755404,1.040657,60.000000,-5.385268,1.042630,60.000000,-6.367045,1.039992,60.000000,-7.181192,1.054456,60.000000,-0.802378,0.995187,60.000000,-1.680508,1.040364,60.000000,-3.260966,1.055231,60.000000,0.675524,1.050688,60.000000,0.501145,1.045590,60.000000,-5.279291,1.061415,60.000000,-3.746059,1.059794,60.000000,-4.791923,1.047051,60.000000,-6.532845,1.056666,60.000000,-1.672815,1.054939,60.000000,0.781358,1.047500,60.000000,-2.827688,0.982000,60.000000,0.000000,0.983100,60.000000,2.349955,0.997200,60.000000,3.857337,1.012300,60.000000,2.950924,1.049630,60.000000,5.093842,1.063500,60.000000,7.495099,1.027800,60.000000,2.312208,1.026500,60.000000,7.089511,1.030000,60.000000,-8.796257,1.000000,1.000000,1.000000,1.000000,1.000000,1.000000,1.000000,1.000000,-42.642226,0.000000,5.266508,11.685834,3.989094,13.039518,20.310015,-38.263628,288.383297,447.800150,209.391350,467.503357,6.717002,286.592096,294.652499,141.504847,562.436988,245.394482,221.661074,276.382253,200.614467,124.488442,251.663684,184.493662,253.902685,8.239523,988.742731,2.149441,164.790455,75.230425,157.625653,78.812826,137.026846,28.927890,26.868009,92.246831,102.994034,75.767785,-82.574348,42.272334,15.225205,67.617823,24.718568,24.091648,4.119761,223.900075
0.460000,1.049431,60.000000,-7.361122,1.053541,60.000000,-4.984819,1.038509,60.000000,-7.513561,1.014809,60.000000,-8.418431,1.015250,60.000000,-7.559474,1.017135,60.000000,-6.980149,1.007760,60.000000,-8.887101,1.006832,60.000000,-9.316986,1.032682,60.000000,-9.046517,1.025403,60.000000,-4.748821,1.021568,60.000000,-5.507734,1.011373,60.000000,-5.469254,1.023325,60.000000,-5.338341,1.021904,60.000000,-6.704352,1.026077,60.000000,-6.755404,1.040657,60.000000,-5.385268,1.042630,60.000000,-6.367045,1.039992,60.000000,-7.181192,1.054456,60.000000,-0.802378,0.995187,60.000000,-1.680508,1.040364,60.000000,-3.260966,1.055231,60.000000,0.675524,1.050688,60.000000,0.501145,1.045590,60.000000,-5.279291,1.061415,60.000000,-3.746059,1.059794,60.000000,-4.791923,1.047051,60.000000,-6.532845,1.056666,60.000000,-1.672815,1.054939,60.000000,0.781358,1.047500,60.000000,-2.827688,0.982000,60.000000,0.000000,0.983100,60.000000,2.349955,0.997200,60.000000,3.857337,1.012300,60.000000,2.950924,1.049630,60.000000,5.093842,1.063500,60.000000,7.495099,1.027800,60.000000,2.312208,1.026500,60.000000,7.089511,1.030000,60.000000,-8.796257,1.000000,1.000000,1.000000,1.000000,1.000000,1.000000,1.000000,1.000000,-42.642226,0.000000,5.266508,11.685834,3.989094,13.039518,20.310015,-38.263628,288.383297,447.800150,209.391350,467.503357,6.717002,286.592096,294.652499,141.504847,562.436988,245.394482,221.661074,276.382253,200.614467,124.488442,251.663684,184.493662,253.902685,8.239523,988.742731,2.149441,164.790455,75.230425,157.625653,78.812826,137.026846,28.927890,26.868009,92.246831,102.994034,75.767785,-82.574348,42.272334,15.225205,67.617823,24.718568,24.091648,4.119761,223.900075
0.480000,1.049431,60.000000,-7.361122,1.053541,60.000000,-4.984819,1.038509,60.000000,-7.513561,1.014809,60.000000,-8.418431,1.015250,60.000000,-7.559474,1.017135,60.000000,-6.980149,1.007760,60.000000,-8.887101,1.006832,60.000000,-9.316986,1.032682,60.000000,-9.046517,1.025403,60.000000,-4.748821,1.021568,60.000000,-5.507734,1.011373,60.000000,-5.469254,1.023325,60.000000,-5.338341,1.021904,60.000000,-6.704352,1.026077,60.000000,-6.755404,1.040657,60.000000,-5.385268,1.042630,60.000000,-6.367045,1.039992,60.000000,-7.181192,1.054456,60.000000,-0.802378,0.995187,60.000000,-1.680508,1.040364,60.000000,-3.260966,1.055231,60.000000,0.675524,1.050688,60.000000,0.501145,1.045590,60.000000,-5.279291,1.061415,60.000000,-3.746059,1.059794,60.000000,-4.791923,1.047051,60.000000,-6.532845,1.056666,60.000000,-1.672815,1.054939,60.000000,0.781358,1.047500,60.000000,-2.827688,0.982000,60.000000,0.000000,0.983100,60.000000,2.349955,0.997200,60.000000,3.857337,1.012300,60.000000,2.950924,1.049630,60.000000,5.093842,1.063500,60.000000,7.495099,1.027800,60.000000,2.312208,1.026500,60.000000,7.089511,1.030000,60.000000,-8.796257,1.000000,1.000000,1.000000,1.000000,1.000000,1.000000,1.000000,1.000000,-42.642226,0.000000,5.266508,11.685834,3.989094,13.039518,20.310015,-38.263628,288.383297,447.800150,209.391350,467.503357,6.717002,286.592096,294.652499,141.504847,562.436988,245.394482,221.661074,276.382253,200.614467,124.488442,251.663684,184.493662,253.902685,8.239523,988.742731,2.149441,164.790455,75.230425,157.625653,78.812826,137.026846,28.927890,26.868009,92.246831,102.994034,75.767785,-82.574348,42.272334,15.225205,67.617823,24.718568,24.091648,4.119761,223.900075
0.500000,1.049431,60.000000,-7.361122,1.053541,60.000000,-4.984819,1.038509,60.000000,-7.513561,1.014809,60.000000,-8.418431,1.015250,60.000000,-7.559474,1.017135,60.000000,-6.980149,1.007760,60.000000,-8.887101,1.006832,60.000000,-9.316986,1.032682,60.000000,-9.046517,1.025403,60.000000,-4.748821,1.021568,60.000000,-5.507734,1.011373,60.000000,-5.469254,1.023325,60.000000,-5.338341,1.021904,60.000000,-6.704352,1.026077,60.000000,-6.755404,1.040657,60.000000,-5.385268,1.042630,60.000000,-6.367045,1.039992,60.000000,-7.181192,1.054456,60.000000,-0.802378,0.995187,60.000000,-1.680508,1.040364,60.000000,-3.260966,1.055231,60.000000,0.675524,1.050688,60.000000,0.501145,1.045590,60.000000,-5.279291,1.061415,60.000000,-3.746059,1.059794,60.000000,-4.791923,1.047051,60.000000,-6.532845,1.056666,60.000000,-1.672815,1.054939,60.000000,0.781358,1.047500,60.000000,-2.827688,0.982000,60.000000,0.000000,0.983100,60.000000,2.349955,0.997200,60.000000,3.857337,1.012300,60.000000,2.950924,1.049630,60.000000,5.093842,1.063500,60.000000,7.495099,1.027800,60.000000,2.312208,1.026500,60.000000,7.089511,1.030000,60.000000,-8.796257,1.000000,1.000000,1.000000,1.000000,1.000000,1.000000,1.000000,1.000000,-42.642226,0.000000,5.266508,11.685834,3.989094,13.039518,20.310015,-38.263628,288.383297,447.800150,209.391350,467.503357,6.717002,286.592096,294.652499,141.504847,562.436988,245.394482,221.661074,276.382253,200.614467,124.488442,251.663684,184.493662,253.902685,8.239523,988.742731,2.149441,164.790455,75.230425,157.625653,78.812826,137.026846,28.927890,26.868009,92.246831,102.994034,75.767785,-82.574348,42.272334,15.225205,67.617823,24.718568,24.091648,4.119761,223.900075
0.520000,1.049431,60.000000,-7.361122,1.053541,60.000000,-4.984819,1.038509,60.000000,-7.513561,1.014809,60.000000,-8.418431,1.015250,60.000000,-7.559474,1.017135,60.000000,-6.980149,1.007760,60.000000,-8.887101,1.006832,60.000000,-9.316986,1.032682,60.000000,-9.046517,1.025403,60.000000,-4.748821,1.021568,60.000000,-5.507734,1.011373,60.000000,-5.469254,1.023325,60.000000,-5.338341,1.021904,60.000000,-6.704352,1.026077,60.000000,-6.755404,1.040657,60.000000,-5.385268,1.042630,60.000000,-6.367045,1.039992,60.000000,-7.181192,1.054456,60.000000,-0.802378,0.995187,60.000000,-1.680508,1.040364,60.000000,-3.260966,1.055231,60.000000,0.675524,1.050688,60.000000,0.501145,1.045590,60.000000,-5.279291,1.061415,60.000000,-3.746059,1.059794,60.000000,-4.791923,1.047051,60.000000,-6.532845,1.056666,60.000000,-1.672815,1.054939,60.000000,0.781358,1.047500,60.000000,-2.827688,0.982000,60.000000,-0.000000,0.983100,60.000000,2.349955,0.997200,60.000000,3.857337,1.012300,60.000000,2.950924,1.049630,60.000000,5.093842,1.063500,60.000000,7.495099,1.027800,60.000000,2.312208,1.026500,60.000000,7.089511,1.030000,60.000000,-8.796257,1.000000,1.000000,1.000000,1.000000,1.000000,1.000000,1.000000,1.000000,-42.642226,0.000000,5.266508,11.685834,3.989094,13.039518,20.310015,-38.263628,288.383297,447.800150,209.391350,467.503357,6.717002,286.592096,294.652499,141.504847,562.436988,245.394482,221.661074,276.382253,200.614467,124.488442,251.663684,184.493662,253.902685,8.239523,988.742731,2.149441,164.790455,75.230425,157.625653,78.812826,137.026846,28.927890,26.868009,92.246831,102.994034,75.767785,-82.574348,42.272334,15.225205,67.617823,24.718568,24.091648,4.119761,223.900075
0.540000,1.049431,60.000000,-7.361122,1.053541,60.000000,-4.984819,1.038509,60.000000,-7.513561,1.014809,60.000000,-8.418431,1.015250,60.000000,-7.559474,1.017135,60.000000,-6.980149,1.007760,60.000000,-8.887101,1.006832,60.000000,-9.316986,1.032682,60.000000,-9.046517,1.025403,60.000000,-4.748821,1.021568,60.000000,-5.507734,1.011373,60.000000,-5.469254,1.023325,60.000000,-5.338341,1.021904,60.000000,-6.704352,1.026077,60.000000,-6.755404,1.040657,60.000000,-5.385268,1.042630,60.000000,-6.367045,1.039992,60.000000,-7.181192,1.054456,60.000000,-0.802378,0.995187,60.000000,-1.680508,1.040364,60.000000,-3.260966,1.055231,60.000000,0.675524,1.050688,60.000000,0.501145,1.045590,60.000000,-5.279291,1.061415,60.000000,-3.746059,1.059794,60.000000,-4.791923,1.047051,60.000000,-6.532845,1.056666,60.000000,-1.672815,1.054939,60.000000,0.781358,1.047500,60.000000,-2.827688,0.982000,60.000000,-0.000000,0.983100,60.000000,2.349955,0.997200,60.000000,3.857337,1.012300,60.000000,2.950924,1.049630,60.000000,5.093842,1.063500,60.000000,7.495099,1.027800,60.000000,2.312208,1.026500,60.000000,7.089511,1.030000,60.000000,-8.796257,1.000000,1.000000,1.000000,1.000000,1.000000,1.000000,1.000000,1.000000,-42.642226,0.000000,5.266508,11.685834,3.989094,13.039518,20.310015,-38.263628,288.383297,447.800150,209.391350,467.503357,6.717002,286.592096,294.652499,141.504847,562.436988,245.394482,221.661074,276.382253,200.614467,124.488442,251.663684,184.493662,253.902685,8.239523,988.742731,2.149441,164.790455,75.230425,157.625653,78.812826,137.026846,28.927890,26.868009,92.246831,102.994034,75.767785,-82.574348,42.272334,15.225205,67.617823,24.718568,24.091648,4.119761,223.900075
0.560000,1.049431,60.000000,-7.361122,1.053541,60.000000,-4.984819,1.038509,60.000000,-7.513561,1.014809,60.000000,-8.418431,1.015250,60.000000,-7.559474,1.017135,60.000000,-6.980149,1.007760,60.000000,-8.887101,1.006832,60.000000,-9.316986,1.032682,60.000000,-9.046517,1.025403,60.000000,-4.748821,1.021568,60.000000,-5.507734,1.011373,60.000000,-5.469254,1.023325,60.000000,-5.338341,1.021904,60.000000,-6.704352,1.026077,60.000000,-6.755404,1.040657,60.000000,-5.385268,1.042630,60.000000,-6.367045,1.039992,60.000000,-7.181192,1.054456,60.000000,-0.802378,0.995187,60.000000,-1.680508,1.040364,60.000000,-3.260966,1.055231,60.000000,0.675524,1.050688,60.000000,0.501145,1.045590,60.000000,-5.279291,1.061415,60.000000,-3.746059,1.059794,60.000000,-4.791923,1.047051,60.000000,-6.532845,1.056666,60.000000,-1.672815,1.054939,60.000000,0.781358,1.047500,60.000000,-2.827688,0.982000,60.000000,-0.000000,0.983100,60.000000,2.349955,0.997200,60.000000,3.857337,1.012300,60.000000,2.950924,1.049630,60.000000,5.093842,1.063500,60.000000,7.495099,1.027800,60.000000,2.312208,1.026500,60.000000,7.089511,1.030000,60.000000,-8.796257,1.000000,1.000000,1.000000,1.000000,1.000000,1.000000,1.000000,1.000000,-42.642226,0.000000,5.266508,11.685834,3.989094,13.039518,20.310015,-38.263628,288.383297,447.800150,209.391350,467.503357,6.717002,286.592096,294.652499,141.504847,562.436988,245.394482,221.661074,276.382253,200.614467,124.488442,251.663684,184.493662,253.902685,8.239523,988.742731,2.149441,164.790455,75.230425,157.625653,78.812826,137.026846,28.927890,26.868009,92.246831,102.994034,75.767785,-82.574348,42.272334,15.225205,67.617823,24.718568,24.091648,4.119761,223.900075
0.580000,1.049431,60.000000,-7.361122,1.053541,60.000000,-4.984819,1.038509,60.000000,-7.513561,1.014809,60.000000,-8.418431,1.015250,60.000000,-7.559474,1.017135,60.000000,-6.980149,1.007760,60.000000,-8.887101,1.006832,60.000000,-9.316986,1.032682,60.000000,-9.046517,1.025403,60.000000,-4.748821,1.021568,60.000000,-5.507734,1.011373,60.000000,-5.469254,1.023325,60.000000,-5.338341,1.021904,60.000000,-6.704352,1.026077,60.000000,-6.755404,1.040657,60.000000,-5.385268,1.042630,60.000000,-6.367045,1.039992,60.000000,-7.181192,1.054456,60.000000,-0.802378,0.995187,60.000000,-1.680508,1.040364,60.000000,-3.260966,1.055231,60.000000,0.675524,1.050688,60.000000,0.501145,1.045590,60.000000,-5.279291,1.061415,60.000000,-3.746059,1.059794,60.000000,-4.791923,1.047051,60.000000,-6.532845,1.056666,60.000000,-1.672815,1.054939,60.000000,0.781358,1.047500,60.000000,-2.827688,0.982000,60.000000,-0.000000,0.983100,60.000000,2.349955,0.997200,60.000000,3.857337,1.012300,60.000000,2.950924,1.049630,60.000000,5.093842,1.063500,60.000000,7.495099,1.027800,60.000000,2.312208,1.026500,60.000000,7.089511,1.030000,60.000000,-8.796257,1.000000,1.000000,1.000000,1.000000,1.000000,1.000000,1.000000,1.000000,-42.642226,0.000000,5.266508,11.685834,3.989094,13.039518,20.310015,-38.263628,288.383297,447.800150,209.391350,467.503357,6.717002,286.592096,294.652499,141.504847,562.436988,245.394482,221.661074,276.382253,200.614467,124.488442,251.663684,184.493662,253.902685,8.239523,988.742731,2.149441,164.790455,75.230425,157.625653,78.812826,137.026846,28.927890,26.868009,92.246831,102.994034,75.767785,-82.574348,42.272334,15.225205,67.617823,24.718568,24.091648,4.119761,223.900075
0.600000,1.049431,60.000000,-7.361122,1.053541,60.000000,-4.984819,1.038509,60.000000,-7.513561,1.014809,60.000000,-8.418431,1.015250,60.000000,-7.559474,1.017135,60.000000,-6.980149,1.007760,60.000000,-8.887101,1.006832,60.000000,-9.316986,1.032682,60.000000,-9.046517,1.025403,60.000000,-4.748821,1.021568,60.000000,-5.507734,1.011373,60.000000,-5.469254,1.023325,60.000000,-5.338341,1.021904,60.000000,-6.704352,1.026077,60.000000,-6.755404,1.040657,60.000000,-5.385268,1.042630,60.000000,-6.367045,1.039992,60.000000,-7.181192,1.054456,60.000000,-0.802378,0.995187,60.000000,-1.680508,1.040364,60.000000,-3.260966,1.055231,60.000000,0.675524,1.050688,60.000000,0.501145,1.045590,60.000000,-5.279291,1.061415,60.000000,-3.746059,1.059794,60.000000,-4.791923,1.047051,60.000000,-6.532845,1.056666,60.000000,-1.672815,1.054939,60.000000,0.781358,1.047500,60.000000,-2.827688,0.982000,60.000000,-0.000000,0.983100,60.000000,2.349955,0.997200,60.000000,3.857337,1.012300,60.000000,2.950924,1.049630,60.000000,5.093842,1.063500,60.000000,7.495099,1.027800,60.000000,2.312208,1.026500,60.000000,7.089511,1.030000,60.000000,-8.796257,1.000000,1.000000,1.000000,1.000000,1.000000,1.000000,1.000000,1.000000,-42.642226,0.000000,5.266508,11.685834,3.989094,13.039518,20.310015,-38.263628,288.383297,447.800150,209.391350,467.503357,6.717002,286.592096,294.652499,141.504847,562.436988,245.394482,221.661074,276.382253,200.614467,124.488442,251.663684,184.493662,253.902685,8.239523,988.742731,2.149441,164.790455,75.230425,157.625653,78.812826,137.026846,28.927890,26.868009,92.246831,102.994034,75.767785,-82.574348,42.272334,15.225205,67.617823,24.718568,24.091648,4.119761,223.900075
0.620000,1.049431,60.000000,-7.361122,1.053541,60.000000,-4.984819,1.038509,60.000000,-7.513561,1.014809,60.000000,-8.418431,1.015250,60.000000,-7.559474,1.017135,60.000000,-6.980149,1.007760,60.000000,-8.887101,1.006832,60.000000,-9.316986,1.032682,60.000000,-9.046517,1.025403,60.000000,-4.748821,1.021568,60.000000,-5.507734,1.011373,60.000000,-5.469254,1.023325,60.000000,-5.338341,1.021904,60.000000,-6.704352,1.026077,60.000000,-6.755404,1.040657,60.000000,-5.385268,1.042630,60.000000,-6.367045,1.039992,60.000000,-7.181192,1.054456,60.000000,-0.802378,0.995187,60.000000,-1.680508,1.040364,60.000000,-3.260966,1.055231,60.000000,0.675524,1.050688,60.000000,0.501145,1.045590,60.000000,-5.279291,1.061415,60.000000,-3.746059,1.059794,60.000000,-4.791923,1.047051,60.000000,-6.532845,1.056666,60.000000,-1.672815,1.054939,60.000000,0.781358,1.047500,60.000000,-2.827688,0.982000,60.000000,-0.000000,0.983100,60.000000,2.349955,0.997200,60.000000,3.857337,1.012300,60.000000,2.950924,1.049630,60.000000,5.093842,1.063500,60.000000,7.495099,1.027800,60.000000,2.312208,1.026500,60.000000,7.089511,1.030000,60.000000,-8.796257,1.000000,1.000000,1.000000,1.000000,1.000000,1.000000,1.000000,1.000000,-42.642226,0.000000,5.266508,11.685834,3.989094,13.039518,20.310015,-38.263628,288.383297,447.800150,209.391350,467.503357,6.717002,286.592096,294.652499,141.504847,562.436988,245.394482,221.661074,276.382253,200.614467,124.488442,251.663684,184.493662,253.902685,8.239523,988.742731,2.149441,164.790455,75.230425,157.625653,78.812826,137.026846,28.927890,26.868009,92.246831,102.994034,75.767785,-82.574348,42.272334,15.225205,67.617823,24.718568,24.091648,4.119761,223.900075
0.640000,1.049431,60.000000,-7.361122,1.053541,60.000000,-4.984819,1.038509,60.000000,-7.513561,1.014809,60.000000,-8.418431,1.015250,60.000000,-7.559474,1.017135,60.000000,-6.980149,1.007760,60.000000,-8.887101,1.006832,60.000000,-9.316986,1.032682,60.000000,-9.046517,1.025403,60.000000,-4.748821,1.021568,60.000000,-5.507734,1.011373,60.000000,-5.469254,1.023325,60.000000,-5.338341,1.021904,60.000000,-6.704352,1.026077,60.000000,-6.755404,1.040657,60.000000,-5.385268,1.042630,60.000000,-6.367045,1.039992,60.000000,-7.181192,1.054456,60.000000,-0.802378,0.995187,60.000000,-1.680508,1.040364,60.000000,-3.260966,1.055231,60.000000,0.675524,1.050688,60.000000,0.501145,1.045590,60.000000,-5.279291,1.061415,60.000000,-3.746059,1.059794,60.000000,-4.791923,1.047051,60.000000,-6.532845,1.056666,60.000000,-1.672815,1.054939,60.000000,0.781358,1.047500,60.000000,-2.827688,0.982000,60.000000,0.000000,0.983100,60.000000,2.349955,0.997200,60.000000,3.857337,1.012300,60.000000,2.950924,1.049630,60.000000,5.093842,1.063500,60.000000,7.495099,1.027800,60.000000,2.312208,1.026500,60.000000,7.089511,1.030000,60.000000,-8.796257,1.000000,1.000000,1.000000,1.000000,1.000000,1.000000,1.000000,1.000000,-42.642226,0.000000,5.266508,11.685834,3.989094,13.039518,20.310015,-38.263628,288.383297,447.800150,209.391350,467.503357,6.717002,286.592096,294.652499,141.504847,562.436988,245.394482,221.661074,276.382253,200.614467,124.488442,251.663684,184.493662,253.902685,8.239523,988.742731,2.149441,164.790455,75.230425,157.625653,78.812826,137.026846,28.927890,26.868009,92.246831,102.994034,75.767785,-82.574348,42.272334,15.225205,67.617823,24.718568,24.091648,4.119761,223.900075
0.660000,1.049431,60.000000,-7.361122,1.053541,60.000000,-4.984819,1.038509,60.000000,-7.513561,1.014809,60.000000,-8.418431,1.015250,60.000000,-7.559474,1.017135,60.000000,-6.980149,1.007760,60.000000,-8.887101,1.006832,60.000000,-9.316986,1.032682,60.000000,-9.046517,1.025403,60.000000,-4.748821,1.021568,60.000000,-5.507734,1.011373,60.000000,-5.469254,1.023325,60.000000,-5.338341,1.021904,60.000000,-6.704352,1.026077,60.000000,-6.755404,1.040657,60.000000,-5.385268,1.042630,60.000000,-6.367045,1.039992,60.000000,-7.181192,1.054456,60.000000,-0.802378,0.995187,60.000000,-1.680508,1.040364,60.000000,-3.260966,1.055231,60.000000,0.675524,1.050688,60.000000,0.501145,1.045590,60.000000,-5.279291,1.061415,60.000000,-3.746059,1.059794,60.000000,-4.791923,1.047051,60.000000,-6.532845,1.056666,60.000000,-1.672815,1.054939,60.000000,0.781358,1.047500,60.000000,-2.827688,0.982000,60.000000,0.000000,0.983100,60.000000,2.349955,0.997200,60.000000,3.857337,1.012300,60.000000,2.950924,1.049630,60.000000,5.093842,1.063500,60.000000,7.495099,1.027800,60.000000,2.312208,1.026500,60.000000,7.089511,1.030000,60.000000,-8.796257,1.000000,1.000000,1.000000,1.000000,1.000000,1.000000,1.000000,1.000000,-42.642226,0.000000,5.266508,11.685834,3.989094,13.039518,20.310015,-38.263628,288.383297,447.800150,209.391350,467.503357,6.717002,286.592096,294.652499,141.504847,562.436988,245.394482,221.661074,276.382253,200.614467,124.488442,251.663684,184.493662,253.902685,8.239523,988.742731,2.149441,164.790455,75.230425,157.625653,78.812826,137.026846,28.927890,26.868009,92.246831,102.994034,75.767785,-82.574348,42.272334,15.225205,67.617823,24.718568,24.091648,4.119761,223.900075
0.680000,1.049431,60.000000,-7.361122,1.053541,60.000000,-4.984819,1.038509,60.000000,-7.513561,1.014809,60.000000,-8.418431,1.015250,60.000000,-7.559474,1.017135,60.000000,-6.980149,1.007760,60.000000,-8.887101,1.006832,60.000000,-9.316986,1.032682,60.000000,-9.046517,1.025403,60.000000,-4.748821,1.021568,60.000000,-5.507734,1.011373,60.000000,-5.469254,1.023325,60.000000,-5.338341,1.021904,60.000000,-6.704352,1.026077,60.000000,-6.755404,1.040657,60.000000,-5.385268,1.042630,60.000000,-6.367045,1.039992,60.000000,-7.181192,1.054456,60.000000,-0.802378,0.995187,60.000000,-1.680508,1.040364,60.000000,-3.260966,1.055231,60.000000,0.675524,1.050688,60.000000,0.501145,1.045590,60.000000,-5.279291,1.061415,60.000000,-3.746059,1.059794,60.000000,-4.791923,1.047051,60.000000,-6.532845,1.056666,60.000000,-1.672815,1.054939,60.000000,0.781358,1.047500,60.000000,-2.827688,0.982000,60.000000,0.000000,0.983100,60.000000,2.349955,0.997200,60.000000,3.857337,1.012300,60.000000,2.950924,1.049630,60.000000,5.093842,1.063500,60.000000,7.495099,1.027800,60.000000,2.312208,1.026500,60.000000,7.089511,1.030000,60.000000,-8.796257,1.000000,1.000000,1.000000,1.000000,1.000000,1.000000,1.000000,1.000000,-42.642226,0.000000,5.266508,11.685834,3.989094,13.039518,20.310015,-38.263628,288.383297,447.800150,209.391350,467.503357,6.717002,286.592096,294.652499,141.504847,562.436988,245.394482,221.661074,276.382253,200.614467,124.488442,251.663684,184.493662,253.902685,8.239523,988.742731,2.149441,164.790455,75.230425,157.625653,78.812826,137.026846,28.927890,26.868009,92.246831,102.994034,75.767785,-82.574348,42.272334,15.225205,67.617823,24.718568,24.091648,4.119761,223.900075
0.700000,1.049431,60.000000,-7.361122,1.053541,60.000000,-4.984819,1.038509,60.000000,-7.513561,1.014809,60.000000,-8.418431,1.015250,60.000000,-7.559474,1.017135,60.000000,-6.980149,1.007760,60.000000,-8.887101,1.006832,60.000000,-9.316986,1.032682,60.000000,-9.046517,1.025403,60.000000,-4.748821,1.021568,60.000000,-5.507734,1.011373,60.000000,-5.469254,1.023325,60.000000,-5.338341,1.021904,60.000000,-6.704352,1.026077,60.000000,-6.755404,1.040657,60.000000,-5.385268,1.042630,60.000000,-6.367045,1.039992,60.000000,-7.181192,1.054456,60.000000,-0.802378,0.995187,60.000000,-1.680508,1.040364,60.000000,-3.260966,1.055231,60.000000,0.675524,1.050688,60.000000,0.501145,1.045590,60.000000,-5.279291,1.061415,60.000000,-3.746059,1.059794,60.000000,-4.791923,1.047051,60.000000,-6.532845,1.056666,60.000000,-1.672815,1.054939,60.000000,0.781358,1.047500,60.000000,-2.827688,0.982000,60.000000,0.000000,0.983100,60.000000,2.349955,0.997200,60.000000,3.857337,1.012300,60.000000,2.950924,1.049630,60.000000,5.093842,1.063500,60.000000,7.495099,1.027800,60.000000,2.312208,1.026500,60.000000,7.089511,1.030000,60.000000,-8.796257,1.000000,1.000000,1.000000,1.000000,1.000000,1.000000,1.000000,1.000000,-42.642226,0.000000,5.266508,11.685834,3.989094,13.039518,20.310015,-38.263628,288.383297,447.800150,209.391350,467.503357,6.717002,286.592096,294.652499,141.504847,562.436988,245.394482,221.661074,276.382253,200.614467,124.488442,251.663684,184.493662,253.902685,8.239523,988.742731,2.149441,164.790455,75.230425,157.625653,78.812826,137.026846,28.927890,26.868009,92.246831,102.994034,75.767785,-82.574348,42.272334,15.225205,67.617823,24.718568,24.091648,4.119761,223.900075
0.720000,1.049431,60.000000,-7.361122,1.053541,60.000000,-4.984819,1.038509,60.000000,-7.513561,1.014809,60.000000,-8.418431,1.015250,60.000000,-7.559474,1.017135,60.000000,-6.980149,1.007760,60.000000,-8.887101,1.006832,60.000000,-9.316986,1.032682,60.000000,-9.046517,1.025403,60.000000,-4.748821,1.021568,60.000000,-5.507734,1.011373,60.000000,-5.469254,1.023325,60.000000,-5.338341,1.021904,60.000000,-6.704352,1.026077,60.000000,-6.755404,1.040657,60.000000,-5.385268,1.042630,60.000000,-6.367045,1.039992,60.000000,-7.181192,1.054456,60.000000,-0.802378,0.995187,60.000000,-1.680508,1.040364,60.000000,-3.260966,1.055231,60.000000,0.675524,1.050688,60.000000,0.501145,1.045590,60.000000,-5.279291,1.061415,60.000000,-3.746059,1.059794,60.000000,-4.791923,1.047051,60.000000,-6.532845,1.056666,60.000000,-1.672815,1.054939,60.000000,0.781358,1.047500,60.000000,-2.827688,0.982000,60.000000,0.000000,0.983100,60.000000,2.349955,0.997200,60.000000,3.857337,1.012300,60.000000,2.950924,1.049630,60.000000,5.093842,1.063500,60.000000,7.495099,1.027800,60.000000,2.312208,1.026500,60.000000,7.089511,1.030000,60.000000,-8.796257,1.000000,1.000000,1.000000,1.000000,1.000000,1.000000,1.000000,1.000000,-42.642226,0.000000,5.266508,11.685834,3.989094,13.039518,20.310015,-38.263628,288.383297,447.800150,209.391350,467.503357,6.717002,286.592096,294.652499,141.504847,562.436988,245.394482,221.661074,276.382253,200.614467,124.488442,251.663684,184.493662,253.902685,8.239523,988.742731,2.149441,164.790455,75.230425,157.625653,78.812826,137.026846,28.927890,26.868009,92.246831,102.994034,75.767785,-82.574348,42.272334,15.225205,67.617823,24.718568,24.091648,4.119761,223.900075
0.740000,1.049431,60.000000,-7.361122,1.053541,60.000000,-4.984819,1.038509,60.000000,-7.513561,1.014809,60.000000,-8.418431,1.015250,60.000000,-7.559474,1.017135,60.000000,-6.980149,1.007760,60.000000,-8.887101,1.006832,60.000000,-9.316986,1.032682,60.000000,-9.046517,1.025403,60.000000,-4.748821,1.021568,60.000000,-5.507734,1.011373,60.000000,-5.469254,1.023325,60.000000,-5.338341,1.021904,60.000000,-6.704352,1.026077,60.000000,-6.755404,1.040657,60.000000,-5.385268,1.042630,60.000000,-6.367045,1.039992,60.000000,-7.181192,1.054456,60.000000,-0.802378,0.995187,60.000000,-1.680508,1.040364,60.000000,-3.260966,1.055231,60.000000,0.675524,1.050688,60.000000,0.501145,1.045590,60.000000,-5.279291,1.061415,60.000000,-3.746059,1.059794,60.000000,-4.791923,1.047051,60.000000,-6.532845,1.056666,60.000000,-1.672815,1.054939,60.000000,0.781358,1.047500,60.000000,-2.827688,0.982000,60.000000,0.000000,0.983100,60.000000,2.349955,0.997200,60.000000,3.857337,1.012300,60.000000,2.950924,1.049630,60.000000,5.093842,1.063500,60.000000,7.495099,1.027800,60.000000,2.312208,1.026500,60.000000,7.089511,1.030000,60.000000,-8.796257,1.000000,1.000000,1.000000,1.000000,1.000000,1.000000,1.000000,1.000000,-42.642226,0.000000,5.266508,11.685834,3.989094,13.039518,20.310015,-38.263628,288.383297,447.800150,209.391350,467.503357,6.717002,286.592096,294.652499,141.504847,562.436988,245.394482,221.661074,276.382253,200.614467,124.488442,251.663684,184.493662,253.902685,8.239523,988.742731,2.149441,164.790455,75.230425,157.625653,78.812826,137.026846,28.927890,26.868009,92.246831,102.994034,75.767785,-82.574348,42.272334,15.225205,67.617823,24.718568,24.091648,4.119761,223.900075
0.760000,1.049431,60.000000,-7.361122,1.053541,60.000000,-4.984819,1.038509,60.000000,-7.513561,1.014809,60.000000,-8.418431,1.015250,60.000000,-7.559474,1.017135,60.000000,-6.980149,1.007760,60.000000,-8.887101,1.006832,60.000000,-9.316986,1.032682,60.000000,-9.046517,1.025403,60.000000,-4.748821,1.021568,60.000000,-5.507734,1.011373,60.000000,-5.469254,1.023325,60.000000,-5.338341,1.021904,60.000000,-6.704352,1.026077,60.000000,-6.755404,1.040657,60.000000,-5.385268,1.042630,60.000000,-6.367045,1.039992,60.000000,-7.181192,1.054456,60.000000,-0.802378,0.995187,60.000000,-1.680508,1.040364,60.000000,-3.260966,1.055231,60.000000,0.675524,1.050688,60.000000,0.501145,1.045590,60.000000,-5.279291,1.061415,60.000000,-3.746059,1.059794,60.000000,-4.791923,1.047051,60.000000,-6.532845,1.056666,60.000000,-1.672815,1.054939,60.000000,0.781358,1.047500,60.000000,-2.827688,0.982000,60.000000,0.000000,0.983100,60.000000,2.349955,0.997200,60.000000,3.857337,1.012300,60.000000,2.950924,1.049630,60.000000,5.093842,1.063500,60.000000,7.495099,1.027800,60.000000,2.312208,1.026500,60.000000,7.089511,1.030000,60.000000,-8.796257,1.000000,1.000000,1.000000,1.000000,1.000000,1.000000,1.000000,1.000000,-42.642226,0.000000,5.266508,11.685834,3.989094,13.039518,20.310015,-38.263628,288.383297,447.800150,209.391350,467.503357,6.717002,286.592096,294.652499,141.504847,562.436988,245.394482,221.661074,276.382253,200.614467,124.488442,251.663684,184.493662,253.902685,8.239523,988.742731,2.149441,164.790455,75.230425,157.625653,78.812826,137.026846,28.927890,26.868009,92.246831,102.994034,75.767785,-82.574348,42.272334,15.225205,67.617823,24.718568,24.091648,4.119761,223.900075
0.780000,1.049431,60.000000,-7.361122,1.053541,60.000000,-4.984819,1.038509,60.000000,-7.513561,1.014809,60.000000,-8.418431,1.015250,60.000000,-7.559474,1.017135,60.000000,-6.980149,1.007760,60.000000,-8.887101,1.006832,60.000000,-9.316986,1.032682,60.000000,-9.046517,1.025403,60.000000,-4.748821,1.021568,60.000000,-5.507734,1.011373,60.000000,-5.469254,1.023325,60.000000,-5.338341,1.021904,60.000000,-6.704352,1.026077,60.000000,-6.755404,1.040657,60.000000,-5.385268,1.042630,60.000000,-6.367045,1.039992,60.000000,-7.181192,1.054456,60.000000,-0.802378,0.995187,60.000000,-1.680508,1.040364,60.000000,-3.260966,1.055231,60.000000,0.675524,1.050688,60.000000,0.501145,1.045590,60.000000,-5.279291,1.061415,60.000000,-3.746059,1.059794,60.000000,-4.791923,1.047051,60.000000,-6.532845,1.056666,60.000000,-1.672815,1.054939,60.000000,0.781358,1.047500,60.000000,-2.827688,0.982000,60.000000,0.000000,0.983100,60.000000,2.349955,0.997200,60.000000,3.857337,1.012300,60.000000,2.950924,1.049630,60.000000,5.093842,1.063500,60.000000,7.495099,1.027800,60.000000,2.312208,1.026500,60.000000,7.089511,1.030000,60.000000,-8.796257,1.000000,1.000000,1.000000,1.000000,1.000000,1.000000,1.000000,1.000000,-42.642226,0.000000,5.266508,11.685834,3.989094,13.039518,20.310015,-38.263628,288.383297,447.800150,209.391350,467.503357,6.717002,286.592096,294.652499,141.504847,562.436988,245.394482,221.661074,276.382253,200.614467,124.488442,251.663684,184.493662,253.902685,8.239523,988.742731,2.149441,164.790455,75.230425,157.625653,78.812826,137.026846,28.927890,26.868009,92.246831,102.994034,75.767785,-82.574348,42.272334,15.225205,67.617823,24.718568,24.091648,4.119761,223.900075
0.800000,1.049431,60.000000,-7.361122,1.053541,60.000000,-4.984819,1.038509,60.000000,-7.513561,1.014809,60.000000,-8.418431,1.015250,60.000000,-7.559474,1.017135,60.000000,-6.980149,1.007760,60.000000,-8.887101,1.006832,60.000000,-9.316986,1.032682,60.000000,-9.046517,1.025403,60.000000,-4.748821,1.021568,60.000000,-5.507734,1.011373,60.000000,-5.469254,1.023325,60.000000,-5.338341,1.021904,60.000000,-6.704352,1.026077,60.000000,-6.755404,1.040657,60.000000,-5.385268,1.042630,60.000000,-6.367045,1.039992,60.000000,-7.181192,1.054456,60.000000,-0.802378,0.995187,60.000000,-1.680508,1.040364,60.000000,-3.260966,1.055231,60.000000,0.675524,1.050688,60.000000,0.501145,1.045590,60.000000,-5.279291,1.061415,60.000000,-3.746059,1.059794,60.000000,-4.791923,1.047051,60.000000,-6.532845,1.056666,60.000000,-1.672815,1.054939,60.000000,0.781358,1.047500,60.000000,-2.827688,0.982000,60.000000,0.000000,0.983100,60.000000,2.349955,0.997200,60.000000,3.857337,1.012300,60.000000,2.950924,1.049630,60.000000,5.093842,1.063500,60.000000,7.495099,1.027800,60.000000,2.312208,1.026500,60.000000,7.089511,1.030000,60.000000,-8.796257,1.000000,1.000000,1.000000,1.000000,1.000000,1.000000,1.000000,1.000000,-42.642226,0.000000,5.266508,11.685834,3.989094,13.039518,20.310015,-38.263628,288.383297,447.800150,209.391350,467.503357,6.717002,286.592096,294.652499,141.504847,562.436988,245.394482,221.661074,276.382253,200.614467,124.488442,251.663684,184.493662,253.902685,8.239523,988.742731,2.149441,164.790455,75.230425,157.625653,78.812826,137.026846,28.927890,26.868009,92.246831,102.994034,75.767785,-82.574348,42.272334,15.225205,67.617823,24.718568,24.091648,4.119761,223.900075
0.820000,1.049431,60.000000,-7.361122,1.053541,60.000000,-4.984819,1.038509,60.000000,-7.513561,1.014809,60.000000,-8.418431,1.015250,60.000000,-7.559474,1.017135,60.000000,-6.980149,1.007760,60.000000,-8.887101,1.006832,60.000000,-9.316986,1.032682,60.000000,-9.046517,1.025403,60.000000,-4.748821,1.021568,60.000000,-5.507734,1.011373,60.000000,-5.469254,1.023325,60.000000,-5.338341,1.021904,60.000000,-6.704352,1.026077,60.000000,-6.755404,1.040657,60.000000,-5.385268,1.042630,60.000000,-6.367045,1.039992,60.000000,-7.181192,1.054456,60.000000,-0.802378,0.995187,60.000000,-1.680508,1.040364,60.000000,-3.260966,1.055231,60.000000,0.675524,1.050688,60.000000,0.501145,1.045590,60.000000,-5.279291,1.061415,60.000000,-3.746059,1.059794,60.000000,-4.791923,1.047051,60.000000,-6.532845,1.056666,60.000000,-1.672815,1.054939,60.000000,0.781358,1.047500,60.000000,-2.827688,0.982000,60.000000,0.000000,0.983100,60.000000,2.349955,0.997200,60.000000,3.857337,1.012300,60.000000,2.950924,1.049630,60.000000,5.093842,1.063500,60.000000,7.495099,1.027800,60.000000,2.312208,1.026500,60.000000,7.089511,1.030000,60.000000,-8.796257,1.000000,1.000000,1.000000,1.000000,1.000000,1.000000,1.000000,1.000000,-42.642226,0.000000,5.266508,11.685834,3.989094,13.039518,20.310015,-38.263628,288.383297,447.800150,209.391350,467.503357,6.717002,286.592096,294.652499,141.504847,562.436988,245.394482,221.661074,276.382253,200.614467,124.488442,251.663684,184.493662,253.902685,8.239523,988.742731,2.149441,164.790455,75.230425,157.625653,78.812826,137.026846,28.927890,26.868009,92.246831,102.994034,75.767785,-82.574348,42.272334,15.225205,67.617823,24.718568,24.091648,4.119761,223.900075
0.840000,1.049431,60.000000,-7.361122,1.053541,60.000000,-4.984819,1.038509,60.000000,-7.513561,1.014809,60.000000,-8.418431,1.015250,60.000000,-7.559474,1.017135,60.000000,-6.980149,1.007760,60.000000,-8.887101,1.006832,60.000000,-9.316986,1.032682,60.000000,-9.046517,1.025403,60.000000,-4.748821,1.021568,60.000000,-5.507734,1.011373,60.000000,-5.469254,1.023325,60.000000,-5.338341,1.021904,60.000000,-6.704352,1.026077,60.000000,-6.755404,1.040657,60.000000,-5.385268,1.042630,60.000000,-6.367045,1.039992,60.000000,-7.181192,1.054456,60.000000,-0.802378,0.995187,60.000000,-1.680508,1.040364,60.000000,-3.260966,1.055231,60.000000,0.675524,1.050688,60.000000,0.501145,1.045590,60.000000,-5.279291,1.061415,60.000000,-3.746059,1.059794,60.000000,-4.791923,1.047051,60.000000,-6.532845,1.056666,60.000000,-1.672815,1.054939,60.000000,0.781358,1.047500,60.000000,-2.827688,0.982000,60.000000,0.000000,0.983100,60.000000,2.349955,0.997200,60.000000,3.857337,1.012300,60.000000,2.950924,1.049630,60.000000,5.093842,1.063500,60.000000,7.495099,1.027800,60.000000,2.312208,1.026500,60.000000,7.089511,1.030000,60.000000,-8.796257,1.000000,1.000000,1.000000,1.000000,1.000000,1.000000,1.000000,1.000000,-42.642226,0.000000,5.266508,11.685834,3.989094,13.039518,20.310015,-38.263628,288.383297,447.800150,209.391350,467.503357,6.717002,286.592096,294.652499,141.504847,562.436988,245.394482,221.661074,276.382253,200.614467,124.488442,251.663684,184.493662,253.902685,8.239523,988.742731,2.149441,164.790455,75.230425,157.625653,78.812826,137.026846,28.927890,26.868009,92.246831,102.994034,75.767785,-82.574348,42.272334,15.225205,67.617823,24.718568,24.091648,4.119761,223.900075
0.860000,1.049431,60.000000,-7.361122,1.053541,60.000000,-4.984819,1.038509,60.000000,-7.513561,1.014809,60.000000,-8.418431,1.015250,60.000000,-7.559474,1.017135,60.000000,-6.980149,1.007760,60.000000,-8.887101,1.006832,60.000000,-9.316986,1.032682,60.000000,-9.046517,1.025403,60.000000,-4.748821,1.021568,60.000000,-5.507734,1.011373,60.000000,-5.469254,1.023325,60.000000,-5.338341,1.021904,60.000000,-6.704352,1.026077,60.000000,-6.755404,1.040657,60.000000,-5.385268,1.042630,60.000000,-6.367045,1.039992,60.000000,-7.181192,1.054456,60.000000,-0.802378,0.995187,60.000000,-1.680508,1.040364,60.000000,-3.260966,1.055231,60.000000,0.675524,1.050688,60.000000,0.501145,1.045590,60.000000,-5.279291,1.061415,60.000000,-3.746059,1.059794,60.000000,-4.791923,1.047051,60.000000,-6.532845,1.056666,60.000000,-1.672815,1.054939,60.000000,0.781358,1.047500,60.000000,-2.827688,0.982000,60.000000,0.000000,0.983100,60.000000,2.349955,0.997200,60.000000,3.857337,1.012300,60.000000,2.950924,1.049630,60.000000,5.093842,1.063500,60.000000,7.495099,1.027800,60.000000,2.312208,1.026500,60.000000,7.089511,1.030000,60.000000,-8.796257,1.000000,1.000000,1.000000,1.000000,1.000000,1.000000,1.000000,1.000000,-42.642226,0.000000,5.266508,11.685834,3.989094,13.039518,20.310015,-38.263628,288.383297,447.800150,209.391350,467.503357,6.717002,286.592096,294.652499,141.504847,562.436988,245.394482,221.661074,276.382253,200.614467,124.488442,251.663684,184.493662,253.902685,8.239523,988.742731,2.149441,164.790455,75.230425,157.625653,78.812826,137.026846,28.927890,26.868009,92.246831,102.994034,75.767785,-82.574348,42.272334,15.225205,67.617823,24.718568,24.091648,4.119761,223.900075
0.880000,1.049431,60.000000,-7.361122,1.053541,60.000000,-4.984819,1.038509,60.000000,-7.513561,1.014809,60.000000,-8.418431,1.015250,60.000000,-7.559474,1.017135,60.000000,-6.980149,1.007760,60.000000,-8.887101,1.006832,60.000000,-9.316986,1.032682,60.000000,-9.046517,1.025403,60.000000,-4.748821,1.021568,60.000000,-5.507734,1.011373,60.000000,-5.469254,1.023325,60.000000,-5.338341,1.021904,60.000000,-6.704352,1.026077,60.000000,-6.755404,1.040657,60.000000,-5.385268,1.042630,60.000000,-6.367045,1.039992,60.000000,-7.181192,1.054456,60.000000,-0.802378,0.995187,60.000000,-1.680508,1.040364,60.000000,-3.260966,1.055231,60.000000,0.675524,1.050688,60.000000,0.501145,1.045590,60.000000,-5.279291,1.061415,60.000000,-3.746059,1.059794,60.000000,-4.791923,1.047051,60.000000,-6.532845,1.056666,60.000000,-1.672815,1.054939,60.000000,0.781358,1.047500,60.000000,-2.827688,0.982000,60.000000,0.000000,0.983100,60.000000,2.349955,0.997200,60.000000,3.857337,1.012300,60.000000,2.950924,1.049630,60.000000,5.093842,1.063500,60.000000,7.495099,1.027800,60.000000,2.312208,1.026500,60.000000,7.089511,1.030000,60.000000,-8.796257,1.000000,1.000000,1.000000,1.000000,1.000000,1.000000,1.000000,1.000000,-42.642226,0.000000,5.266508,11.685834,3.989094,13.039518,20.310015,-38.263628,288.383297,447.800150,209.391350,467.503357,6.717002,286.592096,294.652499,141.504847,562.436988,245.394482,221.661074,276.382253,200.614467,124.488442,251.663684,184.493662,253.902685,8.239523,988.742731,2.149441,164.790455,75.230425,157.625653,78.812826,137.026846,28.927890,26.868009,92.246831,102.994034,75.767785,-82.574348,42.272334,15.225205,67.617823,24.718568,24.091648,4.119761,223.900075
0.900000,1.049431,60.000000,-7.361122,1.053541,60.000000,-4.984819,1.038509,60.000000,-7.513561,1.014809,60.000000,-8.418431,1.015250,60.000000,-7.559474,1.017135,60.000000,-6.980149,1.007760,60.000000,-8.887101,1.006832,60.000000,-9.316986,1.032682,60.000000,-9.046517,1.025403,60.000000,-4.748821,1.021568,60.000000,-5.507734,1.011373,60.000000,-5.469254,1.023325,60.000000,-5.338341,1.021904,60.000000,-6.704352,1.026077,60.000000,-6.755404,1.040657,60.000000,-5.385268,1.042630,60.000000,-6.367045,1.039992,60.000000,-7.181192,1.054456,60.000000,-0.802378,0.995187,60.000000,-1.680508,1.040364,60.000000,-3.260966,1.055231,60.000000,0.675524,1.050688,60.000000,0.501145,1.045590,60.000000,-5.279291,1.061415,60.000000,-3.746059,1.059794,60.000000,-4.791923,1.047051,60.000000,-6.532845,1.056666,60.000000,-1.672815,1.054939,60.000000,0.781358,1.047500,60.000000,-2.827688,0.982000,60.000000,0.000000,0.983100,60.000000,2.349955,0.997200,60.000000,3.857337,1.012300,60.000000,2.950924,1.049630,60.000000,5.093842,1.063500,60.000000,7.495099,1.027800,60.000000,2.312208,1.026500,60.000000,7.089511,1.030000,60.000000,-8.796257,1.000000,1.000000,1.000000,1.000000,1.000000,1.000000,1.000000,1.000000,-42.642226,0.000000,5.266508,11.685834,3.989094,13.039518,20.310015,-38.263628,288.383297,447.800150,209.391350,467.503357,6.717002,286.592096,294.652499,141.504847,562.436988,245.394482,221.661074,276.382253,200.614467,124.488442,251.663684,184.493662,253.902685,8.239523,988.742731,2.149441,164.790455,75.230425,157.625653,78.812826,137.026846,28.927890,26.868009,92.246831,102.994034,75.767785,-82.574348,42.272334,15.225205,67.617823,24.718568,24.091648,4.119761,223.900075
0.920000,1.049431,60.000000,-7.361122,1.053541,60.000000,-4.984819,1.038509,60.000000,-7.513561,1.014809,60.000000,-8.418431,1.015250,60.000000,-7.559474,1.017135,60.000000,-6.980149,1.007760,60.000000,-8.887101,1.006832,60.000000,-9.316986,1.032682,60.000000,-9.046517,1.025403,60.000000,-4.748821,1.021568,60.000000,-5.507734,1.011373,60.000000,-5.469254,1.023325,60.000000,-5.338341,1.021904,60.000000,-6.704352,1.026077,60.000000,-6.755404,1.040657,60.000000,-5.385268,1.042630,60.000000,-6.367045,1.039992,60.000000,-7.181192,1.054456,60.000000,-0.802378,0.995187,60.000000,-1.680508,1.040364,60.000000,-3.260966,1.055231,60.000000,0.675524,1.050688,60.000000,0.501145,1.045590,60.000000,-5.279291,1.061415,60.000000,-3.746059,1.059794,60.000000,-4.791923,1.047051,60.000000,-6.532845,1.056666,60.000000,-1.672815,1.054939,60.000000,0.781358,1.047500,60.000000,-2.827688,0.982000,60.000000,0.000000,0.983100,60.000000,2.349955,0.997200,60.000000,3.857337,1.012300,60.000000,2.950924,1.049630,60.000000,5.093842,1.063500,60.000000,7.495099,1.027800,60.000000,2.312208,1.026500,60.000000,7.089511,1.030000,60.000000,-8.796257,1.000000,1.000000,1.000000,1.000000,1.000000,1.000000,1.000000,1.000000,-42.642226,0.000000,5.266508,11.685834,3.989094,13.039518,20.310015,-38.263628,288.383297,447.800150,209.391350,467.503357,6.717002,286.592096,294.652499,141.504847,562.436988,245.394482,221.661074,276.382253,200.614467,124.488442,251.663684,184.493662,253.902685,8.239523,988.742731,2.149441,164.790455,75.230425,157.625653,78.812826,137.026846,28.927890,26.868009,92.246831,102.994034,75.767785,-82.574348,42.272334,15.225205,67.617823,24.718568,24.091648,4.119761,223.900075
0.940000,1.049431,60.000000,-7.361122,1.053541,60.000000,-4.984819,1.038509,60.000000,-7.513561,1.014809,60.000000,-8.418431,1.015250,60.000000,-7.559474,1.017135,60.000000,-6.980149,1.007760,60.000000,-8.887101,1.006832,60.000000,-9.316986,1.032682,60.000000,-9.046517,1.025403,60.000000,-4.748821,1.021568,60.000000,-5.507734,1.011373,60.000000,-5.469254,1.023325,60.000000,-5.338341,1.021904,60.000000,-6.704352,1.026077,60.000000,-6.755404,1.040657,60.000000,-5.385268,1.042630,60.000000,-6.367045,1.039992,60.000000,-7.181192,1.054456,60.000000,-0.802378,0.995187,60.000000,-1.680508,1.040364,60.000000,-3.260966,1.055231,60.000000,0.675524,1.050688,60.000000,0.501145,1.045590,60.000000,-5.279291,1.061415,60.000000,-3.746059,1.059794,60.000000,-4.791923,1.047051,60.000000,-6.532845,1.056666,60.000000,-1.672815,1.054939,60.000000,0.781358,1.047500,60.000000,-2.827688,0.982000,60.000000,0.000000,0.983100,60.000000,2.349955,0.997200,60.000000,3.857337,1.012300,60.000000,2.950924,1.049630,60.000000,5.093842,1.063500,60.000000,7.495099,1.027800,60.000000,2.312208,1.026500,60.000000,7.089511,1.030000,60.000000,-8.796257,1.000000,1.000000,1.000000,1.000000,1.000000,1.000000,1.000000,1.000000,-42.642226,0.000000,5.266508,11.685834,3.989094,13.039518,20.310015,-38.263628,288.383297,447.800150,209.391350,467.503357,6.717002,286.592096,294.652499,141.504847,562.436988,245.394482,221.661074,276.382253,200.614467,124.488442,251.663684,184.493662,253.902685,8.239523,988.742731,2.149441,164.790455,75.230425,157.625653,78.812826,137.026846,28.927890,26.868009,92.246831,102.994034,75.767785,-82.574348,42.272334,15.225205,67.617823,24.718568,24.091648,4.119761,223.900075
0.960000,1.049431,60.000000,-7.361122,1.053541,60.000000,-4.984819,1.038509,60.000000,-7.513561,1.014809,60.000000,-8.418431,1.015250,60.000000,-7.559474,1.017135,60.000000,-6.980149,1.007760,60.000000,-8.887101,1.006832,60.000000,-9.316986,1.032682,60.000000,-9.046517,1.025403,60.000000,-4.748821,1.021568,60.000000,-5.507734,1.011373,60.000000,-5.469254,1.023325,60.000000,-5.338341,1.021904,60.000000,-6.704352,1.026077,60.000000,-6.755404,1.040657,60.000000,-5.385268,1.042630,60.000000,-6.367045,1.039992,60.000000,-7.181192,1.054456,60.000000,-0.802378,0.995187,60.000000,-1.680508,1.040364,60.000000,-3.260966,1.055231,60.000000,0.675524,1.050688,60.000000,0.501145,1.045590,60.000000,-5.279291,1.061415,60.000000,-3.746059,1.059794,60.000000,-4.791923,1.047051,60.000000,-6.532845,1.056666,60.000000,-1.672815,1.054939,60.000000,0.781358,1.047500,60.000000,-2.827688,0.982000,60.000000,0.000000,0.983100,60.000000,2.349955,0.997200,60.000000,3.857337,1.012300,60.000000,2.950924,1.049630,60.000000,5.093842,1.063500,60.000000,7.495099,1.027800,60.000000,2.312208,1.026500,60.000000,7.089511,1.030000,60.000000,-8.796257,1.000000,1.000000,1.000000,1.000000,1.000000,1.000000,1.000000,1.000000,-42.642226,0.000000,5.266508,11.685834,3.989094,13.039518,20.310015,-38.263628,288.383297,447.800150,209.391350,467.503357,6.717002,286.592096,294.652499,141.504847,562.436988,245.394482,221.661074,276.382253,200.614467,124.488442,251.663684,184.493662,253.902685,8.239523,988.742731,2.149441,164.790455,75.230425,157.625653,78.812826,137.026846,28.927890,26.868009,92.246831,102.994034,75.767785,-82.574348,42.272334,15.225205,67.617823,24.718568,24.091648,4.119761,223.900075
0.980000,1.049431,60.000000,-7.361122,1.053541,60.000000,-4.984819,1.038509,60.000000,-7.513561,1.014809,60.000000,-8.418431,1.015250,60.000000,-7.559474,1.017135,60.000000,-6.980149,1.007760,60.000000,-8.887101,1.006832,60.000000,-9.316986,1.032682,60.000000,-9.046517,1.025403,60.000000,-4.748821,1.021568,60.000000,-5.507734,1.011373,60.000000,-5.469254,1.023325,60.000000,-5.338341,1.021904,60.000000,-6.704352,1.026077,60.000000,-6.755404,1.040657,60.000000,-5.385268,1.042630,60.000000,-6.367045,1.039992,60.000000,-7.181192,1.054456,60.000000,-0.802378,0.995187,60.000000,-1.680508,1.040364,60.000000,-3.260966,1.055231,60.000000,0.675524,1.050688,60.000000,0.501145,1.045590,60.000000,-5.279291,1.061415,60.000000,-3.746059,1.059794,60.000000,-4.791923,1.047051,60.000000,-6.532845,1.056666,60.000000,-1.672815,1.054939,60.000000,0.781358,1.047500,60.000000,-2.827688,0.982000,60.000000,0.000000,0.983100,60.000000,2.349955,0.997200,60.000000,3.857337,1.012300,60.000000,2.950924,1.049630,60.000000,5.093842,1.063500,60.000000,7.495099,1.027800,60.000000,2.312208,1.026500,60.000000,7.089511,1.030000,60.000000,-8.796257,1.000000,1.000000,1.000000,1.000000,1.000000,1.000000,1.000000,1.000000,-42.642226,0.000000,5.266508,11.685834,3.989094,13.039518,20.310015,-38.263628,288.383297,447.800150,209.391350,467.503357,6.717002,286.592096,294.652499,141.504847,562.436988,245.394482,221.661074,276.382253,200.614467,124.488442,251.663684,184.493662,253.902685,8.239523,988.742731,2.149441,164.790455,75.230425,157.625653,78.812826,137.026846,28.927890,26.868009,92.246831,102.994034,75.767785,-82.574348,42.272334,15.225205,67.617823,24.718568,24.091648,4.119761,223.900075
1.000000,1.049431,60.000000,-7.361122,1.053541,60.000000,-4.984819,1.038509,60.000000,-7.513561,1.014809,60.000000,-8.418431,1.015250,60.000000,-7.559474,1.017135,60.000000,-6.980149,1.007760,60.000000,-8.887101,1.006832,60.000000,-9.316986,1.032682,60.000000,-9.046517,1.025403,60.000000,-4.748821,1.021568,60.000000,-5.507734,1.011373,60.000000,-5.469254,1.023325,60.000000,-5.338341,1.021904,60.000000,-6.704352,1.026077,60.000000,-6.755404,1.040657,60.000000,-5.385268,1.042630,60.000000,-6.367045,1.039992,60.000000,-7.181192,1.054456,60.000000,-0.802378,0.995187,60.000000,-1.680508,1.040364,60.000000,-3.260966,1.055231,60.000000,0.675524,1.050688,60.000000,0.501145,1.045590,60.000000,-5.279291,1.061415,60.000000,-3.746059,1.059794,60.000000,-4.791923,1.047051,60.000000,-6.532845,1.056666,60.000000,-1.672815,1.054939,60.000000,0.781358,1.047500,60.000000,-2.827688,0.982000,60.000000,0.000000,0.983100,60.000000,2.349955,0.997200,60.000000,3.857337,1.012300,60.000000,2.950924,1.049630,60.000000,5.093842,1.063500,60.000000,7.495099,1.027800,60.000000,2.312208,1.026500,60.000000,7.089511,1.030000,60.000000,-8.796257,1.000000,1.000000,1.000000,1.000000,1.000000,1.000000,1.000000,1.000000,-42.642226,0.000000,5.266508,11.685834,3.989094,13.039518,20.310015,-38.263628,288.383297,447.800150,209.391350,467.503357,6.717002,286.592096,294.652499,141.504847,562.436988,245.394482,221.661074,276.382253,200.614467,124.488442,251.663684,184.493662,253.902685,8.239523,988.742731,2.149441,164.790455,75.230425,157.625653,78.812826,137.026846,28.927890,26.868009,92.246831,102.994034,75.767785,-82.574348,42.272334,15.225205,67.617823,24.718568,24.091648,4.119761,223.900075
1.020000,0.000000,59.919716,-97.181343,0.665810,59.837635,-10.338659,0.711426,59.728670,-17.197582,0.735868,59.732479,-18.055569,0.759757,59.787741,-15.413492,0.766110,59.801858,-14.368186,0.754680,59.774890,-17.234469,0.754380,59.772871,-17.747501,0.822773,59.894834,-13.172193,0.781204,59.825718,-11.272815,0.774381,59.817323,-12.328424,0.755393,59.809239,-12.494855,0.772913,59.803191,-12.498655,0.759216,59.746716,-15.481579,0.769375,59.647527,-17.809735,0.792231,59.634332,-16.358314,0.764905,59.662640,-17.247227,0.742473,59.678814,-17.955326,0.857430,59.781565,-6.676436,0.829060,59.786562,-7.382283,0.808849,59.580300,-15.034072,0.845795,59.552852,-10.922524,0.838120,59.506764,-12.297958,0.803452,59.601992,-17.008978,0.714679,59.870194,-10.741442,0.763147,59.747702,-14.206053,0.755401,59.685820,-17.547064,0.802424,59.780453,-9.445450,0.819301,59.818843,-5.594970,0.818000,59.931212,-4.747411,0.797165,59.959907,-2.272309,0.806665,59.965991,0.098967,0.842566,59.875572,1.247287,0.881439,59.872114,-0.271857,0.874915,59.588553,-4.741909,0.868534,59.345627,-7.957349,0.774496,60.031189,0.602955,0.842160,59.906942,3.779875,0.855331,59.960615,-10.279328,0.999927,0.999932,1.000021,0.999703,0.999779,1.000089,1.000079,0.999842,-42.645523,0.000000,5.285957,11.642298,3.954524,13.073509,20.340534,-38.285950,281.313107,442.044665,208.047411,464.462872,6.675235,285.752144,294.596916,140.041437,562.436989,245.394482,221.661074,276.382253,196.050703,123.960101,250.099389,184.493662,253.902685,8.239316,988.742731,2.096744,162.672437,74.747573,156.600509,78.322762,136.625244,28.922433,26.590146,92.246832,102.994035,75.767786,-82.574347,41.310684,15.160588,67.197523,24.718568,24.091648,4.119658,223.900075
1.040000,0.000000,59.940503,-97.607134,0.644938,59.893923,-11.187481,0.687212,59.833455,-18.592448,0.708586,59.834087,-19.436601,0.731734,59.864628,-16.517902,0.737944,59.872934,-15.399801,0.726645,59.855608,-18.411339,0.726605,59.854187,-18.935541,0.801343,59.926027,-13.725420,0.753192,59.891266,-12.160396,0.746255,59.884929,-13.266144,0.726538,59.880984,-13.470742,0.744976,59.878325,-13.501802,0.731893,59.846180,-16.772586,0.744180,59.796947,-19.572633,0.768614,59.793885,-18.170290,0.740441,59.803821,-18.942756,0.718017,59.809680,-19.583050,0.832823,59.861388,-7.815201,0.805304,59.856392,-8.530873,0.788329,59.778574,-17.052581,0.828892,59.777712,-13.021618,0.821317,59.767858,-14.557822,0.780964,59.781992,-18.955856,0.690312,59.916588,-11.404418,0.736487,59.844808,-15.504430,0.729330,59.811359,-19.150908,0.774809,59.861547,-10.588371,0.792024,59.886274,-6.528080,0.800595,59.941795,-5.145457,0.770692,59.959448,-2.522921,0.782021,59.978179,-0.038656,0.820998,59.912169,0.576744,0.858637,59.906930,-0.974661,0.862139,59.786264,-6.722008,0.856776,59.749366,-10.726725,0.745756,60.017925,0.807296,0.817315,59.945147,3.339806,0.839248,59.963171,-10.497662,0.999855,0.999857,1.000028,0.999340,0.999549,1.000164,1.000172,0.999684,-42.646557,0.000000,5.342511,11.481948,3.855864,13.174387,20.440013,-38.341520,276.918954,436.106267,205.870312,459.633403,6.603723,283.801508,293.745461,138.532706,562.436989,245.290035,221.661074,276.069275,193.071764,122.919141,247.735931,184.127794,253.852214,8.217407,988.742731,2.063993,160.487107,73.965382,154.972183,77.483685,135.692597,28.838841,26.303679,92.246832,102.950198,75.767786,-82.480839,40.682979,15.033276,66.562502,24.669549,24.086859,4.108703,223.900075
1.060000,0.000000,59.949189,-97.899494,0.630620,59.916414,-11.746663,0.670717,59.873722,-19.498667,0.690130,59.874180,-20.340103,0.712821,59.895901,-17.245650,0.718938,59.901827,-16.079453,0.707738,59.889355,-19.192451,0.707870,59.888357,-19.724906,0.786773,59.939485,-14.099019,0.734187,59.915958,-12.727596,0.727209,59.911078,-13.872155,0.707029,59.908367,-14.098799,0.726033,59.906588,-14.144351,0.713376,59.883345,-17.602108,0.727063,59.848616,-20.681715,0.752530,59.846968,-19.292502,0.723727,59.853789,-20.011472,0.701329,59.857426,-20.621790,0.815657,59.885328,-8.596910,0.788461,59.879606,-9.355177,0.774484,59.840513,-18.236721,0.817734,59.844305,-14.184105,0.809861,59.842806,-15.745725,0.765607,59.840500,-20.135124,0.673631,59.935443,-11.819126,0.718013,59.885070,-16.330626,0.711397,59.859790,-20.175837,0.755286,59.900303,-11.304098,0.772609,59.920005,-7.090867,0.788528,59.946463,-5.447597,0.753011,59.961094,-2.714798,0.765104,59.979907,-0.092788,0.805631,59.916839,0.067503,0.842109,59.916366,-1.502351,0.854571,59.846068,-7.858411,0.848006,59.854286,-11.878642,0.726199,60.011882,0.998902,0.799384,59.966705,3.140515,0.828213,59.964915,-10.661306,0.999782,0.999801,1.000045,0.998985,0.999318,1.000245,1.000289,0.999517,-42.650430,0.000000,5.432608,11.194115,3.685536,13.337161,20.613288,-38.439323,273.320584,430.907686,203.821389,455.103033,6.535568,281.827657,292.577562,137.199594,562.202975,244.895218,221.661074,275.360626,190.603140,121.873482,245.489633,183.340941,253.307410,8.182670,988.742731,2.037172,158.574029,73.229242,153.444701,76.683998,134.748849,28.724180,26.050556,92.208450,102.784489,75.767785,-82.269118,40.162805,14.905390,65.958958,24.564126,24.035165,4.091335,223.900075
1.080000,0.000000,59.953531,-98.116148,0.619810,59.928093,-12.164478,0.658328,59.894469,-20.180480,0.676370,59.895598,-21.015715,0.698775,59.913152,-17.784995,0.704822,59.917833,-16.582122,0.693736,59.908258,-19.771069,0.694011,59.907514,-20.309466,0.776215,59.946798,-14.371515,0.719977,59.929052,-13.142342,0.713000,59.925159,-14.317344,0.692485,59.922913,-14.561228,0.711873,59.921388,-14.618312,0.699541,59.902373,-18.222974,0.714261,59.872962,-21.526453,0.740485,59.870735,-20.151474,0.711148,59.877774,-20.820876,0.688780,59.881018,-21.407070,0.802735,59.893669,-9.252729,0.775676,59.889231,-10.046416,0.764147,59.866221,-19.132296,0.809443,59.869584,-15.053817,0.801246,59.869642,-16.617931,0.754095,59.866033,-21.031957,0.661044,59.946360,-12.104377,0.703848,59.907624,-16.923133,0.697756,59.885167,-20.936208,0.740046,59.924410,-11.780653,0.757385,59.941875,-7.436570,0.779543,59.947844,-5.697539,0.739965,59.963693,-2.855532,0.752327,59.980912,-0.105298,0.793962,59.913121,-0.418080,0.829417,59.918103,-1.966221,0.849148,59.869459,-8.725218,0.841136,59.883378,-12.653706,0.711443,60.010937,1.206194,0.785234,59.982802,3.102879,0.820431,59.965601,-10.782106,0.999709,0.999764,1.000072,0.998653,0.999094,1.000333,1.000425,0.999350,-42.665758,0.000000,5.552297,10.777729,3.436941,13.556548,20.861444,-38.589324,270.295324,426.411484,202.002470,451.091482,6.474362,280.008425,291.390979,136.034848,561.397116,244.408738,221.661074,274.562207,188.509325,120.891838,243.442224,182.421296,252.461780,8.146720,988.742731,2.014624,156.919426,72.575738,152.092147,75.965852,133.879028,28.607686,25.829401,92.076279,102.580310,75.767785,-82.030575,39.721608,14.785333,65.408854,24.440912,23.954927,4.073360,223.900075
1.100000,0.000000,59.955660,-98.281166,0.611169,59.935396,-12.488562,0.648487,59.907716,-20.718734,0.665513,59.909565,-21.542576,0.687734,59.924606,-18.197395,0.693722,59.928542,-16.964369,0.682766,59.920736,-20.213809,0.683169,59.920102,-20.757002,0.768213,59.951018,-14.575231,0.708720,59.937939,-13.452520,0.701774,59.934659,-14.652622,0.680998,59.932674,-14.911438,0.700662,59.931274,-14.978907,0.688604,59.914748,-18.708610,0.704178,59.888218,-22.210100,0.731009,59.885343,-20.854144,0.701165,59.892944,-21.470334,0.678818,59.896006,-22.034003,0.792678,59.897222,-9.841687,0.765685,59.893794,-10.662551,0.756014,59.881860,-19.862692,0.802915,59.884723,-15.762447,0.794429,59.885188,-17.324064,0.745030,59.881654,-21.763713,0.650968,59.954141,-12.295226,0.692327,59.923276,-17.356043,0.686770,59.901978,-21.525011,0.727423,59.942384,-12.082504,0.744726,59.958837,-7.617735,0.772557,59.947496,-5.914876,0.729766,59.966567,-2.944992,0.742088,59.982695,-0.076084,0.784854,59.907757,-0.908437,0.819440,59.916944,-2.401028,0.844915,59.884125,-9.437328,0.835585,59.897910,-13.265164,0.699530,60.012398,1.449764,0.773428,59.996898,3.202285,0.814775,59.965184,-10.872092,0.999636,0.999742,1.000107,0.998349,0.998876,1.000425,1.000575,0.999186,-42.700069,0.000000,5.698017,10.236312,3.105522,13.827477,21.184238,-38.798391,267.695210,422.489903,200.398119,447.562032,6.419742,278.368821,290.269779,135.011086,560.367306,243.910777,221.639577,273.772458,186.690248,119.978260,241.580626,181.456782,251.478543,8.112509,988.742731,1.995244,155.476284,71.999324,150.902141,75.324975,133.095092,28.497611,25.635016,91.907377,102.371312,75.760437,-81.794623,39.338302,14.673600,64.908673,24.311685,23.861632,4.056254,223.900075
1.120000,0.000000,59.956212,-98.411131,0.603960,59.939967,-12.745832,0.640336,59.916569,-21.155304,0.656567,59.919087,-21.962791,0.678663,59.932484,-18.517094,0.684600,59.935961,-17.257916,0.673783,59.929227,-20.558426,0.674305,59.928607,-21.106080,0.761896,59.953128,-14.731371,0.699396,59.944277,-13.683608,0.692499,59.941358,-14.905590,0.671511,59.939546,-15.177882,0.691385,59.938228,-15.255049,0.679580,59.923252,-19.096350,0.695922,59.898530,-22.780273,0.723280,59.895142,-21.447399,0.692922,59.903260,-22.006493,0.670584,59.906143,-22.548914,0.784685,59.898445,-10.389160,0.757744,59.895635,-11.231721,0.749359,59.892524,-20.477076,0.797546,59.895213,-16.357161,0.788812,59.895797,-17.914800,0.737626,59.892180,-22.380140,0.642546,59.959718,-12.413191,0.682528,59.934758,-17.668825,0.677534,59.913823,-21.989167,0.716475,59.956554,-12.245768,0.733706,59.972731,-7.664119,0.766938,59.945943,-6.113291,0.721436,59.969159,-2.987792,0.733496,59.984822,-0.005149,0.777620,59.902105,-1.411985,0.811508,59.914208,-2.824618,0.841417,59.894716,-10.036107,0.830931,59.907474,-13.769164,0.689438,60.014458,1.734277,0.763130,60.009698,3.424212,0.810518,59.963783,-10.942536,0.999562,0.999733,1.000147,0.998075,0.998664,1.000517,1.000735,0.999027,-42.759479,0.000000,5.866651,9.576565,2.687989,14.144885,21.580744,-39.070795,265.409442,419.010767,198.967101,444.421558,6.370458,276.890839,289.232758,134.098563,559.298611,243.427834,221.574363,273.022077,185.071958,119.119968,239.868651,180.471490,250.415534,8.080594,988.742731,1.978207,154.195962,71.485186,149.843284,74.746708,132.388432,28.395800,25.461752,91.732097,102.168617,75.738146,-81.570433,38.997306,14.568629,64.448694,24.179675,23.760768,4.040297,223.900075
1.140000,0.000000,59.955599,-98.518951,0.597726,59.942640,-12.955505,0.633338,59.922467,-21.518446,0.648913,59.925603,-22.304994,0.670916,59.937903,-18.768022,0.676806,59.941104,-17.485134,0.666134,59.934987,-20.831146,0.666771,59.934321,-21.383444,0.756705,59.953729,-14.855773,0.691369,59.948826,-13.853843,0.684534,59.946104,-15.095884,0.663367,59.944412,-15.380658,0.683407,59.943150,-15.467051,0.671850,59.929133,-19.411598,0.688930,59.905576,-23.267990,0.716770,59.901797,-21.961330,0.685877,59.910353,-22.459960,0.663534,59.913047,-22.982470,0.778222,59.898303,-10.910763,0.751358,59.895778,-11.772104,0.743720,59.899957,-21.006310,0.792958,59.902698,-16.866894,0.784009,59.903290,-18.420253,0.731379,59.899389,-22.912826,0.635250,59.963617,-12.475212,0.673871,59.943350,-17.888891,0.669477,59.922306,-22.360247,0.706602,59.968066,-12.295866,0.723730,59.984464,-7.596978,0.762280,59.943569,-6.303164,0.714369,59.971373,-2.990023,0.725997,59.986993,0.105016,0.771791,59.896639,-1.931969,0.805167,59.910507,-3.248910,0.838382,59.902561,-10.547891,0.826888,59.914227,-14.194040,0.680577,60.016413,2.056973,0.753797,60.021525,3.757388,0.807185,59.961594,-11.003108,0.999488,0.999733,1.000192,0.997835,0.998458,1.000608,1.000901,0.998875,-42.848906,0.000000,6.055387,8.807551,2.182001,14.503635,22.049548,-39.408657,263.351511,415.856103,197.665443,441.571531,6.325135,275.543420,288.273984,133.269671,558.278403,242.965509,221.483941,272.315216,183.598247,118.299620,238.265543,179.464356,249.287142,8.050718,988.742731,1.962868,153.035046,71.017524,148.882355,74.214915,131.744198,28.301671,25.304368,91.564770,101.974575,75.707238,-81.359245,38.686773,14.468299,64.017966,24.044739,23.653701,4.025359,223.900075
1.160000,0.957135,59.985237,-9.461234,0.933363,59.995858,-8.494167,0.907630,60.046582,-12.906852,0.878689,60.052820,-13.870792,0.881239,60.022927,-12.091045,0.883130,60.011610,-11.284960,0.875012,60.039997,-13.574816,0.875474,60.045109,-14.025739,0.933172,60.001433,-11.589727,0.890337,59.993036,-8.651934,0.886569,59.999372,-9.557052,0.872301,60.003128,-9.675160,0.887292,60.005271,-9.669485,0.885002,60.034581,-12.083616,0.888728,60.065647,-14.264248,0.905705,60.058720,-13.346086,0.906799,60.063101,-13.318148,0.905701,60.062098,-13.658005,0.925507,59.930662,-6.765659,0.874620,59.959819,-7.601747,0.906975,60.071385,-12.551999,0.924534,60.069756,-9.441035,0.919202,60.077358,-10.629931,0.912080,60.069780,-13.932932,0.931836,59.975111,-6.394088,0.919291,60.056419,-9.356070,0.906632,60.073737,-12.524366,0.915997,60.077479,-5.089115,0.917082,60.067617,-1.807991,0.957478,59.939807,-5.353696,0.860935,59.846579,-1.667890,0.865010,59.902163,1.340064,0.883820,59.788561,-0.616758,0.899396,59.916178,-1.277691,0.926015,60.061660,-4.359245,0.930205,60.086439,-7.457002,0.886773,59.864744,2.916485,0.902040,60.039885,6.529191,0.954753,59.976510,-9.953352,0.999436,0.999697,1.000156,0.997677,0.998307,1.000491,1.000977,0.998756,-42.964820,0.000000,6.258038,7.949666,1.596702,14.881691,22.584235,-39.804709,288.383297,447.800150,209.391350,467.503357,6.717002,286.592096,294.652499,141.504847,562.436988,245.394482,221.661074,276.382253,200.614467,124.488442,251.663684,184.493662,253.902685,8.239523,988.742731,2.149441,164.790455,75.230425,157.625653,78.812826,137.026846,28.927890,26.868009,92.246831,102.994034,75.767785,-82.574348,42.272334,15.225205,67.617823,24.718568,24.091648,4.119761,223.900075
1.180000,0.978502,59.984601,-9.310510,0.958275,59.996674,-8.271950,0.934583,60.029185,-12.415238,0.907720,60.036878,-13.315057,0.910681,60.023326,-11.658308,0.912668,60.018304,-10.900315,0.904461,60.031420,-13.062068,0.904685,60.033215,-13.493016,0.956617,59.997741,-11.330890,0.919125,60.006234,-8.375309,0.915671,60.010360,-9.243664,0.902125,60.011767,-9.349486,0.916171,60.012319,-9.339420,0.913796,60.027019,-11.624598,0.916467,60.042134,-13.690253,0.932361,60.036676,-12.831727,0.933605,60.039732,-12.760725,0.932653,60.038788,-13.097700,0.952451,59.968268,-6.803553,0.899355,59.974146,-7.549175,0.932224,60.041631,-12.038007,0.947679,60.034038,-9.040775,0.941458,60.037374,-10.233075,0.938046,60.042496,-13.384018,0.959031,59.990019,-6.244990,0.945325,60.039267,-8.792094,0.933297,60.047660,-11.889343,0.939272,60.056562,-4.383950,0.939209,60.052721,-1.141635,0.977030,59.958174,-5.450092,0.889933,59.954275,-1.924804,0.889222,59.956235,1.178013,0.908659,59.908889,-1.183132,0.921971,59.938404,-1.493544,0.947541,60.022268,-4.059855,0.946156,60.023009,-7.359985,0.917053,59.935337,2.567402,0.921011,60.040794,7.080628,0.973652,59.976337,-9.855440,0.999404,0.999630,1.000023,0.997653,0.998178,1.000163,1.000913,0.998675,-43.069830,0.000000,6.443162,7.084223,0.983572,15.169160,23.140568,-40.215413,288.383296,447.800149,209.391349,467.503355,6.717002,286.592095,294.652498,141.504847,562.436987,245.394481,221.661074,276.382252,200.614467,124.488442,251.663684,184.493662,253.902685,8.239523,988.742731,2.149441,164.790456,75.230426,157.625654,78.812826,137.026846,28.927891,26.868009,92.246832,102.994035,75.767786,-82.574347,42.272335,15.225205,67.617823,24.718569,24.091649,4.119761,223.900075
1.200000,0.992177,59.978414,-9.129203,0.973553,59.985849,-8.024571,0.950810,60.005092,-11.998914,0.924896,60.011103,-12.851502,0.927976,60.004901,-11.255821,0.929977,60.002439,-10.521230,0.921806,60.009388,-12.619269,0.921941,60.010188,-13.042338,0.971282,59.987524,-11.074470,0.936092,59.995016,-8.060705,0.932789,59.997536,-8.907104,0.919671,59.998004,-9.007503,0.933203,59.997994,-8.996311,0.930819,60.005147,-11.212862,0.932953,60.010629,-13.217360,0.948260,60.006248,-12.392813,0.949643,60.010056,-12.295956,0.948816,60.009920,-12.635759,0.968493,59.959463,-6.750546,0.914784,59.959663,-7.482535,0.947241,60.009368,-11.572441,0.961444,60.005530,-8.611201,0.954780,60.007306,-9.787189,0.953533,60.009625,-12.915268,0.975622,59.983510,-6.023442,0.960974,60.015645,-8.300373,0.949275,60.017737,-11.368417,0.953250,60.032940,-3.767667,0.952530,60.033218,-0.532886,0.989567,59.961265,-5.412048,0.906181,59.973305,-1.831015,0.903633,59.968015,1.244874,0.922688,59.922810,-1.444564,0.936961,59.933253,-1.639276,0.960234,59.999633,-3.685856,0.956060,59.999462,-6.985106,0.935288,59.951723,2.509751,0.932582,60.031688,7.654122,0.986169,59.973465,-9.718412,0.999374,0.999561,0.999870,0.997688,0.998047,0.999819,1.000793,0.998626,-43.159407,0.000000,6.595035,6.250688,0.342441,15.340133,23.685451,-40.625114,288.383296,447.800150,209.391350,467.503356,6.717002,286.592096,294.652498,141.504847,562.436988,245.394482,221.661074,276.382252,200.614467,124.488442,251.663684,184.493662,253.902685,8.239523,988.742731,2.149441,164.790455,75.230425,157.625653,78.812826,137.026846,28.927890,26.868009,92.246831,102.994034,75.767785,-82.574348,42.272334,15.225205,67.617823,24.718568,24.091648,4.119761,223.900075
1.220000,1.001188,59.971234,-8.953420,0.983426,59.974253,-7.815391,0.961125,59.986804,-11.683700,0.935664,59.991876,-12.497519,0.938771,59.989099,-10.929756,0.940763,59.987782,-10.207265,0.932648,59.991986,-12.268781,0.932747,59.992432,-12.687892,0.980776,59.978096,-10.843926,0.946657,59.982908,-7.787825,0.943451,59.984548,-8.620349,0.930596,59.984613,-8.719360,0.943820,59.984383,-8.709337,0.941468,59.987905,-10.892138,0.943330,59.988944,-12.879031,0.958303,59.985171,-12.083171,0.959764,59.989080,-11.958162,0.959043,59.989320,-12.297077,0.978916,59.949690,-6.723568,0.925189,59.947456,-7.465992,0.956618,59.987339,-11.244928,0.969927,59.985204,-8.302956,0.963030,59.986228,-9.469828,0.963292,59.987348,-12.587139,0.986294,59.973005,-5.825055,0.970746,59.996859,-7.910986,0.959286,59.996173,-10.977779,0.961785,60.013885,-3.254718,0.960636,60.016251,-0.007735,0.997975,59.957250,-5.343478,0.916113,59.972975,-1.655901,0.912563,59.967684,1.380721,0.931617,59.924206,-1.627714,0.947544,59.926338,-1.787381,0.967871,59.981994,-3.406871,0.962190,59.981392,-6.709499,0.947052,59.950378,2.525335,0.939648,60.020163,8.194742,0.994528,59.969108,-9.565287,0.999346,0.999483,0.999705,0.997768,0.997924,0.999467,1.000628,0.998599,-43.229800,0.000000,6.709939,5.473987,-0.322140,15.392321,24.200204,-41.019047,288.383297,447.800150,209.391350,467.503357,6.717002,286.592096,294.652499,141.504847,562.436988,245.394482,221.661074,276.382253,200.614467,124.488442,251.663684,184.493662,253.902685,8.239523,988.742731,2.149441,164.790455,75.230425,157.625653,78.812826,137.026846,28.927890,26.868009,92.246831,102.994035,75.767785,-82.574348,42.272334,15.225205,67.617823,24.718568,24.091648,4.119761,223.900075
1.240000,1.008683,59.988349,-8.682302,0.993276,60.012612,-7.428470,0.972396,60.047393,-11.109844,0.947205,60.051422,-11.896020,0.949829,60.037408,-10.396923,0.951768,60.034402,-9.690235,0.943562,60.038754,-11.725617,0.943554,60.038434,-12.145711,0.988889,59.997770,-10.514622,0.957765,60.030584,-7.294788,0.954551,60.032055,-8.118422,0.942114,60.034545,-8.205388,0.955163,60.036563,-8.185912,0.953271,60.051716,-10.292706,0.956314,60.085970,-12.115837,0.971529,60.091660,-11.293626,0.972250,60.076990,-11.234089,0.971103,60.067829,-11.619522,0.991156,60.017624,-6.367127,0.936913,60.006906,-7.174051,0.970758,60.124182,-10.276799,0.984888,60.142055,-7.214430,0.978311,60.166822,-8.247195,0.976725,60.108351,-11.709919,0.996907,60.009204,-5.454555,0.981817,60.051027,-7.289425,0.971160,60.067998,-10.282214,0.971449,60.053211,-2.577767,0.969751,60.048363,0.657067,1.005738,59.980999,-5.143670,0.925480,59.998922,-1.326082,0.921527,59.994155,1.680417,0.941437,59.972808,-1.538977,0.958782,59.964349,-1.739455,0.982818,60.121971,-2.399034,0.979528,60.250781,-4.955032,0.957741,59.969163,2.663094,0.947325,60.036361,8.823389,1.000561,59.972162,-9.370216,0.999319,0.999398,0.999533,0.997892,0.997821,0.999118,1.000428,0.998596,-43.276489,0.000000,6.787140,4.775951,-1.000956,15.327925,24.671204,-41.384175,288.383297,447.800150,209.391350,467.503357,6.717002,286.592096,294.652499,141.504847,562.436988,245.394482,221.661074,276.382253,200.614467,124.488442,251.663684,184.493662,253.902685,8.239523,988.742731,2.149441,164.790455,75.230425,157.625653,78.812826,137.026846,28.927890,26.868009,92.246831,102.994035,75.767785,-82.574348,42.272334,15.225205,67.617823,24.718568,24.091648,4.119761,223.900075
1.260000,1.015741,59.981589,-8.339776,1.004272,59.999797,-6.927028,0.985866,60.026477,-10.383342,0.960887,60.028862,-11.148535,0.962560,60.018048,-9.742025,0.964409,60.015761,-9.054851,0.955958,60.018863,-11.063664,0.955759,60.018619,-11.485949,0.996772,59.988512,-10.114172,0.970784,60.012979,-6.682400,0.967480,60.014062,-7.497042,0.955637,60.016063,-7.567086,0.968599,60.017723,-7.533626,0.967594,60.029630,-9.539779,0.973312,60.057014,-11.131667,0.989345,60.062557,-10.265439,0.988409,60.050397,-10.307872,0.986280,60.042779,-10.756286,1.006541,60.002933,-5.830567,0.951133,59.992496,-6.715637,0.991184,60.090685,-9.020612,1.007842,60.109593,-5.816975,1.002754,60.130084,-6.680204,0.995370,60.076209,-10.568407,1.008678,59.995058,-4.984893,0.995288,60.029701,-6.541183,0.986072,60.042819,-9.420899,0.983214,60.032875,-1.815612,0.980813,60.029785,1.388546,1.013764,59.977634,-4.835045,0.935782,59.988687,-0.922349,0.931742,59.984037,2.051581,0.953544,59.967379,-1.299335,0.971778,59.957054,-1.566501,1.005554,60.097466,-1.118823,1.012336,60.208837,-2.771692,0.968869,59.958322,2.849406,0.956480,60.021737,9.477902,1.005253,59.969236,-9.134698,0.999296,0.999318,0.999364,0.998082,0.997762,0.998792,1.000200,0.998629,-43.298129,0.000000,6.826192,4.181536,-1.679140,15.152973,25.085223,-41.707253,288.383297,447.800150,209.391350,467.503357,6.717002,286.592096,294.652499,141.504847,562.436988,245.394482,221.661074,276.382252,200.614467,124.488442,251.663684,184.493662,253.902685,8.239523,988.742731,2.149441,164.790455,75.230425,157.625653,78.812826,137.026846,28.927890,26.868009,92.246831,102.994034,75.767785,-82.574348,42.272334,15.225205,67.617823,24.718568,24.091648,4.119761,223.900075
1.280000,1.020622,59.972686,-8.038426,1.011846,59.983480,-6.529765,0.994695,60.002668,-9.830274,0.969846,60.004481,-10.581198,0.971010,59.997296,-9.235097,0.972821,59.995765,-8.560756,0.964204,59.997834,-10.552212,0.963878,59.997689,-10.975784,1.002090,59.977941,-9.771123,0.979413,59.993608,-6.205268,0.976058,59.994435,-7.013362,0.964567,59.995815,-7.071989,0.977439,59.996973,-7.028993,0.976859,60.005330,-8.966563,0.983804,60.024843,-10.399467,1.000168,60.029418,-9.498047,0.998493,60.020306,-9.613034,0.995911,60.014531,-10.107351,1.016700,59.987149,-5.410586,0.960979,59.977258,-6.368174,1.002899,60.050910,-8.082331,1.020461,60.067591,-4.752704,1.016132,60.082654,-5.494475,1.006464,60.039336,-9.720622,1.016801,59.978110,-4.624639,1.004139,60.005559,-5.965868,0.995622,60.014702,-8.770681,0.991090,60.010027,-1.210404,0.988289,60.008660,1.980090,1.019546,59.968994,-4.560416,0.942964,59.978129,-0.577978,0.938786,59.972519,2.358266,0.961821,59.964034,-1.077051,0.981385,59.949277,-1.438564,1.017696,60.061815,-0.110769,1.029724,60.147228,-1.086017,0.977172,59.945817,2.966724,0.962859,60.004572,10.031164,1.008511,59.965154,-8.899409,0.999277,0.999242,0.999200,0.998329,0.997747,0.998497,0.999947,0.998688,-43.295355,0.000000,6.826725,3.715855,-2.339442,14.877164,25.428845,-41.976504,288.383297,447.800150,209.391350,467.503357,6.717002,286.592096,294.652499,141.504847,562.436988,245.394482,221.661074,276.382252,200.614467,124.488442,251.663684,184.493662,253.902685,8.239523,988.742731,2.149441,164.790455,75.230425,157.625653,78.812826,137.026846,28.927890,26.868009,92.246831,102.994034,75.767785,-82.574348,42.272334,15.225205,67.617823,24.718568,24.091648,4.119761,223.900075
1.300000,1.024150,59.966068,-7.767562,1.017392,59.972053,-6.203982,1.000834,59.987055,-9.386455,0.976032,59.988607,-10.125564,0.976902,59.983486,-8.821232,0.978697,59.982374,-8.155882,0.969960,59.983903,-10.135095,0.969543,59.983837,-10.559351,1.005815,59.970404,-9.466811,0.985429,59.980465,-5.814637,0.982041,59.981185,-6.617325,0.970771,59.982207,-6.667736,0.983561,59.983073,-6.617805,0.983177,59.989496,-8.504588,0.990625,60.004777,-9.817512,1.007082,60.008828,-8.885681,1.005148,60.001173,-9.059122,1.002385,59.996437,-9.590042,1.023707,59.978597,-5.046110,0.968092,59.969220,-6.072672,1.009897,60.025960,-7.335732,1.027597,60.040512,-3.895601,1.023649,60.052241,-4.544730,1.013384,60.016447,-9.047761,1.022725,59.966046,-4.340352,1.010340,59.988851,-5.505827,1.002126,59.996201,-8.253753,0.996750,59.992913,-0.719287,0.993720,59.992111,2.464410,1.023960,59.962306,-4.316535,0.948135,59.970161,-0.273874,0.943873,59.963560,2.617479,0.967661,59.964281,-0.837692,0.988723,59.945962,-1.322174,1.024291,60.037806,0.719844,1.039071,60.106516,0.280929,0.983640,59.936011,3.029578,0.967637,59.989368,10.493252,1.010811,59.961645,-8.668017,0.999259,0.999169,0.999042,0.998613,0.997771,0.998238,0.999675,0.998765,-43.268542,0.000000,6.789694,3.397442,-2.965670,14.513568,25.690985,-42.183958,288.383297,447.800150,209.391350,467.503357,6.717002,286.592096,294.652499,141.504847,562.436988,245.394482,221.661074,276.382253,200.614467,124.488442,251.663684,184.493662,253.902685,8.239523,988.742731,2.149441,164.790455,75.230425,157.625653,78.812826,137.026846,28.927890,26.868009,92.246831,102.994034,75.767785,-82.574348,42.272334,15.225205,67.617823,24.718568,24.091648,4.119761,223.900075
1.320000,1.026853,59.961191,-7.519083,1.021772,59.964065,-5.927183,1.005472,59.976569,-9.013562,0.980656,59.977886,-9.742538,0.981328,59.973886,-8.469624,0.983118,59.972984,-7.811244,0.974284,59.974282,-9.780620,0.973795,59.974296,-10.204990,1.008573,59.964905,-9.190009,0.989959,59.971080,-5.483618,0.986545,59.971786,-6.281226,0.975429,59.972604,-6.325261,0.988148,59.973302,-6.269903,0.987849,59.978739,-8.115285,0.995459,59.991787,-9.329073,1.011899,59.995555,-8.369454,1.009948,59.988570,-8.594680,1.007133,59.984480,-9.156632,1.028927,59.974217,-4.706195,0.973580,59.965506,-5.797365,1.014444,60.009534,-6.710853,1.031941,60.022011,-3.175326,1.028175,60.031474,-3.750638,1.018093,60.001641,-8.483897,1.027358,59.957368,-4.109896,1.015101,59.976805,-5.126824,1.006978,59.983545,-7.825065,1.001249,59.979402,-0.317162,0.998090,59.978449,2.860397,1.027552,59.957666,-4.094302,0.952093,59.963639,-0.003151,0.947817,59.956109,2.836460,0.972118,59.966231,-0.571272,0.994611,59.945504,-1.199073,1.028121,60.020697,1.427560,1.044336,60.077289,1.426958,0.988946,59.928390,3.048999,0.971593,59.975405,10.868872,1.012480,59.958756,-8.441923,0.999243,0.999098,0.998891,0.998918,0.997831,0.998019,0.999386,0.998854,-43.217771,0.000000,6.717233,3.237923,-3.542485,14.077874,25.862924,-42.324156,288.383297,447.800150,209.391350,467.503357,6.717002,286.592096,294.652499,141.504847,562.436988,245.394482,221.661074,276.382253,200.614467,124.488442,251.663684,184.493662,253.902685,8.239523,988.742731,2.149441,164.790455,75.230425,157.625653,78.812826,137.026846,28.927890,26.868009,92.246831,102.994034,75.767785,-82.574348,42.272334,15.225205,67.617823,24.718568,24.091648,4.119761,223.900075
1.340000,1.029061,59.957630,-7.287471,1.025515,59.958555,-5.684193,1.009314,59.969477,-8.688039,0.984446,59.970500,-9.408818,0.984959,59.967042,-8.162009,0.986747,59.966224,-7.509695,0.977825,59.967470,-9.470027,0.977274,59.967562,-9.893946,1.010763,59.960837,-8.933970,0.993691,59.964189,-5.196309,0.990250,59.964934,-5.988683,0.979257,59.965642,-6.027363,0.991913,59.966249,-5.967421,0.991653,59.971266,-7.775793,0.999279,59.983252,-8.900919,1.015661,59.986896,-7.914804,1.013806,59.980146,-8.189078,1.010993,59.976483,-8.778461,1.033183,59.972585,-4.372746,0.978134,59.964694,-5.523026,1.017811,59.998443,-6.166821,1.034976,60.008951,-2.550393,1.031285,60.016748,-3.065325,1.021704,59.991890,-7.990532,1.031256,59.951169,-3.918247,1.019149,59.967883,-4.807726,1.011006,59.974685,-7.457445,1.005249,59.968322,0.011234,1.002024,59.966763,3.179411,1.030667,59.954745,-3.885407,0.955360,59.958196,0.237711,0.951136,59.949792,3.019138,0.975847,59.969351,-0.273227,0.999588,59.947151,-1.057363,1.030698,60.008166,2.045753,1.047645,60.055258,2.408713,0.993520,59.922710,3.034506,0.975238,59.962354,11.160305,1.013736,59.956422,-8.221963,0.999228,0.999027,0.998750,0.999230,0.997924,0.997844,0.999085,0.998950,-43.143063,0.000000,6.612315,3.242843,-4.055519,13.587669,25.937950,-42.393544,288.383297,447.800150,209.391350,467.503357,6.717002,286.592096,294.652499,141.504847,562.436988,245.394482,221.661074,276.382253,200.614467,124.488442,251.663684,184.493662,253.902685,8.239523,988.742731,2.149441,164.790455,75.230425,157.625653,78.812826,137.026846,28.927890,26.868009,92.246831,102.994034,75.767785,-82.574348,42.272334,15.225205,67.617823,24.718568,24.091648,4.119761,223.900075
1.360000,1.030985,59.955065,-7.069164,1.028933,59.954875,-5.464647,1.012774,59.964728,-8.394875,0.987833,59.965386,-9.109893,0.988196,59.962112,-7.886996,0.989983,59.961301,-7.240506,0.980973,59.962590,-9.191707,0.980362,59.962753,-9.614642,1.012631,59.957802,-8.694697,0.997034,59.959074,-4.942617,0.993565,59.959882,-5.729352,0.982680,59.960541,-5.763185,0.995282,59.961107,-5.699077,0.995044,59.966044,-7.471829,1.002639,59.977673,-8.512572,1.018952,59.981307,-7.500319,1.017246,59.974535,-7.823178,1.014447,59.971166,-8.437552,1.036953,59.972856,-4.034402,0.982164,59.965922,-5.237264,1.020693,59.990900,-5.678213,1.037503,59.999591,-1.994401,1.033829,60.006093,-2.459187,1.024838,59.985482,-7.543900,1.034758,59.946864,-3.754743,1.022924,59.961165,-4.534847,1.014692,59.968417,-7.133733,1.009160,59.958983,0.275685,1.005916,59.956528,3.428738,1.033515,59.953172,-3.683583,0.958260,59.953660,0.451237,0.954151,59.944454,3.168493,0.979231,59.973329,0.059003,1.003996,59.950426,-0.888542,1.032832,59.998897,2.596674,1.050126,60.038194,3.262819,0.997636,59.918814,2.994918,0.978906,59.950063,11.368942,1.014725,59.954545,-8.009001,0.999213,0.998958,0.998618,0.999539,0.998047,0.997715,0.998775,0.999050,-43.044564,0.000000,6.478537,3.412421,-4.491638,13.061803,25.911113,-42.390273,288.383297,447.800150,209.391350,467.503357,6.717002,286.592096,294.652499,141.504847,562.436988,245.394482,221.661074,276.382253,200.614467,124.488442,251.663684,184.493662,253.902685,8.239523,988.742731,2.149441,164.790455,75.230425,157.625653,78.812826,137.026846,28.927890,26.868009,92.246831,102.994034,75.767785,-82.574348,42.272334,15.225205,67.617823,24.718568,24.091648,4.119761,223.900075
1.380000,1.032752,59.953260,-6.862024,1.032212,59.952572,-5.261414,1.016090,59.961646,-8.124322,0.991063,59.961876,-8.836501,0.991272,59.958559,-7.637270,0.993058,59.957715,-6.996751,0.983958,59.959087,-8.938310,0.983286,59.959313,-9.359784,1.014329,59.955527,-8.469960,1.000227,59.955281,-4.715832,0.996727,59.956161,-5.496426,0.985948,59.956808,-5.525588,0.998499,59.957366,-5.457455,0.998281,59.962423,-7.194200,1.005848,59.974120,-8.151089,1.022097,59.977825,-7.112390,1.020560,59.970877,-7.484734,1.017767,59.967718,-8.122383,1.040508,59.974442,-3.684134,0.985914,59.968584,-4.932145,1.023466,59.985808,-5.228625,1.039942,59.992858,-1.489728,1.036253,59.998314,-1.912524,1.027836,59.981359,-7.128877,1.038069,59.944048,-3.611573,1.026684,59.956059,-4.299048,1.018314,59.963977,-6.842808,1.013235,59.950951,0.482739,1.010009,59.947418,3.613345,1.036226,59.952624,-3.484542,0.960992,59.949912,0.639479,0.957051,59.940012,3.287252,0.982484,59.977874,0.426355,1.008048,59.954948,-0.686562,1.034942,59.992044,3.095889,1.052366,60.024788,4.014872,1.001462,59.916564,2.938531,0.982811,59.938463,11.495981,1.015545,59.953034,-7.804090,0.999199,0.998891,0.998498,0.999833,0.998197,0.997632,0.998462,0.999151,-42.922669,0.000000,6.319991,3.742162,-4.839180,12.519804,25.779105,-42.314091,288.383297,447.800150,209.391350,467.503357,6.717002,286.592096,294.652499,141.504847,562.436988,245.394482,221.661074,276.382253,200.614467,124.488442,251.663684,184.493662,253.902685,8.239523,988.742731,2.149441,164.790455,75.230425,157.625653,78.812826,137.026846,28.927890,26.868009,92.246831,102.994034,75.767785,-82.574348,42.272334,15.225205,67.617823,24.718568,24.091648,4.119761,223.900075
1.400000,1.034439,59.952033,-6.664926,1.035453,59.951315,-5.069628,1.019389,59.959765,-7.870072,0.994273,59.959518,-8.582724,0.994318,59.956024,-7.408111,0.996102,59.955123,-6.773918,0.986908,59.956588,-8.705178,0.986172,59.956865,-9.124791,1.015948,59.953819,-8.258695,1.003403,59.952503,-4.511378,0.999868,59.953448,-5.285339,0.989196,59.954109,-5.309791,1.001701,59.954682,-5.237585,1.001506,59.959963,-6.936950,1.009065,59.971970,-7.808319,1.025261,59.975799,-6.742407,1.023904,59.968588,-7.165929,1.021100,59.965587,-7.825591,1.043991,59.976889,-3.318083,0.989517,59.972211,-4.603013,1.026316,59.982435,-4.807360,1.042501,59.988032,-1.024348,1.038780,59.992622,-1.411845,1.030871,59.978817,-6.735830,1.041306,59.942419,-3.482924,1.030575,59.952155,-4.094145,1.022025,59.960849,-6.577440,1.017622,59.943937,0.636945,1.014450,59.939224,3.736843,1.038875,59.952835,-3.285632,0.963672,59.946851,0.804144,0.959944,59.936404,3.378079,0.985713,59.982698,0.828108,1.011871,59.960381,-0.447478,1.037228,59.987011,3.554503,1.054655,60.014179,4.683657,1.005100,59.915818,2.873064,0.987086,59.927536,11.542796,1.016259,59.951809,-7.608468,0.999186,0.998825,0.998392,1.000106,0.998370,0.997598,0.998148,0.999249,-42.778094,0.000000,6.141168,4.223403,-5.088184,11.981307,25.540210,-42.166262,288.383297,447.800150,209.391350,467.503357,6.717002,286.592096,294.652499,141.504847,562.436988,245.394482,221.661074,276.382253,200.614467,124.488442,251.663684,184.493662,253.902685,8.239523,988.742731,2.149441,164.790455,75.230425,157.625653,78.812826,137.026846,28.927890,26.868009,92.246831,102.994034,75.767785,-82.574348,42.272334,15.225205,67.617823,24.718568,24.091648,4.119761,223.900075
1.420000,1.036021,59.946565,-6.490048,1.038538,59.940921,-4.912807,1.022507,59.943863,-7.668636,0.997295,59.943810,-8.383604,0.997183,59.942561,-7.228403,0.998966,59.941904,-6.600109,0.989680,59.943775,-8.519694,0.988883,59.944324,-8.936521,1.017444,59.947388,-8.074606,1.006393,59.938365,-4.359072,1.002823,59.939584,-5.125432,0.992252,59.939632,-5.146736,1.004712,59.939605,-5.071972,1.004537,59.942539,-6.739290,1.012077,59.946707,-7.544691,1.028218,59.947401,-6.459183,1.027068,59.944995,-6.922301,1.024252,59.944871,-7.595629,1.047214,59.962325,-2.981816,0.992817,59.961824,-4.287100,1.028977,59.940811,-4.513857,1.044821,59.933164,-0.727711,1.041046,59.941401,-1.073128,1.033708,59.947000,-6.440851,1.044345,59.931972,-3.390801,1.034388,59.934935,-3.954547,1.025605,59.940574,-6.382181,1.022098,59.926630,0.711472,1.019021,59.921999,3.775582,1.041399,59.947505,-3.101393,0.966186,59.937194,0.927473,0.962682,59.925694,3.422568,0.988773,59.974910,1.228627,1.015349,59.956259,-0.196267,1.039192,59.913008,3.791984,1.056477,59.959190,5.163875,1.008454,59.910066,2.788622,0.991548,59.910478,11.492979,1.016889,59.949456,-7.427021,0.999172,0.998763,0.998299,1.000348,0.998561,0.997610,0.997840,0.999342,-42.611913,0.000000,5.946887,4.843770,-5.230624,11.465488,25.194306,-41.949484,288.383297,447.800150,209.391350,467.503357,6.717002,286.592096,294.652499,141.504847,562.436988,245.394482,221.661074,276.382253,200.614467,124.488442,251.663684,184.493662,253.902685,8.239523,988.742731,2.149441,164.790455,75.230425,157.625653,78.812826,137.026846,28.927890,26.868009,92.246831,102.994035,75.767785,-82.574348,42.272334,15.225205,67.617823,24.718568,24.091648,4.119761,223.900075
1.440000,1.037696,59.949924,-6.319231,1.041896,59.949338,-4.749691,1.026042,59.956323,-7.455338,1.000740,59.955216,-8.176495,1.000422,59.951424,-7.046984,1.002200,59.950405,-6.425764,0.992806,59.952132,-8.332908,0.991938,59.952519,-8.746932,1.019077,59.950743,-7.896554,1.009784,59.947394,-4.206501,1.006172,59.948473,-4.965077,0.995724,59.949129,-4.981990,1.008146,59.949692,-4.903502,1.008033,59.955264,-6.532297,1.015707,59.967240,-7.255589,1.031851,59.970920,-6.145326,1.030834,59.963719,-6.657606,1.027937,59.961296,-7.347685,1.050892,59.980119,-2.607504,0.996430,59.978408,-3.927429,1.032525,59.974013,-4.179935,1.048246,59.975575,-0.384760,1.044427,59.979412,-0.699181,1.037281,59.972854,-6.113221,1.047667,59.940197,-3.293268,1.038798,59.944870,-3.818398,1.029797,59.954790,-6.178023,1.027310,59.930605,0.754617,1.024340,59.923569,3.771743,1.044064,59.953195,-2.912147,0.968970,59.940970,1.036958,0.965732,59.929985,3.453159,0.992211,59.989411,1.667579,1.018980,59.970541,0.103302,1.042458,59.971433,4.097761,1.059680,59.992636,5.641551,1.011901,59.916866,2.714591,0.996708,59.906515,11.374860,1.017511,59.949575,-7.256531,0.999159,0.998703,0.998221,1.000551,0.998764,0.997663,0.997539,0.999426,-42.425124,0.000000,5.742175,5.586750,-5.261264,10.990317,24.743017,-41.667956,288.383297,447.800150,209.391350,467.503357,6.717002,286.592096,294.652499,141.504847,562.436988,245.394482,221.661074,276.382253,200.614467,124.488442,251.663684,184.493662,253.902685,8.239523,988.742731,2.149441,164.790455,75.230425,157.625653,78.812826,137.026846,28.927890,26.868009,92.246831,102.994034,75.767785,-82.574348,42.272334,15.225205,67.617823,24.718568,24.091648,4.119761,223.900075
1.460000,1.039363,59.949659,-6.155868,1.045279,59.949795,-4.587334,1.029623,59.956196,-7.245322,1.004235,59.954572,-7.976797,1.003710,59.950514,-6.875802,1.005483,59.949441,-6.262170,0.995977,59.951205,-8.156706,0.995036,59.951609,-8.567857,1.020715,59.949949,-7.729687,1.013232,59.946384,-4.064827,1.009574,59.947482,-4.815537,0.999252,59.948173,-4.827565,1.011634,59.948771,-4.744865,1.011582,59.954559,-6.332538,1.019389,59.966889,-6.967941,1.035536,59.970712,-5.830516,1.034679,59.963254,-6.395831,1.031688,59.960964,-7.102768,1.054542,59.982991,-2.212322,0.999972,59.982630,-3.538535,1.036151,59.972985,-3.846600,1.051771,59.973658,-0.044235,1.047893,59.976946,-0.333564,1.040913,59.972330,-5.785932,1.051019,59.940725,-3.196507,1.043428,59.942927,-3.699081,1.034148,59.953559,-5.984030,1.032934,59.925550,0.757145,1.030110,59.917355,3.718356,1.046728,59.954542,-2.717863,0.971796,59.939403,1.129882,0.968847,59.928413,3.466830,0.995625,59.993378,2.134862,1.022495,59.976686,0.444157,1.045871,59.969423,4.408088,1.062909,59.987075,6.088161,1.015277,59.919499,2.652590,1.002344,59.897626,11.186541,1.018112,59.948853,-7.097714,0.999145,0.998648,0.998160,1.000712,0.998977,0.997758,0.997252,0.999502,-42.219210,0.000000,5.532137,6.433374,-5.177066,10.572161,24.189492,-41.326933,288.383297,447.800150,209.391350,467.503357,6.717002,286.592096,294.652499,141.504847,562.436988,245.394482,221.661074,276.382253,200.614467,124.488442,251.663684,184.493662,253.902685,8.239523,988.742731,2.149441,164.790455,75.230425,157.625653,78.812826,137.026846,28.927890,26.868009,92.246831,102.994034,75.767785,-82.574348,42.272334,15.225205,67.617823,24.718568,24.091648,4.119761,223.900075
1.480000,1.041022,59.949511,-6.002199,1.048673,59.950436,-4.429166,1.033234,59.956246,-7.043720,1.007764,59.954154,-7.789021,1.007029,59.949863,-6.718312,1.008797,59.948746,-6.112612,0.999176,59.950524,-7.994371,0.998160,59.950938,-8.402563,1.022355,59.949297,-7.576211,1.016713,59.945702,-3.937255,1.013010,59.946798,-4.680059,1.002814,59.947522,-4.686960,1.015158,59.948152,-4.599807,1.015167,59.954093,-6.145081,1.023115,59.966666,-6.690545,1.039272,59.970592,-5.525109,1.038593,59.962929,-6.145074,1.035493,59.960783,-6.867855,1.058158,59.985452,-1.806610,1.003437,59.986485,-3.129159,1.039860,59.972168,-3.528036,1.055404,59.972094,0.275730,1.051468,59.974918,0.007947,1.044608,59.971941,-5.470106,1.054394,59.941595,-3.102695,1.048244,59.941290,-3.600684,1.038634,59.952545,-5.806222,1.038917,59.920962,0.717042,1.036273,59.911696,3.614373,1.049385,59.955828,-2.522488,0.974650,59.938165,1.204677,0.971998,59.927415,3.463446,0.999003,59.996491,2.618530,1.025891,59.982523,0.819632,1.049406,59.967781,4.697179,1.066246,59.982434,6.490582,1.018580,59.922879,2.604665,1.008402,59.889514,10.929326,1.018698,59.948208,-6.952064,0.999132,0.998599,0.998116,1.000830,0.999195,0.997888,0.996983,0.999567,-41.996305,0.000000,5.321965,7.362999,-4.977015,10.225458,23.538508,-40.932688,288.383297,447.800150,209.391350,467.503357,6.717002,286.592096,294.652499,141.504847,562.436988,245.394482,221.661074,276.382253,200.614467,124.488442,251.663684,184.493662,253.902685,8.239523,988.742731,2.149441,164.790455,75.230425,157.625653,78.812826,137.026846,28.927890,26.868009,92.246831,102.994034,75.767785,-82.574348,42.272334,15.225205,67.617823,24.718568,24.091648,4.119761,223.900075
1.500000,1.042666,59.949443,-5.858923,1.052055,59.951191,-4.275536,1.036851,59.956394,-6.850977,1.011299,59.953890,-7.613231,1.010354,59.949414,-6.574282,1.012118,59.948268,-5.976758,1.002381,59.950034,-7.845758,1.001290,59.950447,-8.250970,1.023991,59.948755,-7.436628,1.020203,59.945297,-3.823025,1.016453,59.946369,-4.558037,1.006384,59.947119,-4.559602,1.018689,59.947777,-4.467783,1.018760,59.953795,-5.969891,1.026854,59.966472,-6.424275,1.043024,59.970456,-5.230281,1.042540,59.962650,-5.906101,1.039321,59.960666,-6.643615,1.061712,59.987400,-1.395126,1.006807,59.989828,-2.703954,1.043615,59.971459,-3.224505,1.059103,59.970788,0.575961,1.055112,59.973212,0.326676,1.048329,59.971577,-5.166610,1.057779,59.942714,-3.011150,1.053207,59.939898,-3.522646,1.043216,59.951670,-5.644754,1.045200,59.916844,0.636307,1.042770,59.906623,3.462554,1.052025,59.957032,-2.327912,0.977515,59.937246,1.262295,0.975160,59.926962,3.445634,1.002315,59.998691,3.110843,1.029158,59.987877,1.225354,1.053018,59.966458,4.966240,1.069658,59.978552,6.853403,1.021808,59.926835,2.574058,1.014824,59.882273,10.607863,1.019274,59.947626,-6.820477,0.999120,0.998556,0.998091,1.000901,0.999413,0.998050,0.996739,0.999622,-41.758925,0.000000,5.116842,8.353368,-4.662584,9.962206,22.796577,-40.492485,288.383297,447.800150,209.391350,467.503357,6.717002,286.592096,294.652499,141.504847,562.436988,245.394482,221.661074,276.382253,200.614467,124.488442,251.663684,184.493662,253.902685,8.239523,988.742731,2.149441,164.790455,75.230425,157.625653,78.812826,137.026846,28.927890,26.868009,92.246831,102.994034,75.767785,-82.574348,42.272334,15.225205,67.617823,24.718568,24.091648,4.119761,223.900075
1.520000,1.044286,59.949419,-5.726658,1.055402,59.951983,-4.127001,1.040440,59.956559,-6.667790,1.014807,59.953712,-7.449661,1.013654,59.949111,-6.443538,1.015415,59.947954,-5.854325,1.005561,59.949681,-7.710769,1.004396,59.950085,-8.113045,1.025612,59.948296,-7.311303,1.023665,59.945109,-3.721446,1.019869,59.946138,-4.448920,1.009925,59.946907,-4.444995,1.022193,59.947585,-4.348344,1.022325,59.953594,-5.807113,1.030565,59.966209,-6.170403,1.046749,59.970198,-4.947669,1.046479,59.962325,-5.680038,1.043133,59.960521,-6.431041,1.065171,59.988718,-0.983134,1.010056,59.992514,-2.268303,1.047366,59.970737,-2.936815,1.062815,59.969609,0.856687,1.058773,59.971683,0.623254,1.052032,59.971124,-4.876820,1.061153,59.943985,-2.921552,1.058263,59.938695,-3.464491,1.047846,59.950858,-5.500008,1.051710,59.913203,0.517321,1.049523,59.902168,3.266228,1.054632,59.958098,-2.135996,0.980368,59.936620,1.303889,0.978303,59.927013,3.416112,1.005527,59.999882,3.603765,1.032280,59.992571,1.656005,1.056649,59.965328,5.215970,1.073097,59.975241,7.180204,1.024958,59.931186,2.563077,1.021537,59.875995,10.227808,1.019841,59.947095,-6.703589,0.999107,0.998520,0.998084,1.000924,0.999627,0.998238,0.996523,0.999664,-41.509941,0.000000,4.921821,9.381199,-4.237788,9.791575,21.971960,-40.014402,288.383297,447.800150,209.391350,467.503357,6.717002,286.592096,294.652499,141.504847,562.436988,245.394482,221.661074,276.382253,200.614467,124.488442,251.663684,184.493662,253.902685,8.239523,988.742731,2.149441,164.790455,75.230425,157.625653,78.812826,137.026846,28.927890,26.868009,92.246831,102.994035,75.767785,-82.574348,42.272334,15.225205,67.617823,24.718568,24.091648,4.119761,223.900075
1.540000,1.045871,59.949404,-5.605929,1.058684,59.952738,-3.984312,1.043966,59.956674,-6.495027,1.018252,59.953565,-7.298626,1.016898,59.948910,-6.325913,1.018655,59.947758,-5.745019,1.008686,59.949424,-7.589289,1.007447,59.949811,-7.988729,1.027203,59.947895,-7.200427,1.027065,59.945092,-3.631844,1.023225,59.946060,-4.352173,1.013403,59.946836,-4.342673,1.025634,59.947525,-4.241089,1.025824,59.953432,-5.656996,1.034204,59.965804,-5.930447,1.050405,59.969734,-4.679221,1.050366,59.961882,-5.468235,1.046889,59.960280,-6.231329,1.068502,59.989315,-0.576276,1.013159,59.994422,-1.828176,1.051062,59.969907,-2.666181,1.066485,59.968445,1.117627,1.062396,59.970215,0.897738,1.055673,59.970495,-4.602463,1.064494,59.945314,-2.833913,1.063355,59.937644,-3.425720,1.052469,59.950056,-5.372459,1.058364,59.910067,0.362956,1.056445,59.898379,3.029373,1.057190,59.958974,-1.948652,0.983184,59.936261,1.330769,0.981395,59.927525,3.377641,1.008605,59.999995,4.089021,1.035239,59.996446,2.105430,1.060242,59.964277,5.446560,1.076511,59.972336,7.473658,1.028023,59.935751,2.573065,1.028454,59.870772,9.795825,1.020395,59.946602,-6.601766,0.999096,0.998493,0.998097,1.000901,0.999830,0.998443,0.996340,0.999694,-41.252542,0.000000,4.741716,10.422791,-3.709185,9.719624,21.074639,-39.507168,288.383297,447.800150,209.391350,467.503357,6.717002,286.592096,294.652499,141.504847,562.436988,245.394482,221.661074,276.382253,200.614467,124.488442,251.663684,184.493662,253.902685,8.239523,988.742731,2.149441,164.790455,75.230425,157.625653,78.812826,137.026846,28.927890,26.868009,92.246831,102.994035,75.767785,-82.574348,42.272334,15.225205,67.617823,24.718568,24.091648,4.119761,223.900075
1.560000,1.047408,59.949369,-5.497145,1.061874,59.953400,-3.848335,1.047395,59.956691,-6.333616,1.021599,59.953411,-7.160421,1.020051,59.948778,-6.221169,1.021806,59.947649,-5.648476,1.011725,59.949232,-7.481113,1.010414,59.949596,-7.877869,1.028750,59.947538,-7.103993,1.030369,59.945205,-3.553518,1.026486,59.946097,-4.267215,1.016781,59.946869,-4.252137,1.028975,59.947556,-4.145594,1.029222,59.953269,-5.519791,1.037733,59.965207,-5.706012,1.053948,59.969011,-4.427015,1.054156,59.961276,-5.272096,1.050548,59.959896,-6.045734,1.071673,59.989130,-0.180376,1.016091,59.995464,-1.389927,1.054657,59.968901,-2.414046,1.070062,59.967213,1.358160,1.065932,59.968716,1.149798,1.059206,59.969631,-4.345425,1.067775,59.946627,-2.748498,1.068420,59.936726,-3.405670,1.057032,59.949236,-5.262516,1.065071,59.907475,0.176673,1.063443,59.895311,2.756686,1.059682,59.959613,-1.767804,0.985937,59.936143,1.344403,0.984406,59.928452,3.332992,1.011519,59.998992,4.558318,1.038018,59.999375,2.566802,1.063744,59.963211,5.657804,1.079849,59.969700,7.735713,1.030993,59.940357,2.604438,1.035484,59.866694,9.319578,1.020936,59.946142,-6.515102,0.999084,0.998474,0.998128,1.000834,1.000018,0.998660,0.996195,0.999710,-40.990179,0.000000,4.580992,11.454634,-3.085811,9.749116,20.116261,-38.979989,288.383297,447.800150,209.391350,467.503357,6.717002,286.592096,294.652499,141.504847,562.436988,245.394482,221.661074,276.382253,200.614467,124.488442,251.663684,184.493662,253.902685,8.239523,988.742731,2.149441,164.790455,75.230425,157.625653,78.812826,137.026846,28.927890,26.868009,92.246831,102.994035,75.767785,-82.574348,42.272334,15.225205,67.617823,24.718568,24.091648,4.119761,223.900075
1.580000,1.048887,59.949295,-5.400555,1.064947,59.953924,-3.719969,1.050696,59.956579,-6.184428,1.024819,59.953225,-7.035238,1.023087,59.948691,-6.128939,1.024840,59.947602,-5.564204,1.014651,59.949085,-7.385884,1.013270,59.949420,-7.780151,1.030242,59.947212,-7.021763,1.033546,59.945419,-3.485689,1.029624,59.946219,-4.193370,1.020030,59.946975,-4.172799,1.032188,59.947651,-4.061354,1.032486,59.953077,-5.395659,1.041116,59.964391,-5.498627,1.057345,59.968000,-4.193082,1.057811,59.960483,-5.092931,1.054075,59.959345,-5.875423,1.074661,59.988139,0.198791,1.018833,59.995587,-0.960068,1.058110,59.967678,-2.181896,1.073503,59.965852,1.577491,1.069336,59.967123,1.378892,1.062597,59.968501,-4.107572,1.070971,59.947860,-2.665736,1.073399,59.935945,-3.403397,1.061483,59.948390,-5.170373,1.071742,59.905481,-0.037392,1.070420,59.893029,2.453633,1.062094,59.959983,-1.595327,0.988605,59.936243,1.346404,0.987307,59.929746,3.284917,1.014247,59.996880,5.003613,1.040603,60.001256,3.032814,1.067111,59.962060,5.849248,1.083069,59.967224,7.967783,1.033861,59.944844,2.656746,1.042531,59.863847,8.807684,1.021460,59.945706,-6.443415,0.999074,0.998465,0.998177,1.000724,1.000187,0.998881,0.996091,0.999714,-40.726508,0.000000,4.443655,12.453997,-2.379047,9.879444,19.110022,-38.442369,288.383297,447.800150,209.391350,467.503357,6.717002,286.592096,294.652499,141.504847,562.436988,245.394482,221.661074,276.382253,200.614467,124.488442,251.663684,184.493662,253.902685,8.239523,988.742731,2.149441,164.790455,75.230425,157.625653,78.812826,137.026846,28.927890,26.868009,92.246831,102.994035,75.767785,-82.574348,42.272334,15.225205,67.617823,24.718568,24.091648,4.119761,223.900075
1.600000,1.050297,59.949168,-5.316226,1.067880,59.954283,-3.600058,1.053844,59.956324,-6.048183,1.027886,59.952994,-6.923087,1.025981,59.948636,-6.048684,1.027733,59.947603,-5.491543,1.017440,59.948971,-7.303057,1.015993,59.949272,-7.695067,1.031667,59.946910,-6.953266,1.036572,59.945710,-3.427459,1.032612,59.946408,-4.129829,1.023122,59.947135,-4.103941,1.035246,59.947786,-3.987735,1.035592,59.952840,-5.284601,1.044328,59.963352,-5.309618,1.060567,59.966695,-3.979248,1.061301,59.959504,-4.931814,1.057440,59.958621,-5.721355,1.077450,59.986348,0.555716,1.021372,59.994767,-0.545059,1.061390,59.966220,-1.971101,1.076773,59.964330,1.774814,1.072575,59.965398,1.584441,1.065816,59.967097,-3.890585,1.074060,59.948969,-2.586128,1.078236,59.935316,-3.417574,1.065777,59.947530,-5.095893,1.078292,59.904144,-0.274390,1.077288,59.891600,2.126456,1.064410,59.960066,-1.432968,0.991167,59.936542,1.338536,0.990076,59.931358,3.236119,1.016774,59.993703,5.417377,1.042985,60.002022,3.495886,1.070307,59.960777,6.020331,1.086137,59.964829,8.170934,1.036616,59.949072,2.728777,1.049503,59.862309,8.269646,1.021964,59.945293,-6.386259,0.999064,0.998465,0.998242,1.000576,1.000332,0.999098,0.996032,0.999705,-40.465317,0.000000,4.333153,13.399511,-1.602432,10.106670,18.070514,-37.903934,288.383297,447.800150,209.391350,467.503357,6.717002,286.592096,294.652499,141.504847,562.436988,245.394482,221.661074,276.382253,200.614467,124.488442,251.663684,184.493662,253.902685,8.239523,988.742731,2.149441,164.790455,75.230425,157.625653,78.812826,137.026846,28.927890,26.868009,92.246831,102.994035,75.767785,-82.574348,42.272334,15.225205,67.617823,24.718568,24.091648,4.119761,223.900075
1.620000,1.051631,59.948981,-5.244019,1.070657,59.954461,-3.489314,1.056818,59.955925,-5.925366,1.030780,59.952717,-6.823746,1.028716,59.948604,-5.979658,1.030467,59.947643,-5.429640,1.020075,59.948885,-7.231863,1.018566,59.949148,-7.621878,1.033017,59.946630,-6.897784,1.039426,59.946061,-3.377796,1.035433,59.946650,-4.075625,1.026041,59.947336,-4.044680,1.038131,59.947952,-3.923940,1.038519,59.952557,-5.186397,1.047348,59.962102,-5.139993,1.063596,59.965114,-3.787006,1.064600,59.958352,-4.789477,1.060622,59.957734,-5.584182,1.080030,59.983795,0.885350,1.023701,59.993016,-0.151095,1.064475,59.964533,-1.782782,1.079851,59.962633,1.949452,1.075625,59.963526,1.765972,1.068843,59.965432,-3.695834,1.077021,59.949921,-2.510167,1.082884,59.934866,-3.446432,1.069875,59.946680,-5.038516,1.084642,59.903523,-0.528766,1.083960,59.891086,1.782135,1.066620,59.959854,-1.282280,0.993607,59.937020,1.322694,0.992695,59.933238,3.189222,1.019093,59.989545,5.792854,1.045158,60.001638,3.948371,1.073310,59.959335,6.170532,1.089030,59.962462,8.346052,1.039250,59.952919,2.818655,1.056312,59.862142,7.715736,1.022445,59.944899,-6.342932,0.999054,0.998475,0.998323,1.000395,1.000448,0.999305,0.996020,0.999683,-40.210446,0.000000,4.252290,14.271685,-0.771394,10.423664,17.013497,-37.374241,288.383297,447.800150,209.391350,467.503357,6.717002,286.592096,294.652499,141.504847,562.436988,245.394482,221.661074,276.382253,200.614467,124.488442,251.663684,184.493662,253.902685,8.239523,988.742731,2.149441,164.790455,75.230425,157.625653,78.812826,137.026846,28.927890,26.868009,92.246831,102.994035,75.767785,-82.574348,42.272334,15.225205,67.617823,24.718568,24.091648,4.119761,223.900075
1.640000,1.052884,59.948732,-5.183578,1.073264,59.954453,-3.388268,1.059607,59.955392,-5.816174,1.033491,59.952399,-6.736733,1.031278,59.948595,-5.920899,1.033029,59.947717,-5.377436,1.022546,59.948826,-7.171308,1.020978,59.949048,-7.559614,1.034286,59.946370,-6.854368,1.042098,59.946462,-3.335517,1.038074,59.946935,-4.029624,1.028771,59.947570,-3.993965,1.040829,59.948139,-3.868995,1.041256,59.952230,-5.100577,1.050168,59.960665,-4.990369,1.066421,59.963286,-3.617421,1.067692,59.957057,-4.666238,1.063605,59.956707,-5.464185,1.082402,59.980545,1.183281,1.025820,59.990373,0.216075,1.067354,59.962637,-1.617707,1.082722,59.960768,2.100969,1.078474,59.961511,1.923229,1.071668,59.963536,-3.524275,1.079838,59.950696,-2.438281,1.087301,59.934626,-3.487742,1.073749,59.945874,-4.997220,1.090723,59.903671,-0.794321,1.090363,59.891538,1.428295,1.068715,59.959352,-1.144568,0.995915,59.937660,1.300890,0.995152,59.935337,3.146735,1.021207,59.984519,6.124274,1.047124,60.000102,4.382761,1.076105,59.957731,6.299478,1.091736,59.960092,8.493982,1.041758,59.956281,2.923960,1.062881,59.863389,7.156828,1.022903,59.944523,-6.312500,0.999046,0.998494,0.998418,1.000187,1.000533,0.999495,0.996057,0.999650,-39.965710,0.000000,4.203145,15.053376,0.097064,10.820360,15.955627,-36.862598,288.383297,447.800150,209.391350,467.503357,6.717002,286.592096,294.652499,141.504847,562.436988,245.394482,221.661074,276.382253,200.614467,124.488442,251.663684,184.493662,253.902685,8.239523,988.742731,2.149441,164.790455,75.230425,157.625653,78.812826,137.026846,28.927890,26.868009,92.246831,102.994035,75.767785,-82.574348,42.272334,15.225205,67.617823,24.718568,24.091648,4.119761,223.900075
1.660000,1.054051,59.948424,-5.134336,1.075693,59.954265,-3.297230,1.062202,59.954742,-5.720490,1.036011,59.952049,-6.661297,1.033663,59.948609,-5.871237,1.035415,59.947825,-5.333682,1.024845,59.948797,-7.120181,1.023223,59.948976,-7.507082,1.035470,59.946133,-6.821854,1.044581,59.946902,-3.299305,1.040530,59.947257,-3.990535,1.031309,59.947831,-3.950576,1.043336,59.948345,-3.821754,1.043799,59.951868,-5.026408,1.052784,59.959078,-4.860923,1.069040,59.961257,-3.471066,1.070572,59.955656,-4.561957,1.066383,59.955569,-5.361237,1.084571,59.976683,1.445868,1.027737,59.986901,0.551304,1.070024,59.960568,-1.476219,1.085383,59.958757,2.229249,1.081118,59.959371,2.056267,1.074288,59.961449,-3.376386,1.082501,59.951283,-2.370794,1.091457,59.934630,-3.538836,1.077378,59.945151,-4.970511,1.096480,59.904629,-1.064316,1.096436,59.892993,1.073072,1.070690,59.958576,-1.020848,0.998083,59.938445,1.275225,0.997437,59.937605,3.111013,1.023124,59.978771,6.407034,1.048889,59.997442,4.791872,1.078691,59.955974,6.407043,1.094250,59.957706,8.615641,1.044134,59.959078,3.041833,1.069142,59.866067,6.604200,1.023335,59.944167,-6.293819,0.999038,0.998522,0.998523,0.999958,1.000584,0.999662,0.996143,0.999606,-39.734819,0.000000,4.187020,15.730174,0.984742,11.284098,14.914124,-36.377887,288.383297,447.800150,209.391350,467.503357,6.717002,286.592096,294.652499,141.504847,562.436988,245.394482,221.661074,276.382253,200.614467,124.488442,251.663684,184.493662,253.902685,8.239523,988.742731,2.149441,164.790455,75.230425,157.625653,78.812826,137.026846,28.927890,26.868009,92.246831,102.994035,75.767785,-82.574348,42.272334,15.225205,67.617823,24.718568,24.091648,4.119761,223.900075
1.680000,1.055133,59.948061,-5.095525,1.077943,59.953907,-3.216277,1.064604,59.953999,-5.637882,1.038341,59.951680,-6.596434,1.035869,59.948649,-5.829320,1.037622,59.947967,-5.296960,1.026973,59.948800,-7.077084,1.025300,59.948934,-7.462898,1.036570,59.945921,-6.798899,1.046873,59.947376,-3.267727,1.042798,59.947613,-3.956936,1.033652,59.948118,-3.913152,1.045651,59.948567,-3.780916,1.046148,59.951485,-4.962909,1.055201,59.957381,-4.751386,1.071460,59.959076,-3.347995,1.073238,59.954190,-4.476041,1.068954,59.954356,-5.274799,1.086553,59.972312,1.670335,1.029466,59.982686,0.850179,1.072490,59.958368,-1.358204,1.087841,59.956631,2.334550,1.083563,59.957136,2.165490,1.076709,59.959222,-3.252143,1.085003,59.951678,-2.307907,1.095332,59.934903,-3.596666,1.080751,59.944546,-4.956460,1.101868,59.906418,-1.331642,1.102130,59.895461,0.724922,1.072544,59.957547,-0.911832,1.000109,59.939360,1.247845,0.999550,59.939991,3.084216,1.024855,59.972462,6.637826,1.050466,59.993713,5.169020,1.081072,59.954089,6.493401,1.096579,59.955307,8.712094,1.046376,59.961247,3.169086,1.075041,59.870163,6.069288,1.023740,59.943832,-6.285570,0.999030,0.998559,0.998638,0.999715,1.000600,0.999801,0.996279,0.999553,-39.521295,0.000000,4.204394,16.290696,1.872659,11.800055,13.906400,-35.928388,288.383297,447.800150,209.391350,467.503357,6.717002,286.592096,294.652499,141.504847,562.436988,245.394482,221.661074,276.382253,200.614467,124.488442,251.663684,184.493662,253.902685,8.239523,988.742731,2.149441,164.790455,75.230425,157.625653,78.812826,137.026846,28.927890,26.868009,92.246831,102.994035,75.767785,-82.574348,42.272334,15.225205,67.617823,24.718568,24.091648,4.119761,223.900075
1.700000,1.056023,59.947314,-5.068508,1.079780,59.952841,-3.149181,1.066469,59.952340,-5.573633,1.040142,59.950381,-6.547511,1.037604,59.947935,-5.799262,1.039362,59.947403,-5.271048,1.028650,59.947994,-7.046461,1.026938,59.948073,-7.431568,1.037454,59.945305,-6.787003,1.048668,59.947243,-3.243917,1.044578,59.947326,-3.932191,1.035480,59.947744,-3.885194,1.047446,59.948121,-3.750060,1.047926,59.950272,-4.914815,1.056883,59.954688,-4.667868,1.073083,59.956039,-3.253462,1.075194,59.951846,-4.413710,1.070881,59.952203,-5.210449,1.087934,59.967331,1.852609,1.030678,59.977456,1.105918,1.073959,59.955655,-1.266710,1.089118,59.954820,2.419422,1.084709,59.955129,2.253270,1.078261,59.956121,-3.156910,1.087102,59.951363,-2.253428,1.098574,59.934705,-3.663295,1.083446,59.943191,-4.959201,1.106583,59.908364,-1.593724,1.107160,59.898365,0.388443,1.074140,59.955983,-0.820021,1.001794,59.940179,1.219075,1.001278,59.942259,3.066637,1.026103,59.966051,6.815494,1.051615,59.988914,5.506983,1.082302,59.953594,6.567781,1.097007,59.955072,8.800580,1.048319,59.962561,3.300766,1.080347,59.875321,5.561230,1.024089,59.943383,-6.287160,0.999024,0.998603,0.998758,0.999465,1.000578,0.999908,0.996461,0.999490,-39.328396,0.000000,4.254917,16.726805,2.741523,12.351739,12.949659,-35.521645,288.383297,447.800150,209.391350,467.503357,6.717002,286.592096,294.652499,141.504847,562.436988,245.394482,221.661074,276.382253,200.614467,124.488442,251.663684,184.493662,253.902685,8.239523,988.742731,2.149441,164.790455,75.230425,157.625653,78.812826,137.026846,28.927890,26.868009,92.246831,102.994035,75.767785,-82.574348,42.272334,15.225205,67.617823,24.718568,24.091648,4.119761,223.900075
1.720000,1.056818,59.946862,-5.050032,1.081422,59.952221,-3.091607,1.068125,59.951529,-5.520570,1.041734,59.950063,-6.506358,1.039139,59.948077,-5.773660,1.040903,59.947657,-5.248768,1.030136,59.948105,-7.020577,1.028388,59.948135,-7.405338,1.038241,59.945147,-6.781700,1.050254,59.947819,-3.221325,1.046150,59.947786,-3.909530,1.037094,59.948128,-3.859862,1.049030,59.948433,-3.722337,1.049494,59.949947,-4.874469,1.058356,59.952996,-4.601865,1.074499,59.953827,-3.180057,1.076923,59.950457,-4.366831,1.072587,59.951015,-5.160088,1.089111,59.962423,1.995330,1.031689,59.972202,1.320099,1.075223,59.953466,-1.195959,1.090198,59.952713,2.484543,1.085669,59.952967,2.320362,1.079610,59.953891,-3.082999,1.089015,59.951422,-2.203401,1.101493,59.935599,-3.729720,1.085855,59.942967,-4.969488,1.110856,59.911803,-1.838633,1.111727,59.902804,0.075962,1.075602,59.954536,-0.743524,1.003309,59.941360,1.193510,1.002809,59.944803,3.062224,1.027140,59.959322,6.940799,1.052562,59.983461,5.802968,1.083334,59.951649,6.624832,1.097291,59.952850,8.866978,1.050105,59.963432,3.435370,1.085195,59.882087,5.093128,1.024405,59.943071,-6.296393,0.999018,0.998655,0.998882,0.999214,1.000520,0.999981,0.996687,0.999420,-39.159040,0.000000,4.337447,17.033729,3.572270,12.921549,12.060511,-35.164347,288.383297,447.800150,209.391350,467.503357,6.717002,286.592096,294.652499,141.504847,562.436988,245.394482,221.661074,276.382253,200.614467,124.488442,251.663684,184.493662,253.902685,8.239523,988.742731,2.149441,164.790455,75.230425,157.625653,78.812826,137.026846,28.927890,26.868009,92.246831,102.994035,75.767785,-82.574348,42.272334,15.225205,67.617823,24.718568,24.091648,4.119761,223.900075
1.740000,1.057535,59.946381,-5.038793,1.082900,59.951478,-3.042912,1.069614,59.950680,-5.477386,1.043161,59.949742,-6.471367,1.040514,59.948227,-5.750856,1.042283,59.947919,-5.228482,1.031466,59.948234,-6.997669,1.029687,59.948218,-7.382421,1.038949,59.945016,-6.781263,1.051668,59.948376,-3.198526,1.047555,59.948237,-3.887453,1.038535,59.948499,-3.835683,1.050444,59.948728,-3.696300,1.050897,59.949611,-4.840381,1.059680,59.951289,-4.551999,1.075771,59.951586,-3.126611,1.078478,59.949095,-4.333715,1.074121,59.949832,-5.122133,1.090157,59.957298,2.097764,1.032564,59.966500,1.490480,1.076353,59.951244,-1.145024,1.091155,59.950555,2.530352,1.086517,59.950765,2.367798,1.080820,59.951635,-3.029162,1.090771,59.951289,-2.157671,1.104122,59.936768,-3.792314,1.088023,59.942915,-4.984478,1.114701,59.915989,-2.059231,1.115843,59.908128,-0.204380,1.076948,59.952932,-0.682015,1.004684,59.942563,1.172680,1.004172,59.947271,3.071946,1.028041,59.952452,7.012979,1.053363,59.977203,6.052115,1.084242,59.949616,6.663561,1.097519,59.950601,8.913351,1.051761,59.963579,3.569126,1.089583,59.890024,4.675234,1.024694,59.942788,-6.311585,0.999013,0.998713,0.999006,0.998970,1.000426,1.000018,0.996955,0.999345,-39.015747,0.000000,4.450049,17.209994,4.346541,13.491355,11.254522,-34.862146,288.383297,447.800150,209.391350,467.503357,6.717002,286.592096,294.652499,141.504847,562.436988,245.394482,221.661074,276.382253,200.614467,124.488442,251.663684,184.493662,253.902685,8.239523,988.742731,2.149441,164.790455,75.230425,157.625653,78.812826,137.026846,28.927890,26.868009,92.246831,102.994035,75.767785,-82.574348,42.272334,15.225205,67.617823,24.718568,24.091648,4.119761,223.900075
1.760000,1.058182,59.945878,-5.033553,1.084232,59.950631,-3.002478,1.070955,59.949816,-5.442823,1.044442,59.949433,-6.441070,1.041747,59.948390,-5.729340,1.043521,59.948192,-5.208690,1.032658,59.948384,-6.976168,1.030851,59.948324,-7.361235,1.039587,59.944909,-6.784089,1.052932,59.948918,-3.174216,1.048810,59.948681,-3.864591,1.039823,59.948862,-3.811296,1.051708,59.949015,-3.670608,1.052156,59.949282,-4.811119,1.060879,59.949619,-4.516711,1.076926,59.949386,-3.091578,1.079882,59.947802,-4.312542,1.075507,59.948689,-5.094964,1.091104,59.952124,2.160569,1.033340,59.960516,1.616024,1.077373,59.949059,-1.112385,1.092012,59.948422,2.558271,1.087274,59.948597,2.397071,1.081917,59.949422,-2.993834,1.092385,59.950978,-2.116139,1.106476,59.938199,-3.847730,1.089967,59.943044,-5.001458,1.118125,59.920844,-2.249059,1.119509,59.914235,-0.445232,1.078191,59.951201,-0.635081,1.005934,59.943803,1.158249,1.005384,59.949638,3.096568,1.028838,59.945705,7.033702,1.054056,59.970315,6.250843,1.085052,59.947585,6.685192,1.097703,59.948396,8.941269,1.053301,59.963032,3.698369,1.093507,59.898989,4.316772,1.024959,59.942533,-6.331119,0.999008,0.998776,0.999129,0.998739,1.000300,1.000018,0.997257,0.999265,-38.900592,0.000000,4.590021,17.257325,5.047109,14.043086,10.545777,-34.619559,288.383297,447.800150,209.391350,467.503357,6.717002,286.592096,294.652499,141.504847,562.436988,245.394482,221.661074,276.382253,200.614467,124.488442,251.663684,184.493662,253.902685,8.239523,988.742731,2.149441,164.790455,75.230425,157.625653,78.812826,137.026846,28.927890,26.868009,92.246831,102.994035,75.767785,-82.574348,42.272334,15.225205,67.617823,24.718568,24.091648,4.119761,223.900075
1.780000,1.058768,59.945358,-5.033080,1.085432,59.949699,-2.969602,1.072167,59.948952,-5.415552,1.045593,59.949134,-6.414018,1.042852,59.948561,-5.707678,1.044629,59.948470,-5.187970,1.033727,59.948545,-6.954598,1.031895,59.948443,-7.340287,1.040162,59.944824,-6.788651,1.054058,59.949432,-3.147191,1.049931,59.949109,-3.839665,1.040973,59.949210,-3.785426,1.052837,59.949285,-3.643986,1.053287,59.948964,-4.785243,1.061972,59.948017,-4.494224,1.077983,59.947271,-3.073093,1.081156,59.946603,-4.301335,1.076761,59.947605,-5.076834,1.091977,59.947030,2.185348,1.034044,59.954391,1.696704,1.078303,59.946957,-1.096194,1.092789,59.946362,2.570072,1.087959,59.946510,2.410009,1.082919,59.947298,-2.975129,1.093871,59.950502,-2.078664,1.108570,59.939855,-3.892875,1.091706,59.943346,-5.017789,1.121137,59.926259,-2.402412,1.122732,59.920997,-0.640153,1.079340,59.949377,-0.602118,1.007072,59.945064,1.151784,1.006455,59.951862,3.136543,1.029555,59.939258,7.006040,1.054668,59.962959,6.396712,1.085782,59.945606,6.691338,1.097852,59.946278,8.952613,1.054740,59.961832,3.819639,1.096967,59.908799,4.025704,1.025202,59.942304,-6.353440,0.999004,0.998842,0.999246,0.998526,1.000142,0.999983,0.997590,0.999183,-38.815165,0.000000,4.753956,17.180453,5.658318,14.559314,9.946497,-34.439898,288.383297,447.800150,209.391350,467.503357,6.717002,286.592096,294.652499,141.504847,562.436988,245.394482,221.661074,276.382253,200.614467,124.488442,251.663684,184.493662,253.902685,8.239523,988.742731,2.149441,164.790455,75.230425,157.625653,78.812826,137.026846,28.927890,26.868009,92.246831,102.994034,75.767785,-82.574348,42.272334,15.225205,67.617823,24.718568,24.091648,4.119761,223.900075
1.800000,1.059300,59.944828,-5.036187,1.086518,59.948698,-2.943543,1.073264,59.948098,-5.394252,1.046628,59.948844,-6.388863,1.043841,59.948726,-5.684594,1.045621,59.948738,-5.165074,1.034683,59.948706,-6.931649,1.032829,59.948564,-7.318251,1.040681,59.944753,-6.793546,1.055061,59.949901,-3.116444,1.050930,59.949504,-3.811585,1.041999,59.949527,-3.756971,1.053844,59.949527,-3.615326,1.054304,59.948655,-4.761402,1.062975,59.946505,-4.482666,1.078959,59.945275,-3.069103,1.082314,59.945509,-4.298080,1.077901,59.946592,-5.065982,1.092797,59.942121,2.174436,1.034701,59.948253,1.733365,1.079159,59.944972,-1.094416,1.093501,59.944411,2.567727,1.088584,59.944537,2.408626,1.083844,59.945294,-2.970981,1.095240,59.949874,-2.045099,1.110420,59.941690,-3.925051,1.093256,59.943800,-5.031036,1.123747,59.932105,-2.514546,1.125519,59.928258,-0.783839,1.080405,59.947496,-0.582349,1.008105,59.946322,1.154613,1.007396,59.953899,3.191929,1.030211,59.933255,6.934095,1.055228,59.955302,6.488381,1.086450,59.943718,6.683841,1.097976,59.944278,8.949436,1.056093,59.960033,3.929748,1.099963,59.919247,3.808474,1.025426,59.942099,-6.377091,0.999001,0.998911,0.999356,0.998335,0.999959,0.999915,0.997945,0.999100,-38.760540,0.000000,4.937835,16.986833,6.166504,15.023819,9.466709,-34.325221,288.383297,447.800150,209.391350,467.503357,6.717002,286.592096,294.652499,141.504847,562.436988,245.394482,221.661074,276.382253,200.614467,124.488442,251.663684,184.493662,253.902685,8.239523,988.742731,2.149441,164.790455,75.230425,157.625653,78.812826,137.026846,28.927890,26.868009,92.246831,102.994034,75.767785,-82.574348,42.272334,15.225205,67.617823,24.718568,24.091648,4.119761,223.900075
1.820000,1.059785,59.944292,-5.041769,1.087501,59.947645,-2.923561,1.074259,59.947257,-5.377672,1.047560,59.948553,-6.364424,1.044725,59.948870,-5.659035,1.046507,59.948980,-5.138985,1.035538,59.948849,-6.906241,1.033665,59.948671,-7.294027,1.041148,59.944690,-6.797542,1.055952,59.950307,-3.081219,1.051819,59.949849,-3.779504,1.042912,59.949797,-3.725063,1.054742,59.949725,-3.583743,1.055219,59.948347,-4.738402,1.063901,59.945097,-4.480160,1.079866,59.943423,-3.077476,1.083369,59.944528,-4.300824,1.078938,59.945655,-5.060712,1.093579,59.937490,2.130755,1.035330,59.942227,1.727641,1.079954,59.943129,-1.104928,1.094161,59.942597,2.553308,1.089162,59.942704,2.395029,1.084703,59.943436,-2.979244,1.096505,59.949110,-2.015306,1.112038,59.943646,-3.942066,1.094629,59.944376,-5.039076,1.125964,59.938236,-2.581848,1.127880,59.935844,-0.872308,1.081396,59.945596,-0.574857,1.009042,59.947551,1.167756,1.008217,59.955706,3.262342,1.030823,59.927813,6.822767,1.055757,59.947511,6.525592,1.087069,59.941954,6.664667,1.098082,59.942422,8.933867,1.057371,59.957708,4.025865,1.102500,59.930102,3.669806,1.025634,59.941916,-6.400748,0.998999,0.998981,0.999456,0.998170,0.999753,0.999816,0.998316,0.999018,-38.737246,0.000000,5.137128,16.686300,6.560370,15.422103,9.113980,-34.276300,288.383297,447.800150,209.391350,467.503357,6.717002,286.592096,294.652499,141.504847,562.436988,245.394482,221.661074,276.382253,200.614467,124.488442,251.663684,184.493662,253.902685,8.239523,988.742731,2.149441,164.790455,75.230425,157.625653,78.812826,137.026846,28.927890,26.868009,92.246831,102.994034,75.767785,-82.574348,42.272334,15.225205,67.617823,24.718568,24.091648,4.119761,223.900075
1.840000,1.060229,59.943755,-5.048834,1.088395,59.946556,-2.908951,1.075163,59.946434,-5.364681,1.048397,59.948252,-6.339735,1.045513,59.948977,-5.630210,1.047296,59.949178,-5.108958,1.036299,59.948958,-6.877563,1.034409,59.948747,-7.266778,1.041568,59.944626,-6.799609,1.056739,59.950630,-3.041052,1.052606,59.950124,-3.742860,1.043721,59.950001,-3.689113,1.055538,59.949861,-3.548618,1.056041,59.948033,-4.715256,1.064758,59.943802,-4.484899,1.080715,59.941732,-3.096081,1.084332,59.943657,-4.307750,1.079883,59.944794,-5.059461,1.094334,59.933218,2.057693,1.035948,59.936428,1.681871,1.080697,59.941448,-1.125608,1.094777,59.940939,2.528903,1.089703,59.941032,2.371334,1.085507,59.941740,-2.997779,1.097673,59.948229,-1.989170,1.113434,59.945660,-3.942313,1.095835,59.945038,-5.040178,1.127797,59.944493,-2.601965,1.129820,59.943572,-0.903028,1.082320,59.943710,-0.578621,1.009889,59.948721,1.191882,1.008926,59.957242,3.346951,1.031402,59.923024,6.677534,1.056275,59.939754,6.509151,1.087648,59.940338,6.635828,1.098178,59.940729,8.908043,1.058586,59.954946,4.105605,1.104582,59.941122,3.612561,1.025826,59.941753,-6.423246,0.998997,0.999051,0.999545,0.998035,0.999531,0.999692,0.998695,0.998939,-38.745255,0.000000,5.346912,16.290674,6.831307,15.741852,8.893213,-34.292624,288.383297,447.800150,209.391350,467.503357,6.717002,286.592096,294.652499,141.504847,562.436988,245.394482,221.661074,276.382253,200.614467,124.488442,251.663684,184.493662,253.902685,8.239523,988.742731,2.149441,164.790455,75.230425,157.625653,78.812826,137.026846,28.927890,26.868009,92.246831,102.994034,75.767785,-82.574348,42.272334,15.225205,67.617823,24.718568,24.091648,4.119761,223.900075
1.860000,1.060637,59.943221,-5.056529,1.089206,59.945445,-2.899064,1.075983,59.945629,-5.354311,1.049146,59.947930,-6.314079,1.046211,59.949031,-5.597622,1.047995,59.949314,-5.074552,1.036973,59.949015,-6.845103,1.035068,59.948776,-7.235961,1.041946,59.944552,-6.798952,1.057430,59.950849,-2.995791,1.053299,59.950310,-3.701400,1.044434,59.950123,-3.648830,1.056240,59.949920,-3.509627,1.056777,59.947701,-4.691223,1.065551,59.942624,-4.495214,1.081509,59.940214,-3.122865,1.085208,59.942893,-4.317241,1.080741,59.944006,-5.060853,1.095071,59.929370,1.958971,1.036566,59.930963,1.599017,1.081394,59.939939,-1.154399,1.095357,59.939452,2.496549,1.090210,59.939534,2.339596,1.086259,59.940218,-3.024523,1.098750,59.947253,-1.966592,1.114614,59.947668,-3.924826,1.096881,59.945745,-5.033062,1.129251,59.950714,-2.573877,1.131345,59.951250,-0.875003,1.083183,59.941872,-0.592542,1.010649,59.949804,1.227281,1.009531,59.958470,3.444477,1.031958,59.918955,6.504253,1.056794,59.932201,6.440906,1.088195,59.938888,6.599313,1.098269,59.939213,8.874042,1.059745,59.951849,4.167112,1.106210,59.952059,3.637649,1.026006,59.941608,-6.443611,0.998995,0.999119,0.999619,0.997931,0.999297,0.999547,0.999074,0.998863,-38.783977,0.000000,5.561997,15.813342,6.973651,15.973314,8.806533,-34.372424,288.383297,447.800150,209.391350,467.503357,6.717002,286.592096,294.652499,141.504847,562.436988,245.394482,221.661074,276.382253,200.614467,124.488442,251.663684,184.493662,253.902685,8.239523,988.742731,2.149441,164.790455,75.230425,157.625653,78.812826,137.026846,28.927890,26.868009,92.246831,102.994034,75.767785,-82.574348,42.272334,15.225205,67.617823,24.718568,24.091648,4.119761,223.900075
1.880000,1.061011,59.942696,-5.064162,1.089941,59.944331,-2.893327,1.076723,59.944843,-5.345783,1.049811,59.947576,-6.287008,1.046825,59.949015,-5.561082,1.048607,59.949371,-5.035639,1.037565,59.949003,-6.808659,1.035648,59.948741,-7.201346,1.042282,59.944462,-6.795024,1.058030,59.950949,-2.945610,1.053901,59.950391,-3.655191,1.045056,59.950145,-3.604239,1.056854,59.949886,-3.466753,1.057431,59.947341,-4.665831,1.066283,59.941562,-4.509617,1.082249,59.938874,-3.155911,1.085997,59.942225,-4.327924,1.081516,59.943286,-5.063742,1.095791,59.925998,1.838530,1.037188,59.925928,1.482571,1.082045,59.938610,-1.189378,1.095901,59.938147,2.458173,1.090686,59.938217,2.301757,1.086961,59.938874,-3.057556,1.099737,59.946208,-1.947494,1.115580,59.949603,-3.889304,1.097767,59.946457,-5.016937,1.130327,59.956738,-2.497925,1.132456,59.958689,-0.788798,1.083989,59.940115,-0.615479,1.011327,59.950774,1.273853,1.010037,59.959363,3.553223,1.032498,59.915649,6.308962,1.057323,59.925012,6.323696,1.088709,59.937617,6.557032,1.098358,59.937883,8.833830,1.060852,59.948530,4.209128,1.107384,59.962666,3.744004,1.026172,59.941479,-6.461075,0.998994,0.999185,0.999679,0.997859,0.999059,0.999387,0.999445,0.998793,-38.852265,0.000000,5.777062,15.268820,6.984855,16.109601,8.853239,-34.512719,288.383297,447.800150,209.391350,467.503357,6.717002,286.592096,294.652499,141.504847,562.436988,245.394482,221.661074,276.382253,200.614467,124.488442,251.663684,184.493662,253.902685,8.239523,988.742731,2.149441,164.790455,75.230425,157.625653,78.812826,137.026846,28.927890,26.868009,92.246831,102.994034,75.767785,-82.574348,42.272334,15.225205,67.617823,24.718568,24.091648,4.119761,223.900075
1.900000,1.061353,59.942183,-5.071209,1.090602,59.943230,-2.891248,1.077383,59.944076,-5.338515,1.050394,59.947181,-6.258353,1.047355,59.948916,-5.520709,1.049136,59.949336,-4.992408,1.038077,59.948910,-6.768347,1.036149,59.948628,-7.163011,1.042579,59.944347,-6.787538,1.058542,59.950914,-2.890994,1.054418,59.950353,-3.604614,1.045589,59.950055,-3.555674,1.057380,59.949746,-3.420280,1.058003,59.946943,-4.638882,1.066951,59.940615,-4.526836,1.082933,59.937713,-3.193483,1.086698,59.941644,-4.338703,1.082204,59.942626,-5.067226,1.096492,59.923141,1.700420,1.037815,59.921410,1.336469,1.082650,59.937463,-1.228791,1.096408,59.937028,2.415549,1.091131,59.937088,2.259595,1.087611,59.937711,-3.095137,1.100632,59.945124,-1.931800,1.116329,59.951403,-3.836109,1.098492,59.947135,-4.991506,1.131023,59.962409,-2.375792,1.133149,59.965708,-0.646508,1.084740,59.938470,-0.646266,1.011924,59.951605,1.331108,1.010451,59.959897,3.671105,1.033023,59.913126,6.097701,1.057863,59.918342,6.161292,1.089192,59.936536,6.510763,1.098447,59.936747,8.789225,1.061907,59.945111,4.231043,1.108103,59.972708,3.928631,1.026327,59.941363,-6.475094,0.998993,0.999247,0.999722,0.997818,0.998822,0.999217,0.999802,0.998730,-38.948438,0.000000,5.986791,14.672316,6.865595,16.146885,9.029851,-34.709391,288.383297,447.800150,209.391350,467.503357,6.717002,286.592096,294.652499,141.504847,562.436988,245.394482,221.661074,276.382253,200.614467,124.488442,251.663684,184.493662,253.902685,8.239523,988.742731,2.149441,164.790455,75.230425,157.625653,78.812826,137.026846,28.927890,26.868009,92.246831,102.994034,75.767785,-82.574348,42.272334,15.225205,67.617823,24.718568,24.091648,4.119761,223.900075
1.920000,1.061662,59.941689,-5.077322,1.091188,59.942162,-2.892416,1.077961,59.943331,-5.332129,1.050894,59.946738,-6.228209,1.047804,59.948724,-5.476918,1.049582,59.949197,-4.945347,1.038509,59.948723,-6.724578,1.036572,59.948428,-7.121330,1.042838,59.944203,-6.776463,1.058967,59.950735,-2.832728,1.054849,59.950185,-3.550348,1.046035,59.949842,-3.503758,1.057822,59.949491,-3.370782,1.058494,59.946501,-4.610447,1.067550,59.939778,-4.545828,1.083555,59.936733,-3.234053,1.087305,59.941142,-4.348760,1.082803,59.942023,-5.070657,1.097170,59.920826,1.548711,1.038441,59.917482,1.165001,1.083201,59.936501,-1.271084,1.096874,59.936098,2.370266,1.091540,59.936149,2.214703,1.088202,59.936729,-3.135732,1.101429,59.944030,-1.919427,1.116856,59.953015,-3.766226,1.099049,59.947741,-4.956951,1.131334,59.967588,-2.210421,1.133423,59.972143,-0.451676,1.085435,59.936965,-0.683737,1.012441,59.952275,1.398180,1.010777,59.960059,3.795713,1.033535,59.911389,5.876360,1.058411,59.912335,5.958317,1.089637,59.935649,6.462128,1.098537,59.935807,8.741870,1.062903,59.941716,4.232922,1.108363,59.981967,4.186699,1.026471,59.941258,-6.485350,0.998993,0.999303,0.999748,0.997808,0.998593,0.999045,1.000136,0.998675,-39.070300,0.000000,6.186010,14.039308,6.619782,16.084500,9.330224,-34.957281,288.383297,447.800150,209.391350,467.503357,6.717002,286.592096,294.652499,141.504847,562.436988,245.394482,221.661074,276.382253,200.614467,124.488442,251.663684,184.493662,253.902685,8.239523,988.742731,2.149441,164.790455,75.230425,157.625653,78.812826,137.026846,28.927890,26.868009,92.246831,102.994034,75.767785,-82.574348,42.272334,15.225205,67.617823,24.718568,24.091648,4.119761,223.900075
1.940000,1.061937,59.941219,-5.082319,1.091694,59.941145,-2.896488,1.078452,59.942612,-5.326427,1.051309,59.946245,-6.196914,1.048170,59.948432,-5.430388,1.049944,59.948948,-4.895215,1.038861,59.948436,-6.678034,1.036918,59.948134,-7.076946,1.043057,59.944025,-6.762012,1.059306,59.950408,-2.771851,1.055195,59.949882,-3.493332,1.046394,59.949503,-3.449376,1.058178,59.949118,-3.319086,1.058902,59.946012,-4.580838,1.068073,59.939052,-4.565781,1.084105,59.935932,-3.276309,1.087810,59.940710,-4.357549,1.083305,59.941472,-5.073626,1.097814,59.919070,1.387409,1.039056,59.914209,0.972732,1.083693,59.935722,-1.314915,1.097292,59.935360,2.323718,1.091909,59.935400,2.168472,1.088726,59.935926,-3.178028,1.102121,59.942962,-1.910268,1.117151,59.954393,-3.681202,1.099429,59.948250,-4.913891,1.131255,59.972153,-2.005896,1.133271,59.977847,-0.209157,1.086074,59.935627,-0.726739,1.012877,59.952768,1.473855,1.011020,59.959846,3.924365,1.034031,59.910421,5.650551,1.058956,59.907120,5.720154,1.090040,59.934961,6.412567,1.098627,59.935067,8.693213,1.063833,59.938466,4.215507,1.108165,59.990250,4.511707,1.026603,59.941162,-6.491754,0.998994,0.999353,0.999757,0.997826,0.998377,0.998875,1.000441,0.998628,-39.215180,0.000000,6.369820,13.385146,6.254487,15.924937,9.745749,-35.250296,288.383297,447.800150,209.391350,467.503357,6.717002,286.592096,294.652499,141.504847,562.436988,245.394482,221.661074,276.382253,200.614467,124.488442,251.663684,184.493662,253.902685,8.239523,988.742731,2.149441,164.790455,75.230425,157.625653,78.812826,137.026846,28.927890,26.868009,92.246831,102.994034,75.767785,-82.574348,42.272334,15.225205,67.617823,24.718568,24.091648,4.119761,223.900075
1.960000,1.062176,59.940783,-5.086168,1.092116,59.940204,-2.903172,1.078849,59.941928,-5.321366,1.051636,59.945704,-6.165007,1.048452,59.948042,-5.382022,1.050224,59.948587,-4.842998,1.039133,59.948049,-6.629623,1.037186,59.947744,-7.030727,1.043236,59.943812,-6.744616,1.059561,59.949933,-2.709615,1.055456,59.949444,-3.434724,1.046665,59.949038,-3.393624,1.058447,59.948627,-3.266226,1.059222,59.945478,-4.550575,1.068512,59.938435,-4.586088,1.084574,59.935310,-3.319145,1.088203,59.940345,-4.364764,1.083702,59.940976,-5.075934,1.098413,59.917881,1.220397,1.039647,59.911640,0.764421,1.084114,59.935127,-1.359143,1.097655,59.934814,2.277098,1.092229,59.934843,2.122096,1.089173,59.935302,-3.220915,1.102697,59.941953,-1.904173,1.117206,59.955505,-3.583059,1.099625,59.948639,-4.863316,1.130783,59.976005,-1.767282,1.132694,59.982704,0.075059,1.086652,59.934482,-0.774136,1.013232,59.953070,1.556607,1.011185,59.959262,4.054190,1.034506,59.910193,5.425503,1.059484,59.902808,5.452833,1.090391,59.934474,6.363334,1.098715,59.934528,8.644513,1.064684,59.935477,4.180190,1.107507,59.997394,4.895689,1.026723,59.941075,-6.494429,0.998994,0.999396,0.999749,0.997871,0.998180,0.998715,1.000711,0.998591,-39.379982,0.000000,6.533725,12.724696,5.779782,15.673730,10.265614,-35.581544,288.383297,447.800150,209.391350,467.503357,6.717002,286.592096,294.652499,141.504847,562.436988,245.394482,221.661074,276.382253,200.614467,124.488442,251.663684,184.493662,253.902685,8.239523,988.742731,2.149441,164.790455,75.230425,157.625653,78.812826,137.026846,28.927890,26.868009,92.246831,102.994035,75.767785,-82.574348,42.272334,15.225205,67.617823,24.718568,24.091648,4.119761,223.900075
1.980000,1.062374,59.940389,-5.088972,1.092448,59.939361,-2.912204,1.079147,59.941293,-5.317015,1.051872,59.945123,-6.133177,1.048650,59.947557,-5.332897,1.050419,59.948120,-4.789856,1.039324,59.947567,-6.580429,1.037375,59.947265,-6.983719,1.043376,59.943567,-6.724897,1.059730,59.949320,-2.647426,1.055633,59.948880,-3.375839,1.046850,59.948455,-3.337755,1.058631,59.948027,-3.213395,1.059453,59.944905,-4.520336,1.068859,59.937933,-4.606324,1.084952,59.934869,-3.361645,1.088476,59.940047,-4.370302,1.083986,59.940540,-5.077547,1.098954,59.917261,1.051390,1.040198,59.909815,0.544945,1.084457,59.934718,-1.402817,1.097953,59.934461,2.231419,1.092494,59.934480,2.076580,1.089535,59.934860,-3.263474,1.103147,59.941038,-1.900934,1.117016,59.956330,-3.474188,1.099629,59.948900,-4.806508,1.129918,59.979073,-1.500427,1.131692,59.986622,0.394062,1.087167,59.933553,-0.824816,1.013506,59.953174,1.644647,1.011278,59.958324,4.182207,1.034953,59.910664,5.205990,1.059977,59.899493,5.162910,1.090682,59.934188,6.315503,1.098797,59.934192,8.596846,1.065443,59.932857,4.128958,1.106397,60.003269,5.329464,1.026831,59.940994,-6.493700,0.998995,0.999431,0.999725,0.997939,0.998008,0.998568,1.000942,0.998564,-39.561232,0.000000,6.673744,12.072021,5.208496,15.339249,10.877124,-35.943473,288.383297,447.800150,209.391350,467.503357,6.717002,286.592096,294.652499,141.504847,562.436988,245.394482,221.661074,276.382253,200.614467,124.488442,251.663684,184.493662,253.902685,8.239523,988.742731,2.149441,164.790455,75.230425,157.625653,78.812826,137.026846,28.927890,26.868009,92.246831,102.994035,75.767785,-82.574348,42.272334,15.225205,67.617823,24.718568,24.091648,4.119761,223.900075
2.000000,1.062530,59.940047,-5.090937,1.092683,59.938640,-2.923319,1.079341,59.940721,-5.313517,1.052016,59.944514,-6.102214,1.048764,59.946988,-5.284200,1.050531,59.947557,-4.737068,1.039435,59.946999,-6.531651,1.037485,59.946706,-6.937081,1.043475,59.943293,-6.703626,1.059816,59.948581,-2.586775,1.055727,59.948201,-3.318093,1.046948,59.947766,-3.283118,1.058729,59.947331,-3.161875,1.059593,59.944305,-4.490902,1.069107,59.937550,-4.626196,1.085229,59.934612,-3.403045,1.088620,59.939823,-4.374206,1.084150,59.940172,-5.078550,1.099425,59.917202,0.883896,1.040690,59.908760,0.319233,1.084713,59.934497,-1.445143,1.098180,59.934304,2.187526,1.092697,59.934311,2.032768,1.089801,59.934603,-3.304938,1.103463,59.940253,-1.900267,1.116579,59.956865,-3.357233,1.099437,59.949034,-4.744948,1.128668,59.981311,-1.211752,1.130277,59.989542,0.740256,1.087615,59.932859,-0.877689,1.013699,59.953078,1.735984,1.011304,59.957054,4.305408,1.035367,59.911787,4.996278,1.060417,59.897244,4.857330,1.090907,59.934105,6.269977,1.098872,59.934059,8.551121,1.066096,59.930694,4.064322,1.104848,60.007784,5.802911,1.026926,59.940922,-6.490063,0.998996,0.999457,0.999684,0.998027,0.997865,0.998441,1.001129,0.998547,-39.755149,0.000000,6.786515,11.440110,4.555892,14.932394,11.566066,-36.328027,288.383297,447.800150,209.391350,467.503357,6.717002,286.592096,294.652499,141.504847,562.436988,245.394482,221.661074,276.382253,200.614467,124.488442,251.663684,184.493662,253.902685,8.239523,988.742731,2.149441,164.790455,75.230425,157.625653,78.812826,137.026846,28.927890,26.868009,92.246831,102.994035,75.767785,-82.574348,42.272334,15.225205,67.617823,24.718568,24.091648,4.119761,223.900075
2.020000,1.062642,59.939768,-5.092344,1.092817,59.938068,-2.936226,1.079427,59.940231,-5.311033,1.052068,59.943896,-6.072944,1.048796,59.946351,-5.237170,1.050561,59.946914,-4.685963,1.039467,59.946362,-6.484543,1.037519,59.946082,-6.892029,1.043535,59.942998,-6.681684,1.059823,59.947738,-2.529182,1.055740,59.947427,-3.262934,1.046963,59.946992,-3.231095,1.058744,59.946559,-3.112981,1.059642,59.943696,-4.463098,1.069251,59.937296,-4.645508,1.085400,59.934545,-3.442700,1.088633,59.939682,-4.376614,1.084192,59.939888,-5.079093,1.099813,59.917690,0.721191,1.041108,59.908488,0.092188,1.084875,59.934469,-1.485450,1.098329,59.934344,2.146131,1.092832,59.934339,1.991369,1.089967,59.934535,-3.344662,1.103640,59.939628,-1.901807,1.115897,59.957118,-3.234964,1.099048,59.949050,-4.680220,1.127049,59.982703,-0.908025,1.128467,59.991437,1.105612,1.087992,59.932419,-0.931683,1.013814,59.952785,1.828482,1.011273,59.955487,4.420853,1.035738,59.913503,4.800097,1.060782,59.896105,4.543274,1.091058,59.934226,6.227511,1.098935,59.934132,8.508106,1.066630,59.929063,3.989213,1.102881,60.010885,6.305266,1.027007,59.940859,-6.484164,0.998997,0.999473,0.999629,0.998131,0.997755,0.998336,1.001271,0.998540,-39.957710,0.000000,6.869380,10.840669,3.839277,14.466206,12.317107,-36.726800,288.383297,447.800150,209.391350,467.503357,6.717002,286.592096,294.652499,141.504847,562.436988,245.394482,221.661074,276.382253,200.614467,124.488442,251.663684,184.493662,253.902685,8.239523,988.742731,2.149441,164.790455,75.230425,157.625653,78.812826,137.026846,28.927890,26.868009,92.246831,102.994035,75.767785,-82.574348,42.272334,15.225205,67.617823,24.718568,24.091648,4.119761,223.900075
2.040000,1.062708,59.939563,-5.093521,1.092851,59.937667,-2.950584,1.079406,59.939845,-5.309709,1.052031,59.943289,-6.046176,1.048752,59.945667,-5.193041,1.050516,59.946210,-4.637865,1.039427,59.945675,-6.440348,1.037482,59.945413,-6.849772,1.043558,59.942692,-6.660013,1.059756,59.946815,-2.476123,1.055680,59.946580,-3.211781,1.046900,59.946154,-3.183035,1.058683,59.945732,-3.067996,1.059605,59.943095,-4.437743,1.069290,59.937182,-4.664113,1.085461,59.934673,-3.480052,1.088515,59.939637,-4.377705,1.084110,59.939701,-5.079342,1.100109,59.918705,0.566296,1.041436,59.908996,-0.131387,1.084941,59.934638,-1.523165,1.098397,59.934583,2.107832,1.092896,59.934567,1.952983,1.090029,59.934663,-3.382083,1.103676,59.939192,-1.905099,1.114983,59.957107,-3.110167,1.098471,59.948968,-4.613920,1.125088,59.983260,-0.596133,1.126293,59.992309,1.481911,1.088299,59.932246,-0.985740,1.013856,59.952304,1.919929,1.011193,59.953664,4.525749,1.036060,59.915753,4.620622,1.061056,59.896094,4.228005,1.091134,59.934547,6.188730,1.098984,59.934409,8.468447,1.067039,59.928015,3.906871,1.100532,60.012555,6.825417,1.027075,59.940808,-6.476756,0.998999,0.999480,0.999560,0.998248,0.997680,0.998258,1.001366,0.998544,-40.164731,0.000000,6.920449,10.283950,3.077552,13.955415,13.114206,-37.131205,288.383297,447.800150,209.391350,467.503357,6.717002,286.592096,294.652499,141.504847,562.436988,245.394482,221.661074,276.382253,200.614467,124.488442,251.663684,184.493662,253.902685,8.239523,988.742731,2.149441,164.790455,75.230425,157.625653,78.812826,137.026846,28.927890,26.868009,92.246831,102.994035,75.767785,-82.574348,42.272334,15.225205,67.617823,24.718568,24.091648,4.119761,223.900075
2.060000,1.062729,59.939443,-5.094811,1.092785,59.937457,-2.965994,1.079281,59.939582,-5.309636,1.051912,59.942716,-6.022652,1.048637,59.944957,-5.152981,1.050403,59.945468,-4.594034,1.039320,59.944960,-6.400251,1.037379,59.944721,-6.811463,1.043547,59.942384,-6.639575,1.059625,59.945840,-2.428974,1.055554,59.945686,-3.165966,1.046769,59.945279,-3.140203,1.058552,59.944878,-3.028116,1.059488,59.942526,-4.415595,1.069228,59.937219,-4.681878,1.085414,59.935001,-3.514595,1.088270,59.939701,-4.377651,1.083911,59.939630,-5.079435,1.100307,59.920219,0.421959,1.041664,59.910268,-0.346865,1.084911,59.935007,-1.557780,1.098385,59.935023,2.073143,1.092889,59.934995,1.918126,1.089988,59.934992,-3.416696,1.103576,59.938967,-1.909604,1.113858,59.956863,-2.985529,1.097718,59.948812,-4.547574,1.122826,59.983015,-0.282878,1.123797,59.992189,1.860987,1.088536,59.932350,-1.038814,1.013830,59.951647,2.008101,1.011076,59.951632,4.617533,1.036328,59.918469,4.460469,1.061223,59.897204,3.918701,1.091133,59.935068,6.154148,1.099016,59.934891,8.432692,1.067316,59.927580,3.820716,1.097846,60.012812,7.352198,1.027131,59.940770,-6.468674,0.999000,0.999477,0.999480,0.998372,0.997642,0.998207,1.001413,0.998558,-40.371945,0.000000,6.938647,9.778650,2.290715,13.415932,13.941026,-37.532636,288.383297,447.800150,209.391350,467.503357,6.717002,286.592096,294.652499,141.504847,562.436988,245.394482,221.661074,276.382253,200.614467,124.488442,251.663684,184.493662,253.902685,8.239523,988.742731,2.149441,164.790455,75.230425,157.625653,78.812826,137.026846,28.927890,26.868009,92.246831,102.994035,75.767785,-82.574348,42.272334,15.225205,67.617823,24.718568,24.091648,4.119761,223.900075
2.080000,1.062707,59.939415,-5.096553,1.092627,59.937455,-2.981985,1.079062,59.939461,-5.310824,1.051720,59.942199,-6.003012,1.048463,59.944246,-5.118048,1.050231,59.944712,-4.555620,1.039157,59.944243,-6.365324,1.037221,59.944029,-6.778146,1.043505,59.942086,-6.621312,1.059442,59.944842,-2.388962,1.055373,59.944773,-3.126684,1.046581,59.944395,-3.103725,1.058364,59.944023,-2.994403,1.059301,59.942011,-4.397315,1.069070,59.937416,-4.698657,1.085265,59.935532,-3.545862,1.087909,59.939888,-4.376588,1.083603,59.939691,-5.079455,1.100404,59.922195,0.290625,1.041783,59.912270,-0.549878,1.084790,59.935576,-1.588834,1.098296,59.935659,2.042508,1.092814,59.935622,1.887250,1.089849,59.935523,-3.448029,1.103350,59.938969,-1.914715,1.112550,59.956421,-2.863556,1.096812,59.948610,-4.482572,1.120311,59.982023,0.025217,1.121035,59.991131,2.234943,1.088707,59.932735,-1.089876,1.013746,59.950833,2.090826,1.010936,59.949442,4.693947,1.036539,59.921582,4.321699,1.061273,59.899396,3.622287,1.091059,59.935781,6.124185,1.099032,59.935571,8.401306,1.067465,59.927763,3.734218,1.094879,60.011707,7.874665,1.027174,59.940749,-6.460788,0.999002,0.999464,0.999391,0.998502,0.997643,0.998186,1.001412,0.998581,-40.575091,0.000000,6.923737,9.331842,1.499338,12.864318,14.781331,-37.922627,288.383297,447.800150,209.391350,467.503357,6.717002,286.592096,294.652499,141.504847,562.436988,245.394482,221.661074,276.382253,200.614467,124.488442,251.663684,184.493662,253.902685,8.239523,988.742731,2.149441,164.790455,75.230425,157.625653,78.812826,137.026846,28.927890,26.868009,92.246831,102.994035,75.767785,-82.574348,42.272334,15.225205,67.617823,24.718568,24.091648,4.119761,223.900075
2.100000,1.062646,59.939487,-5.099060,1.092387,59.937670,-2.998028,1.078761,59.939496,-5.313200,1.051469,59.941760,-5.987764,1.048243,59.943557,-5.089158,1.050015,59.943967,-4.523622,1.038950,59.943545,-6.336496,1.037021,59.943361,-6.750724,1.043440,59.941811,-6.606109,1.059219,59.943852,-2.357128,1.055152,59.943870,-3.094958,1.046350,59.943529,-3.074558,1.058133,59.943195,-2.967749,1.059057,59.941568,-4.383438,1.068830,59.937779,-4.714283,1.085023,59.936264,-3.573409,1.087448,59.940208,-4.374596,1.083201,59.939894,-5.079412,1.100403,59.924588,0.174416,1.041791,59.914950,-0.736401,1.084586,59.936343,-1.615906,1.098138,59.936486,2.016308,1.092677,59.936441,1.860746,1.089623,59.936256,-3.475638,1.103014,59.939203,-1.919778,1.111095,59.955822,-2.746503,1.095779,59.948391,-4.420125,1.117604,59.980354,0.322068,1.118071,59.989209,2.596338,1.088818,59.933399,-1.137917,1.013616,59.949880,2.166045,1.010785,59.947150,4.753094,1.036690,59.925017,4.205823,1.061199,59.902606,3.345272,1.090919,59.936676,6.099174,1.099030,59.936443,8.374677,1.067493,59.928550,3.650760,1.091698,60.009319,8.382342,1.027206,59.940748,-6.453977,0.999003,0.999442,0.999295,0.998633,0.997681,0.998193,1.001367,0.998613,-40.769999,0.000000,6.876322,8.948970,0.724028,12.317237,15.619357,-38.293015,288.383297,447.800150,209.391350,467.503357,6.717002,286.592096,294.652499,141.504847,562.436988,245.394482,221.661074,276.382253,200.614467,124.488442,251.663684,184.493662,253.902685,8.239523,988.742731,2.149441,164.790455,75.230425,157.625653,78.812826,137.026846,28.927890,26.868009,92.246831,102.994035,75.767785,-82.574348,42.272334,15.225205,67.617823,24.718568,24.091648,4.119761,223.900075
2.120000,1.062553,59.939661,-5.102605,1.092079,59.938104,-3.013549,1.078393,59.939695,-5.316601,1.051175,59.941416,-5.977271,1.047991,59.942912,-5.067056,1.049769,59.943255,-4.498865,1.038714,59.942890,-6.314524,1.036791,59.942738,-6.729934,1.043358,59.941567,-6.594766,1.058973,59.942897,-2.334291,1.054906,59.943002,-3.071605,1.046092,59.942706,-3.053457,1.057874,59.942418,-2.948853,1.058772,59.941217,-4.374360,1.068520,59.938309,-4.728558,1.084703,59.937189,-3.596826,1.086906,59.940666,-4.371692,1.082724,59.940247,-5.079245,1.100309,59.927347,0.075100,1.041689,59.918244,-0.902837,1.084313,59.937298,-1.638615,1.097919,59.937493,1.994866,1.092486,59.937442,1.838952,1.089322,59.937182,-3.499109,1.102588,59.939669,-1.924121,1.109539,59.955105,-2.636328,1.094655,59.948181,-4.361239,1.114777,59.978088,0.602154,1.114979,59.986513,2.938347,1.088876,59.934333,-1.181966,1.013451,59.948812,2.231860,1.010640,59.944813,4.793493,1.036783,59.928698,4.113816,1.061000,59.906745,3.093593,1.090723,59.937740,6.079363,1.099011,59.937492,8.353119,1.067411,59.929900,3.573517,1.088380,60.005752,8.865445,1.027229,59.940769,-6.449089,0.999004,0.999410,0.999194,0.998761,0.997756,0.998228,1.001279,0.998653,-40.952677,0.000000,6.797825,8.633875,-0.015105,11.790918,16.440139,-38.636080,288.383297,447.800150,209.391350,467.503357,6.717002,286.592096,294.652499,141.504847,562.436988,245.394482,221.661074,276.382253,200.614467,124.488442,251.663684,184.493662,253.902685,8.239523,988.742731,2.149441,164.790455,75.230425,157.625653,78.812826,137.026846,28.927890,26.868009,92.246831,102.994035,75.767785,-82.574348,42.272334,15.225205,67.617823,24.718568,24.091648,4.119761,223.900075
2.140000,1.062434,59.939935,-5.107420,1.091721,59.938751,-3.027956,1.077978,59.940060,-5.320795,1.050855,59.941180,-5.971753,1.047725,59.942329,-5.052305,1.049509,59.942596,-4.481984,1.038465,59.942296,-6.299980,1.036549,59.942178,-6.716332,1.043267,59.941364,-6.587974,1.058722,59.942004,-2.321043,1.054652,59.942192,-3.057226,1.045824,59.941950,-3.040969,1.057605,59.941715,-2.938205,1.058464,59.940968,-4.370329,1.068160,59.938999,-4.741269,1.084323,59.938293,-3.615744,1.086306,59.941261,-4.367845,1.082193,59.940751,-5.078832,1.100131,59.930408,-0.005932,1.041485,59.922069,-1.046092,1.083985,59.938426,-1.656635,1.097653,59.938661,1.978432,1.092253,59.938606,1.822133,1.088962,59.938287,-3.518074,1.102096,59.940354,-1.927093,1.107929,59.954306,-2.534682,1.093476,59.948001,-4.306718,1.111902,59.975313,0.860609,1.111840,59.983142,3.254873,1.088891,59.935522,-1.221106,1.013268,59.947654,2.286589,1.010515,59.942488,4.814112,1.036822,59.932546,4.046133,1.060680,59.911699,2.872473,1.090483,59.938951,6.064912,1.098977,59.938700,8.336866,1.067239,59.931756,3.505334,1.085005,60.001129,9.315061,1.027245,59.940814,-6.446916,0.999006,0.999370,0.999091,0.998885,0.997865,0.998288,1.001152,0.998701,-41.119393,0.000000,6.690446,8.388859,-0.698963,11.300657,17.229795,-38.944692,288.383297,447.800150,209.391350,467.503357,6.717002,286.592096,294.652499,141.504847,562.436988,245.394482,221.661074,276.382253,200.614467,124.488442,251.663684,184.493662,253.902685,8.239523,988.742731,2.149441,164.790455,75.230425,157.625653,78.812826,137.026846,28.927890,26.868009,92.246831,102.994034,75.767785,-82.574348,42.272334,15.225205,67.617823,24.718568,24.091648,4.119761,223.900075
2.160000,1.062298,59.940306,-5.113690,1.091330,59.939595,-3.040674,1.077537,59.940585,-5.325509,1.050528,59.941058,-5.971291,1.047461,59.941823,-5.045281,1.049254,59.942005,-4.473415,1.038219,59.941777,-6.293250,1.036309,59.941694,-6.710295,1.043174,59.941208,-6.586303,1.058482,59.941193,-2.317734,1.054407,59.941461,-3.052200,1.045565,59.941279,-3.037423,1.057343,59.941102,-2.936091,1.058152,59.940831,-4.371458,1.067768,59.939837,-4.752205,1.083900,59.939554,-3.629863,1.085675,59.941985,-4.362993,1.081632,59.941397,-5.078014,1.099882,59.933704,-0.067696,1.041188,59.926331,-1.163653,1.083620,59.939704,-1.669713,1.097355,59.939967,1.967177,1.091990,59.939911,1.810477,1.088563,59.939549,-3.532230,1.101566,59.941235,-1.928104,1.106317,59.953455,-2.442905,1.092283,59.947864,-4.257172,1.109059,59.972118,1.093277,1.108735,59.979202,3.540637,1.088875,59.936941,-1.254505,1.013082,59.946429,2.328795,1.010425,59.940230,4.814393,1.036810,59.936483,4.002730,1.060248,59.917334,2.686300,1.090212,59.940286,6.055884,1.098930,59.940041,8.326055,1.066996,59.934043,3.448630,1.081657,59.995585,9.723297,1.027257,59.940885,-6.448169,0.999007,0.999323,0.998987,0.999002,0.998006,0.998372,1.000991,0.998755,-41.266758,0.000000,6.557102,8.214779,-1.309934,10.860356,17.975757,-39.212434,288.383297,447.800150,209.391350,467.503357,6.717002,286.592096,294.652499,141.504847,562.436988,245.394482,221.661074,276.382253,200.614467,124.488442,251.663684,184.493662,253.902685,8.239523,988.742731,2.149441,164.790455,75.230425,157.625653,78.812826,137.026846,28.927890,26.868009,92.246831,102.994034,75.767785,-82.574348,42.272334,15.225205,67.617823,24.718568,24.091648,4.119761,223.900075
2.180000,1.062152,59.940764,-5.121558,1.090927,59.940613,-3.051182,1.077091,59.941253,-5.330451,1.050213,59.941052,-5.975850,1.047217,59.941403,-5.046182,1.049020,59.941496,-4.473403,1.037992,59.941345,-6.294536,1.036088,59.941297,-6.712018,1.043088,59.941104,-6.590186,1.058271,59.940483,-2.324483,1.054188,59.940825,-3.056685,1.045332,59.940706,-3.042937,1.057106,59.940593,-2.942592,1.057854,59.940806,-4.377734,1.067363,59.940803,-4.761184,1.083456,59.940943,-3.638973,1.085037,59.942822,-4.357077,1.081065,59.942170,-5.076629,1.099577,59.937160,-0.109630,1.040811,59.930925,-1.253638,1.083234,59.941103,-1.677691,1.097039,59.941381,1.961166,1.091710,59.941327,1.804067,1.088143,59.940940,-3.541366,1.101026,59.942282,-1.926668,1.104753,59.952577,-2.362053,1.091116,59.947777,-4.213055,1.106324,59.968591,1.296734,1.105746,59.974798,3.791220,1.088839,59.938559,-1.281434,1.012907,59.945165,2.357328,1.010382,59.938091,4.794259,1.036756,59.940429,3.983096,1.059715,59.923504,2.538529,1.089924,59.941714,6.052239,1.098873,59.941485,8.320718,1.066705,59.936671,3.405314,1.078420,59.989268,10.083388,1.027266,59.940983,-6.453453,0.999008,0.999270,0.998886,0.999110,0.998174,0.998474,1.000799,0.998815,-41.391794,0.000000,6.401351,8.111167,-1.832321,10.482127,18.666942,-39.433716,288.383297,447.800150,209.391350,467.503357,6.717002,286.592096,294.652499,141.504847,562.436988,245.394482,221.661074,276.382253,200.614467,124.488442,251.663684,184.493662,253.902685,8.239523,988.742731,2.149441,164.790455,75.230425,157.625653,78.812826,137.026846,28.927890,26.868009,92.246831,102.994034,75.767785,-82.574348,42.272334,15.225205,67.617823,24.718568,24.091648,4.119761,223.900075
2.200000,1.062007,59.941295,-5.131133,1.090532,59.941772,-3.059047,1.076660,59.942045,-5.335354,1.049927,59.941156,-5.985295,1.047007,59.941075,-5.055035,1.048821,59.941074,-4.482008,1.037800,59.941003,-6.303870,1.035899,59.940991,-6.721535,1.043016,59.941053,-6.599923,1.058102,59.939886,-2.341184,1.054009,59.940292,-3.070631,1.045140,59.940242,-3.057432,1.056909,59.940195,-2.957603,1.057585,59.940890,-4.389039,1.066966,59.941871,-4.768075,1.083010,59.942425,-3.642983,1.084418,59.943746,-4.350071,1.080515,59.943046,-5.074542,1.099229,59.940699,-0.131607,1.040367,59.935737,-1.314842,1.082845,59.942589,-1.680527,1.096719,59.942870,1.960351,1.091426,59.942818,1.802871,1.087720,59.942424,-3.545391,1.100501,59.943456,-1.922439,1.103285,59.951686,-2.292932,1.090013,59.947735,-4.174702,1.103769,59.964814,1.468285,1.102951,59.970036,4.003084,1.088794,59.940339,-1.301304,1.012757,59.943887,2.371340,1.010396,59.936120,4.754109,1.036666,59.944311,3.986286,1.059095,59.930049,2.431616,1.089634,59.943201,6.053818,1.098809,59.942997,8.320762,1.066391,59.939542,3.376728,1.075372,59.982330,10.389773,1.027275,59.941107,-6.463257,0.999010,0.999211,0.998790,0.999208,0.998365,0.998592,1.000582,0.998879,-41.491998,0.000000,6.227293,8.076360,-2.252707,10.175972,19.293883,-39.603876,288.383297,447.800150,209.391350,467.503357,6.717002,286.592096,294.652499,141.504847,562.436988,245.394482,221.661074,276.382253,200.614467,124.488442,251.663684,184.493662,253.902685,8.239523,988.742731,2.149441,164.790455,75.230425,157.625653,78.812826,137.026846,28.927890,26.868009,92.246831,102.994034,75.767785,-82.574348,42.272334,15.225205,67.617823,24.718568,24.091648,4.119761,223.900075
2.220000,1.061869,59.941885,-5.142495,1.090163,59.943035,-3.063963,1.076263,59.942930,-5.340002,1.049685,59.941359,-5.999421,1.046846,59.940840,-5.071716,1.048671,59.940745,-4.499118,1.037654,59.940755,-6.321127,1.035756,59.940777,-6.738725,1.042964,59.941055,-6.615672,1.057989,59.939410,-2.367527,1.053884,59.939871,-3.093796,1.045002,59.939890,-3.080648,1.056764,59.939912,-2.980848,1.057362,59.941073,-4.405170,1.066592,59.943009,-4.772824,1.082580,59.943960,-3.641943,1.083840,59.944729,-4.342012,1.080004,59.943996,-5.071680,1.098853,59.944241,-0.133929,1.039871,59.940652,-1.346755,1.082470,59.944121,-1.678320,1.096409,59.944393,1.964548,1.091149,59.944347,1.806721,1.087313,59.943961,-3.544353,1.100017,59.944713,-1.915244,1.101956,59.950789,-2.236138,1.089008,59.947728,-4.142369,1.101460,59.960864,1.605936,1.100417,59.965017,4.173563,1.088752,59.942236,-1.313690,1.012645,59.942621,2.370305,1.010475,59.934358,4.694803,1.036549,59.948056,4.010964,1.058402,59.936803,2.366978,1.089353,59.944710,6.060340,1.098741,59.944539,8.325962,1.066075,59.942550,3.363607,1.072583,59.974926,10.638138,1.027287,59.941256,-6.477941,0.999011,0.999148,0.998701,0.999295,0.998574,0.998721,1.000345,0.998947,-41.565401,0.000000,6.039473,8.107647,-2.560251,9.949533,19.848800,-39.719264,288.383297,447.800150,209.391350,467.503357,6.717002,286.592096,294.652499,141.504847,562.436988,245.394482,221.661074,276.382253,200.614467,124.488442,251.663684,184.493662,253.902685,8.239523,988.742731,2.149441,164.790455,75.230425,157.625653,78.812826,137.026846,28.927890,26.868009,92.246831,102.994034,75.767785,-82.574348,42.272334,15.225205,67.617823,24.718568,24.091648,4.119761,223.900075
2.240000,1.061746,59.942513,-5.155704,1.089834,59.944356,-3.065778,1.075916,59.943876,-5.344260,1.049500,59.941648,-6.017968,1.046742,59.940695,-5.095961,1.048580,59.940506,-4.524468,1.037564,59.940597,-6.346042,1.035667,59.940651,-6.763334,1.042938,59.941106,-6.637460,1.057939,59.939059,-2.403014,1.053822,59.939563,-3.125760,1.044929,59.939652,-3.112162,1.056683,59.939742,-3.011898,1.057195,59.941344,-4.425859,1.066257,59.944184,-4.775471,1.082181,59.945505,-3.636059,1.083322,59.945736,-4.333025,1.079549,59.944985,-5.068058,1.098462,59.947709,-0.117315,1.039337,59.945552,-1.349561,1.082121,59.945657,-1.671319,1.096121,59.945912,1.973438,1.090891,59.945872,1.815307,1.086934,59.945507,-3.538460,1.099594,59.946001,-1.905107,1.100803,59.949887,-2.192101,1.088130,59.947738,-4.116275,1.099449,59.956808,1.708358,1.098202,59.959834,4.300839,1.088721,59.944203,-1.318355,1.012582,59.941391,2.354027,1.010625,59.932844,4.617631,1.036410,59.951600,4.055458,1.057651,59.943603,2.344994,1.089093,59.946203,6.071400,1.098671,59.946068,8.335952,1.065778,59.945590,3.366072,1.070115,59.967210,10.825425,1.027303,59.941427,-6.497729,0.999012,0.999083,0.998622,0.999369,0.998796,0.998856,1.000093,0.999017,-41.610602,0.000000,5.842754,8.201408,-2.746907,9.807934,20.325640,-39.777305,288.383297,447.800150,209.391350,467.503357,6.717002,286.592096,294.652499,141.504847,562.436988,245.394482,221.661074,276.382253,200.614467,124.488442,251.663684,184.493662,253.902685,8.239523,988.742731,2.149441,164.790455,75.230425,157.625653,78.812826,137.026846,28.927890,26.868009,92.246831,102.994034,75.767785,-82.574348,42.272334,15.225205,67.617823,24.718568,24.091648,4.119761,223.900075
2.260000,1.061643,59.943160,-5.170808,1.089560,59.945690,-3.064510,1.075631,59.944846,-5.348092,1.049379,59.942003,-6.040644,1.046703,59.940633,-5.127387,1.048554,59.940356,-4.557651,1.037537,59.940523,-6.378230,1.035640,59.940607,-6.794991,1.042941,59.941203,-6.665187,1.057960,59.938832,-2.446983,1.053828,59.939367,-3.165952,1.044925,59.939524,-3.151407,1.056670,59.939680,-3.050197,1.057093,59.941684,-4.450792,1.065970,59.945356,-4.776165,1.081825,59.947015,-3.625697,1.082880,59.946729,-4.323342,1.079164,59.945977,-5.063795,1.098067,59.951028,-0.082875,1.038776,59.950324,-1.324115,1.081810,59.947154,-1.659925,1.095862,59.947383,1.986557,1.090658,59.947351,1.828175,1.086596,59.947019,-3.528078,1.099248,59.947271,-1.892264,1.099852,59.948973,-2.161122,1.087401,59.947743,-4.096632,1.097779,59.952710,1.774838,1.096352,59.954577,4.383903,1.088711,59.946187,-1.315265,1.012573,59.940222,2.322639,1.010844,59.931607,4.524276,1.036258,59.954884,4.117812,1.056855,59.950288,2.365024,1.088861,59.947641,6.086469,1.098602,59.947546,8.350229,1.065517,59.948557,3.383637,1.068014,59.959331,10.949827,1.027326,59.941618,-6.522709,0.999013,0.999017,0.998552,0.999432,0.999025,0.998993,0.999832,0.999087,-41.626804,0.000000,5.642204,8.353265,-2.807570,9.753696,20.720072,-39.776556,288.383297,447.800150,209.391350,467.503357,6.717002,286.592096,294.652499,141.504847,562.436988,245.394482,221.661074,276.382253,200.614467,124.488442,251.663684,184.493662,253.902685,8.239523,988.742731,2.149441,164.790455,75.230425,157.625653,78.812826,137.026846,28.927890,26.868009,92.246831,102.994034,75.767785,-82.574348,42.272334,15.225205,67.617823,24.718568,24.091648,4.119761,223.900075
2.280000,1.061566,59.943805,-5.187846,1.089350,59.946990,-3.060358,1.075415,59.945803,-5.351575,1.049327,59.942404,-6.067139,1.046733,59.940647,-5.165505,1.048597,59.940288,-4.598138,1.037576,59.940526,-6.417193,1.035676,59.940637,-6.833221,1.042975,59.941340,-6.698629,1.058051,59.938727,-2.498629,1.053904,59.939279,-3.213662,1.044993,59.939501,-3.197695,1.056727,59.939719,-3.095077,1.057058,59.942077,-4.479620,1.065740,59.946491,-4.775160,1.081521,59.948448,-3.611385,1.082522,59.947672,-4.313309,1.078858,59.946933,-5.059129,1.097676,59.954130,-0.032071,1.038198,59.954861,-1.271904,1.081542,59.948569,-1.644692,1.095640,59.948769,2.003312,1.090456,59.948745,1.844736,1.086306,59.948452,-3.513737,1.098990,59.948471,-1.877159,1.099123,59.948039,-2.143404,1.086836,59.947719,-4.083667,1.096478,59.948622,1.805233,1.094896,59.949328,4.422509,1.088725,59.948138,-1.304607,1.012623,59.939135,2.276596,1.011132,59.930671,4.416762,1.036095,59.957859,4.195852,1.056026,59.956705,2.425466,1.088662,59.948989,6.104911,1.098536,59.948932,8.368160,1.065305,59.951350,3.415242,1.066313,59.951437,11.010758,1.027357,59.941826,-6.552833,0.999015,0.998951,0.998496,0.999483,0.999256,0.999127,0.999568,0.999158,-41.613824,0.000000,5.442968,8.558216,-2.740138,9.786740,21.029466,-39.716727,288.383297,447.800150,209.391350,467.503357,6.717002,286.592096,294.652499,141.504847,562.436988,245.394482,221.661074,276.382253,200.614467,124.488442,251.663684,184.493662,253.902685,8.239523,988.742731,2.149441,164.790455,75.230425,157.625653,78.812826,137.026846,28.927890,26.868009,92.246831,102.994034,75.767785,-82.574348,42.272334,15.225205,67.617823,24.718568,24.091648,4.119761,223.900075
2.300000,1.061517,59.944427,-5.206850,1.089209,59.948211,-3.053697,1.075274,59.946709,-5.354896,1.049345,59.942832,-6.097133,1.046829,59.940728,-5.209734,1.048706,59.940295,-4.645292,1.037679,59.940596,-6.462346,1.035775,59.940732,-6.877460,1.043040,59.941510,-6.737451,1.058210,59.938738,-2.557027,1.054048,59.939292,-3.268068,1.045132,59.939573,-3.250234,1.056854,59.939850,-3.145776,1.057091,59.942505,-4.511973,1.065569,59.947554,-4.772811,1.081271,59.949761,-3.593794,1.082254,59.948529,-4.303376,1.078637,59.947816,-5.054406,1.097296,59.956955,0.033330,1.037610,59.959067,-1.194983,1.081322,59.949865,-1.626305,1.095456,59.950032,2.022994,1.090287,59.950016,1.864279,1.086069,59.949767,-3.496109,1.098826,59.949553,-1.860438,1.098622,59.947074,-2.139063,1.086441,59.947640,-4.077630,1.095559,59.944596,1.799927,1.093850,59.944162,4.417135,1.088768,59.950002,-1.286782,1.012733,59.938152,2.216663,1.011482,59.930050,4.297401,1.035926,59.960485,4.287244,1.055172,59.962716,2.523837,1.088499,59.950212,6.125994,1.098473,59.950192,8.389003,1.065150,59.953880,3.459303,1.065030,59.943664,11.008800,1.027396,59.942046,-6.587923,0.999017,0.998887,0.998452,0.999523,0.999483,0.999255,0.999305,0.999227,-41.572103,0.000000,5.250138,8.810764,-2.545500,9.904459,21.252839,-39.598702,288.383297,447.800150,209.391350,467.503357,6.717002,286.592096,294.652499,141.504847,562.436988,245.394482,221.661074,276.382253,200.614467,124.488442,251.663684,184.493662,253.902685,8.239523,988.742731,2.149441,164.790455,75.230425,157.625653,78.812826,137.026846,28.927890,26.868009,92.246831,102.994034,75.767785,-82.574348,42.272334,15.225205,67.617823,24.718568,24.091648,4.119761,223.900075
2.320000,1.061498,59.945007,-5.227848,1.089138,59.949309,-3.045069,1.075207,59.947532,-5.358343,1.049429,59.943266,-6.130300,1.046988,59.940866,-5.259415,1.048879,59.940370,-4.698380,1.037842,59.940725,-6.513016,1.035933,59.940880,-6.927065,1.043134,59.941708,-6.781214,1.058433,59.938856,-2.621152,1.054255,59.939399,-3.328246,1.045335,59.939733,-3.308145,1.057044,59.940062,-3.201457,1.057187,59.942949,-4.547458,1.065455,59.948512,-4.769558,1.081078,59.950921,-3.573713,1.082076,59.949267,-4.294087,1.078500,59.948594,-5.050073,1.096927,59.959449,0.111314,1.037017,59.962857,-1.095899,1.081150,59.951006,-1.605563,1.095310,59.951141,2.044798,1.090152,59.951132,1.885997,1.085883,59.950927,-3.475985,1.098757,59.950474,-1.842921,1.098350,59.946069,-2.148139,1.086215,59.947484,-4.078789,1.095021,59.940677,1.759798,1.093213,59.939150,4.368928,1.088840,59.951731,-1.262409,1.012901,59.937290,2.143893,1.011885,59.929754,4.168734,1.035752,59.962732,4.389556,1.054301,59.968196,2.656867,1.088371,59.951282,6.148914,1.098414,59.951294,8.411928,1.065058,59.956066,3.513778,1.064169,59.936144,10.945651,1.027443,59.942275,-6.627680,0.999018,0.998827,0.998423,0.999552,0.999701,0.999371,0.999049,0.999293,-41.502686,0.000000,5.068631,9.105038,-2.227448,10.101866,21.390790,-39.424527,288.383297,447.800150,209.391350,467.503357,6.717002,286.592096,294.652499,141.504847,562.436988,245.394482,221.661074,276.382253,200.614467,124.488442,251.663684,184.493662,253.902685,8.239523,988.742731,2.149441,164.790455,75.230425,157.625653,78.812826,137.026846,28.927890,26.868009,92.246831,102.994034,75.767785,-82.574348,42.272334,15.225205,67.617823,24.718568,24.091648,4.119761,223.900075
2.340000,1.061507,59.945529,-5.250855,1.089137,59.950249,-3.035157,1.075210,59.948242,-5.362291,1.049574,59.943690,-6.166307,1.047204,59.941050,-5.313819,1.049107,59.940504,-4.756588,1.038060,59.940903,-6.568463,1.036144,59.941073,-6.981325,1.043256,59.941927,-6.829386,1.058710,59.939074,-2.689902,1.054517,59.939591,-3.393198,1.045594,59.939971,-3.370479,1.057289,59.940344,-3.261222,1.057341,59.943392,-4.585671,1.065395,59.949341,-4.765908,1.080936,59.951897,-3.552024,1.081984,59.949860,-4.286053,1.078443,59.949239,-5.046654,1.096570,59.961573,0.199679,1.036420,59.966161,-0.977614,1.081023,59.951964,-1.583343,1.095201,59.952070,2.067855,1.090049,59.952066,1.909015,1.085747,59.951903,-3.454250,1.098777,59.951198,-1.825574,1.098296,59.945019,-2.170583,1.086151,59.947234,-4.087415,1.094850,59.936911,1.686185,1.092971,59.934361,4.279672,1.088941,59.953280,-1.232303,1.013122,59.936566,2.059601,1.012332,59.929782,4.033462,1.035572,59.964577,4.500314,1.053417,59.973040,2.820617,1.088275,59.952175,6.172822,1.098359,59.952213,8.436048,1.065029,59.957842,3.576251,1.063718,59.929000,10.824053,1.027499,59.942509,-6.671692,0.999021,0.998771,0.998409,0.999571,0.999906,0.999473,0.998803,0.999355,-41.407205,0.000000,4.903069,9.434896,-1.792527,10.371798,21.445421,-39.197378,288.383297,447.800150,209.391350,467.503357,6.717002,286.592096,294.652499,141.504847,562.436988,245.394482,221.661074,276.382253,200.614467,124.488442,251.663684,184.493662,253.902685,8.239523,988.742731,2.149441,164.790455,75.230425,157.625653,78.812826,137.026846,28.927890,26.868009,92.246831,102.994034,75.767785,-82.574348,42.272334,15.225205,67.617823,24.718568,24.091648,4.119761,223.900075
2.360000,1.061544,59.945976,-5.275874,1.089201,59.951000,-3.024756,1.075278,59.948815,-5.367174,1.049770,59.944088,-6.204814,1.047467,59.941274,-5.372155,1.049382,59.940691,-4.819031,1.038323,59.941122,-6.627882,1.036399,59.941303,-7.039469,1.043400,59.942161,-6.881350,1.059031,59.939382,-2.762115,1.054824,59.939859,-3.461860,1.045899,59.940276,-3.436235,1.057580,59.940685,-3.324127,1.057543,59.943822,-4.626186,1.065382,59.950019,-4.762400,1.080841,59.952668,-3.529662,1.081969,59.950289,-4.279922,1.078458,59.949729,-5.044720,1.096222,59.963294,0.296094,1.035819,59.968921,-0.843403,1.080935,59.952719,-1.560569,1.095123,59.952798,2.091266,1.089973,59.952799,1.932423,1.085655,59.952674,-3.431841,1.098878,59.951696,-1.809461,1.098443,59.943922,-2.206240,1.086235,59.946879,-4.103750,1.095020,59.933340,1.580869,1.093099,59.929858,4.151745,1.089069,59.954608,-1.197461,1.013388,59.935994,1.965331,1.012810,59.930127,3.894382,1.035386,59.966008,4.617058,1.052521,59.977163,3.010600,1.088206,59.952874,6.196853,1.098308,59.952932,8.460449,1.065059,59.959157,3.644021,1.063654,59.922345,10.647713,1.027563,59.942746,-6.719446,0.999023,0.998721,0.998411,0.999581,1.000094,0.999558,0.998574,0.999412,-41.287835,0.000000,4.757667,9.794016,-1.249818,10.705174,21.420248,-38.921519,288.383297,447.800150,209.391350,467.503357,6.717002,286.592096,294.652499,141.504847,562.436988,245.394482,221.661074,276.382253,200.614467,124.488442,251.663684,184.493662,253.902685,8.239523,988.742731,2.149441,164.790455,75.230425,157.625653,78.812826,137.026846,28.927890,26.868009,92.246831,102.994034,75.767785,-82.574348,42.272334,15.225205,67.617823,24.718568,24.091648,4.119761,223.900075
2.380000,1.061605,59.946340,-5.302888,1.089323,59.951539,-3.014736,1.075400,59.949234,-5.373459,1.050008,59.944449,-6.245462,1.047766,59.941528,-5.433584,1.049693,59.940923,-4.884765,1.038620,59.941374,-6.690417,1.036687,59.941561,-7.100672,1.043563,59.942407,-6.936419,1.059383,59.939770,-2.836591,1.055164,59.940195,-3.533126,1.046238,59.940640,-3.504370,1.057903,59.941075,-3.389194,1.057780,59.944226,-4.668562,1.065406,59.950533,-4.759586,1.080784,59.953219,-3.507579,1.082019,59.950540,-4.276340,1.078535,59.950050,-5.044858,1.095880,59.964593,0.398166,1.035212,59.971098,-0.696770,1.080879,59.953257,-1.538177,1.095070,59.953315,2.114130,1.089920,59.953319,1.955311,1.085599,59.953225,-3.409710,1.099049,59.951948,-1.795703,1.098767,59.942785,-2.254826,1.086449,59.946414,-4.127983,1.095497,59.930010,1.446058,1.093558,59.925703,3.988083,1.089218,59.955682,-1.159029,1.013691,59.935584,1.862823,1.013305,59.930776,3.754321,1.035190,59.967021,4.737380,1.051616,59.980498,3.221911,1.088159,59.953367,6.220152,1.098260,59.953437,8.484225,1.065142,59.959976,3.714194,1.063940,59.916281,10.421220,1.027635,59.942981,-6.770346,0.999026,0.998678,0.998427,0.999584,1.000259,0.999624,0.998364,0.999463,-41.147251,0.000000,4.636130,10.175980,-0.610669,11.091310,21.320097,-38.602224,288.383297,447.800150,209.391350,467.503357,6.717002,286.592096,294.652499,141.504847,562.436988,245.394482,221.661074,276.382253,200.614467,124.488442,251.663684,184.493662,253.902685,8.239523,988.742731,2.149441,164.790455,75.230425,157.625653,78.812826,137.026846,28.927890,26.868009,92.246831,102.994034,75.767785,-82.574348,42.272334,15.225205,67.617823,24.718568,24.091648,4.119761,223.900075
2.400000,1.061689,59.946611,-5.331854,1.089495,59.951852,-3.006004,1.075567,59.949490,-5.381617,1.050274,59.944764,-6.287873,1.048089,59.941808,-5.497222,1.050027,59.941195,-4.952801,1.038940,59.941653,-6.755169,1.036999,59.941841,-7.164070,1.043738,59.942659,-6.993848,1.059754,59.940228,-2.912112,1.055523,59.940590,-3.605860,1.046597,59.941052,-3.573819,1.058246,59.941505,-3.455425,1.058043,59.944596,-4.712336,1.065458,59.950875,-4.757998,1.080756,59.953543,-3.486705,1.082123,59.950610,-4.275924,1.078663,59.950194,-5.047635,1.095538,59.965459,0.503491,1.034597,59.972666,-0.541351,1.080847,59.953571,-1.517074,1.095035,59.953614,2.135578,1.089883,59.953620,1.976799,1.085569,59.953549,-3.388791,1.099276,59.951946,-1.785427,1.099240,59.941618,-2.315900,1.086771,59.945842,-4.160206,1.096235,59.926966,1.284371,1.094303,59.921954,3.792143,1.089384,59.956475,-1.118274,1.014020,59.935345,1.753967,1.013804,59.931709,3.616067,1.034981,59.967619,4.858966,1.050699,59.983002,3.449354,1.088125,59.953651,6.241903,1.098216,59.953726,8.506508,1.065272,59.960279,3.783792,1.064532,59.910903,10.149948,1.027712,59.943213,-6.823724,0.999029,0.998643,0.998457,0.999579,1.000400,0.999669,0.998177,0.999506,-40.988563,0.000000,4.541565,10.574342,0.111621,11.518249,21.150994,-38.245693,288.383297,447.800150,209.391350,467.503357,6.717002,286.592096,294.652499,141.504847,562.436988,245.394482,221.661074,276.382253,200.614467,124.488442,251.663684,184.493662,253.902685,8.239523,988.742731,2.149441,164.790455,75.230425,157.625653,78.812826,137.026846,28.927890,26.868009,92.246831,102.994034,75.767785,-82.574348,42.272334,15.225205,67.617823,24.718568,24.091648,4.119761,223.900075
2.420000,1.061791,59.946787,-5.362696,1.089707,59.951933,-2.999463,1.075768,59.949577,-5.392091,1.050557,59.945028,-6.331642,1.048423,59.942107,-5.562157,1.050372,59.941502,-5.022119,1.039271,59.941955,-6.821204,1.037321,59.942140,-7.228763,1.043921,59.942914,-7.052845,1.060130,59.940746,-2.987461,1.055889,59.941036,-3.678917,1.046963,59.941506,-3.643510,1.058597,59.941966,-3.521817,1.058317,59.944926,-4.757021,1.065526,59.951046,-4.758120,1.080746,59.953642,-3.467914,1.082266,59.950500,-4.279218,1.078827,59.950163,-5.053568,1.095190,59.965894,0.609708,1.033970,59.973614,-0.380828,1.080829,59.953663,-1.498112,1.095010,59.953697,2.154803,1.089857,59.953703,1.996070,1.085557,59.953647,-3.369958,1.099542,59.951690,-1.779713,1.099831,59.940441,-2.388834,1.087177,59.945174,-4.200388,1.097187,59.924251,1.098823,1.095283,59.918668,3.567862,1.089561,59.956969,-1.076547,1.014366,59.935279,1.640766,1.014294,59.932901,3.482310,1.034756,59.967811,4.979624,1.049772,59.984648,3.687571,1.088098,59.953726,6.261357,1.098173,59.953799,8.526495,1.065438,59.960066,3.849845,1.065381,59.906292,9.839962,1.027794,59.943438,-6.878861,0.999032,0.998617,0.998501,0.999569,1.000513,0.999692,0.998017,0.999541,-40.815249,0.000000,4.476405,10.982691,0.902148,11.973136,20.920045,-37.858936,288.383297,447.800150,209.391350,467.503357,6.717002,286.592096,294.652499,141.504847,562.436988,245.394482,221.661074,276.382253,200.614467,124.488442,251.663684,184.493662,253.902685,8.239523,988.742731,2.149441,164.790455,75.230425,157.625653,78.812826,137.026846,28.927890,26.868009,92.246831,102.994034,75.767785,-82.574348,42.272334,15.225205,67.617823,24.718568,24.091648,4.119761,223.900075
2.440000,1.061908,59.946867,-5.395301,1.089949,59.951783,-2.995975,1.075989,59.949501,-5.405270,1.050846,59.945241,-6.376337,1.048758,59.942423,-5.627457,1.050716,59.941840,-5.091684,1.039602,59.942276,-6.887574,1.037643,59.942454,-7.293834,1.044106,59.943171,-7.112590,1.060498,59.941314,-3.061445,1.056251,59.941525,-3.751163,1.047324,59.941992,-3.712381,1.058942,59.942450,-3.587377,1.058591,59.945214,-4.802115,1.065601,59.951048,-4.760373,1.080745,59.953522,-3.451995,1.082433,59.950220,-4.286670,1.079015,59.949962,-5.063091,1.094833,59.965905,0.714545,1.033331,59.973947,-0.218848,1.080819,59.953541,-1.482055,1.094990,59.953571,2.171083,1.089834,59.953576,2.012393,1.085552,59.953527,-3.354001,1.099834,59.951189,-1.779550,1.100506,59.939277,-2.472796,1.087641,59.944427,-4.248341,1.098300,59.921911,0.892795,1.096442,59.915895,3.319607,1.089742,59.957153,-1.035250,1.014717,59.935389,1.525288,1.014763,59.934321,3.355583,1.034513,59.967613,5.097303,1.048833,59.985431,3.931160,1.088072,59.953600,6.277842,1.098132,59.953664,8.543470,1.065632,59.959350,3.909493,1.066430,59.902515,9.497899,1.027880,59.943657,-6.934999,0.999036,0.998600,0.998558,0.999553,1.000598,0.999693,0.997885,0.999567,-40.631077,0.000000,4.442353,11.394702,1.744784,12.442598,20.635294,-37.449650,288.383297,447.800150,209.391350,467.503357,6.717002,286.592096,294.652499,141.504847,562.436988,245.394482,221.661074,276.382253,200.614467,124.488442,251.663684,184.493662,253.902685,8.239523,988.742731,2.149441,164.790455,75.230425,157.625653,78.812826,137.026846,28.927890,26.868009,92.246831,102.994034,75.767785,-82.574348,42.272334,15.225205,67.617823,24.718568,24.091648,4.119761,223.900075
2.460000,1.062035,59.946853,-5.429519,1.090211,59.951413,-2.996328,1.076222,59.949269,-5.421469,1.051127,59.945402,-6.421499,1.049082,59.942752,-5.692187,1.051049,59.942204,-5.160460,1.039922,59.942614,-6.953322,1.037955,59.942779,-7.358357,1.044288,59.943428,-7.172249,1.060848,59.941923,-3.132914,1.056595,59.942049,-3.821492,1.047668,59.942504,-3.779395,1.059270,59.942951,-3.651139,1.058854,59.945458,-4.847097,1.065672,59.950892,-4.765094,1.080743,59.953199,-3.439629,1.082611,59.949785,-4.298609,1.079214,59.949605,-5.076536,1.094463,59.965510,0.815858,1.032677,59.973680,-0.058950,1.080806,59.953217,-1.469560,1.094967,59.953249,2.183802,1.089810,59.953252,2.025142,1.085548,59.953203,-3.341602,1.100135,59.950461,-1.785794,1.101234,59.938154,-2.566736,1.088140,59.943624,-4.303703,1.099523,59.919988,0.670007,1.097725,59.913682,3.052117,1.089922,59.957026,-0.995794,1.015065,59.935672,1.409620,1.015198,59.935934,3.238205,1.034250,59.967043,5.210108,1.047885,59.985364,4.174783,1.088040,59.953283,6.290791,1.098092,59.953334,8.556825,1.065843,59.958162,3.960075,1.067624,59.899629,9.130860,1.027969,59.943867,-6.991366,0.999039,0.998592,0.998625,0.999533,1.000652,0.999673,0.997784,0.999583,-40.440023,0.000000,4.440342,11.804189,2.622570,12.913133,20.305576,-37.026067,288.383297,447.800150,209.391350,467.503357,6.717002,286.592096,294.652499,141.504847,562.436988,245.394482,221.661074,276.382253,200.614467,124.488442,251.663684,184.493662,253.902685,8.239523,988.742731,2.149441,164.790455,75.230425,157.625653,78.812826,137.026846,28.927890,26.868009,92.246831,102.994034,75.767785,-82.574348,42.272334,15.225205,67.617823,24.718568,24.091648,4.119761,223.900075
2.480000,1.062169,59.946753,-5.465157,1.090484,59.950839,-3.001204,1.076454,59.948895,-5.440914,1.051393,59.945515,-6.466648,1.049386,59.943092,-5.755427,1.051360,59.942591,-5.227436,1.040222,59.942964,-7.017510,1.038248,59.943114,-7.421421,1.044463,59.943683,-7.230994,1.061169,59.942562,-3.200784,1.056913,59.942600,-3.888849,1.047984,59.943034,-3.843565,1.059571,59.943460,-3.712181,1.059096,59.945660,-4.891442,1.065731,59.950591,-4.772528,1.080734,59.952689,-3.431370,1.082788,59.949215,-4.315226,1.079412,59.949109,-5.094116,1.094076,59.964731,0.911656,1.032009,59.972839,0.095498,1.080786,59.952709,-1.461163,1.094936,59.952748,2.192457,1.089780,59.952748,2.033809,1.085535,59.952692,-3.333315,1.100433,59.949531,-1.799130,1.101984,59.937103,-2.669385,1.088651,59.942791,-4.365925,1.100804,59.918518,0.434464,1.099077,59.912067,2.770436,1.090095,59.956592,-0.959568,1.015399,59.936123,1.295823,1.015592,59.937703,3.132237,1.033965,59.966127,5.316307,1.046928,59.984475,4.413276,1.087997,59.952793,6.299739,1.098054,59.952827,8.566067,1.066064,59.956545,3.999216,1.068906,59.897672,8.746276,1.028058,59.944068,-7.047187,0.999044,0.998595,0.998702,0.999509,1.000675,0.999632,0.997716,0.999588,-40.246186,0.000000,4.470512,12.205144,3.518119,13.371489,19.940357,-36.596799,288.383297,447.800150,209.391350,467.503357,6.717002,286.592096,294.652499,141.504847,562.436988,245.394482,221.661074,276.382253,200.614467,124.488442,251.663684,184.493662,253.902685,8.239523,988.742731,2.149441,164.790455,75.230425,157.625653,78.812826,137.026846,28.927890,26.868009,92.246831,102.994034,75.767785,-82.574348,42.272334,15.225205,67.617823,24.718568,24.091648,4.119761,223.900075
2.500000,1.062306,59.946574,-5.501985,1.090758,59.950082,-3.011157,1.076678,59.948398,-5.463729,1.051634,59.945584,-6.511292,1.049660,59.943440,-5.816288,1.051641,59.942998,-5.291641,1.040494,59.943326,-7.079230,1.038513,59.943457,-7.482144,1.044626,59.943936,-7.288019,1.061452,59.943222,-3.264061,1.057195,59.943171,-3.952251,1.048264,59.943576,-3.903972,1.059837,59.943973,-3.769645,1.059309,59.945821,-4.934628,1.065772,59.950161,-4.782826,1.080710,59.952015,-3.427645,1.082953,59.948533,-4.336574,1.079600,59.948495,-5.115918,1.093673,59.963599,1.000132,1.031329,59.971463,0.241352,1.080752,59.952039,-1.457271,1.094893,59.952087,2.196667,1.089740,59.952085,2.038008,1.085508,59.952018,-3.329565,1.100715,59.948432,-1.820050,1.102727,59.936155,-2.779262,1.089152,59.941957,-4.434275,1.102095,59.917535,0.190403,1.100447,59.911079,2.479827,1.090256,59.955864,-0.927906,1.015711,59.936734,1.185886,1.015935,59.939587,3.039437,1.033659,59.964889,5.414337,1.045966,59.982809,4.641734,1.087941,59.952147,6.304336,1.098017,59.952161,8.570821,1.066286,59.954556,4.024898,1.070223,59.896669,8.351775,1.028147,59.944261,-7.101710,0.999048,0.998607,0.998786,0.999481,1.000668,0.999573,0.997681,0.999583,-40.053698,0.000000,4.532211,12.591786,4.414015,13.805035,19.549555,-36.170667,288.383297,447.800150,209.391350,467.503357,6.717002,286.592096,294.652499,141.504847,562.436988,245.394482,221.661074,276.382253,200.614467,124.488442,251.663684,184.493662,253.902685,8.239523,988.742731,2.149441,164.790455,75.230425,157.625653,78.812826,137.026846,28.927890,26.868009,92.246831,102.994034,75.767785,-82.574348,42.272334,15.225205,67.617823,24.718568,24.091648,4.119761,223.900075
2.520000,1.062445,59.946327,-5.539739,1.091026,59.949170,-3.026603,1.076886,59.947796,-5.489934,1.051844,59.945615,-6.554939,1.049898,59.943795,-5.873936,1.051885,59.943421,-5.352170,1.040730,59.943696,-7.137632,1.038744,59.943806,-7.539695,1.044775,59.944186,-7.342563,1.061692,59.943892,-3.321862,1.057435,59.943754,-4.010813,1.048501,59.944121,-3.959787,1.060061,59.944482,-3.822756,1.059487,59.945945,-4.976151,1.065790,59.949621,-4.796050,1.080667,59.951200,-3.428743,1.083097,59.947764,-4.362567,1.079768,59.947788,-5.141902,1.093254,59.962147,1.079669,1.030641,59.969597,0.375737,1.080701,59.951231,-1.458165,1.094835,59.951291,2.196171,1.089689,59.951285,2.037475,1.085464,59.951203,-3.330643,1.100970,59.947200,-1.848828,1.103437,59.935341,-2.894703,1.089626,59.941151,-4.507849,1.103352,59.917060,-0.057786,1.101785,59.910737,2.185680,1.090399,59.954863,-0.902052,1.015995,59.937491,1.081684,1.016221,59.941544,2.961230,1.033333,59.963360,5.502802,1.045005,59.980423,4.855594,1.087868,59.951367,6.304341,1.097982,59.951360,8.570832,1.066503,59.952263,4.035521,1.071523,59.896625,7.955042,1.028235,59.944443,-7.154218,0.999053,0.998629,0.998875,0.999451,1.000632,0.999498,0.997679,0.999567,-39.866635,0.000000,4.624009,12.958604,5.293202,14.202099,19.143354,-35.756519,288.383297,447.800150,209.391350,467.503357,6.717002,286.592096,294.652499,141.504847,562.436988,245.394482,221.661074,276.382253,200.614467,124.488442,251.663684,184.493662,253.902685,8.239523,988.742731,2.149441,164.790455,75.230425,157.625653,78.812826,137.026846,28.927890,26.868009,92.246831,102.994034,75.767785,-82.574348,42.272334,15.225205,67.617823,24.718568,24.091648,4.119761,223.900075
2.540000,1.062581,59.946025,-5.578128,1.091280,59.948131,-3.047801,1.077071,59.947111,-5.519456,1.052017,59.945613,-6.597112,1.050095,59.944153,-5.927613,1.052086,59.943854,-5.408208,1.040927,59.944072,-7.191943,1.038937,59.944158,-7.593319,1.044906,59.944432,-7.393925,1.061882,59.944561,-3.373437,1.057628,59.944339,-4.063764,1.048690,59.944662,-4.010291,1.060237,59.944980,-3.870847,1.059625,59.946033,-5.015542,1.065781,59.948991,-4.812179,1.080601,59.950272,-3.434834,1.083212,59.946933,-4.392991,1.079911,59.947010,-5.171911,1.092821,59.960413,1.148861,1.029949,59.967292,0.496083,1.080631,59.950310,-1.464002,1.094761,59.950382,2.190823,1.089626,59.950372,2.032063,1.085399,59.950274,-3.336717,1.101192,59.945875,-1.885518,1.104094,59.934689,-3.013892,1.090057,59.940400,-4.585593,1.104536,59.917108,-0.305642,1.103051,59.911048,1.893411,1.090522,59.953613,-0.883142,1.016245,59.938380,0.984939,1.016445,59.943532,2.898676,1.032991,59.961571,5.580469,1.044050,59.977386,5.050707,1.087778,59.950475,6.299614,1.097951,59.950446,8.565957,1.066709,59.949740,4.029955,1.072761,59.897529,7.563669,1.028321,59.944617,-7.204048,0.999058,0.998660,0.998968,0.999419,1.000569,0.999409,0.997710,0.999540,-39.688935,0.000000,4.743742,13.300396,6.139358,14.552271,18.732010,-35.363049,288.383297,447.800150,209.391350,467.503357,6.717002,286.592096,294.652499,141.504847,562.436988,245.394482,221.661074,276.382253,200.614467,124.488442,251.663684,184.493662,253.902685,8.239523,988.742731,2.149441,164.790455,75.230425,157.625653,78.812826,137.026846,28.927890,26.868009,92.246831,102.994034,75.767785,-82.574348,42.272334,15.225205,67.617823,24.718568,24.091648,4.119761,223.900075
2.560000,1.062713,59.945678,-5.616843,1.091516,59.946999,-3.074863,1.077228,59.946367,-5.552129,1.052149,59.945584,-6.637369,1.050248,59.944510,-5.976658,1.052242,59.944291,-5.459048,1.041079,59.944448,-7.241490,1.039087,59.944509,-7.642355,1.045018,59.944672,-7.441487,1.062019,59.945217,-3.418190,1.057770,59.944917,-4.110474,1.048827,59.945190,-4.054894,1.060363,59.945461,-3.913371,1.059719,59.946089,-5.052388,1.065743,59.948288,-4.831131,1.080513,59.949254,-3.445969,1.083295,59.946064,-4.427525,1.080023,59.946185,-5.205687,1.092379,59.958436,1.206507,1.029261,59.964608,0.600152,1.080540,59.949299,-1.474832,1.094671,59.949385,2.180576,1.089549,59.949371,2.021726,1.085313,59.949256,-3.347839,1.101374,59.944499,-1.929947,1.104679,59.934220,-3.134906,1.090432,59.939729,-4.666340,1.105614,59.917681,-0.548732,1.104206,59.912004,1.608344,1.090620,59.952146,-0.872173,1.016456,59.939384,0.897178,1.016603,59.945507,2.852458,1.032634,59.959555,5.646270,1.043109,59.973779,5.223399,1.087672,59.949495,6.290115,1.097923,59.949445,8.556154,1.066900,59.947069,4.007567,1.073897,59.899350,7.185012,1.028405,59.944783,-7.250609,0.999063,0.998700,0.999061,0.999383,1.000480,0.999311,0.997772,0.999503,-39.524311,0.000000,4.888562,13.612322,6.937230,14.846670,18.325655,-34.998612,288.383297,447.800150,209.391350,467.503357,6.717002,286.592096,294.652499,141.504847,562.436988,245.394482,221.661074,276.382253,200.614467,124.488442,251.663684,184.493662,253.902685,8.239523,988.742731,2.149441,164.790455,75.230425,157.625653,78.812826,137.026846,28.927890,26.868009,92.246831,102.994034,75.767785,-82.574348,42.272334,15.225205,67.617823,24.718568,24.091648,4.119761,223.900075
2.580000,1.062839,59.945302,-5.655568,1.091727,59.945804,-3.107751,1.077354,59.945586,-5.587716,1.052237,59.945531,-6.675323,1.050352,59.944862,-6.020528,1.052348,59.944727,-5.504118,1.041185,59.944819,-7.285720,1.039192,59.944854,-7.686261,1.045110,59.944905,-7.484725,1.062101,59.945849,-3.455695,1.057859,59.945478,-4.150468,1.048909,59.945697,-4.093160,1.060436,59.945915,-3.949924,1.059767,59.946115,-5.086344,1.065676,59.947531,-4.852771,1.080401,59.948173,-3.462107,1.083342,59.945183,-4.465757,1.080100,59.945338,-5.242887,1.091930,59.956259,1.251623,1.028582,59.961607,0.686057,1.080430,59.948225,-1.490611,1.094565,59.948324,2.165475,1.089459,59.948307,2.006511,1.085204,59.948174,-3.363967,1.101511,59.943113,-1.981728,1.105178,59.933953,-3.255769,1.090741,59.939160,-4.748845,1.106558,59.918769,-0.782747,1.105219,59.913582,1.335603,1.090692,59.950496,-0.869987,1.016625,59.940482,0.819708,1.016695,59.947427,2.822861,1.032268,59.957346,5.699294,1.042190,59.969689,5.370518,1.087549,59.948451,6.275882,1.097898,59.948381,8.541468,1.067071,59.944335,3.968242,1.074896,59.902041,6.826039,1.028485,59.944940,-7.293392,0.999068,0.998746,0.999154,0.999346,1.000368,0.999205,0.997865,0.999456,-39.376179,0.000000,5.055010,13.889944,7.672949,15.078154,17.934099,-34.671043,288.383297,447.800150,209.391350,467.503357,6.717002,286.592096,294.652499,141.504847,562.436988,245.394482,221.661074,276.382253,200.614467,124.488442,251.663684,184.493662,253.902685,8.239523,988.742731,2.149441,164.790455,75.230425,157.625653,78.812826,137.026846,28.927890,26.868009,92.246831,102.994034,75.767785,-82.574348,42.272334,15.225205,67.617823,24.718568,24.091648,4.119761,223.900075
2.600000,1.062956,59.944909,-5.693992,1.091908,59.944582,-3.146289,1.077445,59.944787,-5.625923,1.052279,59.945457,-6.710655,1.050406,59.945202,-6.058819,1.052403,59.945153,-5.542993,1.041242,59.945180,-7.324225,1.039250,59.945189,-7.724631,1.045179,59.945129,-7.523231,1.062125,59.946445,-3.485711,1.057892,59.946011,-4.183445,1.048935,59.946173,-4.124814,1.060454,59.946335,-3.980261,1.059768,59.946110,-5.117157,1.065579,59.946737,-4.876939,1.080265,59.947051,-3.483129,1.083349,59.944309,-4.507217,1.080140,59.944490,-5.283108,1.091481,59.953926,1.283430,1.027919,59.958353,0.752275,1.080300,59.947111,-1.511220,1.094444,59.947223,2.145637,1.089357,59.947203,1.986535,1.085073,59.947052,-3.384980,1.101601,59.941758,-2.040276,1.105578,59.933898,-3.374511,1.090978,59.938708,-4.831833,1.107343,59.920347,-1.003609,1.106066,59.915749,1.079993,1.090734,59.948701,-0.877258,1.016749,59.941653,0.753582,1.016717,59.949252,2.809782,1.031897,59.954981,5.738787,1.041299,59.965210,5.489481,1.087412,59.947365,6.257025,1.097879,59.947276,8.522019,1.067218,59.941624,3.912384,1.075729,59.905536,6.493196,1.028561,59.945089,-7.331985,0.999073,0.998800,0.999243,0.999307,1.000237,0.999096,0.997984,0.999400,-39.247590,0.000000,5.239103,14.129282,8.334299,15.241478,17.566642,-34.387485,288.383297,447.800150,209.391350,467.503357,6.717002,286.592096,294.652499,141.504847,562.436988,245.394482,221.661074,276.382253,200.614467,124.488442,251.663684,184.493662,253.902685,8.239523,988.742731,2.149441,164.790455,75.230425,157.625653,78.812826,137.026846,28.927890,26.868009,92.246831,102.994034,75.767785,-82.574348,42.272334,15.225205,67.617823,24.718568,24.091648,4.119761,223.900075
2.620000,1.063062,59.944510,-5.731816,1.092055,59.943362,-3.190176,1.077498,59.943991,-5.666419,1.052274,59.945366,-6.743138,1.050409,59.945524,-6.091277,1.052407,59.945561,-5.575419,1.041249,59.945523,-7.356748,1.039259,59.945505,-7.757209,1.045226,59.945340,-7.556719,1.062092,59.946991,-3.508195,1.057869,59.946506,-4.209289,1.048905,59.946608,-4.149760,1.060416,59.946711,-4.004304,1.059722,59.946076,-5.144677,1.065452,59.945922,-4.903464,1.080107,59.945912,-3.508858,1.083315,59.943461,-4.551401,1.080139,59.943658,-5.325914,1.091034,59.951479,1.301361,1.027278,59.954915,0.797660,1.080150,59.945979,-1.536484,1.094308,59.946103,2.121233,1.089244,59.946080,1.961972,1.084921,59.945913,-3.410703,1.101640,59.940473,-2.104826,1.105872,59.934057,-3.489223,1.091135,59.938384,-4.914042,1.107952,59.922382,-1.207569,1.106724,59.918453,0.845893,1.090744,59.946804,-0.894473,1.016825,59.942873,0.699582,1.016670,59.950944,2.812725,1.031522,59.952497,5.764155,1.040445,59.960442,5.578300,1.087261,59.946260,6.233710,1.097863,59.946153,8.497983,1.067339,59.939018,3.840896,1.076372,59.909752,6.192275,1.028633,59.945229,-7.366083,0.999078,0.998859,0.999328,0.999266,1.000089,0.998988,0.998128,0.999337,-39.141163,0.000000,5.436434,14.326859,8.910936,15.333389,17.231893,-34.154230,288.383297,447.800150,209.391350,467.503357,6.717002,286.592096,294.652499,141.504847,562.436988,245.394482,221.661074,276.382253,200.614467,124.488442,251.663684,184.493662,253.902685,8.239523,988.742731,2.149441,164.790455,75.230425,157.625653,78.812826,137.026846,28.927890,26.868009,92.246831,102.994034,75.767785,-82.574348,42.272334,15.225205,67.617823,24.718568,24.091648,4.119761,223.900075
2.640000,1.063155,59.944119,-5.768771,1.092162,59.942175,-3.239002,1.077510,59.943215,-5.708854,1.052221,59.945258,-6.772644,1.050359,59.945821,-6.117816,1.052356,59.945941,-5.601315,1.041206,59.945840,-7.383204,1.039219,59.945797,-7.783904,1.045250,59.945536,-7.585040,1.062001,59.947476,-3.523301,1.057790,59.946951,-4.228076,1.048816,59.946992,-4.168084,1.060323,59.947036,-4.022151,1.059626,59.946011,-5.168868,1.065296,59.945100,-4.932187,1.079925,59.944775,-3.539080,1.083239,59.942656,-4.597795,1.080097,59.942860,-5.370854,1.090594,59.948962,1.305047,1.026664,59.951361,0.821438,1.079982,59.944849,-1.566187,1.094158,59.944986,2.092477,1.089119,59.944960,1.933038,1.084748,59.944775,-3.440919,1.101627,59.939293,-2.174462,1.106051,59.934429,-3.598117,1.091209,59.938194,-4.994269,1.108370,59.924826,-1.391295,1.107176,59.921633,0.637154,1.090721,59.944847,-0.921932,1.016852,59.944118,0.658202,1.016555,59.952468,2.830825,1.031149,59.949931,5.774957,1.039631,59.955488,5.635603,1.087096,59.945156,6.206145,1.097852,59.945035,8.469582,1.067430,59.936598,3.755149,1.076804,59.914595,5.928298,1.028700,59.945362,-7.395493,0.999083,0.998923,0.999405,0.999223,0.999929,0.998883,0.998294,0.999266,-39.059042,0.000000,5.642280,14.479754,9.394572,15.352668,16.937614,-33.976572,288.383297,447.800150,209.391350,467.503357,6.717002,286.592096,294.652499,141.504847,562.436988,245.394482,221.661074,276.382253,200.614467,124.488442,251.663684,184.493662,253.902685,8.239523,988.742731,2.149441,164.790455,75.230425,157.625653,78.812826,137.026846,28.927890,26.868009,92.246831,102.994034,75.767785,-82.574348,42.272334,15.225205,67.617823,24.718568,24.091648,4.119761,223.900075
2.660000,1.063233,59.943746,-5.804621,1.092225,59.941049,-3.292268,1.077478,59.942475,-5.752878,1.052117,59.945133,-6.799160,1.050257,59.946085,-6.138515,1.052252,59.946286,-5.620783,1.041110,59.946123,-7.403680,1.039129,59.946056,-7.804796,1.045249,59.945715,-7.608181,1.061851,59.947889,-3.531386,1.057653,59.947336,-4.240074,1.048670,59.947317,-4.180059,1.060173,59.947301,-4.034078,1.059481,59.945915,-5.189818,1.065109,59.944283,-4.962967,1.079721,59.943658,-3.573559,1.083118,59.941905,-4.645904,1.080010,59.942109,-5.417490,1.090162,59.946420,1.294322,1.026080,59.947758,0.823214,1.079795,59.943741,-1.600094,1.093993,59.943890,2.059608,1.088982,59.943861,1.899972,1.084553,59.943659,-3.475396,1.101561,59.938249,-2.248150,1.106111,59.935002,-3.699576,1.091195,59.938138,-5.071414,1.108585,59.927622,-1.551960,1.107410,59.925216,0.457013,1.090662,59.942873,-0.959737,1.016828,59.945362,0.629643,1.016372,59.953794,2.862864,1.030778,59.947322,5.770915,1.038862,59.950450,5.660646,1.086919,59.944075,6.174570,1.097844,59.943939,8.437068,1.067485,59.934434,3.656937,1.077009,59.919954,5.705422,1.028761,59.945486,-7.420140,0.999088,0.998989,0.999474,0.999178,0.999761,0.998786,0.998476,0.999190,-39.002850,0.000000,5.851718,14.585651,9.779100,15.300106,16.690579,-33.858679,288.383297,447.800150,209.391350,467.503357,6.717002,286.592096,294.652499,141.504847,562.436988,245.394482,221.661074,276.382253,200.614467,124.488442,251.663684,184.493662,253.902685,8.239523,988.742731,2.149441,164.790455,75.230425,157.625653,78.812826,137.026846,28.927890,26.868009,92.246831,102.994034,75.767785,-82.574348,42.272334,15.225205,67.617823,24.718568,24.091648,4.119761,223.900075
2.680000,1.063291,59.943400,-5.839176,1.092239,59.940009,-3.349404,1.077398,59.941783,-5.798158,1.051961,59.944991,-6.822788,1.050100,59.946308,-6.153628,1.052092,59.946585,-5.634107,1.040963,59.946364,-7.418436,1.038988,59.946275,-7.820133,1.045223,59.945871,-7.626270,1.061643,59.948220,-3.532998,1.057458,59.947652,-4.245741,1.048465,59.947573,-4.186137,1.059967,59.947499,-4.040531,1.059286,59.945787,-5.207740,1.064891,59.943481,-4.995702,1.079492,59.942579,-3.612056,1.082951,59.941218,-4.695270,1.079876,59.941416,-5.465412,1.089739,59.943895,1.269208,1.025527,59.944174,0.802963,1.079588,59.942670,-1.637959,1.093813,59.942833,2.022879,1.088831,59.942802,1.863029,1.084335,59.942579,-3.513890,1.101439,59.937368,-2.324770,1.106046,59.935760,-3.792205,1.091089,59.938212,-5.144508,1.108588,59.930705,-1.687302,1.107415,59.929120,0.308026,1.090564,59.940926,-1.007791,1.016752,59.946581,0.613804,1.016123,59.954894,2.907307,1.030409,59.944709,5.751914,1.038139,59.945432,5.653312,1.086729,59.943034,6.139244,1.097837,59.942886,8.400709,1.067500,59.932589,3.548411,1.076976,59.925713,5.526862,1.028816,59.945602,-7.440067,0.999093,0.999057,0.999533,0.999132,0.999588,0.998698,0.998673,0.999111,-38.973660,0.000000,6.059750,14.642887,10.060671,15.178425,16.496463,-33.803498,288.383297,447.800150,209.391350,467.503357,6.717002,286.592096,294.652499,141.504847,562.436988,245.394482,221.661074,276.382253,200.614467,124.488442,251.663684,184.493662,253.902685,8.239523,988.742731,2.149441,164.790455,75.230425,157.625653,78.812826,137.026846,28.927890,26.868009,92.246831,102.994034,75.767785,-82.574348,42.272334,15.225205,67.617823,24.718568,24.091648,4.119761,223.900075
2.700000,1.063329,59.943091,-5.872295,1.092197,59.939077,-3.409785,1.077266,59.941151,-5.844388,1.051752,59.944831,-6.843748,1.049888,59.946485,-6.163573,1.051877,59.946830,-5.641745,1.040761,59.946557,-7.427904,1.038795,59.946448,-7.830331,1.045172,59.946004,-7.639572,1.061375,59.948460,-3.528864,1.057206,59.947890,-4.245712,1.048201,59.947753,-4.186942,1.059703,59.947623,-4.042125,1.059039,59.945625,-5.222970,1.064640,59.942705,-5.030331,1.079236,59.941551,-3.654333,1.082733,59.940604,-4.745488,1.079691,59.940791,-5.514256,1.089322,59.941428,1.229919,1.025003,59.940674,0.761017,1.079357,59.941652,-1.679538,1.093615,59.941831,1.982547,1.088666,59.941798,1.822464,1.084092,59.941551,-3.556166,1.101259,59.936671,-2.403151,1.105852,59.936681,-3.874862,1.090888,59.938408,-5.212750,1.108371,59.934002,-1.795676,1.107183,59.933257,0.192015,1.090426,59.939050,-1.065802,1.016622,59.947750,0.610297,1.015809,59.955747,2.962340,1.030041,59.942133,5.718009,1.037460,59.940533,5.614098,1.086522,59.942051,6.100441,1.097829,59.941891,8.360789,1.067470,59.931114,3.432007,1.076694,59.931747,5.394845,1.028864,59.945709,-7.455434,0.999097,0.999125,0.999581,0.999085,0.999414,0.998624,0.998878,0.999029,-38.971982,0.000000,6.261421,14.650493,10.237718,14.992141,16.359759,-33.812667,288.383297,447.800150,209.391350,467.503357,6.717002,286.592096,294.652499,141.504847,562.436988,245.394482,221.661074,276.382253,200.614467,124.488442,251.663684,184.493662,253.902685,8.239523,988.742731,2.149441,164.790455,75.230425,157.625653,78.812826,137.026846,28.927890,26.868009,92.246831,102.994034,75.767785,-82.574348,42.272334,15.225205,67.617823,24.718568,24.091648,4.119761,223.900075
2.720000,1.063341,59.942824,-5.903891,1.092093,59.938271,-3.472756,1.077077,59.940588,-5.891298,1.051487,59.944654,-6.862372,1.049620,59.946608,-6.168922,1.051605,59.947016,-5.644321,1.040505,59.946693,-7.432671,1.038548,59.946568,-7.835959,1.045094,59.946109,-7.648482,1.061049,59.948603,-3.519877,1.056895,59.948044,-4.240785,1.047878,59.947852,-4.183252,1.059382,59.947668,-4.039617,1.058739,59.945429,-5.235955,1.064351,59.941964,-5.066833,1.078950,59.940588,-3.700163,1.082462,59.940068,-4.796217,1.079452,59.940240,-5.563709,1.088910,59.939059,1.176851,1.024504,59.937321,0.698060,1.079102,59.940700,-1.724592,1.093396,59.940899,1.938872,1.088481,59.940863,1.778534,1.083821,59.940588,-3.601995,1.101019,59.936171,-2.482109,1.105525,59.937740,-3.946689,1.090588,59.938713,-5.275524,1.107929,59.937438,-1.876081,1.106707,59.937535,0.110039,1.090243,59.937284,-1.133288,1.016436,59.948846,0.618451,1.015433,59.956340,3.025913,1.029672,59.939631,5.669428,1.036821,59.935850,5.544094,1.086298,59.941141,6.058442,1.097819,59.940970,8.317592,1.067389,59.930047,3.310365,1.076155,59.937931,5.310580,1.028905,59.945806,-7.466513,0.999102,0.999193,0.999617,0.999037,0.999244,0.998564,0.999089,0.998948,-38.997748,0.000000,6.451942,14.608237,10.310934,14.747386,16.283726,-33.886477,288.383297,447.800150,209.391350,467.503357,6.717002,286.592096,294.652499,141.504847,562.436988,245.394482,221.661074,276.382253,200.614467,124.488442,251.663684,184.493662,253.902685,8.239523,988.742731,2.149441,164.790455,75.230425,157.625653,78.812826,137.026846,28.927890,26.868009,92.246831,102.994034,75.767785,-82.574348,42.272334,15.225205,67.617823,24.718568,24.091648,4.119761,223.900075
2.740000,1.063325,59.942606,-5.933935,1.091923,59.937607,-3.537641,1.076828,59.940102,-5.938664,1.051165,59.944460,-6.879093,1.049294,59.946673,-6.170387,1.051275,59.947135,-5.642603,1.040194,59.946770,-7.433467,1.038248,59.946630,-7.837726,1.044989,59.946184,-7.653511,1.060663,59.948644,-3.507063,1.056526,59.948108,-4.231896,1.047495,59.947865,-4.175980,1.059002,59.947631,-4.033894,1.058384,59.945200,-5.247244,1.064022,59.941265,-5.105230,1.078630,59.939702,-3.749331,1.082133,59.939614,-4.847185,1.079152,59.939768,-5.613520,1.088495,59.936827,1.110577,1.024024,59.934173,0.615105,1.078816,59.939827,-1.772894,1.093152,59.940050,1.892107,1.088275,59.940010,1.731491,1.083518,59.939702,-3.651164,1.100716,59.935879,-2.560477,1.105060,59.938908,-4.007126,1.090184,59.939114,-5.332405,1.107258,59.940936,-1.928170,1.105982,59.941862,0.062393,1.090014,59.935667,-1.209582,1.016193,59.949847,0.637336,1.014997,59.956661,3.095792,1.029297,59.937242,5.606577,1.036216,59.931472,5.444950,1.086051,59.940318,6.013530,1.097802,59.940137,8.271405,1.067251,59.929414,3.186238,1.075355,59.944136,5.274261,1.028936,59.945893,-7.473679,0.999106,0.999258,0.999641,0.998989,0.999080,0.998521,0.999300,0.998868,-39.050325,0.000000,6.626807,14.516650,10.283195,14.451682,16.270366,-34.023840,288.383297,447.800150,209.391350,467.503357,6.717002,286.592096,294.652499,141.504847,562.436988,245.394482,221.661074,276.382253,200.614467,124.488442,251.663684,184.493662,253.902685,8.239523,988.742731,2.149441,164.790455,75.230425,157.625653,78.812826,137.026846,28.927890,26.868009,92.246831,102.994034,75.767785,-82.574348,42.272334,15.225205,67.617823,24.718568,24.091648,4.119761,223.900075
2.760000,1.063277,59.942441,-5.962454,1.091679,59.937096,-3.603769,1.076512,59.939698,-5.986305,1.050782,59.944249,-6.894432,1.048910,59.946678,-6.168797,1.050886,59.947184,-5.637485,1.039826,59.946783,-7.431142,1.037892,59.946632,-7.836457,1.044855,59.946229,-7.655276,1.060218,59.948582,-3.491561,1.056097,59.948081,-4.220097,1.047052,59.947792,-4.166145,1.058563,59.947513,-4.025945,1.057972,59.944940,-5.257467,1.063649,59.940618,-5.145576,1.078270,59.938904,-3.801632,1.081742,59.939244,-4.898190,1.078789,59.939379,-5.663499,1.088072,59.934767,1.031844,1.023556,59.931284,0.513476,1.078494,59.939045,-1.824223,1.092879,59.939295,1.842504,1.088042,59.939251,1.681583,1.083176,59.938903,-3.703467,1.100347,59.935798,-2.637142,1.104454,59.940156,-4.055918,1.089671,59.939595,-5.383171,1.106353,59.944419,-1.952241,1.105006,59.946147,0.048619,1.089735,59.934234,-1.293852,1.015891,59.950734,0.665784,1.014504,59.956710,3.169613,1.028911,59.935004,5.530044,1.035636,59.927478,5.318827,1.085777,59.939594,5.965991,1.097775,59.939403,8.222516,1.067051,59.929225,3.062405,1.074291,59.950241,5.285093,1.028959,59.945971,-7.477405,0.999109,0.999319,0.999652,0.998941,0.998926,0.998495,0.999508,0.998791,-39.128530,0.000000,6.781903,14.377050,10.159447,14.113686,16.320440,-34.222311,288.383297,447.800150,209.391350,467.503357,6.717002,286.592096,294.652499,141.504847,562.436988,245.394482,221.661074,276.382253,200.614467,124.488442,251.663684,184.493662,253.902685,8.239523,988.742731,2.149441,164.790455,75.230425,157.625653,78.812826,137.026846,28.927890,26.868009,92.246831,102.994034,75.767785,-82.574348,42.272334,15.225205,67.617823,24.718568,24.091648,4.119761,223.900075
2.780000,1.063195,59.942333,-5.989530,1.091356,59.936746,-3.670477,1.076125,59.939382,-6.034083,1.050336,59.944024,-6.908977,1.048466,59.946620,-6.165074,1.050438,59.947161,-5.629958,1.039401,59.946730,-7.426639,1.037481,59.946573,-7.833072,1.044693,59.946243,-7.654480,1.059714,59.948418,-3.474588,1.055610,59.947963,-4.206526,1.046549,59.947633,-4.154846,1.058066,59.947315,-4.016832,1.057502,59.944651,-5.267316,1.063226,59.940029,-5.187948,1.077864,59.938203,-3.856869,1.081283,59.938960,-4.949094,1.078357,59.939077,-5.713512,1.087633,59.932913,0.941565,1.023089,59.928702,0.394782,1.078133,59.938363,-1.878361,1.092572,59.938645,1.790310,1.087777,59.938597,1.629053,1.082791,59.938203,-3.758705,1.099909,59.935926,-2.711070,1.103704,59.941454,-4.093105,1.089048,59.940142,-5.427791,1.105215,59.947816,-1.949204,1.103778,59.950303,0.067541,1.089404,59.933016,-1.385110,1.015530,59.951490,0.702416,1.013959,59.956488,3.244940,1.028508,59.932954,5.440599,1.035070,59.923942,5.168351,1.085473,59.938981,5.916112,1.097735,59.938779,8.171211,1.066784,59.929476,2.941576,1.072962,59.956129,5.341344,1.028971,59.946038,-7.478242,0.999112,0.999375,0.999650,0.998895,0.998785,0.998486,0.999709,0.998720,-39.230654,0.000000,6.913607,14.191549,9.946540,13.742910,16.433502,-34.478118,288.383297,447.800150,209.391350,467.503357,6.717002,286.592096,294.652499,141.504847,562.436988,245.394482,221.661074,276.382253,200.614467,124.488442,251.663684,184.493662,253.902685,8.239523,988.742731,2.149441,164.790455,75.230425,157.625653,78.812826,137.026846,28.927890,26.868009,92.246831,102.994034,75.767785,-82.574348,42.272334,15.225205,67.617823,24.718568,24.091648,4.119761,223.900075
2.800000,1.063075,59.942283,-6.015293,1.090952,59.936561,-3.737132,1.075665,59.939156,-6.081900,1.049828,59.943787,-6.923366,1.047963,59.946502,-6.160207,1.049931,59.947067,-5.621083,1.038919,59.946614,-7.420969,1.037015,59.946453,-7.828556,1.044501,59.946225,-7.651894,1.059153,59.948156,-3.457406,1.055065,59.947757,-4.192371,1.045986,59.947392,-4.143232,1.057510,59.947041,-4.007660,1.056973,59.944339,-5.277521,1.062749,59.939506,-5.232433,1.077409,59.937610,-3.914839,1.080751,59.938764,-4.999816,1.077851,59.938863,-5.763473,1.087169,59.931293,0.840809,1.022612,59.926471,0.260889,1.077726,59.937790,-1.935091,1.092225,59.938110,1.735779,1.087475,59.938057,1.574153,1.082358,59.937610,-3.816678,1.099400,59.936255,-2.781337,1.102809,59.942771,-4.119013,1.088309,59.940738,-5.466410,1.103844,59.951058,-1.920537,1.102300,59.954251,0.117327,1.089019,59.932039,-1.482234,1.015109,59.952101,0.745679,1.013364,59.956005,3.319322,1.028080,59.931124,5.339197,1.034506,59.920924,4.996545,1.085132,59.938487,5.864184,1.097679,59.938275,8.117784,1.066447,59.930152,2.826311,1.071369,59.961692,5.440414,1.028972,59.946094,-7.476812,0.999115,0.999425,0.999636,0.998849,0.998660,0.998496,0.999898,0.998656,-39.354507,0.000000,7.018871,13.963052,9.653030,13.349427,16.607971,-34.786244,288.383297,447.800150,209.391350,467.503357,6.717002,286.592096,294.652499,141.504847,562.436988,245.394482,221.661074,276.382253,200.614467,124.488442,251.663684,184.493662,253.902685,8.239523,988.742731,2.149441,164.790455,75.230425,157.625653,78.812826,137.026846,28.927890,26.868009,92.246831,102.994034,75.767785,-82.574348,42.272334,15.225205,67.617823,24.718568,24.091648,4.119761,223.900075
2.820000,1.062916,59.942291,-6.039920,1.090462,59.936543,-3.803136,1.075127,59.939024,-6.129691,1.049255,59.943544,-6.938258,1.047402,59.946326,-6.155221,1.049365,59.946905,-5.611961,1.038381,59.946437,-7.415181,1.036493,59.946275,-7.823932,1.044280,59.946179,-7.648333,1.058536,59.947804,-3.441286,1.054463,59.947468,-4.178844,1.045365,59.947075,-4.132465,1.056897,59.946697,-3.999544,1.056384,59.944009,-5.288824,1.062216,59.939059,-5.279112,1.076898,59.937133,-3.975331,1.080144,59.938656,-5.050319,1.077269,59.938739,-5.813338,1.086673,59.929936,0.730791,1.022117,59.924626,0.113884,1.077269,59.937336,-1.994182,1.091834,59.937697,1.679172,1.087134,59.937638,1.517138,1.081871,59.937132,-3.877171,1.098819,59.936773,-2.847141,1.101767,59.944081,-4.134223,1.087454,59.941370,-5.499338,1.102242,59.954086,-1.868223,1.100574,59.957920,0.195551,1.088578,59.931324,-1.583990,1.014630,59.952557,0.793880,1.012727,59.955278,3.390353,1.027622,59.929546,5.226970,1.033934,59.918471,4.806760,1.084750,59.938121,5.810502,1.097603,59.937899,8.062533,1.066037,59.931223,2.718944,1.069518,59.966835,5.578931,1.028962,59.946140,-7.473790,0.999118,0.999469,0.999611,0.998806,0.998553,0.998523,1.000074,0.998600,-39.497460,0.000000,7.095302,13.695242,9.288950,12.943573,16.841219,-35.140520,288.383297,447.800150,209.391350,467.503357,6.717002,286.592096,294.652499,141.504847,562.436988,245.394482,221.661074,276.382253,200.614467,124.488442,251.663684,184.493662,253.902685,8.239523,988.742731,2.149441,164.790455,75.230425,157.625653,78.812826,137.026846,28.927890,26.868009,92.246831,102.994034,75.767785,-82.574348,42.272334,15.225205,67.617823,24.718568,24.091648,4.119761,223.900075
2.840000,1.062715,59.942359,-6.063627,1.089885,59.936689,-3.867934,1.074510,59.938986,-6.177418,1.048619,59.943299,-6.954318,1.046784,59.946097,-6.151149,1.048744,59.946679,-5.603702,1.037788,59.946204,-7.410329,1.035918,59.946046,-7.820228,1.044030,59.946105,-7.644640,1.057865,59.947371,-3.427475,1.053807,59.947106,-4.167139,1.044689,59.946692,-4.123690,1.056230,59.946294,-3.993581,1.055737,59.943670,-5.301954,1.061622,59.938695,-5.328047,1.076327,59.936779,-4.038114,1.079458,59.938639,-5.100598,1.076609,59.938706,-5.863091,1.086136,59.928863,0.612859,1.021592,59.923197,-0.043954,1.076757,59.937008,-2.055388,1.091396,59.937413,1.620762,1.086748,59.937349,1.458282,1.081327,59.936779,-3.939954,1.098165,59.937466,-2.907826,1.100581,59.945358,-4.139541,1.086482,59.942024,-5.527015,1.100418,59.956849,-1.794680,1.098610,59.961249,0.299285,1.088081,59.930888,-1.689052,1.014092,59.952850,0.845226,1.012051,59.954328,3.455727,1.027127,59.928248,5.105222,1.033342,59.916620,4.602603,1.084325,59.937888,5.755373,1.097505,59.937658,8.005770,1.065552,59.932651,2.621514,1.067418,59.971475,5.752852,1.028941,59.946176,-7.469888,0.999120,0.999504,0.999574,0.998767,0.998465,0.998565,1.000233,0.998555,-39.656510,0.000000,7.141207,13.392540,8.865554,12.535655,17.129685,-35.533753,288.383297,447.800150,209.391350,467.503357,6.717002,286.592096,294.652499,141.504847,562.436988,245.394482,221.661074,276.382253,200.614467,124.488442,251.663684,184.493662,253.902685,8.239523,988.742731,2.149441,164.790455,75.230425,157.625653,78.812826,137.026846,28.927890,26.868009,92.246831,102.994034,75.767785,-82.574348,42.272334,15.225205,67.617823,24.718568,24.091648,4.119761,223.900075
2.860000,1.062473,59.942483,-6.086660,1.089222,59.936996,-3.931020,1.073816,59.939044,-6.225055,1.047922,59.943061,-6.972184,1.046112,59.945823,-6.149003,1.048069,59.946398,-5.597393,1.037144,59.945922,-7.407448,1.035293,59.945771,-7.818453,1.043752,59.946007,-7.641658,1.057146,59.946871,-3.417163,1.053100,59.946679,-4.158408,1.043960,59.946252,-4.118004,1.055511,59.945843,-3.990813,1.055033,59.943331,-5.317600,1.060967,59.938422,-5.379266,1.075694,59.936556,-4.102925,1.078694,59.938712,-5.150664,1.075869,59.938767,-5.912731,1.085552,59.928091,0.488481,1.021028,59.922203,-0.210203,1.076188,59.936812,-2.118434,1.090907,59.937264,1.560845,1.086315,59.937195,1.397878,1.080724,59.936557,-4.004763,1.097439,59.938314,-2.962882,1.099255,59.946582,-4.135964,1.085396,59.942690,-5.549991,1.098380,59.959305,-1.702676,1.096417,59.964188,0.425187,1.087528,59.930741,-1.796029,1.013499,59.952976,0.897862,1.011345,59.953182,3.513291,1.026590,59.927254,4.975415,1.032718,59.915394,4.387854,1.083852,59.937792,5.699111,1.097383,59.937555,7.947821,1.064993,59.934388,2.535715,1.065079,59.975546,5.957586,1.028907,59.946202,-7.465841,0.999121,0.999531,0.999528,0.998731,0.998397,0.998622,1.000372,0.998520,-39.828339,0.000000,7.155637,13.060064,8.395036,12.135671,17.468995,-35.957881,288.383297,447.800150,209.391350,467.503357,6.717002,286.592096,294.652499,141.504847,562.436988,245.394482,221.661074,276.382253,200.614467,124.488442,251.663684,184.493662,253.902685,8.239523,988.742731,2.149441,164.790455,75.230425,157.625653,78.812826,137.026846,28.927890,26.868009,92.246831,102.994034,75.767785,-82.574348,42.272334,15.225205,67.617823,24.718568,24.091648,4.119761,223.900075
2.880000,1.062191,59.942663,-6.109287,1.088476,59.937457,-3.991944,1.073045,59.939198,-6.272586,1.047167,59.942836,-6.992455,1.045390,59.945512,-6.149743,1.047346,59.946069,-5.594070,1.036453,59.945601,-7.407518,1.034621,59.945461,-7.819564,1.043448,59.945889,-7.640216,1.056382,59.946316,-3.411450,1.052349,59.946202,-4.153725,1.043185,59.945770,-4.116425,1.054745,59.945356,-3.992204,1.054276,59.943002,-5.336394,1.060250,59.938249,-5.432749,1.074998,59.936471,-4.169468,1.077850,59.938877,-5.200532,1.075051,59.938920,-5.962259,1.084916,59.927636,0.359222,1.020419,59.921658,-0.382336,1.075561,59.936754,-2.183015,1.090367,59.937255,1.499739,1.085834,59.937180,1.336247,1.080059,59.936472,-4.071299,1.096644,59.939296,-3.011957,1.097797,59.947733,-4.124635,1.084199,59.943360,-5.568891,1.096143,59.961422,-1.595244,1.094012,59.966699,0.569604,1.086921,59.930887,-1.903490,1.012854,59.952936,0.949914,1.010615,59.951870,3.561095,1.026008,59.926584,4.839158,1.032055,59.914803,4.166389,1.083332,59.937837,5.642049,1.097235,59.937596,7.889033,1.064363,59.936379,2.462854,1.062520,59.978995,6.188113,1.028862,59.946219,-7.462390,0.999122,0.999549,0.999473,0.998701,0.998351,0.998691,1.000490,0.998498,-40.009389,0.000000,7.138404,12.703557,7.890240,11.753052,17.854102,-36.404143,288.383297,447.800150,209.391350,467.503357,6.717002,286.592096,294.652499,141.504847,562.436988,245.394482,221.661074,276.382253,200.614467,124.488442,251.663684,184.493662,253.902685,8.239523,988.742731,2.149441,164.790455,75.230425,157.625653,78.812826,137.026846,28.927890,26.868009,92.246831,102.994034,75.767785,-82.574348,42.272334,15.225205,67.617823,24.718568,24.091648,4.119761,223.900075
2.900000,1.061868,59.942896,-6.131791,1.087650,59.938062,-4.050307,1.072202,59.939447,-6.319991,1.046359,59.942633,-7.015664,1.044625,59.945175,-6.154256,1.046579,59.945704,-5.594694,1.035719,59.945252,-7.411445,1.033907,59.945124,-7.824446,1.043121,59.945756,-7.641103,1.055581,59.945724,-3.411318,1.051557,59.945689,-4.154060,1.042368,59.945259,-4.119866,1.053939,59.944850,-3.998608,1.053470,59.942693,-5.358883,1.059474,59.938181,-5.488420,1.074240,59.936527,-4.237401,1.076932,59.939135,-5.250205,1.074160,59.939168,-6.011668,1.084226,59.927504,0.226725,1.019759,59.921566,-0.557766,1.074877,59.936838,-2.248786,1.089776,59.937387,1.437793,1.085306,59.937308,1.273740,1.079334,59.936530,-4.139219,1.095784,59.940391,-3.054850,1.096215,59.948800,-4.106801,1.082898,59.944028,-5.584388,1.093724,59.963179,-1.475591,1.091413,59.968759,0.728670,1.086263,59.931326,-2.009989,1.012163,59.952733,0.999530,1.009868,59.950428,3.597434,1.025378,59.926253,4.698184,1.031345,59.914842,3.942095,1.082764,59.938023,5.584535,1.097062,59.937780,7.829774,1.063664,59.938565,2.403832,1.059759,59.981786,6.439119,1.028806,59.946228,-7.460263,0.999123,0.999558,0.999411,0.998677,0.998327,0.998769,1.000585,0.998488,-40.195938,0.000000,7.090081,12.329306,7.364366,11.396439,18.279425,-36.863266,288.383297,447.800150,209.391350,467.503357,6.717002,286.592096,294.652499,141.504847,562.436988,245.394482,221.661074,276.382253,200.614467,124.488442,251.663684,184.493662,253.902685,8.239523,988.742731,2.149441,164.790455,75.230425,157.625653,78.812826,137.026846,28.927890,26.868009,92.246831,102.994034,75.767785,-82.574348,42.272334,15.225205,67.617823,24.718568,24.091648,4.119761,223.900075
2.920000,1.061509,59.943177,-6.154463,1.086751,59.938801,-4.105769,1.071293,59.939791,-6.367241,1.045505,59.942461,-7.042264,1.043821,59.944824,-6.163331,1.045776,59.945316,-5.600120,1.034950,59.944885,-7.420037,1.033159,59.944774,-7.833884,1.042773,59.945614,-7.645057,1.054749,59.945113,-3.417607,1.050734,59.945155,-4.160255,1.041518,59.944736,-4.129111,1.053099,59.944338,-4.010755,1.052622,59.942417,-5.385520,1.058644,59.938227,-5.546134,1.073423,59.936730,-4.306337,1.075943,59.939487,-5.299663,1.073199,59.939510,-6.060933,1.083479,59.927699,0.092688,1.019044,59.921924,-0.733891,1.074138,59.937068,-2.315362,1.089136,59.937664,1.375384,1.084732,59.937580,1.210739,1.078552,59.936733,-4.208134,1.094863,59.941575,-3.091511,1.094523,59.949772,-4.083775,1.081504,59.944688,-5.597174,1.091145,59.964565,-1.347015,1.088645,59.970353,0.898410,1.085557,59.932053,-2.114091,1.011431,59.952375,1.044917,1.009114,59.948893,3.620886,1.024700,59.926271,4.554330,1.030583,59.915496,3.718797,1.082151,59.938350,5.526932,1.096862,59.938110,7.770433,1.062903,59.940887,2.359129,1.056823,59.983900,6.705116,1.028739,59.946230,-7.460167,0.999123,0.999558,0.999344,0.998659,0.998324,0.998855,1.000657,0.998491,-40.384183,0.000000,7.011982,11.944045,6.830674,11.073485,18.738988,-37.325670,288.383297,447.800150,209.391350,467.503357,6.717002,286.592096,294.652499,141.504847,562.436988,245.394482,221.661074,276.382253,200.614467,124.488442,251.663684,184.493662,253.902685,8.239523,988.742731,2.149441,164.790455,75.230425,157.625653,78.812826,137.026846,28.927890,26.868009,92.246831,102.994034,75.767785,-82.574348,42.272334,15.225205,67.617823,24.718568,24.091648,4.119761,223.900075
2.940000,1.061116,59.943504,-6.177589,1.085788,59.939661,-4.158044,1.070325,59.940226,-6.414288,1.044613,59.942329,-7.072612,1.042988,59.944471,-6.177638,1.044944,59.944918,-5.611085,1.034152,59.944515,-7.433980,1.032383,59.944421,-7.848551,1.042408,59.945468,-7.652745,1.053895,59.944502,-3.430997,1.049886,59.944618,-4.173005,1.040642,59.944218,-4.144797,1.052234,59.943839,-4.029226,1.051740,59.942185,-5.416640,1.057763,59.938390,-5.605683,1.072551,59.937079,-4.375843,1.074892,59.939932,-5.348858,1.072177,59.939946,-6.110000,1.082679,59.928220,-0.041165,1.018274,59.922721,-0.908144,1.073348,59.937443,-2.382318,1.088450,59.938083,1.312921,1.084115,59.937996,1.147657,1.077717,59.937084,-4.277610,1.093890,59.942825,-3.122026,1.092737,59.950643,-4.056887,1.080028,59.945340,-5.607931,1.088433,59.965581,-1.212817,1.085735,59.971480,1.074835,1.084808,59.933055,-2.214401,1.010666,59.951873,1.084385,1.008360,59.947305,3.630339,1.023976,59.926643,4.409507,1.029768,59.916737,3.500183,1.081495,59.938816,5.469625,1.096637,59.938582,7.711421,1.062086,59.943281,2.328815,1.053739,59.985332,6.980572,1.028662,59.946227,-7.462771,0.999123,0.999549,0.999273,0.998649,0.998341,0.998945,1.000705,0.998508,-40.570317,0.000000,6.906127,11.554840,6.302197,10.790700,19.226558,-37.781673,288.383297,447.800150,209.391350,467.503357,6.717002,286.592096,294.652499,141.504847,562.436988,245.394482,221.661074,276.382253,200.614467,124.488442,251.663684,184.493662,253.902685,8.239523,988.742731,2.149441,164.790455,75.230425,157.625653,78.812826,137.026846,28.927890,26.868009,92.246831,102.994034,75.767785,-82.574348,42.272334,15.225205,67.617823,24.718568,24.091648,4.119761,223.900075
2.960000,1.060668,59.943685,-6.202025,1.084712,59.940307,-4.207901,1.069224,59.940259,-6.462594,1.043607,59.941719,-7.108614,1.042062,59.943683,-6.199116,1.044022,59.944099,-5.629513,1.033267,59.943679,-7.455317,1.031520,59.943601,-7.870487,1.041997,59.945085,-7.665497,1.052951,59.943541,-3.453144,1.048949,59.943707,-4.194057,1.039671,59.943326,-4.168638,1.051271,59.942971,-4.055687,1.050739,59.941528,-5.453956,1.056705,59.938099,-5.668561,1.071481,59.937072,-4.446985,1.073663,59.939941,-5.399331,1.070994,59.939934,-6.160458,1.081725,59.928809,-0.173906,1.017369,59.923617,-1.079051,1.072313,59.937606,-2.450261,1.087477,59.938706,1.251112,1.083182,59.938583,1.085254,1.076667,59.937057,-4.348754,1.092814,59.943810,-3.147565,1.090791,59.950976,-4.028811,1.078382,59.945453,-5.618950,1.085549,59.965860,-1.077382,1.082654,59.971842,1.253078,1.083990,59.934142,-2.310118,1.009829,59.951091,1.115880,1.007563,59.945583,3.624616,1.023135,59.927342,4.265524,1.028839,59.918380,3.289247,1.080561,59.940016,5.414769,1.095952,59.940313,7.657492,1.061180,59.945553,2.312132,1.050495,59.985933,7.259537,1.028569,59.946152,-7.468898,0.999123,0.999530,0.999201,0.998647,0.998378,0.999037,1.000729,0.998537,-40.750616,0.000000,6.775185,11.168968,5.791468,10.553343,19.735774,-38.221704,288.383296,447.800150,209.391350,467.503356,6.717002,286.592096,294.652498,141.504847,562.436988,245.394482,221.661073,276.382251,200.614467,124.488441,251.663684,184.493661,253.902684,8.239523,988.742731,2.149440,164.790454,75.230425,157.625652,78.812826,137.026845,28.927889,26.868009,92.246828,102.994033,75.767784,-82.574348,42.272334,15.225205,67.617822,24.718569,24.091649,4.119761,223.900075
2.980000,1.060147,59.944045,-6.228439,1.083493,59.941318,-4.255740,1.067936,59.940806,-6.512867,1.042433,59.941627,-7.151243,1.040995,59.943315,-6.228821,1.042962,59.943680,-5.656447,1.032248,59.943276,-7.485216,1.030527,59.943214,-7.900880,1.041520,59.944902,-7.684264,1.051868,59.942967,-3.484792,1.047872,59.943189,-4.224256,1.038551,59.942842,-4.201433,1.050157,59.942522,-4.090882,1.049559,59.941377,-5.498214,1.055387,59.938475,-5.735151,1.070119,59.937713,-4.519768,1.072182,59.940537,-5.451654,1.069583,59.940500,-6.212980,1.080537,59.930034,-0.303596,1.016259,59.925263,-1.244310,1.070915,59.938340,-2.518717,1.086075,59.939602,1.191406,1.081776,59.939452,1.024476,1.075300,59.937705,-4.421612,1.091599,59.945090,-3.168922,1.088645,59.951593,-4.001500,1.076509,59.946029,-5.631637,1.082474,59.966113,-0.944413,1.079387,59.972036,1.428905,1.083081,59.935596,-2.400433,1.008883,59.950399,1.138175,1.006687,59.944070,3.603466,1.022110,59.928605,4.125489,1.027740,59.920752,3.089495,1.079212,59.941128,5.365670,1.094576,59.941419,7.610235,1.060160,59.947940,2.308371,1.047088,59.986044,7.536575,1.028454,59.946111,-7.479328,0.999122,0.999504,0.999128,0.998653,0.998433,0.999128,1.000731,0.998579,-40.921521,0.000000,6.622426,10.793782,5.310286,10.365337,20.260284,-38.636542,288.383297,447.800150,209.391350,467.503357,6.717002,286.592096,294.652499,141.504847,562.436988,245.394482,221.661074,276.382253,200.614467,124.488442,251.663684,184.493662,253.902685,8.239523,988.742731,2.149441,164.790455,75.230425,157.625653,78.812826,137.026846,28.927890,26.868009,92.246831,102.994034,75.767785,-82.574348,42.272334,15.225205,67.617823,24.718568,24.091648,4.119761,223.900075
3.000000,1.059593,59.944444,-6.256365,1.082213,59.942415,-4.300191,1.066584,59.941440,-6.563094,1.041209,59.941608,-7.198493,1.039888,59.942987,-6.265288,1.041863,59.943291,-5.690558,1.031192,59.942916,-7.522114,1.029497,59.942872,-7.938141,1.041021,59.944742,-7.708533,1.050752,59.942442,-3.524658,1.046760,59.942714,-4.262296,1.037394,59.942407,-4.241794,1.049005,59.942129,-4.133365,1.048329,59.941299,-5.547532,1.053989,59.938964,-5.802835,1.068669,59.938471,-4.591736,1.070619,59.941213,-5.503634,1.068097,59.941153,-6.265330,1.079257,59.931482,-0.427807,1.015057,59.927231,-1.400578,1.069418,59.939156,-2.585900,1.084567,59.940523,1.133804,1.080261,59.940372,0.965785,1.073840,59.938468,-4.493614,1.090329,59.946373,-3.185329,1.086427,59.952119,-3.974450,1.074558,59.946602,-5.644483,1.079327,59.966052,-0.815337,1.076049,59.971825,1.599998,1.082129,59.937274,-2.483536,1.007900,59.949578,1.150579,1.005804,59.942599,3.567278,1.021004,59.930075,3.991082,1.026552,59.923533,2.904367,1.077761,59.942159,5.319575,1.093070,59.942551,7.566697,1.059084,59.950220,2.317043,1.043612,59.985540,7.807324,1.028327,59.946074,-7.494324,0.999120,0.999469,0.999056,0.998669,0.998503,0.999215,1.000710,0.998633,-41.079709,0.000000,6.451649,10.436544,4.869506,10.229243,20.793877,-39.017511,288.383297,447.800150,209.391350,467.503357,6.717002,286.592096,294.652499,141.504847,562.436988,245.394482,221.661074,276.382253,200.614467,124.488442,251.663684,184.493662,253.902685,8.239523,988.742731,2.149441,164.790455,75.230425,157.625653,78.812826,137.026846,28.927890,26.868009,92.246831,102.994034,75.767785,-82.574348,42.272334,15.225205,67.617823,24.718568,24.091648,4.119761,223.900075
3.020000,1.059014,59.944878,-6.285974,1.080895,59.943586,-4.341114,1.065190,59.942170,-6.613032,1.039960,59.941682,-7.250179,1.038764,59.942725,-6.308542,1.040749,59.942963,-5.731918,1.030119,59.942623,-7.566023,1.028451,59.942599,-7.982274,1.040510,59.944612,-7.738537,1.049624,59.942001,-3.572654,1.045635,59.942315,-4.308140,1.036222,59.942055,-4.289641,1.047838,59.941823,-4.183011,1.047073,59.941321,-5.601681,1.052542,59.939594,-5.871079,1.067161,59.939376,-4.662298,1.069006,59.941991,-5.554999,1.066564,59.941908,-6.317227,1.077912,59.933188,-0.545142,1.013785,59.929524,-1.545911,1.067857,59.940104,-2.651326,1.082991,59.941543,1.078558,1.078674,59.941396,0.909471,1.072321,59.939379,-4.564166,1.089024,59.947647,-3.197241,1.084172,59.952571,-3.948664,1.072564,59.947191,-5.657848,1.076153,59.965711,-0.692689,1.072686,59.971250,1.763203,1.081149,59.939147,-2.558375,1.006899,59.948682,1.151998,1.004930,59.941230,3.516220,1.019844,59.931825,3.863798,1.025293,59.926695,2.736289,1.076244,59.943246,5.276432,1.091481,59.943730,7.526798,1.057969,59.952358,2.336797,1.040114,59.984476,8.067180,1.028192,59.946041,-7.514284,0.999118,0.999428,0.998988,0.998693,0.998588,0.999297,1.000669,0.998697,-41.222172,0.000000,6.267063,10.104283,4.478827,10.146265,21.330546,-39.356646,288.383297,447.800150,209.391350,467.503357,6.717002,286.592096,294.652499,141.504847,562.436988,245.394482,221.661074,276.382253,200.614467,124.488442,251.663684,184.493662,253.902685,8.239523,988.742731,2.149441,164.790455,75.230425,157.625653,78.812826,137.026846,28.927890,26.868009,92.246831,102.994034,75.767785,-82.574348,42.272334,15.225205,67.617823,24.718568,24.091648,4.119761,223.900075
3.040000,1.058420,59.945337,-6.317424,1.079558,59.944812,-4.378428,1.063779,59.942982,-6.662422,1.038705,59.941849,-7.305997,1.037642,59.942537,-6.358437,1.039636,59.942705,-5.780412,1.029048,59.942404,-7.616793,1.027405,59.942400,-8.033128,1.039995,59.944516,-7.774406,1.048503,59.941658,-3.628478,1.044515,59.942005,-4.361550,1.035055,59.941797,-4.344690,1.046675,59.941617,-4.239499,1.045813,59.941447,-5.660288,1.051071,59.940355,-5.939276,1.065622,59.940416,-4.730811,1.067368,59.942862,-5.605421,1.065008,59.942755,-6.368352,1.076525,59.935133,-0.654188,1.012465,59.932104,-1.678503,1.066262,59.941175,-2.714450,1.081380,59.942659,1.026011,1.077051,59.942521,0.855905,1.070770,59.940426,-4.632623,1.087703,59.948892,-3.205182,1.081914,59.952951,-3.925031,1.070558,59.947791,-5.672005,1.072996,59.965119,-0.578728,1.069343,59.970348,1.915691,1.080151,59.941180,-2.624073,1.005897,59.947740,1.141661,1.004078,59.940005,3.450848,1.018648,59.933851,3.745279,1.023981,59.930179,2.587380,1.074694,59.944398,5.236329,1.089851,59.944963,7.490545,1.056830,59.954315,2.366067,1.036638,59.982902,8.311969,1.028050,59.946013,-7.539542,0.999116,0.999381,0.998925,0.998726,0.998685,0.999372,1.000609,0.998770,-41.346287,0.000000,6.073175,9.803663,4.146609,10.116290,21.864548,-39.646871,288.383297,447.800150,209.391350,467.503357,6.717002,286.592096,294.652499,141.504847,562.436988,245.394482,221.661074,276.382253,200.614467,124.488442,251.663684,184.493662,253.902685,8.239523,988.742731,2.149441,164.790455,75.230425,157.625653,78.812826,137.026846,28.927890,26.868009,92.246831,102.994034,75.767785,-82.574348,42.272334,15.225205,67.617823,24.718568,24.091648,4.119761,223.900075
3.060000,1.057821,59.945816,-6.350864,1.078221,59.946074,-4.412132,1.062368,59.943865,-6.711026,1.037462,59.942109,-7.365581,1.036535,59.942432,-6.414705,1.038541,59.942528,-5.835793,1.027993,59.942268,-7.674157,1.026375,59.942282,-8.090440,1.039485,59.944457,-7.816189,1.047403,59.941426,-3.691664,1.043416,59.941795,-4.422132,1.033908,59.941644,-4.406517,1.045531,59.941520,-4.302372,1.044566,59.941679,-5.722901,1.049598,59.941238,-6.006826,1.064074,59.941578,-4.796665,1.065730,59.943814,-5.654589,1.063453,59.943681,-6.418406,1.075115,59.937289,-0.753651,1.011112,59.934925,-1.796796,1.064658,59.942356,-2.774748,1.079759,59.943864,0.976517,1.075418,59.943734,0.805455,1.069210,59.941594,-4.698377,1.086381,59.950089,-3.209753,1.079682,59.953264,-3.904354,1.068566,59.948399,-5.687193,1.069897,59.964305,-0.475435,1.066064,59.969156,2.054969,1.079146,59.943336,-2.679948,1.004907,59.946784,1.119074,1.003259,59.938958,3.372049,1.017435,59.936130,3.637111,1.022632,59.933919,2.459360,1.073135,59.945612,5.199411,1.088210,59.946245,7.458005,1.055682,59.956059,2.403097,1.033227,59.980877,8.537975,1.027905,59.945991,-7.570365,0.999114,0.999329,0.998867,0.998768,0.998791,0.999437,1.000533,0.998852,-41.449871,0.000000,5.874675,9.540845,3.879742,10.137965,22.390465,-39.882148,288.383297,447.800150,209.391350,467.503357,6.717002,286.592096,294.652499,141.504847,562.436988,245.394482,221.661074,276.382253,200.614467,124.488442,251.663684,184.493662,253.902685,8.239523,988.742731,2.149441,164.790455,75.230425,157.625653,78.812826,137.026846,28.927890,26.868009,92.246831,102.994034,75.767785,-82.574348,42.272334,15.225205,67.617823,24.718568,24.091648,4.119761,223.900075
3.080000,1.057222,59.946306,-6.386433,1.076901,59.947351,-4.442301,1.060977,59.944808,-6.758629,1.036246,59.942463,-7.428498,1.035459,59.942416,-6.476963,1.037476,59.942440,-5.897683,1.026966,59.942222,-7.737732,1.025372,59.942252,-8.153838,1.038985,59.944438,-7.863849,1.046336,59.941317,-3.761602,1.042348,59.941698,-4.489354,1.032794,59.941606,-4.474560,1.044420,59.941541,-4.371046,1.043347,59.942019,-5.788989,1.048140,59.942232,-6.073141,1.062538,59.942846,-4.859297,1.064112,59.944836,-5.702208,1.061918,59.944674,-6.467112,1.073699,59.939623,-0.842400,1.009744,59.937938,-1.899518,1.063066,59.943633,-2.831731,1.078151,59.945143,0.930411,1.073797,59.945025,0.758467,1.067661,59.942868,-4.760867,1.085074,59.951223,-3.211612,1.077505,59.953513,-3.887343,1.066613,59.949012,-5.703610,1.066894,59.963302,-0.384502,1.062888,59.967717,2.178899,1.078143,59.945578,-2.725521,1.003944,59.945840,1.084010,1.002479,59.938119,3.281002,1.016218,59.938633,3.540750,1.021260,59.937846,2.353520,1.071590,59.946878,5.165842,1.086582,59.947567,7.429255,1.054538,59.957566,2.446001,1.029921,59.978462,8.741980,1.027758,59.945976,-7.606947,0.999111,0.999273,0.998818,0.998819,0.998904,0.999491,1.000441,0.998939,-41.531229,0.000000,5.676329,9.321355,3.683556,10.208802,22.903234,-40.057613,288.383297,447.800150,209.391350,467.503357,6.717002,286.592096,294.652499,141.504847,562.436988,245.394482,221.661074,276.382253,200.614467,124.488442,251.663684,184.493662,253.902685,8.239523,988.742731,2.149441,164.790455,75.230425,157.625653,78.812826,137.026846,28.927890,26.868009,92.246831,102.994034,75.767785,-82.574348,42.272334,15.225205,67.617823,24.718568,24.091648,4.119761,223.900075
3.100000,1.056632,59.946802,-6.424256,1.075611,59.948626,-4.469082,1.059620,59.945796,-6.805044,1.035069,59.942909,-7.494264,1.034422,59.942495,-6.544720,1.036451,59.942449,-5.965586,1.025977,59.942270,-7.807030,1.024406,59.942315,-8.222847,1.038501,59.944462,-7.917266,1.045314,59.941339,-3.837549,1.041324,59.941719,-4.562556,1.031724,59.941690,-4.548144,1.043352,59.941686,-4.444826,1.042168,59.942465,-5.857961,1.046713,59.943324,-6.137661,1.061030,59.944203,-4.918198,1.062532,59.945916,-5.748011,1.060419,59.945723,-6.514219,1.072293,59.942100,-0.919490,1.008374,59.941091,-1.985697,1.061505,59.944989,-2.884967,1.076574,59.946485,0.887994,1.072208,59.946378,0.715250,1.066141,59.944230,-4.819590,1.083794,59.952279,-3.211462,1.075406,59.953704,-3.874612,1.064722,59.949626,-5.721419,1.064021,59.962142,-0.307325,1.059852,59.966073,2.285711,1.077153,59.947867,-2.760528,1.003016,59.944936,1.036503,1.001744,59.937513,3.179141,1.015011,59.941325,3.457472,1.019879,59.941890,2.270709,1.070077,59.948185,5.135772,1.084988,59.948920,7.404359,1.053410,59.958819,2.492809,1.026757,59.975722,8.921288,1.027613,59.945969,-7.649415,0.999109,0.999215,0.998777,0.998877,0.999021,0.999535,1.000337,0.999031,-41.589194,0.000000,5.482857,9.149959,3.561762,10.325305,23.398181,-40.169673,288.383297,447.800150,209.391350,467.503357,6.717002,286.592096,294.652499,141.504847,562.436988,245.394482,221.661074,276.382253,200.614467,124.488442,251.663684,184.493662,253.902685,8.239523,988.742731,2.149441,164.790455,75.230425,157.625653,78.812826,137.026846,28.927890,26.868009,92.246831,102.994034,75.767785,-82.574348,42.272334,15.225205,67.617823,24.718568,24.091648,4.119761,223.900075
3.120000,1.056057,59.947296,-6.464443,1.074365,59.949881,-4.492696,1.058310,59.946818,-6.850114,1.033941,59.943443,-7.562353,1.033435,59.942674,-6.617392,1.035476,59.942560,-6.038900,1.025036,59.942417,-7.881469,1.023486,59.942473,-8.296907,1.038038,59.944530,-7.976243,1.044342,59.941498,-3.918654,1.040350,59.941866,-4.640974,1.030706,59.941899,-4.626491,1.042335,59.941957,-4.522927,1.041039,59.943015,-5.929180,1.045332,59.944499,-6.199867,1.059565,59.945630,-4.972935,1.061006,59.947039,-5.791767,1.058971,59.946813,-6.559514,1.070908,59.944681,-0.984187,1.007014,59.944332,-2.054679,1.059988,59.946406,-2.934085,1.075045,59.947871,0.849517,1.070667,59.947776,0.676058,1.064665,59.945661,-4.874116,1.082553,59.953246,-3.210033,1.073407,59.953842,-3.866678,1.062912,59.950236,-5.740748,1.061308,59.960859,-0.245001,1.056987,59.964267,2.374003,1.076181,59.950164,-2.784929,1.002134,59.944100,0.976848,1.001057,59.937159,3.068111,1.013825,59.944167,3.388344,1.018501,59.945982,2.211339,1.068611,59.949521,5.109320,1.083444,59.950290,7.383355,1.052309,59.959809,2.541524,1.023768,59.972723,9.073731,1.027470,59.945971,-7.697822,0.999106,0.999157,0.998745,0.998943,0.999141,0.999566,1.000222,0.999126,-41.623144,0.000000,5.298830,9.030552,3.516439,10.483116,23.871034,-40.216083,288.383297,447.800150,209.391350,467.503357,6.717002,286.592096,294.652499,141.504847,562.436988,245.394482,221.661074,276.382253,200.614467,124.488442,251.663684,184.493662,253.902685,8.239523,988.742731,2.149441,164.790455,75.230425,157.625653,78.812826,137.026846,28.927890,26.868009,92.246831,102.994034,75.767785,-82.574348,42.272334,15.225205,67.617823,24.718568,24.091648,4.119761,223.900075
3.140000,1.055501,59.947783,-6.507092,1.073174,59.951097,-4.513431,1.057057,59.947859,-6.893724,1.032871,59.944059,-7.632212,1.032502,59.942953,-6.694317,1.034557,59.942775,-6.116936,1.024148,59.942664,-7.960390,1.022618,59.942729,-8.375378,1.037599,59.944645,-8.040512,1.043428,59.941797,-4.003978,1.039433,59.942140,-4.723755,1.029746,59.942236,-4.708746,1.041375,59.942355,-4.604492,1.039967,59.943664,-6.001979,1.044006,59.945741,-6.259293,1.058156,59.947106,-5.023156,1.059547,59.948190,-5.833291,1.057587,59.947928,-6.602831,1.069558,59.947327,-1.035978,1.005677,59.947608,-2.106129,1.058530,59.947865,-2.978791,1.073575,59.949286,0.815170,1.069186,59.949203,0.641082,1.063245,59.947140,-4.924098,1.081360,59.954113,-3.208076,1.071526,59.953929,-3.863973,1.061199,59.950838,-5.761709,1.058782,59.959482,-0.198343,1.054320,59.962340,2.442735,1.075235,59.952427,-2.798912,1.001302,59.943356,0.905585,1.000420,59.937069,2.949725,1.012671,59.947116,3.334194,1.017137,59.950055,2.175390,1.067203,59.950872,5.086571,1.081964,59.951662,7.366243,1.051243,59.960532,2.590173,1.020981,59.969529,9.197677,1.027332,59.945985,-7.752152,0.999103,0.999098,0.998723,0.999014,0.999260,0.999585,1.000100,0.999222,-41.633025,0.000000,5.128561,8.966064,3.548046,10.677170,24.317941,-40.195992,288.383297,447.800150,209.391350,467.503357,6.717002,286.592096,294.652499,141.504847,562.436988,245.394482,221.661074,276.382253,200.614467,124.488442,251.663684,184.493662,253.902685,8.239523,988.742731,2.149441,164.790455,75.230425,157.625653,78.812826,137.026846,28.927890,26.868009,92.246831,102.994034,75.767785,-82.574348,42.272334,15.225205,67.617823,24.718568,24.091648,4.119761,223.900075
3.160000,1.054969,59.948256,-6.552288,1.072046,59.952256,-4.531650,1.055872,59.948904,-6.935805,1.031864,59.944752,-7.703277,1.031630,59.943333,-6.774773,1.033697,59.943098,-6.198931,1.023317,59.943011,-8.043074,1.021806,59.943081,-8.457568,1.037186,59.944805,-8.109744,1.042573,59.942234,-4.092521,1.038575,59.942542,-4.809979,1.028848,59.942700,-4.793998,1.040477,59.942879,-4.688618,1.038958,59.944405,-6.075680,1.042744,59.947032,-6.315540,1.056811,59.948609,-5.068607,1.058164,59.949353,-5.872458,1.056276,59.949053,-6.644057,1.068252,59.949996,-1.074587,1.004372,59.950868,-2.140028,1.057140,59.949345,-3.018880,1.072176,59.950711,0.785073,1.067776,59.950640,0.610443,1.061890,59.948647,-4.969287,1.080224,59.954874,-3.206345,1.069778,59.953970,-3.866845,1.059596,59.951423,-5.784400,1.056462,59.958042,-0.167892,1.051875,59.960333,2.491216,1.074318,59.954618,-2.802895,1.000527,59.942730,0.823489,0.999832,59.937251,2.825920,1.011557,59.950128,3.295591,1.015797,59.954044,2.162429,1.065864,59.952222,5.067558,1.080558,59.953024,7.352977,1.050220,59.960994,2.636857,1.018421,59.966206,9.292020,1.027200,59.946010,-7.812325,0.999100,0.999042,0.998712,0.999091,0.999377,0.999593,0.999972,0.999316,-41.619345,0.000000,4.976009,8.958385,3.655474,10.901855,24.735464,-40.109963,288.383297,447.800150,209.391350,467.503357,6.717002,286.592096,294.652499,141.504847,562.436988,245.394482,221.661074,276.382253,200.614467,124.488442,251.663684,184.493662,253.902685,8.239523,988.742731,2.149441,164.790455,75.230425,157.625653,78.812826,137.026846,28.927890,26.868009,92.246831,102.994034,75.767785,-82.574348,42.272334,15.225205,67.617823,24.718568,24.091648,4.119761,223.900075
3.180000,1.054465,59.948710,-6.600104,1.070989,59.953344,-4.547775,1.054759,59.949939,-6.976340,1.030924,59.945513,-7.774985,1.030820,59.943810,-6.857995,1.032899,59.943525,-6.284073,1.022546,59.943456,-8.128757,1.021051,59.943527,-8.542741,1.036800,59.945011,-8.183557,1.041780,59.942807,-4.183244,1.037779,59.943069,-4.898687,1.028014,59.943286,-4.881302,1.039642,59.943522,-4.774375,1.038016,59.945229,-6.149608,1.041553,59.948353,-6.368291,1.055537,59.950119,-5.109136,1.056866,59.950511,-5.909209,1.055044,59.950172,-6.683143,1.066996,59.952648,-1.099972,1.003105,59.954061,-2.156673,1.055826,59.950825,-3.054242,1.070854,59.952129,0.759271,1.066443,59.952069,0.584180,1.060608,59.950158,-5.009538,1.079150,59.955522,-3.205585,1.068174,59.953966,-3.875569,1.058113,59.951986,-5.808917,1.054366,59.956565,-0.153932,1.049666,59.958282,2.519084,1.073437,59.956698,-2.797522,0.999811,59.942241,0.731547,0.999292,59.937705,2.698708,1.010489,59.953156,3.272832,1.014489,59.957890,2.171636,1.064601,59.953556,5.052262,1.079233,59.954360,7.343466,1.049248,59.961207,2.679797,1.016104,59.962817,9.356164,1.027075,59.946049,-7.878197,0.999098,0.998989,0.998712,0.999171,0.999489,0.999590,0.999841,0.999408,-41.583167,0.000000,4.844691,9.008308,3.836120,11.151181,25.120589,-39.959956,288.383297,447.800150,209.391350,467.503357,6.717002,286.592096,294.652499,141.504847,562.436988,245.394482,221.661074,276.382253,200.614467,124.488442,251.663684,184.493662,253.902685,8.239523,988.742731,2.149441,164.790455,75.230425,157.625653,78.812826,137.026846,28.927890,26.868009,92.246831,102.994034,75.767785,-82.574348,42.272334,15.225205,67.617823,24.718568,24.091648,4.119761,223.900075
3.200000,1.053990,59.949139,-6.650600,1.070006,59.954345,-4.562292,1.053723,59.950949,-7.015370,1.030051,59.946331,-7.846793,1.030071,59.944381,-6.943195,1.032162,59.944055,-6.371514,1.021833,59.943995,-8.216651,1.020353,59.944062,-8.630140,1.036443,59.945262,-8.261525,1.041047,59.943509,-4.275096,1.037044,59.943715,-4.988901,1.027242,59.943987,-4.969703,1.038869,59.944277,-4.860830,1.037139,59.946125,-6.223116,1.040435,59.949683,-6.417315,1.054340,59.951611,-5.144704,1.055656,59.951647,-5.943552,1.053898,59.951268,-6.720108,1.065794,59.955243,-1.112336,1.001884,59.957139,-2.156657,1.054590,59.952285,-3.084867,1.069613,59.953520,0.737726,1.065193,59.953470,0.562251,1.059402,59.951651,-5.044816,1.078142,59.956053,-3.206522,1.066721,59.953920,-3.890352,1.056755,59.952518,-5.835358,1.052501,59.955078,-0.156508,1.047706,59.956224,2.526295,1.072591,59.958632,-2.783651,0.999154,59.941908,0.630938,0.998796,59.938426,2.570132,1.009471,59.956155,3.265930,1.013220,59.961538,2.201836,1.063416,59.954860,5.040605,1.077993,59.955657,7.337567,1.048329,59.961188,2.717375,1.014042,59.959421,9.390003,1.026957,59.946102,-7.949566,0.999095,0.998940,0.998722,0.999254,0.999595,0.999576,0.999708,0.999495,-41.526084,0.000000,4.737607,9.115497,4.085988,11.418937,25.470719,-39.749286,288.383297,447.800150,209.391350,467.503357,6.717002,286.592096,294.652499,141.504847,562.436988,245.394482,221.661074,276.382253,200.614467,124.488442,251.663684,184.493662,253.902685,8.239523,988.742731,2.149441,164.790455,75.230425,157.625653,78.812826,137.026846,28.927890,26.868009,92.246831,102.994034,75.767785,-82.574348,42.272334,15.225205,67.617823,24.718568,24.091648,4.119761,223.900075
3.220000,1.053547,59.949538,-6.703827,1.069099,59.955246,-4.575734,1.052764,59.951919,-7.052987,1.029245,59.947195,-7.918186,1.029383,59.945039,-7.029577,1.031485,59.944681,-6.460397,1.021178,59.944620,-8.305961,1.019712,59.944680,-8.718998,1.036113,59.945554,-8.343188,1.040372,59.944331,-4.367036,1.036367,59.944473,-5.079643,1.026531,59.944796,-5.058253,1.038156,59.945135,-4.947069,1.036328,59.947080,-6.295590,1.039390,59.951005,-6.462477,1.053219,59.953063,-5.175383,1.054537,59.952744,-5.975574,1.052836,59.952325,-6.755039,1.064651,59.957743,-1.112112,1.000711,59.960059,-2.140854,1.053435,59.953703,-3.110848,1.068454,59.954867,0.720318,1.064026,59.954826,0.544530,1.058274,59.953105,-5.075197,1.077201,59.956468,-3.209847,1.065420,59.953834,-3.911336,1.055524,59.953011,-5.863829,1.050873,59.953602,-0.175444,1.045998,59.954191,2.513095,1.071784,59.960386,-2.762338,0.998554,59.941745,0.523002,0.998340,59.939404,2.442219,1.008505,59.959077,3.274610,1.011994,59.964940,2.251528,1.062312,59.956119,5.032454,1.076838,59.956900,7.335084,1.047468,59.960959,2.748169,1.012243,59.956075,9.393896,1.026847,59.946170,-8.026175,0.999093,0.998897,0.998743,0.999337,0.999693,0.999554,0.999577,0.999575,-41.450189,0.000000,4.657173,9.278478,4.399820,11.698847,25.783677,-39.482555,288.383297,447.800150,209.391350,467.503357,6.717002,286.592096,294.652499,141.504847,562.436988,245.394482,221.661074,276.382253,200.614467,124.488442,251.663684,184.493662,253.902685,8.239523,988.742731,2.149441,164.790455,75.230425,157.625653,78.812826,137.026846,28.927890,26.868009,92.246831,102.994035,75.767785,-82.574348,42.272334,15.225205,67.617823,24.718568,24.091648,4.119761,223.900075
3.240000,1.053135,59.949904,-6.759818,1.068269,59.956036,-4.588677,1.051882,59.952836,-7.089344,1.028502,59.948093,-7.988691,1.028750,59.945776,-7.116355,1.030864,59.945395,-6.549863,1.020575,59.945325,-8.395898,1.019122,59.945373,-8.808559,1.035809,59.945886,-8.428059,1.039749,59.945262,-4.458054,1.035743,59.945332,-5.169959,1.025876,59.945700,-5.146038,1.037498,59.946083,-5.032213,1.035579,59.948081,-6.366468,1.038417,59.952297,-6.503739,1.052174,59.954456,-5.201356,1.053508,59.953786,-6.005431,1.051860,59.953327,-6.788088,1.063566,59.960110,-1.099960,0.999588,59.962779,-2.110401,1.052360,59.955059,-3.132379,1.067376,59.956152,0.706846,1.062941,59.956120,0.530806,1.057223,59.954497,-5.100870,1.076329,59.956767,-3.216202,1.064272,59.953711,-3.938602,1.054420,59.953459,-5.894443,1.049480,59.952160,-0.210357,1.044543,59.952215,2.480002,1.071014,59.961931,-2.734818,0.998009,59.941764,0.409214,0.997918,59.940620,2.316936,1.007593,59.961878,3.298317,1.010813,59.968051,2.318932,1.061285,59.957318,5.027611,1.075768,59.958078,7.335773,1.046665,59.960548,2.770986,1.010706,59.952833,9.368640,1.026746,59.946253,-8.107720,0.999091,0.998861,0.998774,0.999420,0.999781,0.999524,0.999449,0.999647,-41.358027,0.000000,4.605177,9.494653,4.771231,11.984713,26.057701,-39.165550,288.383297,447.800150,209.391350,467.503357,6.717002,286.592096,294.652499,141.504847,562.436988,245.394482,221.661074,276.382253,200.614467,124.488442,251.663684,184.493662,253.902685,8.239523,988.742731,2.149441,164.790455,75.230425,157.625653,78.812826,137.026846,28.927890,26.868009,92.246831,102.994035,75.767785,-82.574348,42.272334,15.225205,67.617823,24.718568,24.091648,4.119761,223.900075
3.260000,1.052753,59.950234,-6.818594,1.067513,59.956706,-4.601723,1.051074,59.953689,-7.124638,1.027818,59.949013,-8.057879,1.028169,59.946582,-7.202769,1.030292,59.946189,-6.639080,1.020022,59.946100,-8.485698,1.018580,59.946131,-8.898089,1.035530,59.946254,-8.515634,1.039173,59.946287,-4.547194,1.035167,59.946281,-5.258937,1.025270,59.946687,-5.232191,1.036891,59.947107,-5.115438,1.034886,59.949113,-6.435247,1.037513,59.953542,-6.541159,1.051203,59.955768,-5.222912,1.052564,59.954758,-6.033348,1.050965,59.954262,-6.819475,1.062537,59.962311,-1.076752,0.998515,59.965263,-2.066661,1.051360,59.956336,-3.149749,1.066375,59.957359,0.697029,1.061934,59.957334,0.520789,1.056246,59.955809,-5.122129,1.075521,59.956954,-3.226169,1.063271,59.953553,-3.972167,1.053439,59.953855,-5.927318,1.048318,59.950773,-0.260673,1.043334,59.950323,2.427791,1.070280,59.963241,-2.702473,0.997515,59.941971,0.291148,0.997524,59.942055,2.196151,1.006732,59.964515,3.336219,1.009681,59.970834,2.402023,1.060331,59.958445,5.025825,1.074778,59.959178,7.339343,1.045919,59.959984,2.784879,1.009426,59.949742,9.315435,1.026652,59.946353,-8.193847,0.999089,0.998832,0.998814,0.999501,0.999860,0.999489,0.999325,0.999710,-41.252543,0.000000,4.582744,9.760338,5.192876,12.270546,26.291449,-38.805125,288.383297,447.800150,209.391350,467.503357,6.717002,286.592096,294.652499,141.504847,562.436988,245.394482,221.661074,276.382253,200.614467,124.488442,251.663684,184.493662,253.902685,8.239523,988.742731,2.149441,164.790455,75.230425,157.625653,78.812826,137.026846,28.927890,26.868009,92.246831,102.994035,75.767785,-82.574348,42.272334,15.225205,67.617823,24.718568,24.091648,4.119761,223.900075
3.280000,1.052401,59.950524,-6.880155,1.066827,59.957251,-4.615487,1.050334,59.954465,-7.159112,1.027187,59.949942,-8.125379,1.027632,59.947446,-7.288093,1.029764,59.947052,-6.727244,1.019510,59.946933,-8.574630,1.018079,59.946944,-8.986885,1.035271,59.946653,-8.605396,1.038638,59.947391,-4.633569,1.034632,59.947304,-5.345723,1.024708,59.947741,-5.315906,1.036326,59.948192,-5.195987,1.034243,59.950161,-6.501494,1.036671,59.954720,-6.574885,1.050298,59.956981,-5.240438,1.051701,59.955647,-6.059612,1.050146,59.955115,-6.849473,1.061561,59.964314,-1.043550,0.997491,59.967480,-2.011205,1.050430,59.957515,-3.163338,1.065445,59.958474,0.690517,1.060997,59.958454,0.514118,1.055336,59.957021,-5.139364,1.074776,59.957033,-3.240260,1.062410,59.953365,-4.011986,1.052573,59.954195,-5.962573,1.047375,59.949459,-0.325640,1.042361,59.948543,2.357465,1.069581,59.964298,-2.666807,0.997063,59.942368,0.170447,0.997149,59.943683,2.081601,1.005919,59.966946,3.387222,1.008597,59.973260,2.498581,1.059445,59.959485,5.026788,1.073860,59.960189,7.345459,1.045229,59.959299,2.789166,1.008395,59.946847,9.235854,1.026565,59.946469,-8.284164,0.999087,0.998811,0.998863,0.999577,0.999927,0.999449,0.999209,0.999763,-41.137020,0.000000,4.590313,10.070825,5.656610,12.550681,26.483997,-38.409054,288.383297,447.800150,209.391350,467.503357,6.717002,286.592096,294.652499,141.504847,562.436988,245.394482,221.661074,276.382253,200.614467,124.488442,251.663684,184.493662,253.902685,8.239523,988.742731,2.149441,164.790455,75.230425,157.625653,78.812826,137.026846,28.927890,26.868009,92.246831,102.994035,75.767785,-82.574348,42.272334,15.225205,67.617823,24.718568,24.091648,4.119761,223.900075
3.300000,1.052076,59.950773,-6.944478,1.066205,59.957665,-4.630583,1.049656,59.955156,-7.193045,1.026600,59.950866,-8.190876,1.027131,59.948355,-7.371654,1.029271,59.947971,-6.813605,1.019032,59.947814,-8.662010,1.017611,59.947801,-9.074291,1.035029,59.947080,-8.696825,1.038133,59.948557,-4.716374,1.034130,59.948386,-5.429535,1.024179,59.948847,-5.396456,1.035795,59.949321,-5.273187,1.033642,59.951211,-6.564846,1.035884,59.955817,-6.605155,1.049454,59.958078,-5.254409,1.050911,59.956442,-6.084561,1.049396,59.955877,-6.878401,1.060634,59.966093,-1.001592,0.996514,59.969402,-1.945769,1.049562,59.958581,-3.173604,1.064577,59.959482,0.686890,1.060125,59.959466,0.510363,1.054488,59.958117,-5.153052,1.074087,59.957013,-3.258898,1.061680,59.953151,-4.057948,1.051813,59.954474,-6.000321,1.046637,59.948235,-0.404341,1.041610,59.946897,2.270247,1.068912,59.965085,-2.629407,0.996649,59.942953,0.048786,0.996786,59.945473,1.974851,1.005150,59.969135,3.449990,1.007559,59.975304,2.606230,1.058618,59.960429,5.030145,1.073007,59.961101,7.353745,1.044590,59.958526,2.783439,1.007599,59.944189,9.131807,1.026485,59.946602,-8.378238,0.999087,0.998799,0.998920,0.999649,0.999982,0.999406,0.999100,0.999803,-41.015004,0.000000,4.627639,10.420470,6.153675,12.819875,26.634847,-37.985867,288.383297,447.800150,209.391350,467.503357,6.717002,286.592096,294.652499,141.504847,562.436988,245.394482,221.661074,276.382253,200.614467,124.488442,251.663684,184.493662,253.902685,8.239523,988.742731,2.149441,164.790455,75.230425,157.625653,78.812826,137.026846,28.927890,26.868009,92.246831,102.994034,75.767785,-82.574348,42.272334,15.225205,67.617823,24.718568,24.091648,4.119761,223.900075
3.320000,1.051775,59.950981,-7.011512,1.065640,59.957949,-4.647606,1.049033,59.955754,-7.226737,1.026049,59.951772,-8.254112,1.026658,59.949297,-7.452833,1.028805,59.948933,-6.897468,1.018580,59.948729,-8.747207,1.017168,59.948689,-9.159701,1.034802,59.947529,-8.789400,1.037652,59.949766,-4.794901,1.033652,59.949511,-5.509671,1.023676,59.949988,-5.473197,1.035290,59.950476,-5.346449,1.033074,59.952246,-6.625019,1.035145,59.956816,-6.632280,1.048662,59.959047,-5.265372,1.050185,59.957132,-6.108574,1.048706,59.956538,-6.906615,1.059750,59.967622,-0.952257,0.995578,59.971008,-1.872228,1.048748,59.959522,-3.181072,1.063762,59.960373,0.685678,1.059306,59.960358,0.509041,1.053692,59.959084,-5.163744,1.073450,59.956902,-3.282418,1.061066,59.952916,-4.109871,1.051149,59.954691,-6.040660,1.046086,59.947118,-0.495704,1.041061,59.945408,2.167552,1.068269,59.965594,-2.591907,0.996263,59.943721,-0.072158,0.996428,59.947394,1.877279,1.004418,59.971048,3.522972,1.006567,59.976949,2.722488,1.057841,59.961265,5.035495,1.072208,59.961905,7.363794,1.043998,59.957697,2.767557,1.007019,59.941802,9.005503,1.026410,59.946751,-8.475604,0.999086,0.998797,0.998983,0.999715,1.000024,0.999362,0.999001,0.999832,-40.890234,0.000000,4.693803,10.802794,6.674873,13.073385,26.743928,-37.544673,288.383297,447.800150,209.391350,467.503357,6.717002,286.592096,294.652499,141.504847,562.436988,245.394482,221.661074,276.382253,200.614467,124.488442,251.663684,184.493662,253.902685,8.239523,988.742731,2.149441,164.790455,75.230425,157.625653,78.812826,137.026846,28.927890,26.868009,92.246831,102.994034,75.767785,-82.574348,42.272334,15.225205,67.617823,24.718568,24.091648,4.119761,223.900075
3.340000,1.051495,59.951148,-7.081178,1.065123,59.958102,-4.667119,1.048454,59.956255,-7.260504,1.025526,59.952649,-8.314890,1.026204,59.950259,-7.531077,1.028357,59.949925,-6.978206,1.018146,59.949666,-8.829656,1.016743,59.949596,-9.242569,1.034584,59.947995,-8.882607,1.037184,59.951000,-4.868547,1.033188,59.950662,-5.585526,1.023190,59.951146,-5.545582,1.034802,59.951641,-5.415284,1.032531,59.953253,-6.681802,1.034443,59.957706,-6.656638,1.047914,59.959874,-5.273934,1.049512,59.957711,-6.132058,1.048066,59.957092,-6.934493,1.058903,59.968884,-0.897046,0.994681,59.972282,-1.792552,1.047978,59.960326,-3.186322,1.062991,59.961135,0.686364,1.058532,59.961122,0.509626,1.052939,59.959909,-5.172049,1.072856,59.956710,-3.311049,1.060555,59.952666,-4.167500,1.050567,59.954844,-6.083665,1.045703,59.946122,-0.598514,1.040694,59.944095,2.050972,1.067649,59.965822,-2.555951,0.995898,59.944660,-0.190740,0.996065,59.949411,1.790046,1.003718,59.972655,3.604424,1.005617,59.978185,2.844809,1.057104,59.961985,5.042403,1.071454,59.962594,7.375174,1.043447,59.956845,2.741642,1.006636,59.939717,8.859411,1.026341,59.946917,-8.575763,0.999086,0.998804,0.999051,0.999772,1.000054,0.999319,0.998913,0.999848,-40.766562,0.000000,4.787240,11.210614,7.210755,13.307030,26.811598,-37.094963,288.383297,447.800150,209.391350,467.503357,6.717002,286.592096,294.652499,141.504847,562.436988,245.394482,221.661074,276.382253,200.614467,124.488442,251.663684,184.493662,253.902685,8.239523,988.742731,2.149441,164.790455,75.230425,157.625653,78.812826,137.026846,28.927890,26.868009,92.246831,102.994034,75.767785,-82.574348,42.272334,15.225205,67.617823,24.718568,24.091648,4.119761,223.900075
3.360000,1.051232,59.951275,-7.153359,1.064647,59.958130,-4.689633,1.047912,59.956653,-7.294660,1.025021,59.953486,-8.373067,1.025760,59.951226,-7.605902,1.027919,59.950931,-7.055267,1.017721,59.950610,-8.908853,1.016327,59.950509,-9.322411,1.034372,59.948473,-8.975938,1.036721,59.952238,-4.936818,1.032731,59.951820,-5.656588,1.022709,59.952303,-5.613161,1.034321,59.952797,-5.479300,1.032002,59.954216,-6.735062,1.033769,59.958476,-6.678660,1.047199,59.960552,-5.280744,1.048883,59.958174,-6.155432,1.047468,59.957533,-6.962423,1.058084,59.969864,-0.837550,0.993816,59.973214,-1.708774,1.047241,59.960985,-3.189969,1.062253,59.961762,0.688397,1.057791,59.961748,0.511559,1.052220,59.960585,-5.178615,1.072297,59.956448,-3.344920,1.060131,59.952408,-4.230503,1.050054,59.954936,-6.129379,1.045464,59.945262,-0.711427,1.040485,59.942974,1.922256,1.067046,59.965771,-2.523151,0.995545,59.945757,-0.305375,0.995691,59.951488,1.714087,1.003043,59.973934,3.692447,1.004705,59.979007,2.970628,1.056397,59.962581,5.050403,1.070731,59.963161,7.387432,1.042930,59.955998,2.706063,1.006426,59.937958,8.696228,1.026275,59.947100,-8.678189,0.999087,0.998821,0.999122,0.999820,1.000072,0.999278,0.998837,0.999850,-40.647863,0.000000,4.905780,11.636180,7.751800,13.517233,26.838650,-36.646416,288.383297,447.800150,209.391350,467.503357,6.717002,286.592096,294.652499,141.504847,562.436988,245.394482,221.661074,276.382253,200.614467,124.488442,251.663684,184.493662,253.902685,8.239523,988.742731,2.149441,164.790455,75.230425,157.625653,78.812826,137.026846,28.927890,26.868009,92.246831,102.994034,75.767785,-82.574348,42.272334,15.225205,67.617823,24.718568,24.091648,4.119761,223.900075
3.380000,1.050983,59.951365,-7.227899,1.064201,59.958037,-4.715597,1.047397,59.956949,-7.329513,1.024524,59.954270,-8.428553,1.025318,59.952185,-7.676899,1.027480,59.951937,-7.128176,1.017296,59.951550,-8.984369,1.015912,59.951415,-9.398809,1.034161,59.948957,-9.068899,1.036253,59.953461,-4.999333,1.032270,59.952969,-5.722448,1.022227,59.953442,-5.675585,1.033838,59.953926,-5.538207,1.031478,59.955123,-6.784733,1.033115,59.959118,-6.698816,1.046508,59.961074,-5.286476,1.048286,59.958516,-6.179118,1.046899,59.957861,-6.990788,1.057287,59.970551,-0.775417,0.992979,59.973799,-1.622950,1.046528,59.961492,-3.192656,1.061536,59.962248,0.691208,1.057072,59.962232,0.514260,1.051525,59.961105,-5.184119,1.071768,59.956128,-3.384047,1.059778,59.952150,-4.298471,1.049596,59.954969,-6.177805,1.045347,59.944549,-0.832981,1.040409,59.942060,1.783290,1.066455,59.965448,-2.495051,0.995195,59.946995,-0.414571,0.995297,59.953586,1.650094,1.002385,59.974866,3.785019,1.003829,59.979416,3.097404,1.055709,59.963048,5.059014,1.070031,59.963602,7.400103,1.042440,59.955184,2.661415,1.006364,59.936546,8.518827,1.026211,59.947298,-8.782333,0.999088,0.998847,0.999197,0.999859,1.000077,0.999240,0.998774,0.999840,-40.537960,0.000000,5.046703,12.071336,8.288588,13.701045,26.826307,-36.208692,288.383297,447.800150,209.391350,467.503357,6.717002,286.592096,294.652499,141.504847,562.436988,245.394482,221.661074,276.382253,200.614467,124.488442,251.663684,184.493662,253.902685,8.239523,988.742731,2.149441,164.790455,75.230425,157.625653,78.812826,137.026846,28.927890,26.868009,92.246831,102.994034,75.767785,-82.574348,42.272334,15.225205,67.617823,24.718568,24.091648,4.119761,223.900075
3.400000,1.050744,59.951419,-7.304602,1.063776,59.957832,-4.745385,1.046898,59.957142,-7.365346,1.024027,59.954993,-8.481307,1.024869,59.953121,-7.743729,1.027033,59.952929,-7.196541,1.016864,59.952470,-9.055844,1.015489,59.952301,-9.471412,1.033948,59.949443,-9.161011,1.035773,59.954651,-5.055825,1.031799,59.954089,-5.782802,1.021733,59.954545,-5.732607,1.033346,59.955012,-5.591814,1.030951,59.955962,-6.830819,1.032470,59.959625,-6.717600,1.045832,59.961436,-5.291813,1.047711,59.958739,-6.203521,1.046351,59.958074,-7.019957,1.056506,59.970940,-0.712321,0.992165,59.974037,-1.537124,1.045828,59.961845,-3.195028,1.060831,59.962589,0.694219,1.056365,59.962570,0.517146,1.050844,59.961465,-5.189242,1.071258,59.955761,-3.428341,1.059480,59.951898,-4.370919,1.049178,59.954945,-6.228897,1.045326,59.943993,-0.961611,1.040441,59.941363,1.636069,1.065872,59.964867,-2.473091,0.994841,59.948353,-0.516948,0.994878,59.955670,1.598519,1.001737,59.975437,3.880037,1.002984,59.979421,3.222658,1.055030,59.963381,5.067742,1.069340,59.963913,7.412720,1.041969,59.954423,2.608489,1.006425,59.935494,8.330226,1.026149,59.947513,-8.887620,0.999090,0.998882,0.999272,0.999887,1.000071,0.999206,0.998724,0.999818,-40.440538,0.000000,5.206804,12.507682,8.811969,13.856153,26.776217,-35.791232,288.383297,447.800150,209.391350,467.503357,6.717002,286.592096,294.652499,141.504847,562.436988,245.394482,221.661074,276.382253,200.614467,124.488442,251.663684,184.493662,253.902685,8.239523,988.742731,2.149441,164.790455,75.230425,157.625653,78.812826,137.026846,28.927890,26.868009,92.246831,102.994034,75.767785,-82.574348,42.272334,15.225205,67.617823,24.718568,24.091648,4.119761,223.900075
3.420000,1.050511,59.951441,-7.383226,1.063362,59.957524,-4.779283,1.046407,59.957234,-7.402411,1.023522,59.955646,-8.531332,1.024404,59.954023,-7.806133,1.026570,59.953892,-7.260052,1.016417,59.953360,-9.122990,1.015052,59.953155,-9.539937,1.033728,59.949924,-9.251808,1.035273,59.955788,-5.106142,1.031308,59.955165,-5.837445,1.021221,59.955595,-5.784078,1.032835,59.956038,-5.640027,1.030413,59.956721,-6.873382,1.031826,59.959994,-6.735519,1.045162,59.961638,-5.297429,1.047148,59.958843,-6.229023,1.045812,59.958174,-7.050269,1.055734,59.971031,-0.649933,0.991368,59.973933,-1.453293,1.045133,59.962042,-3.197726,1.060129,59.962783,0.696857,1.055661,59.962761,0.519637,1.050169,59.961665,-5.194658,1.070762,59.955359,-3.477609,1.059220,59.951661,-4.447285,1.048787,59.954871,-6.282556,1.045378,59.943603,-1.095668,1.040555,59.940892,1.482678,1.065291,59.964046,-2.458573,0.994475,59.949808,-0.611261,0.994426,59.957702,1.559568,1.001094,59.975642,3.975356,1.002167,59.979035,3.344013,1.054351,59.963578,5.076093,1.068650,59.964092,7.424818,1.041511,59.953736,2.548242,1.006583,59.934810,8.133538,1.026088,59.947742,-8.993461,0.999093,0.998925,0.999347,0.999903,1.000053,0.999178,0.998687,0.999783,-40.359061,0.000000,5.382469,12.936753,9.313216,13.980875,26.690445,-35.403057,288.383297,447.800150,209.391350,467.503357,6.717002,286.592096,294.652499,141.504847,562.436988,245.394482,221.661074,276.382253,200.614467,124.488442,251.663684,184.493662,253.902685,8.239523,988.742731,2.149441,164.790455,75.230425,157.625653,78.812826,137.026846,28.927890,26.868009,92.246831,102.994034,75.767785,-82.574348,42.272334,15.225205,67.617823,24.718568,24.091648,4.119761,223.900075
3.440000,1.050280,59.951436,-7.463482,1.062952,59.957124,-4.817486,1.045915,59.957228,-7.440920,1.023001,59.956222,-8.578665,1.023918,59.954876,-7.863922,1.026085,59.954812,-7.318483,1.015947,59.954205,-9.185592,1.014594,59.953966,-9.604164,1.033499,59.950396,-9.340846,1.034746,59.956857,-5.150238,1.030791,59.956180,-5.886273,1.020683,59.956578,-5.829948,1.032299,59.956990,-5.682846,1.029857,59.957392,-6.912541,1.031177,59.960223,-6.753076,1.044490,59.961682,-5.303973,1.046587,59.958831,-6.255968,1.045275,59.958164,-7.082023,1.054965,59.970828,-0.589884,0.990585,59.973499,-1.373371,1.044434,59.962085,-3.201366,1.059421,59.962831,0.698569,1.054951,59.962805,0.521175,1.049491,59.961707,-5.201014,1.070272,59.954932,-3.531556,1.058983,59.951444,-4.526937,1.048410,59.954750,-6.338627,1.045479,59.943383,-1.233439,1.040726,59.940651,1.325265,1.064708,59.963007,-2.452627,0.994090,59.951336,-0.696423,0.993937,59.959647,1.533210,1.000448,59.975480,4.068831,1.001375,59.978275,3.459227,1.053663,59.963639,5.083582,1.067952,59.964140,7.435947,1.041059,59.953135,2.481763,1.006812,59.934497,7.931928,1.026025,59.947986,-9.099251,0.999096,0.998976,0.999419,0.999908,1.000025,0.999155,0.998664,0.999737,-40.296704,0.000000,5.569761,13.350192,9.784173,14.074133,26.571456,-35.052582,288.383297,447.800150,209.391350,467.503357,6.717002,286.592096,294.652499,141.504847,562.436988,245.394482,221.661074,276.382253,200.614467,124.488442,251.663684,184.493662,253.902685,8.239523,988.742731,2.149441,164.790455,75.230425,157.625653,78.812826,137.026846,28.927890,26.868009,92.246831,102.994035,75.767785,-82.574348,42.272334,15.225205,67.617823,24.718568,24.091648,4.119761,223.900075
3.460000,1.050049,59.951406,-7.545039,1.062537,59.956644,-4.860085,1.045415,59.957131,-7.481039,1.022458,59.956714,-8.623380,1.023405,59.955670,-7.916979,1.025571,59.955676,-7.371687,1.015451,59.954995,-9.243503,1.014109,59.954723,-9.663943,1.033258,59.950854,-9.427699,1.034187,59.957839,-5.188170,1.030243,59.957119,-5.929276,1.020113,59.957479,-5.870253,1.031733,59.957853,-5.720357,1.029275,59.957965,-6.948456,1.030514,59.960314,-6.770758,1.043810,59.961570,-5.312055,1.046020,59.958708,-6.284652,1.044731,59.958050,-7.115472,1.054195,59.970339,-0.533740,0.989812,59.972749,-1.299157,1.043723,59.961977,-3.206529,1.058699,59.962736,0.698829,1.054227,59.962706,0.521232,1.048804,59.961595,-5.208917,1.069782,59.954491,-3.589797,1.058754,59.951255,-4.609180,1.048034,59.954591,-6.396896,1.045606,59.943336,-1.373165,1.040930,59.940642,1.166008,1.064119,59.961776,-2.456190,0.993681,59.952910,-0.771513,0.993406,59.961472,1.519182,0.999796,59.974958,4.158363,1.000604,59.977165,3.566228,1.052961,59.963564,5.089747,1.067237,59.964056,7.445676,1.040607,59.952630,2.410234,1.007087,59.934551,7.728569,1.025961,59.948244,-9.204372,0.999099,0.999033,0.999489,0.999902,0.999987,0.999138,0.998655,0.999682,-40.256276,0.000000,5.764507,13.739930,10.217378,14.135429,26.422091,-34.747440,288.383297,447.800150,209.391350,467.503357,6.717002,286.592096,294.652499,141.504847,562.436988,245.394482,221.661074,276.382253,200.614467,124.488442,251.663684,184.493662,253.902685,8.239523,988.742731,2.149441,164.790455,75.230425,157.625653,78.812826,137.026846,28.927890,26.868009,92.246831,102.994035,75.767785,-82.574348,42.272334,15.225205,67.617823,24.718568,24.091648,4.119761,223.900075
3.480000,1.049814,59.951358,-7.627518,1.062110,59.956097,-4.907071,1.044899,59.956947,-7.522876,1.021887,59.957117,-8.665571,1.022858,59.956393,-7.965256,1.025023,59.956472,-7.419595,1.014922,59.955719,-9.296641,1.013594,59.955415,-9.719180,1.033002,59.951293,-9.511961,1.033590,59.958722,-5.220092,1.029660,59.957969,-5.966536,1.019506,59.958285,-5.905119,1.031131,59.958615,-5.752724,1.028664,59.958435,-6.981332,1.029833,59.960268,-6.789025,1.043116,59.961311,-5.322230,1.045440,59.958481,-6.315316,1.044173,59.957838,-7.150811,1.053420,59.969580,-0.482965,0.989046,59.971703,-1.232308,1.042996,59.961725,-3.213744,1.057958,59.962502,0.697153,1.053485,59.962468,0.519323,1.048103,59.961335,-5.218923,1.069286,59.954045,-3.651865,1.058521,59.951098,-4.693266,1.047650,59.954398,-6.457091,1.045739,59.943463,-1.513071,1.041143,59.940861,1.007089,1.063520,59.960384,-2.469982,0.993241,59.954503,-0.835792,0.992831,59.963146,1.517009,0.999132,59.974088,4.241936,0.999853,59.975731,3.663137,1.052237,59.963357,5.094154,1.066500,59.963846,7.453607,1.040148,59.952226,2.334898,1.007384,59.934964,7.526599,1.025894,59.948515,-9.308202,0.999104,0.999096,0.999554,0.999884,0.999940,0.999127,0.998659,0.999617,-40.240163,0.000000,5.962393,14.098355,10.606175,14.164799,26.245538,-34.494322,288.383297,447.800150,209.391350,467.503357,6.717002,286.592096,294.652499,141.504847,562.436988,245.394482,221.661074,276.382253,200.614467,124.488442,251.663684,184.493662,253.902685,8.239523,988.742731,2.149441,164.790455,75.230425,157.625653,78.812826,137.026846,28.927890,26.868009,92.246831,102.994034,75.767785,-82.574348,42.272334,15.225205,67.617823,24.718568,24.091648,4.119761,223.900075
3.500000,1.049573,59.951296,-7.710500,1.061664,59.955497,-4.958330,1.044363,59.956684,-7.566484,1.021284,59.957429,-8.705357,1.022276,59.957036,-8.008768,1.024439,59.957188,-7.462215,1.014358,59.956367,-9.344991,1.013043,59.956035,-9.769844,1.032729,59.951709,-9.593249,1.032953,59.959492,-5.246248,1.029036,59.958717,-5.998217,1.018860,59.958984,-5.934746,1.030491,59.959266,-5.780184,1.028019,59.958796,-7.011399,1.029130,59.960092,-6.808299,1.042404,59.960913,-5.334989,1.044841,59.958158,-6.348140,1.043596,59.957535,-7.188176,1.052638,59.968566,-0.438900,0.988286,59.970386,-1.174309,1.042248,59.961337,-3.223481,1.057193,59.962136,0.693110,1.052718,59.962098,0.515016,1.047382,59.960936,-5.231519,1.068780,59.953603,-3.717220,1.058270,59.950979,-4.778403,1.047248,59.954178,-6.518887,1.045857,59.943759,-1.651386,1.041345,59.941301,0.850660,1.062909,59.958862,-2.494489,0.992766,59.956088,-0.888709,0.992208,59.964642,1.526013,0.998455,59.972889,4.317668,0.999119,59.974004,3.748299,1.051488,59.963023,5.096408,1.065736,59.963512,7.459377,1.039680,59.951922,2.257018,1.007681,59.935720,7.329069,1.025824,59.948797,-9.410117,0.999109,0.999163,0.999614,0.999855,0.999885,0.999123,0.998675,0.999546,-40.250273,0.000000,6.159064,14.418476,10.944812,14.162768,26.045298,-34.298842,288.383297,447.800150,209.391350,467.503357,6.717002,286.592096,294.652499,141.504847,562.436988,245.394482,221.661074,276.382253,200.614467,124.488442,251.663684,184.493662,253.902685,8.239523,988.742731,2.149441,164.790455,75.230425,157.625653,78.812826,137.026846,28.927890,26.868009,92.246831,102.994034,75.767785,-82.574348,42.272334,15.225205,67.617823,24.718568,24.091648,4.119761,223.900075
3.520000,1.049324,59.951223,-7.793524,1.061195,59.954856,-5.013649,1.043802,59.956350,-7.611857,1.020646,59.957646,-8.742871,1.021655,59.957591,-8.047592,1.023814,59.957814,-7.499622,1.013756,59.956931,-9.388594,1.012456,59.956573,-9.815954,1.032438,59.952099,-9.671206,1.032273,59.960138,-5.266958,1.028371,59.959353,-6.024556,1.018171,59.959567,-5.959403,1.029810,59.959798,-5.803037,1.027339,59.959045,-7.038914,1.028402,59.959792,-6.828951,1.041670,59.960386,-5.350747,1.044219,59.957747,-6.383237,1.042994,59.957151,-7.227638,1.051848,59.967321,-0.402735,0.987529,59.968826,-1.126453,1.041476,59.960822,-3.236138,1.056402,59.961648,0.686327,1.051924,59.961605,0.507941,1.046640,59.960408,-5.247119,1.068261,59.953171,-3.785265,1.057993,59.950899,-4.863771,1.046819,59.953938,-6.581908,1.045944,59.944218,-1.786376,1.041518,59.941952,0.698812,1.062283,59.957244,-2.529954,0.992254,59.957637,-0.929907,0.991539,59.965934,1.545340,0.997762,59.971387,4.383842,0.998402,59.972019,3.820298,1.050712,59.962569,5.096165,1.064942,59.963062,7.462673,1.039198,59.951716,2.177846,1.007957,59.936800,7.138905,1.025749,59.949090,-9.509494,0.999114,0.999234,0.999667,0.999816,0.999824,0.999125,0.998704,0.999468,-40.287992,0.000000,6.350214,14.694074,11.228507,14.130300,25.825139,-34.165420,288.383297,447.800150,209.391350,467.503357,6.717002,286.592096,294.652499,141.504847,562.436988,245.394482,221.661074,276.382253,200.614467,124.488442,251.663684,184.493662,253.902685,8.239523,988.742731,2.149441,164.790455,75.230425,157.625653,78.812826,137.026846,28.927890,26.868009,92.246831,102.994034,75.767785,-82.574348,42.272334,15.225205,67.617823,24.718568,24.091648,4.119761,223.900075
3.540000,1.049066,59.951146,-7.876100,1.060697,59.954189,-5.072714,1.043212,59.955953,-7.658927,1.019971,59.957768,-8.778255,1.020994,59.958049,-8.081857,1.023149,59.958343,-7.531959,1.013115,59.957404,-9.427546,1.011831,59.957024,-9.857585,1.032129,59.952458,-9.745497,1.031550,59.960652,-5.282612,1.027664,59.959868,-6.045862,1.017439,59.960026,-5.979420,1.029086,59.960202,-5.821637,1.026620,59.959181,-7.064149,1.027647,59.959375,-6.851299,1.040914,59.959743,-5.369837,1.043571,59.957259,-6.420653,1.042366,59.956695,-7.269201,1.051049,59.965869,-0.375485,0.986776,59.967051,-1.089819,1.040677,59.960191,-3.252035,1.055583,59.961046,0.676505,1.051102,59.961000,0.497799,1.045874,59.959764,-5.266052,1.067725,59.952755,-3.855353,1.057681,59.950860,-4.948536,1.046357,59.953682,-6.645736,1.045984,59.944831,-1.916365,1.041642,59.942800,0.553542,1.061641,59.955565,-2.576367,0.991702,59.959124,-0.959223,0.990822,59.967004,1.573976,0.997053,59.969612,4.438950,0.997700,59.969811,3.877974,1.049907,59.962003,5.093138,1.064117,59.962505,7.463234,1.038698,59.951600,2.098593,1.008195,59.938177,6.958864,1.025671,59.949393,-9.605722,0.999120,0.999306,0.999712,0.999768,0.999757,0.999131,0.998745,0.999387,-40.354150,0.000000,6.531684,14.919836,11.453514,14.068747,25.589050,-34.097195,288.383297,447.800150,209.391350,467.503357,6.717002,286.592096,294.652499,141.504847,562.436988,245.394482,221.661074,276.382253,200.614467,124.488442,251.663684,184.493662,253.902685,8.239523,988.742731,2.149441,164.790455,75.230425,157.625653,78.812826,137.026846,28.927890,26.868009,92.246831,102.994034,75.767785,-82.574348,42.272334,15.225205,67.617823,24.718568,24.091648,4.119761,223.900075
3.560000,1.048796,59.951068,-7.957707,1.060169,59.953507,-5.135122,1.042591,59.955503,-7.707568,1.019259,59.957794,-8.811659,1.020292,59.958406,-8.111746,1.022442,59.958767,-7.559426,1.012434,59.957780,-9.461996,1.011167,59.957382,-9.894856,1.031801,59.952785,-9.815815,1.030784,59.961026,-5.293660,1.026914,59.960256,-6.062499,1.016663,59.960356,-5.995179,1.028321,59.960476,-5.836380,1.025864,59.959203,-7.087386,1.026864,59.958852,-6.875599,1.040134,59.958996,-5.392499,1.042893,59.956703,-6.460362,1.041707,59.956176,-7.312804,1.050241,59.964240,-0.357972,0.986027,59.965097,-1.065255,1.039853,59.959459,-3.271406,1.054735,59.960342,0.663417,1.050252,59.960293,0.484367,1.045084,59.959018,-5.288558,1.067170,59.952361,-3.926806,1.057325,59.950862,-5.031863,1.045859,59.953417,-6.709920,1.045964,59.945585,-2.039768,1.041705,59.943827,0.416722,1.060981,59.953861,-2.633470,0.991108,59.960522,-0.976686,0.990060,59.967834,1.610775,0.996329,59.967600,4.481721,0.997014,59.967420,3.920442,1.049073,59.961336,5.087106,1.063259,59.961848,7.460861,1.038180,59.951563,2.020400,1.008376,59.939821,6.791492,1.025588,59.949704,-9.698202,0.999126,0.999379,0.999749,0.999711,0.999685,0.999143,0.998795,0.999304,-40.449003,0.000000,6.699555,15.091468,11.617148,13.979794,25.341183,-34.095964,288.383297,447.800150,209.391350,467.503357,6.717002,286.592096,294.652499,141.504847,562.436988,245.394482,221.661074,276.382253,200.614467,124.488442,251.663684,184.493662,253.902685,8.239523,988.742731,2.149441,164.790455,75.230425,157.625653,78.812826,137.026846,28.927890,26.868009,92.246831,102.994034,75.767785,-82.574348,42.272334,15.225205,67.617823,24.718568,24.091648,4.119761,223.900075
3.580000,1.048515,59.950994,-8.037803,1.059608,59.952825,-5.200387,1.041938,59.955008,-7.757597,1.018509,59.957728,-8.843235,1.019550,59.958657,-8.137482,1.021695,59.959080,-7.582280,1.011714,59.958054,-9.492136,1.010466,59.957642,-9.927927,1.031454,59.953076,-9.881883,1.029976,59.961257,-5.300599,1.026122,59.960511,-6.074881,1.015846,59.960553,-6.007103,1.027515,59.960615,-5.847701,1.025071,59.959114,-7.108909,1.026055,59.958235,-6.902038,1.039331,59.958162,-5.418882,1.042186,59.956091,-6.502274,1.041018,59.955606,-7.358321,1.049426,59.962464,-0.350810,0.985283,59.962999,-1.053372,1.039003,59.958639,-3.294396,1.053860,59.959551,0.646919,1.049373,59.959499,0.467505,1.044269,59.958184,-5.314784,1.066595,59.951993,-3.998926,1.056922,59.950904,-5.112935,1.045318,59.953147,-6.773980,1.045871,59.946463,-2.155118,1.041693,59.945010,0.290069,1.060302,59.952166,-2.700761,0.990471,59.961808,-0.982516,0.989254,59.968413,1.654483,0.995590,59.965391,4.511152,0.996343,59.964887,3.947089,1.048211,59.960579,5.077917,1.062371,59.961105,7.455422,1.037641,59.951595,1.944317,1.008488,59.941699,6.639085,1.025500,59.950022,-9.786354,0.999133,0.999451,0.999777,0.999647,0.999610,0.999158,0.998854,0.999220,-40.572218,0.000000,6.850223,15.205788,11.717811,13.865410,25.085803,-34.162146,288.383297,447.800150,209.391350,467.503357,6.717002,286.592096,294.652499,141.504847,562.436988,245.394482,221.661074,276.382253,200.614467,124.488442,251.663684,184.493662,253.902685,8.239523,988.742731,2.149441,164.790455,75.230425,157.625653,78.812826,137.026846,28.927890,26.868009,92.246831,102.994034,75.767785,-82.574348,42.272334,15.225205,67.617823,24.718568,24.091648,4.119761,223.900075
3.600000,1.048221,59.950927,-8.115834,1.059013,59.952155,-5.267951,1.041252,59.954479,-7.808781,1.017723,59.957570,-8.873136,1.018769,59.958799,-8.159332,1.020908,59.959279,-7.600824,1.010957,59.958225,-9.518199,1.009728,59.957804,-9.957000,1.031090,59.953330,-9.943454,1.029129,59.961342,-5.303963,1.025292,59.960631,-6.083463,1.014989,59.960615,-6.015649,1.026671,59.960620,-5.856057,1.024242,59.958916,-7.128998,1.025221,59.957534,-6.930735,1.038506,59.957255,-5.449039,1.041450,59.955434,-6.546232,1.040298,59.954995,-7.405567,1.048607,59.960575,-0.354397,0.984545,59.960794,-1.054531,1.038128,59.957746,-3.321059,1.052959,59.958686,0.626951,1.048468,59.958632,0.447157,1.043433,59.957278,-5.344781,1.065999,59.951652,-4.071007,1.056465,59.950984,-5.190963,1.044735,59.952875,-6.837425,1.045697,59.947448,-2.261085,1.041596,59.946326,0.175117,1.059605,59.950516,-2.777506,0.989792,59.962959,-0.977115,0.988408,59.968734,1.703768,0.994839,59.963028,4.526529,0.995689,59.962253,3.957586,1.047324,59.959747,5.065500,1.061454,59.960287,7.446858,1.037080,59.951681,1.871282,1.008518,59.943771,6.503661,1.025408,59.950344,-9.869628,0.999141,0.999520,0.999796,0.999578,0.999533,0.999176,0.998921,0.999138,-40.722876,0.000000,6.980484,15.260794,11.754988,13.727803,24.827220,-34.294786,288.383297,447.800150,209.391350,467.503357,6.717002,286.592096,294.652499,141.504847,562.436988,245.394482,221.661074,276.382253,200.614467,124.488442,251.663684,184.493662,253.902685,8.239523,988.742731,2.149441,164.790455,75.230425,157.625653,78.812826,137.026846,28.927890,26.868009,92.246831,102.994034,75.767785,-82.574348,42.272334,15.225205,67.617823,24.718568,24.091648,4.119761,223.900075
3.620000,1.047915,59.950871,-8.191240,1.058383,59.951507,-5.337191,1.040534,59.953925,-7.860837,1.016903,59.957325,-8.901509,1.017953,59.958832,-8.177594,1.020085,59.959362,-7.615401,1.010165,59.958289,-9.540456,1.008956,59.957864,-9.982306,1.030708,59.953545,-10.000312,1.028246,59.961282,-5.304311,1.024425,59.960617,-6.088732,1.014096,59.960543,-6.021297,1.025791,59.960491,-5.861923,1.023381,59.958614,-7.147927,1.024362,59.956764,-6.961741,1.037661,59.956293,-5.482928,1.040684,59.954744,-6.592018,1.039548,59.954354,-7.454298,1.047784,59.958607,-0.368904,0.983815,59.958520,-1.068844,1.037232,59.956797,-3.351357,1.052034,59.957763,0.603540,1.047539,59.957707,0.423352,1.042575,59.956316,-5.378506,1.065381,59.951343,-4.142345,1.055952,59.951097,-5.265209,1.044106,59.952607,-6.899756,1.045435,59.948519,-2.356504,1.041405,59.947749,0.073192,1.058891,59.948942,-2.862752,0.989072,59.963955,-0.961061,0.987527,59.968793,1.757240,0.994077,59.960558,4.527442,0.995052,59.959559,3.951884,1.046413,59.958852,5.049858,1.060512,59.959409,7.435183,1.036499,59.951808,1.802114,1.008456,59.945996,6.386926,1.025311,59.950671,-9.947505,0.999148,0.999586,0.999805,0.999504,0.999454,0.999197,0.998994,0.999058,-40.899488,0.000000,7.087596,15.255705,11.729224,13.569377,24.569732,-34.491575,288.383297,447.800150,209.391350,467.503357,6.717002,286.592096,294.652499,141.504847,562.436988,245.394482,221.661074,276.382253,200.614467,124.488442,251.663684,184.493662,253.902685,8.239523,988.742731,2.149441,164.790455,75.230425,157.625653,78.812826,137.026846,28.927890,26.868009,92.246831,102.994034,75.767785,-82.574348,42.272334,15.225205,67.617823,24.718568,24.091648,4.119761,223.900075
3.640000,1.047598,59.950830,-8.263466,1.057719,59.950892,-5.407437,1.039786,59.953355,-7.913446,1.016052,59.956999,-8.928497,1.017104,59.958755,-8.192596,1.019229,59.959328,-7.626391,1.009341,59.958248,-9.559205,1.008153,59.957825,-10.004110,1.030311,59.953722,-10.052277,1.027331,59.961079,-5.302221,1.023526,59.960468,-6.091193,1.013169,59.960339,-6.024541,1.024880,59.960233,-5.865781,1.022491,59.958215,-7.165955,1.023484,59.955938,-6.995034,1.036798,59.955292,-5.520413,1.039891,59.954033,-6.639358,1.038769,59.953693,-7.504222,1.046962,59.956596,-0.394279,0.983094,59.956214,-1.096176,1.036316,59.955808,-3.385160,1.051089,59.956797,0.576796,1.046589,59.956741,0.396207,1.041699,59.955316,-5.415821,1.064743,59.951065,-4.212253,1.055382,59.951239,-5.334991,1.043431,59.952344,-6.960479,1.045079,59.949655,-2.440393,1.041114,59.949249,-0.014607,1.058159,59.947474,-2.955352,0.988311,59.964777,-0.935092,0.986617,59.968593,1.813486,0.993309,59.958028,4.513789,0.994433,59.956849,3.930206,1.045483,59.957912,5.031078,1.059546,59.958485,7.420488,1.035897,59.951960,1.737497,1.008294,59.948333,6.290256,1.025209,59.950999,-10.019506,0.999156,0.999646,0.999805,0.999428,0.999375,0.999218,0.999072,0.998984,-41.100015,0.000000,7.169336,15.190973,11.642096,13.392690,24.317558,-34.748906,288.383297,447.800150,209.391350,467.503357,6.717002,286.592096,294.652499,141.504847,562.436988,245.394482,221.661074,276.382253,200.614467,124.488442,251.663684,184.493662,253.902685,8.239523,988.742731,2.149441,164.790455,75.230425,157.625653,78.812826,137.026846,28.927890,26.868009,92.246831,102.994034,75.767785,-82.574348,42.272334,15.225205,67.617823,24.718568,24.091648,4.119761,223.900075
3.660000,1.047269,59.950807,-8.331968,1.057023,59.950320,-5.477979,1.039008,59.952778,-7.966250,1.015173,59.956597,-8.954236,1.016226,59.958572,-8.204686,1.018344,59.959179,-7.634203,1.008489,59.958104,-9.574771,1.007324,59.957688,-10.022697,1.029901,59.953859,-10.099205,1.026389,59.960738,-5.298273,1.022600,59.960190,-6.091368,1.012215,59.960009,-6.025882,1.023941,59.959852,-5.868114,1.021575,59.957726,-7.183324,1.022587,59.955071,-7.030524,1.035920,59.954269,-5.561270,1.039072,59.953312,-6.687929,1.037963,59.953025,-7.555001,1.046142,59.954577,-0.430244,0.982384,59.953916,-1.136152,1.035384,59.954796,-3.422253,1.050128,59.955805,0.546913,1.045622,59.955748,0.365918,1.040809,59.954294,-5.456503,1.064083,59.950820,-4.280073,1.054753,59.951405,-5.399697,1.042712,59.952090,-7.019114,1.044625,59.950831,-2.511965,1.040719,59.950798,-0.087424,1.057411,59.946140,-3.053990,0.987513,59.965411,-0.900098,0.985682,59.968140,1.871092,0.992535,59.955487,4.485785,0.993834,59.954163,3.893042,1.044536,59.956941,5.009324,1.058562,59.957531,7.402937,1.035274,59.952125,1.677982,1.008026,59.950735,6.214674,1.025103,59.951328,-10.085197,0.999164,0.999700,0.999795,0.999351,0.999297,0.999240,0.999152,0.998916,-41.321906,0.000000,7.224044,15.068273,11.496154,13.200429,24.074784,-35.061957,288.383297,447.800150,209.391350,467.503357,6.717002,286.592096,294.652499,141.504847,562.436988,245.394482,221.661074,276.382253,200.614467,124.488442,251.663684,184.493662,253.902685,8.239523,988.742731,2.149441,164.790455,75.230425,157.625653,78.812826,137.026846,28.927890,26.868009,92.246831,102.994034,75.767785,-82.574348,42.272334,15.225205,67.617823,24.718568,24.091648,4.119761,223.900075
3.680000,1.046929,59.950803,-8.396224,1.056296,59.949799,-5.548084,1.038204,59.952205,-8.018867,1.014270,59.956127,-8.978851,1.015324,59.958286,-8.214231,1.017434,59.958918,-7.639263,1.007614,59.957860,-9.587498,1.006471,59.957456,-10.038371,1.029479,59.953958,-10.140988,1.025425,59.960267,-5.293044,1.021651,59.959787,-6.089780,1.011239,59.959558,-6.025816,1.022981,59.959354,-5.869393,1.020638,59.957156,-7.200255,1.021676,59.954177,-7.068057,1.035031,59.953242,-5.605191,1.038231,59.952592,-6.737364,1.037133,59.952358,-7.606262,1.045327,59.952585,-0.476313,0.981688,59.951662,-1.188166,1.034440,59.953778,-3.462340,1.049153,59.954803,0.514164,1.044642,59.954747,0.332763,1.039905,59.953268,-5.500242,1.063403,59.950608,-4.345176,1.054066,59.951588,-5.458798,1.041948,59.951846,-7.075205,1.044072,59.952025,-2.570645,1.040216,59.952366,-0.144660,1.056649,59.944963,-3.157208,0.986681,59.965845,-0.857106,0.984729,59.967445,1.928669,0.991761,59.952981,4.443944,0.993255,59.951540,3.841131,1.043578,59.955956,4.984835,1.057563,59.956562,7.382767,1.034633,59.952289,1.623986,1.007649,59.953160,6.160843,1.024994,59.951655,-10.144197,0.999173,0.999747,0.999776,0.999275,0.999221,0.999260,0.999234,0.998855,-41.562142,0.000000,7.250654,14.890459,11.294860,12.995374,23.845296,-35.424792,288.383297,447.800150,209.391350,467.503357,6.717002,286.592096,294.652499,141.504847,562.436988,245.394482,221.661074,276.382253,200.614467,124.488442,251.663684,184.493662,253.902685,8.239523,988.742731,2.149441,164.790455,75.230425,157.625653,78.812826,137.026846,28.927890,26.868009,92.246831,102.994034,75.767785,-82.574348,42.272334,15.225205,67.617823,24.718568,24.091648,4.119761,223.900075
3.700000,1.046580,59.950820,-8.455743,1.055541,59.949337,-5.617009,1.037376,59.951643,-8.070894,1.013347,59.955597,-9.002456,1.014403,59.957903,-8.221606,1.016504,59.958550,-7.642016,1.006720,59.957521,-9.597744,1.005600,59.957134,-10.051453,1.029048,59.954019,-10.177558,1.024444,59.959673,-5.287094,1.020684,59.959269,-6.086946,1.010245,59.958996,-6.024830,1.022005,59.958749,-5.870072,1.019685,59.956515,-7.216946,1.020754,59.953272,-7.107418,1.034132,59.952227,-5.651792,1.037369,59.951884,-6.787263,1.036282,59.951704,-7.657600,1.044521,59.950655,-0.531795,0.981007,59.949488,-1.251399,1.033487,59.952770,-3.505048,1.048170,59.953808,0.478894,1.043653,59.953752,0.297090,1.038993,59.952253,-5.546656,1.062704,59.950431,-4.406980,1.053321,59.951784,-5.511851,1.041143,59.951615,-7.128324,1.043418,59.953214,-2.616068,1.039605,59.953922,-0.185973,1.055875,59.943964,-3.263436,0.985817,59.966069,-0.807261,0.983766,59.966523,1.984882,0.990989,59.950556,4.389070,0.992697,59.949019,3.775443,1.042612,59.954972,4.957922,1.056555,59.955593,7.360283,1.033974,59.952441,1.575794,1.007161,59.955562,6.129061,1.024881,59.951980,-10.196181,0.999181,0.999786,0.999749,0.999201,0.999147,0.999279,0.999316,0.998803,-41.817294,0.000000,7.248714,14.661499,11.042510,12.780378,23.632729,-35.830497,288.383297,447.800150,209.391350,467.503357,6.717002,286.592096,294.652499,141.504847,562.436988,245.394482,221.661074,276.382253,200.614467,124.488442,251.663684,184.493662,253.902685,8.239523,988.742731,2.149441,164.790455,75.230425,157.625653,78.812826,137.026846,28.927890,26.868009,92.246831,102.994034,75.767785,-82.574348,42.272334,15.225205,67.617823,24.718568,24.091648,4.119761,223.900075
3.720000,1.046222,59.950861,-8.510072,1.054761,59.948940,-5.684010,1.036529,59.951102,-8.121915,1.012411,59.955016,-9.025151,1.013467,59.957429,-8.227192,1.015560,59.958083,-7.642909,1.005812,59.957094,-9.605871,1.004717,59.956729,-10.062269,1.028611,59.954045,-10.208888,1.023454,59.958969,-5.280961,1.019707,59.958644,-6.083372,1.009240,59.958334,-6.023390,1.021019,59.958049,-5.870581,1.018722,59.955815,-7.233565,1.019826,59.952369,-7.148334,1.033228,59.951241,-5.700622,1.036490,59.951200,-6.837195,1.035413,59.951073,-7.708589,1.043724,59.948817,-0.595816,0.980343,59.947427,-1.324837,1.032528,59.951790,-3.549938,1.047183,59.952835,0.441513,1.042659,59.952781,0.259313,1.038076,59.951268,-5.595290,1.061987,59.950287,-4.464949,1.052520,59.951986,-5.558506,1.040298,59.951399,-7.178079,1.042666,59.954374,-2.648088,1.038887,59.955439,-0.211284,1.055090,59.943160,-3.371030,0.984928,59.966078,-0.751805,0.982799,59.965392,2.038465,0.990222,59.948255,4.322234,0.992161,59.946635,3.697161,1.041643,59.954006,4.928958,1.055542,59.954641,7.335850,1.033299,59.952573,1.533570,1.006561,59.957899,6.119264,1.024766,59.952300,-10.240887,0.999190,0.999816,0.999713,0.999130,0.999076,0.999296,0.999397,0.998761,-42.083581,0.000000,7.218387,14.386383,10.744141,12.558345,23.440415,-36.271319,288.383297,447.800150,209.391350,467.503357,6.717002,286.592096,294.652499,141.504847,562.436988,245.394482,221.661074,276.382253,200.614467,124.488442,251.663684,184.493662,253.902685,8.239523,988.742731,2.149441,164.790455,75.230425,157.625653,78.812826,137.026846,28.927890,26.868009,92.246831,102.994034,75.767785,-82.574348,42.272334,15.225205,67.617823,24.718568,24.091648,4.119761,223.900075
3.740000,1.045858,59.950927,-8.558801,1.053960,59.948614,-5.748359,1.035666,59.950591,-8.171511,1.011465,59.954395,-9.047024,1.012523,59.956874,-8.231367,1.014608,59.957524,-7.642392,1.004897,59.956587,-9.612248,1.003826,59.956249,-10.071150,1.028170,59.954038,-10.234988,1.022461,59.958168,-5.275147,1.018725,59.957924,-6.079537,1.008231,59.957582,-6.021934,1.020029,59.957266,-5.871318,1.017753,59.955067,-7.250252,1.018895,59.951485,-7.190482,1.032323,59.950299,-5.751168,1.035598,59.950550,-6.886710,1.034529,59.950475,-7.758787,1.042941,59.947102,-0.667342,0.979697,59.945509,-1.407293,1.031569,59.950851,-3.596516,1.046195,59.951901,0.402486,1.041664,59.951848,0.219899,1.037157,59.950327,-5.645635,1.061253,59.950178,-4.518604,1.051668,59.952189,-5.598506,1.039417,59.951200,-7.224122,1.041818,59.955485,-2.666772,1.038065,59.956888,-0.220769,1.054297,59.942562,-3.478302,0.984017,59.965871,-0.692064,0.981836,59.964075,2.088250,0.989463,59.946119,4.244744,0.991649,59.944421,3.607657,1.040675,59.953073,4.898370,1.054528,59.953719,7.309882,1.032610,59.952677,1.497367,1.005853,59.960130,6.131034,1.024649,59.952614,-10.278120,0.999198,0.999836,0.999671,0.999064,0.999010,0.999310,0.999473,0.998730,-42.356945,0.000000,7.160445,14.071010,10.405437,12.332212,23.271332,-36.738834,288.383297,447.800150,209.391350,467.503357,6.717002,286.592096,294.652499,141.504847,562.436988,245.394482,221.661074,276.382253,200.614467,124.488442,251.663684,184.493662,253.902685,8.239523,988.742731,2.149441,164.790455,75.230425,157.625653,78.812826,137.026846,28.927890,26.868009,92.246831,102.994034,75.767785,-82.574348,42.272334,15.225205,67.617823,24.718568,24.091648,4.119761,223.900075
3.760000,1.045489,59.951018,-8.601577,1.053142,59.948364,-5.809350,1.034791,59.950116,-8.219261,1.010516,59.953744,-9.068144,1.011577,59.956248,-8.234499,1.013654,59.956884,-7.640905,1.003981,59.956009,-9.617233,1.002934,59.955703,-10.078422,1.027728,59.954001,-10.255911,1.021471,59.957284,-5.270118,1.017745,59.957122,-6.075895,1.007224,59.956756,-6.020870,1.019041,59.956415,-5.872643,1.016785,59.954286,-7.267115,1.017965,59.950632,-7.233496,1.031419,59.949416,-5.802871,1.034697,59.949945,-6.935346,1.033636,59.949918,-7.807746,1.042173,59.945535,-0.745196,0.979071,59.943764,-1.497431,1.030612,59.949970,-3.644235,1.045211,59.951019,0.362325,1.040673,59.950968,0.179365,1.036241,59.949445,-5.697132,1.060506,59.950104,-4.567519,1.050766,59.952388,-5.631692,1.038505,59.951021,-7.266146,1.040880,59.956527,-2.672390,1.037143,59.958246,-0.214850,1.053499,59.942178,-3.583554,0.983090,59.965449,-0.629419,0.980885,59.962598,2.133181,0.988715,59.944181,4.158112,0.991161,59.942407,3.508458,1.039712,59.952186,4.866631,1.053518,59.952842,7.282840,1.031909,59.952749,1.467138,1.005039,59.962219,6.163613,1.024530,59.952922,-10.307755,0.999207,0.999846,0.999622,0.999005,0.998948,0.999321,0.999546,0.998709,-42.633124,0.000000,7.076243,13.722057,10.032617,12.104932,23.128066,-37.224124,288.383297,447.800150,209.391350,467.503357,6.717002,286.592096,294.652499,141.504847,562.436988,245.394482,221.661074,276.382253,200.614467,124.488442,251.663684,184.493662,253.902685,8.239523,988.742731,2.149441,164.790455,75.230425,157.625653,78.812826,137.026846,28.927890,26.868009,92.246831,102.994034,75.767785,-82.574348,42.272334,15.225205,67.617823,24.718568,24.091648,4.119761,223.900075
3.780000,1.045116,59.951136,-8.638104,1.052312,59.948192,-5.866318,1.033910,59.949687,-8.264752,1.009571,59.953075,-9.088564,1.010637,59.955561,-8.236944,1.012704,59.956174,-7.638871,1.003070,59.955372,-9.621177,1.002047,59.955102,-10.084405,1.027289,59.953937,-10.271749,1.020491,59.956334,-5.266288,1.016775,59.956254,-6.072861,1.006227,59.955869,-6.020561,1.018063,59.955510,-5.874874,1.015825,59.953484,-7.284230,1.017042,59.949826,-7.276971,1.030522,59.948606,-5.855134,1.033790,59.949392,-6.982632,1.032737,59.949412,-7.855014,1.041422,59.944141,-0.828091,0.978466,59.942214,-1.593794,1.029664,59.949159,-3.692516,1.044236,59.950203,0.321577,1.039691,59.950154,0.138259,1.035331,59.948636,-5.749181,1.059746,59.950066,-4.611330,1.049821,59.952581,-5.657995,1.037565,59.950863,-7.303891,1.039856,59.957484,-2.665406,1.036129,59.959491,-0.194178,1.052698,59.942012,-3.685114,0.982154,59.964817,-0.565287,0.979952,59.960987,2.172330,0.987981,59.942472,4.064018,0.990697,59.940617,3.401228,1.038761,59.951360,4.834245,1.052518,59.952023,7.255212,1.031199,59.952788,1.442752,1.004126,59.964130,6.215928,1.024411,59.953221,-10.329740,0.999215,0.999845,0.999568,0.998952,0.998892,0.999328,0.999612,0.998700,-42.907735,0.000000,6.967690,13.346830,9.632326,11.879456,23.012776,-37.717954,288.383297,447.800150,209.391350,467.503357,6.717002,286.592096,294.652499,141.504847,562.436988,245.394482,221.661074,276.382253,200.614467,124.488442,251.663684,184.493662,253.902685,8.239523,988.742731,2.149441,164.790455,75.230425,157.625653,78.812826,137.026846,28.927890,26.868009,92.246831,102.994034,75.767785,-82.574348,42.272334,15.225205,67.617823,24.718568,24.091648,4.119761,223.900075
3.800000,1.044743,59.951280,-8.668147,1.051474,59.948102,-5.918640,1.033027,59.949310,-8.307586,1.008635,59.952400,-9.108318,1.009707,59.954828,-8.239036,1.011767,59.955408,-7.636692,1.002170,59.954687,-9.624412,1.001171,59.954458,-10.089404,1.026856,59.953851,-10.282633,1.019530,59.955334,-5.264017,1.015820,59.955333,-6.070806,1.005246,59.954938,-6.021327,1.017102,59.954568,-5.878279,1.014877,59.952676,-7.301637,1.016130,59.949080,-7.320473,1.029635,59.947882,-5.907332,1.032884,59.948902,-7.028104,1.031837,59.948965,-7.900147,1.040691,59.942939,-0.914651,0.977884,59.940881,-1.694834,1.028727,59.948431,-3.740752,1.043275,59.949464,0.280811,1.038723,59.949418,0.097155,1.034432,59.947913,-5.801160,1.058977,59.950065,-4.649734,1.048838,59.952764,-5.677435,1.036603,59.950730,-7.337146,1.038757,59.958340,-2.646464,1.035030,59.960602,-0.159617,1.051897,59.942064,-3.781370,0.981216,59.963985,-0.501094,0.979046,59.959272,2.204913,0.987263,59.941017,3.964266,0.990259,59.939074,3.287727,1.037824,59.950605,4.801740,1.051533,59.951274,7.227510,1.030483,59.952793,1.424012,1.003123,59.965836,6.286613,1.024292,59.953510,-10.344098,0.999223,0.999835,0.999509,0.998908,0.998842,0.999331,0.999672,0.998701,-43.176354,0.000000,6.837195,12.953103,9.211513,11.658719,22.927160,-38.210970,288.383297,447.800150,209.391350,467.503357,6.717002,286.592096,294.652499,141.504847,562.436988,245.394482,221.661074,276.382253,200.614467,124.488442,251.663684,184.493662,253.902685,8.239523,988.742731,2.149441,164.790455,75.230425,157.625653,78.812826,137.026846,28.927890,26.868009,92.246831,102.994034,75.767785,-82.574348,42.272334,15.225205,67.617823,24.718568,24.091648,4.119761,223.900075
3.820000,1.044370,59.951451,-8.691542,1.050635,59.948095,-5.965748,1.032148,59.948993,-8.347383,1.007715,59.951731,-9.127420,1.008796,59.954060,-8.241081,1.010849,59.954599,-7.634741,1.001288,59.953969,-9.627249,1.000313,59.953782,-10.093703,1.026431,59.953747,-10.288729,1.018593,59.954303,-5.263608,1.014888,59.954379,-6.070053,1.004290,59.953980,-6.023438,1.016165,59.953607,-5.883075,1.013950,59.951876,-7.319344,1.015235,59.948404,-7.363548,1.028762,59.947255,-5.958824,1.031982,59.948483,-7.071302,1.030942,59.948585,-7.942714,1.039983,59.941945,-1.003449,0.977327,59.939782,-1.798938,1.027807,59.947797,-3.788321,1.042333,59.948814,0.240611,1.037773,59.948772,0.056640,1.033548,59.947286,-5.852429,1.058202,59.950102,-4.682489,1.047824,59.952937,-5.690116,1.035625,59.950625,-7.365746,1.037590,59.959085,-2.616363,1.033857,59.961566,-0.112222,1.051100,59.942330,-3.870793,0.980283,59.962966,-0.438252,0.978174,59.957486,2.230299,0.986566,59.939835,3.860745,0.989848,59.937796,3.169790,1.036909,59.949932,4.769652,1.050568,59.950604,7.200252,1.029763,59.952769,1.410665,1.002038,59.967311,6.374042,1.024174,59.953789,-10.350928,0.999231,0.999813,0.999448,0.998872,0.998798,0.999331,0.999723,0.998714,-43.434601,0.000000,6.687615,12.548952,8.777315,11.445621,22.872437,-38.693878,288.383297,447.800150,209.391350,467.503357,6.717002,286.592096,294.652499,141.504847,562.436988,245.394482,221.661074,276.382253,200.614467,124.488442,251.663684,184.493662,253.902685,8.239523,988.742731,2.149441,164.790455,75.230425,157.625653,78.812826,137.026846,28.927890,26.868009,92.246831,102.994034,75.767785,-82.574348,42.272334,15.225205,67.617823,24.718568,24.091648,4.119761,223.900075
3.840000,1.044001,59.951649,-8.708195,1.049800,59.948172,-6.007138,1.031280,59.948740,-8.383786,1.006817,59.951082,-9.145866,1.007911,59.953273,-8.243357,1.009956,59.953763,-7.633355,1.000433,59.953230,-9.629968,0.999480,59.953088,-10.097565,1.026019,59.953631,-10.290242,1.017689,59.953259,-5.265298,1.013987,59.953407,-6.070869,1.003365,59.953013,-6.027108,1.015258,59.952642,-5.889424,1.013049,59.951099,-7.337323,1.014361,59.947812,-7.405725,1.027909,59.946735,-6.008967,1.031090,59.948141,-7.111784,1.030057,59.948278,-7.982300,1.039300,59.941172,-1.093025,0.976796,59.938929,-1.904463,1.026910,59.947267,-3.834601,1.041415,59.948262,0.201559,1.036847,59.948224,0.017298,1.032684,59.946766,-5.902344,1.057426,59.950178,-4.709413,1.046786,59.953097,-5.696218,1.034639,59.950551,-7.389574,1.036368,59.959710,-2.576046,1.032620,59.962370,-0.053212,1.050310,59.942803,-3.951976,0.979364,59.961777,-0.378130,0.977342,59.955660,2.248017,0.985892,59.938938,3.755382,0.989465,59.936796,3.049285,1.036019,59.949350,4.738517,1.049628,59.950022,7.173954,1.029043,59.952721,1.402425,1.000884,59.968535,6.476363,1.024058,59.954058,-10.350403,0.999239,0.999782,0.999384,0.998845,0.998761,0.999328,0.999766,0.998738,-43.678227,0.000000,6.522187,12.142579,8.336933,11.243003,22.849326,-39.157635,288.383297,447.800150,209.391350,467.503357,6.717002,286.592096,294.652499,141.504847,562.436988,245.394482,221.661074,276.382253,200.614467,124.488442,251.663684,184.493662,253.902685,8.239523,988.742731,2.149441,164.790455,75.230425,157.625653,78.812826,137.026846,28.927890,26.868009,92.246831,102.994034,75.767785,-82.574348,42.272334,15.225205,67.617823,24.718568,24.091648,4.119761,223.900075
3.860000,1.043638,59.951872,-8.718083,1.048974,59.948333,-6.042374,1.030427,59.948558,-8.416470,1.005949,59.950464,-9.163631,1.007058,59.952482,-8.246102,1.009097,59.952915,-7.632827,0.999609,59.952485,-9.632819,0.998678,59.952390,-10.101224,1.025622,59.953506,-10.287409,1.016823,59.952222,-5.269259,1.013123,59.952436,-6.073465,1.002478,59.952053,-6.032494,1.014389,59.951694,-5.897433,1.012182,59.950359,-7.355514,1.013514,59.947313,-7.446530,1.027081,59.946328,-6.057124,1.030215,59.947883,-7.149132,1.029189,59.948051,-8.018519,1.038646,59.940626,-1.181924,0.976294,59.938331,-2.009759,1.026039,59.946849,-3.878976,1.040527,59.947816,0.164226,1.035951,59.947781,-0.020295,1.031845,59.946361,-5.950269,1.056651,59.950295,-4.730382,1.045734,59.953247,-5.695989,1.033652,59.950511,-7.408558,1.035103,59.960209,-2.526570,1.031335,59.963006,0.016057,1.049530,59.943470,-4.023650,0.978466,59.960438,-0.322033,0.976556,59.953827,2.257762,0.985245,59.938335,3.650105,0.989111,59.936083,2.928090,1.035160,59.948867,4.708856,1.048719,59.949536,7.149118,1.028327,59.952656,1.398981,0.999674,59.969494,6.591534,1.023945,59.954315,-10.342774,0.999246,0.999742,0.999319,0.998828,0.998731,0.999321,0.999799,0.998771,-43.903190,0.000000,6.344453,11.742142,7.897510,11.053631,22.858042,-39.593625,288.383297,447.800150,209.391350,467.503357,6.717002,286.592096,294.652499,141.504847,562.436988,245.394482,221.661074,276.382253,200.614467,124.488442,251.663684,184.493662,253.902685,8.239523,988.742731,2.149441,164.790455,75.230425,157.625653,78.812826,137.026846,28.927890,26.868009,92.246831,102.994034,75.767785,-82.574348,42.272334,15.225205,67.617823,24.718568,24.091648,4.119761,223.900075
3.880000,1.043283,59.952122,-8.721258,1.048165,59.948575,-6.071096,1.029597,59.948451,-8.445144,1.005117,59.949889,-9.180671,1.006245,59.951702,-8.249516,1.008279,59.952071,-7.633409,0.998824,59.951748,-9.636017,0.997915,59.951702,-10.104884,1.025243,59.953380,-10.280497,1.016003,59.951211,-5.275593,1.012304,59.951484,-6.077991,1.001636,59.951120,-6.039695,1.013564,59.950777,-5.907149,1.011354,59.949670,-7.373826,1.012700,59.946914,-7.485494,1.026282,59.946043,-6.102678,1.029362,59.947713,-7.182954,1.028343,59.947907,-8.051011,1.038023,59.940313,-1.268721,0.975822,59.937993,-2.113206,1.025202,59.946548,-3.920853,1.039674,59.947481,0.129164,1.035090,59.947451,-0.055586,1.031037,59.946076,-5.995589,1.055882,59.950454,-4.745334,1.044677,59.953387,-5.689740,1.032671,59.950509,-7.422672,1.033809,59.960580,-2.469087,1.030016,59.963469,0.094117,1.048763,59.944318,-4.084712,0.977598,59.958973,-0.271174,0.975823,59.952020,2.259396,0.984627,59.938026,3.546798,0.988787,59.935661,2.808059,1.034339,59.948488,4.681169,1.047848,59.949151,7.126222,1.027619,59.952584,1.400016,0.998423,59.970178,6.717363,1.023835,59.954561,-10.328358,0.999253,0.999693,0.999255,0.998820,0.998708,0.999312,0.999822,0.998814,-44.105737,0.000000,6.158185,11.355584,7.466018,10.880163,22.898285,-39.993827,288.383297,447.800150,209.391350,467.503357,6.717002,286.592096,294.652499,141.504847,562.436988,245.394482,221.661074,276.382253,200.614467,124.488442,251.663684,184.493662,253.902685,8.239523,988.742731,2.149441,164.790455,75.230425,157.625653,78.812826,137.026846,28.927890,26.868009,92.246831,102.994034,75.767785,-82.574348,42.272334,15.225205,67.617823,24.718568,24.091648,4.119761,223.900075
3.900000,1.042938,59.952395,-8.717846,1.047377,59.948898,-6.093026,1.028796,59.948422,-8.469554,1.004327,59.949369,-9.196926,1.005478,59.950947,-8.253758,1.007507,59.951248,-7.635298,0.998084,59.951036,-9.639734,0.997195,59.951038,-10.108713,1.024886,59.953256,-10.269802,1.015235,59.950244,-5.284335,1.011534,59.950568,-6.084536,1.000846,59.950229,-6.048751,1.012790,59.949911,-5.918565,1.010572,59.949044,-7.392140,1.011924,59.946624,-7.522159,1.025518,59.945882,-6.145045,1.028537,59.947637,-7.212897,1.027525,59.947852,-8.079459,1.037434,59.940231,-1.352046,0.975383,59.937914,-2.213238,1.024403,59.946368,-3.959669,1.038863,59.947261,0.096888,1.034270,59.947236,-0.088053,1.030264,59.945915,-6.037718,1.055125,59.950656,-4.754261,1.043625,59.953520,-5.677834,1.031706,59.950549,-7.431933,1.032502,59.960824,-2.404820,1.028678,59.963760,0.179417,1.048012,59.945328,-4.134245,0.976768,59.957407,-0.226651,0.975146,59.950271,2.252944,0.984041,59.938009,3.447266,0.988495,59.935531,2.690991,1.033559,59.948217,4.655921,1.047019,59.948871,7.105709,1.026922,59.952513,1.405215,0.997148,59.970583,6.851544,1.023730,59.954794,-10.307546,0.999259,0.999636,0.999192,0.998821,0.998693,0.999300,0.999835,0.998864,-44.282477,0.000000,5.967296,10.990471,7.049142,10.725125,22.969250,-40.350965,288.383297,447.800150,209.391350,467.503357,6.717002,286.592096,294.652499,141.504847,562.436988,245.394482,221.661074,276.382253,200.614467,124.488442,251.663684,184.493662,253.902685,8.239523,988.742731,2.149441,164.790455,75.230425,157.625653,78.812826,137.026846,28.927890,26.868009,92.246831,102.994034,75.767785,-82.574348,42.272334,15.225205,67.617823,24.718568,24.091648,4.119761,223.900075
3.920000,1.042607,59.952691,-8.708045,1.046616,59.949298,-6.107968,1.028029,59.948474,-8.489492,1.003586,59.948915,-9.212319,1.004763,59.950234,-8.258942,1.006788,59.950461,-7.638643,0.997396,59.950360,-9.644106,0.996525,59.950412,-10.112844,1.024554,59.953141,-10.255645,1.014524,59.949340,-5.295452,1.010821,59.949706,-6.093126,1.000113,59.949398,-6.059642,1.012071,59.949110,-5.931618,1.009842,59.948494,-7.410310,1.011192,59.946448,-7.556089,1.024795,59.945849,-6.183678,1.027747,59.947655,-7.238649,1.026743,59.947887,-8.103583,1.036883,59.940378,-1.430611,0.974979,59.938091,-2.308366,1.023648,59.946313,-3.994903,1.038098,59.947159,0.067876,1.033497,59.947140,-0.117219,1.029533,59.945882,-6.076113,1.054384,59.950904,-4.757212,1.042589,59.953648,-5.660679,1.030766,59.950631,-7.436401,1.031198,59.960944,-2.335042,1.027340,59.963879,0.270354,1.047282,59.946482,-4.171529,0.975984,59.955769,-0.189426,0.974531,59.948610,2.238595,0.983492,59.938273,3.353199,0.988237,59.935690,2.578604,1.032827,59.948057,4.633537,1.046238,59.948699,7.087980,1.026241,59.952456,1.414279,0.995866,59.970710,6.991702,1.023631,59.955016,-10.280789,0.999265,0.999572,0.999131,0.998831,0.998685,0.999287,0.999838,0.998922,-44.430446,0.000000,5.775760,10.653841,6.653170,10.590879,23.069634,-40.658648,288.383297,447.800150,209.391350,467.503357,6.717002,286.592096,294.652499,141.504847,562.436988,245.394482,221.661074,276.382253,200.614467,124.488442,251.663684,184.493662,253.902685,8.239523,988.742731,2.149441,164.790455,75.230425,157.625653,78.812826,137.026846,28.927890,26.868009,92.246831,102.994034,75.767785,-82.574348,42.272334,15.225205,67.617823,24.718568,24.091648,4.119761,223.900075
3.940000,1.042291,59.953009,-8.692123,1.045889,59.949769,-6.115817,1.027302,59.948608,-8.504799,1.002900,59.948535,-9.226761,1.004105,59.949575,-8.265134,1.006128,59.949726,-7.643537,0.996764,59.949737,-9.649224,0.995910,59.949836,-10.117377,1.024248,59.953040,-10.238368,1.013875,59.948514,-5.308846,1.010169,59.948914,-6.103726,0.999443,59.948643,-6.072293,1.011414,59.948389,-5.946193,1.009168,59.948029,-7.428171,1.010508,59.946387,-7.586877,1.024116,59.945943,-6.218085,1.026999,59.947769,-7.259946,1.026001,59.948013,-8.123155,1.036372,59.940745,-1.503232,0.974613,59.938516,-2.397211,1.022942,59.946382,-4.026084,1.037385,59.947175,0.042552,1.032775,59.947162,-0.142655,1.028848,59.945977,-6.110281,1.053664,59.951196,-4.754291,1.041580,59.953773,-5.638725,1.029859,59.950760,-7.436179,1.029914,59.960944,-2.261052,1.026019,59.963833,0.365294,1.046574,59.947757,-4.196056,0.975253,59.954090,-0.160304,0.973979,59.947066,2.216689,0.982982,59.938806,3.266142,0.988013,59.936127,2.472509,1.032148,59.948008,4.614390,1.045511,59.948635,7.073388,1.025580,59.952424,1.426926,0.994595,59.970563,7.135428,1.023537,59.955226,-10.248597,0.999271,0.999503,0.999074,0.998849,0.998683,0.999274,0.999830,0.998985,-44.547165,0.000000,5.587522,10.352068,6.283901,10.479583,23.197650,-40.911485,288.383297,447.800150,209.391350,467.503357,6.717002,286.592096,294.652499,141.504847,562.436988,245.394482,221.661074,276.382253,200.614467,124.488442,251.663684,184.493662,253.902685,8.239523,988.742731,2.149441,164.790455,75.230425,157.625653,78.812826,137.026846,28.927890,26.868009,92.246831,102.994034,75.767785,-82.574348,42.272334,15.225205,67.617823,24.718568,24.091648,4.119761,223.900075
3.960000,1.041993,59.953345,-8.670418,1.045200,59.950307,-6.116559,1.026621,59.948823,-8.515366,1.002272,59.948239,-9.240154,1.003511,59.948984,-8.272360,1.005532,59.949058,-7.650020,0.996193,59.949177,-9.655139,0.995354,59.949322,-10.122372,1.023971,59.952957,-10.218329,1.013293,59.947782,-5.324358,1.009583,59.948207,-6.116244,0.998840,59.947977,-6.086575,1.010822,59.947763,-5.962125,1.008556,59.947660,-7.445540,1.009879,59.946445,-7.614156,1.023488,59.946164,-6.247835,1.026298,59.947979,-7.276579,1.025306,59.948230,-8.137999,1.035906,59.941322,-1.568847,0.974287,59.939176,-2.478519,1.022291,59.946573,-4.052805,1.036729,59.947308,0.021282,1.032111,59.947301,-0.163991,1.028215,59.946197,-6.139793,1.052972,59.951532,-4.745656,1.040608,59.953900,-5.612453,1.028994,59.950935,-7.431411,1.028667,59.960833,-2.184157,1.024734,59.963630,0.462602,1.045892,59.949130,-4.207540,0.974583,59.952402,-0.139918,0.973495,59.945666,2.187713,0.982515,59.939589,3.187469,0.987826,59.936832,2.374185,1.031526,59.948070,4.598802,1.044842,59.948678,7.062229,1.024943,59.952426,1.442902,0.993355,59.970153,7.280320,1.023450,59.955424,-10.211535,0.999276,0.999430,0.999021,0.998875,0.998689,0.999260,0.999812,0.999052,-44.630691,0.000000,5.406420,10.090737,5.946548,10.393164,23.351050,-41.105181,288.383297,447.800150,209.391350,467.503357,6.717002,286.592096,294.652499,141.504847,562.436988,245.394482,221.661074,276.382253,200.614467,124.488442,251.663684,184.493662,253.902685,8.239523,988.742731,2.149441,164.790455,75.230425,157.625653,78.812826,137.026846,28.927890,26.868009,92.246831,102.994034,75.767785,-82.574348,42.272334,15.225205,67.617823,24.718568,24.091648,4.119761,223.900075
3.980000,1.041715,59.953698,-8.643330,1.044554,59.950904,-6.110272,1.025991,59.949117,-8.521140,1.001707,59.948033,-9.252393,1.002982,59.948474,-8.280599,1.005002,59.948469,-7.658080,0.995686,59.948694,-9.661861,0.994861,59.948882,-10.127856,1.023725,59.952897,-10.195904,1.012781,59.947159,-5.341772,1.009065,59.947598,-6.130531,0.998307,59.947414,-6.102311,1.010299,59.947244,-5.979208,1.008010,59.947394,-7.462223,1.009307,59.946621,-7.637605,1.022915,59.946506,-6.272564,1.025650,59.948282,-7.288397,1.024664,59.948535,-8.147999,1.035487,59.942095,-1.626536,0.974002,59.940058,-2.551180,1.021699,59.946884,-4.074724,1.036134,59.947555,0.004370,1.031508,59.947554,-0.180925,1.027637,59.946538,-6.164285,1.052311,59.951912,-4.731517,1.039686,59.954030,-5.582372,1.028181,59.951157,-7.422284,1.027474,59.960617,-2.105655,1.023503,59.963280,0.560665,1.045237,59.950574,-4.205918,0.973978,59.950737,-0.128715,0.973078,59.944434,2.152284,0.982092,59.940601,3.118365,0.987677,59.937788,2.284960,1.030967,59.948240,4.587032,1.044237,59.948826,7.054738,1.024333,59.952473,1.461976,0.992164,59.969494,7.424016,1.023371,59.955612,-10.170209,0.999280,0.999353,0.998974,0.998908,0.998702,0.999246,0.999785,0.999122,-44.679658,0.000000,5.236102,9.874549,5.645660,10.333272,23.527154,-41.236611,288.383297,447.800150,209.391350,467.503357,6.717002,286.592096,294.652499,141.504847,562.436988,245.394482,221.661074,276.382253,200.614467,124.488442,251.663684,184.493662,253.902685,8.239523,988.742731,2.149441,164.790455,75.230425,157.625653,78.812826,137.026846,28.927890,26.868009,92.246831,102.994034,75.767785,-82.574348,42.272334,15.225205,67.617823,24.718568,24.091648,4.119761,223.900075
4.000000,1.041457,59.954065,-8.611321,1.043954,59.951554,-6.097128,1.025415,59.949489,-8.522129,1.001208,59.947922,-9.263372,1.002523,59.948055,-8.289790,1.004543,59.947973,-7.667651,0.995247,59.948297,-9.669362,0.994434,59.948525,-10.133821,1.023511,59.952864,-10.171475,1.012339,59.946656,-5.360821,1.008619,59.947101,-6.146390,0.997847,59.946965,-6.119279,1.009847,59.946841,-5.997197,1.007531,59.947237,-7.478018,1.008797,59.946911,-7.656957,1.022400,59.946964,-6.291988,1.025060,59.948674,-7.295313,1.024078,59.948925,-8.153098,1.035117,59.943046,-1.675532,0.973760,59.941143,-2.614249,1.021169,59.947308,-4.091575,1.035605,59.947911,-0.007954,1.030971,59.947917,-0.193223,1.027118,59.946996,-6.183476,1.051686,59.952334,-4.712137,1.038822,59.954165,-5.549013,1.027427,59.951427,-7.409026,1.026352,59.960308,-2.026816,1.022344,59.962795,0.657909,1.044612,59.952066,-4.191352,0.973443,59.949129,-0.126948,0.972729,59.943390,2.111137,0.981717,59.941818,3.059801,0.987567,59.938976,2.205992,1.030473,59.948514,4.579275,1.043698,59.949075,7.051088,1.023754,59.952575,1.483945,0.991042,59.968603,7.564228,1.023299,59.955789,-10.125265,0.999284,0.999275,0.998932,0.998946,0.998721,0.999234,0.999748,0.999194,-44.693303,0.000000,5.079950,9.707231,5.385058,10.301247,23.722882,-41.303867,288.383297,447.800150,209.391350,467.503357,6.717002,286.592096,294.652499,141.504847,562.436988,245.394482,221.661074,276.382253,200.614467,124.488442,251.663684,184.493662,253.902685,8.239523,988.742731,2.149441,164.790455,75.230425,157.625653,78.812826,137.026846,28.927890,26.868009,92.246831,102.994034,75.767785,-82.574348,42.272334,15.225205,67.617823,24.718568,24.091648,4.119761,223.900075
4.020000,1.041221,59.954442,-8.574907,1.043404,59.952246,-6.077391,1.024897,59.949932,-8.518399,1.000777,59.947910,-9.272988,1.002134,59.947736,-8.299834,1.004155,59.947580,-7.678621,0.994877,59.947996,-9.677577,0.994073,59.948260,-10.140230,1.023330,59.952861,-10.145433,1.011971,59.946283,-5.381195,1.008245,59.946724,-6.163576,0.997461,59.946638,-6.137218,1.009466,59.946562,-6.015815,1.007122,59.947192,-7.492724,1.008352,59.947312,-7.672000,1.021947,59.947530,-6.305903,1.024532,59.949150,-7.297309,1.023553,59.949396,-8.153308,1.034798,59.944156,-1.715233,0.973564,59.942410,-2.666956,1.020705,59.947839,-4.103172,1.035145,59.948370,-0.015531,1.030503,59.948382,-0.200727,1.026663,59.947562,-6.197162,1.051102,59.952793,-4.687831,1.038028,59.954308,-5.512929,1.026741,59.951741,-7.391908,1.025317,59.959915,-1.948870,1.021275,59.962189,0.752824,1.044019,59.953577,-4.164225,0.972982,59.947608,-0.134668,0.972448,59.942552,2.065109,0.981390,59.943213,3.012532,0.987497,59.940373,2.138251,1.030047,59.948888,4.575660,1.043228,59.949420,7.051385,1.023209,59.952736,1.508629,0.990006,59.967500,7.698775,1.023236,59.955955,-10.077377,0.999288,0.999197,0.998897,0.998990,0.998746,0.999223,0.999703,0.999266,-44.671487,0.000000,4.941016,9.591482,5.167776,10.298080,23.934790,-41.306287,288.383297,447.800150,209.391350,467.503357,6.717002,286.592096,294.652499,141.504847,562.436988,245.394482,221.661074,276.382253,200.614467,124.488442,251.663684,184.493662,253.902685,8.239523,988.742731,2.149441,164.790455,75.230425,157.625653,78.812826,137.026846,28.927890,26.868009,92.246831,102.994034,75.767785,-82.574348,42.272334,15.225205,67.617823,24.718568,24.091648,4.119761,223.900075
4.040000,1.041009,59.954826,-8.534654,1.042907,59.952972,-6.051422,1.024439,59.950442,-8.510084,1.000416,59.948000,-9.281143,1.001816,59.947525,-8.310600,1.003840,59.947298,-7.690837,0.994575,59.947798,-9.686412,0.993780,59.948093,-10.147020,1.023181,59.952892,-10.118171,1.011674,59.946048,-5.402550,1.007942,59.946475,-6.181811,0.997148,59.946441,-6.155840,1.009158,59.946414,-6.034764,1.006783,59.947262,-7.506147,1.007973,59.947817,-7.682596,1.021558,59.948196,-6.314198,1.024069,59.949703,-7.294437,1.023092,59.949939,-8.148709,1.034532,59.945405,-1.745213,0.973414,59.943837,-2.708721,1.020310,59.948466,-4.109415,1.034755,59.948923,-0.018286,1.030105,59.948942,-0.203361,1.026272,59.948226,-6.205235,1.050562,59.953287,-4.658969,1.037312,59.954459,-5.474690,1.026127,59.952097,-7.371246,1.024385,59.959449,-1.872995,1.020313,59.961475,0.843974,1.043458,59.955083,-4.125138,0.972597,59.946206,-0.151728,0.972232,59.941933,2.015119,0.981112,59.944756,2.977081,0.987468,59.941956,2.082510,1.029691,59.949353,4.576242,1.042830,59.949855,7.055664,1.022701,59.952963,1.535859,0.989075,59.966208,7.825607,1.023181,59.956112,-10.027243,0.999291,0.999120,0.998869,0.999037,0.998776,0.999215,0.999650,0.999336,-44.614701,0.000000,4.821959,9.528931,4.996019,10.324379,24.159119,-41.244451,288.383297,447.800150,209.391350,467.503357,6.717002,286.592096,294.652499,141.504847,562.436988,245.394482,221.661074,276.382253,200.614467,124.488442,251.663684,184.493662,253.902685,8.239523,988.742731,2.149441,164.790455,75.230425,157.625653,78.812826,137.026846,28.927890,26.868009,92.246831,102.994034,75.767785,-82.574348,42.272334,15.225205,67.617823,24.718568,24.091648,4.119761,223.900075
4.060000,1.040821,59.955213,-8.491161,1.042463,59.953722,-6.019656,1.024042,59.951011,-8.497370,1.000123,59.948190,-9.287744,1.001569,59.947428,-8.321917,1.003595,59.947134,-7.704094,0.994342,59.947707,-9.695734,0.993552,59.948030,-10.154091,1.023065,59.952958,-10.090070,1.011448,59.945955,-5.424504,1.007711,59.946361,-6.200775,0.996908,59.946378,-6.174822,1.008921,59.946400,-6.053719,1.006514,59.947446,-7.518092,1.007660,59.948418,-7.688659,1.021235,59.948949,-6.316840,1.023675,59.950324,-7.286814,1.022696,59.950548,-8.139440,1.034319,59.946770,-1.765210,0.973309,59.945397,-2.739141,1.019984,59.949181,-4.110282,1.034436,59.949562,-0.016209,1.029779,59.949587,-0.201119,1.025947,59.948979,-6.207662,1.050070,59.953810,-4.625961,1.036681,59.954619,-5.434867,1.025593,59.952492,-7.347386,1.023569,59.958922,-1.800295,1.019471,59.960671,0.930027,1.042930,59.956556,-4.074883,0.972287,59.944952,-0.177775,0.972079,59.941544,1.962160,0.980885,59.946418,2.953750,0.987481,59.943696,2.039343,1.029406,59.949903,4.581019,1.042505,59.950371,7.063903,1.022231,59.953258,1.565486,0.988263,59.964752,7.942841,1.023135,59.956260,-9.975560,0.999293,0.999046,0.998848,0.999087,0.998811,0.999209,0.999591,0.999404,-44.524059,0.000000,4.724997,9.520124,4.871139,10.380338,24.391841,-41.120161,288.383297,447.800150,209.391350,467.503357,6.717002,286.592096,294.652499,141.504847,562.436988,245.394482,221.661074,276.382253,200.614467,124.488442,251.663684,184.493662,253.902685,8.239523,988.742731,2.149441,164.790455,75.230425,157.625653,78.812826,137.026846,28.927890,26.868009,92.246831,102.994034,75.767785,-82.574348,42.272334,15.225205,67.617823,24.718568,24.091648,4.119761,223.900075
4.080000,1.040656,59.955600,-8.445064,1.042073,59.954483,-5.982620,1.023708,59.951631,-8.480508,0.999898,59.948479,-9.292711,1.001390,59.947448,-8.333593,1.003420,59.947094,-7.718161,0.994175,59.947729,-9.705388,0.993390,59.948072,-10.161328,1.022980,59.953062,-10.061510,1.011290,59.946007,-5.446660,1.007549,59.946385,-6.220127,0.996738,59.946452,-6.193828,1.008752,59.946522,-6.072348,1.006314,59.947744,-7.528383,1.007415,59.949106,-7.690181,1.020977,59.949779,-6.313893,1.023351,59.951005,-7.274629,1.022367,59.951213,-8.125716,1.034159,59.948225,-1.775144,0.973251,59.947064,-2.758016,1.019727,59.949971,-4.105842,1.034190,59.950275,-0.009376,1.029525,59.950306,-0.194078,1.025690,59.949807,-6.204508,1.049629,59.954355,-4.589269,1.036143,59.954786,-5.394048,1.025142,59.952919,-7.320719,1.022882,59.958345,-1.731808,1.018764,59.959791,1.009752,1.042436,59.957973,-4.014445,0.972052,59.943871,-0.212271,0.971984,59.941389,1.907266,0.980707,59.948167,2.942608,0.987534,59.945564,2.009112,1.029191,59.950528,4.589913,1.042252,59.950960,7.076006,1.021802,59.953621,1.597360,0.987585,59.963158,8.048773,1.023097,59.956400,-9.923033,0.999295,0.998976,0.998835,0.999139,0.998851,0.999207,0.999526,0.999467,-44.401285,0.000000,4.651862,9.564530,4.793619,10.465705,24.628715,-40.936393,288.383297,447.800150,209.391350,467.503357,6.717002,286.592096,294.652499,141.504847,562.436988,245.394482,221.661074,276.382253,200.614467,124.488442,251.663684,184.493662,253.902685,8.239523,988.742731,2.149441,164.790455,75.230425,157.625653,78.812826,137.026846,28.927890,26.868009,92.246831,102.994034,75.767785,-82.574348,42.272334,15.225205,67.617823,24.718568,24.091648,4.119761,223.900075
4.100000,1.040516,59.955983,-8.397025,1.041738,59.955246,-5.940914,1.023435,59.952294,-8.459810,0.999739,59.948865,-9.295983,1.001276,59.947587,-8.345416,1.003311,59.947180,-7.732775,0.994071,59.947865,-9.715201,0.993288,59.948223,-10.168595,1.022926,59.953203,-10.032858,1.011197,59.946205,-5.468608,1.007451,59.946548,-6.239509,0.996635,59.946662,-6.212513,1.008648,59.946779,-6.090318,1.006179,59.948151,-7.536865,1.007235,59.949871,-7.687223,1.020784,59.950671,-6.305508,1.023096,59.951734,-7.258143,1.022106,59.951924,-8.107815,1.034051,59.949747,-1.775112,0.973238,59.948811,-2.765340,1.019540,59.950824,-4.096250,1.034014,59.951052,0.002060,1.029342,59.951088,-0.182394,1.025498,59.950698,-6.195928,1.049239,59.954916,-4.549404,1.035703,59.954959,-5.352824,1.024778,59.953374,-7.291674,1.022332,59.957729,-1.668485,1.018202,59.958850,1.082036,1.041974,59.959310,-3.944977,0.971889,59.942987,-0.254500,0.971944,59.941471,1.851496,0.980578,59.949972,2.943504,0.987627,59.947530,1.991963,1.029046,59.951218,4.602781,1.042070,59.951612,7.091814,1.021415,59.954050,1.631318,0.987054,59.961455,8.141894,1.023068,59.956533,-9.870360,0.999297,0.998911,0.998830,0.999192,0.998894,0.999208,0.999455,0.999525,-44.248682,0.000000,4.603775,9.660565,4.763077,10.579766,24.865345,-40.697231,288.383297,447.800150,209.391350,467.503357,6.717002,286.592096,294.652499,141.504847,562.436988,245.394482,221.661074,276.382253,200.614467,124.488442,251.663684,184.493662,253.902685,8.239523,988.742731,2.149441,164.790455,75.230425,157.625653,78.812826,137.026846,28.927890,26.868009,92.246831,102.994034,75.767785,-82.574348,42.272334,15.225205,67.617823,24.718568,24.091648,4.119761,223.900075
4.120000,1.040398,59.956357,-8.347721,1.041457,59.955998,-5.895209,1.023223,59.952989,-8.435640,0.999641,59.949343,-9.297514,1.001224,59.947845,-8.357155,1.003263,59.947393,-7.747651,0.994027,59.948114,-9.724979,0.993245,59.948482,-10.175745,1.022900,59.953384,-10.004462,1.011164,59.946546,-5.489936,1.007414,59.946848,-6.258553,0.996595,59.947007,-6.230528,1.008605,59.947167,-6.107296,1.006106,59.948661,-7.543400,1.007120,59.950700,-7.679916,1.020655,59.951612,-6.291926,1.022911,59.952501,-7.237683,1.021910,59.952671,-8.086079,1.033994,59.951311,-1.765373,0.973269,59.950609,-2.761293,1.019420,59.951726,-4.081742,1.033907,59.951879,0.017871,1.029227,59.951920,-0.166299,1.025371,59.951637,-6.182162,1.048903,59.955484,-4.506916,1.035363,59.955136,-5.311785,1.024502,59.953849,-7.260714,1.021928,59.957083,-1.611190,1.017794,59.957866,1.145891,1.041545,59.960546,-3.867778,0.971794,59.942319,-0.303583,0.971954,59.941787,1.795920,0.980497,59.951802,2.956075,0.987759,59.949562,1.987836,1.028968,59.951962,4.619411,1.041957,59.952316,7.111105,1.021069,59.954539,1.667185,0.986679,59.959670,8.220916,1.023046,59.956658,-9.818218,0.999298,0.998854,0.998832,0.999244,0.998941,0.999212,0.999382,0.999578,-44.069094,0.000000,4.581421,9.805649,4.778281,10.721329,25.097240,-40.407774,288.383297,447.800150,209.391350,467.503357,6.717002,286.592096,294.652499,141.504847,562.436988,245.394482,221.661074,276.382253,200.614467,124.488442,251.663684,184.493662,253.902685,8.239523,988.742731,2.149441,164.790455,75.230425,157.625653,78.812826,137.026846,28.927890,26.868009,92.246831,102.994034,75.767785,-82.574348,42.272334,15.225205,67.617823,24.718568,24.091648,4.119761,223.900075
4.140000,1.040303,59.956718,-8.297835,1.041227,59.956729,-5.846233,1.023069,59.953707,-8.408413,0.999602,59.949905,-9.297276,1.001228,59.948219,-8.368569,1.003273,59.947731,-7.762486,0.994037,59.948474,-9.734516,0.993254,59.948846,-10.182613,1.022899,59.953602,-9.976652,1.011186,59.947027,-5.510235,1.007432,59.947282,-6.276888,0.996611,59.947482,-6.247526,1.008619,59.947682,-6.122961,1.006091,59.949268,-7.547878,1.007064,59.951581,-7.668454,1.020588,59.952587,-6.273466,1.022794,59.953294,-7.213634,1.021779,59.953442,-8.060905,1.033986,59.952890,-1.746347,0.973342,59.952430,-2.746237,1.019364,59.952663,-4.062633,1.033865,59.952745,0.037762,1.029180,59.952790,-0.146095,1.025306,59.952609,-6.163531,1.048620,59.956051,-4.462391,1.035127,59.955314,-5.271520,1.024315,59.954337,-7.228327,1.021675,59.956419,-1.560689,1.017547,59.956854,1.200469,1.041148,59.961662,-3.784267,0.971763,59.941882,-0.358500,0.972006,59.942331,1.741590,0.980459,59.953628,2.979761,0.987928,59.951630,1.996462,1.028954,59.952747,4.639534,1.041911,59.953061,7.133597,1.020765,59.955080,1.704757,0.986468,59.957832,8.284776,1.023033,59.956777,-9.767257,0.999299,0.998804,0.998842,0.999295,0.998989,0.999220,0.999305,0.999623,-43.865858,0.000000,4.584946,9.996264,4.837178,10.888717,25.319886,-40.074033,288.383297,447.800150,209.391350,467.503357,6.717002,286.592096,294.652499,141.504847,562.436988,245.394482,221.661074,276.382253,200.614467,124.488442,251.663684,184.493662,253.902685,8.239523,988.742731,2.149441,164.790455,75.230425,157.625653,78.812826,137.026846,28.927890,26.868009,92.246831,102.994034,75.767785,-82.574348,42.272334,15.225205,67.617823,24.718568,24.091648,4.119761,223.900075
4.160000,1.040229,59.957063,-8.248046,1.041047,59.957428,-5.794760,1.022970,59.954437,-8.378586,0.999615,59.950546,-9.295263,1.001283,59.948705,-8.379411,1.003333,59.948191,-7.776965,0.994096,59.948943,-9.743597,0.993311,59.949312,-10.189029,1.022923,59.953858,-9.949730,1.011256,59.947639,-5.529106,1.007500,59.947844,-6.294147,0.996678,59.948081,-6.263171,1.008682,59.948316,-6.137007,1.006128,59.949963,-7.550213,1.007066,59.952501,-7.653096,1.020579,59.953580,-6.250522,1.022743,59.954101,-7.186437,1.021709,59.954226,-8.032743,1.034024,59.954461,-1.718603,0.973454,59.954246,-2.720706,1.019369,59.953620,-4.039306,1.033886,59.953634,0.061370,1.029194,59.953682,-0.122146,1.025301,59.953601,-6.140432,1.048390,59.956609,-4.416450,1.034995,59.955491,-5.232605,1.024217,59.954830,-7.195028,1.021577,59.955746,-1.517645,1.017463,59.955829,1.245063,1.040781,59.962641,-3.695960,0.971789,59.941687,-0.418108,0.972097,59.943092,1.689531,0.980464,59.955419,3.013820,0.988133,59.953701,2.017380,1.028999,59.953562,4.662823,1.041927,59.953834,7.158959,1.020502,59.955665,1.743801,0.986425,59.955971,8.332653,1.023026,59.956891,-9.718093,0.999300,0.998763,0.998859,0.999344,0.999039,0.999231,0.999228,0.999660,-43.642745,0.000000,4.613956,10.228045,4.936942,11.079770,25.528807,-39.702806,288.383297,447.800150,209.391350,467.503357,6.717002,286.592096,294.652499,141.504847,562.436988,245.394482,221.661074,276.382253,200.614467,124.488442,251.663684,184.493662,253.902685,8.239523,988.742731,2.149441,164.790455,75.230425,157.625653,78.812826,137.026846,28.927890,26.868009,92.246831,102.994034,75.767785,-82.574348,42.272334,15.225205,67.617823,24.718568,24.091648,4.119761,223.900075
4.180000,1.040175,59.957389,-8.199019,1.040914,59.958085,-5.741603,1.022923,59.955169,-8.346652,0.999676,59.951255,-9.291486,1.001383,59.949298,-8.389431,1.003438,59.948767,-7.790768,0.994198,59.949514,-9.752003,0.993409,59.949874,-10.194817,1.022967,59.954149,-9.923969,1.011370,59.948374,-5.546172,1.007612,59.948526,-6.309974,0.996790,59.948795,-6.277144,1.008789,59.949060,-6.149148,1.006213,59.950736,-7.550349,1.007121,59.953446,-7.634154,1.020625,59.954579,-6.223557,1.022754,59.954909,-7.156579,1.021698,59.955012,-8.002083,1.034105,59.956001,-1.682837,0.973603,59.956030,-2.685390,1.019432,59.954584,-4.012212,1.033965,59.954535,0.088279,1.029267,59.954585,-0.094879,1.025350,59.954597,-6.113326,1.048212,59.957148,-4.369736,1.034966,59.955663,-5.195599,1.024204,59.955322,-7.161343,1.021634,59.955074,-1.482609,1.017546,59.954806,1.279116,1.040443,59.963470,-3.604435,0.971866,59.941740,-0.481169,0.972218,59.944057,1.640717,0.980507,59.957148,3.057351,0.988370,59.955745,2.049943,1.029101,59.954394,4.688900,1.042001,59.954624,7.186808,1.020279,59.956281,1.784040,0.986553,59.954114,8.363969,1.023026,59.957000,-9.671293,0.999300,0.998732,0.998884,0.999390,0.999090,0.999245,0.999150,0.999690,-43.403892,0.000000,4.667536,10.495880,5.074028,11.291860,25.719644,-39.301539,288.383297,447.800150,209.391350,467.503357,6.717002,286.592096,294.652499,141.504847,562.436988,245.394482,221.661074,276.382253,200.614467,124.488442,251.663684,184.493662,253.902685,8.239523,988.742731,2.149441,164.790455,75.230425,157.625653,78.812826,137.026846,28.927890,26.868009,92.246831,102.994034,75.767785,-82.574348,42.272334,15.225205,67.617823,24.718568,24.091648,4.119761,223.900075
4.200000,1.040140,59.957692,-8.151395,1.040825,59.958690,-5.687594,1.022923,59.955892,-8.313131,0.999779,59.952024,-9.285976,1.001521,59.949989,-8.398385,1.003582,59.949452,-7.803579,0.994336,59.950180,-9.759512,0.993544,59.950525,-10.199799,1.023028,59.954473,-9.899610,1.011519,59.949222,-5.561080,1.007760,59.949319,-6.324030,0.996940,59.949614,-6.289146,1.008934,59.949904,-6.159126,1.006339,59.951577,-7.548255,1.007224,59.954403,-7.611993,1.020721,59.955567,-6.193089,1.022823,59.955708,-7.124586,1.021742,59.955788,-7.969453,1.034224,59.957486,-1.639867,0.973786,59.957756,-2.641121,1.019546,59.955540,-3.981851,1.034096,59.955433,0.118019,1.029393,59.955485,-0.064765,1.025450,59.955584,-6.082733,1.048086,59.957659,-4.322909,1.035037,59.955827,-5.161037,1.024275,59.955803,-7.127809,1.021845,59.954412,-1.456022,1.017793,59.953800,1.302226,1.040132,59.964138,-3.511309,0.971988,59.942043,-0.546372,0.972364,59.945209,1.596059,0.980585,59.958792,3.109313,0.988639,59.957732,2.093332,1.029252,59.955230,4.717343,1.042128,59.955418,7.216723,1.020096,59.956915,1.825157,0.986852,59.952289,8.378397,1.023032,59.957105,-9.627376,0.999300,0.998711,0.998914,0.999432,0.999140,0.999262,0.999073,0.999710,-43.153731,0.000000,4.744270,10.794019,5.244243,11.521914,25.888219,-38.878183,288.383297,447.800150,209.391350,467.503357,6.717002,286.592096,294.652499,141.504847,562.436988,245.394482,221.661074,276.382253,200.614467,124.488442,251.663684,184.493662,253.902685,8.239523,988.742731,2.149441,164.790455,75.230425,157.625653,78.812826,137.026846,28.927890,26.868009,92.246831,102.994034,75.767785,-82.574348,42.272334,15.225205,67.617823,24.718568,24.091648,4.119761,223.900075
4.220000,1.040122,59.957970,-8.105782,1.040776,59.959234,-5.633575,1.022967,59.956596,-8.278560,0.999918,59.952842,-9.278782,1.001691,59.950769,-8.406033,1.003757,59.950236,-7.815086,0.994505,59.950933,-9.765910,0.993707,59.951258,-10.203799,1.023105,59.954828,-9.876859,1.011697,59.950169,-5.573507,1.007937,59.950212,-6.336001,0.997120,59.950526,-6.298907,1.009110,59.950834,-6.166712,1.006499,59.952473,-7.543933,1.007369,59.955359,-7.587017,1.020863,59.956532,-6.159682,1.022947,59.956485,-7.091009,1.021835,59.956543,-7.935402,1.034379,59.958897,-1.590605,0.974000,59.959401,-2.588854,1.019708,59.956475,-3.948772,1.034274,59.956315,0.150083,1.029567,59.956368,-0.032319,1.025597,59.956546,-6.049218,1.048007,59.958134,-4.276637,1.035206,59.955980,-5.129423,1.024424,59.956268,-7.094958,1.022206,59.953768,-1.438199,1.018201,59.952826,1.314147,1.039845,59.964638,-3.418205,0.972146,59.942591,-0.612367,0.972528,59.946529,1.556385,0.980694,59.960326,3.168551,0.988935,59.959633,2.146576,1.029449,59.956057,4.747692,1.042303,59.956205,7.248248,1.019950,59.957553,1.866785,0.987319,59.950524,8.375863,1.023043,59.957206,-9.586797,0.999300,0.998701,0.998951,0.999470,0.999190,0.999281,0.998997,0.999722,-42.896904,0.000000,4.842279,11.116203,5.442828,11.766446,26.030610,-38.441033,288.383297,447.800150,209.391350,467.503357,6.717002,286.592096,294.652499,141.504847,562.436988,245.394482,221.661074,276.382253,200.614467,124.488442,251.663684,184.493662,253.902685,8.239523,988.742731,2.149441,164.790455,75.230425,157.625653,78.812826,137.026846,28.927890,26.868009,92.246831,102.994034,75.767785,-82.574348,42.272334,15.225205,67.617823,24.718568,24.091648,4.119761,223.900075
4.240000,1.040119,59.958219,-8.062745,1.040763,59.959712,-5.580380,1.023050,59.957273,-8.243484,1.000087,59.953698,-9.269971,1.001886,59.951629,-8.412150,1.003956,59.951108,-7.824992,0.994697,59.951762,-9.770986,0.993894,59.952062,-10.206646,1.023194,59.955209,-9.855882,1.011898,59.951202,-5.583170,1.008138,59.951190,-6.345601,0.997326,59.951517,-6.306185,1.009310,59.951838,-6.171710,1.006689,59.953412,-7.537408,1.007552,59.956301,-7.559664,1.021046,59.957460,-6.123935,1.023119,59.957232,-7.056418,1.021974,59.957268,-7.900494,1.034566,59.960214,-1.536046,0.974240,59.960942,-2.529650,1.019912,59.957377,-3.913553,1.034495,59.957169,0.183932,1.029783,59.957223,0.001916,1.025784,59.957472,-6.013379,1.047975,59.958566,-4.231584,1.035466,59.956119,-5.101219,1.024647,59.956709,-7.063313,1.022711,59.953153,-1.429337,1.018763,59.951896,1.314797,1.039582,59.964967,-3.326719,0.972333,59.943378,-0.677784,0.972704,59.947995,1.522433,0.980831,59.961732,3.233820,0.989256,59.961422,2.208568,1.029684,59.956863,4.779462,1.042520,59.956971,7.280903,1.019840,59.958180,1.908514,0.987948,59.948844,8.356541,1.023059,59.957305,-9.549950,0.999299,0.998702,0.998993,0.999503,0.999238,0.999302,0.998925,0.999726,-42.638188,0.000000,4.959261,11.455791,5.664542,12.021602,26.143220,-37.998571,288.383297,447.800150,209.391350,467.503357,6.717002,286.592096,294.652499,141.504847,562.436988,245.394482,221.661074,276.382253,200.614467,124.488442,251.663684,184.493662,253.902685,8.239523,988.742731,2.149441,164.790455,75.230425,157.625653,78.812826,137.026846,28.927890,26.868009,92.246831,102.994034,75.767785,-82.574348,42.272334,15.225205,67.617823,24.718568,24.091648,4.119761,223.900075
4.260000,1.040129,59.958439,-8.022799,1.040783,59.960117,-5.528824,1.023168,59.957915,-8.208445,1.000280,59.954580,-9.259625,1.002100,59.952555,-8.416527,1.004174,59.952058,-7.833017,0.994906,59.952657,-9.774544,0.994098,59.952927,-10.208177,1.023291,59.955613,-9.836810,1.012115,59.952305,-5.589824,1.008355,59.952241,-6.352575,0.997548,59.952574,-6.310776,1.009527,59.952900,-6.173963,1.006900,59.954381,-7.528734,1.007767,59.957217,-7.530394,1.021264,59.958340,-6.086470,1.023335,59.957937,-7.021387,1.022153,59.957953,-7.865293,1.034780,59.961422,-1.477241,0.974504,59.962360,-2.464650,1.020152,59.958233,-3.876795,1.034751,59.957984,0.219008,1.030036,59.958038,0.037375,1.026007,59.958350,-5.975839,1.047985,59.958947,-4.188401,1.035812,59.956242,-5.076837,1.024939,59.957121,-7.033373,1.023351,59.952575,-1.429498,1.019471,59.951025,1.304256,1.039340,59.965124,-3.238393,0.972542,59.944391,-0.741265,0.972886,59.949582,1.494839,0.980990,59.962992,3.303811,0.989599,59.963075,2.278088,1.029953,59.957638,4.812146,1.042773,59.957707,7.314190,1.019763,59.958780,1.949889,0.988731,59.947274,8.320850,1.023079,59.957401,-9.517157,0.999299,0.998714,0.999039,0.999531,0.999283,0.999323,0.998857,0.999720,-42.382399,0.000000,5.092548,11.805901,5.903763,12.283220,26.222841,-37.559303,288.383297,447.800150,209.391350,467.503357,6.717002,286.592096,294.652499,141.504847,562.436988,245.394482,221.661074,276.382253,200.614467,124.488442,251.663684,184.493662,253.902685,8.239523,988.742731,2.149441,164.790455,75.230425,157.625653,78.812826,137.026846,28.927890,26.868009,92.246831,102.994034,75.767785,-82.574348,42.272334,15.225205,67.617823,24.718568,24.091648,4.119761,223.900075
4.280000,1.040152,59.958628,-7.986399,1.040831,59.960446,-5.479683,1.023314,59.958512,-8.173972,1.000491,59.955478,-9.247841,1.002326,59.953535,-8.418974,1.004404,59.953070,-7.838905,0.995127,59.953605,-9.776402,0.994313,59.953841,-10.208240,1.023395,59.956036,-9.819731,1.012342,59.953463,-5.593271,1.008583,59.953349,-6.356708,0.997782,59.953681,-6.312513,1.009757,59.954007,-6.173350,1.007129,59.955367,-7.517990,1.008009,59.958095,-7.499685,1.021513,59.959161,-6.047918,1.023590,59.958594,-6.986483,1.022367,59.958591,-7.830359,1.035017,59.962506,-1.415280,0.974789,59.963637,-2.395057,1.020423,59.959034,-3.839109,1.035038,59.958750,0.254743,1.030320,59.958802,0.073487,1.026261,59.959169,-5.937229,1.048035,59.959272,-4.147715,1.036237,59.956349,-5.056632,1.025292,59.957500,-7.005605,1.024118,59.952041,-1.438616,1.020316,59.950225,1.282766,1.039118,59.965112,-3.154690,0.972766,59.945613,-0.801490,0.973068,59.951264,1.474123,0.981170,59.964094,3.377180,0.989962,59.964570,2.353823,1.030249,59.958370,4.845230,1.043058,59.958402,7.347606,1.019717,59.959339,1.990418,0.989659,59.945837,8.269450,1.023101,59.957496,-9.488668,0.999298,0.998736,0.999089,0.999554,0.999326,0.999345,0.998795,0.999707,-42.134312,0.000000,5.239158,12.159545,6.154593,12.546885,26.266714,-37.131596,288.383297,447.800150,209.391350,467.503357,6.717002,286.592096,294.652499,141.504847,562.436988,245.394482,221.661074,276.382253,200.614467,124.488442,251.663684,184.493662,253.902685,8.239523,988.742731,2.149441,164.790455,75.230425,157.625653,78.812826,137.026846,28.927890,26.868009,92.246831,102.994034,75.767785,-82.574348,42.272334,15.225205,67.617823,24.718568,24.091648,4.119761,223.900075
4.300000,1.040185,59.958786,-7.953934,1.040904,59.960696,-5.433687,1.023486,59.959060,-8.140571,1.000714,59.956380,-9.234724,1.002559,59.954557,-8.419326,1.004639,59.954132,-7.842428,0.995354,59.954594,-9.776395,0.994533,59.954793,-10.206699,1.023502,59.956473,-9.804693,1.012573,59.954659,-5.593357,1.008816,59.954498,-6.357825,0.998022,59.954823,-6.311268,1.009992,59.955141,-6.169791,1.007368,59.956357,-7.505277,1.008272,59.958926,-7.468016,1.021787,59.959915,-6.008907,1.023878,59.959194,-6.952257,1.022611,59.959175,-7.796227,1.035273,59.963456,-1.351267,0.975091,59.964759,-2.322114,1.020720,59.959769,-3.801100,1.035349,59.959456,0.290574,1.030629,59.959507,0.109684,1.026540,59.959920,-5.898176,1.048121,59.959536,-4.110117,1.036733,59.956438,-5.040891,1.025701,59.957841,-6.980434,1.024999,59.951562,-1.456492,1.021284,59.949509,1.250730,1.038912,59.964939,-3.076957,0.972998,59.947026,-0.857200,0.973245,59.953015,1.460690,0.981365,59.965027,3.452572,0.990341,59.965891,2.434392,1.030568,59.959050,4.878199,1.043368,59.959047,7.380652,1.019699,59.959843,2.029576,0.990720,59.944554,8.203227,1.023126,59.957590,-9.464655,0.999297,0.998769,0.999141,0.999571,0.999365,0.999367,0.998738,0.999685,-41.898568,0.000000,5.395864,12.509770,6.410962,12.808011,26.272591,-36.723522,288.383297,447.800150,209.391350,467.503357,6.717002,286.592096,294.652499,141.504847,562.436988,245.394482,221.661074,276.382253,200.614467,124.488442,251.663684,184.493662,253.902685,8.239523,988.742731,2.149441,164.790455,75.230425,157.625653,78.812826,137.026846,28.927890,26.868009,92.246831,102.994034,75.767785,-82.574348,42.272334,15.225205,67.617823,24.718568,24.091648,4.119761,223.900075
4.320000,1.040226,59.958912,-7.925722,1.040998,59.960866,-5.391497,1.023678,59.959554,-8.108715,1.000945,59.957274,-9.220390,1.002793,59.955605,-8.417442,1.004875,59.955228,-7.843389,0.995581,59.955611,-9.774382,0.994754,59.955770,-10.203432,1.023610,59.956920,-9.791707,1.012803,59.955875,-5.589978,1.009047,59.955672,-6.355793,0.998261,59.955984,-6.306956,1.010228,59.956288,-6.163246,1.007613,59.957338,-7.490714,1.008552,59.959700,-7.435862,1.022082,59.960594,-5.970051,1.024193,59.959733,-6.919229,1.022880,59.959699,-7.763405,1.035546,59.964262,-1.286305,0.975407,59.965716,-2.247077,1.021037,59.960433,-3.763362,1.035681,59.960096,0.325950,1.030959,59.960144,0.145412,1.026840,59.960597,-5.859292,1.048239,59.959736,-4.076150,1.037292,59.956512,-5.029826,1.026157,59.958142,-6.958230,1.025983,59.951145,-1.482790,1.022364,59.948887,1.208710,1.038722,59.964613,-3.006411,0.973231,59.948606,-0.907218,0.973412,59.954808,1.454820,0.981573,59.965785,3.528647,0.990735,59.967020,2.518368,1.030903,59.959670,4.910553,1.043698,59.959635,7.412841,1.019707,59.960279,2.066819,0.991900,59.943443,8.123281,1.023153,59.957683,-9.445216,0.999297,0.998813,0.999196,0.999583,0.999399,0.999388,0.998687,0.999657,-41.679593,0.000000,5.559257,12.849791,6.666740,13.061917,26.238772,-36.342710,288.383297,447.800150,209.391350,467.503357,6.717002,286.592096,294.652499,141.504847,562.436988,245.394482,221.661074,276.382253,200.614467,124.488442,251.663684,184.493662,253.902685,8.239523,988.742731,2.149441,164.790455,75.230425,157.625653,78.812826,137.026846,28.927890,26.868009,92.246831,102.994034,75.767785,-82.574348,42.272334,15.225205,67.617823,24.718568,24.091648,4.119761,223.900075
4.340000,1.040275,59.959008,-7.902002,1.041109,59.960958,-5.353701,1.023886,59.959988,-8.078835,1.001179,59.958149,-9.204961,1.003024,59.956666,-8.413209,1.005106,59.956344,-7.841625,0.995804,59.956642,-9.770243,0.994971,59.956759,-10.198337,1.023716,59.957372,-9.780744,1.013026,59.957095,-5.583080,1.009273,59.956856,-6.350523,0.998495,59.957147,-6.299531,1.010459,59.957432,-6.153713,1.007859,59.958298,-7.474440,1.008843,59.960410,-7.403683,1.022393,59.961192,-5.931935,1.024531,59.960206,-6.887881,1.023169,59.960160,-7.732359,1.035831,59.964920,-1.221469,0.975734,59.966499,-2.171196,1.021370,59.961019,-3.726458,1.036026,59.960664,0.360345,1.031304,59.960709,0.180141,1.027156,59.961193,-5.821163,1.048386,59.959872,-4.046298,1.037904,59.956570,-5.023569,1.026654,59.958403,-6.939304,1.027054,59.950798,-1.517046,1.023540,59.948371,1.157417,1.038545,59.964148,-2.944113,0.973461,59.950328,-0.950474,0.973566,59.956615,1.456671,0.981790,59.966364,3.604109,0.991141,59.967948,2.604308,1.031250,59.960223,4.941809,1.044044,59.960158,7.443710,1.019739,59.960638,2.101593,0.993185,59.942521,8.030914,1.023181,59.957777,-9.430371,0.999296,0.998865,0.999251,0.999589,0.999429,0.999408,0.998644,0.999622,-41.481519,0.000000,5.725822,13.173121,6.915847,13.303914,26.164156,-35.996207,288.383297,447.800150,209.391350,467.503357,6.717002,286.592096,294.652499,141.504847,562.436988,245.394482,221.661074,276.382253,200.614467,124.488442,251.663684,184.493662,253.902685,8.239523,988.742731,2.149441,164.790455,75.230425,157.625653,78.812826,137.026846,28.927890,26.868009,92.246831,102.994034,75.767785,-82.574348,42.272334,15.225205,67.617823,24.718568,24.091648,4.119761,223.900075
4.360000,1.040329,59.959075,-7.882936,1.041234,59.960975,-5.320797,1.024106,59.960362,-8.051311,1.001410,59.958997,-9.188563,1.003246,59.957727,-8.406544,1.005328,59.957465,-7.837011,0.996017,59.957674,-9.763885,0.995180,59.957747,-10.191333,1.023820,59.957824,-9.771737,1.013239,59.958303,-5.572658,1.009488,59.958032,-6.341971,0.998719,59.958298,-6.288992,1.010682,59.958558,-6.141232,1.008102,59.959226,-7.456605,1.009143,59.961051,-7.371917,1.022715,59.961705,-5.895105,1.024886,59.960612,-6.858643,1.023474,59.960555,-7.703504,1.036126,59.965426,-1.157793,0.976071,59.967103,-2.095695,1.021713,59.961523,-3.690916,1.036382,59.961155,0.393269,1.031659,59.961197,0.213379,1.027483,59.961704,-5.784334,1.048557,59.959942,-4.020977,1.038562,59.956615,-5.022166,1.027184,59.958623,-6.923898,1.028201,59.950529,-1.558666,1.024797,59.947970,1.097708,1.038381,59.963558,-2.890946,0.973681,59.952164,-0.986018,0.973703,59.958408,1.466274,0.982014,59.966765,3.677722,0.991556,59.968665,2.690770,1.031604,59.960706,4.971522,1.044401,59.960613,7.472829,1.019792,59.960910,2.133349,0.994560,59.941802,7.927603,1.023210,59.957871,-9.420066,0.999296,0.998926,0.999307,0.999591,0.999454,0.999425,0.998609,0.999582,-41.308103,0.000000,5.892004,13.473693,7.152364,13.529397,26.048258,-35.690349,288.383297,447.800150,209.391350,467.503357,6.717002,286.592096,294.652499,141.504847,562.436988,245.394482,221.661074,276.382253,200.614467,124.488442,251.663684,184.493662,253.902685,8.239523,988.742731,2.149441,164.790455,75.230425,157.625653,78.812826,137.026846,28.927890,26.868009,92.246831,102.994034,75.767785,-82.574348,42.272334,15.225205,67.617823,24.718568,24.091648,4.119761,223.900075
4.380000,1.040388,59.959115,-7.868602,1.041370,59.960921,-5.293187,1.024334,59.960674,-8.026466,1.001636,59.959806,-9.171322,1.003456,59.958773,-8.397396,1.005537,59.958575,-7.829461,0.996219,59.958692,-9.755242,0.995377,59.958722,-10.182360,1.023918,59.958272,-9.764587,1.013438,59.959482,-5.558753,1.009690,59.959185,-6.330137,0.998930,59.959421,-6.275376,1.010893,59.959651,-6.125877,1.008337,59.960111,-7.437371,1.009445,59.961616,-7.340967,1.023045,59.962132,-5.860060,1.025254,59.960948,-6.831889,1.023789,59.960883,-7.677198,1.036429,59.965781,-1.096249,0.976415,59.967527,-2.021746,1.022063,59.961943,-3.657217,1.036743,59.961566,0.424277,1.032021,59.961605,0.244679,1.027817,59.962130,-5.749303,1.048749,59.959950,-4.000523,1.039256,59.956652,-5.025570,1.027740,59.958804,-6.912175,1.029406,59.950345,-1.606936,1.026119,59.947693,1.030572,1.038227,59.962862,-2.847607,0.973887,59.954085,-1.013038,0.973819,59.960163,1.483538,0.982242,59.966990,3.748338,0.991980,59.969168,2.776341,1.031962,59.961114,4.999282,1.044764,59.960997,7.499809,1.019863,59.961089,2.161557,0.996007,59.941298,7.814986,1.023239,59.957965,-9.414174,0.999295,0.998993,0.999362,0.999587,0.999473,0.999439,0.998583,0.999537,-41.162665,0.000000,6.054286,13.745966,7.370636,13.733936,25.891237,-35.430651,288.383297,447.800150,209.391350,467.503357,6.717002,286.592096,294.652499,141.504847,562.436988,245.394482,221.661074,276.382253,200.614467,124.488442,251.663684,184.493662,253.902685,8.239523,988.742731,2.149441,164.790455,75.230425,157.625653,78.812826,137.026846,28.927890,26.868009,92.246831,102.994034,75.767785,-82.574348,42.272334,15.225205,67.617823,24.718568,24.091648,4.119761,223.900075
4.400000,1.040450,59.959131,-7.858997,1.041512,59.960802,-5.271167,1.024566,59.960925,-8.004557,1.001853,59.960569,-9.153364,1.003651,59.959790,-8.385743,1.005729,59.959661,-7.818926,0.996405,59.959686,-9.744278,0.995558,59.959671,-10.171383,1.024010,59.958710,-9.759162,1.013620,59.960617,-5.541456,1.009875,59.960301,-6.315065,0.999124,59.960502,-6.258762,1.011087,59.960698,-6.107759,1.008562,59.960943,-7.416905,1.009748,59.962104,-7.311202,1.023379,59.962472,-5.827240,1.025629,59.961216,-6.807928,1.024110,59.961145,-7.653733,1.036735,59.965986,-1.037729,0.976764,59.967772,-1.950457,1.022416,59.962278,-3.625783,1.037106,59.961896,0.452976,1.032385,59.961933,0.273647,1.028156,59.962468,-5.716509,1.048957,59.959899,-3.985189,1.039975,59.956683,-5.033644,1.028314,59.958949,-6.904223,1.030656,59.950253,-1.661028,1.027491,59.947546,0.957114,1.038081,59.962079,-2.814589,0.974075,59.956061,-1.030868,0.973913,59.961853,1.508253,0.982473,59.967048,3.814911,0.992411,59.969456,2.859659,1.032319,59.961446,5.024732,1.045129,59.961306,7.524311,1.019949,59.961172,2.185718,0.997510,59.941017,7.694830,1.023268,59.958062,-9.412499,0.999295,0.999067,0.999415,0.999579,0.999487,0.999451,0.998565,0.999489,-41.048024,0.000000,6.209254,13.985028,7.565377,13.913373,25.693897,-35.221712,288.383297,447.800150,209.391350,467.503357,6.717002,286.592096,294.652499,141.504847,562.436988,245.394482,221.661074,276.382253,200.614467,124.488442,251.663684,184.493662,253.902685,8.239523,988.742731,2.149441,164.790455,75.230425,157.625653,78.812826,137.026846,28.927890,26.868009,92.246831,102.994034,75.767785,-82.574348,42.272334,15.225205,67.617823,24.718568,24.091648,4.119761,223.900075
4.420000,1.040515,59.959126,-7.854034,1.041659,59.960627,-5.254920,1.024800,59.961116,-7.985774,1.002058,59.961278,-9.134811,1.003827,59.960768,-8.371596,1.005903,59.960708,-7.805400,0.996572,59.960641,-9.730984,0.995722,59.960583,-10.158390,1.024093,59.959134,-9.755302,1.013781,59.961694,-5.520899,1.010040,59.961365,-6.296844,0.999299,59.961528,-6.239265,1.011263,59.961686,-6.087022,1.008773,59.961713,-7.395382,1.010048,59.962512,-7.282943,1.023713,59.962725,-5.797023,1.026008,59.961418,-6.786997,1.024434,59.961343,-7.633333,1.037045,59.966049,-0.983036,0.977117,59.967844,-1.882848,1.022769,59.962529,-3.596976,1.037467,59.962147,0.479033,1.032747,59.962180,0.299949,1.028494,59.962720,-5.686328,1.049177,59.959793,-3.975132,1.040713,59.956713,-5.046159,1.028899,59.959060,-6.900043,1.031936,59.950257,-1.720012,1.028896,59.947534,0.878544,1.037943,59.961230,-2.792178,0.974242,59.958061,-1.039004,0.973982,59.963456,1.540097,0.982704,59.966946,3.876515,0.992847,59.969532,2.939435,1.032672,59.961702,5.047569,1.045495,59.961543,7.546054,1.020049,59.961159,2.205386,0.999053,59.940963,7.569009,1.023296,59.958160,-9.414784,0.999295,0.999146,0.999466,0.999567,0.999495,0.999459,0.998556,0.999439,-40.966450,0.000000,6.353667,14.186673,7.731758,14.063909,25.457683,-35.067139,288.383297,447.800150,209.391350,467.503357,6.717002,286.592096,294.652499,141.504847,562.436988,245.394482,221.661074,276.382253,200.614467,124.488442,251.663684,184.493662,253.902685,8.239523,988.742731,2.149441,164.790455,75.230425,157.625653,78.812826,137.026846,28.927890,26.868009,92.246831,102.994034,75.767785,-82.574348,42.272334,15.225205,67.617823,24.718568,24.091648,4.119761,223.900075
4.440000,1.040580,59.959103,-7.853549,1.041808,59.960403,-5.244519,1.025031,59.961249,-7.970236,1.002248,59.961927,-9.115779,1.003983,59.961693,-8.354998,1.006054,59.961704,-7.788918,0.996719,59.961548,-9.715383,0.995865,59.961448,-10.143396,1.024168,59.959541,-9.752823,1.013920,59.962700,-5.497258,1.010183,59.962365,-6.275601,0.999451,59.962487,-6.217036,1.011419,59.962604,-6.063838,1.008968,59.962415,-7.372976,1.010341,59.962840,-7.256463,1.024045,59.962896,-5.769716,1.026386,59.961556,-6.769261,1.024756,59.961479,-7.616147,1.037356,59.965975,-0.932872,0.977473,59.967748,-1.819841,1.023118,59.962698,-3.571088,1.037823,59.962319,0.502182,1.033106,59.962349,0.323318,1.028830,59.962889,-5.659066,1.049407,59.959640,-3.970413,1.041458,59.956748,-5.062799,1.029489,59.959142,-6.899555,1.033232,59.950362,-1.782874,1.030319,59.947662,0.796156,1.037812,59.960337,-2.780451,0.974383,59.960055,-1.037107,0.974025,59.964950,1.578642,0.982935,59.966696,3.932355,0.993288,59.969403,3.014473,1.033019,59.961883,5.067553,1.045856,59.961708,7.564817,1.020160,59.961052,2.220175,1.000619,59.941138,7.439471,1.023323,59.958260,-9.420711,0.999296,0.999228,0.999513,0.999551,0.999497,0.999463,0.998556,0.999387,-40.919619,0.000000,6.484520,14.347472,7.865498,14.182193,25.184667,-34.969488,288.383297,447.800150,209.391350,467.503357,6.717002,286.592096,294.652499,141.504847,562.436988,245.394482,221.661074,276.382253,200.614467,124.488442,251.663684,184.493662,253.902685,8.239523,988.742731,2.149441,164.790455,75.230425,157.625653,78.812826,137.026846,28.927890,26.868009,92.246831,102.994034,75.767785,-82.574348,42.272334,15.225205,67.617823,24.718568,24.091648,4.119761,223.900075
4.460000,1.040645,59.959067,-7.857302,1.041955,59.960140,-5.239919,1.025257,59.961330,-7.957987,1.002421,59.962510,-9.096380,1.004116,59.962556,-8.336022,1.006182,59.962636,-7.769553,0.996842,59.962395,-9.697527,0.995987,59.962255,-10.126439,1.024232,59.959926,-9.751523,1.014036,59.963624,-5.470748,1.010302,59.963290,-6.251504,0.999580,59.963367,-6.192259,1.011552,59.963442,-6.038408,1.009145,59.963042,-7.349860,1.010626,59.963090,-7.231984,1.024372,59.962987,-5.745551,1.026760,59.961635,-6.754808,1.025075,59.961558,-7.602249,1.037666,59.965775,-0.887824,0.977830,59.967495,-1.762246,1.023460,59.962791,-3.548340,1.038172,59.962417,0.522225,1.033458,59.962443,0.343556,1.029161,59.962979,-5.634955,1.049641,59.959447,-3.970992,1.042205,59.956792,-5.083161,1.030077,59.959200,-6.902599,1.034528,59.950570,-1.848525,1.031744,59.947929,0.711308,1.037686,59.959422,-2.779273,0.974497,59.962014,-1.025004,0.974041,59.966315,1.623364,0.983164,59.966313,3.981777,0.993734,59.969079,3.083687,1.033356,59.961993,5.084509,1.046211,59.961804,7.580443,1.020279,59.960856,2.229780,1.002192,59.941540,7.308209,1.023349,59.958363,-9.429916,0.999296,0.999312,0.999557,0.999532,0.999494,0.999463,0.998564,0.999335,-40.908588,0.000000,6.599103,14.464826,7.962937,14.265406,24.877514,-34.930229,288.383297,447.800150,209.391350,467.503357,6.717002,286.592096,294.652499,141.504847,562.436988,245.394482,221.661074,276.382253,200.614467,124.488442,251.663684,184.493662,253.902685,8.239523,988.742731,2.149441,164.790455,75.230425,157.625653,78.812826,137.026846,28.927890,26.868009,92.246831,102.994034,75.767785,-82.574348,42.272334,15.225205,67.617823,24.718568,24.091648,4.119761,223.900075
4.480000,1.040710,59.959021,-7.864983,1.042100,59.959850,-5.240963,1.025476,59.961362,-7.949002,1.002576,59.963023,-9.076716,1.004225,59.963347,-8.314773,1.006284,59.963495,-7.747420,0.996942,59.963173,-9.677499,0.996085,59.962996,-10.107585,1.024285,59.960286,-9.751181,1.014126,59.964456,-5.441617,1.010396,59.964128,-6.224755,0.999685,59.964161,-6.165149,1.011661,59.964192,-6.010959,1.009302,59.963590,-7.326205,1.010901,59.963264,-7.209672,1.024692,59.963004,-5.724687,1.027126,59.961661,-6.743650,1.025385,59.961585,-7.591641,1.037975,59.965459,-0.848364,0.978189,59.967098,-1.710749,1.023794,59.962810,-3.528878,1.038512,59.962445,0.539035,1.033800,59.962468,0.360537,1.029484,59.962995,-5.614151,1.049878,59.959222,-3.976728,1.042943,59.956850,-5.106768,1.030657,59.959239,-6.908934,1.035812,59.950883,-1.915828,1.033157,59.948337,0.625396,1.037564,59.958509,-2.788308,0.974581,59.963907,-1.002698,0.974031,59.967535,1.673649,0.983391,59.965811,4.024277,0.994182,59.968573,3.146117,1.033682,59.962036,5.098330,1.046557,59.961835,7.592846,1.020404,59.960580,2.233984,1.003755,59.942164,7.177224,1.023373,59.958469,-9.441987,0.999297,0.999397,0.999596,0.999511,0.999484,0.999459,0.998581,0.999284,-40.933776,0.000000,6.695051,14.536997,8.021101,14.311330,24.539448,-34.949730,288.383297,447.800150,209.391350,467.503357,6.717002,286.592096,294.652499,141.504847,562.436988,245.394482,221.661074,276.382253,200.614467,124.488442,251.663684,184.493662,253.902685,8.239523,988.742731,2.149441,164.790455,75.230425,157.625653,78.812826,137.026846,28.927890,26.868009,92.246831,102.994034,75.767785,-82.574348,42.272334,15.225205,67.617823,24.718568,24.091648,4.119761,223.900075
4.500000,1.040773,59.958970,-7.876216,1.042240,59.959542,-5.247381,1.025686,59.961351,-7.943182,1.002710,59.963464,-9.056883,1.004308,59.964058,-8.291385,1.006361,59.964271,-7.722669,0.997017,59.963874,-9.655410,0.996159,59.963663,-10.086924,1.024328,59.960618,-9.751567,1.014191,59.965186,-5.410148,1.010464,59.964871,-6.195593,0.999763,59.964860,-6.135949,1.011746,59.964846,-5.981736,1.009439,59.964055,-7.302177,1.011162,59.963364,-7.189639,1.025002,59.962954,-5.707206,1.027481,59.961638,-6.735728,1.025686,59.961566,-7.584250,1.038282,59.965042,-0.814841,0.978548,59.966570,-1.665906,1.024118,59.962764,-3.512775,1.038839,59.962410,0.552557,1.034131,59.962429,0.374207,1.029797,59.962944,-5.596737,1.050112,59.958976,-3.987383,1.043666,59.956927,-5.133072,1.031224,59.959265,-6.918250,1.037072,59.951300,-1.983610,1.034544,59.948881,0.539836,1.037445,59.957619,-2.807025,0.974634,59.965708,-0.970360,0.973994,59.968596,1.728810,0.983614,59.965208,4.059497,0.994634,59.967900,3.200945,1.033995,59.962016,5.108976,1.046893,59.961807,7.602003,1.020534,59.960232,2.232673,1.005296,59.943001,7.048499,1.023395,59.958578,-9.456481,0.999298,0.999480,0.999630,0.999488,0.999470,0.999451,0.998607,0.999235,-40.994953,0.000000,6.770391,14.563126,8.037754,14.318412,24.174196,-35.027262,288.383297,447.800150,209.391350,467.503357,6.717002,286.592096,294.652499,141.504847,562.436988,245.394482,221.661074,276.382253,200.614467,124.488442,251.663684,184.493662,253.902685,8.239523,988.742731,2.149441,164.790455,75.230425,157.625653,78.812826,137.026846,28.927890,26.868009,92.246831,102.994034,75.767785,-82.574348,42.272334,15.225205,67.617823,24.718568,24.091648,4.119761,223.900075
4.520000,1.040834,59.958919,-7.890572,1.042373,59.959228,-5.258804,1.025884,59.961303,-7.940364,1.002823,59.963829,-9.036970,1.004366,59.964682,-8.266021,1.006411,59.964956,-7.695490,0.997067,59.964491,-9.631401,0.996209,59.964250,-10.064572,1.024358,59.960921,-9.752448,1.014230,59.965810,-5.376649,1.010506,59.965513,-6.164284,0.999815,59.965457,-6.104923,1.011806,59.965400,-5.951004,1.009553,59.964435,-7.277937,1.011410,59.963397,-7.171942,1.025301,59.962843,-5.693116,1.027824,59.961575,-6.730909,1.025974,59.961507,-7.579933,1.038586,59.964536,-0.787481,0.978907,59.965929,-1.628139,1.024428,59.962658,-3.500029,1.039153,59.962316,0.562805,1.034450,59.962333,0.384580,1.030099,59.962833,-5.582720,1.050342,59.958719,-4.002620,1.044368,59.957027,-5.161472,1.031773,59.959283,-6.930171,1.038296,59.951818,-2.050688,1.035893,59.949556,0.456032,1.037328,59.956774,-2.834713,0.974654,59.967390,-0.928329,0.973931,59.969486,1.788092,0.983835,59.964520,4.087231,0.995089,59.967080,3.247502,1.034294,59.961941,5.116475,1.047216,59.961725,7.607962,1.020666,59.959827,2.225841,1.006800,59.944039,6.923959,1.023415,59.958691,-9.472926,0.999299,0.999562,0.999658,0.999463,0.999450,0.999440,0.998640,0.999189,-41.091249,0.000000,6.823576,14.543232,8.011435,14.285818,23.785934,-35.161021,288.383297,447.800150,209.391350,467.503357,6.717002,286.592096,294.652499,141.504847,562.436988,245.394482,221.661074,276.382253,200.614467,124.488442,251.663684,184.493662,253.902685,8.239523,988.742731,2.149441,164.790455,75.230425,157.625653,78.812826,137.026846,28.927890,26.868009,92.246831,102.994034,75.767785,-82.574348,42.272334,15.225205,67.617823,24.718568,24.091648,4.119761,223.900075
4.540000,1.040892,59.958872,-7.907574,1.042498,59.958918,-5.274765,1.026069,59.961225,-7.940323,1.002914,59.964119,-9.017057,1.004398,59.965213,-8.238871,1.006434,59.965544,-7.666108,0.997090,59.965019,-9.605641,0.996233,59.964751,-10.040670,1.024376,59.961191,-9.753588,1.014244,59.966321,-5.341454,1.010522,59.966048,-6.131125,0.999841,59.965949,-6.072360,1.011841,59.965850,-5.919045,1.009646,59.964729,-7.253638,1.011643,59.963367,-7.156587,1.025587,59.962680,-5.682357,1.028151,59.961477,-6.728998,1.026247,59.961415,-7.578486,1.038886,59.963958,-0.766391,0.979266,59.965190,-1.597728,1.024726,59.962501,-3.490571,1.039453,59.962173,0.569862,1.034754,59.962187,0.391741,1.030388,59.962669,-5.572036,1.050565,59.958460,-4.022012,1.045042,59.957155,-5.191318,1.032299,59.959299,-6.944265,1.039473,59.952432,-2.115891,1.037192,59.950354,0.375357,1.037213,59.955993,-2.870498,0.974640,59.968930,-0.877108,0.973843,59.970197,1.850690,0.984051,59.963768,4.107419,0.995546,59.966133,3.285279,1.034578,59.961818,5.120919,1.047525,59.961598,7.610831,1.020798,59.959380,2.213600,1.008255,59.945262,6.805443,1.023433,59.958807,-9.490835,0.999300,0.999639,0.999680,0.999437,0.999426,0.999426,0.998679,0.999146,-41.221170,0.000000,6.853516,14.478200,7.941486,14.213463,23.379214,-35.348178,288.383297,447.800150,209.391350,467.503357,6.717002,286.592096,294.652499,141.504847,562.436988,245.394482,221.661074,276.382253,200.614467,124.488442,251.663684,184.493662,253.902685,8.239523,988.742731,2.149441,164.790455,75.230425,157.625653,78.812826,137.026846,28.927890,26.868009,92.246831,102.994034,75.767785,-82.574348,42.272334,15.225205,67.617823,24.718568,24.091648,4.119761,223.900075
4.560000,1.040946,59.958833,-7.926704,1.042613,59.958624,-5.294712,1.026239,59.961123,-7.942778,1.002984,59.964334,-8.997216,1.004404,59.965648,-8.210151,1.006430,59.966029,-7.634777,0.997088,59.965453,-9.578325,0.996233,59.965163,-10.015382,1.024383,59.961428,-9.754753,1.014232,59.966718,-5.304916,1.010513,59.966472,-6.096434,0.999842,59.966332,-6.038567,1.011852,59.966193,-5.886150,1.009716,59.964938,-7.229428,1.011860,59.963280,-7.143532,1.025860,59.962472,-5.674799,1.028461,59.961352,-6.729741,1.026505,59.961297,-7.579645,1.039182,59.963322,-0.751556,0.979626,59.964374,-1.574820,1.025008,59.962301,-3.484269,1.039737,59.961988,0.573871,1.035042,59.961998,0.395833,1.030663,59.962461,-5.564558,1.050778,59.958211,-4.045052,1.045683,59.957313,-5.221932,1.032798,59.959318,-6.960057,1.040595,59.953138,-2.178078,1.038432,59.951266,0.299126,1.037098,59.955296,-2.913362,0.974592,59.970305,-0.817353,0.973733,59.970724,1.915759,0.984264,59.962967,4.120139,0.996006,59.965081,3.313928,1.034846,59.961653,5.122459,1.047818,59.961431,7.610777,1.020928,59.958905,2.196181,1.009650,59.946652,6.694670,1.023449,59.958928,-9.509708,0.999302,0.999711,0.999697,0.999411,0.999398,0.999408,0.998726,0.999109,-41.382623,0.000000,6.859595,14.369741,7.828060,14.102040,22.958890,-35.584936,288.383297,447.800150,209.391350,467.503357,6.717002,286.592096,294.652499,141.504847,562.436988,245.394482,221.661074,276.382253,200.614467,124.488442,251.663684,184.493662,253.902685,8.239523,988.742731,2.149441,164.790455,75.230425,157.625653,78.812826,137.026846,28.927890,26.868009,92.246831,102.994035,75.767785,-82.574348,42.272334,15.225205,67.617823,24.718568,24.091648,4.119761,223.900075
4.580000,1.040996,59.958806,-7.947419,1.042718,59.958356,-5.318020,1.026394,59.961004,-7.947399,1.003031,59.964475,-8.977518,1.004385,59.965983,-8.180101,1.006401,59.966407,-7.601787,0.997062,59.965790,-9.549674,0.996209,59.965483,-9.988896,1.024378,59.961630,-9.755723,1.014197,59.966997,-5.267407,1.010479,59.966783,-6.060552,0.999818,59.966605,-6.003865,1.011839,59.966428,-5.852623,1.009765,59.965063,-7.205446,1.012060,59.963143,-7.132688,1.026118,59.962229,-5.670256,1.028752,59.961207,-6.732832,1.026744,59.961160,-7.583098,1.039474,59.962644,-0.742850,0.979984,59.963499,-1.559419,1.025275,59.962065,-3.480926,1.040005,59.961769,0.575034,1.035315,59.961777,0.397060,1.030923,59.962218,-5.560095,1.050978,59.957982,-4.071155,1.046286,59.957504,-5.252615,1.033268,59.959345,-6.977034,1.041653,59.953926,-2.236165,1.039604,59.952280,0.228570,1.036984,59.954698,-2.962164,0.974510,59.971495,-0.749874,0.973601,59.971064,1.982424,0.984474,59.962139,4.125607,0.996469,59.963949,3.333274,1.035097,59.961454,5.121301,1.048096,59.961233,7.608023,1.021055,59.958421,2.173936,1.010976,59.948186,6.593212,1.023462,59.959053,-9.529049,0.999304,0.999776,0.999707,0.999385,0.999367,0.999389,0.998777,0.999076,-41.572958,0.000000,6.841683,14.220348,7.672116,13.953021,22.530040,-35.866612,288.383297,447.800150,209.391350,467.503357,6.717002,286.592096,294.652499,141.504847,562.436988,245.394482,221.661074,276.382253,200.614467,124.488442,251.663684,184.493662,253.902685,8.239523,988.742731,2.149441,164.790455,75.230425,157.625653,78.812826,137.026846,28.927890,26.868009,92.246831,102.994034,75.767785,-82.574348,42.272334,15.225205,67.617823,24.718568,24.091648,4.119761,223.900075
4.600000,1.041042,59.958795,-7.969154,1.042810,59.958123,-5.344002,1.026532,59.960876,-7.953819,1.003058,59.964544,-8.958024,1.004341,59.966219,-8.148983,1.006347,59.966678,-7.567451,0.997012,59.966030,-9.519930,0.996162,59.965711,-9.961418,1.024362,59.961798,-9.756288,1.014139,59.967160,-5.229307,1.010423,59.966981,-6.023836,0.999772,59.966769,-5.968585,1.011804,59.966558,-5.818771,1.009794,59.965107,-7.181824,1.012243,59.962962,-7.123927,1.026361,59.961959,-5.668485,1.029024,59.961049,-6.737925,1.026965,59.961011,-7.588490,1.039762,59.961941,-0.740042,0.980343,59.962585,-1.551402,1.025526,59.961803,-3.480300,1.040257,59.961524,0.573601,1.035571,59.961529,0.395673,1.031168,59.961948,-5.558407,1.051165,59.957783,-4.099676,1.046847,59.957729,-5.282668,1.033705,59.959384,-6.994662,1.042641,59.954787,-2.289141,1.040700,59.953381,0.164817,1.036869,59.954212,-3.015670,0.974395,59.972487,-0.675606,0.973452,59.971217,2.049801,0.984679,59.961299,4.124150,0.996934,59.962760,3.343301,1.035332,59.961230,5.117699,1.048357,59.961011,7.602836,1.021178,59.957944,2.147335,1.012223,59.949843,6.502469,1.023473,59.959182,-9.548367,0.999307,0.999834,0.999711,0.999360,0.999333,0.999368,0.998834,0.999049,-41.789012,0.000000,6.800131,14.033238,7.475401,13.768649,22.097881,-36.187736,288.383297,447.800150,209.391350,467.503357,6.717002,286.592096,294.652499,141.504847,562.436988,245.394482,221.661074,276.382253,200.614467,124.488442,251.663684,184.493662,253.902685,8.239523,988.742731,2.149441,164.790455,75.230425,157.625653,78.812826,137.026846,28.927890,26.868009,92.246831,102.994034,75.767785,-82.574348,42.272334,15.225205,67.617823,24.718568,24.091648,4.119761,223.900075
4.620000,1.041083,59.958803,-7.991339,1.042891,59.957934,-5.371926,1.026654,59.960744,-7.961637,1.003064,59.964546,-8.938792,1.004276,59.966354,-8.117076,1.006270,59.966841,-7.532105,0.996940,59.966172,-9.489355,0.996094,59.965845,-9.933175,1.024336,59.961931,-9.756254,1.014062,59.967209,-5.191003,1.010346,59.967067,-5.986653,0.999704,59.966825,-5.933067,1.011749,59.966585,-5.784906,1.009802,59.965075,-7.158688,1.012410,59.962746,-7.117086,1.026589,59.961671,-5.669200,1.029274,59.960886,-6.744637,1.027167,59.960857,-7.595432,1.040044,59.961228,-0.742805,0.980701,59.961651,-1.550522,1.025760,59.961524,-3.482098,1.040491,59.961261,0.569865,1.035810,59.961265,0.391969,1.031398,59.961660,-5.559204,1.051336,59.957622,-4.129917,1.047364,59.957989,-5.311398,1.034108,59.959438,-7.012397,1.043554,59.955709,-2.336088,1.041715,59.954554,0.108870,1.036754,59.953852,-3.072569,0.974247,59.973265,-0.595608,0.973287,59.971188,2.117003,0.984882,59.960465,4.116211,0.997401,59.961540,3.344161,1.035550,59.960989,5.111946,1.048601,59.960774,7.595524,1.021294,59.957494,2.116958,1.013386,59.951595,6.423645,1.023482,59.959316,-9.567190,0.999309,0.999883,0.999708,0.999335,0.999297,0.999346,0.998893,0.999029,-42.027172,0.000000,6.735766,13.812272,7.240418,13.551906,21.667679,-36.542152,288.383297,447.800150,209.391350,467.503357,6.717002,286.592096,294.652499,141.504847,562.436988,245.394482,221.661074,276.382253,200.614467,124.488442,251.663684,184.493662,253.902685,8.239523,988.742731,2.149441,164.790455,75.230425,157.625653,78.812826,137.026846,28.927890,26.868009,92.246831,102.994034,75.767785,-82.574348,42.272334,15.225205,67.617823,24.718568,24.091648,4.119761,223.900075
4.640000,1.041118,59.958833,-8.013404,1.042959,59.957795,-5.401026,1.026759,59.960616,-7.970429,1.003051,59.964483,-8.919877,1.004190,59.966391,-8.084674,1.006172,59.966897,-7.496105,0.996848,59.966218,-9.458226,0.996006,59.965889,-9.904409,1.024300,59.962031,-9.755450,1.013966,59.967147,-5.152885,1.010249,59.967045,-5.949379,0.999618,59.966777,-5.897654,1.011677,59.966512,-5.751338,1.009793,59.964970,-7.136153,1.012561,59.962501,-7.111971,1.026801,59.961373,-5.672074,1.029504,59.960723,-6.752564,1.027350,59.960706,-7.603514,1.040322,59.960520,-0.750724,0.981058,59.960717,-1.556410,1.025978,59.961235,-3.485994,1.040709,59.960989,0.564156,1.036032,59.960991,0.386278,1.031612,59.961362,-5.562160,1.051489,59.957509,-4.161143,1.047834,59.958283,-5.338140,1.034475,59.959511,-7.029693,1.044387,59.956682,-2.376199,1.042644,59.955783,0.061593,1.036637,59.953624,-3.131507,0.974070,59.973820,-0.511044,0.973110,59.970982,2.183156,0.985081,59.959654,4.102325,0.997870,59.960314,3.336160,1.035751,59.960737,5.104368,1.048828,59.960528,7.586425,1.021403,59.957088,2.083491,1.014460,59.953417,6.357727,1.023488,59.959454,-9.585066,0.999312,0.999923,0.999700,0.999313,0.999260,0.999324,0.998956,0.999015,-42.283436,0.000000,6.649868,13.561874,6.970374,13.306473,21.244666,-36.923146,288.383297,447.800150,209.391350,467.503357,6.717002,286.592096,294.652499,141.504847,562.436988,245.394482,221.661074,276.382253,200.614467,124.488442,251.663684,184.493662,253.902685,8.239523,988.742731,2.149441,164.790455,75.230425,157.625653,78.812826,137.026846,28.927890,26.868009,92.246831,102.994034,75.767785,-82.574348,42.272334,15.225205,67.617823,24.718568,24.091648,4.119761,223.900075
4.660000,1.041148,59.958888,-8.034792,1.043014,59.957714,-5.430520,1.026846,59.960496,-7.979761,1.003021,59.964362,-8.901332,1.004087,59.966333,-8.052084,1.006056,59.966849,-7.459822,0.996739,59.966171,-9.426837,0.995902,59.965846,-9.875373,1.024256,59.962098,-9.753724,1.013856,59.966980,-5.115340,1.010137,59.966917,-5.912393,0.999515,59.966629,-5.862688,1.011588,59.966345,-5.718373,1.009768,59.964798,-7.114329,1.012697,59.962236,-7.108365,1.026998,59.961074,-5.676751,1.029713,59.960567,-6.761283,1.027513,59.960561,-7.612307,1.040596,59.959832,-0.763310,0.981415,59.959803,-1.568595,1.026180,59.960944,-3.491631,1.040910,59.960716,0.556828,1.036238,59.960716,0.378957,1.031810,59.961063,-5.566919,1.051625,59.957450,-4.192592,1.048256,59.958611,-5.362263,1.034804,59.959606,-7.046016,1.045137,59.957690,-2.408789,1.043483,59.957049,0.023692,1.036519,59.953536,-3.191109,0.973864,59.974145,-0.423165,0.972925,59.970608,2.247415,0.985278,59.958880,4.083107,0.998341,59.959107,3.319755,1.035937,59.960484,5.095316,1.049038,59.960282,7.575901,1.021503,59.956742,2.047709,1.015440,59.955280,6.305477,1.023492,59.959597,-9.601577,0.999315,0.999952,0.999686,0.999291,0.999222,0.999303,0.999020,0.999009,-42.553486,0.000000,6.544143,13.286938,6.669123,13.036662,20.833954,-37.323570,288.383297,447.800150,209.391350,467.503357,6.717002,286.592096,294.652499,141.504847,562.436988,245.394482,221.661074,276.382253,200.614467,124.488442,251.663684,184.493662,253.902685,8.239523,988.742731,2.149441,164.790455,75.230425,157.625653,78.812826,137.026846,28.927890,26.868009,92.246831,102.994034,75.767785,-82.574348,42.272334,15.225205,67.617823,24.718568,24.091648,4.119761,223.900075
4.680000,1.041173,59.958969,-8.054963,1.043056,59.957694,-5.459620,1.026918,59.960391,-7.989191,1.002976,59.964187,-8.883204,1.003968,59.966185,-8.019619,1.005925,59.966702,-7.423634,0.996616,59.966035,-9.395485,0.995784,59.965718,-9.846329,1.024205,59.962135,-9.750953,1.013733,59.966714,-5.078744,1.010013,59.966691,-5.876069,0.999400,59.966389,-5.828505,1.011488,59.966090,-5.686308,1.009729,59.964566,-7.093314,1.012818,59.961957,-7.106031,1.027181,59.960782,-5.682855,1.029900,59.960424,-6.770367,1.027657,59.960431,-7.621379,1.040864,59.959176,-0.780008,0.981770,59.958925,-1.586506,1.026367,59.960660,-3.498632,1.041096,59.960448,0.548257,1.036427,59.960447,0.370382,1.031994,59.960771,-5.573102,1.051743,59.957452,-4.223493,1.048629,59.958969,-5.383185,1.035097,59.959723,-7.060854,1.045805,59.958721,-2.433308,1.044232,59.958334,-0.004293,1.036399,59.953589,-3.250007,0.973635,59.974238,-0.333286,0.972735,59.970077,2.308971,0.985472,59.958156,4.059238,0.998812,59.957942,3.295538,1.036108,59.960235,5.085158,1.049231,59.960042,7.564329,1.021593,59.956471,2.010468,1.016324,59.957155,6.267416,1.023494,59.959744,-9.616336,0.999318,0.999971,0.999667,0.999272,0.999185,0.999283,0.999084,0.999009,-42.832770,0.000000,6.420686,12.992728,6.341090,12.747345,20.440448,-37.735981,288.383297,447.800150,209.391350,467.503357,6.717002,286.592096,294.652499,141.504847,562.436988,245.394482,221.661074,276.382253,200.614467,124.488442,251.663684,184.493662,253.902685,8.239523,988.742731,2.149441,164.790455,75.230425,157.625653,78.812826,137.026846,28.927890,26.868009,92.246831,102.994034,75.767785,-82.574348,42.272334,15.225205,67.617823,24.718568,24.091648,4.119761,223.900075
4.700000,1.041192,59.959078,-8.073412,1.043085,59.957740,-5.487554,1.026975,59.960304,-7.998281,1.002919,59.963964,-8.865539,1.003838,59.965952,-7.987593,1.005783,59.966460,-7.387920,0.996481,59.965817,-9.364472,0.995655,59.965513,-9.817545,1.024149,59.962142,-9.747036,1.013603,59.966357,-5.043462,1.009879,59.966374,-5.840774,0.999276,59.966063,-5.795429,1.011379,59.965755,-5.655426,1.009679,59.964281,-7.073198,1.012926,59.961673,-7.104720,1.027350,59.960503,-5.689992,1.030069,59.960299,-6.779389,1.027782,59.960318,-7.630299,1.041129,59.958566,-0.800215,0.982125,59.958101,-1.609492,1.026540,59.960390,-3.506606,1.041268,59.960193,0.538825,1.036602,59.960192,0.360940,1.032164,59.960493,-5.580315,1.051842,59.957519,-4.253079,1.048953,59.959356,-5.400382,1.035353,59.959865,-7.073726,1.046388,59.959759,-2.449349,1.044890,59.959621,-0.021994,1.036278,59.953785,-3.306864,0.973385,59.974100,-0.242766,0.972545,59.969403,2.367066,0.985664,59.957496,4.031450,0.999284,59.956843,3.264230,1.036266,59.959997,5.074267,1.049409,59.959814,7.552092,1.021673,59.956288,1.972681,1.017112,59.959016,6.243822,1.023495,59.959896,-9.629002,0.999321,0.999980,0.999643,0.999255,0.999148,0.999265,0.999148,0.999016,-43.116578,0.000000,6.281935,12.684773,5.991191,12.443857,20.068769,-38.152774,288.383297,447.800150,209.391350,467.503357,6.717002,286.592096,294.652499,141.504847,562.436988,245.394482,221.661074,276.382253,200.614467,124.488442,251.663684,184.493662,253.902685,8.239523,988.742731,2.149441,164.790455,75.230425,157.625653,78.812826,137.026846,28.927890,26.868009,92.246831,102.994034,75.767785,-82.574348,42.272334,15.225205,67.617823,24.718568,24.091648,4.119761,223.900075
4.720000,1.041206,59.959216,-8.089666,1.043102,59.957854,-5.513572,1.027017,59.960242,-8.006607,1.002853,59.963702,-8.848379,1.003700,59.965642,-7.956316,1.005633,59.966132,-7.353058,0.996340,59.965522,-9.334099,0.995519,59.965236,-9.789284,1.024088,59.962124,-9.741900,1.013468,59.965920,-5.009837,1.009740,59.965974,-5.806861,0.999146,59.965660,-5.763770,1.011264,59.965350,-5.625996,1.009622,59.963951,-7.054061,1.013023,59.961390,-7.104173,1.027506,59.960246,-5.697764,1.030218,59.960197,-6.787933,1.027891,59.960229,-7.638645,1.041389,59.958013,-0.823284,0.982478,59.957346,-1.636828,1.026700,59.960140,-3.515157,1.041426,59.959958,0.528922,1.036764,59.959955,0.351021,1.032322,59.960236,-5.588161,1.051923,59.957653,-4.280599,1.049229,59.959768,-5.413398,1.035574,59.960030,-7.084192,1.046889,59.960792,-2.456652,1.045458,59.960890,-0.029221,1.036155,59.954121,-3.360397,0.973120,59.973735,-0.152988,0.972358,59.968601,2.421006,0.985855,59.956908,4.000507,0.999756,59.955829,3.226660,1.036411,59.959777,5.063020,1.049572,59.959604,7.539571,1.021741,59.956205,1.935303,1.017805,59.960834,6.234730,1.023493,59.960052,-9.639275,0.999324,0.999977,0.999614,0.999240,0.999114,0.999249,0.999210,0.999029,-43.400132,0.000000,6.130619,12.368763,5.624735,12.131898,19.723181,-38.566332,288.383297,447.800150,209.391350,467.503357,6.717002,286.592096,294.652499,141.504847,562.436988,245.394482,221.661074,276.382253,200.614467,124.488442,251.663684,184.493662,253.902685,8.239523,988.742731,2.149441,164.790455,75.230425,157.625653,78.812826,137.026846,28.927890,26.868009,92.246831,102.994034,75.767785,-82.574348,42.272334,15.225205,67.617823,24.718568,24.091648,4.119761,223.900075
4.740000,1.041214,59.959382,-8.103300,1.043108,59.958036,-5.536965,1.027047,59.960207,-8.013761,1.002780,59.963406,-8.831760,1.003559,59.965262,-7.926091,1.005480,59.965726,-7.319412,0.996195,59.965160,-9.304657,0.995380,59.964895,-9.761807,1.024027,59.962084,-9.735498,1.013334,59.965411,-4.978187,1.009599,59.965501,-5.774660,0.999015,59.965191,-5.733816,1.011148,59.964884,-5.598263,1.009561,59.963584,-7.035970,1.013110,59.961116,-7.104127,1.027652,59.960015,-5.705772,1.030350,59.960120,-6.795599,1.027985,59.960167,-7.646015,1.041645,59.957526,-0.848545,0.982830,59.956673,-1.667737,1.026848,59.959916,-3.523893,1.041572,59.959747,0.518930,1.036913,59.959744,0.341012,1.032468,59.960005,-5.596240,1.051986,59.957858,-4.305336,1.049459,59.960201,-5.421849,1.035761,59.960220,-7.091857,1.047310,59.961803,-2.455106,1.045940,59.962123,-0.025959,1.036030,59.954592,-3.409402,0.972845,59.973151,-0.065325,0.972180,59.967689,2.470168,0.986044,59.956402,3.967196,1.000227,59.954920,3.183751,1.036545,59.959579,5.051786,1.049722,59.959417,7.527141,1.021798,59.956231,1.899311,1.018404,59.962584,6.239934,1.023491,59.960212,-9.646905,0.999328,0.999963,0.999582,0.999228,0.999081,0.999237,0.999270,0.999049,-43.678671,0.000000,5.969702,12.050437,5.247329,11.817413,19.407520,-38.969157,288.383297,447.800150,209.391350,467.503357,6.717002,286.592096,294.652499,141.504847,562.436988,245.394482,221.661074,276.382253,200.614467,124.488442,251.663684,184.493662,253.902685,8.239523,988.742731,2.149441,164.790455,75.230425,157.625653,78.812826,137.026846,28.927890,26.868009,92.246831,102.994034,75.767785,-82.574348,42.272334,15.225205,67.617823,24.718568,24.091648,4.119761,223.900075
4.760000,1.041218,59.959577,-8.113935,1.043103,59.958285,-5.557073,1.027066,59.960201,-8.019365,1.002706,59.963086,-8.815716,1.003418,59.964822,-7.897205,1.005327,59.965252,-7.287330,0.996051,59.964738,-9.276425,0.995241,59.964500,-9.735362,1.023965,59.962024,-9.727806,1.013203,59.964844,-4.948798,1.009462,59.964966,-5.744477,0.998887,59.964665,-5.705829,1.011036,59.964367,-5.572448,1.009498,59.963189,-7.018978,1.013191,59.960856,-7.104321,1.027788,59.959816,-5.713627,1.030467,59.960073,-6.802011,1.028065,59.960134,-7.652030,1.041899,59.957113,-0.875309,0.983180,59.956095,-1.701396,1.026987,59.959724,-3.532428,1.041709,59.959565,0.509221,1.037052,59.959563,0.331285,1.032605,59.959808,-5.604161,1.052032,59.958131,-4.326618,1.049645,59.960651,-5.425432,1.035916,59.960433,-7.096378,1.047655,59.962781,-2.444749,1.046337,59.963305,-0.012370,1.035904,59.955189,-3.452772,0.972565,59.972362,0.018875,0.972014,59.966686,2.514012,0.986232,59.955984,3.932308,1.000697,59.954131,3.136502,1.036671,59.959408,5.040919,1.049861,59.959257,7.515158,1.021843,59.956369,1.865680,1.018914,59.964240,6.259000,1.023488,59.960377,-9.651690,0.999332,0.999939,0.999547,0.999218,0.999052,0.999228,0.999326,0.999075,-43.947534,0.000000,5.802319,11.735477,4.864769,11.506478,19.125138,-39.354012,288.383297,447.800150,209.391350,467.503357,6.717002,286.592096,294.652499,141.504847,562.436988,245.394482,221.661074,276.382253,200.614467,124.488442,251.663684,184.493662,253.902685,8.239523,988.742731,2.149441,164.790455,75.230425,157.625653,78.812826,137.026846,28.927890,26.868009,92.246831,102.994034,75.767785,-82.574348,42.272334,15.225205,67.617823,24.718568,24.091648,4.119761,223.900075
4.780000,1.041217,59.959799,-8.121251,1.043088,59.958599,-5.573301,1.027077,59.960228,-8.023070,1.002632,59.962747,-8.800271,1.003283,59.964332,-7.869922,1.005181,59.964720,-7.257136,0.995913,59.964267,-9.249662,0.995109,59.964059,-9.710181,1.023905,59.961948,-9.718825,1.013081,59.964229,-4.921923,1.009333,59.964381,-5.716586,0.998767,59.964095,-5.680042,1.010930,59.963812,-5.548740,1.009439,59.962775,-7.003127,1.013267,59.960618,-7.104499,1.027917,59.959655,-5.720952,1.030571,59.960059,-6.806824,1.028133,59.960134,-7.656341,1.042150,59.956782,-0.902888,0.983529,59.955622,-1.736958,1.027118,59.959568,-3.540393,1.041838,59.959418,0.500151,1.037184,59.959416,0.322200,1.032734,59.959647,-5.611547,1.052063,59.958473,-4.343830,1.049791,59.961113,-5.423927,1.036043,59.960668,-7.097474,1.047928,59.963712,-2.425761,1.046657,59.964418,0.011223,1.035777,59.955903,-3.489517,0.972287,59.971383,0.098322,0.971864,59.965610,2.552088,0.986421,59.955660,3.896627,1.001165,59.953478,3.085970,1.036790,59.959269,5.030755,1.049990,59.959129,7.503961,1.021876,59.956623,1.835360,1.019338,59.965780,6.291275,1.023484,59.960545,-9.653479,0.999335,0.999905,0.999509,0.999211,0.999027,0.999224,0.999379,0.999106,-44.202245,0.000000,5.631712,11.429410,4.482928,11.205167,18.878850,-39.714046,288.383297,447.800150,209.391350,467.503357,6.717002,286.592096,294.652499,141.504847,562.436988,245.394482,221.661074,276.382253,200.614467,124.488442,251.663684,184.493662,253.902685,8.239523,988.742731,2.149441,164.790455,75.230425,157.625653,78.812826,137.026846,28.927890,26.868009,92.246831,102.994034,75.767785,-82.574348,42.272334,15.225205,67.617823,24.718568,24.091648,4.119761,223.900075
4.800000,1.041213,59.960047,-8.124983,1.043066,59.958974,-5.585126,1.027081,59.960288,-8.024566,1.002564,59.962399,-8.785444,1.003157,59.963803,-7.844483,1.005045,59.964142,-7.229120,0.995785,59.963757,-9.224604,0.994986,59.963582,-9.686474,1.023850,59.961860,-9.708579,1.012972,59.963580,-4.897771,1.009216,59.963757,-5.691222,0.998659,59.963491,-5.656649,1.010835,59.963228,-5.527298,1.009387,59.962351,-6.988439,1.013341,59.960406,-7.104412,1.028041,59.959535,-5.727390,1.030664,59.960078,-6.809726,1.028193,59.960167,-7.658636,1.042399,59.956537,-0.930598,0.983876,59.955260,-1.773562,1.027243,59.959452,-3.547438,1.041962,59.959308,0.492053,1.037309,59.959307,0.314091,1.032858,59.959527,-5.618042,1.052080,59.958878,-4.356429,1.049901,59.961581,-5.417200,1.036144,59.960923,-7.094920,1.048135,59.964585,-2.398462,1.046904,59.965450,0.044336,1.035650,59.956722,-3.518776,0.972017,59.970233,0.171806,0.971734,59.964483,2.584043,0.986611,59.955434,3.860919,1.001630,59.952970,3.033249,1.036905,59.959163,5.021607,1.050113,59.959035,7.493860,1.021898,59.956993,1.809256,1.019684,59.967185,6.335906,1.023480,59.960717,-9.652172,0.999339,0.999862,0.999470,0.999206,0.999005,0.999223,0.999426,0.999141,-44.438592,0.000000,5.461162,11.137504,4.107650,10.919431,18.670891,-40.042920,288.383297,447.800150,209.391350,467.503357,6.717002,286.592096,294.652499,141.504847,562.436988,245.394482,221.661074,276.382253,200.614467,124.488442,251.663684,184.493662,253.902685,8.239523,988.742731,2.149441,164.790455,75.230425,157.625653,78.812826,137.026846,28.927890,26.868009,92.246831,102.994034,75.767785,-82.574348,42.272334,15.225205,67.617823,24.718568,24.091648,4.119761,223.900075
4.820000,1.041206,59.960319,-8.124931,1.043038,59.959405,-5.592104,1.027082,59.960382,-8.023588,1.002504,59.962049,-8.771245,1.003046,59.963246,-7.821097,1.004925,59.963529,-7.203539,0.995672,59.963220,-9.201455,0.994877,59.963081,-9.664428,1.023801,59.961765,-9.697110,1.012880,59.962909,-4.876508,1.009115,59.963108,-5.668579,0.998567,59.962868,-5.635810,1.010757,59.962629,-5.508243,1.009346,59.961926,-6.974923,1.013416,59.960224,-7.103825,1.028162,59.959458,-5.732608,1.030750,59.960131,-6.810445,1.028247,59.960236,-7.658642,1.042647,59.956383,-0.957776,0.984223,59.955017,-1.810350,1.027366,59.959378,-3.553240,1.042084,59.959238,0.485230,1.037432,59.959238,0.307266,1.032979,59.959451,-5.623312,1.052085,59.959342,-4.363951,1.049978,59.962050,-5.405203,1.036223,59.961195,-7.088559,1.048284,59.965388,-2.363296,1.047086,59.966386,0.086345,1.035524,59.957630,-3.539838,0.971761,59.968936,0.238224,0.971629,59.963326,2.609627,0.986802,59.955307,3.825918,1.002092,59.952616,2.979451,1.037019,59.959095,5.013755,1.050231,59.958977,7.485133,1.021909,59.957473,1.788205,1.019958,59.968436,6.391858,1.023477,59.960893,-9.647720,0.999343,0.999810,0.999429,0.999204,0.998988,0.999227,0.999468,0.999181,-44.652703,0.000000,5.293923,10.864683,3.744638,10.654964,18.502888,-40.334913,288.383297,447.800150,209.391350,467.503357,6.717002,286.592096,294.652499,141.504847,562.436988,245.394482,221.661074,276.382253,200.614467,124.488442,251.663684,184.493662,253.902685,8.239523,988.742731,2.149441,164.790455,75.230425,157.625653,78.812826,137.026846,28.927890,26.868009,92.246831,102.994034,75.767785,-82.574348,42.272334,15.225205,67.617823,24.718568,24.091648,4.119761,223.900075
4.840000,1.041196,59.960612,-8.120955,1.043004,59.959886,-5.593884,1.027082,59.960509,-8.019914,1.002458,59.961705,-8.757676,1.002954,59.962672,-7.799937,1.004824,59.962895,-7.180604,0.995577,59.962667,-9.180386,0.994787,59.962564,-9.644197,1.023761,59.961666,-9.684476,1.012809,59.962229,-4.858254,1.009036,59.962446,-5.648807,0.998496,59.962236,-5.617637,1.010697,59.962027,-5.491656,1.009319,59.961509,-6.962570,1.013495,59.960079,-7.102518,1.028282,59.959427,-5.736306,1.030830,59.960220,-6.808752,1.028297,59.960339,-7.656133,1.042896,59.956320,-0.983789,0.984567,59.954894,-1.846482,1.027489,59.959349,-3.557506,1.042206,59.959209,0.479956,1.037554,59.959211,0.301999,1.033100,59.959421,-5.627057,1.052080,59.959858,-4.366024,1.050028,59.962515,-5.387975,1.036285,59.961483,-7.078300,1.048381,59.966112,-2.320828,1.047212,59.967217,0.136493,1.035398,59.958614,-3.552143,0.971527,59.967515,0.296598,0.971551,59.962160,2.628696,0.986996,59.955279,3.792317,1.002551,59.952420,2.925683,1.037133,59.959065,5.007450,1.050347,59.958957,7.478026,1.021911,59.958057,1.772953,1.020169,59.969519,6.457938,1.023474,59.961072,-9.640119,0.999347,0.999751,0.999388,0.999204,0.998976,0.999235,0.999504,0.999224,-44.841111,0.000000,5.133155,10.615437,3.399342,10.417086,18.375834,-40.585022,288.383297,447.800150,209.391350,467.503357,6.717002,286.592096,294.652499,141.504847,562.436988,245.394482,221.661074,276.382253,200.614467,124.488442,251.663684,184.493662,253.902685,8.239523,988.742731,2.149441,164.790455,75.230425,157.625653,78.812826,137.026846,28.927890,26.868009,92.246831,102.994034,75.767785,-82.574348,42.272334,15.225205,67.617823,24.718568,24.091648,4.119761,223.900075
4.860000,1.041185,59.960924,-8.112983,1.042969,59.960409,-5.590205,1.027084,59.960669,-8.013377,1.002428,59.961374,-8.744728,1.002884,59.962093,-7.781135,1.004747,59.962252,-7.160480,0.995506,59.962108,-9.161530,0.994719,59.962045,-9.625902,1.023732,59.961568,-9.670751,1.012763,59.961555,-4.843074,1.008981,59.961785,-5.632005,0.998449,59.961608,-5.602202,1.010661,59.961432,-5.477579,1.009310,59.961108,-6.951353,1.013581,59.959971,-7.100289,1.028405,59.959443,-5.738214,1.030909,59.960343,-6.804465,1.028347,59.960475,-7.650928,1.043146,59.956349,-1.008039,0.984912,59.954893,-1.881148,1.027615,59.959365,-3.559980,1.042330,59.959223,0.476470,1.037678,59.959226,0.298532,1.033224,59.959438,-5.629007,1.052069,59.960419,-4.362371,1.050056,59.962971,-5.365639,1.036333,59.961782,-7.064115,1.048436,59.966751,-2.271725,1.047289,59.967933,0.193913,1.035273,59.959655,-3.555296,0.971320,59.965999,0.346100,0.971503,59.961006,2.641212,0.987193,59.955350,3.760761,1.003006,59.952385,2.873032,1.037252,59.959074,5.002906,1.050465,59.958975,7.472746,1.021905,59.958736,1.764140,1.020325,59.970424,6.532821,1.023473,59.961254,-9.629413,0.999351,0.999685,0.999348,0.999207,0.998969,0.999247,0.999534,0.999269,-45.000820,0.000000,4.981860,10.393757,3.076866,10.210623,18.290077,-40.789049,288.383297,447.800150,209.391350,467.503357,6.717002,286.592096,294.652499,141.504847,562.436988,245.394482,221.661074,276.382253,200.614467,124.488442,251.663684,184.493662,253.902685,8.239523,988.742731,2.149441,164.790455,75.230425,157.625653,78.812826,137.026846,28.927890,26.868009,92.246831,102.994034,75.767785,-82.574348,42.272334,15.225205,67.617823,24.718568,24.091648,4.119761,223.900075
4.880000,1.041173,59.961250,-8.101004,1.042932,59.960965,-5.580908,1.027090,59.960859,-8.003858,1.002417,59.961063,-8.732383,1.002841,59.961520,-7.764784,1.004698,59.961613,-7.143282,0.995461,59.961555,-9.144981,0.994676,59.961532,-9.609630,1.023714,59.961474,-9.656020,1.012746,59.960898,-4.830984,1.008954,59.961136,-5.618220,0.998430,59.960996,-5.589528,1.010652,59.960856,-5.466012,1.009322,59.960730,-6.941227,1.013676,59.959904,-7.096958,1.028533,59.959506,-5.738102,1.030989,59.960499,-6.797448,1.028399,59.960644,-7.642897,1.043399,59.956468,-1.029976,0.985255,59.955013,-1.913580,1.027746,59.959426,-3.560439,1.042460,59.959279,0.474971,1.037808,59.959285,0.297066,1.033352,59.959501,-5.628933,1.052054,59.961016,-4.352820,1.050068,59.963410,-5.338397,1.036373,59.962089,-7.046044,1.048456,59.967296,-2.216746,1.047328,59.968527,0.257638,1.035152,59.960735,-3.549072,0.971145,59.964417,0.386067,0.971488,59.959884,2.647247,0.987394,59.955515,3.731837,1.003456,59.952510,2.822544,1.037376,59.959122,5.000300,1.050587,59.959031,7.469460,1.021892,59.959495,1.762280,1.020436,59.971141,6.615073,1.023473,59.961439,-9.615690,0.999355,0.999614,0.999309,0.999211,0.998967,0.999263,0.999558,0.999316,-45.129348,0.000000,4.842823,10.203068,2.781864,10.039805,18.245323,-40.943663,288.383297,447.800150,209.391350,467.503357,6.717002,286.592096,294.652499,141.504847,562.436988,245.394482,221.661074,276.382253,200.614467,124.488442,251.663684,184.493662,253.902685,8.239523,988.742731,2.149441,164.790455,75.230425,157.625653,78.812826,137.026846,28.927890,26.868009,92.246831,102.994034,75.767785,-82.574348,42.272334,15.225205,67.617823,24.718568,24.091648,4.119761,223.900075
4.900000,1.041162,59.961588,-8.085070,1.042897,59.961547,-5.565934,1.027103,59.961076,-7.991295,1.002429,59.960777,-8.720614,1.002828,59.960966,-7.750928,1.004680,59.960989,-7.129071,0.995446,59.961020,-9.130788,0.994662,59.961036,-9.595428,1.023710,59.961389,-9.640376,1.012759,59.960270,-4.821948,1.008958,59.960512,-5.607448,0.998443,59.960411,-5.579590,1.010671,59.960310,-5.456910,1.009358,59.960384,-6.932132,1.013784,59.959879,-7.092367,1.028669,59.959614,-5.735780,1.031074,59.960685,-6.787617,1.028457,59.960843,-7.631962,1.043655,59.956675,-1.049105,0.985598,59.955250,-1.943070,1.027885,59.959532,-3.558704,1.042599,59.959378,0.475620,1.037946,59.959385,0.297763,1.033488,59.959610,-5.626644,1.052037,59.961637,-4.337305,1.050070,59.963828,-5.306533,1.036408,59.962399,-7.024191,1.048452,59.967744,-2.156727,1.047338,59.968995,0.326629,1.035033,59.961836,-3.533413,0.971008,59.962799,0.416019,0.971507,59.958814,2.646979,0.987600,59.955772,3.706070,1.003902,59.952789,2.775201,1.037510,59.959209,4.999768,1.050716,59.959124,7.468297,1.021874,59.960321,1.767748,1.020512,59.971666,6.703179,1.023475,59.961626,-9.599073,0.999358,0.999540,0.999271,0.999218,0.998970,0.999283,0.999574,0.999363,-45.224775,0.000000,4.718558,10.046178,2.518461,9.908170,18.240642,-41.046459,288.383297,447.800150,209.391350,467.503357,6.717002,286.592096,294.652499,141.504847,562.436988,245.394482,221.661074,276.382253,200.614467,124.488442,251.663684,184.493662,253.902685,8.239523,988.742731,2.149441,164.790455,75.230425,157.625653,78.812826,137.026846,28.927890,26.868009,92.246831,102.994034,75.767785,-82.574348,42.272334,15.225205,67.617823,24.718568,24.091648,4.119761,223.900075
4.920000,1.041152,59.961932,-8.065295,1.042865,59.962143,-5.545326,1.027125,59.961317,-7.975680,1.002466,59.960524,-8.709383,1.002847,59.960439,-7.739567,1.004696,59.960394,-7.117852,0.995462,59.960512,-9.118956,0.994679,59.960567,-9.583304,1.023720,59.961316,-9.623917,1.012805,59.959683,-4.815876,1.008995,59.959925,-5.599632,0.998488,59.959865,-5.572318,1.010722,59.959803,-5.450190,1.009420,59.960075,-6.923989,1.013906,59.959897,-7.086386,1.028813,59.959767,-5.731100,1.031166,59.960900,-6.774938,1.028522,59.961069,-7.618096,1.043916,59.956965,-1.064989,0.985942,59.955598,-1.968973,1.028034,59.959680,-3.554637,1.042748,59.959516,0.478536,1.038094,59.959526,0.300744,1.033633,59.959763,-5.621992,1.052021,59.962272,-4.315871,1.050067,59.964220,-5.270397,1.036444,59.962710,-6.998722,1.048432,59.968090,-2.092562,1.047330,59.969334,0.399786,1.034919,59.962939,-3.508432,0.970913,59.961177,0.435662,0.971561,59.957813,2.640686,0.987812,59.956114,3.683916,1.004344,59.953215,2.731914,1.037655,59.959334,5.001408,1.050854,59.959252,7.469342,1.021853,59.961196,1.780769,1.020564,59.971998,6.795574,1.023480,59.961815,-9.579723,0.999362,0.999463,0.999236,0.999226,0.998977,0.999305,0.999584,0.999410,-45.285774,0.000000,4.611257,9.925241,2.290173,9.818487,18.274486,-41.095990,288.383297,447.800150,209.391350,467.503357,6.717002,286.592096,294.652499,141.504847,562.436988,245.394482,221.661074,276.382253,200.614467,124.488442,251.663684,184.493662,253.902685,8.239523,988.742731,2.149441,164.790455,75.230425,157.625653,78.812826,137.026846,28.927890,26.868009,92.246831,102.994034,75.767785,-82.574348,42.272334,15.225205,67.617823,24.718568,24.091648,4.119761,223.900075
4.940000,1.041144,59.962280,-8.041850,1.042838,59.962743,-5.519226,1.027159,59.961579,-7.957061,1.002530,59.960307,-8.698643,1.002900,59.959951,-7.730656,1.004746,59.959838,-7.109576,0.995513,59.960041,-9.109446,0.994729,59.960134,-9.573225,1.023746,59.961258,-9.606745,1.012886,59.959148,-4.812627,1.009067,59.959385,-5.594662,0.998567,59.959367,-5.567593,1.010806,59.959346,-5.445725,1.009510,59.959809,-6.916704,1.014044,59.959958,-7.078908,1.028970,59.959961,-5.723958,1.031267,59.961139,-6.759428,1.028599,59.961318,-7.601325,1.044182,59.957333,-1.077260,0.986286,59.956050,-1.990723,1.028195,59.959869,-3.548143,1.042910,59.959693,0.483796,1.038255,59.959705,0.306086,1.033790,59.959958,-5.614875,1.052008,59.962910,-4.288672,1.050065,59.964580,-5.230407,1.036485,59.963016,-6.969862,1.048406,59.968333,-2.025192,1.047313,59.969543,0.475970,1.034810,59.964024,-3.474408,0.970863,59.959582,0.444904,0.971652,59.956900,2.628745,0.988031,59.956535,3.665758,1.004781,59.953780,2.693499,1.037813,59.959494,5.005279,1.051005,59.959415,7.472640,1.021831,59.962101,1.801410,1.020601,59.972138,6.890664,1.023487,59.962005,-9.557832,0.999366,0.999385,0.999203,0.999236,0.998990,0.999331,0.999588,0.999457,-45.311628,0.000000,4.522755,9.841733,2.099845,9.772691,18.344725,-41.091782,288.383297,447.800150,209.391350,467.503357,6.717002,286.592096,294.652499,141.504847,562.436988,245.394482,221.661074,276.382253,200.614467,124.488442,251.663684,184.493662,253.902685,8.239523,988.742731,2.149441,164.790455,75.230425,157.625653,78.812826,137.026846,28.927890,26.868009,92.246831,102.994034,75.767785,-82.574348,42.272334,15.225205,67.617823,24.718568,24.091648,4.119761,223.900075
4.960000,1.041140,59.962626,-8.014957,1.042818,59.963338,-5.487878,1.027206,59.961856,-7.935538,1.002622,59.960130,-8.688339,1.002988,59.959511,-7.724102,1.004834,59.959331,-7.104138,0.995598,59.959616,-9.102175,0.994813,59.959746,-9.565119,1.023789,59.961218,-9.588961,1.013002,59.958674,-4.812014,1.009174,59.958903,-5.592379,0.998682,59.958926,-5.565254,1.010923,59.958946,-5.443352,1.009629,59.959592,-6.910170,1.014200,59.960060,-7.069859,1.029139,59.960194,-5.714295,1.031381,59.961399,-6.741151,1.028688,59.961585,-7.581727,1.044455,59.957770,-1.085617,0.986632,59.956597,-2.007838,1.028371,59.960095,-3.539174,1.043087,59.959904,0.491434,1.038431,59.959919,0.313823,1.033961,59.960191,-5.605236,1.052002,59.963539,-4.255966,1.050071,59.964903,-5.187041,1.036536,59.963313,-6.937889,1.048384,59.968473,-1.955588,1.047298,59.969623,0.554024,1.034706,59.965072,-3.431777,0.970860,59.958044,0.443849,0.971778,59.956087,2.611621,0.988256,59.957028,3.651907,1.005214,59.954470,2.660669,1.037987,59.959686,5.011397,1.051171,59.959608,7.478196,1.021810,59.963018,1.829580,1.020635,59.972090,6.986860,1.023497,59.962197,-9.533616,0.999370,0.999307,0.999174,0.999247,0.999007,0.999358,0.999585,0.999501,-45.302240,0.000000,4.454488,9.796431,1.949605,9.771840,18.448677,-41.034338,288.383297,447.800150,209.391350,467.503357,6.717002,286.592096,294.652499,141.504847,562.436988,245.394482,221.661074,276.382253,200.614467,124.488442,251.663684,184.493662,253.902685,8.239523,988.742731,2.149441,164.790455,75.230425,157.625653,78.812826,137.026846,28.927890,26.868009,92.246831,102.994034,75.767785,-82.574348,42.272334,15.225205,67.617823,24.718568,24.091648,4.119761,223.900075
4.980000,1.041139,59.962967,-7.984891,1.042806,59.963915,-5.451614,1.027268,59.962144,-7.911263,1.002743,59.959997,-8.678406,1.003112,59.959126,-7.719767,1.004958,59.958884,-7.101381,0.995719,59.959246,-9.097015,0.994931,59.959409,-9.558877,1.023847,59.961200,-9.570663,1.013152,59.958269,-4.813802,1.009317,59.958486,-5.592575,0.998833,59.958550,-5.565096,1.011074,59.958610,-5.442869,1.009777,59.959426,-6.904264,1.014374,59.960202,-7.059188,1.029324,59.960460,-5.702100,1.031510,59.961675,-6.720222,1.028791,59.961868,-7.559427,1.044734,59.958271,-1.089831,0.986978,59.957227,-2.019928,1.028562,59.960354,-3.527722,1.043281,59.960147,0.501443,1.038623,59.960165,0.323950,1.034146,59.960457,-5.593060,1.052005,59.964147,-4.218116,1.050088,59.965185,-5.140826,1.036600,59.963596,-6.903132,1.048373,59.968511,-1.884731,1.047293,59.969577,0.632791,1.034609,59.966067,-3.381126,0.970905,59.956593,0.432799,0.971939,59.955390,2.589864,0.988490,59.957583,3.642595,1.005642,59.955271,2.634021,1.038177,59.959909,5.019744,1.051352,59.959830,7.485978,1.021791,59.963925,1.865024,1.020675,59.971862,7.082599,1.023510,59.962389,-9.507312,0.999373,0.999232,0.999148,0.999260,0.999029,0.999386,0.999576,0.999543,-45.258134,0.000000,4.407476,9.789420,1.840822,9.816093,18.583159,-40.925118,288.383297,447.800150,209.391350,467.503357,6.717002,286.592096,294.652499,141.504847,562.436988,245.394482,221.661074,276.382253,200.614467,124.488442,251.663684,184.493662,253.902685,8.239523,988.742731,2.149441,164.790455,75.230425,157.625653,78.812826,137.026846,28.927890,26.868009,92.246831,102.994034,75.767785,-82.574348,42.272334,15.225205,67.617823,24.718568,24.091648,4.119761,223.900075
5.000000,1.041142,59.963297,-7.951967,1.042804,59.964466,-5.410858,1.027346,59.962438,-7.884436,1.002892,59.959911,-8.668774,1.003270,59.958805,-7.717475,1.005118,59.958504,-7.101097,0.995874,59.958937,-9.093800,0.995082,59.959131,-9.554351,1.023922,59.961205,-9.551946,1.013337,59.957941,-4.817716,1.009494,59.958142,-5.594999,0.999018,59.958246,-5.566878,1.011259,59.958344,-5.444046,1.009954,59.959315,-6.898858,1.014569,59.960381,-7.046878,1.029524,59.960756,-5.687401,1.031655,59.961964,-6.696798,1.028912,59.962160,-7.534599,1.045021,59.958824,-1.089751,0.987326,59.957930,-2.026700,1.028771,59.960642,-3.513825,1.043492,59.960418,0.513777,1.038832,59.960437,0.336417,1.034348,59.960754,-5.578380,1.052019,59.964722,-4.175580,1.050123,59.965423,-5.092328,1.036680,59.963862,-6.865965,1.048382,59.968449,-1.813605,1.047308,59.969410,0.711128,1.034519,59.966990,-3.323178,0.970999,59.955255,0.412243,0.972133,59.954817,2.564089,0.988731,59.958193,3.637978,1.006066,59.956168,2.614028,1.038385,59.960158,5.030262,1.051552,59.960075,7.495912,1.021777,59.964804,1.907332,1.020730,59.971463,7.176369,1.023527,59.962582,-9.479175,0.999377,0.999159,0.999127,0.999273,0.999054,0.999415,0.999561,0.999581,-45.180434,0.000000,4.382303,9.820099,1.774093,9.904699,18.744541,-40.766504,288.383297,447.800150,209.391350,467.503357,6.717002,286.592096,294.652499,141.504847,562.436988,245.394482,221.661074,276.382253,200.614467,124.488442,251.663684,184.493662,253.902685,8.239523,988.742731,2.149441,164.790455,75.230425,157.625653,78.812826,137.026846,28.927890,26.868009,92.246831,102.994034,75.767785,-82.574348,42.272334,15.225205,67.617823,24.718568,24.091648,4.119761,223.900075
5.020000,1.041151,59.963614,-7.916539,1.042814,59.964981,-5.366109,1.027441,59.962733,-7.855300,1.003070,59.959872,-8.659365,1.003462,59.958552,-7.717006,1.005313,59.958199,-7.103031,0.996062,59.958696,-9.092325,0.995265,59.958916,-9.551359,1.024012,59.961235,-9.532898,1.013555,59.957694,-4.823445,1.009706,59.957878,-5.599360,0.999237,59.958018,-5.570324,1.011474,59.958153,-5.446619,1.010160,59.959262,-6.893807,1.014784,59.960595,-7.032936,1.029742,59.961077,-5.670273,1.031817,59.962259,-6.671081,1.029049,59.962457,-7.507459,1.045316,59.959421,-1.085299,0.987675,59.958691,-2.027959,1.028997,59.960954,-3.497560,1.043721,59.960711,0.528348,1.039060,59.960733,0.351138,1.034567,59.961074,-5.561270,1.052045,59.965255,-4.128905,1.050179,59.965612,-5.042152,1.036781,59.964105,-6.826798,1.048420,59.968292,-1.743173,1.047351,59.969129,0.787930,1.034437,59.967826,-3.258783,0.971138,59.954058,0.382859,0.972359,59.954379,2.534976,0.988980,59.958846,3.638135,1.006485,59.957142,2.601034,1.038611,59.960429,5.042857,1.051770,59.960341,7.507895,1.021770,59.965635,1.955944,1.020809,59.970906,7.266734,1.023547,59.962774,-9.449471,0.999381,0.999092,0.999109,0.999288,0.999082,0.999443,0.999541,0.999616,-45.070848,0.000000,4.379113,9.887205,1.749233,10.036012,18.928806,-40.561747,288.383297,447.800150,209.391350,467.503357,6.717002,286.592096,294.652499,141.504847,562.436988,245.394482,221.661074,276.382253,200.614467,124.488442,251.663684,184.493662,253.902685,8.239523,988.742731,2.149441,164.790455,75.230425,157.625653,78.812826,137.026846,28.927890,26.868009,92.246831,102.994034,75.767785,-82.574348,42.272334,15.225205,67.617823,24.718568,24.091648,4.119761,223.900075
5.040000,1.041166,59.963913,-7.878989,1.042836,59.965450,-5.317939,1.027554,59.963024,-7.824139,1.003275,59.959883,-8.650095,1.003686,59.958373,-7.718107,1.005541,59.957974,-7.106886,0.996282,59.958526,-9.092349,0.995479,59.958770,-9.549688,1.024117,59.961292,-9.513596,1.013803,59.957534,-4.830646,1.009948,59.957697,-5.605332,0.999486,59.957872,-5.575128,1.011720,59.958039,-5.450303,1.010393,59.959266,-6.888966,1.015019,59.960839,-7.017398,1.029976,59.961417,-5.650831,1.031998,59.962556,-6.643308,1.029205,59.962754,-7.478262,1.045619,59.960052,-1.076473,0.988026,59.959496,-2.023612,1.029242,59.961284,-3.479047,1.043970,59.961023,0.545034,1.039307,59.961047,0.367989,1.034803,59.961414,-5.541845,1.052085,59.965734,-4.078712,1.050261,59.965751,-4.990920,1.036904,59.964324,-6.786072,1.048491,59.968044,-1.674370,1.047429,59.968741,0.862140,1.034363,59.968561,-3.188896,0.971323,59.953021,0.345484,0.972613,59.954081,2.503251,0.989238,59.959533,3.643070,1.006900,59.958175,2.595246,1.038855,59.960718,5.057405,1.052008,59.960624,7.521786,1.021771,59.966398,2.010162,1.020921,59.970206,7.352353,1.023570,59.962965,-9.418470,0.999384,0.999029,0.999097,0.999303,0.999113,0.999471,0.999517,0.999646,-44.931627,0.000000,4.397608,9.988847,1.765284,10.207529,19.131618,-40.314903,288.383297,447.800150,209.391350,467.503357,6.717002,286.592096,294.652499,141.504847,562.436988,245.394482,221.661074,276.382253,200.614467,124.488442,251.663684,184.493662,253.902685,8.239523,988.742731,2.149441,164.790455,75.230425,157.625653,78.812826,137.026846,28.927890,26.868009,92.246831,102.994034,75.767785,-82.574348,42.272334,15.225205,67.617823,24.718568,24.091648,4.119761,223.900075
5.060000,1.041186,59.964192,-7.839727,1.042872,59.965866,-5.266975,1.027685,59.963306,-7.791268,1.003505,59.959942,-8.640878,1.003939,59.958272,-7.720497,1.005800,59.957834,-7.112329,0.996531,59.958433,-9.093602,0.995721,59.958696,-9.549097,1.024235,59.961376,-9.494111,1.014080,59.957462,-4.838953,1.010220,59.957604,-5.612562,0.999765,59.957809,-5.580961,1.011993,59.958006,-5.454795,1.010652,59.959328,-6.884182,1.015273,59.961111,-7.000326,1.030227,59.961770,-5.629225,1.032198,59.962851,-6.613751,1.029379,59.963046,-7.447294,1.045930,59.960706,-1.063342,0.988379,59.960333,-2.013665,1.029504,59.961628,-3.458439,1.044237,59.961348,0.563679,1.039573,59.961374,0.386812,1.035056,59.961767,-5.520258,1.052141,59.966151,-4.025692,1.050371,59.965838,-4.939270,1.037052,59.964513,-6.744252,1.048603,59.967711,-1.608086,1.047549,59.968256,0.932767,1.034298,59.969184,-3.114564,0.971549,59.952165,0.301100,0.972893,59.953926,2.469675,0.989503,59.960243,3.652713,1.007310,59.959248,2.596740,1.039118,59.961020,5.073750,1.052266,59.960918,7.537418,1.021781,59.967079,2.069164,1.021072,59.969378,7.431997,1.023597,59.963155,-9.386448,0.999387,0.998974,0.999089,0.999319,0.999146,0.999496,0.999488,0.999671,-44.765522,0.000000,4.437066,10.122548,1.820545,10.415936,19.348391,-40.030755,288.383297,447.800150,209.391350,467.503357,6.717002,286.592096,294.652499,141.504847,562.436988,245.394482,221.661074,276.382253,200.614467,124.488442,251.663684,184.493662,253.902685,8.239523,988.742731,2.149441,164.790455,75.230425,157.625653,78.812826,137.026846,28.927890,26.868009,92.246831,102.994034,75.767785,-82.574348,42.272334,15.225205,67.617823,24.718568,24.091648,4.119761,223.900075
5.080000,1.041214,59.964446,-7.799175,1.042921,59.966221,-5.213894,1.027834,59.963575,-7.757033,1.003758,59.960050,-8.631622,1.004219,59.958251,-7.723866,1.006086,59.957781,-7.118998,0.996805,59.958416,-9.095791,0.995988,59.958694,-9.549322,1.024366,59.961488,-9.474501,1.014382,59.957480,-4.847979,1.010517,59.957599,-5.620674,1.000070,59.957830,-5.587478,1.012291,59.958052,-5.459776,1.010933,59.959447,-6.879300,1.015546,59.961404,-6.981806,1.030494,59.962131,-5.605644,1.032418,59.963139,-6.582708,1.029573,59.963328,-7.414872,1.046248,59.961373,-1.046046,0.988733,59.961185,-1.998225,1.029785,59.961980,-3.435923,1.044522,59.961681,0.584096,1.039858,59.961708,0.407418,1.035326,59.962129,-5.496697,1.052214,59.966499,-3.970584,1.050512,59.965871,-4.887843,1.037227,59.964671,-6.701818,1.048760,59.967302,-1.545155,1.047715,59.967685,0.998900,1.034242,59.969684,-3.036903,0.971812,59.951505,0.250816,0.973195,59.953916,2.435028,0.989776,59.960966,3.666924,1.007716,59.960342,2.605456,1.039399,59.961332,5.091709,1.052544,59.961220,7.554596,1.021802,59.967661,2.132021,1.021267,59.968440,7.504570,1.023627,59.963343,-9.353674,0.999391,0.998927,0.999086,0.999334,0.999180,0.999520,0.999457,0.999691,-44.575731,0.000000,4.496354,10.285302,1.912610,10.657180,19.574369,-39.714715,288.383297,447.800150,209.391350,467.503357,6.717002,286.592096,294.652499,141.504847,562.436988,245.394482,221.661074,276.382253,200.614467,124.488442,251.663684,184.493662,253.902685,8.239523,988.742731,2.149441,164.790455,75.230425,157.625653,78.812826,137.026846,28.927890,26.868009,92.246831,102.994034,75.767785,-82.574348,42.272334,15.225205,67.617823,24.718568,24.091648,4.119761,223.900075
5.100000,1.041248,59.964674,-7.757769,1.042985,59.966510,-5.159405,1.028000,59.963826,-7.721797,1.004033,59.960205,-8.622235,1.004523,59.958309,-7.727887,1.006396,59.957817,-7.126507,0.997103,59.958479,-9.098599,0.996278,59.958767,-9.550082,1.024508,59.961629,-9.454812,1.014705,59.957588,-4.857330,1.010837,59.957683,-5.629277,1.000397,59.957935,-5.594320,1.012611,59.958178,-5.464921,1.011235,59.959622,-6.874168,1.015836,59.961716,-6.961947,1.030778,59.962495,-5.580304,1.032657,59.963415,-6.550501,1.029785,59.963597,-7.381335,1.046573,59.962042,-1.024794,0.989088,59.962039,-1.977489,1.030082,59.962334,-3.411717,1.044826,59.962018,0.606070,1.040162,59.962045,0.429590,1.035613,59.962492,-5.471379,1.052303,59.966771,-3.914167,1.050686,59.965852,-4.837270,1.037428,59.964795,-6.659257,1.048966,59.966824,-1.486343,1.047933,59.967038,1.059716,1.034196,59.970054,-2.957080,0.972110,59.951051,0.195845,0.973515,59.954049,2.400099,0.990057,59.961690,3.685496,1.008118,59.961437,2.621206,1.039698,59.961647,5.111073,1.052842,59.961524,7.573102,1.021836,59.968132,2.197721,1.021512,59.967412,7.569115,1.023660,59.963528,-9.320415,0.999394,0.998888,0.999087,0.999350,0.999215,0.999540,0.999422,0.999705,-44.365836,0.000000,4.573959,10.473632,2.038415,10.926553,19.804701,-39.372724,288.383297,447.800150,209.391350,467.503357,6.717002,286.592096,294.652499,141.504847,562.436988,245.394482,221.661074,276.382253,200.614467,124.488442,251.663684,184.493662,253.902685,8.239523,988.742731,2.149441,164.790455,75.230425,157.625653,78.812826,137.026846,28.927890,26.868009,92.246831,102.994034,75.767785,-82.574348,42.272334,15.225205,67.617823,24.718568,24.091648,4.119761,223.900075
5.120000,1.041290,59.964873,-7.715942,1.043065,59.966730,-5.104241,1.028183,59.964056,-7.685940,1.004327,59.960404,-8.612626,1.004846,59.958448,-7.732221,1.006726,59.957941,-7.134454,0.997421,59.958620,-9.101700,0.996586,59.958913,-9.551080,1.024660,59.961797,-9.435081,1.015047,59.957783,-4.866605,1.011175,59.957855,-5.637973,1.000744,59.958123,-5.601125,1.012949,59.958382,-5.469901,1.011555,59.959849,-6.868633,1.016143,59.962041,-6.940875,1.031077,59.962856,-5.553449,1.032915,59.963676,-6.517468,1.030015,59.963848,-7.347035,1.046905,59.962702,-0.999853,0.989444,59.962881,-1.951748,1.030396,59.962686,-3.386063,1.045147,59.962352,0.629364,1.040482,59.962380,0.453089,1.035915,59.962852,-5.444550,1.052410,59.966963,-3.857245,1.050895,59.965780,-4.788168,1.037658,59.964883,-6.617055,1.049223,59.966286,-1.432338,1.048205,59.966329,1.114494,1.034160,59.970290,-2.876291,0.972436,59.950811,0.137473,0.973850,59.954323,2.365669,0.990344,59.962406,3.708157,1.008516,59.962515,2.643678,1.040012,59.961962,5.131613,1.053159,59.961826,7.592699,1.021882,59.968483,2.265180,1.021811,59.966313,7.624830,1.023696,59.963711,-9.286924,0.999397,0.998858,0.999093,0.999366,0.999251,0.999557,0.999386,0.999713,-44.139737,0.000000,4.668024,10.683659,2.194314,11.218794,20.034518,-39.011140,288.383297,447.800150,209.391350,467.503357,6.717002,286.592096,294.652499,141.504847,562.436988,245.394482,221.661074,276.382253,200.614467,124.488442,251.663684,184.493662,253.902685,8.239523,988.742731,2.149441,164.790455,75.230425,157.625653,78.812826,137.026846,28.927890,26.868009,92.246831,102.994034,75.767785,-82.574348,42.272334,15.225205,67.617823,24.718568,24.091648,4.119761,223.900075
5.140000,1.041340,59.965043,-7.674127,1.043160,59.966876,-5.049141,1.028383,59.964262,-7.649848,1.004636,59.960646,-8.602704,1.005186,59.958664,-7.736519,1.007073,59.958152,-7.142429,0.997754,59.958837,-9.104756,0.996910,59.959132,-9.552015,1.024819,59.961992,-9.415332,1.015404,59.958063,-4.875407,1.011529,59.958111,-5.646364,1.001105,59.958391,-5.607531,1.013302,59.958660,-5.474394,1.011891,59.960126,-6.862553,1.016464,59.962374,-6.918737,1.031391,59.963209,-5.525345,1.033191,59.963917,-6.483958,1.030263,59.964078,-7.312337,1.047243,59.963344,-0.971551,0.989800,59.963696,-1.921371,1.030726,59.963030,-3.359225,1.045483,59.962679,0.653721,1.040819,59.962708,0.477656,1.036232,59.963204,-5.416475,1.052535,59.967072,-3.800629,1.051138,59.965658,-4.741123,1.037916,59.964936,-6.575690,1.049533,59.965700,-1.383743,1.048533,59.965570,1.162621,1.034134,59.970387,-2.795741,0.972786,59.950789,0.077039,0.974197,59.954730,2.332500,0.990637,59.963104,3.734581,1.008909,59.963557,2.672445,1.040342,59.962271,5.153083,1.053494,59.962122,7.613133,1.021942,59.968706,2.333279,1.022164,59.965162,7.671075,1.023735,59.963891,-9.253442,0.999400,0.998838,0.999104,0.999382,0.999286,0.999570,0.999348,0.999715,-43.901577,0.000000,4.776388,10.911177,2.376147,11.528195,20.259019,-38.636619,288.383297,447.800150,209.391350,467.503357,6.717002,286.592096,294.652499,141.504847,562.436988,245.394482,221.661074,276.382253,200.614467,124.488442,251.663684,184.493662,253.902685,8.239523,988.742731,2.149441,164.790455,75.230425,157.625653,78.812826,137.026846,28.927890,26.868009,92.246831,102.994034,75.767785,-82.574348,42.272334,15.225205,67.617823,24.718568,24.091648,4.119761,223.900075
5.160000,1.041397,59.965183,-7.632741,1.043270,59.966948,-4.994839,1.028599,59.964442,-7.613905,1.004959,59.960926,-8.592381,1.005539,59.958955,-7.740436,1.007433,59.958447,-7.150023,0.998100,59.959128,-9.107431,0.997246,59.959419,-9.552582,1.024985,59.962213,-9.395578,1.015772,59.958422,-4.883352,1.011895,59.958449,-5.654058,1.001479,59.958733,-5.613188,1.013666,59.959007,-5.478086,1.012238,59.960448,-6.855790,1.016798,59.962712,-6.895693,1.031717,59.963548,-5.496275,1.033485,59.964136,-6.450323,1.030528,59.964284,-7.277606,1.047586,59.963958,-0.940262,0.990157,59.964473,-1.886805,1.031069,59.963361,-3.331481,1.045834,59.962995,0.678870,1.041171,59.963024,0.503016,1.036562,59.963543,-5.387438,1.052677,59.967097,-3.745121,1.051416,59.965489,-4.696687,1.038201,59.964953,-6.535624,1.049896,59.965075,-1.341068,1.048917,59.964776,1.203600,1.034118,59.970348,-2.716621,0.973155,59.950983,0.015902,0.974550,59.955263,2.301319,0.990936,59.963772,3.764387,1.009298,59.964547,2.706975,1.040686,59.962571,5.175222,1.053845,59.962408,7.634137,1.022017,59.968797,2.400876,1.022574,59.963982,7.707375,1.023776,59.964068,-9.220196,0.999403,0.998828,0.999119,0.999397,0.999320,0.999579,0.999310,0.999711,-43.655666,0.000000,4.896633,11.151731,2.579328,11.848724,20.473543,-38.255993,288.383297,447.800150,209.391350,467.503357,6.717002,286.592096,294.652499,141.504847,562.436988,245.394482,221.661074,276.382253,200.614467,124.488442,251.663684,184.493662,253.902685,8.239523,988.742731,2.149441,164.790455,75.230425,157.625653,78.812826,137.026846,28.927890,26.868009,92.246831,102.994034,75.767785,-82.574348,42.272334,15.225205,67.617823,24.718568,24.091648,4.119761,223.900075
5.180000,1.041462,59.965292,-7.592184,1.043396,59.966946,-4.942050,1.028829,59.964593,-7.578493,1.005292,59.961242,-8.581576,1.005900,59.959317,-7.743632,1.007802,59.958820,-7.156835,0.998454,59.959488,-9.109395,0.997591,59.959771,-9.552483,1.025156,59.962457,-9.375824,1.016148,59.958855,-4.890071,1.012269,59.958861,-5.660678,1.001861,59.959145,-5.617757,1.014039,59.959419,-5.480679,1.012595,59.960810,-6.848221,1.017143,59.963049,-6.871917,1.032056,59.963870,-5.466534,1.033795,59.964331,-6.416916,1.030809,59.964463,-7.243206,1.047934,59.964536,-0.906407,0.990514,59.965200,-1.848559,1.031425,59.963675,-3.303125,1.046198,59.963295,0.704527,1.041537,59.963324,0.528885,1.036905,59.963864,-5.357735,1.052836,59.967039,-3.691504,1.051728,59.965276,-4.655365,1.038513,59.964934,-6.497292,1.050312,59.964422,-1.304722,1.049357,59.963959,1.237055,1.034113,59.970174,-2.640089,0.973538,59.951388,-0.044581,0.974908,59.955913,2.272809,0.991239,59.964404,3.797146,1.009682,59.965470,2.746642,1.041042,59.962857,5.197762,1.054212,59.962679,7.655439,1.022106,59.968756,2.466838,1.023039,59.962792,7.733425,1.023820,59.964241,-9.187391,0.999406,0.998829,0.999137,0.999411,0.999352,0.999583,0.999272,0.999702,-43.406398,0.000000,5.026137,11.400697,2.798937,12.174150,20.673649,-37.876146,288.383297,447.800150,209.391350,467.503357,6.717002,286.592096,294.652499,141.504847,562.436988,245.394482,221.661074,276.382253,200.614467,124.488442,251.663684,184.493662,253.902685,8.239523,988.742731,2.149441,164.790455,75.230425,157.625653,78.812826,137.026846,28.927890,26.868009,92.246831,102.994034,75.767785,-82.574348,42.272334,15.225205,67.617823,24.718568,24.091648,4.119761,223.900075
5.200000,1.041536,59.965371,-7.552833,1.043537,59.966871,-4.891456,1.029073,59.964715,-7.543977,1.005634,59.961588,-8.570215,1.006268,59.959744,-7.745782,1.008176,59.959267,-7.162481,0.998814,59.959912,-9.110329,0.997941,59.960183,-9.551428,1.025330,59.962723,-9.356067,1.016527,59.959355,-4.895222,1.012647,59.959342,-5.665870,1.002248,59.959621,-5.620925,1.014416,59.959889,-5.481897,1.012959,59.961208,-6.839735,1.017498,59.963380,-6.847590,1.032405,59.964170,-5.436425,1.034120,59.964499,-6.384081,1.031104,59.964615,-7.209490,1.048286,59.965069,-0.870443,0.990870,59.965867,-1.807201,1.031792,59.963968,-3.274454,1.046574,59.963575,0.730404,1.041915,59.963604,0.554972,1.037258,59.964164,-5.327670,1.053012,59.966901,-3.640522,1.052073,59.965024,-4.617609,1.038851,59.964882,-6.461100,1.050780,59.963753,-1.275011,1.049851,59.963135,1.262730,1.034119,59.969871,-2.567247,0.973930,59.951995,-0.103085,0.975265,59.956666,2.247595,0.991547,59.964989,3.832392,1.010062,59.966311,2.790740,1.041409,59.963125,5.220426,1.054593,59.962933,7.676761,1.022211,59.968584,2.530061,1.023559,59.961612,7.749088,1.023866,59.964410,-9.155214,0.999409,0.998839,0.999159,0.999425,0.999383,0.999583,0.999235,0.999687,-43.158177,0.000000,5.162124,11.653367,3.029819,12.498169,20.855183,-37.503886,288.383297,447.800150,209.391350,467.503357,6.717002,286.592096,294.652499,141.504847,562.436988,245.394482,221.661074,276.382253,200.614467,124.488442,251.663684,184.493662,253.902685,8.239523,988.742731,2.149441,164.790455,75.230425,157.625653,78.812826,137.026846,28.927890,26.868009,92.246831,102.994034,75.767785,-82.574348,42.272334,15.225205,67.617823,24.718568,24.091648,4.119761,223.900075
5.220000,1.041617,59.965421,-7.515032,1.043693,59.966728,-4.843697,1.029331,59.964808,-7.510703,1.005981,59.961960,-8.558232,1.006638,59.960229,-7.746582,1.008553,59.959779,-7.166598,0.999176,59.960394,-9.109934,0.998293,59.960650,-9.549148,1.025506,59.963008,-9.336296,1.016908,59.959913,-4.898494,1.013027,59.959884,-5.669308,1.002636,59.960152,-5.622404,1.014795,59.960409,-5.481492,1.013327,59.961635,-6.830239,1.017861,59.963703,-6.822902,1.032763,59.964445,-5.406256,1.034459,59.964639,-6.352150,1.031412,59.964739,-7.176797,1.048641,59.965551,-0.832855,0.991225,59.966463,-1.763344,1.032169,59.964237,-3.245771,1.046960,59.963833,0.756210,1.042303,59.963861,0.580985,1.037621,59.964438,-5.297549,1.053204,59.966687,-3.592868,1.052449,59.964739,-4.583811,1.039213,59.964799,-6.427416,1.051295,59.963079,-1.252135,1.050397,59.962316,1.280498,1.034135,59.969447,-2.499124,0.974326,59.952793,-0.158342,0.975620,59.957511,2.226236,0.991857,59.965520,3.869623,1.010437,59.967060,2.838495,1.041785,59.963372,5.242938,1.054987,59.963165,7.697827,1.022330,59.968288,2.589496,1.024132,59.960463,7.754393,1.023913,59.964574,-9.123830,0.999412,0.998859,0.999184,0.999437,0.999410,0.999578,0.999199,0.999667,-42.915332,0.000000,5.301728,11.905029,3.266687,12.814539,21.014351,-37.145826,288.383297,447.800150,209.391350,467.503357,6.717002,286.592096,294.652499,141.504847,562.436988,245.394482,221.661074,276.382253,200.614467,124.488442,251.663684,184.493662,253.902685,8.239523,988.742731,2.149441,164.790455,75.230425,157.625653,78.812826,137.026846,28.927890,26.868009,92.246831,102.994034,75.767785,-82.574348,42.272334,15.225205,67.617823,24.718568,24.091648,4.119761,223.900075
5.240000,1.041706,59.965444,-7.479093,1.043865,59.966522,-4.799357,1.029599,59.964871,-7.478995,1.006331,59.962352,-8.545575,1.007008,59.960765,-7.745755,1.008929,59.960350,-7.168858,0.999537,59.960926,-9.107938,0.998645,59.961163,-9.545393,1.025683,59.963309,-9.316499,1.017287,59.960522,-4.899613,1.013405,59.960479,-5.670701,1.003023,59.960730,-5.621940,1.015174,59.960971,-5.479246,1.013696,59.962086,-6.819659,1.018230,59.964013,-6.798047,1.033129,59.964693,-5.376329,1.034810,59.964751,-6.321436,1.031733,59.964833,-7.145446,1.048998,59.965976,-0.794152,0.991579,59.966983,-1.717632,1.032555,59.964478,-3.217373,1.047354,59.964065,0.781657,1.042701,59.964092,0.606633,1.037991,59.964685,-5.267677,1.053411,59.966403,-3.549171,1.052855,59.964426,-4.554295,1.039597,59.964686,-6.396564,1.051856,59.962411,-1.236187,1.050991,59.961516,1.290351,1.034163,59.968912,-2.436659,0.974722,59.953765,-0.209159,0.975969,59.958432,2.209213,0.992171,59.965991,3.908313,1.010809,59.967706,2.889084,1.042168,59.963595,5.265025,1.055391,59.963375,7.718364,1.022465,59.967876,2.644171,1.024753,59.959362,7.749530,1.023963,59.964734,-9.093380,0.999415,0.998889,0.999212,0.999448,0.999435,0.999569,0.999166,0.999642,-42.682040,0.000000,5.442045,12.151053,3.504221,13.117204,21.147775,-36.808266,288.383297,447.800150,209.391350,467.503357,6.717002,286.592096,294.652499,141.504847,562.436988,245.394482,221.661074,276.382253,200.614467,124.488442,251.663684,184.493662,253.902685,8.239523,988.742731,2.149441,164.790455,75.230425,157.625653,78.812826,137.026846,28.927890,26.868009,92.246831,102.994034,75.767785,-82.574348,42.272334,15.225205,67.617823,24.718568,24.091648,4.119761,223.900075
5.260000,1.041803,59.965441,-7.445289,1.044050,59.966257,-4.758954,1.029879,59.964906,-7.449144,1.006682,59.962760,-8.532203,1.007375,59.961344,-7.743054,1.009301,59.960970,-7.168967,0.999895,59.961501,-9.104098,0.998993,59.961716,-9.539946,1.025858,59.963624,-9.296656,1.017661,59.961171,-4.898345,1.013779,59.961117,-5.669798,1.003406,59.961347,-5.619318,1.015548,59.961568,-5.474978,1.014065,59.962553,-6.807939,1.018603,59.964306,-6.773221,1.033501,59.964909,-5.346942,1.035171,59.964834,-6.292232,1.032064,59.964899,-7.115728,1.049357,59.966338,-0.754852,0.991932,59.967419,-1.670738,1.032946,59.964690,-3.189554,1.047755,59.964269,0.806466,1.043106,59.964296,0.631636,1.038368,59.964901,-5.238350,1.053631,59.966058,-3.509984,1.053286,59.964092,-4.529314,1.040001,59.964549,-6.368821,1.052458,59.961762,-1.227152,1.051629,59.960750,1.292403,1.034202,59.968279,-2.380683,0.975115,59.954894,-0.254445,0.976309,59.959415,2.196925,0.992486,59.966396,3.947914,1.011176,59.968241,2.941647,1.042558,59.963793,5.286422,1.055804,59.963559,7.738111,1.022614,59.967358,2.693211,1.025419,59.958326,7.734840,1.024014,59.964890,-9.063984,0.999417,0.998927,0.999242,0.999458,0.999457,0.999556,0.999135,0.999613,-42.462254,0.000000,5.580191,12.386964,3.737174,13.400419,21.252548,-36.497081,288.383297,447.800150,209.391350,467.503357,6.717002,286.592096,294.652499,141.504847,562.436988,245.394482,221.661074,276.382253,200.614467,124.488442,251.663684,184.493662,253.902685,8.239523,988.742731,2.149441,164.790455,75.230425,157.625653,78.812826,137.026846,28.927890,26.868009,92.246831,102.994034,75.767785,-82.574348,42.272334,15.225205,67.617823,24.718568,24.091648,4.119761,223.900075
5.280000,1.041908,59.965417,-7.413848,1.044249,59.965942,-4.722932,1.030167,59.964915,-7.421407,1.007031,59.963179,-8.518089,1.007736,59.961957,-7.738273,1.009666,59.961629,-7.166677,1.000247,59.962110,-9.098207,0.999335,59.962300,-9.532618,1.026033,59.963948,-9.276752,1.018028,59.961851,-4.894506,1.014146,59.961788,-5.666393,1.003782,59.961993,-5.614363,1.015916,59.962189,-5.468546,1.014430,59.963031,-6.795049,1.018979,59.964579,-6.748618,1.033878,59.965094,-5.318383,1.035542,59.964890,-6.264801,1.032405,59.964937,-7.087907,1.049716,59.966635,-0.715480,0.992283,59.967768,-1.623341,1.033343,59.964871,-3.162593,1.048162,59.964444,0.830368,1.043516,59.964470,0.655725,1.038750,59.965085,-5.209857,1.053865,59.965659,-3.475776,1.053741,59.963745,-4.509048,1.040423,59.964391,-6.344409,1.053097,59.961142,-1.224912,1.052306,59.960028,1.286886,1.034251,59.967560,-2.331904,0.975500,59.956159,-0.293229,0.976639,59.960444,2.189682,0.992802,59.966731,3.987872,1.011539,59.968662,2.995302,1.042951,59.963964,5.306877,1.056224,59.963717,7.756820,1.022777,59.966749,2.735857,1.026124,59.957373,7.710812,1.024067,59.965040,-9.035738,0.999420,0.998974,0.999274,0.999467,0.999475,0.999539,0.999107,0.999580,-42.259633,0.000000,5.713361,12.608523,3.960468,13.658863,21.326279,-36.217618,288.383297,447.800150,209.391350,467.503357,6.717002,286.592096,294.652499,141.504847,562.436988,245.394482,221.661074,276.382253,200.614467,124.488442,251.663684,184.493662,253.902685,8.239523,988.742731,2.149441,164.790455,75.230425,157.625653,78.812826,137.026846,28.927890,26.868009,92.246831,102.994034,75.767785,-82.574348,42.272334,15.225205,67.617823,24.718568,24.091648,4.119761,223.900075
5.300000,1.042020,59.965373,-7.384957,1.044460,59.965586,-4.691655,1.030464,59.964899,-7.396005,1.007378,59.963602,-8.503222,1.008088,59.962595,-7.731244,1.010023,59.962318,-7.161783,1.000590,59.962743,-9.090101,0.999670,59.962907,-9.523260,1.026204,59.964278,-9.256769,1.018386,59.962552,-4.887957,1.014503,59.962483,-5.660328,1.004149,59.962659,-5.606947,1.016276,59.962826,-5.459849,1.014791,59.963513,-6.780980,1.019355,59.964830,-6.724429,1.034258,59.965247,-5.290923,1.035920,59.964918,-6.239377,1.032752,59.964950,-7.062213,1.050075,59.966865,-0.676559,0.992632,59.968026,-1.576122,1.033743,59.965020,-3.136756,1.048571,59.964589,0.853112,1.043930,59.964613,0.678645,1.039135,59.965237,-5.182468,1.054109,59.965218,-3.446921,1.054216,59.963392,-4.493597,1.040859,59.964216,-6.323496,1.053766,59.960562,-1.229246,1.053015,59.959364,1.274140,1.034311,59.966773,-2.290903,0.975873,59.957537,-0.324667,0.976955,59.961502,2.187703,0.993118,59.966992,4.027627,1.011897,59.968963,3.049166,1.043347,59.964107,5.326152,1.056649,59.963848,7.774262,1.022953,59.966064,2.771482,1.026863,59.956517,7.678062,1.024121,59.965186,-9.008716,0.999423,0.999027,0.999307,0.999473,0.999490,0.999519,0.999082,0.999544,-42.077477,0.000000,5.838881,12.811792,4.169292,13.887750,21.367132,-35.974606,288.383297,447.800150,209.391350,467.503357,6.717002,286.592096,294.652499,141.504847,562.436988,245.394482,221.661074,276.382253,200.614467,124.488442,251.663684,184.493662,253.902685,8.239523,988.742731,2.149441,164.790455,75.230425,157.625653,78.812826,137.026846,28.927890,26.868009,92.246831,102.994034,75.767785,-82.574348,42.272334,15.225205,67.617823,24.718568,24.091648,4.119761,223.900075
5.320000,1.042139,59.965313,-7.358756,1.044683,59.965197,-4.665398,1.030766,59.964862,-7.373114,1.007718,59.964025,-8.487608,1.008430,59.963249,-7.721846,1.010368,59.963026,-7.154137,1.000922,59.963393,-9.079657,0.999994,59.963528,-9.511762,1.026371,59.964611,-9.236695,1.018732,59.963262,-4.878614,1.014849,59.963190,-5.651498,1.004505,59.963335,-5.596989,1.016625,59.963470,-5.448830,1.015144,59.963993,-6.765745,1.019731,59.965057,-6.700840,1.034639,59.965366,-5.264814,1.036302,59.964922,-6.216158,1.033105,59.964938,-7.038837,1.050433,59.967025,-0.638599,0.992978,59.968194,-1.529753,1.034144,59.965138,-3.112288,1.048981,59.964704,0.874466,1.044345,59.964727,0.700165,1.039521,59.965355,-5.156436,1.054364,59.964745,-3.423692,1.054707,59.963041,-4.482983,1.041307,59.964031,-6.306194,1.054460,59.960032,-1.239839,1.053751,59.958767,1.254609,1.034380,59.965934,-2.258114,0.976233,59.959004,-0.348066,0.977256,59.962573,2.191109,0.993434,59.967178,4.066626,1.012251,59.969146,3.102365,1.043744,59.964222,5.344033,1.057076,59.963953,7.790229,1.023142,59.965321,2.799603,1.027630,59.955769,7.637329,1.024176,59.965326,-8.982971,0.999425,0.999087,0.999340,0.999479,0.999501,0.999496,0.999062,0.999506,-41.918675,0.000000,5.954258,12.993201,4.359189,14.082913,21.373850,-35.772074,288.383297,447.800150,209.391350,467.503357,6.717002,286.592096,294.652499,141.504847,562.436988,245.394482,221.661074,276.382253,200.614467,124.488442,251.663684,184.493662,253.902685,8.239523,988.742731,2.149441,164.790455,75.230425,157.625653,78.812826,137.026846,28.927890,26.868009,92.246831,102.994034,75.767785,-82.574348,42.272334,15.225205,67.617823,24.718568,24.091648,4.119761,223.900075
5.340000,1.042265,59.965242,-7.335336,1.044916,59.964785,-4.644344,1.031074,59.964806,-7.352868,1.008052,59.964442,-8.471268,1.008760,59.963909,-7.710004,1.010700,59.963743,-7.143640,1.001242,59.964048,-9.066800,1.000306,59.964155,-9.498059,1.026534,59.964943,-9.216520,1.019064,59.963973,-4.866445,1.015182,59.963901,-5.639848,1.004848,59.964010,-5.584455,1.016962,59.964111,-5.435476,1.015488,59.964465,-6.749385,1.020104,59.965259,-6.678025,1.035020,59.965453,-5.240286,1.036688,59.964904,-6.195308,1.033462,59.964906,-7.017933,1.050789,59.967116,-0.602090,0.993321,59.968271,-1.484882,1.034545,59.965224,-3.089412,1.049391,59.964790,0.894222,1.044760,59.964811,0.720076,1.039907,59.965442,-5.131990,1.054626,59.964252,-3.406257,1.055211,59.962700,-4.477152,1.041764,59.963839,-6.292554,1.055173,59.959560,-1.256286,1.054507,59.958248,1.228831,1.034460,59.965061,-2.233825,0.976576,59.960536,-0.362888,0.977540,59.963641,2.199927,0.993748,59.967288,4.104328,1.012601,59.969210,3.154052,1.044139,59.964311,5.360329,1.057504,59.964032,7.804539,1.023342,59.964539,2.819892,1.028416,59.955141,7.589452,1.024231,59.965461,-8.958533,0.999428,0.999151,0.999373,0.999482,0.999508,0.999471,0.999046,0.999466,-41.785655,0.000000,6.057228,13.149606,4.526134,14.240892,21.345773,-35.613288,288.383297,447.800150,209.391350,467.503357,6.717002,286.592096,294.652499,141.504847,562.436988,245.394482,221.661074,276.382253,200.614467,124.488442,251.663684,184.493662,253.902685,8.239523,988.742731,2.149441,164.790455,75.230425,157.625653,78.812826,137.026846,28.927890,26.868009,92.246831,102.994034,75.767785,-82.574348,42.272334,15.225205,67.617823,24.718568,24.091648,4.119761,223.900075
5.360000,1.042396,59.965162,-7.314741,1.045157,59.964361,-4.628584,1.031383,59.964737,-7.335357,1.008376,59.964848,-8.454240,1.009075,59.964565,-7.695690,1.011017,59.964459,-7.130253,1.001548,59.964700,-9.051503,1.000604,59.964777,-9.482127,1.026691,59.965270,-9.196244,1.019381,59.964673,-4.851470,1.015499,59.964604,-5.625381,1.005175,59.964677,-5.569362,1.017284,59.964741,-5.419819,1.015821,59.964922,-6.731960,1.020473,59.965433,-6.656150,1.035399,59.965509,-5.217543,1.037074,59.964866,-6.176949,1.033820,59.964856,-6.999612,1.051142,59.967140,-0.567496,0.993660,59.968260,-1.442123,1.034943,59.965279,-3.068323,1.049798,59.964848,0.912199,1.045173,59.964867,0.738196,1.040291,59.965497,-5.109334,1.054894,59.963752,-3.394679,1.055722,59.962376,-4.475971,1.042226,59.963647,-6.282567,1.055898,59.959156,-1.278099,1.055276,59.957814,1.197426,1.034548,59.964172,-2.218171,0.976899,59.962108,-0.368759,0.977806,59.964690,2.214088,0.994059,59.967323,4.140215,1.012946,59.969161,3.203421,1.044531,59.964374,5.374875,1.057930,59.964087,7.817040,1.023552,59.963738,2.832183,1.029217,59.954642,7.535361,1.024287,59.965591,-8.935415,0.999430,0.999219,0.999406,0.999484,0.999512,0.999445,0.999034,0.999425,-41.680346,0.000000,6.145794,13.278334,4.666609,14.358994,21.282846,-35.500694,288.383297,447.800150,209.391350,467.503357,6.717002,286.592096,294.652499,141.504847,562.436988,245.394482,221.661074,276.382253,200.614467,124.488442,251.663684,184.493662,253.902685,8.239523,988.742731,2.149441,164.790455,75.230425,157.625653,78.812826,137.026846,28.927890,26.868009,92.246831,102.994034,75.767785,-82.574348,42.272334,15.225205,67.617823,24.718568,24.091648,4.119761,223.900075
5.380000,1.042531,59.965078,-7.296969,1.045405,59.963937,-4.618113,1.031694,59.964657,-7.320621,1.008689,59.965239,-8.436580,1.009374,59.965210,-7.678927,1.011316,59.965163,-7.113989,1.001837,59.965340,-9.033787,1.000887,59.965388,-9.463989,1.026841,59.965590,-9.175871,1.019681,59.965354,-4.833762,1.015799,59.965290,-5.608148,1.005485,59.965325,-5.551774,1.017590,59.965352,-5.401935,1.016142,59.965360,-6.713555,1.020835,59.965581,-6.635367,1.035773,59.965535,-5.196761,1.037459,59.964812,-6.161164,1.034177,59.964792,-6.983944,1.051490,59.967100,-0.535247,0.993995,59.968165,-1.402051,1.035337,59.965307,-3.049189,1.050201,59.964880,0.928247,1.045581,59.964897,0.754373,1.040671,59.965522,-5.088644,1.055166,59.963258,-3.388909,1.056238,59.962079,-4.479234,1.042689,59.963461,-6.276168,1.056629,59.958826,-1.304721,1.056052,59.957474,1.161087,1.034644,59.963288,-2.211134,0.977201,59.963693,-0.365468,0.978053,59.965706,2.233433,0.994367,59.967286,4.173798,1.013286,59.969004,3.249718,1.044917,59.964413,5.387539,1.058352,59.964120,7.827611,1.023769,59.962938,2.836471,1.030023,59.954279,7.476058,1.024343,59.965716,-8.913612,0.999432,0.999290,0.999438,0.999483,0.999511,0.999418,0.999026,0.999384,-41.604147,0.000000,6.218266,13.377228,4.777662,14.435340,21.185618,-35.435882,288.383297,447.800150,209.391350,467.503357,6.717002,286.592096,294.652499,141.504847,562.436988,245.394482,221.661074,276.382253,200.614467,124.488442,251.663684,184.493662,253.902685,8.239523,988.742731,2.149441,164.790455,75.230425,157.625653,78.812826,137.026846,28.927890,26.868009,92.246831,102.994034,75.767785,-82.574348,42.272334,15.225205,67.617823,24.718568,24.091648,4.119761,223.900075
5.400000,1.042670,59.964994,-7.281975,1.045658,59.963521,-4.612833,1.032003,59.964572,-7.308658,1.008990,59.965611,-8.418357,1.009655,59.965833,-7.659784,1.011597,59.965845,-7.094920,1.002108,59.965960,-9.013722,1.001152,59.965978,-9.443713,1.026984,59.965898,-9.155416,1.019962,59.966006,-4.813446,1.016080,59.965950,-5.588257,1.005777,59.965947,-5.531805,1.017879,59.965936,-5.381941,1.016448,59.965773,-6.694275,1.021190,59.965702,-6.615812,1.036142,59.965534,-5.178083,1.037839,59.964746,-6.147995,1.034531,59.964718,-6.970954,1.051834,59.966999,-0.505733,0.994325,59.967992,-1.365187,1.035724,59.965309,-3.032145,1.050596,59.964888,0.942247,1.045982,59.964904,0.768489,1.041044,59.965521,-5.070062,1.055440,59.962782,-3.388795,1.056752,59.961814,-4.486666,1.043151,59.963285,-6.273235,1.057359,59.958576,-1.335531,1.056826,59.957232,1.120566,1.034748,59.962426,-2.212544,0.977478,59.965265,-0.352977,0.978280,59.966673,2.257712,0.994670,59.967179,4.204626,1.013620,59.968747,3.292258,1.045296,59.964431,5.398219,1.058767,59.964135,7.836165,1.023993,59.962159,2.832916,1.030829,59.954056,7.412596,1.024399,59.965836,-8.893104,0.999434,0.999362,0.999469,0.999481,0.999508,0.999390,0.999023,0.999344,-41.557912,0.000000,6.273286,13.444676,4.856955,14.468898,21.055223,-35.419565,288.383297,447.800150,209.391350,467.503357,6.717002,286.592096,294.652499,141.504847,562.436988,245.394482,221.661074,276.382253,200.614467,124.488442,251.663684,184.493662,253.902685,8.239523,988.742731,2.149441,164.790455,75.230425,157.625653,78.812826,137.026846,28.927890,26.868009,92.246831,102.994034,75.767785,-82.574348,42.272334,15.225205,67.617823,24.718568,24.091648,4.119761,223.900075
5.420000,1.042812,59.964914,-7.269666,1.045912,59.963127,-4.612556,1.032308,59.964485,-7.299417,1.009276,59.965960,-8.399657,1.009917,59.966428,-7.638379,1.011857,59.966497,-7.073170,1.002360,59.966550,-8.991423,1.001399,59.966540,-9.421410,1.027119,59.966192,-9.134903,1.020223,59.966622,-4.790692,1.016341,59.966576,-5.565863,1.006048,59.966534,-5.509610,1.018148,59.966485,-5.359996,1.016738,59.966158,-6.674243,1.021533,59.965797,-6.597603,1.036502,59.965510,-5.161620,1.038213,59.964671,-6.137443,1.034880,59.964638,-6.960627,1.052171,59.966843,-0.479296,0.994649,59.967747,-1.331995,1.036102,59.965287,-3.017292,1.050982,59.964876,0.954113,1.046373,59.964890,0.780458,1.041409,59.965496,-5.053699,1.055713,59.962335,-3.394082,1.057262,59.961589,-4.497928,1.043607,59.963127,-6.273592,1.058081,59.958412,-1.369855,1.057592,59.957092,1.076663,1.034857,59.961605,-2.222084,0.977730,59.966802,-0.331410,0.978485,59.967581,2.286594,0.994967,59.967007,4.232290,1.013949,59.968399,3.330431,1.045666,59.964432,5.406849,1.059172,59.964133,7.842649,1.024221,59.961423,2.821834,1.031626,59.953975,7.346067,1.024455,59.965950,-8.873855,0.999437,0.999435,0.999497,0.999477,0.999501,0.999363,0.999025,0.999305,-41.541938,0.000000,6.309854,13.479635,4.902799,14.459494,20.893367,-35.451574,288.383297,447.800150,209.391350,467.503357,6.717002,286.592096,294.652499,141.504847,562.436988,245.394482,221.661074,276.382253,200.614467,124.488442,251.663684,184.493662,253.902685,8.239523,988.742731,2.149441,164.790455,75.230425,157.625653,78.812826,137.026846,28.927890,26.868009,92.246831,102.994034,75.767785,-82.574348,42.272334,15.225205,67.617823,24.718568,24.091648,4.119761,223.900075
5.440000,1.042955,59.964843,-7.259915,1.046167,59.962762,-4.617007,1.032607,59.964402,-7.292807,1.009545,59.966284,-8.380577,1.010158,59.966986,-7.614872,1.012096,59.967110,-7.048915,1.002592,59.967104,-8.967053,1.001625,59.967067,-9.397231,1.027245,59.966470,-9.114364,1.020463,59.967194,-4.765718,1.016581,59.967160,-5.541168,1.006299,59.967080,-5.485388,1.018397,59.966994,-5.336292,1.017010,59.966511,-6.653601,1.021865,59.965867,-6.580840,1.036853,59.965464,-5.147450,1.038578,59.964593,-6.129467,1.035220,59.964557,-6.952903,1.052500,59.966638,-0.456228,0.994967,59.967440,-1.302870,1.036469,59.965247,-3.004699,1.051356,59.964847,0.963796,1.046754,59.964859,0.790229,1.041764,59.965450,-5.039630,1.055983,59.961930,-3.404421,1.057763,59.961410,-4.512626,1.044054,59.962990,-6.277013,1.058790,59.958337,-1.406982,1.058343,59.957058,1.030210,1.034971,59.960843,-2.239300,0.977954,59.968278,-0.301056,0.978669,59.968416,2.319674,0.995257,59.966777,4.256434,1.014271,59.967971,3.363714,1.046024,59.964418,5.413397,1.059565,59.964119,7.847045,1.024450,59.960746,2.803691,1.032408,59.954037,7.277579,1.024510,59.966060,-8.855818,0.999439,0.999505,0.999523,0.999472,0.999491,0.999338,0.999031,0.999268,-41.555965,0.000000,6.327341,13.481643,4.914183,14.407804,20.702286,-35.530866,288.383297,447.800150,209.391350,467.503357,6.717002,286.592096,294.652499,141.504847,562.436988,245.394482,221.661074,276.382253,200.614467,124.488442,251.663684,184.493662,253.902685,8.239523,988.742731,2.149441,164.790455,75.230425,157.625653,78.812826,137.026846,28.927890,26.868009,92.246831,102.994034,75.767785,-82.574348,42.272334,15.225205,67.617823,24.718568,24.091648,4.119761,223.900075
5.460000,1.043098,59.964783,-7.252554,1.046420,59.962438,-4.625835,1.032898,59.964326,-7.288693,1.009796,59.966578,-8.361225,1.010376,59.967501,-7.589464,1.012311,59.967677,-7.022377,1.002801,59.967615,-8.940814,1.001831,59.967553,-9.371368,1.027361,59.966728,-9.093843,1.020681,59.967715,-4.738780,1.016799,59.967694,-5.514416,1.006526,59.967578,-5.459374,1.018625,59.967457,-5.311057,1.017263,59.966829,-6.632503,1.022183,59.965915,-6.565602,1.037191,59.965402,-5.135613,1.038931,59.964514,-6.123990,1.035550,59.964478,-6.947686,1.052820,59.966390,-0.436764,0.995277,59.967078,-1.278137,1.036824,59.965191,-2.994397,1.051717,59.964805,0.971279,1.047120,59.964814,0.797785,1.042106,59.965387,-5.027898,1.056248,59.961578,-3.419374,1.058249,59.961282,-4.530313,1.044489,59.962880,-6.283229,1.059478,59.958352,-1.446173,1.059072,59.957130,0.982058,1.035089,59.960155,-2.263606,0.978149,59.969673,-0.262354,0.978830,59.969170,2.356476,0.995539,59.966495,4.276755,1.014586,59.967476,3.391676,1.046369,59.964393,5.417865,1.059944,59.964096,7.849370,1.024679,59.960148,2.779090,1.033169,59.954239,7.208243,1.024563,59.966166,-8.838939,0.999441,0.999574,0.999547,0.999465,0.999479,0.999314,0.999042,0.999234,-41.599191,0.000000,6.325498,13.450823,4.890779,14.315335,20.484714,-35.655551,288.383297,447.800150,209.391350,467.503357,6.717002,286.592096,294.652499,141.504847,562.436988,245.394482,221.661074,276.382253,200.614467,124.488442,251.663684,184.493662,253.902685,8.239523,988.742731,2.149441,164.790455,75.230425,157.625653,78.812826,137.026846,28.927890,26.868009,92.246831,102.994035,75.767785,-82.574348,42.272334,15.225205,67.617823,24.718568,24.091648,4.119761,223.900075
5.480000,1.043240,59.964740,-7.247386,1.046668,59.962163,-4.638614,1.033178,59.964263,-7.286902,1.010028,59.966842,-8.341721,1.010572,59.967967,-7.562398,1.012503,59.968191,-6.993827,1.002988,59.968077,-8.912947,1.002014,59.967992,-9.344047,1.027468,59.966964,-9.073392,1.020875,59.968180,-4.710173,1.016993,59.968174,-5.485893,1.006731,59.968024,-5.431840,1.018830,59.967869,-5.284549,1.017496,59.967109,-6.611118,1.022485,59.965942,-6.551948,1.037515,59.965327,-5.126116,1.039270,59.964440,-6.120893,1.035868,59.964406,-6.944838,1.053129,59.966107,-0.421079,0.995578,59.966673,-1.258042,1.037163,59.965124,-2.986384,1.052062,59.964754,0.976583,1.047471,59.964761,0.803148,1.042435,59.965312,-5.018507,1.056506,59.961287,-3.438424,1.058719,59.961211,-4.550501,1.044907,59.962802,-6.291927,1.060139,59.958459,-1.486673,1.059774,59.957307,0.933066,1.035208,59.959558,-2.294298,0.978313,59.970964,-0.215902,0.978970,59.969832,2.396466,0.995812,59.966170,4.293014,1.014893,59.966926,3.413990,1.046698,59.964361,5.420289,1.060306,59.964069,7.849677,1.024905,59.959643,2.748759,1.033901,59.954579,7.139150,1.024616,59.966267,-8.823151,0.999443,0.999638,0.999567,0.999456,0.999465,0.999293,0.999056,0.999204,-41.670288,0.000000,6.304461,13.387875,4.832942,14.184383,20.243830,-35.822933,288.383297,447.800150,209.391350,467.503357,6.717002,286.592096,294.652499,141.504847,562.436988,245.394482,221.661074,276.382253,200.614467,124.488442,251.663684,184.493662,253.902685,8.239523,988.742731,2.149441,164.790455,75.230425,157.625653,78.812826,137.026846,28.927890,26.868009,92.246831,102.994035,75.767785,-82.574348,42.272334,15.225205,67.617823,24.718568,24.091648,4.119761,223.900075
5.500000,1.043380,59.964715,-7.244184,1.046909,59.961945,-4.654857,1.033446,59.964216,-7.287229,1.010240,59.967075,-8.322191,1.010743,59.968380,-7.533946,1.012670,59.968646,-6.963570,1.003151,59.968485,-8.883727,1.002175,59.968380,-9.315526,1.027563,59.967178,-9.053073,1.021046,59.968585,-4.680220,1.017163,59.968594,-5.455915,1.006911,59.968413,-5.403085,1.019012,59.968227,-5.257048,1.017708,59.967351,-6.589620,1.022770,59.965952,-6.539912,1.037824,59.965244,-5.118929,1.039594,59.964374,-6.120026,1.036171,59.964346,-6.944188,1.053427,59.965798,-0.409286,0.995870,59.966235,-1.242754,1.037486,59.965050,-2.980622,1.052390,59.964698,0.979759,1.047804,59.964703,0.806369,1.042747,59.965230,-5.011426,1.056754,59.961067,-3.460988,1.059167,59.961199,-4.572673,1.045306,59.962760,-6.302763,1.060770,59.958658,-1.527723,1.060443,59.957588,0.884082,1.035329,59.959063,-2.330569,0.978447,59.972134,-0.162425,0.979087,59.970398,2.439059,0.996075,59.965810,4.305037,1.015191,59.966338,3.430429,1.047010,59.964327,5.420736,1.060649,59.964041,7.848048,1.025125,59.959244,2.713531,1.034599,59.955049,7.071362,1.024666,59.966364,-8.808387,0.999444,0.999698,0.999585,0.999446,0.999449,0.999274,0.999075,0.999177,-41.767436,0.000000,6.264736,13.294059,4.741695,14.017977,19.983203,-36.029560,288.383297,447.800150,209.391350,467.503357,6.717002,286.592096,294.652499,141.504847,562.436988,245.394482,221.661074,276.382253,200.614467,124.488442,251.663684,184.493662,253.902685,8.239523,988.742731,2.149441,164.790455,75.230425,157.625653,78.812826,137.026846,28.927890,26.868009,92.246831,102.994035,75.767785,-82.574348,42.272334,15.225205,67.617823,24.718568,24.091648,4.119761,223.900075
5.520000,1.043515,59.964711,-7.242701,1.047140,59.961789,-4.674024,1.033698,59.964190,-7.289436,1.010430,59.967274,-8.302768,1.010891,59.968735,-7.504410,1.012813,59.969038,-6.931949,1.003291,59.968836,-8.853456,1.002313,59.968714,-9.286089,1.027648,59.967367,-9.032957,1.021194,59.968926,-4.649270,1.017309,59.968951,-5.424827,1.007067,59.968742,-5.373430,1.019171,59.968529,-5.228855,1.017898,59.967553,-6.568193,1.023036,59.965947,-6.529508,1.038115,59.965158,-5.113988,1.039899,59.964322,-6.121206,1.036456,59.964302,-6.945536,1.053713,59.965471,-0.401435,0.996151,59.965775,-1.232355,1.037790,59.964973,-2.977039,1.052698,59.964641,0.980893,1.048117,59.964644,0.807534,1.043042,59.965143,-5.006593,1.056990,59.960924,-3.486427,1.059590,59.961249,-4.596285,1.045683,59.962756,-6.315365,1.061364,59.958945,-1.568574,1.061073,59.957968,0.835936,1.035449,59.958683,-2.371526,0.978549,59.973165,-0.102771,0.979184,59.970861,2.483633,0.996326,59.965425,4.312716,1.015479,59.965723,3.440874,1.047304,59.964294,5.419307,1.060970,59.964016,7.844596,1.025339,59.958963,2.674325,1.035258,59.955643,7.005890,1.024715,59.966458,-8.794572,0.999446,0.999752,0.999599,0.999435,0.999432,0.999259,0.999096,0.999155,-41.888361,0.000000,6.207196,13.171171,4.618701,13.819812,19.706733,-36.271301,288.383297,447.800150,209.391350,467.503357,6.717002,286.592096,294.652499,141.504847,562.436988,245.394482,221.661074,276.382253,200.614467,124.488442,251.663684,184.493662,253.902685,8.239523,988.742731,2.149441,164.790455,75.230425,157.625653,78.812826,137.026846,28.927890,26.868009,92.246831,102.994035,75.767785,-82.574348,42.272334,15.225205,67.617823,24.718568,24.091648,4.119761,223.900075
5.540000,1.043645,59.964731,-7.242671,1.047360,59.961703,-4.695533,1.033934,59.964187,-7.293263,1.010598,59.967442,-8.283586,1.011014,59.969031,-7.474116,1.012930,59.969365,-6.899330,1.003406,59.969126,-8.822462,1.002427,59.968990,-9.256040,1.027722,59.967532,-9.013122,1.021317,59.969201,-4.617692,1.017431,59.969242,-5.392995,1.007199,59.969009,-5.343218,1.019306,59.968772,-5.200284,1.018066,59.967716,-6.547021,1.023283,59.965930,-6.520726,1.038387,59.965073,-5.111199,1.040184,59.964287,-6.124222,1.036724,59.964277,-6.948653,1.053984,59.965136,-0.397511,0.996420,59.965306,-1.226849,1.038074,59.964899,-2.975532,1.052986,59.964588,0.980101,1.048409,59.964589,0.806758,1.043317,59.965059,-5.003909,1.057213,59.960863,-3.514062,1.059985,59.961363,-4.620782,1.046036,59.962794,-6.329338,1.061917,59.959319,-1.608498,1.061660,59.958442,0.789422,1.035566,59.958425,-2.416205,0.978620,59.974045,-0.037900,0.979259,59.971218,2.529535,0.996565,59.965025,4.316017,1.015756,59.965099,3.445312,1.047577,59.964266,5.416128,1.061270,59.963998,7.839463,1.025542,59.958808,2.632125,1.035873,59.956352,6.943684,1.024761,59.966548,-8.781634,0.999448,0.999799,0.999609,0.999423,0.999414,0.999248,0.999121,0.999138,-42.030382,0.000000,6.133053,13.021510,4.466224,13.594162,19.418582,-36.543414,288.383297,447.800150,209.391350,467.503357,6.717002,286.592096,294.652499,141.504847,562.436988,245.394482,221.661074,276.382253,200.614467,124.488442,251.663684,184.493662,253.902685,8.239523,988.742731,2.149441,164.790455,75.230425,157.625653,78.812826,137.026846,28.927890,26.868009,92.246831,102.994035,75.767785,-82.574348,42.272334,15.225205,67.617823,24.718568,24.091648,4.119761,223.900075
5.560000,1.043769,59.964777,-7.243817,1.047567,59.961689,-4.718776,1.034152,59.964210,-7.298427,1.010744,59.967577,-8.264781,1.011112,59.969265,-7.443406,1.013023,59.969623,-6.866105,1.003498,59.969355,-8.791089,1.002519,59.969207,-9.225702,1.027785,59.967671,-8.993653,1.021418,59.969410,-4.585866,1.017530,59.969467,-5.360802,1.007307,59.969213,-5.312801,1.019418,59.968957,-5.171661,1.018210,59.967840,-6.526288,1.023509,59.965906,-6.513533,1.038640,59.964994,-5.110433,1.040448,59.964271,-6.128840,1.036971,59.964274,-6.953286,1.054241,59.964802,-0.397438,0.996678,59.964838,-1.226156,1.038336,59.964831,-2.975968,1.053252,59.964543,0.977524,1.048678,59.964542,0.804185,1.043573,59.964980,-5.003247,1.057421,59.960888,-3.543185,1.060350,59.961541,-4.645604,1.046362,59.962876,-6.344277,1.062427,59.959774,-1.646799,1.062201,59.959005,0.745291,1.035681,59.958298,-2.463591,0.978659,59.974761,0.031140,0.979316,59.971469,2.576094,0.996791,59.964620,4.314973,1.016023,59.964480,3.443833,1.047829,59.964247,5.411350,1.061545,59.963991,7.832813,1.025735,59.958784,2.587959,1.036440,59.957164,6.885617,1.024804,59.966635,-8.769496,0.999449,0.999838,0.999616,0.999411,0.999395,0.999241,0.999149,0.999125,-42.190461,0.000000,6.043834,12.847829,4.287077,13.345792,19.123106,-36.840648,288.383297,447.800150,209.391350,467.503357,6.717002,286.592096,294.652499,141.504847,562.436988,245.394482,221.661074,276.382253,200.614467,124.488442,251.663684,184.493662,253.902685,8.239523,988.742731,2.149441,164.790455,75.230425,157.625653,78.812826,137.026846,28.927890,26.868009,92.246831,102.994035,75.767785,-82.574348,42.272334,15.225205,67.617823,24.718568,24.091648,4.119761,223.900075
5.580000,1.043885,59.964849,-7.245856,1.047759,59.961751,-4.743122,1.034351,59.964263,-7.304635,1.010867,59.967680,-8.246489,1.011188,59.969437,-7.412634,1.013092,59.969811,-6.832676,1.003568,59.969522,-8.759691,1.002588,59.969366,-9.195405,1.027836,59.967784,-8.974641,1.021496,59.969552,-4.554181,1.017606,59.969624,-5.328638,1.007391,59.969355,-5.282538,1.019507,59.969083,-5.143312,1.018333,59.967926,-6.506175,1.023713,59.965878,-6.507877,1.038872,59.964925,-5.111535,1.040690,59.964280,-6.134804,1.037197,59.964297,-6.959166,1.054483,59.964478,-0.401074,0.996922,59.964384,-1.230117,1.038578,59.964775,-2.978187,1.053495,59.964509,0.973330,1.048925,59.964508,0.799983,1.043807,59.964911,-5.004451,1.057612,59.961001,-3.573076,1.060683,59.961783,-4.670201,1.046659,59.963003,-6.359766,1.062889,59.960305,-1.682821,1.062691,59.959649,0.704237,1.035791,59.958305,-2.512634,0.978670,59.975305,0.103223,0.979354,59.971613,2.622633,0.997004,59.964221,4.309692,1.016277,59.963880,3.436630,1.048059,59.964240,5.405145,1.061795,59.963998,7.824828,1.025914,59.958892,2.542873,1.036956,59.958069,6.832479,1.024845,59.966719,-8.758087,0.999451,0.999870,0.999619,0.999398,0.999377,0.999238,0.999179,0.999119,-42.365271,0.000000,5.941348,12.653289,4.084563,13.079848,18.824776,-37.157332,288.383297,447.800150,209.391350,467.503357,6.717002,286.592096,294.652499,141.504847,562.436988,245.394482,221.661074,276.382253,200.614467,124.488442,251.663684,184.493662,253.902685,8.239523,988.742731,2.149441,164.790455,75.230425,157.625653,78.812826,137.026846,28.927890,26.868009,92.246831,102.994035,75.767785,-82.574348,42.272334,15.225205,67.617823,24.718568,24.091648,4.119761,223.900075
5.600000,1.043994,59.964950,-7.248504,1.047935,59.961889,-4.767938,1.034530,59.964347,-7.311580,1.010969,59.967754,-8.228841,1.011241,59.969547,-7.382161,1.013138,59.969931,-6.799456,1.003616,59.969626,-8.728630,1.002637,59.969466,-9.165485,1.027878,59.967873,-8.956178,1.021553,59.969629,-4.523023,1.017660,59.969715,-5.296898,1.007454,59.969435,-5.252790,1.019576,59.969153,-5.115566,1.018435,59.967977,-6.486859,1.023897,59.965850,-6.503682,1.039084,59.964871,-5.114324,1.040910,59.964315,-6.141845,1.037401,59.964348,-6.966011,1.054709,59.964172,-0.408221,0.997152,59.963956,-1.238496,1.038796,59.964733,-2.982006,1.053715,59.964491,0.967708,1.049148,59.964488,0.794341,1.044020,59.964858,-5.007339,1.057787,59.961202,-3.603015,1.060982,59.962086,-4.694033,1.046928,59.963175,-6.375394,1.063303,59.960905,-1.715961,1.063130,59.960365,0.666891,1.035897,59.958447,-2.562275,0.978652,59.975672,0.177172,0.979376,59.971652,2.668479,0.997203,59.963838,4.300348,1.016518,59.963313,3.423992,1.048267,59.964249,5.397706,1.062020,59.964022,7.815710,1.026079,59.959134,2.497911,1.037418,59.959053,6.784961,1.024883,59.966801,-8.747339,0.999452,0.999893,0.999618,0.999385,0.999359,0.999239,0.999212,0.999118,-42.551252,0.000000,5.827649,12.441400,3.862403,12.801758,18.528113,-37.487490,288.383297,447.800150,209.391350,467.503357,6.717002,286.592096,294.652499,141.504847,562.436988,245.394482,221.661074,276.382253,200.614467,124.488442,251.663684,184.493662,253.902685,8.239523,988.742731,2.149441,164.790455,75.230425,157.625653,78.812826,137.026846,28.927890,26.868009,92.246831,102.994035,75.767785,-82.574348,42.272334,15.225205,67.617823,24.718568,24.091648,4.119761,223.900075
5.620000,1.044093,59.965078,-7.251484,1.048094,59.962103,-4.792595,1.034688,59.964463,-7.318957,1.011050,59.967801,-8.211963,1.011274,59.969597,-7.352345,1.013164,59.969983,-6.766858,1.003644,59.969671,-8.698264,1.002667,59.969510,-9.136278,1.027910,59.967938,-8.938363,1.021591,59.969643,-4.492775,1.017695,59.969742,-5.265970,1.007497,59.969456,-5.223911,1.019625,59.969169,-5.088739,1.018516,59.967995,-6.468504,1.024059,59.965825,-6.500857,1.039274,59.964836,-5.118598,1.041106,59.964379,-6.149683,1.037583,59.964430,-6.973531,1.054919,59.963895,-0.418624,0.997369,59.963562,-1.250986,1.038993,59.964711,-2.987219,1.053912,59.964493,0.960862,1.049348,59.964488,0.787466,1.044212,59.964823,-5.011708,1.057943,59.961489,-3.632298,1.061247,59.962449,-4.716589,1.047166,59.963393,-6.390755,1.063665,59.961567,-1.745677,1.063515,59.961143,0.633809,1.035997,59.958725,-2.611456,0.978609,59.975859,0.251775,0.979384,59.971590,2.712972,0.997387,59.963482,4.287186,1.016746,59.962793,3.406297,1.048454,59.964277,5.389236,1.062220,59.964065,7.805672,1.026228,59.959504,2.454093,1.037825,59.960103,6.743654,1.024918,59.966881,-8.737188,0.999454,0.999907,0.999615,0.999373,0.999342,0.999245,0.999245,0.999122,-42.744684,0.000000,5.704990,12.215958,3.624668,12.517109,18.237601,-37.824941,288.383297,447.800150,209.391350,467.503357,6.717002,286.592096,294.652499,141.504847,562.436988,245.394482,221.661074,276.382253,200.614467,124.488442,251.663684,184.493662,253.902685,8.239523,988.742731,2.149441,164.790455,75.230425,157.625653,78.812826,137.026846,28.927890,26.868009,92.246831,102.994035,75.767785,-82.574348,42.272334,15.225205,67.617823,24.718568,24.091648,4.119761,223.900075
5.640000,1.044184,59.965233,-7.254526,1.048235,59.962391,-4.816484,1.034827,59.964612,-7.326461,1.011113,59.967822,-8.195974,1.011289,59.969589,-7.323539,1.013172,59.969971,-6.735286,1.003655,59.969658,-8.668946,1.002679,59.969500,-9.108110,1.027933,59.967981,-8.921292,1.021613,59.969598,-4.463803,1.017712,59.969708,-5.236234,1.007523,59.969421,-5.196243,1.019657,59.969134,-5.063140,1.018579,59.967983,-6.451265,1.024202,59.965807,-6.499290,1.039444,59.964824,-5.124135,1.041279,59.964474,-6.158033,1.037744,59.964543,-6.981434,1.055113,59.963653,-0.431978,0.997571,59.963215,-1.267217,1.039168,59.964710,-2.993605,1.054087,59.964516,0.953013,1.049525,59.964510,0.779580,1.044383,59.964811,-5.017335,1.058082,59.961859,-3.660248,1.061476,59.962868,-4.737389,1.047374,59.963655,-6.405457,1.063977,59.962282,-1.771490,1.063845,59.961975,0.605469,1.036090,59.959135,-2.659149,0.978544,59.975867,0.325806,0.979381,59.971433,2.755480,0.997558,59.963163,4.270510,1.016960,59.962331,3.384005,1.048619,59.964326,5.379951,1.062396,59.964130,7.794934,1.026362,59.959998,2.412389,1.038176,59.961204,6.709037,1.024949,59.966960,-8.727576,0.999455,0.999912,0.999608,0.999360,0.999326,0.999254,0.999280,0.999132,-42.941758,0.000000,5.575781,11.980974,3.375687,12.231541,17.957623,-38.163424,288.383297,447.800150,209.391350,467.503357,6.717002,286.592096,294.652499,141.504847,562.436988,245.394482,221.661074,276.382253,200.614467,124.488442,251.663684,184.493662,253.902685,8.239523,988.742731,2.149441,164.790455,75.230425,157.625653,78.812826,137.026846,28.927890,26.868009,92.246831,102.994035,75.767785,-82.574348,42.272334,15.225205,67.617823,24.718568,24.091648,4.119761,223.900075
5.660000,1.044264,59.965416,-7.257379,1.048359,59.962751,-4.839025,1.034946,59.964793,-7.333798,1.011158,59.967822,-8.180982,1.011289,59.969528,-7.296082,1.013164,59.969897,-6.705134,1.003650,59.969592,-8.641015,1.002677,59.969439,-9.081296,1.027948,59.968002,-8.905061,1.021620,59.969498,-4.436458,1.017715,59.969617,-5.208052,1.007533,59.969335,-5.170111,1.019674,59.969052,-5.039058,1.018626,59.967945,-6.435281,1.024325,59.965800,-6.498856,1.039595,59.964837,-5.130698,1.041430,59.964600,-6.166611,1.037883,59.964688,-6.989431,1.055291,59.963455,-0.447931,0.997759,59.962922,-1.286759,1.039322,59.964736,-3.000929,1.054241,59.964564,0.944390,1.049680,59.964557,0.770914,1.044534,59.964825,-5.023983,1.058203,59.962307,-3.686230,1.061671,59.963337,-4.755996,1.047552,59.963959,-6.419133,1.064237,59.963042,-1.792997,1.064121,59.962849,0.582264,1.036176,59.959672,-2.704367,0.978460,59.975699,0.398051,0.979368,59.971188,2.795404,0.997716,59.962889,4.250685,1.017160,59.961939,3.357646,1.048763,59.964398,5.370072,1.062547,59.964220,7.783723,1.026479,59.960605,2.373706,1.038470,59.962344,6.681479,1.024978,59.967037,-8.718456,0.999456,0.999909,0.999597,0.999349,0.999312,0.999268,0.999315,0.999148,-43.138647,0.000000,5.442534,11.740606,3.119971,11.950630,17.692383,-38.496704,288.383297,447.800150,209.391350,467.503357,6.717002,286.592096,294.652499,141.504847,562.436988,245.394482,221.661074,276.382253,200.614467,124.488442,251.663684,184.493662,253.902685,8.239523,988.742731,2.149441,164.790455,75.230425,157.625653,78.812826,137.026846,28.927890,26.868009,92.246831,102.994035,75.767785,-82.574348,42.272334,15.225205,67.617823,24.718568,24.091648,4.119761,223.900075
5.680000,1.044335,59.965623,-7.259809,1.048465,59.963177,-4.859678,1.035046,59.965007,-7.340685,1.011188,59.967802,-8.167086,1.011275,59.969417,-7.270294,1.013144,59.969767,-6.676772,1.003634,59.969476,-8.614790,1.002663,59.969332,-9.056133,1.027956,59.968005,-8.889765,1.021615,59.969348,-4.411065,1.017706,59.969475,-5.181763,1.007531,59.969201,-5.145819,1.019678,59.968928,-5.016760,1.018658,59.967885,-6.420678,1.024431,59.965806,-6.499417,1.039726,59.964879,-5.138041,1.041559,59.964759,-6.175137,1.038002,59.964865,-6.997239,1.055455,59.963307,-0.466093,0.997933,59.962692,-1.309132,1.039457,59.964789,-3.008949,1.054374,59.964639,0.935229,1.049814,59.964632,0.761705,1.044667,59.964868,-5.031406,1.058307,59.962827,-3.709662,1.061832,59.963852,-4.772018,1.047701,59.964304,-6.431440,1.064447,59.963837,-1.809872,1.064343,59.963755,0.564496,1.036256,59.960328,-2.746183,0.978361,59.975363,0.467325,0.979350,59.970862,2.832192,0.997860,59.962670,4.228127,1.017346,59.961627,3.327814,1.048888,59.964496,5.359823,1.062677,59.964334,7.772263,1.026579,59.961315,2.338863,1.038708,59.963506,6.661234,1.025005,59.967114,-8.709784,0.999457,0.999896,0.999585,0.999339,0.999300,0.999285,0.999350,0.999169,-43.331574,0.000000,5.307820,11.499080,2.862117,11.679778,17.445838,-38.818690,288.383297,447.800150,209.391350,467.503357,6.717002,286.592096,294.652499,141.504847,562.436988,245.394482,221.661074,276.382253,200.614467,124.488442,251.663684,184.493662,253.902685,8.239523,988.742731,2.149441,164.790455,75.230425,157.625653,78.812826,137.026846,28.927890,26.868009,92.246831,102.994035,75.767785,-82.574348,42.272334,15.225205,67.617823,24.718568,24.091648,4.119761,223.900075
5.700000,1.044397,59.965854,-7.261607,1.048554,59.963665,-4.877950,1.035128,59.965251,-7.346862,1.011207,59.967767,-8.154373,1.011253,59.969262,-7.246474,1.013115,59.969586,-6.650547,1.003608,59.969316,-8.590567,1.002640,59.969184,-9.032894,1.027960,59.967991,-8.875494,1.021602,59.969154,-4.387920,1.017689,59.969286,-5.157677,1.007519,59.969027,-5.123641,1.019674,59.968768,-4.996487,1.018679,59.967806,-6.407559,1.024521,59.965830,-6.500824,1.039841,59.964952,-5.145913,1.041669,59.964950,-6.183339,1.038102,59.965075,-7.004592,1.055604,59.963214,-0.486041,0.998093,59.962532,-1.333817,1.039573,59.964873,-3.017416,1.054489,59.964742,0.925766,1.049930,59.964735,0.752191,1.044781,59.964942,-5.039351,1.058395,59.963411,-3.730024,1.061960,59.964406,-4.785119,1.047823,59.964685,-6.442068,1.064608,59.964658,-1.821870,1.064513,59.964680,0.552378,1.036330,59.961093,-2.783748,0.978252,59.974870,0.532496,0.979328,59.970466,2.865343,0.997992,59.962513,4.203297,1.017518,59.961401,3.295150,1.048996,59.964620,5.349428,1.062786,59.964475,7.760778,1.026664,59.962116,2.308582,1.038890,59.964677,6.648439,1.025028,59.967190,-8.701528,0.999458,0.999876,0.999570,0.999330,0.999291,0.999305,0.999385,0.999194,-43.516887,0.000000,5.174209,11.260618,2.606726,11.424109,17.221637,-39.123543,288.383297,447.800150,209.391350,467.503357,6.717002,286.592096,294.652499,141.504847,562.436988,245.394482,221.661074,276.382253,200.614467,124.488442,251.663684,184.493662,253.902685,8.239523,988.742731,2.149441,164.790455,75.230425,157.625653,78.812826,137.026846,28.927890,26.868009,92.246831,102.994035,75.767785,-82.574348,42.272334,15.225205,67.617823,24.718568,24.091648,4.119761,223.900075
5.720000,1.044450,59.966105,-7.262593,1.048628,59.964206,-4.893410,1.035195,59.965525,-7.352089,1.011216,59.967719,-8.142913,1.011224,59.969069,-7.224888,1.013080,59.969361,-6.626771,1.003577,59.969119,-8.568613,1.002611,59.969001,-9.011826,1.027960,59.967963,-8.862333,1.021585,59.968923,-4.367283,1.017666,59.969059,-5.136071,1.007503,59.968818,-5.103823,1.019664,59.968578,-4.978451,1.018692,59.967715,-6.396013,1.024598,59.965872,-6.502923,1.039939,59.965057,-5.154059,1.041761,59.965173,-6.190964,1.038185,59.965316,-7.011239,1.055740,59.963183,-0.507328,0.998240,59.962447,-1.360262,1.039673,59.964988,-3.026084,1.054587,59.964875,0.916237,1.050028,59.964868,0.742610,1.044880,59.965048,-5.047564,1.058467,59.964050,-3.746869,1.062056,59.964993,-4.795021,1.047919,59.965098,-6.450747,1.064722,59.965494,-1.828828,1.064632,59.965616,0.546030,1.036396,59.961955,-2.816305,0.978138,59.974231,0.592506,0.979306,59.970009,2.894419,0.998113,59.962423,4.176693,1.017677,59.961268,3.260334,1.049089,59.964771,5.339105,1.062877,59.964643,7.749485,1.026734,59.962992,2.283470,1.039020,59.965844,6.643120,1.025049,59.967267,-8.693667,0.999459,0.999847,0.999552,0.999323,0.999284,0.999328,0.999419,0.999224,-43.691123,0.000000,5.044223,11.029363,2.358314,11.188370,17.023057,-39.405782,288.383297,447.800150,209.391350,467.503357,6.717002,286.592096,294.652499,141.504847,562.436988,245.394482,221.661074,276.382253,200.614467,124.488442,251.663684,184.493662,253.902685,8.239523,988.742731,2.149441,164.790455,75.230425,157.625653,78.812826,137.026846,28.927890,26.868009,92.246831,102.994034,75.767785,-82.574348,42.272334,15.225205,67.617823,24.718568,24.091648,4.119761,223.900075
5.740000,1.044493,59.966375,-7.262617,1.048686,59.964794,-4.905688,1.035249,59.965825,-7.356158,1.011219,59.967664,-8.132766,1.011193,59.968844,-7.205771,1.013043,59.969099,-6.605720,1.003545,59.968890,-8.549158,1.002581,59.968789,-8.993142,1.027958,59.967923,-8.850359,1.021566,59.968663,-4.349378,1.017641,59.968799,-5.117184,1.007484,59.968581,-5.086571,1.019651,59.968364,-4.962828,1.018700,59.967614,-6.386104,1.024662,59.965936,-6.505552,1.040025,59.965196,-5.162231,1.041837,59.965428,-6.197773,1.038252,59.965586,-7.016952,1.055863,59.963215,-0.529490,0.998375,59.962442,-1.387896,1.039759,59.965136,-3.034708,1.054671,59.965039,0.906870,1.050111,59.965032,0.733193,1.044965,59.965188,-5.055796,1.058525,59.964736,-3.759830,1.062124,59.965606,-4.801508,1.047991,59.965541,-6.457248,1.064791,59.966336,-1.830668,1.064703,59.966549,0.545480,1.036457,59.962902,-2.843199,0.978022,59.973462,0.646390,0.979288,59.969504,2.919049,0.998223,59.962408,4.148843,1.017821,59.961234,3.224070,1.049167,59.964951,5.329065,1.062952,59.964838,7.738590,1.026789,59.963929,2.264014,1.039098,59.966992,6.645192,1.025068,59.967344,-8.686188,0.999460,0.999812,0.999533,0.999318,0.999279,0.999353,0.999453,0.999258,-43.851070,0.000000,4.920286,10.809299,2.121227,10.976849,16.852958,-39.660380,288.383297,447.800150,209.391350,467.503357,6.717002,286.592096,294.652499,141.504847,562.436988,245.394482,221.661074,276.382253,200.614467,124.488442,251.663684,184.493662,253.902685,8.239523,988.742731,2.149441,164.790455,75.230425,157.625653,78.812826,137.026846,28.927890,26.868009,92.246831,102.994034,75.767785,-82.574348,42.272334,15.225205,67.617823,24.718568,24.091648,4.119761,223.900075
5.760000,1.044529,59.966660,-7.261560,1.048731,59.965421,-4.914490,1.035290,59.966149,-7.358890,1.011219,59.967604,-8.123975,1.011162,59.968595,-7.189322,1.013007,59.968807,-6.587627,1.003513,59.968637,-8.532400,1.002552,59.968555,-8.977024,1.027956,59.967876,-8.839643,1.021548,59.968381,-4.334386,1.017619,59.968516,-5.101214,1.007466,59.968324,-5.072056,1.019639,59.968133,-4.949763,1.018705,59.967509,-6.377877,1.024718,59.966024,-6.508551,1.040098,59.965368,-5.170185,1.041898,59.965711,-6.203555,1.038306,59.965883,-7.021530,1.055976,59.963314,-0.552055,0.998498,59.962518,-1.416137,1.039832,59.965317,-3.043055,1.054743,59.965233,0.897884,1.050182,59.965226,0.724159,1.045039,59.965361,-5.063805,1.058571,59.965457,-3.768623,1.062165,59.966238,-4.804431,1.048041,59.966007,-6.461388,1.064818,59.967174,-1.827392,1.064729,59.967470,0.550668,1.036512,59.963918,-2.863891,0.977912,59.972582,0.693295,0.979275,59.968962,2.938934,0.998324,59.962469,4.120291,1.017953,59.961300,3.187074,1.049235,59.965158,5.319508,1.063014,59.965060,7.728288,1.026831,59.964908,2.250568,1.039128,59.968110,6.654466,1.025086,59.967421,-8.679086,0.999461,0.999770,0.999513,0.999315,0.999277,0.999380,0.999485,0.999295,-43.993826,0.000000,4.804676,10.604190,1.899563,10.793292,16.713730,-39.882855,288.383297,447.800150,209.391350,467.503357,6.717002,286.592096,294.652499,141.504847,562.436988,245.394482,221.661074,276.382253,200.614467,124.488442,251.663684,184.493662,253.902685,8.239523,988.742731,2.149441,164.790455,75.230425,157.625653,78.812826,137.026846,28.927890,26.868009,92.246831,102.994034,75.767785,-82.574348,42.272334,15.225205,67.617823,24.718568,24.091648,4.119761,223.900075
5.780000,1.044557,59.966958,-7.259342,1.048765,59.966076,-4.919593,1.035321,59.966494,-7.360144,1.011218,59.967544,-8.116568,1.011137,59.968329,-7.175699,1.012977,59.968495,-6.572681,1.003487,59.968367,-8.518494,1.002527,59.968305,-8.963614,1.027954,59.967822,-8.830246,1.021536,59.968084,-4.322444,1.017601,59.968216,-5.088314,1.007453,59.968053,-5.060406,1.019631,59.967892,-4.939358,1.018710,59.967404,-6.371354,1.024767,59.966135,-6.511763,1.040162,59.965575,-5.177692,1.041947,59.966022,-6.208121,1.038349,59.966206,-7.024802,1.056079,59.963481,-0.574550,0.998610,59.962678,-1.444403,1.039896,59.965530,-3.050903,1.054804,59.965457,0.889485,1.050242,59.965452,0.715717,1.045102,59.965569,-5.071359,1.058605,59.966203,-3.773055,1.062182,59.966879,-4.803706,1.048072,59.966492,-6.463031,1.064807,59.967999,-1.819088,1.064714,59.968369,0.561446,1.036562,59.964987,-2.877965,0.977810,59.971612,0.732494,0.979272,59.968396,2.953854,0.998417,59.962611,4.091593,1.018072,59.961468,3.150063,1.049293,59.965393,5.310621,1.063064,59.965309,7.718758,1.026861,59.965914,2.243354,1.039113,59.969185,6.670652,1.025102,59.967500,-8.672371,0.999462,0.999722,0.999492,0.999314,0.999278,0.999407,0.999515,0.999335,-44.116847,0.000000,4.699481,10.417506,1.697096,10.640846,16.607264,-40.069345,288.383297,447.800150,209.391350,467.503357,6.717002,286.592096,294.652499,141.504847,562.436988,245.394482,221.661074,276.382253,200.614467,124.488442,251.663684,184.493662,253.902685,8.239523,988.742731,2.149441,164.790455,75.230425,157.625653,78.812826,137.026846,28.927890,26.868009,92.246831,102.994034,75.767785,-82.574348,42.272334,15.225205,67.617823,24.718568,24.091648,4.119761,223.900075
5.800000,1.044579,59.967264,-7.255917,1.048788,59.966752,-4.920856,1.035344,59.966856,-7.359812,1.011220,59.967486,-8.110559,1.011119,59.968052,-7.165016,1.012956,59.968170,-6.561021,1.003468,59.968087,-8.507555,1.002510,59.968047,-8.953018,1.027956,59.967767,-8.822219,1.021532,59.967781,-4.313643,1.017592,59.967907,-5.078590,1.007448,59.967777,-5.051707,1.019630,59.967648,-4.931681,1.018719,59.967305,-6.366539,1.024811,59.966272,-6.515032,1.040219,59.965814,-5.184538,1.041986,59.966356,-6.211317,1.038382,59.966550,-7.026629,1.056173,59.963716,-0.596513,0.998713,59.962920,-1.472122,1.039952,59.965775,-3.058045,1.054858,59.965712,0.881863,1.050295,59.965707,0.708056,1.045158,59.965809,-5.078247,1.058630,59.966963,-3.773023,1.062177,59.967524,-4.799319,1.048085,59.966991,-6.462095,1.064761,59.968801,-1.805918,1.064660,59.969236,0.577582,1.036607,59.966094,-2.885135,0.977722,59.970571,0.763404,0.979279,59.967819,2.963666,0.998503,59.962833,4.063304,1.018179,59.961736,3.113736,1.049344,59.965655,5.302575,1.063107,59.965584,7.710161,1.026880,59.966929,2.242458,1.039057,59.970206,6.693369,1.025116,59.967579,-8.666060,0.999463,0.999670,0.999471,0.999315,0.999282,0.999435,0.999543,0.999376,-44.217994,0.000000,4.606558,10.252364,1.517213,10.522003,16.534919,-40.216677,288.383297,447.800150,209.391350,467.503357,6.717002,286.592096,294.652499,141.504847,562.436988,245.394482,221.661074,276.382253,200.614467,124.488442,251.663684,184.493662,253.902685,8.239523,988.742731,2.149441,164.790455,75.230425,157.625653,78.812826,137.026846,28.927890,26.868009,92.246831,102.994034,75.767785,-82.574348,42.272334,15.225205,67.617823,24.718568,24.091648,4.119761,223.900075
5.820000,1.044595,59.967575,-7.251276,1.048802,59.967437,-4.918217,1.035362,59.967230,-7.357830,1.011227,59.967436,-8.105947,1.011111,59.967774,-7.157347,1.012945,59.967841,-6.552736,1.003460,59.967805,-8.499652,1.002503,59.967788,-8.945299,1.027961,59.967712,-8.815603,1.021538,59.967481,-4.308028,1.017593,59.967599,-5.072103,1.007453,59.967504,-5.046001,1.019638,59.967408,-4.926757,1.018734,59.967215,-6.363412,1.024852,59.966434,-6.518216,1.040269,59.966085,-5.190531,1.042017,59.966712,-6.213018,1.038409,59.966912,-7.026908,1.056260,59.964017,-0.617499,0.998806,59.963243,-1.498744,1.040002,59.966050,-3.064299,1.054906,59.965994,0.875185,1.050341,59.965990,0.701348,1.045208,59.966080,-5.084276,1.058647,59.967725,-3.768516,1.062153,59.968163,-4.791320,1.048085,59.967497,-6.458544,1.064683,59.969572,-1.788119,1.064571,59.970063,0.598772,1.036649,59.967221,-2.885247,0.977651,59.969484,0.785586,0.979300,59.967243,2.968311,0.998584,59.963136,4.035965,1.018275,59.962102,3.078770,1.049390,59.965943,5.295519,1.063143,59.965883,7.702639,1.026891,59.967936,2.247833,1.038962,59.971165,6.722151,1.025131,59.967661,-8.660177,0.999464,0.999615,0.999449,0.999319,0.999289,0.999464,0.999569,0.999420,-44.295564,0.000000,4.527503,10.111476,1.362852,10.438567,16.497506,-40.322420,288.383297,447.800150,209.391350,467.503357,6.717002,286.592096,294.652499,141.504847,562.436988,245.394482,221.661074,276.382253,200.614467,124.488442,251.663684,184.493662,253.902685,8.239523,988.742731,2.149441,164.790455,75.230425,157.625653,78.812826,137.026846,28.927890,26.868009,92.246831,102.994034,75.767785,-82.574348,42.272334,15.225205,67.617823,24.718568,24.091648,4.119761,223.900075
5.840000,1.044606,59.967887,-7.245446,1.048809,59.968123,-4.911696,1.035376,59.967613,-7.354171,1.011241,59.967395,-8.102716,1.011116,59.967502,-7.152720,1.012949,59.967516,-6.547865,1.003464,59.967530,-8.494814,1.002508,59.967535,-8.940481,1.027972,59.967660,-8.810429,1.021558,59.967190,-4.305596,1.017608,59.967299,-5.068861,1.007470,59.967239,-5.043287,1.019658,59.967179,-4.924574,1.018756,59.967138,-6.361933,1.024892,59.966621,-6.521179,1.040316,59.966385,-5.195502,1.042042,59.967085,-6.213136,1.038430,59.967288,-7.025572,1.056341,59.964382,-0.637086,0.998892,59.963643,-1.523750,1.040048,59.966354,-3.069501,1.054950,59.966302,0.869600,1.050384,59.966300,0.695739,1.045254,59.966381,-5.089276,1.058657,59.968479,-3.759612,1.062112,59.968791,-4.779827,1.048072,59.968004,-6.452398,1.064577,59.970304,-1.765998,1.064452,59.970840,0.624637,1.036688,59.968351,-2.878284,0.977602,59.968374,0.798768,0.979336,59.966682,2.967809,0.998660,59.963517,4.010099,1.018360,59.962561,3.045803,1.049433,59.966255,5.289586,1.063175,59.966204,7.696312,1.026894,59.968920,2.259304,1.038833,59.972053,6.756462,1.025144,59.967744,-8.654760,0.999464,0.999557,0.999428,0.999325,0.999299,0.999491,0.999593,0.999463,-44.348322,0.000000,4.463616,9.997099,1.236460,10.391635,16.495278,-40.384921,288.383297,447.800150,209.391350,467.503357,6.717002,286.592096,294.652499,141.504847,562.436988,245.394482,221.661074,276.382253,200.614467,124.488442,251.663684,184.493662,253.902685,8.239523,988.742731,2.149441,164.790455,75.230425,157.625653,78.812826,137.026846,28.927890,26.868009,92.246831,102.994034,75.767785,-82.574348,42.272334,15.225205,67.617823,24.718568,24.091648,4.119761,223.900075
5.860000,1.044612,59.968198,-7.238490,1.048811,59.968799,-4.901391,1.035387,59.968000,-7.348850,1.011264,59.967367,-8.100836,1.011136,59.967242,-7.151118,1.012968,59.967204,-6.546394,1.003484,59.967267,-8.493023,1.002528,59.967295,-8.938549,1.027988,59.967615,-8.806715,1.021592,59.966918,-4.306297,1.017637,59.967015,-5.068828,1.007502,59.966992,-5.043521,1.019692,59.966968,-4.925080,1.018788,59.967079,-6.362045,1.024934,59.966832,-6.523803,1.040359,59.966711,-5.199308,1.042063,59.967473,-6.211618,1.038447,59.967675,-7.022594,1.056417,59.964807,-0.654888,0.998969,59.964116,-1.546662,1.040092,59.966683,-3.073517,1.054992,59.966635,0.865230,1.050424,59.966633,0.691352,1.045297,59.966708,-5.093107,1.058662,59.969214,-3.746477,1.062058,59.969399,-4.765017,1.048049,59.968509,-6.443726,1.064447,59.970991,-1.739923,1.064306,59.971562,0.654738,1.036723,59.969465,-2.864365,0.977577,59.967267,0.802839,0.979388,59.966147,2.962263,0.998733,59.963972,3.986197,1.018436,59.963108,3.015426,1.049475,59.966590,5.284884,1.063206,59.966546,7.691279,1.026890,59.969865,2.276573,1.038674,59.972862,6.795698,1.025158,59.967830,-8.649850,0.999465,0.999498,0.999407,0.999333,0.999311,0.999518,0.999614,0.999507,-44.375511,0.000000,4.415884,9.910999,1.139948,10.381586,16.527929,-40.403331,288.383297,447.800150,209.391350,467.503357,6.717002,286.592096,294.652499,141.504847,562.436988,245.394482,221.661074,276.382253,200.614467,124.488442,251.663684,184.493662,253.902685,8.239523,988.742731,2.149441,164.790455,75.230425,157.625653,78.812826,137.026846,28.927890,26.868009,92.246831,102.994034,75.767785,-82.574348,42.272334,15.225205,67.617823,24.718568,24.091648,4.119761,223.900075
5.880000,1.044615,59.968503,-7.230504,1.048808,59.969457,-4.887477,1.035398,59.968387,-7.341920,1.011297,59.967356,-8.100267,1.011172,59.967002,-7.152483,1.013004,59.966914,-6.548261,1.003519,59.967024,-8.494221,1.002563,59.967074,-8.939446,1.028011,59.967579,-8.804468,1.021641,59.966670,-4.310037,1.017682,59.966755,-5.071920,1.007550,59.966768,-5.046616,1.019740,59.966780,-4.928187,1.018831,59.967041,-6.363673,1.024977,59.967067,-6.525982,1.040402,59.967062,-5.201836,1.042081,59.967870,-6.208448,1.038463,59.968068,-7.017982,1.056488,59.965288,-0.670557,0.999040,59.964656,-1.567046,1.040134,59.967035,-3.076240,1.055033,59.966989,0.862171,1.050464,59.966988,0.688284,1.045339,59.967059,-5.095655,1.058663,59.969919,-3.729358,1.061993,59.969980,-4.747128,1.048019,59.969004,-6.432644,1.064297,59.971625,-1.710320,1.064138,59.972222,0.688579,1.036757,59.970548,-2.843737,0.977577,59.966184,0.797848,0.979458,59.965651,2.951850,0.998803,59.964498,3.964711,1.018501,59.963736,2.988170,1.049516,59.966944,5.281498,1.063237,59.966907,7.687612,1.026881,59.970757,2.299233,1.038488,59.973587,6.839203,1.025171,59.967917,-8.645498,0.999466,0.999439,0.999388,0.999343,0.999325,0.999542,0.999632,0.999550,-44.376870,0.000000,4.384966,9.854421,1.074667,10.408092,16.594607,-40.377616,288.383297,447.800150,209.391350,467.503357,6.717002,286.592096,294.652499,141.504847,562.436988,245.394482,221.661074,276.382253,200.614467,124.488442,251.663684,184.493662,253.902685,8.239523,988.742731,2.149441,164.790455,75.230425,157.625653,78.812826,137.026846,28.927890,26.868009,92.246831,102.994034,75.767785,-82.574348,42.272334,15.225205,67.617823,24.718568,24.091648,4.119761,223.900075
5.900000,1.044615,59.968799,-7.221615,1.048802,59.970087,-4.870203,1.035409,59.968771,-7.333472,1.011342,59.967363,-8.100953,1.011224,59.966789,-7.156712,1.013058,59.966652,-6.553349,1.003572,59.966808,-8.498305,1.002614,59.966879,-8.943078,1.028041,59.967555,-8.803685,1.021707,59.966453,-4.316679,1.017744,59.966525,-5.078007,1.007614,59.966574,-5.052445,1.019803,59.966622,-4.933770,1.018886,59.967027,-6.366724,1.025023,59.967323,-6.527630,1.040444,59.967432,-5.203004,1.042097,59.968272,-6.203647,1.038477,59.968463,-7.011783,1.056556,59.965819,-0.683790,0.999105,59.965255,-1.584528,1.040176,59.967407,-3.077593,1.055075,59.967362,0.860490,1.050504,59.967362,0.686601,1.045381,59.967430,-5.096840,1.058661,59.970587,-3.708581,1.061919,59.970529,-4.726450,1.047983,59.969484,-6.419317,1.064129,59.972202,-1.677660,1.063950,59.972816,0.725618,1.036789,59.971582,-2.816779,0.977605,59.965150,0.784016,0.979545,59.965204,2.936823,0.998871,59.965087,3.946043,1.018558,59.964434,2.964504,1.049557,59.967315,5.279486,1.063268,59.967284,7.685361,1.026869,59.971583,2.326771,1.038280,59.974224,6.886278,1.025185,59.968007,-8.641760,0.999467,0.999382,0.999370,0.999356,0.999342,0.999565,0.999648,0.999591,-44.352624,0.000000,4.371179,9.828071,1.041392,10.470139,16.693928,-40.308550,288.383297,447.800150,209.391350,467.503357,6.717002,286.592096,294.652499,141.504847,562.436988,245.394482,221.661074,276.382253,200.614467,124.488442,251.663684,184.493662,253.902685,8.239523,988.742731,2.149441,164.790455,75.230425,157.625653,78.812826,137.026846,28.927890,26.868009,92.246831,102.994034,75.767785,-82.574348,42.272334,15.225205,67.617823,24.718568,24.091648,4.119761,223.900075
5.920000,1.044614,59.969083,-7.211979,1.048795,59.970682,-4.849881,1.035421,59.969145,-7.323635,1.011398,59.967391,-8.102829,1.011294,59.966609,-7.163664,1.013130,59.966425,-6.561501,1.003641,59.966624,-8.505136,1.002681,59.966714,-8.949315,1.028078,59.967545,-8.804347,1.021789,59.966275,-4.326044,1.017823,59.966332,-5.086920,1.007694,59.966416,-5.060845,1.019881,59.966498,-4.941673,1.018952,59.967039,-6.371092,1.025072,59.967598,-6.528680,1.040486,59.967819,-5.202763,1.042112,59.968676,-6.197271,1.038492,59.968856,-7.004081,1.056620,59.966392,-0.694339,0.999163,59.965906,-1.598793,1.040219,59.967794,-3.077531,1.055117,59.967749,0.860227,1.050545,59.967750,0.686343,1.045423,59.967817,-5.096613,1.058656,59.971207,-3.684537,1.061837,59.971040,-4.703320,1.047942,59.969945,-6.403950,1.063948,59.972717,-1.642457,1.063746,59.973338,0.765279,1.036821,59.972552,-2.783986,0.977661,59.964187,0.761714,0.979649,59.964815,2.917504,0.998937,59.965732,3.930538,1.018606,59.965195,2.944819,1.049600,59.967701,5.278883,1.063302,59.967673,7.684547,1.026854,59.972334,2.358590,1.038053,59.974769,6.936194,1.025200,59.968100,-8.638694,0.999468,0.999326,0.999353,0.999370,0.999361,0.999586,0.999661,0.999630,-44.303479,0.000000,4.374502,9.832102,1.040315,10.566060,16.824005,-40.197696,288.383297,447.800150,209.391350,467.503357,6.717002,286.592096,294.652499,141.504847,562.436988,245.394482,221.661074,276.382253,200.614467,124.488442,251.663684,184.493662,253.902685,8.239523,988.742731,2.149441,164.790455,75.230425,157.625653,78.812826,137.026846,28.927890,26.868009,92.246831,102.994034,75.767785,-82.574348,42.272334,15.225205,67.617823,24.718568,24.091648,4.119761,223.900075
5.940000,1.044610,59.969353,-7.201777,1.048787,59.971233,-4.826885,1.035435,59.969508,-7.312567,1.011465,59.967441,-8.105820,1.011379,59.966467,-7.173159,1.013218,59.966241,-6.572514,1.003726,59.966479,-8.514537,1.002764,59.966585,-8.957993,1.028122,59.967550,-8.806428,1.021886,59.966139,-4.337919,1.017918,59.966182,-5.098447,1.007790,59.966299,-5.071618,1.019973,59.966413,-4.951710,1.019030,59.967080,-6.376659,1.025125,59.967891,-6.529083,1.040528,59.968218,-5.201095,1.042127,59.969078,-6.189412,1.038507,59.969243,-6.994992,1.056681,59.967002,-0.702007,0.999216,59.966599,-1.609592,1.040263,59.968194,-3.076039,1.055161,59.968148,0.861391,1.050587,59.968150,0.687517,1.045465,59.968216,-5.094956,1.058651,59.971774,-3.657679,1.061751,59.971508,-4.678117,1.047898,59.970381,-6.386788,1.063756,59.973166,-1.605254,1.063530,59.973786,0.806954,1.036851,59.973445,-2.745962,0.977743,59.963315,0.731459,0.979769,59.964495,2.894275,0.999002,59.966424,3.918480,1.018645,59.966006,2.929430,1.049644,59.968098,5.279696,1.063338,59.968073,7.685168,1.026837,59.972999,2.394020,1.037811,59.975221,6.988202,1.025215,59.968195,-8.636365,0.999469,0.999274,0.999339,0.999387,0.999381,0.999604,0.999672,0.999665,-44.230604,0.000000,4.394578,9.866122,1.071050,10.693581,16.982484,-40.047371,288.383297,447.800150,209.391350,467.503357,6.717002,286.592096,294.652499,141.504847,562.436988,245.394482,221.661074,276.382253,200.614467,124.488442,251.663684,184.493662,253.902685,8.239523,988.742731,2.149441,164.790455,75.230425,157.625653,78.812826,137.026846,28.927890,26.868009,92.246831,102.994034,75.767785,-82.574348,42.272334,15.225205,67.617823,24.718568,24.091648,4.119761,223.900075
5.960000,1.044605,59.969605,-7.191212,1.048778,59.971734,-4.801641,1.035452,59.969855,-7.300458,1.011543,59.967515,-8.109841,1.011480,59.966368,-7.184987,1.013324,59.966103,-6.586145,1.003827,59.966376,-8.526297,1.002862,59.966497,-8.968916,1.028173,59.967574,-8.809888,1.021999,59.966052,-4.352057,1.018028,59.966079,-5.112345,1.007901,59.966227,-5.084535,1.020080,59.966371,-4.963668,1.019118,59.967152,-6.383295,1.025181,59.968198,-6.528812,1.040571,59.968625,-5.198016,1.042142,59.969472,-6.180192,1.038523,59.969619,-6.984663,1.056739,59.967639,-0.706658,0.999263,59.967325,-1.616747,1.040307,59.968601,-3.073134,1.055206,59.968555,0.863965,1.050631,59.968557,0.690105,1.045508,59.968624,-5.091886,1.058644,59.972281,-3.628509,1.061661,59.971930,-4.651253,1.047852,59.970789,-6.368108,1.063556,59.973548,-1.566616,1.063305,59.974160,0.850021,1.036880,59.974248,-2.703407,0.977852,59.962552,0.693906,0.979904,59.964250,2.867573,0.999066,59.967155,3.910086,1.018676,59.966858,2.918570,1.049689,59.968503,5.281906,1.063376,59.968479,7.687197,1.026820,59.973573,2.432332,1.037557,59.975580,7.041543,1.025230,59.968294,-8.634837,0.999470,0.999226,0.999328,0.999405,0.999403,0.999619,0.999679,0.999698,-44.135599,0.000000,4.430728,9.929196,1.132652,10.849881,17.166589,-39.860598,288.383297,447.800150,209.391350,467.503357,6.717002,286.592096,294.652499,141.504847,562.436988,245.394482,221.661074,276.382253,200.614467,124.488442,251.663684,184.493662,253.902685,8.239523,988.742731,2.149441,164.790455,75.230425,157.625653,78.812826,137.026846,28.927890,26.868009,92.246831,102.994034,75.767785,-82.574348,42.272334,15.225205,67.617823,24.718568,24.091648,4.119761,223.900075
5.980000,1.044600,59.969838,-7.180499,1.048770,59.972180,-4.774618,1.035471,59.970182,-7.287521,1.011631,59.967615,-8.114800,1.011595,59.966316,-7.198904,1.013444,59.966018,-6.602116,1.003941,59.966319,-8.540179,1.002973,59.966453,-8.981864,1.028229,59.967617,-8.814677,1.022124,59.966015,-4.368182,1.018152,59.966028,-5.128339,1.008025,59.966203,-5.099341,1.020199,59.966374,-4.977310,1.019216,59.967254,-6.390861,1.025240,59.968517,-6.527860,1.040614,59.969036,-5.193572,1.042157,59.969856,-6.169763,1.038540,59.969981,-6.973270,1.056793,59.968295,-0.708217,0.999304,59.968074,-1.620151,1.040353,59.969012,-3.068864,1.055252,59.968965,0.867899,1.050676,59.968967,0.694057,1.045552,59.969035,-5.087450,1.058637,59.972722,-3.597568,1.061569,59.972301,-4.623164,1.047805,59.971166,-6.348216,1.063351,59.973862,-1.527122,1.063074,59.974457,0.893846,1.036909,59.974950,-2.657108,0.977985,59.961914,0.649831,0.980053,59.964086,2.837882,0.999128,59.967914,3.905499,1.018699,59.967736,2.912384,1.049736,59.968913,5.285467,1.063418,59.968888,7.690580,1.026802,59.974050,2.472757,1.037295,59.975846,7.095462,1.025247,59.968395,-8.634173,0.999471,0.999183,0.999318,0.999423,0.999426,0.999630,0.999685,0.999726,-44.020465,0.000000,4.481971,10.019874,1.223640,11.031657,17.373167,-39.641043,288.383297,447.800150,209.391350,467.503357,6.717002,286.592096,294.652499,141.504847,562.436988,245.394482,221.661074,276.382253,200.614467,124.488442,251.663684,184.493662,253.902685,8.239523,988.742731,2.149441,164.790455,75.230425,157.625653,78.812826,137.026846,28.927890,26.868009,92.246831,102.994034,75.767785,-82.574348,42.272334,15.225205,67.617823,24.718568,24.091648,4.119761,223.900075
6.000000,1.044594,59.970050,-7.169871,1.048763,59.972567,-4.746318,1.035492,59.970488,-7.273990,1.011727,59.967740,-8.120598,1.011722,59.966313,-7.214644,1.013576,59.965989,-6.620121,1.004068,59.966312,-8.555915,1.003096,59.966456,-8.996590,1.028291,59.967681,-8.820732,1.022261,59.966033,-4.385995,1.018287,59.966031,-5.146129,1.008161,59.966230,-5.115759,1.020328,59.966426,-4.992384,1.019323,59.967389,-6.399215,1.025301,59.968845,-6.526238,1.040657,59.969446,-5.187841,1.042173,59.970225,-6.158303,1.038558,59.970327,-6.961012,1.056843,59.968962,-0.706667,0.999338,59.968835,-1.619771,1.040398,59.969422,-3.063307,1.055298,59.969375,0.873120,1.050722,59.969377,0.699296,1.045595,59.969445,-5.081726,1.058630,59.973094,-3.565426,1.061476,59.972619,-4.594308,1.047758,59.971507,-6.327438,1.063143,59.974106,-1.487354,1.062839,59.974678,0.937801,1.036938,59.975541,-2.607919,0.978140,59.961415,0.600112,0.980214,59.964008,2.805727,0.999189,59.968689,3.904789,1.018714,59.968631,2.910933,1.049782,59.969322,5.290310,1.063461,59.969296,7.695240,1.026784,59.974428,2.514501,1.037027,59.976021,7.149218,1.025263,59.968499,-8.634435,0.999472,0.999146,0.999312,0.999443,0.999450,0.999639,0.999687,0.999750,-43.887557,0.000000,4.547045,10.136219,1.342036,11.235195,17.598749,-39.392947,288.383297,447.800150,209.391350,467.503357,6.717002,286.592096,294.652499,141.504847,562.436988,245.394482,221.661074,276.382253,200.614467,124.488442,251.663684,184.493662,253.902685,8.239523,988.742731,2.149441,164.790455,75.230425,157.625653,78.812826,137.026846,28.927890,26.868009,92.246831,102.994034,75.767785,-82.574348,42.272334,15.225205,67.617823,24.718568,24.091648,4.119761,223.900075
6.020000,1.044588,59.970240,-7.159563,1.048758,59.972890,-4.717269,1.035515,59.970770,-7.260114,1.011830,59.967891,-8.127130,1.011860,59.966363,-7.231917,1.013720,59.966017,-6.639828,1.004205,59.966356,-8.573221,1.003228,59.966507,-9.012829,1.028358,59.967766,-8.827983,1.022408,59.966107,-4.405179,1.018433,59.966090,-5.165394,1.008306,59.966310,-5.133495,1.020466,59.966526,-5.008619,1.019435,59.967555,-6.408205,1.025364,59.969179,-6.523978,1.040699,59.969851,-5.180928,1.042189,59.970577,-6.146012,1.038577,59.970652,-6.948108,1.056889,59.969630,-0.702055,0.999367,59.969598,-1.615644,1.040442,59.969827,-3.056565,1.055344,59.969781,0.879527,1.050767,59.969783,0.705720,1.045638,59.969850,-5.074820,1.058623,59.973396,-3.532673,1.061383,59.972884,-4.565150,1.047711,59.971811,-6.306118,1.062935,59.974281,-1.447889,1.062604,59.974825,0.981265,1.036967,59.976015,-2.556748,0.978314,59.961065,0.545715,0.980384,59.964018,2.771658,0.999247,59.969471,3.907949,1.018720,59.969528,2.914189,1.049829,59.969729,5.296339,1.063506,59.969701,7.701076,1.026767,59.974705,2.556761,1.036756,59.976109,7.202089,1.025281,59.968607,-8.635681,0.999474,0.999116,0.999308,0.999464,0.999474,0.999645,0.999688,0.999769,-43.739538,0.000000,4.624438,10.275845,1.485407,11.456455,17.839605,-39.121038,288.383297,447.800150,209.391350,467.503357,6.717002,286.592096,294.652499,141.504847,562.436988,245.394482,221.661074,276.382253,200.614467,124.488442,251.663684,184.493662,253.902685,8.239523,988.742731,2.149441,164.790455,75.230425,157.625653,78.812826,137.026846,28.927890,26.868009,92.246831,102.994034,75.767785,-82.574348,42.272334,15.225205,67.617823,24.718568,24.091648,4.119761,223.900075
6.040000,1.044582,59.970408,-7.149814,1.048753,59.973148,-4.688011,1.035540,59.971026,-7.246151,1.011938,59.968067,-8.134286,1.012005,59.966466,-7.250419,1.013872,59.966106,-6.660887,1.004350,59.966454,-8.591793,1.003368,59.966608,-9.030300,1.028427,59.967873,-8.836348,1.022561,59.966237,-4.425404,1.018585,59.966207,-5.185798,1.008458,59.966443,-5.152241,1.020611,59.966675,-5.025738,1.019553,59.967753,-6.417683,1.025426,59.969515,-6.521128,1.040740,59.970246,-5.172964,1.042204,59.970907,-6.133109,1.038596,59.970954,-6.934791,1.056930,59.970291,-0.694487,0.999388,59.970353,-1.607881,1.040486,59.970223,-3.048769,1.055389,59.970178,0.886994,1.050813,59.970180,0.713203,1.045679,59.970245,-5.066864,1.058616,59.973625,-3.499901,1.061291,59.973094,-4.536158,1.047664,59.972076,-6.284609,1.062728,59.974389,-1.409291,1.062369,59.974901,1.023638,1.036996,59.976366,-2.504540,0.978504,59.960871,0.487671,0.980562,59.964119,2.736246,0.999304,59.970249,3.914899,1.018718,59.970415,2.922044,1.049874,59.970128,5.303439,1.063551,59.970098,7.707969,1.026751,59.974882,2.598741,1.036484,59.976113,7.253390,1.025299,59.968718,-8.637964,0.999475,0.999092,0.999307,0.999484,0.999499,0.999648,0.999686,0.999782,-43.579326,0.000000,4.712425,10.435964,1.650921,11.691147,18.091816,-38.830445,288.383297,447.800150,209.391350,467.503357,6.717002,286.592096,294.652499,141.504847,562.436988,245.394482,221.661074,276.382253,200.614467,124.488442,251.663684,184.493662,253.902685,8.239523,988.742731,2.149441,164.790455,75.230425,157.625653,78.812826,137.026846,28.927890,26.868009,92.246831,102.994034,75.767785,-82.574348,42.272334,15.225205,67.617823,24.718568,24.091648,4.119761,223.900075
6.060000,1.044576,59.970552,-7.140859,1.048750,59.973340,-4.659088,1.035566,59.971254,-7.232365,1.012050,59.968268,-8.141956,1.012155,59.966622,-7.269835,1.014029,59.966254,-6.682935,1.004499,59.966605,-8.611319,1.003513,59.966759,-9.048712,1.028499,59.968002,-8.845738,1.022718,59.966424,-4.446332,1.018742,59.966381,-5.206998,1.008614,59.966629,-5.171685,1.020759,59.966873,-5.043457,1.019673,59.967981,-6.427495,1.025487,59.969850,-6.517752,1.040778,59.970629,-5.164102,1.042218,59.971214,-6.119825,1.038615,59.971231,-6.921306,1.056966,59.970935,-0.684124,0.999402,59.971089,-1.596656,1.040527,59.970607,-3.040070,1.055432,59.970564,0.895377,1.050856,59.970565,0.721598,1.045718,59.970628,-5.058010,1.058610,59.973782,-3.467699,1.061200,59.973250,-4.507794,1.047618,59.972301,-6.263266,1.062524,59.974433,-1.372100,1.062137,59.974907,1.064348,1.037025,59.976592,-2.452257,0.978706,59.960837,0.427057,0.980744,59.964311,2.700074,0.999356,59.971010,3.925483,1.018708,59.971282,2.934305,1.049917,59.970516,5.311470,1.063596,59.970484,7.715776,1.026737,59.974963,2.639668,1.036214,59.976039,7.302474,1.025317,59.968832,-8.641328,0.999476,0.999076,0.999309,0.999505,0.999523,0.999647,0.999682,0.999791,-43.410034,0.000000,4.809100,10.613444,1.835398,11.934828,18.351332,-38.526597,288.383297,447.800150,209.391350,467.503357,6.717002,286.592096,294.652499,141.504847,562.436988,245.394482,221.661074,276.382253,200.614467,124.488442,251.663684,184.493662,253.902685,8.239523,988.742731,2.149441,164.790455,75.230425,157.625653,78.812826,137.026846,28.927890,26.868009,92.246831,102.994034,75.767785,-82.574348,42.272334,15.225205,67.617823,24.718568,24.091648,4.119761,223.900075
6.080000,1.044572,59.970673,-7.132927,1.048749,59.973465,-4.631038,1.035593,59.971453,-7.219020,1.012163,59.968493,-8.150024,1.012308,59.966831,-7.289842,1.014189,59.966461,-6.705603,1.004652,59.966808,-8.631478,1.003660,59.966960,-9.067767,1.028572,59.968153,-8.856055,1.022878,59.966665,-4.467623,1.018902,59.966611,-5.228645,1.008772,59.966867,-5.191509,1.020909,59.967118,-5.061490,1.019794,59.968237,-6.437493,1.025546,59.970182,-6.513930,1.040813,59.970994,-5.154516,1.042230,59.971495,-6.106401,1.038633,59.971480,-6.907903,1.056996,59.971555,-0.671181,0.999409,59.971796,-1.582210,1.040565,59.970973,-3.030639,1.055472,59.970933,0.904510,1.050896,59.970934,0.730738,1.045753,59.970993,-5.048433,1.058603,59.973868,-3.436641,1.061112,59.973352,-4.480504,1.047573,59.972485,-6.242442,1.062325,59.974415,-1.336828,1.061910,59.974849,1.102857,1.037054,59.976693,-2.400865,0.978917,59.960965,0.364974,0.980928,59.964590,2.663722,0.999406,59.971744,3.939477,1.018689,59.972115,2.950707,1.049956,59.970889,5.320277,1.063640,59.970855,7.724342,1.026723,59.974952,2.678805,1.035948,59.975893,7.348742,1.025336,59.968949,-8.645809,0.999478,0.999068,0.999314,0.999525,0.999546,0.999644,0.999677,0.999794,-43.234911,0.000000,4.912424,10.804863,2.035382,12.182978,18.614048,-38.215124,288.383297,447.800150,209.391350,467.503357,6.717002,286.592096,294.652499,141.504847,562.436988,245.394482,221.661074,276.382253,200.614467,124.488442,251.663684,184.493662,253.902685,8.239523,988.742731,2.149441,164.790455,75.230425,157.625653,78.812826,137.026846,28.927890,26.868009,92.246831,102.994034,75.767785,-82.574348,42.272334,15.225205,67.617823,24.718568,24.091648,4.119761,223.900075
6.100000,1.044568,59.970771,-7.126232,1.048749,59.973526,-4.604383,1.035620,59.971624,-7.206373,1.012275,59.968740,-8.158379,1.012461,59.967091,-7.310121,1.014350,59.966726,-6.728522,1.004805,59.967061,-8.651950,1.003808,59.967208,-9.087166,1.028645,59.968325,-8.867193,1.023036,59.966959,-4.488941,1.019061,59.966896,-5.250394,1.008930,59.967154,-5.211401,1.021058,59.967409,-5.079556,1.019914,59.968519,-6.447532,1.025602,59.970507,-6.509753,1.040844,59.971339,-5.144395,1.042241,59.971748,-6.093082,1.038650,59.971702,-6.894833,1.057019,59.972142,-0.655924,0.999408,59.972466,-1.564839,1.040599,59.971320,-3.020663,1.055508,59.971283,0.914212,1.050933,59.971283,0.740442,1.045785,59.971337,-5.038323,1.058597,59.973886,-3.407275,1.061026,59.973402,-4.454716,1.047528,59.972629,-6.222481,1.062131,59.974340,-1.303950,1.061688,59.974731,1.138671,1.037083,59.976670,-2.351311,0.979134,59.961252,0.302525,0.981112,59.964955,2.627763,0.999450,59.972441,3.956592,1.018661,59.972904,2.970911,1.049992,59.971245,5.329689,1.063681,59.971207,7.733492,1.026712,59.974855,2.715467,1.035687,59.975681,7.391653,1.025355,59.969070,-8.651432,0.999480,0.999068,0.999321,0.999544,0.999569,0.999639,0.999670,0.999791,-43.057281,0.000000,5.020261,11.006583,2.247203,12.431092,18.875867,-37.901748,288.383297,447.800150,209.391350,467.503357,6.717002,286.592096,294.652499,141.504847,562.436988,245.394482,221.661074,276.382253,200.614467,124.488442,251.663684,184.493662,253.902685,8.239523,988.742731,2.149441,164.790455,75.230425,157.625653,78.812826,137.026846,28.927890,26.868009,92.246831,102.994034,75.767785,-82.574348,42.272334,15.225205,67.617823,24.718568,24.091648,4.119761,223.900075
6.120000,1.044565,59.970847,-7.120971,1.048751,59.973523,-4.579618,1.035647,59.971765,-7.194671,1.012385,59.969006,-8.166908,1.012611,59.967398,-7.330354,1.014508,59.967046,-6.751329,1.004955,59.967363,-8.672419,1.003954,59.967502,-9.106614,1.028717,59.968517,-8.879043,1.023192,59.967303,-4.509960,1.019217,59.967231,-5.271908,1.009085,59.967488,-5.231057,1.021204,59.967741,-5.097384,1.020030,59.968825,-6.457473,1.025653,59.970822,-6.505322,1.040870,59.971660,-5.133940,1.042249,59.971972,-6.080115,1.038665,59.971894,-6.882341,1.057035,59.972689,-0.638659,0.999399,59.973090,-1.544894,1.040627,59.971642,-3.010339,1.055539,59.971610,0.924293,1.050965,59.971609,0.750517,1.045812,59.971658,-5.027880,1.058591,59.973840,-3.380111,1.060943,59.973404,-4.430829,1.047484,59.972732,-6.203710,1.061944,59.974211,-1.273898,1.061474,59.974559,1.171344,1.037113,59.976527,-2.304509,0.979353,59.961694,0.240800,0.981292,59.965400,2.592752,0.999490,59.973091,3.976479,1.018624,59.973639,2.994518,1.050022,59.971578,5.339519,1.063719,59.971539,7.743045,1.026702,59.974679,2.749029,1.035433,59.975410,7.430726,1.025374,59.969195,-8.658209,0.999481,0.999075,0.999331,0.999562,0.999591,0.999631,0.999661,0.999783,-42.880475,0.000000,5.130426,11.214809,2.467048,12.674761,19.132771,-37.592177,288.383297,447.800150,209.391350,467.503357,6.717002,286.592096,294.652499,141.504847,562.436988,245.394482,221.661074,276.382253,200.614467,124.488442,251.663684,184.493662,253.902685,8.239523,988.742731,2.149441,164.790455,75.230425,157.625653,78.812826,137.026846,28.927890,26.868009,92.246831,102.994034,75.767785,-82.574348,42.272334,15.225205,67.617823,24.718568,24.091648,4.119761,223.900075
6.140000,1.044563,59.970903,-7.117320,1.048754,59.973462,-4.557203,1.035673,59.971878,-7.184148,1.012491,59.969290,-8.175504,1.012758,59.967750,-7.350236,1.014662,59.967416,-6.773673,1.005101,59.967710,-8.692577,1.004095,59.967837,-9.125825,1.028788,59.968729,-8.891488,1.023343,59.967692,-4.530365,1.019368,59.967613,-5.292863,1.009234,59.967864,-5.250183,1.021345,59.968112,-5.114711,1.020141,59.969151,-6.467186,1.025699,59.971124,-6.500747,1.040890,59.971954,-5.123361,1.042254,59.972165,-6.067739,1.038677,59.972057,-6.870666,1.057043,59.973189,-0.619729,0.999382,59.973659,-1.522766,1.040651,59.971939,-2.999875,1.055565,59.971912,0.934550,1.050992,59.971910,0.760761,1.045834,59.971952,-5.017314,1.058585,59.973734,-3.355617,1.060864,59.973359,-4.409208,1.047441,59.972797,-6.186437,1.061763,59.974035,-1.247053,1.061267,59.974337,1.200485,1.037143,59.976270,-2.261321,0.979570,59.962281,0.180848,0.981468,59.965919,2.559215,0.999523,59.973686,3.998736,1.018579,59.974311,3.021072,1.050046,59.971887,5.349576,1.063752,59.971846,7.752808,1.026694,59.974433,2.778936,1.035187,59.975088,7.465545,1.025393,59.969323,-8.666141,0.999483,0.999091,0.999344,0.999579,0.999611,0.999621,0.999652,0.999770,-42.707775,0.000000,5.240726,11.425671,2.691033,12.909753,19.380887,-37.292004,288.383297,447.800150,209.391350,467.503357,6.717002,286.592096,294.652499,141.504847,562.436988,245.394482,221.661074,276.382253,200.614467,124.488442,251.663684,184.493662,253.902685,8.239523,988.742731,2.149441,164.790455,75.230425,157.625653,78.812826,137.026846,28.927890,26.868009,92.246831,102.994034,75.767785,-82.574348,42.272334,15.225205,67.617823,24.718568,24.091648,4.119761,223.900075
6.160000,1.044562,59.970940,-7.115429,1.048759,59.973346,-4.537556,1.035697,59.971963,-7.175014,1.012592,59.969589,-8.184061,1.012897,59.968143,-7.369475,1.014809,59.967831,-6.795222,1.005241,59.968097,-8.712132,1.004230,59.968211,-9.144522,1.028855,59.968957,-8.904409,1.023486,59.968121,-4.549863,1.019512,59.968037,-5.312953,1.009376,59.968278,-5.268505,1.021478,59.968516,-5.131294,1.020246,59.969494,-6.476551,1.025738,59.971410,-6.496143,1.040905,59.972219,-5.112873,1.042255,59.972327,-6.056189,1.038687,59.972189,-6.860033,1.057043,59.973636,-0.599510,0.999356,59.974167,-1.498886,1.040667,59.972206,-2.989482,1.055583,59.972186,0.944777,1.051013,59.972182,0.770968,1.045849,59.972216,-5.006840,1.058579,59.973574,-3.334208,1.060787,59.973272,-4.390177,1.047398,59.972824,-6.170946,1.061591,59.973817,-1.223748,1.061070,59.974073,1.225758,1.037174,59.975906,-2.222546,0.979783,59.963005,0.123669,0.981635,59.966505,2.527645,0.999551,59.974218,4.022920,1.018525,59.974912,3.050071,1.050063,59.972169,5.359658,1.063779,59.972126,7.762586,1.026688,59.974126,2.804715,1.034950,59.974722,7.495766,1.025412,59.969454,-8.675213,0.999485,0.999113,0.999360,0.999594,0.999629,0.999610,0.999641,0.999752,-42.542348,0.000000,5.349004,11.635288,2.915276,13.132083,19.616545,-37.006599,288.383297,447.800150,209.391350,467.503357,6.717002,286.592096,294.652499,141.504847,562.436988,245.394482,221.661074,276.382253,200.614467,124.488442,251.663684,184.493662,253.902685,8.239523,988.742731,2.149441,164.790455,75.230425,157.625653,78.812826,137.026846,28.927890,26.868009,92.246831,102.994035,75.767785,-82.574348,42.272334,15.225205,67.617823,24.718568,24.091648,4.119761,223.900075
6.180000,1.044562,59.970960,-7.115419,1.048766,59.973180,-4.521044,1.035720,59.972021,-7.167461,1.012686,59.969900,-8.192483,1.013028,59.968570,-7.387799,1.014948,59.968287,-6.815663,1.005372,59.968519,-8.730809,1.004356,59.968617,-9.162449,1.028919,59.969201,-8.917685,1.023619,59.968584,-4.568183,1.019647,59.968497,-5.331894,1.009508,59.968724,-5.285769,1.021603,59.968948,-5.146907,1.020343,59.969850,-6.485458,1.025771,59.971678,-6.491629,1.040913,59.972452,-5.102688,1.042253,59.972458,-6.045682,1.038694,59.972292,-6.850651,1.057035,59.974026,-0.578397,0.999321,59.974609,-1.473713,1.040677,59.972443,-2.979372,1.055595,59.972429,0.954768,1.051026,59.972424,0.780930,1.045858,59.972450,-4.996670,1.058574,59.973366,-3.316243,1.060714,59.973147,-4.374019,1.047356,59.972816,-6.157489,1.061427,59.973562,-1.204254,1.060881,59.973773,1.246893,1.037206,59.975446,-2.188897,0.979988,59.963851,0.070188,0.981794,59.967149,2.498493,0.999572,59.974679,4.048549,1.018462,59.975435,3.080977,1.050073,59.972420,5.369565,1.063801,59.972377,7.772180,1.026684,59.973767,2.825976,1.034722,59.974320,7.521114,1.025430,59.969589,-8.685393,0.999487,0.999142,0.999377,0.999607,0.999646,0.999597,0.999630,0.999730,-42.387193,0.000000,5.453181,11.839843,3.135962,13.338079,19.836342,-36.741018,288.383297,447.800150,209.391350,467.503357,6.717002,286.592096,294.652499,141.504847,562.436988,245.394482,221.661074,276.382253,200.614467,124.488442,251.663684,184.493662,253.902685,8.239523,988.742731,2.149441,164.790455,75.230425,157.625653,78.812826,137.026846,28.927890,26.868009,92.246831,102.994035,75.767785,-82.574348,42.272334,15.225205,67.617823,24.718568,24.091648,4.119761,223.900075
6.200000,1.044564,59.970965,-7.117381,1.048773,59.972970,-4.507977,1.035741,59.972054,-7.161651,1.012771,59.970219,-8.200677,1.013149,59.969027,-7.404959,1.015075,59.968777,-6.834713,1.005493,59.968971,-8.748357,1.004473,59.969052,-9.179367,1.028979,59.969458,-8.931192,1.023742,59.969077,-4.585080,1.019771,59.968987,-5.349431,1.009630,59.969197,-5.301747,1.021717,59.969403,-5.161349,1.020430,59.970214,-6.493810,1.025796,59.971926,-6.487324,1.040914,59.972653,-5.093017,1.042247,59.972558,-6.036422,1.038698,59.972366,-6.842706,1.057019,59.974354,-0.556804,0.999278,59.974979,-1.447726,1.040680,59.972647,-2.969752,1.055599,59.972640,0.964318,1.051032,59.972634,0.790443,1.045860,59.972650,-4.987016,1.058569,59.973117,-3.302014,1.060645,59.972987,-4.360967,1.047315,59.972775,-6.146286,1.061272,59.973276,-1.188784,1.060703,59.973443,1.263681,1.037239,59.974901,-2.160997,0.980183,59.964805,0.021249,0.981941,59.967843,2.472161,0.999585,59.975066,4.075118,1.018391,59.975873,3.113225,1.050075,59.972641,5.379097,1.063815,59.972597,7.781395,1.026681,59.973368,2.842421,1.034505,59.973890,7.541392,1.025449,59.969727,-8.696636,0.999489,0.999177,0.999396,0.999618,0.999660,0.999584,0.999618,0.999704,-42.245084,0.000000,5.551295,12.035654,3.349413,13.524447,20.037191,-36.499906,288.383297,447.800150,209.391350,467.503357,6.717002,286.592096,294.652499,141.504847,562.436988,245.394482,221.661074,276.382253,200.614467,124.488442,251.663684,184.493662,253.902685,8.239523,988.742731,2.149441,164.790455,75.230425,157.625653,78.812826,137.026846,28.927890,26.868009,92.246831,102.994035,75.767785,-82.574348,42.272334,15.225205,67.617823,24.718568,24.091648,4.119761,223.900075
6.220000,1.044568,59.970958,-7.121371,1.048782,59.972722,-4.498604,1.035759,59.972064,-7.157716,1.012847,59.970542,-8.208560,1.013258,59.969506,-7.420732,1.015191,59.969294,-6.852120,1.005603,59.969447,-8.764548,1.004579,59.969508,-9.195062,1.029033,59.969726,-8.944808,1.023853,59.969590,-4.600339,1.019883,59.969500,-5.365339,1.009739,59.969689,-5.316237,1.021818,59.969875,-5.174444,1.020506,59.970583,-6.501526,1.025813,59.972151,-6.483346,1.040908,59.972819,-5.084061,1.042236,59.972627,-6.028590,1.038698,59.972412,-6.836364,1.056994,59.974617,-0.535147,0.999226,59.975275,-1.421413,1.040675,59.972817,-2.960823,1.055595,59.972818,0.973231,1.051030,59.972811,0.799312,1.045854,59.972817,-4.978077,1.058564,59.972833,-3.291747,1.060579,59.972799,-4.351203,1.047273,59.972705,-6.137518,1.061126,59.972966,-1.177492,1.060534,59.973090,1.275980,1.037273,59.974284,-2.139360,0.980365,59.965851,-0.022404,0.982075,59.968576,2.448999,0.999591,59.975373,4.102109,1.018312,59.976225,3.146231,1.050069,59.972828,5.388059,1.063822,59.972785,7.790044,1.026680,59.972939,2.853844,1.034297,59.973441,7.556475,1.025466,59.969868,-8.708880,0.999492,0.999218,0.999417,0.999627,0.999673,0.999570,0.999606,0.999674,-42.118521,0.000000,5.641536,12.219240,3.552152,13.688314,20.216370,-36.287418,288.383297,447.800150,209.391350,467.503357,6.717002,286.592096,294.652499,141.504847,562.436988,245.394482,221.661074,276.382253,200.614467,124.488442,251.663684,184.493662,253.902685,8.239523,988.742731,2.149441,164.790455,75.230425,157.625653,78.812826,137.026846,28.927890,26.868009,92.246831,102.994035,75.767785,-82.574348,42.272334,15.225205,67.617823,24.718568,24.091648,4.119761,223.900075
6.240000,1.044573,59.970941,-7.127411,1.048792,59.972444,-4.493106,1.035774,59.972053,-7.155760,1.012913,59.970867,-8.216059,1.013355,59.970002,-7.434927,1.015293,59.969830,-6.867666,1.005699,59.969939,-8.779188,1.004672,59.969981,-9.209346,1.029082,59.970002,-8.958408,1.023949,59.970119,-4.613780,1.019981,59.970030,-5.379423,1.009835,59.970195,-5.329069,1.021907,59.970357,-5.186041,1.020571,59.970951,-6.508535,1.025821,59.972351,-6.479807,1.040895,59.972952,-5.076012,1.042221,59.972667,-6.022345,1.038694,59.972432,-6.831760,1.056961,59.974814,-0.513846,0.999167,59.975494,-1.395267,1.040662,59.972953,-2.952774,1.055582,59.972961,0.981321,1.051020,59.972954,0.807349,1.045842,59.972949,-4.970045,1.058560,59.972523,-3.285596,1.060516,59.972587,-4.344857,1.047232,59.972608,-6.131329,1.060988,59.972639,-1.170465,1.060374,59.972721,1.283712,1.037309,59.973609,-2.124389,0.980532,59.966971,-0.060136,0.982194,59.969337,2.429296,0.999589,59.975599,4.128995,1.018225,59.976485,3.179407,1.050054,59.972982,5.396269,1.063821,59.972940,7.797946,1.026680,59.972491,2.860135,1.034100,59.972980,7.566314,1.025484,59.970012,-8.722045,0.999494,0.999264,0.999439,0.999633,0.999683,0.999555,0.999594,0.999642,-42.009691,0.000000,5.722279,12.387383,3.740958,13.827271,20.371559,-36.107150,288.383297,447.800150,209.391350,467.503357,6.717002,286.592096,294.652499,141.504847,562.436988,245.394482,221.661074,276.382253,200.614467,124.488442,251.663684,184.493662,253.902685,8.239523,988.742731,2.149441,164.790455,75.230425,157.625653,78.812826,137.026846,28.927890,26.868009,92.246831,102.994034,75.767785,-82.574348,42.272334,15.225205,67.617823,24.718568,24.091648,4.119761,223.900075
6.260000,1.044579,59.970916,-7.135485,1.048802,59.972142,-4.491597,1.035787,59.972022,-7.155848,1.012969,59.971188,-8.223109,1.013437,59.970507,-7.447383,1.015380,59.970378,-6.881170,1.005782,59.970442,-8.792109,1.004752,59.970462,-9.222062,1.029125,59.970283,-8.971874,1.024031,59.970655,-4.625257,1.020064,59.970568,-5.391528,1.009915,59.970707,-5.340104,1.021981,59.970844,-5.196021,1.020624,59.971315,-6.514786,1.025821,59.972527,-6.476814,1.040874,59.973049,-5.069043,1.042201,59.972678,-6.017819,1.038686,59.972427,-6.829002,1.056920,59.974943,-0.493309,0.999100,59.975635,-1.369770,1.040641,59.973054,-2.945777,1.055562,59.973071,0.988414,1.051002,59.973062,0.814384,1.045821,59.973047,-4.963093,1.058556,59.972194,-3.283643,1.060457,59.972356,-4.342001,1.047191,59.972488,-6.127818,1.060858,59.972299,-1.167730,1.060224,59.972343,1.286868,1.037347,59.972890,-2.116361,0.980683,59.968146,-0.091426,0.982298,59.970116,2.413282,0.999580,59.975742,4.155257,1.018131,59.976653,3.212168,1.050031,59.973101,5.403553,1.063812,59.973061,7.804937,1.026681,59.972033,2.861273,1.033914,59.972514,7.570933,1.025500,59.970159,-8.736038,0.999496,0.999314,0.999462,0.999637,0.999690,0.999541,0.999582,0.999607,-41.920425,0.000000,5.792109,12.537184,3.912922,13.939408,20.500879,-35.962069,288.383297,447.800150,209.391350,467.503357,6.717002,286.592096,294.652499,141.504847,562.436988,245.394482,221.661074,276.382253,200.614467,124.488442,251.663684,184.493662,253.902685,8.239523,988.742731,2.149441,164.790455,75.230425,157.625653,78.812826,137.026846,28.927890,26.868009,92.246831,102.994034,75.767785,-82.574348,42.272334,15.225205,67.617823,24.718568,24.091648,4.119761,223.900075
6.280000,1.044588,59.970887,-7.145542,1.048814,59.971825,-4.494121,1.035796,59.971976,-7.158014,1.013012,59.971504,-8.229655,1.013504,59.971015,-7.457971,1.015452,59.970930,-6.892490,1.005849,59.970947,-8.803180,1.004817,59.970947,-9.233080,1.029161,59.970567,-8.985087,1.024097,59.971190,-4.634657,1.020132,59.971108,-5.401533,1.009980,59.971218,-5.349236,1.022040,59.971327,-5.204294,1.020664,59.971670,-6.520239,1.025812,59.972675,-6.474465,1.040846,59.973113,-5.063311,1.042176,59.972663,-6.015115,1.038674,59.972399,-6.828168,1.056870,59.975006,-0.473927,0.999025,59.975699,-1.345390,1.040612,59.973122,-2.939989,1.055533,59.973147,0.994358,1.050976,59.973137,0.820263,1.045794,59.973110,-4.957378,1.058553,59.971854,-3.285900,1.060400,59.972112,-4.342658,1.047149,59.972349,-6.127045,1.060737,59.971955,-1.169251,1.060083,59.971963,1.285502,1.037387,59.972143,-2.115431,0.980816,59.969356,-0.115874,0.982386,59.970901,2.401123,0.999563,59.975803,4.180393,1.018030,59.976730,3.243942,1.049999,59.973187,5.409760,1.063795,59.973150,7.810868,1.026683,59.971577,2.857328,1.033737,59.972052,7.570425,1.025517,59.970309,-8.750747,0.999499,0.999366,0.999485,0.999639,0.999695,0.999527,0.999570,0.999571,-41.852175,0.000000,5.849849,12.666119,4.065492,14.023329,20.602912,-35.854474,288.383297,447.800150,209.391350,467.503357,6.717002,286.592096,294.652499,141.504847,562.436988,245.394482,221.661074,276.382253,200.614467,124.488442,251.663684,184.493662,253.902685,8.239523,988.742731,2.149441,164.790455,75.230425,157.625653,78.812826,137.026846,28.927890,26.868009,92.246831,102.994034,75.767785,-82.574348,42.272334,15.225205,67.617823,24.718568,24.091648,4.119761,223.900075
6.300000,1.044597,59.970857,-7.157495,1.048826,59.971499,-4.500650,1.035802,59.971916,-7.162254,1.013044,59.971809,-8.235652,1.013556,59.971518,-7.466599,1.015508,59.971479,-6.901525,1.005902,59.971449,-8.812302,1.004868,59.971427,-9.242304,1.029191,59.970850,-8.997934,1.024147,59.971719,-4.641908,1.020183,59.971641,-5.409355,1.010029,59.971722,-5.356396,1.022084,59.971802,-5.210801,1.020691,59.972012,-6.524870,1.025794,59.972797,-6.472848,1.040811,59.973143,-5.058950,1.042147,59.972624,-6.014307,1.038658,59.972352,-6.829300,1.056814,59.975003,-0.456069,0.998944,59.975688,-1.322571,1.040576,59.973156,-2.935542,1.055496,59.973189,0.999019,1.050941,59.973179,0.824853,1.045759,59.973141,-4.953033,1.058550,59.971510,-3.292302,1.060346,59.971860,-4.346790,1.047108,59.972195,-6.129023,1.060623,59.971611,-1.174933,1.059951,59.971586,1.279729,1.037429,59.971384,-2.121622,0.980928,59.970581,-0.133208,0.982456,59.971680,2.392919,0.999538,59.975783,4.203925,1.017923,59.976717,3.274184,1.049958,59.973239,5.414753,1.063768,59.973206,7.815611,1.026686,59.971130,2.848458,1.033570,59.971600,7.564953,1.025532,59.970460,-8.766049,0.999502,0.999421,0.999509,0.999638,0.999698,0.999514,0.999559,0.999533,-41.805984,0.000000,5.894575,12.772075,4.196509,14.078171,20.676720,-35.785951,288.383297,447.800150,209.391350,467.503357,6.717002,286.592096,294.652499,141.504847,562.436988,245.394482,221.661074,276.382253,200.614467,124.488442,251.663684,184.493662,253.902685,8.239523,988.742731,2.149441,164.790455,75.230425,157.625653,78.812826,137.026846,28.927890,26.868009,92.246831,102.994034,75.767785,-82.574348,42.272334,15.225205,67.617823,24.718568,24.091648,4.119761,223.900075
6.320000,1.044609,59.970827,-7.171220,1.048838,59.971173,-4.511085,1.035804,59.971846,-7.168531,1.013063,59.972101,-8.241068,1.013591,59.972009,-7.473211,1.015547,59.972016,-6.908213,1.005938,59.971940,-8.819413,1.004903,59.971897,-9.249668,1.029214,59.971131,-9.010307,1.024181,59.972232,-4.646974,1.020218,59.972161,-5.414951,1.010061,59.972211,-5.361546,1.022112,59.972261,-5.215512,1.020704,59.972337,-6.528670,1.025768,59.972891,-6.472034,1.040769,59.973142,-5.056069,1.042114,59.972564,-6.015435,1.038637,59.972287,-6.832410,1.056750,59.974937,-0.440071,0.998857,59.975603,-1.301724,1.040532,59.973159,-2.932548,1.055450,59.973200,1.002286,1.050898,59.973189,0.828046,1.045717,59.973140,-4.950168,1.058547,59.971171,-3.302720,1.060295,59.971605,-4.354309,1.047065,59.972029,-6.133724,1.060516,59.971273,-1.184623,1.059827,59.971219,1.269726,1.037473,59.970628,-2.134828,0.981020,59.971802,-0.143286,0.982509,59.972444,2.388704,0.999505,59.975687,4.225411,1.017810,59.976616,3.302378,1.049910,59.973259,5.418422,1.063733,59.973230,7.819058,1.026690,59.970703,2.834898,1.033412,59.971165,7.554742,1.025547,59.970614,-8.781805,0.999504,0.999477,0.999532,0.999635,0.999698,0.999501,0.999548,0.999496,-41.782480,0.000000,5.925632,12.853387,4.304244,14.103599,20.721853,-35.757358,288.383297,447.800150,209.391350,467.503357,6.717002,286.592096,294.652499,141.504847,562.436988,245.394482,221.661074,276.382253,200.614467,124.488442,251.663684,184.493662,253.902685,8.239523,988.742731,2.149441,164.790455,75.230425,157.625653,78.812826,137.026846,28.927890,26.868009,92.246831,102.994034,75.767785,-82.574348,42.272334,15.225205,67.617823,24.718568,24.091648,4.119761,223.900075
6.340000,1.044621,59.970802,-7.186563,1.048850,59.970854,-4.525262,1.035803,59.971768,-7.176770,1.013070,59.972375,-8.245877,1.013610,59.972483,-7.477783,1.015569,59.972534,-6.912534,1.005958,59.972413,-8.824484,1.004922,59.972350,-9.255141,1.029229,59.971406,-9.022103,1.024197,59.972724,-4.649855,1.020236,59.972660,-5.418313,1.010076,59.972680,-5.364685,1.022124,59.972699,-5.218429,1.020704,59.972641,-6.531644,1.025733,59.972958,-6.472085,1.040721,59.973111,-5.054754,1.042075,59.972484,-6.018507,1.038612,59.972208,-6.837474,1.056680,59.974813,-0.426232,0.998764,59.975449,-1.283220,1.040480,59.973132,-2.931088,1.055397,59.973181,1.004076,1.050847,59.973170,0.829757,1.045668,59.973109,-4.948867,1.058545,59.970843,-3.316955,1.060245,59.971352,-4.365075,1.047022,59.971855,-6.141075,1.060415,59.970948,-1.198111,1.059710,59.970867,1.255725,1.037520,59.969891,-2.154817,0.981090,59.972999,-0.146088,0.982543,59.973180,2.388448,0.999466,59.975517,4.244450,1.017693,59.976433,3.328053,1.049853,59.973249,5.420679,1.063690,59.973225,7.821128,1.026694,59.970302,2.816958,1.033262,59.970753,7.540078,1.025561,59.970770,-8.797865,0.999507,0.999532,0.999555,0.999630,0.999696,0.999490,0.999538,0.999460,-41.781863,0.000000,5.942636,12.908868,4.387413,14.099805,20.738352,-35.768810,288.383297,447.800150,209.391350,467.503357,6.717002,286.592096,294.652499,141.504847,562.436988,245.394482,221.661074,276.382253,200.614467,124.488442,251.663684,184.493662,253.902685,8.239523,988.742731,2.149441,164.790455,75.230425,157.625653,78.812826,137.026846,28.927890,26.868009,92.246831,102.994035,75.767785,-82.574348,42.272334,15.225205,67.617823,24.718568,24.091648,4.119761,223.900075
6.360000,1.044635,59.970782,-7.203337,1.048862,59.970549,-4.542950,1.035797,59.971685,-7.186864,1.013065,59.972630,-8.250067,1.013613,59.972931,-7.480327,1.015573,59.973026,-6.914510,1.005962,59.972863,-8.827523,1.004926,59.972780,-9.258722,1.029238,59.971673,-9.033227,1.024197,59.973188,-4.650588,1.020237,59.973132,-5.419473,1.010075,59.973121,-5.365843,1.022119,59.973110,-5.219584,1.020690,59.972920,-6.533809,1.025690,59.972999,-6.473043,1.040666,59.973052,-5.055057,1.042033,59.972388,-6.023498,1.038583,59.972116,-6.844436,1.056604,59.974634,-0.414809,0.998666,59.975231,-1.267385,1.040422,59.973078,-2.931220,1.055337,59.973134,1.004330,1.050789,59.973123,0.829931,1.045613,59.973051,-4.949183,1.058543,59.970533,-3.334746,1.060197,59.971107,-4.378899,1.046978,59.971679,-6.150964,1.060320,59.970639,-1.215139,1.059599,59.970536,1.238011,1.037569,59.969189,-2.181234,0.981138,59.974152,-0.141729,0.982560,59.973878,2.392057,0.999419,59.975281,4.260697,1.017571,59.976172,3.350787,1.049789,59.973211,5.421465,1.063638,59.973193,7.821765,1.026697,59.969936,2.795014,1.033120,59.970369,7.521300,1.025574,59.970927,-8.814069,0.999510,0.999587,0.999577,0.999623,0.999691,0.999480,0.999528,0.999425,-41.803907,0.000000,5.945485,12.937820,4.445198,14.067486,20.726740,-35.819686,288.383297,447.800150,209.391350,467.503357,6.717002,286.592096,294.652499,141.504847,562.436988,245.394482,221.661074,276.382253,200.614467,124.488442,251.663684,184.493662,253.902685,8.239523,988.742731,2.149441,164.790455,75.230425,157.625653,78.812826,137.026846,28.927890,26.868009,92.246831,102.994035,75.767785,-82.574348,42.272334,15.225205,67.617823,24.718568,24.091648,4.119761,223.900075
6.380000,1.044649,59.970771,-7.221326,1.048874,59.970264,-4.563859,1.035788,59.971601,-7.198675,1.013047,59.972863,-8.253634,1.013599,59.973349,-7.480890,1.015561,59.973486,-6.914200,1.005950,59.973282,-8.828569,1.004914,59.973182,-9.260442,1.029239,59.971929,-9.043589,1.024180,59.973618,-4.649243,1.020221,59.973570,-5.418498,1.010056,59.973529,-5.365083,1.022099,59.973488,-5.219035,1.020663,59.973172,-6.535198,1.025639,59.973014,-6.474935,1.040606,59.972969,-5.057006,1.041985,59.972280,-6.030350,1.038550,59.972017,-6.853208,1.056523,59.974406,-0.406011,0.998564,59.974956,-1.254493,1.040357,59.972999,-2.932968,1.055269,59.973062,1.003020,1.050723,59.973051,0.828539,1.045552,59.972968,-4.951142,1.058540,59.970247,-3.355778,1.060150,59.970875,-4.395547,1.046933,59.971503,-6.163237,1.060230,59.970353,-1.235401,1.059494,59.970230,1.216913,1.037621,59.968535,-2.213609,0.981163,59.975245,-0.130439,0.982558,59.974530,2.399377,0.999366,59.974986,4.273859,1.017446,59.975842,3.370212,1.049718,59.973147,5.420745,1.063578,59.973135,7.820940,1.026701,59.969610,2.769499,1.032984,59.970019,7.498795,1.025586,59.971085,-8.830247,0.999513,0.999640,0.999598,0.999614,0.999684,0.999471,0.999520,0.999391,-41.847971,0.000000,5.934347,12.940047,4.477252,14.007825,20.688007,-35.908648,288.383297,447.800150,209.391350,467.503357,6.717002,286.592096,294.652499,141.504847,562.436988,245.394482,221.661074,276.382253,200.614467,124.488442,251.663684,184.493662,253.902685,8.239523,988.742731,2.149441,164.790455,75.230425,157.625653,78.812826,137.026846,28.927890,26.868009,92.246831,102.994035,75.767785,-82.574348,42.272334,15.225205,67.617823,24.718568,24.091648,4.119761,223.900075
6.400000,1.044665,59.970771,-7.240291,1.048885,59.970006,-4.587644,1.035774,59.971518,-7.212033,1.013016,59.973071,-8.256583,1.013570,59.973731,-7.479548,1.015532,59.973906,-6.911698,1.005922,59.973667,-8.827695,1.004886,59.973551,-9.260361,1.029234,59.972172,-9.053110,1.024147,59.974008,-4.645924,1.020189,59.973969,-5.415488,1.010021,59.973899,-5.362498,1.022064,59.973830,-5.216868,1.020623,59.973395,-6.535850,1.025580,59.973006,-6.477769,1.040539,59.972865,-5.060596,1.041934,59.972161,-6.038975,1.038512,59.971911,-6.863670,1.056437,59.974135,-0.399998,0.998458,59.974630,-1.244762,1.040286,59.972898,-2.936331,1.055195,59.972968,1.000147,1.050651,59.972957,0.825582,1.045485,59.972864,-4.954740,1.058537,59.969990,-3.379684,1.060104,59.970659,-4.414742,1.046887,59.971331,-6.177703,1.060144,59.970094,-1.258550,1.059394,59.969955,1.192805,1.037676,59.967943,-2.251368,0.981165,59.976261,-0.112566,0.982539,59.975125,2.410194,0.999308,59.974638,4.283709,1.017319,59.975449,3.386026,1.049641,59.973060,5.418516,1.063511,59.973054,7.818650,1.026703,59.969330,2.740894,1.032854,59.969707,7.472994,1.025598,59.971245,-8.846226,0.999516,0.999690,0.999618,0.999604,0.999676,0.999464,0.999512,0.999361,-41.913013,0.000000,5.909660,12.915851,4.483696,13.922457,20.623586,-36.033671,288.383297,447.800150,209.391350,467.503357,6.717002,286.592096,294.652499,141.504847,562.436988,245.394482,221.661074,276.382253,200.614467,124.488442,251.663684,184.493662,253.902685,8.239523,988.742731,2.149441,164.790455,75.230425,157.625653,78.812826,137.026846,28.927890,26.868009,92.246831,102.994035,75.767785,-82.574348,42.272334,15.225205,67.617823,24.718568,24.091648,4.119761,223.900075
6.420000,1.044681,59.970784,-7.259972,1.048895,59.969781,-4.613915,1.035756,59.971439,-7.226743,1.012974,59.973252,-8.258927,1.013525,59.974072,-7.476408,1.015486,59.974283,-6.907134,1.005878,59.974012,-8.825001,1.004844,59.973882,-9.258566,1.029222,59.972400,-9.061718,1.024098,59.974354,-4.640765,1.020141,59.974323,-5.410574,1.009971,59.974227,-5.358208,1.022013,59.974132,-5.213192,1.020571,59.973585,-6.535817,1.025515,59.972975,-6.481536,1.040468,59.972742,-5.065793,1.041879,59.972037,-6.049253,1.038471,59.971804,-6.875673,1.056348,59.973828,-0.396874,0.998350,59.974260,-1.238352,1.040210,59.972779,-2.941276,1.055115,59.972855,0.995738,1.050573,59.972844,0.821090,1.045413,59.972742,-4.959944,1.058534,59.969769,-3.406054,1.060059,59.970463,-4.436175,1.046839,59.971168,-6.194141,1.060061,59.969865,-1.284203,1.059298,59.969714,1.166094,1.037733,59.967424,-2.293840,0.981144,59.977183,-0.088565,0.982503,59.975657,2.424244,0.999244,59.974247,4.290084,1.017189,59.975002,3.397989,1.049558,59.972954,5.414800,1.063437,59.972955,7.814922,1.026705,59.969099,2.709716,1.032730,59.969437,7.444360,1.025608,59.971405,-8.861825,0.999519,0.999736,0.999635,0.999592,0.999665,0.999458,0.999506,0.999333,-41.997613,0.000000,5.872114,12.866020,4.465108,13.813428,20.535327,-36.192089,288.383297,447.800150,209.391350,467.503357,6.717002,286.592096,294.652499,141.504847,562.436988,245.394482,221.661074,276.382253,200.614467,124.488442,251.663684,184.493662,253.902685,8.239523,988.742731,2.149441,164.790455,75.230425,157.625653,78.812826,137.026846,28.927890,26.868009,92.246831,102.994035,75.767785,-82.574348,42.272334,15.225205,67.617823,24.718568,24.091648,4.119761,223.900075
6.440000,1.044697,59.970811,-7.280093,1.048905,59.969593,-4.642237,1.035735,59.971367,-7.242588,1.012921,59.973405,-8.260688,1.013465,59.974369,-7.471603,1.015425,59.974611,-6.900671,1.005820,59.974313,-8.820615,1.004788,59.974171,-9.255169,1.029203,59.972612,-9.069351,1.024034,59.974652,-4.633926,1.020078,59.974630,-5.403916,1.009906,59.974508,-5.352360,1.021948,59.974389,-5.208140,1.020507,59.973742,-6.535159,1.025443,59.972925,-6.486209,1.040393,59.972606,-5.072535,1.041821,59.971910,-6.061037,1.038426,59.971697,-6.889044,1.056255,59.973492,-0.396691,0.998240,59.973855,-1.235361,1.040129,59.972645,-2.947742,1.055030,59.972727,0.989850,1.050489,59.972716,0.815121,1.045336,59.972605,-4.966689,1.058530,59.969586,-3.434441,1.060013,59.970292,-4.459501,1.046789,59.971017,-6.212297,1.059980,59.969670,-1.311950,1.059205,59.969510,1.137216,1.037793,59.966988,-2.340277,0.981102,59.977999,-0.058991,0.982452,59.976118,2.441212,0.999175,59.973822,4.292888,1.017058,59.974511,3.405936,1.049469,59.972832,5.409649,1.063356,59.972839,7.809807,1.026706,59.968920,2.676513,1.032609,59.969212,7.413387,1.025618,59.971565,-8.876866,0.999522,0.999778,0.999651,0.999580,0.999653,0.999454,0.999501,0.999310,-42.100004,0.000000,5.822636,12.791807,4.422507,13.683154,20.425454,-36.380649,288.383297,447.800150,209.391350,467.503357,6.717002,286.592096,294.652499,141.504847,562.436988,245.394482,221.661074,276.382253,200.614467,124.488442,251.663684,184.493662,253.902685,8.239523,988.742731,2.149441,164.790455,75.230425,157.625653,78.812826,137.026846,28.927890,26.868009,92.246831,102.994035,75.767785,-82.574348,42.272334,15.225205,67.617823,24.718568,24.091648,4.119761,223.900075
6.460000,1.044714,59.970854,-7.300366,1.048913,59.969447,-4.672146,1.035709,59.971304,-7.259330,1.012857,59.973529,-8.261895,1.013391,59.974619,-7.465291,1.015350,59.974887,-6.892495,1.005748,59.974567,-8.814690,1.004718,59.974416,-9.250306,1.029178,59.972806,-9.075956,1.023957,59.974898,-4.625591,1.020001,59.974885,-5.395699,1.009827,59.974741,-5.345120,1.021871,59.974600,-5.201861,1.020433,59.973864,-6.533945,1.025366,59.972857,-6.491742,1.040314,59.972458,-5.080729,1.041760,59.971783,-6.074152,1.038378,59.971595,-6.903583,1.056161,59.973135,-0.399445,0.998129,59.973425,-1.235824,1.040044,59.972500,-2.955639,1.054941,59.972588,0.982567,1.050401,59.972577,0.807759,1.045256,59.972458,-4.974884,1.058526,59.969446,-3.464373,1.059967,59.970149,-4.484353,1.046738,59.970881,-6.231891,1.059901,59.969512,-1.341353,1.059114,59.969346,1.106631,1.037857,59.966644,-2.389859,0.981039,59.978696,-0.024490,0.982385,59.976503,2.460741,0.999103,59.973372,4.292097,1.016927,59.973985,3.409769,1.049377,59.972696,5.403138,1.063270,59.972711,7.803383,1.026705,59.968796,2.641850,1.032491,59.969034,7.380588,1.025627,59.971726,-8.891169,0.999525,0.999815,0.999664,0.999566,0.999640,0.999452,0.999497,0.999290,-42.218109,0.000000,5.762367,12.694906,4.357326,13.534370,20.296529,-36.595574,288.383297,447.800150,209.391350,467.503357,6.717002,286.592096,294.652499,141.504847,562.436988,245.394482,221.661074,276.382253,200.614467,124.488442,251.663684,184.493662,253.902685,8.239523,988.742731,2.149441,164.790455,75.230425,157.625653,78.812826,137.026846,28.927890,26.868009,92.246831,102.994035,75.767785,-82.574348,42.272334,15.225205,67.617823,24.718568,24.091648,4.119761,223.900075
6.480000,1.044731,59.970914,-7.320494,1.048921,59.969345,-4.703151,1.035680,59.971253,-7.276716,1.012784,59.973624,-8.262582,1.013305,59.974818,-7.457650,1.015262,59.975108,-6.882822,1.005664,59.974771,-8.807400,1.004637,59.974614,-9.244132,1.029148,59.972981,-9.081492,1.023867,59.975091,-4.615966,1.019912,59.975086,-5.386129,1.009735,59.974923,-5.336676,1.021781,59.974762,-5.194524,1.020348,59.973952,-6.532246,1.025284,59.972775,-6.498072,1.040233,59.972304,-5.090259,1.041696,59.971661,-6.088404,1.038327,59.971499,-6.919073,1.056065,59.972764,-0.405077,0.998018,59.972977,-1.239713,1.039955,59.972349,-2.964854,1.054848,59.972440,0.973998,1.050310,59.972430,0.799113,1.045173,59.972305,-4.984412,1.058521,59.969351,-3.495355,1.059920,59.970037,-4.510342,1.046686,59.970764,-6.252624,1.059824,59.969393,-1.371962,1.059025,59.969225,1.074814,1.037923,59.966399,-2.441717,0.980956,59.979265,0.014218,0.982306,59.976807,2.482435,0.999028,59.972908,4.287753,1.016797,59.973437,3.409466,1.049282,59.972552,5.395367,1.063180,59.972574,7.795749,1.026703,59.968727,2.606301,1.032375,59.968906,7.346490,1.025635,59.971886,-8.904560,0.999529,0.999846,0.999675,0.999552,0.999625,0.999451,0.999494,0.999276,-42.349578,0.000000,5.692637,12.577411,4.271380,13.370075,20.151401,-36.832645,288.383297,447.800150,209.391350,467.503357,6.717002,286.592096,294.652499,141.504847,562.436988,245.394482,221.661074,276.382253,200.614467,124.488442,251.663684,184.493662,253.902685,8.239523,988.742731,2.149441,164.790455,75.230425,157.625653,78.812826,137.026846,28.927890,26.868009,92.246831,102.994035,75.767785,-82.574348,42.272334,15.225205,67.617823,24.718568,24.091648,4.119761,223.900075
6.500000,1.044749,59.970992,-7.340181,1.048929,59.969291,-4.734747,1.035649,59.971215,-7.294482,1.012704,59.973689,-8.262789,1.013209,59.974966,-7.448877,1.015163,59.975272,-6.871884,1.005569,59.974925,-8.798936,1.004546,59.974764,-9.236817,1.029113,59.973137,-9.085926,1.023766,59.975228,-4.605274,1.019812,59.975232,-5.375432,1.009633,59.975052,-5.327230,1.021682,59.974875,-5.186309,1.020256,59.974005,-6.530142,1.025199,59.972680,-6.505123,1.040149,59.972148,-5.100981,1.041630,59.971546,-6.103576,1.038274,59.971414,-6.935280,1.055969,59.972388,-0.413476,0.997908,59.972521,-1.246941,1.039865,59.972194,-2.975247,1.054753,59.972288,0.964274,1.050216,59.972278,0.789317,1.045088,59.972149,-4.995130,1.058516,59.969303,-3.526882,1.059873,59.969957,-4.537067,1.046632,59.970668,-6.274179,1.059746,59.969316,-1.403312,1.058937,59.969148,1.042251,1.037992,59.966258,-2.494947,0.980854,59.979699,0.056345,0.982214,59.977027,2.505871,0.998951,59.972438,4.279964,1.016667,59.972875,3.405077,1.049185,59.972402,5.386460,1.063086,59.972431,7.787027,1.026700,59.968714,2.570437,1.032261,59.968829,7.311628,1.025643,59.972046,-8.916871,0.999532,0.999871,0.999684,0.999539,0.999610,0.999451,0.999492,0.999265,-42.491838,0.000000,5.614938,12.441770,4.166828,13.193477,19.993153,-37.087277,288.383297,447.800150,209.391350,467.503357,6.717002,286.592096,294.652499,141.504847,562.436988,245.394482,221.661074,276.382253,200.614467,124.488442,251.663684,184.493662,253.902685,8.239523,988.742731,2.149441,164.790455,75.230425,157.625653,78.812826,137.026846,28.927890,26.868009,92.246831,102.994035,75.767785,-82.574348,42.272334,15.225205,67.617823,24.718568,24.091648,4.119761,223.900075
6.520000,1.044766,59.971088,-7.359133,1.048936,59.969286,-4.766422,1.035615,59.971193,-7.312358,1.012616,59.973726,-8.262561,1.013103,59.975062,-7.439181,1.015054,59.975379,-6.859932,1.005466,59.975028,-8.789503,1.004446,59.974866,-9.228547,1.029075,59.973272,-9.089239,1.023657,59.975310,-4.593750,1.019702,59.975321,-5.363847,1.009522,59.975129,-5.316998,1.021575,59.974940,-5.177407,1.020157,59.974025,-6.527713,1.025111,59.972578,-6.512801,1.040065,59.971993,-5.112733,1.041563,59.971442,-6.119439,1.038219,59.971340,-6.951957,1.055874,59.972015,-0.424482,0.997800,59.972066,-1.257360,1.039774,59.972041,-2.986658,1.054657,59.972136,0.953546,1.050120,59.972127,0.778523,1.045002,59.971994,-5.006874,1.058510,59.969303,-3.558448,1.059825,59.969911,-4.564121,1.046577,59.970595,-6.296228,1.059669,59.969281,-1.434938,1.058848,59.969116,1.009427,1.038065,59.966223,-2.548626,0.980737,59.979992,0.101056,0.982113,59.977161,2.530598,0.998873,59.971973,4.268903,1.016540,59.972311,3.396720,1.049087,59.972251,5.376557,1.062989,59.972286,7.777357,1.026696,59.968757,2.534822,1.032148,59.968803,7.276534,1.025649,59.972205,-8.927943,0.999535,0.999890,0.999689,0.999525,0.999594,0.999453,0.999492,0.999260,-42.642139,0.000000,5.530888,12.290742,4.046129,13.007934,19.825052,-37.354611,288.383297,447.800150,209.391350,467.503357,6.717002,286.592096,294.652499,141.504847,562.436988,245.394482,221.661074,276.382253,200.614467,124.488442,251.663684,184.493662,253.902685,8.239523,988.742731,2.149441,164.790455,75.230425,157.625653,78.812826,137.026846,28.927890,26.868009,92.246831,102.994035,75.767785,-82.574348,42.272334,15.225205,67.617823,24.718568,24.091648,4.119761,223.900075
6.540000,1.044784,59.971203,-7.377063,1.048943,59.969330,-4.797665,1.035579,59.971188,-7.330072,1.012524,59.973736,-8.261944,1.012991,59.975106,-7.428782,1.014937,59.975428,-6.847224,1.005355,59.975079,-8.779316,1.004339,59.974920,-9.219515,1.029033,59.973388,-9.091421,1.023541,59.975337,-4.581638,1.019586,59.975355,-5.351622,1.009405,59.975154,-5.306201,1.021461,59.974955,-5.168016,1.020054,59.974013,-6.525041,1.025023,59.972469,-6.521000,1.039982,59.971844,-5.125332,1.041497,59.971351,-6.135749,1.038164,59.971282,-6.968850,1.055781,59.971652,-0.437888,0.997694,59.971621,-1.270769,1.039683,59.971892,-2.998910,1.054562,59.971988,0.941984,1.050025,59.971980,0.766900,1.044917,59.971845,-5.019462,1.058504,59.969351,-3.589550,1.059777,59.969902,-4.591092,1.046522,59.970549,-6.318437,1.059591,59.969289,-1.466377,1.058760,59.969130,0.976824,1.038141,59.966295,-2.601829,0.980607,59.980141,0.147478,0.982005,59.977210,2.556152,0.998795,59.971523,4.254799,1.016416,59.971756,3.384582,1.048990,59.972101,5.365816,1.062892,59.972142,7.766893,1.026691,59.968852,2.499999,1.032035,59.968829,7.241733,1.025656,59.972363,-8.937631,0.999538,0.999902,0.999692,0.999512,0.999578,0.999456,0.999493,0.999260,-42.797609,0.000000,5.442203,12.127335,3.911992,12.816893,19.650486,-37.629604,288.383297,447.800150,209.391350,467.503357,6.717002,286.592096,294.652499,141.504847,562.436988,245.394482,221.661074,276.382253,200.614467,124.488442,251.663684,184.493662,253.902685,8.239523,988.742731,2.149441,164.790455,75.230425,157.625653,78.812826,137.026846,28.927890,26.868009,92.246831,102.994035,75.767785,-82.574348,42.272334,15.225205,67.617823,24.718568,24.091648,4.119761,223.900075
6.560000,1.044802,59.971336,-7.393700,1.048951,59.969424,-4.827977,1.035544,59.971201,-7.347355,1.012428,59.973720,-8.260991,1.012873,59.975100,-7.417906,1.014816,59.975421,-6.834030,1.005240,59.975081,-8.768596,1.004228,59.974927,-9.209923,1.028989,59.973484,-9.092473,1.023421,59.975310,-4.569189,1.019466,59.975335,-5.339010,1.009283,59.975128,-5.295069,1.021343,59.974924,-5.158338,1.019948,59.973970,-6.522210,1.024935,59.972359,-6.529606,1.039899,59.971703,-5.138581,1.041431,59.971276,-6.152256,1.038110,59.971241,-6.985701,1.055690,59.971306,-0.453447,0.997592,59.971195,-1.286913,1.039594,59.971752,-3.011810,1.054468,59.971847,0.929770,1.049931,59.971840,0.754633,1.044833,59.971705,-5.032698,1.058498,59.969448,-3.619701,1.059728,59.969930,-4.617579,1.046467,59.970530,-6.340474,1.059513,59.969340,-1.497175,1.058671,59.969189,0.944912,1.038221,59.966473,-2.653647,0.980465,59.980148,0.194719,0.981891,59.977173,2.582059,0.998718,59.971095,4.237937,1.016295,59.971220,3.368915,1.048895,59.971957,5.354409,1.062795,59.972003,7.755802,1.026685,59.969000,2.466485,1.031922,59.968906,7.207733,1.025662,59.972519,-8.945802,0.999541,0.999907,0.999693,0.999499,0.999562,0.999460,0.999495,0.999265,-42.955301,0.000000,5.350660,11.954749,3.767325,12.623831,19.472907,-37.907126,288.383297,447.800150,209.391350,467.503357,6.717002,286.592096,294.652499,141.504847,562.436988,245.394482,221.661074,276.382253,200.614467,124.488442,251.663684,184.493662,253.902685,8.239523,988.742731,2.149441,164.790455,75.230425,157.625653,78.812826,137.026846,28.927890,26.868009,92.246831,102.994035,75.767785,-82.574348,42.272334,15.225205,67.617823,24.718568,24.091648,4.119761,223.900075
6.580000,1.044820,59.971487,-7.408787,1.048960,59.969567,-4.856879,1.035508,59.971234,-7.363945,1.012332,59.973679,-8.259752,1.012754,59.975045,-7.406782,1.014692,59.975360,-6.820618,1.005123,59.975035,-8.757567,1.004115,59.974888,-9.199972,1.028945,59.973561,-9.092407,1.023299,59.975232,-4.556652,1.019343,59.975263,-5.326268,1.009159,59.975054,-5.283828,1.021225,59.974848,-5.148574,1.019842,59.973900,-6.519301,1.024848,59.972249,-6.538493,1.039820,59.971576,-5.152271,1.041367,59.971220,-6.168708,1.038056,59.971218,-7.002252,1.055604,59.970985,-0.470875,0.997494,59.970796,-1.305495,1.039508,59.971624,-3.025154,1.054377,59.971716,0.917097,1.049839,59.971710,0.741914,1.044752,59.971578,-5.046372,1.058492,59.969591,-3.648433,1.059680,59.969994,-4.643190,1.046413,59.970539,-6.362007,1.059435,59.969435,-1.526897,1.058582,59.969294,0.914144,1.038304,59.966755,-2.703203,0.980316,59.980013,0.241882,0.981775,59.977054,2.607842,0.998644,59.970699,4.218645,1.016179,59.970713,3.350024,1.048803,59.971822,5.342514,1.062701,59.971873,7.744261,1.026679,59.969196,2.434764,1.031808,59.969032,7.175023,1.025668,59.972674,-8.952341,0.999544,0.999905,0.999690,0.999487,0.999546,0.999465,0.999498,0.999275,-43.112256,0.000000,5.258061,11.776313,3.615180,12.432197,19.295774,-38.182055,288.383297,447.800150,209.391350,467.503357,6.717002,286.592096,294.652499,141.504847,562.436988,245.394482,221.661074,276.382253,200.614467,124.488442,251.663684,184.493662,253.902685,8.239523,988.742731,2.149441,164.790455,75.230425,157.625653,78.812826,137.026846,28.927890,26.868009,92.246831,102.994034,75.767785,-82.574348,42.272334,15.225205,67.617823,24.718568,24.091648,4.119761,223.900075
6.600000,1.044840,59.971654,-7.422093,1.048971,59.969757,-4.883917,1.035474,59.971286,-7.379594,1.012238,59.973618,-8.258281,1.012636,59.974946,-7.395633,1.014569,59.975248,-6.807255,1.005006,59.974945,-8.746450,1.004003,59.974808,-9.189867,1.028901,59.973620,-9.091247,1.023178,59.975106,-4.544275,1.019221,59.975142,-5.313646,1.009037,59.974935,-5.272704,1.021107,59.974731,-5.138923,1.019737,59.973804,-6.516394,1.024766,59.972144,-6.547531,1.039745,59.971465,-5.166186,1.041306,59.971184,-6.184853,1.038006,59.971217,-7.018253,1.055522,59.970695,-0.489858,0.997402,59.970432,-1.326177,1.039426,59.971511,-3.038733,1.054291,59.971599,0.904164,1.049753,59.971595,0.728945,1.044675,59.971468,-5.060269,1.058488,59.969779,-3.675310,1.059632,59.970095,-4.667551,1.046361,59.970578,-6.382719,1.059355,59.969572,-1.555126,1.058491,59.969442,0.884948,1.038392,59.967134,-2.749667,0.980164,59.979743,0.288082,0.981658,59.976856,2.633032,0.998572,59.970341,4.197291,1.016067,59.970244,3.328270,1.048716,59.971699,5.330319,1.062610,59.971754,7.732450,1.026673,59.969437,2.405280,1.031694,59.969207,7.144062,1.025674,59.972827,-8.957153,0.999547,0.999896,0.999685,0.999477,0.999531,0.999471,0.999502,0.999290,-43.265551,0.000000,5.166198,11.595422,3.458697,12.245352,19.122489,-38.449371,288.383297,447.800150,209.391350,467.503357,6.717002,286.592096,294.652499,141.504847,562.436988,245.394482,221.661074,276.382253,200.614467,124.488442,251.663684,184.493662,253.902685,8.239523,988.742731,2.149441,164.790455,75.230425,157.625653,78.812826,137.026846,28.927890,26.868009,92.246831,102.994034,75.767785,-82.574348,42.272334,15.225205,67.617823,24.718568,24.091648,4.119761,223.900075
6.620000,1.044860,59.971838,-7.433409,1.048985,59.969992,-4.908676,1.035444,59.971358,-7.394066,1.012146,59.973537,-8.256631,1.012521,59.974804,-7.384683,1.014449,59.975089,-6.794201,1.004893,59.974813,-8.735464,1.003894,59.974690,-9.179804,1.028859,59.973662,-9.089027,1.023061,59.974936,-4.532296,1.019103,59.974976,-5.301391,1.008918,59.974775,-5.261916,1.020993,59.974576,-5.129578,1.019637,59.973687,-6.513564,1.024688,59.972046,-6.556586,1.039676,59.971373,-5.180107,1.041249,59.971171,-6.200445,1.037959,59.971236,-7.033461,1.055447,59.970441,-0.510060,0.997315,59.970109,-1.348589,1.039351,59.971417,-3.052332,1.054211,59.971499,0.891175,1.049672,59.971496,0.715929,1.044604,59.971376,-5.074170,1.058485,59.970010,-3.699929,1.059585,59.970232,-4.690312,1.046310,59.970647,-6.402306,1.059276,59.969749,-1.581477,1.058400,59.969633,0.857722,1.038484,59.967606,-2.792271,0.980010,59.979343,0.332460,0.981544,59.976585,2.657173,0.998505,59.970029,4.174274,1.015962,59.969822,3.304056,1.048636,59.971591,5.318013,1.062524,59.971649,7.720553,1.026667,59.969719,2.378431,1.031578,59.969427,7.115276,1.025680,59.972978,-8.960163,0.999550,0.999881,0.999678,0.999468,0.999517,0.999478,0.999507,0.999309,-43.412352,0.000000,5.076818,11.415470,3.301043,12.066518,18.956346,-38.704250,288.383297,447.800150,209.391350,467.503357,6.717002,286.592096,294.652499,141.504847,562.436988,245.394482,221.661074,276.382253,200.614467,124.488442,251.663684,184.493662,253.902685,8.239523,988.742731,2.149441,164.790455,75.230425,157.625653,78.812826,137.026846,28.927890,26.868009,92.246831,102.994034,75.767785,-82.574348,42.272334,15.225205,67.617823,24.718568,24.091648,4.119761,223.900075
6.640000,1.044881,59.972036,-7.442560,1.049003,59.970268,-4.930779,1.035417,59.971450,-7.407151,1.012061,59.973441,-8.254854,1.012412,59.974626,-7.374141,1.014336,59.974888,-6.781705,1.004786,59.974644,-8.724817,1.003791,59.974536,-9.169975,1.028820,59.973690,-9.085791,1.022950,59.974726,-4.520946,1.018992,59.974770,-5.289737,1.008807,59.974577,-5.251672,1.020886,59.974388,-5.120722,1.019543,59.973551,-6.510884,1.024618,59.971958,-6.565524,1.039613,59.971303,-5.193816,1.041199,59.971181,-6.215250,1.037918,59.971278,-7.047649,1.055379,59.970229,-0.531126,0.997236,59.969834,-1.372336,1.039283,59.971343,-3.065740,1.054139,59.971418,0.878328,1.049599,59.971417,0.703067,1.044540,59.971306,-5.087855,1.058484,59.970280,-3.721930,1.059540,59.970404,-4.711152,1.046264,59.970746,-6.420483,1.059196,59.969965,-1.605597,1.058309,59.969864,0.832831,1.038580,59.968161,-2.830322,0.979861,59.978825,0.374200,0.981436,59.976246,2.679831,0.998443,59.969768,4.150015,1.015863,59.969454,3.277821,1.048564,59.971500,5.305783,1.062446,59.971560,7.708750,1.026663,59.970039,2.354565,1.031461,59.969691,7.089052,1.025687,59.973127,-8.961316,0.999553,0.999859,0.999668,0.999460,0.999504,0.999486,0.999513,0.999332,-43.549968,0.000000,4.991591,11.239788,3.145361,11.898725,18.800472,-38.942150,288.383297,447.800150,209.391350,467.503357,6.717002,286.592096,294.652499,141.504847,562.436988,245.394482,221.661074,276.382253,200.614467,124.488442,251.663684,184.493662,253.902685,8.239523,988.742731,2.149441,164.790455,75.230425,157.625653,78.812826,137.026846,28.927890,26.868009,92.246831,102.994034,75.767785,-82.574348,42.272334,15.225205,67.617823,24.718568,24.091648,4.119761,223.900075
6.660000,1.044904,59.972246,-7.449402,1.049024,59.970581,-4.949901,1.035396,59.971562,-7.418658,1.011985,59.973332,-8.253002,1.012313,59.974415,-7.364208,1.014232,59.974651,-6.770001,1.004688,59.974444,-8.714704,1.003697,59.974354,-9.160561,1.028785,59.973704,-9.081595,1.022849,59.974482,-4.510438,1.018890,59.974529,-5.278902,1.008705,59.974349,-5.242167,1.020788,59.974172,-5.112527,1.019458,59.973402,-6.508419,1.024556,59.971883,-6.574212,1.039559,59.971257,-5.207098,1.041154,59.971216,-6.229045,1.037882,59.971343,-7.060607,1.055318,59.970063,-0.552692,0.997165,59.969611,-1.397005,1.039223,59.971293,-3.078748,1.054076,59.971359,0.865822,1.049535,59.971359,0.690556,1.044485,59.971260,-5.101113,1.058486,59.970585,-3.741000,1.059497,59.970608,-4.729783,1.046221,59.970874,-6.436994,1.059116,59.970218,-1.627170,1.058216,59.970132,0.810597,1.038682,59.968789,-2.863216,0.979718,59.978200,0.412542,0.981336,59.975847,2.700597,0.998387,59.969563,4.124951,1.015771,59.969147,3.250033,1.048502,59.971429,5.293814,1.062376,59.971491,7.697220,1.026660,59.970392,2.333976,1.031343,59.969995,7.065733,1.025694,59.973273,-8.960586,0.999556,0.999832,0.999656,0.999454,0.999492,0.999494,0.999520,0.999358,-43.675895,0.000000,4.912078,11.071584,2.994707,11.744762,18.657776,-39.158891,288.383297,447.800150,209.391350,467.503357,6.717002,286.592096,294.652499,141.504847,562.436988,245.394482,221.661074,276.382253,200.614467,124.488442,251.663684,184.493662,253.902685,8.239523,988.742731,2.149441,164.790455,75.230425,157.625653,78.812826,137.026846,28.927890,26.868009,92.246831,102.994034,75.767785,-82.574348,42.272334,15.225205,67.617823,24.718568,24.091648,4.119761,223.900075
6.680000,1.044929,59.972468,-7.453827,1.049051,59.970928,-4.965768,1.035381,59.971693,-7.428427,1.011918,59.973215,-8.251125,1.012225,59.974178,-7.355066,1.014139,59.974382,-6.759302,1.004602,59.974217,-8.705308,1.003614,59.974146,-9.151730,1.028755,59.973707,-9.076501,1.022760,59.974210,-4.500968,1.018800,59.974259,-5.269088,1.008615,59.974094,-5.233581,1.020703,59.973932,-5.105150,1.019385,59.973243,-6.506231,1.024504,59.971824,-6.582522,1.039515,59.971236,-5.219750,1.041118,59.971276,-6.241630,1.037855,59.971431,-7.072148,1.055267,59.969945,-0.574392,0.997102,59.969446,-1.422173,1.039174,59.971268,-3.091158,1.054024,59.971324,0.853845,1.049482,59.971326,0.678586,1.044439,59.971240,-5.113739,1.058492,59.970922,-3.756878,1.059457,59.970843,-4.745957,1.046183,59.971030,-6.451608,1.059036,59.970504,-1.645925,1.058124,59.970435,0.791299,1.038788,59.969481,-2.890447,0.979586,59.977480,0.446798,0.981246,59.975396,2.719098,0.998339,59.969417,4.099522,1.015686,59.968907,3.221181,1.048451,59.971381,5.282282,1.062317,59.971442,7.686131,1.026660,59.970772,2.316902,1.031224,59.970335,7.045615,1.025703,59.973417,-8.957965,0.999559,0.999801,0.999642,0.999450,0.999482,0.999503,0.999527,0.999388,-43.787860,0.000000,4.839700,10.913879,2.852004,11.607140,18.530907,-39.350729,288.383297,447.800150,209.391350,467.503357,6.717002,286.592096,294.652499,141.504847,562.436988,245.394482,221.661074,276.382253,200.614467,124.488442,251.663684,184.493662,253.902685,8.239523,988.742731,2.149441,164.790455,75.230425,157.625653,78.812826,137.026846,28.927890,26.868009,92.246831,102.994034,75.767785,-82.574348,42.272334,15.225205,67.617823,24.718568,24.091648,4.119761,223.900075
6.700000,1.044955,59.972700,-7.455764,1.049083,59.971302,-4.978164,1.035374,59.971841,-7.436328,1.011865,59.973093,-8.249271,1.012151,59.973920,-7.346881,1.014062,59.974090,-6.749802,1.004530,59.973970,-8.696793,1.003545,59.973919,-9.143635,1.028732,59.973700,-9.070583,1.022685,59.973916,-4.492713,1.018724,59.973967,-5.260474,1.008540,59.973820,-5.226073,1.020631,59.973675,-5.098732,1.019325,59.973077,-6.504372,1.024463,59.971782,-6.590334,1.039481,59.971243,-5.231581,1.041091,59.971360,-6.252824,1.037835,59.971541,-7.082110,1.055226,59.969878,-0.595863,0.997048,59.969340,-1.447418,1.039137,59.971269,-3.102783,1.053983,59.971314,0.842572,1.049440,59.971317,0.667332,1.044404,59.971247,-5.125542,1.058501,59.971287,-3.769357,1.059421,59.971106,-4.759467,1.046151,59.971213,-6.464130,1.058957,59.970820,-1.661636,1.058031,59.970769,0.775170,1.038899,59.970224,-2.911612,0.979469,59.976683,0.476361,0.981170,59.974902,2.735001,0.998298,59.969333,4.074166,1.015609,59.968737,3.191760,1.048411,59.971356,5.271353,1.062269,59.971417,7.675641,1.026662,59.971176,2.303521,1.031104,59.970708,7.028942,1.025713,59.973557,-8.953477,0.999562,0.999764,0.999627,0.999447,0.999473,0.999512,0.999535,0.999420,-43.883860,0.000000,4.775718,10.769459,2.719984,11.488050,18.422206,-39.514421,288.383297,447.800150,209.391350,467.503357,6.717002,286.592096,294.652499,141.504847,562.436988,245.394482,221.661074,276.382253,200.614467,124.488442,251.663684,184.493662,253.902685,8.239523,988.742731,2.149441,164.790455,75.230425,157.625653,78.812826,137.026846,28.927890,26.868009,92.246831,102.994034,75.767785,-82.574348,42.272334,15.225205,67.617823,24.718568,24.091648,4.119761,223.900075
6.720000,1.044985,59.972938,-7.455182,1.049121,59.971699,-4.986937,1.035376,59.972006,-7.442262,1.011826,59.972969,-8.247486,1.012094,59.973648,-7.339798,1.014001,59.973780,-6.741667,1.004474,59.973708,-8.689305,1.003492,59.973680,-9.136412,1.028717,59.973687,-9.063922,1.022627,59.973607,-4.485823,1.018666,59.973659,-5.253219,1.008482,59.973532,-5.219782,1.020577,59.973408,-5.093394,1.019280,59.972911,-6.502890,1.024435,59.971760,-6.597538,1.039458,59.971278,-5.242416,1.041073,59.971470,-6.262472,1.037826,59.971673,-7.090360,1.055194,59.969865,-0.616754,0.997003,59.969297,-1.472323,1.039111,59.971298,-3.113455,1.053956,59.971330,0.832166,1.049411,59.971335,0.656956,1.044380,59.971281,-5.136349,1.058515,59.971673,-3.778292,1.059389,59.971393,-4.770149,1.046125,59.971421,-6.474399,1.058879,59.971163,-1.674124,1.057938,59.971130,0.762391,1.039015,59.971005,-2.926426,0.979369,59.975824,0.500717,0.981110,59.974376,2.748019,0.998266,59.969312,4.049308,1.015540,59.968641,3.162270,1.048385,59.971356,5.261179,1.062233,59.971415,7.665896,1.026668,59.971598,2.293953,1.030983,59.971109,7.015907,1.025724,59.973695,-8.947164,0.999565,0.999724,0.999610,0.999447,0.999466,0.999521,0.999544,0.999454,-43.962198,0.000000,4.721204,10.640824,2.601149,11.389338,18.333675,-39.647281,288.383297,447.800150,209.391350,467.503357,6.717002,286.592096,294.652499,141.504847,562.436988,245.394482,221.661074,276.382253,200.614467,124.488442,251.663684,184.493662,253.902685,8.239523,988.742731,2.149441,164.790455,75.230425,157.625653,78.812826,137.026846,28.927890,26.868009,92.246831,102.994034,75.767785,-82.574348,42.272334,15.225205,67.617823,24.718568,24.091648,4.119761,223.900075
6.740000,1.045016,59.973181,-7.452091,1.049166,59.972114,-4.991995,1.035388,59.972186,-7.446166,1.011803,59.972847,-8.245813,1.012056,59.973368,-7.333941,1.013960,59.973460,-6.735039,1.004436,59.973439,-8.682968,1.003456,59.973432,-9.130180,1.028710,59.973669,-9.056608,1.022588,59.973290,-4.480428,1.018626,59.973342,-5.247451,1.008443,59.973238,-5.214825,1.020540,59.973135,-5.089238,1.019252,59.972747,-6.501825,1.024421,59.971759,-6.604035,1.039448,59.971341,-5.252101,1.041066,59.971604,-6.270448,1.037826,59.971825,-7.096793,1.055173,59.969904,-0.636732,0.996967,59.969317,-1.496483,1.039099,59.971354,-3.123023,1.053942,59.971373,0.822769,1.049395,59.971380,0.647603,1.044369,59.971345,-5.146006,1.058534,59.972076,-3.783593,1.059361,59.971702,-4.777888,1.046107,59.971651,-6.482295,1.058802,59.971529,-1.683264,1.057846,59.971514,0.753092,1.039136,59.971813,-2.934714,0.979290,59.974921,0.519454,0.981067,59.973827,2.757912,0.998244,59.969354,4.025356,1.015478,59.968621,3.133202,1.048373,59.971383,5.251899,1.062211,59.971439,7.657026,1.026677,59.972033,2.288257,1.030860,59.971535,7.006646,1.025737,59.973830,-8.939100,0.999567,0.999682,0.999592,0.999448,0.999462,0.999530,0.999553,0.999490,-44.021506,0.000000,4.677030,10.530143,2.497726,11.312474,18.266944,-39.747219,288.383297,447.800150,209.391350,467.503357,6.717002,286.592096,294.652499,141.504847,562.436988,245.394482,221.661074,276.382253,200.614467,124.488442,251.663684,184.493662,253.902685,8.239523,988.742731,2.149441,164.790455,75.230425,157.625653,78.812826,137.026846,28.927890,26.868009,92.246831,102.994034,75.767785,-82.574348,42.272334,15.225205,67.617823,24.718568,24.091648,4.119761,223.900075
6.760000,1.045051,59.973426,-7.446538,1.049218,59.972540,-4.993313,1.035409,59.972380,-7.448011,1.011797,59.972731,-8.244294,1.012038,59.973087,-7.329407,1.013939,59.973138,-6.730027,1.004418,59.973167,-8.677882,1.003440,59.973184,-9.125035,1.028713,59.973648,-9.048735,1.022570,59.972971,-4.476625,1.018607,59.973023,-5.243275,1.008424,59.972943,-5.211292,1.020524,59.972863,-5.086345,1.019243,59.972590,-6.501209,1.024421,59.971779,-6.609743,1.039450,59.971432,-5.260504,1.041070,59.971761,-6.276657,1.037837,59.971997,-7.101341,1.055163,59.969997,-0.655486,0.996941,59.969399,-1.519517,1.039101,59.971439,-3.131357,1.053942,59.971444,0.814507,1.049394,59.971452,0.639394,1.044371,59.971436,-5.154382,1.058558,59.972491,-3.785235,1.059338,59.972029,-4.782620,1.046096,59.971902,-6.487737,1.058727,59.971914,-1.688984,1.057754,59.971917,0.747347,1.039263,59.972632,-2.936429,0.979235,59.973993,0.532269,0.981043,59.973267,2.764498,0.998230,59.969459,4.002690,1.015425,59.968677,3.105031,1.048375,59.971436,5.243631,1.062204,59.971488,7.649142,1.026690,59.972475,2.286431,1.030737,59.971980,7.001238,1.025752,59.973962,-8.929377,0.999570,0.999637,0.999573,0.999451,0.999459,0.999539,0.999563,0.999526,-44.060769,0.000000,4.643851,10.439224,2.411629,11.258539,18.223253,-39.812779,288.383297,447.800150,209.391350,467.503357,6.717002,286.592096,294.652499,141.504847,562.436988,245.394482,221.661074,276.382253,200.614467,124.488442,251.663684,184.493662,253.902685,8.239523,988.742731,2.149441,164.790455,75.230425,157.625653,78.812826,137.026846,28.927890,26.868009,92.246831,102.994034,75.767785,-82.574348,42.272334,15.225205,67.617823,24.718568,24.091648,4.119761,223.900075
6.780000,1.045088,59.973671,-7.438612,1.049276,59.972971,-4.990932,1.035442,59.972584,-7.447808,1.011809,59.972624,-8.242965,1.012041,59.972811,-7.326271,1.013940,59.972820,-6.726714,1.004421,59.972901,-8.674124,1.003444,59.972940,-9.121055,1.028725,59.973628,-9.040405,1.022572,59.972659,-4.474487,1.018609,59.972711,-5.240764,1.008428,59.972655,-5.209250,1.020528,59.972599,-5.084772,1.019252,59.972445,-6.501066,1.024435,59.971823,-6.614594,1.039466,59.971551,-5.267520,1.041085,59.971939,-6.281035,1.037859,59.972186,-7.103966,1.055164,59.970141,-0.672734,0.996924,59.969544,-1.541072,1.039116,59.971551,-3.138354,1.053957,59.971541,0.807479,1.049407,59.971551,0.632431,1.044386,59.971554,-5.161370,1.058587,59.972912,-3.783253,1.059320,59.972370,-4.784325,1.046092,59.972171,-6.490687,1.058653,59.972312,-1.691262,1.057663,59.972335,0.745177,1.039393,59.973450,-2.931638,0.979204,59.973059,0.538973,0.981040,59.972706,2.767647,0.998226,59.969624,3.981657,1.015380,59.968808,3.078206,1.048391,59.971517,5.236475,1.062211,59.971564,7.642338,1.026708,59.972921,2.288415,1.030614,59.972439,6.999707,1.025769,59.974090,-8.918115,0.999572,0.999591,0.999554,0.999455,0.999458,0.999548,0.999573,0.999562,-44.079340,0.000000,4.622096,10.369480,2.344436,11.228209,18.203429,-39.843154,288.383297,447.800150,209.391350,467.503357,6.717002,286.592096,294.652499,141.504847,562.436988,245.394482,221.661074,276.382253,200.614467,124.488442,251.663684,184.493662,253.902685,8.239523,988.742731,2.149441,164.790455,75.230425,157.625653,78.812826,137.026846,28.927890,26.868009,92.246831,102.994034,75.767785,-82.574348,42.272334,15.225205,67.617823,24.718568,24.091648,4.119761,223.900075
6.800000,1.045128,59.973914,-7.428439,1.049342,59.973402,-4.984953,1.035484,59.972798,-7.445600,1.011840,59.972529,-8.241860,1.012065,59.972547,-7.324582,1.013963,59.972514,-6.725148,1.004446,59.972646,-8.671748,1.003469,59.972707,-9.118294,1.028747,59.973609,-9.031724,1.022597,59.972359,-4.474056,1.018634,59.972410,-5.239963,1.008453,59.972379,-5.208739,1.020553,59.972348,-5.084555,1.019280,59.972315,-6.501413,1.024465,59.971890,-6.618536,1.039494,59.971696,-5.273069,1.041111,59.972136,-6.283551,1.037892,59.972391,-7.104668,1.055175,59.970335,-0.688230,0.996916,59.969748,-1.560826,1.039144,59.971689,-3.143936,1.053986,59.971665,0.801765,1.049435,59.971676,0.626791,1.044414,59.971700,-5.166893,1.058621,59.973334,-3.777741,1.059307,59.972721,-4.783038,1.046097,59.972453,-6.491148,1.058580,59.972721,-1.690132,1.057573,59.972762,0.746550,1.039528,59.974253,-2.920526,0.979200,59.972138,0.539488,0.981058,59.972156,2.767290,0.998232,59.969847,3.962565,1.015342,59.969012,3.053145,1.048422,59.971624,5.230510,1.062232,59.971666,7.636687,1.026730,59.973365,2.294093,1.030489,59.972908,7.002021,1.025787,59.974215,-8.905453,0.999575,0.999545,0.999535,0.999461,0.999460,0.999557,0.999583,0.999597,-44.076945,0.000000,4.611966,10.321912,2.297358,11.221754,18.207884,-39.838196,288.383297,447.800150,209.391350,467.503357,6.717002,286.592096,294.652499,141.504847,562.436988,245.394482,221.661074,276.382253,200.614467,124.488442,251.663684,184.493662,253.902685,8.239523,988.742731,2.149441,164.790455,75.230425,157.625653,78.812826,137.026846,28.927890,26.868009,92.246831,102.994034,75.767785,-82.574348,42.272334,15.225205,67.617823,24.718568,24.091648,4.119761,223.900075
6.820000,1.045171,59.974152,-7.416181,1.049414,59.973826,-4.975543,1.035538,59.973018,-7.441467,1.011889,59.972451,-8.241012,1.012112,59.972301,-7.324361,1.014009,59.972227,-6.725349,1.004492,59.972407,-8.670782,1.003515,59.972491,-9.116786,1.028780,59.973596,-9.022801,1.022643,59.972078,-4.475345,1.018680,59.972129,-5.240887,1.008501,59.972123,-5.209771,1.020601,59.972116,-5.085705,1.019328,59.972203,-6.502259,1.024508,59.971980,-6.621539,1.039534,59.971867,-5.277099,1.041147,59.972352,-6.284208,1.037935,59.972609,-7.103477,1.055196,59.970575,-0.701763,0.996917,59.970008,-1.578500,1.039186,59.971853,-3.148051,1.054029,59.971815,0.797418,1.049476,59.971827,0.622525,1.044454,59.971870,-5.170899,1.058662,59.973752,-3.768850,1.059299,59.973078,-4.778838,1.046108,59.972747,-6.489166,1.058509,59.973135,-1.685677,1.057482,59.973194,0.751382,1.039667,59.975029,-2.903392,0.979223,59.971248,0.533854,0.981097,59.971627,2.763416,0.998246,59.970124,3.945681,1.015311,59.969286,3.030226,1.048467,59.971758,5.225794,1.062268,59.971793,7.632239,1.026757,59.973802,2.303295,1.030363,59.973382,7.008093,1.025808,59.974337,-8.891551,0.999577,0.999499,0.999516,0.999468,0.999463,0.999566,0.999594,0.999631,-44.053689,0.000000,4.613432,10.297096,2.271227,11.239036,18.236611,-39.798411,288.383297,447.800150,209.391350,467.503357,6.717002,286.592096,294.652499,141.504847,562.436988,245.394482,221.661074,276.382253,200.614467,124.488442,251.663684,184.493662,253.902685,8.239523,988.742731,2.149441,164.790455,75.230425,157.625653,78.812826,137.026846,28.927890,26.868009,92.246831,102.994034,75.767785,-82.574348,42.272334,15.225205,67.617823,24.718568,24.091648,4.119761,223.900075
6.840000,1.045216,59.974384,-7.402034,1.049492,59.974239,-4.962924,1.035601,59.973243,-7.435522,1.011957,59.972390,-8.240446,1.012180,59.972079,-7.325605,1.014077,59.971965,-6.727303,1.004559,59.972192,-8.671230,1.003581,59.972295,-9.116543,1.028822,59.973588,-9.013746,1.022712,59.971824,-4.478338,1.018749,59.971873,-5.243521,1.008571,59.971892,-5.212335,1.020669,59.971909,-5.088211,1.019395,59.972114,-6.503606,1.024565,59.972092,-6.623587,1.039586,59.972062,-5.279589,1.041194,59.972582,-6.283042,1.037989,59.972838,-7.100461,1.055226,59.970859,-0.713164,0.996925,59.970321,-1.593856,1.039241,59.972040,-3.150675,1.054085,59.971990,0.794464,1.049530,59.972002,0.619660,1.044506,59.972065,-5.173367,1.058707,59.974160,-3.756789,1.059295,59.973438,-4.771853,1.046127,59.973049,-6.484828,1.058438,59.973550,-1.678032,1.057392,59.973628,0.759536,1.039810,59.975765,-2.880643,0.979273,59.970406,0.522222,0.981157,59.971129,2.756074,0.998269,59.970451,3.931221,1.015287,59.969626,3.009782,1.048524,59.971917,5.222359,1.062317,59.971945,7.629023,1.026787,59.974228,2.315801,1.030236,59.973856,7.017784,1.025831,59.974455,-8.876588,0.999579,0.999455,0.999497,0.999477,0.999469,0.999575,0.999604,0.999663,-44.010042,0.000000,4.626243,10.295179,2.266486,11.279521,18.289189,-39.724942,288.383297,447.800150,209.391350,467.503357,6.717002,286.592096,294.652499,141.504847,562.436988,245.394482,221.661074,276.382253,200.614467,124.488442,251.663684,184.493662,253.902685,8.239523,988.742731,2.149441,164.790455,75.230425,157.625653,78.812826,137.026846,28.927890,26.868009,92.246831,102.994034,75.767785,-82.574348,42.272334,15.225205,67.617823,24.718568,24.091648,4.119761,223.900075
6.860000,1.045263,59.974606,-7.386223,1.049576,59.974634,-4.947374,1.035673,59.973471,-7.427910,1.012042,59.972351,-8.240186,1.012269,59.971885,-7.328287,1.014167,59.971735,-6.730969,1.004647,59.972004,-8.673070,1.003668,59.972127,-9.117553,1.028874,59.973589,-9.004673,1.022802,59.971601,-4.482992,1.018839,59.971649,-5.247821,1.008663,59.971692,-5.216392,1.020758,59.971732,-5.092041,1.019479,59.972050,-6.505449,1.024635,59.972228,-6.624686,1.039648,59.972278,-5.280546,1.041250,59.972826,-6.280123,1.038052,59.973077,-7.095718,1.055264,59.971182,-0.722305,0.996940,59.970683,-1.606703,1.039307,59.972250,-3.151814,1.054153,59.972187,0.792905,1.049596,59.972200,0.618196,1.044569,59.972280,-5.174304,1.058757,59.974554,-3.741814,1.059296,59.973795,-4.762255,1.046151,59.973355,-6.478259,1.058369,59.973962,-1.667376,1.057302,59.974057,0.770829,1.039955,59.976450,-2.852781,0.979350,59.969630,0.504852,0.981239,59.970674,2.745369,0.998300,59.970822,3.919354,1.015268,59.970026,2.992096,1.048594,59.972101,5.220218,1.062378,59.972121,7.627048,1.026822,59.974639,2.331343,1.030108,59.974326,7.030905,1.025856,59.974570,-8.860755,0.999581,0.999413,0.999480,0.999487,0.999476,0.999583,0.999614,0.999692,-43.946837,0.000000,4.649932,10.315884,2.283188,11.342290,18.364800,-39.619540,288.383297,447.800150,209.391350,467.503357,6.717002,286.592096,294.652499,141.504847,562.436988,245.394482,221.661074,276.382253,200.614467,124.488442,251.663684,184.493662,253.902685,8.239523,988.742731,2.149441,164.790455,75.230425,157.625653,78.812826,137.026846,28.927890,26.868009,92.246831,102.994034,75.767785,-82.574348,42.272334,15.225205,67.617823,24.718568,24.091648,4.119761,223.900075
6.880000,1.045313,59.974818,-7.369003,1.049665,59.975008,-4.929219,1.035754,59.973698,-7.418804,1.012142,59.972335,-8.240250,1.012378,59.971726,-7.332354,1.014277,59.971542,-6.736273,1.004755,59.971850,-8.676259,1.003773,59.971989,-9.119787,1.028935,59.973601,-8.995691,1.022911,59.971415,-4.489232,1.018949,59.971462,-5.253717,1.008774,59.971527,-5.221878,1.020865,59.971589,-5.097139,1.019581,59.972014,-6.507773,1.024717,59.972384,-6.624859,1.039720,59.972513,-5.280005,1.041314,59.973079,-6.275549,1.038123,59.973321,-7.089374,1.055310,59.971540,-0.729105,0.996961,59.971086,-1.616901,1.039383,59.972479,-3.151498,1.054231,59.972406,0.792719,1.049674,59.972419,0.618107,1.044642,59.972515,-5.173746,1.058811,59.974930,-3.724228,1.059300,59.974146,-4.750254,1.046182,59.973663,-6.469620,1.058300,59.974365,-1.653936,1.057211,59.974478,0.785034,1.040102,59.977074,-2.820402,0.979453,59.968935,0.482106,0.981340,59.970270,2.731465,0.998337,59.971233,3.910195,1.015253,59.970481,2.977395,1.048674,59.972308,5.219357,1.062451,59.972320,7.626298,1.026860,59.975030,2.349610,1.029978,59.974786,7.047222,1.025882,59.974680,-8.844259,0.999583,0.999374,0.999464,0.999497,0.999485,0.999591,0.999624,0.999719,-43.865241,0.000000,4.683833,10.358522,2.320996,11.426062,18.462242,-39.484524,288.383297,447.800150,209.391350,467.503357,6.717002,286.592096,294.652499,141.504847,562.436988,245.394482,221.661074,276.382253,200.614467,124.488442,251.663684,184.493662,253.902685,8.239523,988.742731,2.149441,164.790455,75.230425,157.625653,78.812826,137.026846,28.927890,26.868009,92.246831,102.994034,75.767785,-82.574348,42.272334,15.225205,67.617823,24.718568,24.091648,4.119761,223.900075
6.900000,1.045364,59.975018,-7.350647,1.049757,59.975355,-4.908828,1.035842,59.973924,-7.408401,1.012258,59.972344,-8.240652,1.012504,59.971606,-7.337731,1.014405,59.971391,-6.743118,1.004880,59.971733,-8.680731,1.003895,59.971886,-9.123192,1.029003,59.973624,-8.986910,1.023038,59.971270,-4.496962,1.019077,59.971317,-5.261110,1.008904,59.971403,-5.228708,1.020990,59.971485,-5.103429,1.019697,59.972008,-6.510558,1.024808,59.972562,-6.624146,1.039800,59.972765,-5.278027,1.041385,59.973341,-6.269448,1.038201,59.973570,-7.081586,1.055361,59.971928,-0.733526,0.996986,59.971526,-1.624359,1.039468,59.972726,-3.149785,1.054319,59.972643,0.793858,1.049760,59.972657,0.619345,1.044723,59.972767,-5.171755,1.058869,59.975282,-3.704375,1.059307,59.974488,-4.736099,1.046217,59.973969,-6.459107,1.058230,59.974758,-1.637974,1.057120,59.974887,0.801882,1.040250,59.977628,-2.784175,0.979580,59.968334,0.454438,0.981460,59.969924,2.714576,0.998381,59.971676,3.903807,1.015243,59.970983,2.965850,1.048763,59.972535,5.219744,1.062534,59.972539,7.626738,1.026902,59.975398,2.370256,1.029847,59.975232,7.066458,1.025910,59.974788,-8.827316,0.999585,0.999339,0.999449,0.999509,0.999496,0.999598,0.999633,0.999742,-43.766738,0.000000,4.727095,10.422010,2.379199,11.529216,18.579963,-39.322733,288.383297,447.800150,209.391350,467.503357,6.717002,286.592096,294.652499,141.504847,562.436988,245.394482,221.661074,276.382253,200.614467,124.488442,251.663684,184.493662,253.902685,8.239523,988.742731,2.149441,164.790455,75.230425,157.625653,78.812826,137.026846,28.927890,26.868009,92.246831,102.994034,75.767785,-82.574348,42.272334,15.225205,67.617823,24.718568,24.091648,4.119761,223.900075
6.920000,1.045417,59.975203,-7.331449,1.049853,59.975671,-4.886604,1.035936,59.974146,-7.396921,1.012386,59.972380,-8.241401,1.012647,59.971527,-7.344319,1.014550,59.971286,-6.751378,1.005020,59.971656,-8.686398,1.004032,59.971822,-9.127698,1.029079,59.973660,-8.978435,1.023182,59.971172,-4.506058,1.019221,59.971217,-5.269877,1.009050,59.971322,-5.236771,1.021131,59.971422,-5.110815,1.019827,59.972034,-6.513777,1.024908,59.972758,-6.622603,1.039886,59.973031,-5.274701,1.041462,59.973607,-6.261972,1.038285,59.973820,-7.072533,1.055417,59.972340,-0.735574,0.997014,59.971997,-1.629040,1.039560,59.972988,-3.146758,1.054414,59.972897,0.796251,1.049854,59.972911,0.621835,1.044810,59.973032,-5.168420,1.058930,59.975608,-3.682634,1.059317,59.974817,-4.720071,1.046256,59.974270,-6.446943,1.058161,59.975134,-1.619788,1.057028,59.975279,0.821071,1.040400,59.978105,-2.744835,0.979729,59.967840,0.422385,0.981597,59.969646,2.694967,0.998430,59.972146,3.900201,1.015234,59.971525,2.957571,1.048860,59.972781,5.221321,1.062625,59.972778,7.628311,1.026947,59.975739,2.392901,1.029714,59.975661,7.088299,1.025940,59.974892,-8.810148,0.999587,0.999308,0.999436,0.999521,0.999508,0.999605,0.999642,0.999761,-43.653093,0.000000,4.778705,10.504900,2.456732,11.649828,18.716084,-39.137467,288.383297,447.800150,209.391350,467.503357,6.717002,286.592096,294.652499,141.504847,562.436988,245.394482,221.661074,276.382253,200.614467,124.488442,251.663684,184.493662,253.902685,8.239523,988.742731,2.149441,164.790455,75.230425,157.625653,78.812826,137.026846,28.927890,26.868009,92.246831,102.994034,75.767785,-82.574348,42.272334,15.225205,67.617823,24.718568,24.091648,4.119761,223.900075
6.940000,1.045470,59.975374,-7.311716,1.049950,59.975955,-4.862982,1.036035,59.974362,-7.384601,1.012525,59.972444,-8.242499,1.012802,59.971494,-7.352004,1.014710,59.971230,-6.760906,1.005174,59.971623,-8.693154,1.004183,59.971798,-9.133217,1.029162,59.973711,-8.970367,1.023339,59.971123,-4.516376,1.019380,59.971167,-5.279874,1.009209,59.971288,-5.245940,1.021285,59.971404,-5.119186,1.019968,59.972092,-6.517395,1.025014,59.972971,-6.620301,1.039977,59.973309,-5.270137,1.041542,59.973876,-6.253297,1.038373,59.974069,-7.062414,1.055476,59.972771,-0.735300,0.997045,59.972491,-1.630956,1.039657,59.973262,-3.142521,1.054515,59.973165,0.799805,1.049954,59.973179,0.625485,1.044902,59.973310,-5.163850,1.058994,59.975904,-3.659411,1.059327,59.975130,-4.702478,1.046297,59.974564,-6.433378,1.058090,59.975492,-1.599708,1.056933,59.975652,0.842267,1.040549,59.978498,-2.703168,0.979897,59.967461,0.386554,0.981749,59.969441,2.672946,0.998482,59.972635,3.899337,1.015228,59.972098,2.952609,1.048962,59.973044,5.224012,1.062722,59.973032,7.630940,1.026994,59.976051,2.417137,1.029578,59.976068,7.112400,1.025970,59.974992,-8.792981,0.999588,0.999281,0.999425,0.999533,0.999522,0.999612,0.999651,0.999776,-43.526323,0.000000,4.837512,10.605412,2.552194,11.785702,18.868443,-38.932417,288.383297,447.800150,209.391350,467.503357,6.717002,286.592096,294.652499,141.504847,562.436988,245.394482,221.661074,276.382253,200.614467,124.488442,251.663684,184.493662,253.902685,8.239523,988.742731,2.149441,164.790455,75.230425,157.625653,78.812826,137.026846,28.927890,26.868009,92.246831,102.994034,75.767785,-82.574348,42.272334,15.225205,67.617823,24.718568,24.091648,4.119761,223.900075
6.960000,1.045524,59.975528,-7.291760,1.050048,59.976202,-4.838415,1.036137,59.974571,-7.371689,1.012672,59.972536,-8.243943,1.012969,59.971508,-7.360651,1.014880,59.971227,-6.771534,1.005339,59.971636,-8.700876,1.004343,59.971818,-9.139645,1.029249,59.973777,-8.962798,1.023508,59.971125,-4.527752,1.019549,59.971168,-5.290937,1.009380,59.971303,-5.256068,1.021449,59.971433,-5.128413,1.020118,59.972185,-6.521372,1.025125,59.973201,-6.617324,1.040072,59.973596,-5.264467,1.041626,59.974145,-6.243618,1.038464,59.974316,-7.051446,1.055536,59.973216,-0.732794,0.997076,59.973002,-1.630168,1.039757,59.973546,-3.137199,1.054619,59.973445,0.804408,1.050057,59.973458,0.630181,1.044998,59.973596,-5.158177,1.059059,59.976169,-3.635132,1.059338,59.975424,-4.683648,1.046340,59.974847,-6.418681,1.058017,59.975827,-1.578085,1.056837,59.976002,0.865111,1.040698,59.978804,-2.659994,0.980082,59.967206,0.347614,0.981913,59.969314,2.648863,0.998536,59.973138,3.901125,1.015221,59.972696,2.950953,1.049067,59.973320,5.227723,1.062824,59.973301,7.634533,1.027042,59.976330,2.442539,1.029440,59.976451,7.138387,1.026002,59.975089,-8.776040,0.999590,0.999261,0.999416,0.999545,0.999536,0.999618,0.999659,0.999787,-43.388654,0.000000,4.902250,10.721472,2.663883,11.934410,19.034632,-38.711597,288.383297,447.800150,209.391350,467.503357,6.717002,286.592096,294.652499,141.504847,562.436988,245.394482,221.661074,276.382253,200.614467,124.488442,251.663684,184.493662,253.902685,8.239523,988.742731,2.149441,164.790455,75.230425,157.625653,78.812826,137.026846,28.927890,26.868009,92.246831,102.994034,75.767785,-82.574348,42.272334,15.225205,67.617823,24.718568,24.091648,4.119761,223.900075
6.980000,1.045577,59.975666,-7.271899,1.050146,59.976412,-4.813368,1.036241,59.974772,-7.358442,1.012825,59.972658,-8.245726,1.013145,59.971571,-7.370112,1.015060,59.971277,-6.783080,1.005513,59.971697,-8.709425,1.004512,59.971883,-9.146863,1.029340,59.973859,-8.955816,1.023686,59.971181,-4.540006,1.019728,59.971223,-5.302886,1.009560,59.971368,-5.266996,1.021622,59.971509,-5.138353,1.020274,59.972312,-6.525661,1.025239,59.973444,-6.613766,1.040167,59.973888,-5.257839,1.041710,59.974412,-6.233143,1.038557,59.974557,-7.039856,1.055596,59.973667,-0.728186,0.997107,59.973523,-1.626785,1.039859,59.973837,-3.130935,1.054725,59.973734,0.809933,1.050162,59.973745,0.635791,1.045094,59.973888,-5.151551,1.059125,59.976399,-3.610238,1.059349,59.975698,-4.663925,1.046383,59.975117,-6.403136,1.057943,59.976138,-1.555289,1.056738,59.976326,0.889226,1.040846,59.979020,-2.616156,0.980281,59.967078,0.306274,0.982088,59.969269,2.623098,0.998591,59.973647,3.905430,1.015214,59.973308,2.952536,1.049174,59.973607,5.232340,1.062929,59.973581,7.638980,1.027092,59.976575,2.468665,1.029298,59.976805,7.165867,1.026035,59.975183,-8.759548,0.999592,0.999245,0.999410,0.999558,0.999552,0.999623,0.999667,0.999793,-43.242481,0.000000,4.971567,10.850757,2.789829,12.093337,19.212042,-38.479260,288.383297,447.800150,209.391350,467.503357,6.717002,286.592096,294.652499,141.504847,562.436988,245.394482,221.661074,276.382253,200.614467,124.488442,251.663684,184.493662,253.902685,8.239523,988.742731,2.149441,164.790455,75.230425,157.625653,78.812826,137.026846,28.927890,26.868009,92.246831,102.994034,75.767785,-82.574348,42.272334,15.225205,67.617823,24.718568,24.091648,4.119761,223.900075
7.000000,1.045631,59.975788,-7.252448,1.050244,59.976583,-4.788313,1.036345,59.974963,-7.345120,1.012983,59.972808,-8.247832,1.013326,59.971683,-7.380227,1.015246,59.971382,-6.795344,1.005692,59.971805,-8.718650,1.004687,59.971992,-9.154743,1.029433,59.973958,-8.949498,1.023869,59.971291,-4.552942,1.019912,59.971332,-5.315526,1.009745,59.971485,-5.278550,1.021800,59.971634,-5.148855,1.020434,59.972473,-6.530212,1.025353,59.973699,-6.609730,1.040262,59.974184,-5.250417,1.041794,59.974675,-6.222093,1.038649,59.974793,-7.027882,1.055655,59.974122,-0.721639,0.997136,59.974048,-1.620961,1.039960,59.974132,-3.123886,1.054830,59.974028,0.816234,1.050267,59.974039,0.642172,1.045191,59.974183,-5.144134,1.059192,59.976593,-3.585175,1.059358,59.975948,-4.643665,1.046425,59.975372,-6.387040,1.057866,59.976422,-1.531703,1.056637,59.976622,0.914221,1.040992,59.979146,-2.572499,0.980490,59.967082,0.263280,0.982270,59.969308,2.596058,0.998646,59.974156,3.912076,1.015206,59.973926,2.957231,1.049281,59.973903,5.237736,1.063034,59.973870,7.644158,1.027143,59.976784,2.495066,1.029154,59.977128,7.194430,1.026068,59.975274,-8.743722,0.999593,0.999236,0.999406,0.999570,0.999567,0.999627,0.999674,0.999795,-43.090321,0.000000,5.044054,10.990738,2.927834,12.259724,19.397911,-38.239821,288.383297,447.800150,209.391350,467.503357,6.717002,286.592096,294.652499,141.504847,562.436988,245.394482,221.661074,276.382253,200.614467,124.488442,251.663684,184.493662,253.902685,8.239523,988.742731,2.149441,164.790455,75.230425,157.625653,78.812826,137.026846,28.927890,26.868009,92.246831,102.994034,75.767785,-82.574348,42.272334,15.225205,67.617823,24.718568,24.091648,4.119761,223.900075
7.020000,1.045683,59.975892,-7.233713,1.050339,59.976715,-4.763714,1.036449,59.975144,-7.331980,1.013141,59.972987,-8.250242,1.013510,59.971845,-7.390825,1.015435,59.971542,-6.808121,1.005874,59.971962,-8.728392,1.004864,59.972147,-9.163144,1.029528,59.974072,-8.943913,1.024056,59.971455,-4.566358,1.020100,59.971494,-5.328653,1.009934,59.971653,-5.290547,1.021981,59.971807,-5.159757,1.020595,59.972667,-6.534970,1.025467,59.973964,-6.605325,1.040355,59.974480,-5.242376,1.041876,59.974931,-6.210695,1.038740,59.975020,-7.015763,1.055711,59.974572,-0.713349,0.997161,59.974568,-1.612888,1.040060,59.974428,-3.116219,1.054934,59.974326,0.823158,1.050371,59.974335,0.649166,1.045285,59.974479,-5.136102,1.059258,59.976752,-3.560387,1.059366,59.976174,-4.623226,1.046465,59.975611,-6.370690,1.057786,59.976677,-1.507714,1.056532,59.976888,0.939698,1.041135,59.979181,-2.529857,0.980707,59.967217,0.219389,0.982458,59.969433,2.568171,0.998699,59.974658,3.920847,1.015194,59.974543,2.964863,1.049385,59.974204,5.243772,1.063138,59.974165,7.649930,1.027193,59.976956,2.521291,1.029007,59.977418,7.223658,1.026101,59.975362,-8.728768,0.999594,0.999232,0.999405,0.999582,0.999583,0.999631,0.999680,0.999792,-42.934771,0.000000,5.118270,11.138738,3.075517,12.430716,19.589373,-37.997770,288.383297,447.800150,209.391350,467.503357,6.717002,286.592096,294.652499,141.504847,562.436988,245.394482,221.661074,276.382253,200.614467,124.488442,251.663684,184.493662,253.902685,8.239523,988.742731,2.149441,164.790455,75.230425,157.625653,78.812826,137.026846,28.927890,26.868009,92.246831,102.994034,75.767785,-82.574348,42.272334,15.225205,67.617823,24.718568,24.091648,4.119761,223.900075
7.040000,1.045734,59.975980,-7.215989,1.050431,59.976809,-4.740026,1.036550,59.975314,-7.319276,1.013299,59.973193,-8.252931,1.013694,59.972055,-7.401731,1.015625,59.971755,-6.821197,1.006056,59.972166,-8.738482,1.005042,59.972346,-9.171919,1.029622,59.974203,-8.939116,1.024243,59.971672,-4.580042,1.020288,59.971710,-5.342058,1.010123,59.971871,-5.302799,1.022162,59.972026,-5.170892,1.020756,59.972893,-6.539873,1.025577,59.974237,-6.600664,1.040444,59.974775,-5.233898,1.041955,59.975179,-6.199177,1.038827,59.975238,-7.003737,1.055764,59.975015,-0.703538,0.997183,59.975080,-1.602794,1.040156,59.974724,-3.108111,1.055034,59.974624,0.830540,1.050471,59.974632,0.656609,1.045376,59.974773,-5.127636,1.059324,59.976874,-3.536310,1.059371,59.976374,-4.602963,1.046503,59.975833,-6.354387,1.057702,59.976903,-1.483712,1.056424,59.977123,0.965260,1.041276,59.979130,-2.489039,0.980928,59.967481,0.175363,0.982648,59.969642,2.539875,0.998750,59.975149,3.931496,1.015179,59.975150,2.975205,1.049486,59.974507,5.250299,1.063239,59.974463,7.656154,1.027243,59.977091,2.546896,1.028857,59.977673,7.253129,1.026134,59.975448,-8.714881,0.999596,0.999235,0.999407,0.999593,0.999600,0.999634,0.999685,0.999785,-42.778456,0.000000,5.192778,11.291978,3.230355,12.603415,19.783507,-37.757587,288.383297,447.800150,209.391350,467.503357,6.717002,286.592096,294.652499,141.504847,562.436988,245.394482,221.661074,276.382253,200.614467,124.488442,251.663684,184.493662,253.902685,8.239523,988.742731,2.149441,164.790455,75.230425,157.625653,78.812826,137.026846,28.927890,26.868009,92.246831,102.994034,75.767785,-82.574348,42.272334,15.225205,67.617823,24.718568,24.091648,4.119761,223.900075
7.060000,1.045784,59.976053,-7.199552,1.050520,59.976866,-4.717681,1.036648,59.975473,-7.307246,1.013455,59.973425,-8.255868,1.013876,59.972311,-7.412765,1.015812,59.972020,-6.834355,1.006237,59.972415,-8.748751,1.005217,59.972588,-9.180919,1.029716,59.974350,-8.935157,1.024429,59.971940,-4.593781,1.020475,59.971977,-5.355528,1.010310,59.972137,-5.315116,1.022341,59.972291,-5.182091,1.020914,59.973150,-6.544862,1.025683,59.974516,-6.595862,1.040528,59.975065,-5.225169,1.042030,59.975417,-6.187767,1.038911,59.975446,-6.992038,1.055811,59.975444,-0.692449,0.997200,59.975575,-1.590939,1.040246,59.975015,-3.099743,1.055129,59.974920,0.838212,1.050565,59.974927,0.664331,1.045462,59.975062,-5.118923,1.059388,59.976961,-3.513364,1.059373,59.976549,-4.583224,1.046537,59.976035,-6.338426,1.057616,59.977097,-1.460079,1.056313,59.977324,0.990513,1.041414,59.978997,-2.450812,0.981150,59.967870,0.131954,0.982838,59.969935,2.511613,0.998797,59.975621,3.943748,1.015160,59.975738,2.987988,1.049581,59.974810,5.257161,1.063335,59.974762,7.662678,1.027293,59.977187,2.571447,1.028704,59.977892,7.282426,1.026167,59.975531,-8.702240,0.999597,0.999243,0.999411,0.999604,0.999615,0.999637,0.999690,0.999774,-42.623988,0.000000,5.266165,11.447633,3.389733,12.774918,19.977389,-37.523663,288.383297,447.800150,209.391350,467.503357,6.717002,286.592096,294.652499,141.504847,562.436988,245.394482,221.661074,276.382253,200.614467,124.488442,251.663684,184.493662,253.902685,8.239523,988.742731,2.149441,164.790455,75.230425,157.625653,78.812826,137.026846,28.927890,26.868009,92.246831,102.994034,75.767785,-82.574348,42.272334,15.225205,67.617823,24.718568,24.091648,4.119761,223.900075
7.080000,1.045832,59.976110,-7.184658,1.050606,59.976887,-4.697084,1.036742,59.975621,-7.296118,1.013605,59.973682,-8.259017,1.014054,59.972611,-7.423751,1.015995,59.972333,-6.847384,1.006413,59.972707,-8.759026,1.005389,59.972870,-9.189990,1.029807,59.974512,-8.932069,1.024610,59.972258,-4.607363,1.020656,59.972293,-5.368851,1.010492,59.972448,-5.327306,1.022515,59.972599,-5.193184,1.021067,59.973434,-6.549872,1.025783,59.974798,-6.591033,1.040606,59.975348,-5.216377,1.042099,59.975644,-6.176687,1.038990,59.975642,-6.980890,1.055852,59.975856,-0.680342,0.997211,59.976049,-1.577607,1.040331,59.975301,-3.091295,1.055217,59.975212,0.846001,1.050654,59.975217,0.672160,1.045541,59.975345,-5.110149,1.059451,59.977013,-3.491944,1.059372,59.976697,-4.564346,1.046566,59.976218,-6.323089,1.057526,59.977259,-1.437185,1.056199,59.977493,1.015072,1.041549,59.978787,-2.415889,0.981369,59.968378,0.089887,0.983025,59.970308,2.483827,0.998839,59.976071,3.957308,1.015136,59.976302,3.002904,1.049669,59.975111,5.264196,1.063426,59.975058,7.669347,1.027342,59.977246,2.594528,1.028548,59.978074,7.311137,1.026199,59.975612,-8.691006,0.999598,0.999257,0.999418,0.999614,0.999631,0.999638,0.999693,0.999759,-42.473915,0.000000,5.337072,11.602886,3.550994,12.942379,20.168140,-37.300213,288.383297,447.800150,209.391350,467.503357,6.717002,286.592096,294.652499,141.504847,562.436988,245.394482,221.661074,276.382253,200.614467,124.488442,251.663684,184.493662,253.902685,8.239523,988.742731,2.149441,164.790455,75.230425,157.625653,78.812826,137.026846,28.927890,26.868009,92.246831,102.994035,75.767785,-82.574348,42.272334,15.225205,67.617823,24.718568,24.091648,4.119761,223.900075
7.100000,1.045879,59.976154,-7.171536,1.050687,59.976876,-4.678608,1.036831,59.975758,-7.286099,1.013749,59.973961,-8.262341,1.014225,59.972953,-7.434511,1.016172,59.972692,-6.860072,1.006583,59.973039,-8.769140,1.005553,59.973190,-9.198981,1.029895,59.974688,-8.929877,1.024784,59.972620,-4.620579,1.020832,59.972654,-5.381819,1.010667,59.972802,-5.339184,1.022683,59.972947,-5.204005,1.021213,59.973745,-6.554839,1.025876,59.975081,-6.586290,1.040677,59.975623,-5.207705,1.042162,59.975859,-6.166149,1.039063,59.975827,-6.970505,1.055886,59.976246,-0.667490,0.997216,59.976497,-1.563101,1.040407,59.975579,-3.082947,1.055297,59.975497,0.853736,1.050735,59.975500,0.679924,1.045614,59.975620,-5.101497,1.059512,59.977033,-3.472418,1.059367,59.976819,-4.546642,1.046592,59.976382,-6.308647,1.057433,59.977391,-1.415385,1.056081,59.977628,1.038573,1.041681,59.978509,-2.384913,0.981584,59.968996,0.049852,0.983207,59.970757,2.456947,0.998876,59.976495,3.971866,1.015107,59.976834,3.019617,1.049750,59.975405,5.271244,1.063511,59.975350,7.676007,1.027389,59.977270,2.615750,1.028390,59.978219,7.338867,1.026231,59.975691,-8.681320,0.999599,0.999277,0.999427,0.999623,0.999646,0.999639,0.999696,0.999741,-42.330677,0.000000,5.404222,11.754975,3.711486,13.103045,20.352972,-37.091206,288.383297,447.800150,209.391350,467.503357,6.717002,286.592096,294.652499,141.504847,562.436988,245.394482,221.661074,276.382253,200.614467,124.488442,251.663684,184.493662,253.902685,8.239523,988.742731,2.149441,164.790455,75.230425,157.625653,78.812826,137.026846,28.927890,26.868009,92.246831,102.994035,75.767785,-82.574348,42.272334,15.225205,67.617823,24.718568,24.091648,4.119761,223.900075
7.120000,1.045924,59.976186,-7.160387,1.050763,59.976835,-4.662581,1.036914,59.975885,-7.277373,1.013885,59.974260,-8.265798,1.014387,59.973331,-7.444878,1.016339,59.973092,-6.872222,1.006744,59.973408,-8.778928,1.005710,59.973544,-9.207746,1.029980,59.974876,-8.928593,1.024950,59.973024,-4.633228,1.020998,59.973056,-5.394234,1.010834,59.973195,-5.350570,1.022841,59.973330,-5.214392,1.021350,59.974078,-6.559700,1.025961,59.975364,-6.581741,1.040740,59.975888,-5.199332,1.042219,59.976062,-6.156353,1.039130,59.976000,-6.961075,1.055913,59.976611,-0.654172,0.997214,59.976914,-1.547739,1.040476,59.975847,-3.074873,1.055369,59.975773,0.861251,1.050808,59.975775,0.687457,1.045678,59.975884,-5.093146,1.059571,59.977023,-3.455118,1.059359,59.976916,-4.530407,1.046612,59.976526,-6.295350,1.057337,59.977491,-1.395011,1.055961,59.977731,1.060669,1.041810,59.978170,-2.358451,0.981791,59.969713,0.012489,0.983382,59.971276,2.431384,0.998908,59.976887,3.987101,1.015072,59.977329,3.037764,1.049822,59.975691,5.278144,1.063587,59.975635,7.682505,1.027435,59.977258,2.634750,1.028230,59.978326,7.365237,1.026262,59.975769,-8.673303,0.999600,0.999302,0.999439,0.999632,0.999660,0.999639,0.999698,0.999720,-42.196570,0.000000,5.466437,11.901251,3.868606,13.254307,20.529237,-36.900290,288.383297,447.800150,209.391350,467.503357,6.717002,286.592096,294.652499,141.504847,562.436988,245.394482,221.661074,276.382253,200.614467,124.488442,251.663684,184.493662,253.902685,8.239523,988.742731,2.149441,164.790455,75.230425,157.625653,78.812826,137.026846,28.927890,26.868009,92.246831,102.994034,75.767785,-82.574348,42.272334,15.225205,67.617823,24.718568,24.091648,4.119761,223.900075
7.140000,1.045966,59.976207,-7.151379,1.050835,59.976768,-4.649287,1.036991,59.976001,-7.270101,1.014012,59.974576,-8.269343,1.014539,59.973742,-7.454693,1.016497,59.973528,-6.883646,1.006895,59.973808,-8.788235,1.005857,59.973928,-9.216144,1.030059,59.975076,-8.928218,1.025105,59.973464,-4.645123,1.021154,59.973494,-5.405909,1.010989,59.973621,-5.361294,1.022990,59.973745,-5.224195,1.021477,59.974430,-6.564394,1.026037,59.975644,-6.577485,1.040795,59.976140,-5.191426,1.042268,59.976250,-6.147482,1.039190,59.976160,-6.952777,1.055933,59.976948,-0.640665,0.997205,59.977297,-1.531845,1.040535,59.976104,-3.067240,1.055432,59.976038,0.868386,1.050871,59.976038,0.694598,1.045734,59.976137,-5.085264,1.059627,59.976986,-3.440334,1.059347,59.976988,-4.515903,1.046627,59.976650,-6.283424,1.057238,59.977562,-1.376367,1.055839,59.977802,1.081040,1.041936,59.977781,-2.336977,0.981989,59.970520,-0.021620,0.983548,59.971858,2.407527,0.998932,59.977245,4.002692,1.015032,59.977781,3.056964,1.049884,59.975968,5.284743,1.063655,59.975910,7.688691,1.027480,59.977215,2.651205,1.028069,59.978397,7.389896,1.026292,59.975845,-8.667052,0.999601,0.999331,0.999454,0.999639,0.999673,0.999638,0.999699,0.999697,-42.073701,0.000000,5.522662,12.039215,4.019855,13.393743,20.694470,-36.730733,288.383297,447.800150,209.391350,467.503357,6.717002,286.592096,294.652499,141.504847,562.436988,245.394482,221.661074,276.382253,200.614467,124.488442,251.663684,184.493662,253.902685,8.239523,988.742731,2.149441,164.790455,75.230425,157.625653,78.812826,137.026846,28.927890,26.868009,92.246831,102.994034,75.767785,-82.574348,42.272334,15.225205,67.617823,24.718568,24.091648,4.119761,223.900075
7.160000,1.046007,59.976219,-7.144646,1.050902,59.976679,-4.638959,1.037062,59.976109,-7.264415,1.014128,59.974906,-8.272931,1.014679,59.974180,-7.463806,1.016642,59.973995,-6.894171,1.007034,59.974236,-8.796917,1.005992,59.974338,-9.224042,1.030133,59.975286,-8.928742,1.025248,59.973935,-4.656088,1.021298,59.973963,-5.416671,1.011133,59.974076,-5.371200,1.023126,59.974186,-5.233271,1.021594,59.974798,-6.568862,1.026103,59.975919,-6.573618,1.040841,59.976379,-5.184145,1.042310,59.976425,-6.139698,1.039243,59.976309,-6.945761,1.055944,59.977256,-0.627247,0.997189,59.977642,-1.515745,1.040586,59.976347,-3.060202,1.055486,59.976290,0.874989,1.050925,59.976289,0.701198,1.045782,59.976376,-5.078009,1.059682,59.976924,-3.428314,1.059332,59.977038,-4.503364,1.046637,59.976756,-6.273070,1.057137,59.977604,-1.359728,1.055715,59.977842,1.099397,1.042059,59.977353,-2.320874,0.982175,59.971402,-0.051959,0.983703,59.972496,2.385734,0.998950,59.977568,4.018320,1.014985,59.978187,3.076829,1.049937,59.976232,5.290894,1.063713,59.976174,7.694426,1.027523,59.977143,2.664832,1.027907,59.978432,7.412519,1.026321,59.975921,-8.662638,0.999602,0.999364,0.999470,0.999645,0.999684,0.999637,0.999699,0.999671,-41.963956,0.000000,5.571981,12.166568,4.162873,13.519151,20.846420,-36.585360,288.383297,447.800150,209.391350,467.503357,6.717002,286.592096,294.652499,141.504847,562.436988,245.394482,221.661074,276.382253,200.614467,124.488442,251.663684,184.493662,253.902685,8.239523,988.742731,2.149441,164.790455,75.230425,157.625653,78.812826,137.026846,28.927890,26.868009,92.246831,102.994034,75.767785,-82.574348,42.272334,15.225205,67.617823,24.718568,24.091648,4.119761,223.900075
7.180000,1.046046,59.976224,-7.140284,1.050965,59.976573,-4.631777,1.037126,59.976208,-7.260417,1.014233,59.975247,-8.276516,1.014806,59.974641,-7.472086,1.016773,59.974487,-6.903643,1.007160,59.974685,-8.804844,1.006115,59.974768,-9.231322,1.030201,59.975504,-8.930145,1.025378,59.974432,-4.665967,1.021428,59.974457,-5.426365,1.011262,59.974555,-5.380147,1.023249,59.974649,-5.241494,1.021698,59.975178,-6.573048,1.026160,59.976188,-6.570222,1.040878,59.976604,-5.177632,1.042344,59.976586,-6.133145,1.039288,59.976445,-6.940156,1.055947,59.977532,-0.614183,0.997166,59.977948,-1.499759,1.040626,59.976577,-3.053899,1.055529,59.976529,0.880923,1.050970,59.976527,0.707119,1.045820,59.976601,-5.071521,1.059734,59.976843,-3.419253,1.059313,59.977067,-4.492986,1.046642,59.976844,-6.264461,1.057035,59.977619,-1.345334,1.055590,59.977853,1.115484,1.042180,59.976896,-2.310416,0.982346,59.972345,-0.078088,0.983845,59.973181,2.366324,0.998961,59.977853,4.033675,1.014933,59.978542,3.096964,1.049980,59.976482,5.296459,1.063763,59.976425,7.699578,1.027565,59.977044,2.675391,1.027744,59.978433,7.432815,1.026349,59.975996,-8.660108,0.999603,0.999401,0.999488,0.999650,0.999694,0.999635,0.999698,0.999644,-41.868973,0.000000,5.613628,12.281248,4.295481,13.628594,20.983093,-36.466516,288.383297,447.800150,209.391350,467.503357,6.717002,286.592096,294.652499,141.504847,562.436988,245.394482,221.661074,276.382253,200.614467,124.488442,251.663684,184.493662,253.902685,8.239523,988.742731,2.149441,164.790455,75.230425,157.625653,78.812826,137.026846,28.927890,26.868009,92.246831,102.994034,75.767785,-82.574348,42.272334,15.225205,67.617823,24.718568,24.091648,4.119761,223.900075
7.200000,1.046084,59.976224,-7.138353,1.051024,59.976455,-4.627861,1.037184,59.976301,-7.258179,1.014326,59.975596,-8.280054,1.014919,59.975118,-7.479417,1.016891,59.974997,-6.911932,1.007273,59.975152,-8.811902,1.006224,59.975214,-9.237878,1.030262,59.975727,-8.932398,1.025493,59.974948,-4.674623,1.021544,59.974970,-5.434857,1.011378,59.975051,-5.388011,1.023359,59.975128,-5.248753,1.021790,59.975567,-6.576903,1.026206,59.976449,-6.567372,1.040906,59.976814,-5.172012,1.042371,59.976733,-6.127940,1.039327,59.976571,-6.936061,1.055943,59.977774,-0.601727,0.997136,59.978213,-1.484199,1.040658,59.976791,-3.048457,1.055563,59.976753,0.886065,1.051005,59.976749,0.712238,1.045849,59.976810,-5.065927,1.059784,59.976746,-3.413297,1.059292,59.977077,-4.484930,1.046642,59.976916,-6.257735,1.056932,59.977610,-1.333387,1.055464,59.977837,1.129083,1.042299,59.976422,-2.305774,0.982503,59.973336,-0.099649,0.983974,59.973903,2.349576,0.998966,59.978099,4.048461,1.014875,59.978846,3.116984,1.050013,59.976718,5.301316,1.063803,59.976662,7.704029,1.027605,59.976924,2.682695,1.027583,59.978402,7.450526,1.026375,59.976070,-8.659485,0.999604,0.999441,0.999508,0.999655,0.999703,0.999632,0.999697,0.999616,-41.790111,0.000000,5.647006,12.381461,4.415723,13.720423,21.102775,-36.376020,288.383297,447.800150,209.391350,467.503357,6.717002,286.592096,294.652499,141.504847,562.436988,245.394482,221.661074,276.382253,200.614467,124.488442,251.663684,184.493662,253.902685,8.239523,988.742731,2.149441,164.790455,75.230425,157.625653,78.812826,137.026846,28.927890,26.868009,92.246831,102.994034,75.767785,-82.574348,42.272334,15.225205,67.617823,24.718568,24.091648,4.119761,223.900075
7.220000,1.046120,59.976221,-7.138875,1.051079,59.976329,-4.627275,1.037235,59.976388,-7.257742,1.014407,59.975949,-8.283501,1.015018,59.975606,-7.485702,1.016993,59.975520,-6.918926,1.007371,59.975628,-8.817993,1.006320,59.975669,-9.243617,1.030317,59.975955,-8.935461,1.025593,59.975477,-4.681942,1.021645,59.975496,-5.442035,1.011478,59.975558,-5.394691,1.023453,59.975618,-5.254954,1.021868,59.975959,-6.580384,1.026243,59.976700,-6.565129,1.040925,59.977008,-5.167393,1.042391,59.976867,-6.124176,1.039358,59.976686,-6.933548,1.055931,59.977984,-0.590114,0.997100,59.978436,-1.469360,1.040680,59.976990,-3.043983,1.055587,59.976961,0.890305,1.051030,59.976956,0.716448,1.045869,59.977004,-5.061334,1.059832,59.976637,-3.410537,1.059268,59.977071,-4.479315,1.046638,59.976973,-6.253000,1.056829,59.977578,-1.324051,1.055339,59.977796,1.140015,1.042417,59.975945,-2.307006,0.982642,59.974358,-0.116368,0.984087,59.974654,2.335721,0.998963,59.978306,4.062402,1.014813,59.979096,3.136509,1.050036,59.976937,5.305357,1.063833,59.976883,7.707678,1.027644,59.976785,2.686608,1.027423,59.978341,7.465437,1.026400,59.976145,-8.660765,0.999605,0.999482,0.999529,0.999658,0.999711,0.999628,0.999695,0.999588,-41.728436,0.000000,5.671683,12.465710,4.521890,13.793305,21.204059,-36.315145,288.383297,447.800150,209.391350,467.503357,6.717002,286.592096,294.652499,141.504847,562.436988,245.394482,221.661074,276.382253,200.614467,124.488442,251.663684,184.493662,253.902685,8.239523,988.742731,2.149441,164.790455,75.230425,157.625653,78.812826,137.026846,28.927890,26.868009,92.246831,102.994034,75.767785,-82.574348,42.272334,15.225205,67.617823,24.718568,24.091648,4.119761,223.900075
7.240000,1.046154,59.976218,-7.141832,1.051130,59.976201,-4.630021,1.037280,59.976470,-7.259113,1.014475,59.976302,-8.286814,1.015101,59.976098,-7.490864,1.017079,59.976049,-6.924541,1.007453,59.976110,-8.823041,1.006400,59.976129,-9.248467,1.030364,59.976185,-8.939288,1.025677,59.976013,-4.687834,1.021730,59.976028,-5.447810,1.011562,59.976071,-5.400105,1.023532,59.976112,-5.260021,1.021933,59.976351,-6.583452,1.026269,59.976939,-6.563543,1.040936,59.977186,-5.163863,1.042403,59.976988,-6.121920,1.039383,59.976792,-6.932663,1.055912,59.978160,-0.579557,0.997058,59.978618,-1.455516,1.040693,59.977172,-3.040564,1.055601,59.977152,0.893558,1.051046,59.977147,0.719663,1.045881,59.977182,-5.057830,1.059878,59.976521,-3.411009,1.059243,59.977052,-4.476218,1.046630,59.977017,-6.250327,1.056726,59.977527,-1.317445,1.055216,59.977734,1.148142,1.042533,59.975475,-2.314062,0.982764,59.975396,-0.128059,0.984184,59.975422,2.324940,0.998954,59.978474,4.075246,1.014745,59.979293,3.155181,1.050050,59.977140,5.308489,1.063854,59.977089,7.710435,1.027683,59.976634,2.687051,1.027265,59.978253,7.477373,1.026424,59.976220,-8.663918,0.999605,0.999525,0.999551,0.999660,0.999716,0.999624,0.999692,0.999561,-41.684700,0.000000,5.687406,12.532817,4.612554,13.846246,21.285862,-36.284598,288.383297,447.800150,209.391350,467.503357,6.717002,286.592096,294.652499,141.504847,562.436988,245.394482,221.661074,276.382253,200.614467,124.488442,251.663684,184.493662,253.902685,8.239523,988.742731,2.149441,164.790455,75.230425,157.625653,78.812826,137.026846,28.927890,26.868009,92.246831,102.994034,75.767785,-82.574348,42.272334,15.225205,67.617823,24.718568,24.091648,4.119761,223.900075
7.260000,1.046187,59.976217,-7.147171,1.051179,59.976075,-4.636045,1.037319,59.976550,-7.262268,1.014530,59.976653,-8.289958,1.015168,59.976589,-7.494847,1.017149,59.976576,-6.928719,1.007521,59.976590,-8.826990,1.006466,59.976588,-9.252372,1.030405,59.976415,-8.943824,1.025746,59.976548,-4.692235,1.021799,59.976559,-5.452122,1.011629,59.976582,-5.404196,1.023596,59.976604,-5.263903,1.021984,59.976739,-6.586080,1.026286,59.977167,-6.562651,1.040939,59.977348,-5.161489,1.042410,59.977097,-6.121210,1.039401,59.976890,-6.933419,1.055886,59.978303,-0.570245,0.997010,59.978758,-1.442918,1.040697,59.977339,-3.038268,1.055607,59.977328,0.895751,1.051053,59.977322,0.721812,1.045884,59.977345,-5.055479,1.059923,59.976402,-3.414695,1.059216,59.977022,-4.475677,1.046618,59.977050,-6.249753,1.056625,59.977459,-1.313649,1.055095,59.977653,1.153370,1.042649,59.975024,-2.326787,0.982868,59.976435,-0.134630,0.984265,59.976197,2.317362,0.998939,59.978605,4.086769,1.014674,59.979437,3.172666,1.050054,59.977326,5.310640,1.063867,59.977278,7.712234,1.027720,59.976475,2.684000,1.027111,59.978141,7.486202,1.026447,59.976296,-8.668893,0.999606,0.999569,0.999574,0.999661,0.999720,0.999620,0.999688,0.999534,-41.659340,0.000000,5.694095,12.581938,4.686584,13.878601,21.347438,-36.284517,288.383297,447.800150,209.391350,467.503357,6.717002,286.592096,294.652499,141.504847,562.436988,245.394482,221.661074,276.382253,200.614467,124.488442,251.663684,184.493662,253.902685,8.239523,988.742731,2.149441,164.790455,75.230425,157.625653,78.812826,137.026846,28.927890,26.868009,92.246831,102.994034,75.767785,-82.574348,42.272334,15.225205,67.617823,24.718568,24.091648,4.119761,223.900075
7.280000,1.046219,59.976219,-7.154801,1.051225,59.975958,-4.645235,1.037353,59.976628,-7.267154,1.014572,59.976998,-8.292898,1.015220,59.977073,-7.497619,1.017203,59.977096,-6.931427,1.007572,59.977064,-8.829805,1.006516,59.977040,-9.255296,1.030438,59.976643,-8.949010,1.025798,59.977076,-4.695108,1.021851,59.977083,-5.454935,1.011681,59.977086,-5.406929,1.023644,59.977089,-5.266564,1.022022,59.977119,-6.588246,1.026294,59.977381,-6.562478,1.040935,59.977494,-5.160314,1.042410,59.977196,-6.122058,1.039414,59.976980,-6.935803,1.055854,59.978415,-0.562342,0.996958,59.978858,-1.431788,1.040693,59.977490,-3.037141,1.055604,59.977487,0.896837,1.051051,59.977480,0.722850,1.045880,59.977491,-5.054328,1.059967,59.976287,-3.421521,1.059189,59.976984,-4.477685,1.046603,59.977074,-6.251279,1.056527,59.977379,-1.312697,1.054977,59.977557,1.155648,1.042765,59.974605,-2.344919,0.982952,59.977459,-0.136075,0.984329,59.976969,2.313059,0.998919,59.978701,4.096777,1.014599,59.979529,3.188656,1.050050,59.977495,5.311756,1.063871,59.977451,7.713022,1.027757,59.976312,2.677489,1.026962,59.978009,7.491836,1.026468,59.976373,-8.675614,0.999607,0.999613,0.999597,0.999662,0.999723,0.999615,0.999683,0.999509,-41.652469,0.000000,5.691843,12.612570,4.743168,13.890087,21.388384,-36.314475,288.383297,447.800150,209.391350,467.503357,6.717002,286.592096,294.652499,141.504847,562.436988,245.394482,221.661074,276.382253,200.614467,124.488442,251.663684,184.493662,253.902685,8.239523,988.742731,2.149441,164.790455,75.230425,157.625653,78.812826,137.026846,28.927890,26.868009,92.246831,102.994035,75.767785,-82.574348,42.272334,15.225205,67.617823,24.718568,24.091648,4.119761,223.900075
7.300000,1.046250,59.976227,-7.164597,1.051269,59.975853,-4.657425,1.037381,59.976706,-7.273686,1.014602,59.977333,-8.295605,1.015256,59.977544,-7.499170,1.017241,59.977601,-6.932660,1.007609,59.977524,-8.831473,1.006551,59.977481,-9.257222,1.030464,59.976866,-8.954782,1.025833,59.977591,-4.696443,1.021888,59.977593,-5.456240,1.011716,59.977578,-5.408294,1.023676,59.977561,-5.267996,1.022046,59.977486,-6.589937,1.026293,59.977581,-6.563034,1.040923,59.977626,-5.160362,1.042405,59.977285,-6.124448,1.039421,59.977064,-6.939773,1.055817,59.978497,-0.555976,0.996901,59.978921,-1.422313,1.040682,59.977625,-3.037206,1.055593,59.977630,0.896788,1.051042,59.977622,0.722748,1.045869,59.977623,-5.054398,1.060009,59.976178,-3.431360,1.059161,59.976942,-4.482195,1.046586,59.977092,-6.254870,1.056432,59.977288,-1.314580,1.054863,59.977449,1.154970,1.042881,59.974226,-2.368101,0.983016,59.978453,-0.132481,0.984376,59.977726,2.312047,0.998893,59.978762,4.105109,1.014521,59.979573,3.202883,1.050038,59.977647,5.311803,1.063867,59.977607,7.712770,1.027793,59.976153,2.667610,1.026818,59.977860,7.494234,1.026488,59.976451,-8.683984,0.999608,0.999655,0.999620,0.999662,0.999724,0.999610,0.999678,0.999486,-41.663880,0.000000,5.680910,12.624558,4.781814,13.880784,21.408645,-36.373497,288.383297,447.800150,209.391350,467.503357,6.717002,286.592096,294.652499,141.504847,562.436988,245.394482,221.661074,276.382253,200.614467,124.488442,251.663684,184.493662,253.902685,8.239523,988.742731,2.149441,164.790455,75.230425,157.625653,78.812826,137.026846,28.927890,26.868009,92.246831,102.994035,75.767785,-82.574348,42.272334,15.225205,67.617823,24.718568,24.091648,4.119761,223.900075
7.320000,1.046281,59.976243,-7.176404,1.051312,59.975765,-4.672397,1.037405,59.976786,-7.281752,1.014620,59.977656,-8.298056,1.015276,59.977997,-7.499513,1.017262,59.978087,-6.932441,1.007630,59.977967,-8.832004,1.006572,59.977904,-9.258155,1.030483,59.977084,-8.961069,1.025853,59.978086,-4.696256,1.021908,59.978084,-5.456056,1.011735,59.978050,-5.408308,1.023694,59.978015,-5.268210,1.022058,59.977838,-6.591150,1.026284,59.977766,-6.564317,1.040905,59.977742,-5.161633,1.042395,59.977365,-6.128338,1.039424,59.977144,-6.945259,1.055775,59.978551,-0.551250,0.996841,59.978948,-1.414648,1.040664,59.977745,-3.038467,1.055576,59.977757,0.895598,1.051026,59.977750,0.721502,1.045852,59.977740,-5.055689,1.060050,59.976080,-3.444034,1.059134,59.976898,-4.489119,1.046568,59.977105,-6.260459,1.056341,59.977191,-1.319247,1.054755,59.977333,1.151374,1.042997,59.973899,-2.395884,0.983062,59.979404,-0.124020,0.984406,59.978460,2.314285,0.998862,59.978793,4.111642,1.014441,59.979571,3.215113,1.050019,59.977782,5.310769,1.063856,59.977747,7.711468,1.027829,59.976001,2.654512,1.026680,59.977699,7.493398,1.026506,59.976531,-8.693885,0.999609,0.999696,0.999643,0.999660,0.999723,0.999605,0.999673,0.999466,-41.693058,0.000000,5.661712,12.618085,4.802366,13.851130,21.408503,-36.460084,288.383297,447.800150,209.391350,467.503357,6.717002,286.592096,294.652499,141.504847,562.436988,245.394482,221.661074,276.382253,200.614467,124.488442,251.663684,184.493662,253.902685,8.239523,988.742731,2.149441,164.790455,75.230425,157.625653,78.812826,137.026846,28.927890,26.868009,92.246831,102.994035,75.767785,-82.574348,42.272334,15.225205,67.617823,24.718568,24.091648,4.119761,223.900075
7.340000,1.046310,59.976268,-7.190035,1.051354,59.975699,-4.689886,1.037424,59.976868,-7.291216,1.014627,59.977963,-8.300231,1.015282,59.978425,-7.498682,1.017269,59.978547,-6.930818,1.007636,59.978386,-8.831428,1.006579,59.978305,-9.258116,1.030495,59.977294,-8.967802,1.025858,59.978556,-4.694593,1.021913,59.978550,-5.454428,1.011739,59.978497,-5.407008,1.023696,59.978445,-5.267238,1.022057,59.978172,-6.591890,1.026268,59.977937,-6.566312,1.040883,59.977845,-5.164105,1.042381,59.977439,-6.133660,1.039422,59.977220,-6.952168,1.055730,59.978579,-0.548230,0.996778,59.978944,-1.408910,1.040641,59.977852,-3.040903,1.055552,59.977870,0.893279,1.051003,59.977862,0.719126,1.045829,59.977843,-5.058179,1.060091,59.975999,-3.459320,1.059108,59.976856,-4.498331,1.046548,59.977116,-6.267944,1.056255,59.977092,-1.326604,1.054653,59.977212,1.144938,1.043115,59.973631,-2.427741,0.983087,59.980297,-0.110945,0.984419,59.979160,2.319680,0.998827,59.978795,4.116286,1.014359,59.979526,3.225157,1.049994,59.977902,5.308659,1.063838,59.977871,7.709124,1.027865,59.975862,2.638398,1.026550,59.977528,7.489379,1.026523,59.976613,-8.705181,0.999610,0.999735,0.999665,0.999659,0.999721,0.999600,0.999667,0.999448,-41.739186,0.000000,5.634811,12.593667,4.804992,13.801913,21.388571,-36.572253,288.383297,447.800150,209.391350,467.503357,6.717002,286.592096,294.652499,141.504847,562.436988,245.394482,221.661074,276.382253,200.614467,124.488442,251.663684,184.493662,253.902685,8.239523,988.742731,2.149441,164.790455,75.230425,157.625653,78.812826,137.026846,28.927890,26.868009,92.246831,102.994035,75.767785,-82.574348,42.272334,15.225205,67.617823,24.718568,24.091648,4.119761,223.900075
7.360000,1.046340,59.976304,-7.205281,1.051395,59.975657,-4.709587,1.037440,59.976953,-7.301917,1.014623,59.978252,-8.302120,1.015274,59.978825,-7.496733,1.017261,59.978976,-6.927865,1.007628,59.978778,-8.829798,1.006572,59.978680,-9.257146,1.030501,59.977495,-8.974906,1.025848,59.978996,-4.691523,1.021904,59.978984,-5.451428,1.011729,59.978916,-5.404458,1.023685,59.978848,-5.265135,1.022045,59.978483,-6.592172,1.026246,59.978092,-6.568992,1.040855,59.977936,-5.167736,1.042364,59.977507,-6.140323,1.039417,59.977294,-6.960380,1.055681,59.978585,-0.546952,0.996714,59.978911,-1.405180,1.040612,59.977945,-3.044475,1.055523,59.977969,0.889866,1.050975,59.977961,0.715655,1.045801,59.977934,-5.061826,1.060131,59.975937,-3.476951,1.059084,59.976819,-4.509670,1.046528,59.977127,-6.277194,1.056176,59.976993,-1.336519,1.054557,59.977090,1.135784,1.043235,59.973429,-2.463076,0.983094,59.981121,-0.093588,0.984415,59.979816,2.328080,0.998789,59.978772,4.118990,1.014277,59.979445,3.232869,1.049964,59.978007,5.305502,1.063815,59.977981,7.705766,1.027901,59.975742,2.619520,1.026428,59.977354,7.482267,1.026539,59.976697,-8.717724,0.999611,0.999772,0.999686,0.999657,0.999718,0.999595,0.999661,0.999434,-41.801171,0.000000,5.600902,12.552137,4.790180,13.734257,21.349778,-36.707573,288.383297,447.800150,209.391350,467.503357,6.717002,286.592096,294.652499,141.504847,562.436988,245.394482,221.661074,276.382253,200.614467,124.488442,251.663684,184.493662,253.902685,8.239523,988.742731,2.149441,164.790455,75.230425,157.625653,78.812826,137.026846,28.927890,26.868009,92.246831,102.994035,75.767785,-82.574348,42.272334,15.225205,67.617823,24.718568,24.091648,4.119761,223.900075
7.380000,1.046369,59.976352,-7.221909,1.051437,59.975644,-4.731159,1.037453,59.977044,-7.313677,1.014608,59.978520,-8.303717,1.015253,59.979193,-7.493744,1.017238,59.979369,-6.923679,1.007608,59.979138,-8.827184,1.006552,59.979025,-9.255306,1.030501,59.977685,-8.982308,1.025824,59.979400,-4.687141,1.021880,59.979384,-5.447150,1.011705,59.979300,-5.400741,1.023661,59.979218,-5.261975,1.022022,59.978770,-6.592018,1.026217,59.978232,-6.572318,1.040824,59.978015,-5.172464,1.042344,59.977570,-6.148214,1.039409,59.977368,-6.969758,1.055630,59.978571,-0.547419,0.996648,59.978853,-1.403496,1.040579,59.978027,-3.049124,1.055489,59.978056,0.885412,1.050943,59.978048,0.711144,1.045770,59.978013,-5.066569,1.060171,59.975898,-3.496621,1.059062,59.976789,-4.522940,1.046508,59.977140,-6.288052,1.056103,59.976899,-1.348823,1.054470,59.976972,1.124070,1.043356,59.973300,-2.501235,0.983083,59.981865,-0.072350,0.984397,59.980422,2.339286,0.998749,59.978729,4.119739,1.014194,59.979331,3.238151,1.049929,59.978098,5.301340,1.063786,59.978077,7.701440,1.027937,59.975644,2.598181,1.026315,59.977179,7.472198,1.026554,59.976783,-8.731348,0.999612,0.999805,0.999705,0.999654,0.999713,0.999590,0.999655,0.999423,-41.877665,0.000000,5.560795,12.494620,4.758726,13.649595,21.293345,-36.863225,288.383297,447.800150,209.391350,467.503357,6.717002,286.592096,294.652499,141.504847,562.436988,245.394482,221.661074,276.382253,200.614467,124.488442,251.663684,184.493662,253.902685,8.239523,988.742731,2.149441,164.790455,75.230425,157.625653,78.812826,137.026846,28.927890,26.868009,92.246831,102.994035,75.767785,-82.574348,42.272334,15.225205,67.617823,24.718568,24.091648,4.119761,223.900075
7.400000,1.046398,59.976414,-7.239669,1.051479,59.975661,-4.754232,1.037463,59.977140,-7.326301,1.014585,59.978766,-8.305020,1.015220,59.979525,-7.489809,1.017204,59.979722,-6.918378,1.007575,59.979463,-8.823676,1.006521,59.979337,-9.252670,1.030496,59.977863,-8.989933,1.025787,59.979765,-4.681565,1.021844,59.979744,-5.441711,1.011668,59.979647,-5.395963,1.023626,59.979552,-5.257851,1.021990,59.979029,-6.591459,1.026184,59.978357,-6.576243,1.040790,59.978084,-5.178209,1.042323,59.977632,-6.157199,1.039400,59.977442,-6.980143,1.055578,59.978541,-0.549601,0.996582,59.978775,-1.403862,1.040543,59.978098,-3.054773,1.055452,59.978131,0.879989,1.050907,59.978123,0.705664,1.045736,59.978082,-5.072325,1.060210,59.975886,-3.517994,1.059043,59.976770,-4.537918,1.046489,59.977158,-6.300332,1.056037,59.976813,-1.363311,1.054391,59.976860,1.109992,1.043480,59.973248,-2.541519,0.983054,59.982519,-0.047696,0.984364,59.980968,2.353049,0.998707,59.978668,4.118553,1.014112,59.979191,3.240950,1.049890,59.978176,5.296238,1.063754,59.978160,7.696208,1.027974,59.975575,2.574722,1.026211,59.977008,7.459346,1.026568,59.976872,-8.745880,0.999613,0.999834,0.999723,0.999651,0.999708,0.999586,0.999648,0.999416,-41.967089,0.000000,5.515398,12.422509,4.711713,13.549648,21.220762,-37.036053,288.383297,447.800150,209.391350,467.503357,6.717002,286.592096,294.652499,141.504847,562.436988,245.394482,221.661074,276.382253,200.614467,124.488442,251.663684,184.493662,253.902685,8.239523,988.742731,2.149441,164.790455,75.230425,157.625653,78.812826,137.026846,28.927890,26.868009,92.246831,102.994035,75.767785,-82.574348,42.272334,15.225205,67.617823,24.718568,24.091648,4.119761,223.900075
7.420000,1.046428,59.976490,-7.258296,1.051523,59.975711,-4.778413,1.037472,59.977243,-7.339579,1.014555,59.978988,-8.306037,1.015176,59.979817,-7.485039,1.017158,59.980033,-6.912102,1.007532,59.979749,-8.819379,1.006479,59.979612,-9.249328,1.030485,59.978029,-8.997709,1.025740,59.980086,-4.674933,1.021797,59.980061,-5.435249,1.011620,59.979953,-5.390247,1.023579,59.979847,-5.252871,1.021949,59.979261,-6.590535,1.026148,59.978468,-6.580706,1.040754,59.978144,-5.184872,1.042301,59.977691,-6.167127,1.039389,59.977518,-6.991362,1.055525,59.978498,-0.553438,0.996517,59.978681,-1.406242,1.040506,59.978160,-3.061327,1.055413,59.978196,0.873681,1.050869,59.978188,0.699303,1.045700,59.978143,-5.078997,1.060250,59.975902,-3.540704,1.059028,59.976764,-4.554353,1.046472,59.977183,-6.313830,1.055980,59.976738,-1.379748,1.054321,59.976759,1.093779,1.043606,59.973276,-2.583199,0.983010,59.983075,-0.020144,0.984317,59.981449,2.369079,0.998663,59.978593,4.115488,1.014031,59.979029,3.241262,1.049850,59.978244,5.290272,1.063719,59.978232,7.690148,1.028011,59.975536,2.549523,1.026119,59.976846,7.443922,1.026581,59.976964,-8.761135,0.999614,0.999858,0.999739,0.999648,0.999701,0.999582,0.999642,0.999413,-42.067667,0.000000,5.465696,12.337437,4.650487,13.436391,21.133759,-37.222632,288.383297,447.800150,209.391350,467.503357,6.717002,286.592096,294.652499,141.504847,562.436988,245.394482,221.661074,276.382253,200.614467,124.488442,251.663684,184.493662,253.902685,8.239523,988.742731,2.149441,164.790455,75.230425,157.625653,78.812826,137.026846,28.927890,26.868009,92.246831,102.994035,75.767785,-82.574348,42.272334,15.225205,67.617823,24.718568,24.091648,4.119761,223.900075
7.440000,1.046457,59.976581,-7.277519,1.051568,59.975794,-4.803294,1.037480,59.977353,-7.353296,1.014517,59.979185,-8.306779,1.015123,59.980067,-7.479562,1.017102,59.980297,-6.905004,1.007479,59.979995,-8.814413,1.006429,59.979850,-9.245384,1.030470,59.978181,-9.005564,1.025683,59.980362,-4.667401,1.021740,59.980332,-5.427918,1.011563,59.980216,-5.383733,1.023524,59.980101,-5.247160,1.021902,59.979462,-6.589290,1.026109,59.978566,-6.585642,1.040718,59.978198,-5.192342,1.042279,59.977751,-6.177834,1.039378,59.977597,-7.003231,1.055473,59.978445,-0.558843,0.996453,59.978575,-1.410565,1.040467,59.978215,-3.068678,1.055373,59.978252,0.866592,1.050830,59.978245,0.692164,1.045663,59.978197,-5.086475,1.060291,59.975949,-3.564368,1.059017,59.976773,-4.571975,1.046457,59.977216,-6.328321,1.055932,59.976677,-1.397872,1.054262,59.976672,1.075688,1.043735,59.973384,-2.625528,0.982951,59.983528,0.009741,0.984259,59.981859,2.387046,0.998619,59.978509,4.110630,1.013952,59.978852,3.239128,1.049808,59.978301,5.283535,1.063682,59.978294,7.683351,1.028048,59.975533,2.522994,1.026037,59.976696,7.426174,1.026593,59.977058,-8.776926,0.999615,0.999878,0.999753,0.999644,0.999694,0.999579,0.999635,0.999414,-42.177461,0.000000,5.412734,12.241239,4.576632,13.312014,21.034274,-37.419334,288.383297,447.800150,209.391350,467.503357,6.717002,286.592096,294.652499,141.504847,562.436988,245.394482,221.661074,276.382253,200.614467,124.488442,251.663684,184.493662,253.902685,8.239523,988.742731,2.149441,164.790455,75.230425,157.625653,78.812826,137.026846,28.927890,26.868009,92.246831,102.994035,75.767785,-82.574348,42.272334,15.225205,67.617823,24.718568,24.091648,4.119761,223.900075
7.460000,1.046487,59.976688,-7.297058,1.051616,59.975912,-4.828459,1.037488,59.977470,-7.367229,1.014475,59.979355,-8.307263,1.015063,59.980275,-7.473514,1.017038,59.980515,-6.897252,1.007419,59.980198,-8.808907,1.006371,59.980047,-9.240949,1.030452,59.978319,-9.013429,1.025617,59.980589,-4.659141,1.021675,59.980556,-5.419887,1.011497,59.980433,-5.376571,1.023461,59.980312,-5.240855,1.021849,59.979632,-6.587775,1.026069,59.978650,-6.590976,1.040682,59.978246,-5.200495,1.042257,59.977813,-6.189144,1.039368,59.977680,-7.015554,1.055422,59.978385,-0.565701,0.996391,59.978462,-1.416724,1.040428,59.978263,-3.076705,1.055332,59.978301,0.858833,1.050790,59.978295,0.684359,1.045627,59.978245,-5.094632,1.060332,59.976029,-3.588588,1.059010,59.976799,-4.590495,1.046446,59.977260,-6.343568,1.055893,59.976634,-1.417397,1.054213,59.976601,1.056002,1.043867,59.973572,-2.667756,0.982880,59.983873,0.041361,0.984191,59.982194,2.406589,0.998576,59.978419,4.104096,1.013876,59.978666,3.234634,1.049766,59.978350,5.276130,1.063644,59.978348,7.675920,1.028087,59.975567,2.495567,1.025968,59.976562,7.406379,1.026605,59.977156,-8.793061,0.999616,0.999894,0.999764,0.999641,0.999687,0.999577,0.999629,0.999419,-42.294403,0.000000,5.357594,12.135917,4.491932,13.178888,20.924417,-37.622398,288.383297,447.800150,209.391350,467.503357,6.717002,286.592096,294.652499,141.504847,562.436988,245.394482,221.661074,276.382253,200.614467,124.488442,251.663684,184.493662,253.902685,8.239523,988.742731,2.149441,164.790455,75.230425,157.625653,78.812826,137.026846,28.927890,26.868009,92.246831,102.994035,75.767785,-82.574348,42.272334,15.225205,67.617823,24.718568,24.091648,4.119761,223.900075
7.480000,1.046518,59.976809,-7.316636,1.051667,59.976064,-4.853492,1.037496,59.977595,-7.381154,1.014429,59.979499,-8.307509,1.014996,59.980438,-7.467042,1.016968,59.980684,-6.889026,1.007353,59.980359,-8.803001,1.006307,59.980204,-9.236147,1.030431,59.978442,-9.021239,1.025546,59.980768,-4.650335,1.021604,59.980731,-5.411338,1.011426,59.980604,-5.368927,1.023393,59.980479,-5.234102,1.021793,59.979771,-6.586046,1.026028,59.978723,-6.596627,1.040647,59.978289,-5.209194,1.042238,59.977877,-6.200871,1.039359,59.977768,-7.028132,1.055373,59.978323,-0.573872,0.996332,59.978347,-1.424583,1.040390,59.978307,-3.085277,1.055293,59.978344,0.850529,1.050751,59.978339,0.676015,1.045591,59.978289,-5.103333,1.060375,59.976141,-3.612959,1.059009,59.976844,-4.609616,1.046438,59.977315,-6.359322,1.055864,59.976610,-1.438020,1.054175,59.976551,1.035026,1.044002,59.973839,-2.709146,0.982799,59.984107,0.074095,0.984115,59.982451,2.427322,0.998533,59.978327,4.096030,1.013803,59.978476,3.227908,1.049725,59.978391,5.268170,1.063606,59.978393,7.667965,1.028126,59.975641,2.467693,1.025910,59.976449,7.384840,1.026616,59.977258,-8.809348,0.999618,0.999904,0.999774,0.999638,0.999679,0.999576,0.999623,0.999428,-42.416336,0.000000,5.301372,12.023601,4.398342,13.039517,20.806429,-37.828000,288.383297,447.800150,209.391350,467.503357,6.717002,286.592096,294.652499,141.504847,562.436988,245.394482,221.661074,276.382253,200.614467,124.488442,251.663684,184.493662,253.902685,8.239523,988.742731,2.149441,164.790455,75.230425,157.625653,78.812826,137.026846,28.927890,26.868009,92.246831,102.994035,75.767785,-82.574348,42.272334,15.225205,67.617823,24.718568,24.091648,4.119761,223.900075
7.500000,1.046549,59.976945,-7.335978,1.051721,59.976250,-4.877984,1.037506,59.977728,-7.394850,1.014381,59.979617,-8.307544,1.014926,59.980557,-7.460300,1.016894,59.980804,-6.880509,1.007283,59.980476,-8.796840,1.006240,59.980321,-9.231102,1.030408,59.978551,-9.028930,1.025470,59.980896,-4.641174,1.021529,59.980856,-5.402457,1.011351,59.980728,-5.360969,1.023321,59.980601,-5.227053,1.021734,59.979879,-6.584161,1.025989,59.978785,-6.602512,1.040615,59.978330,-5.218298,1.042222,59.977945,-6.212825,1.039352,59.977861,-7.040762,1.055328,59.978261,-0.583198,0.996277,59.978233,-1.433975,1.040355,59.978348,-3.094256,1.055256,59.978383,0.841808,1.050714,59.978378,0.667260,1.045558,59.978331,-5.112437,1.060419,59.976287,-3.637080,1.059013,59.976909,-4.629029,1.046434,59.977383,-6.375329,1.055846,59.976608,-1.459422,1.054148,59.976523,1.013079,1.044140,59.974180,-2.748983,0.982709,59.984230,0.107308,0.984032,59.982628,2.448839,0.998493,59.978236,4.086597,1.013734,59.978289,3.219116,1.049687,59.978427,5.259776,1.063570,59.978433,7.659604,1.028167,59.975755,2.439826,1.025865,59.976360,7.361884,1.026627,59.977362,-8.825597,0.999619,0.999909,0.999780,0.999635,0.999671,0.999576,0.999618,0.999441,-42.541054,0.000000,5.245162,11.906508,4.297946,12.896496,20.682650,-38.032329,288.383297,447.800150,209.391350,467.503357,6.717002,286.592096,294.652499,141.504847,562.436988,245.394482,221.661074,276.382253,200.614467,124.488442,251.663684,184.493662,253.902685,8.239523,988.742731,2.149441,164.790455,75.230425,157.625653,78.812826,137.026846,28.927890,26.868009,92.246831,102.994035,75.767785,-82.574348,42.272334,15.225205,67.617823,24.718568,24.091648,4.119761,223.900075
7.520000,1.046581,59.977096,-7.354819,1.051778,59.976468,-4.901539,1.037518,59.977868,-7.408103,1.014333,59.979708,-8.307396,1.014854,59.980633,-7.453443,1.016818,59.980876,-6.871890,1.007211,59.980551,-8.790571,1.006171,59.980397,-9.225945,1.030385,59.978646,-9.036444,1.025393,59.980976,-4.631855,1.021452,59.980933,-5.393437,1.011274,59.980805,-5.352873,1.023248,59.980680,-5.219866,1.021675,59.979957,-6.582184,1.025952,59.978837,-6.608543,1.040586,59.978370,-5.227658,1.042209,59.978018,-6.224816,1.039349,59.977959,-7.053242,1.055286,59.978203,-0.593501,0.996226,59.978124,-1.444710,1.040323,59.978386,-3.103497,1.055222,59.978419,0.832808,1.050681,59.978415,0.658233,1.045529,59.978371,-5.121795,1.060464,59.976464,-3.660553,1.059024,59.976995,-4.648427,1.046436,59.977464,-6.391332,1.055838,59.976630,-1.481276,1.054133,59.976520,0.990496,1.044282,59.974592,-2.786590,0.982614,59.984243,0.140363,0.983946,59.982725,2.470721,0.998455,59.978150,4.075986,1.013669,59.978109,3.208460,1.049652,59.978458,5.251073,1.063536,59.978468,7.650961,1.028209,59.975911,2.412424,1.025832,59.976297,7.337856,1.026637,59.977470,-8.841624,0.999621,0.999910,0.999784,0.999632,0.999663,0.999577,0.999613,0.999457,-42.666336,0.000000,5.190030,11.786899,4.192918,12.752460,20.555471,-38.231654,288.383297,447.800150,209.391350,467.503357,6.717002,286.592096,294.652499,141.504847,562.436988,245.394482,221.661074,276.382253,200.614467,124.488442,251.663684,184.493662,253.902685,8.239523,988.742731,2.149441,164.790455,75.230425,157.625653,78.812826,137.026846,28.927890,26.868009,92.246831,102.994035,75.767785,-82.574348,42.272334,15.225205,67.617823,24.718568,24.091648,4.119761,223.900075
7.540000,1.046614,59.977261,-7.372904,1.051840,59.976715,-4.923783,1.037534,59.978015,-7.420709,1.014286,59.979774,-8.307097,1.014782,59.980665,-7.446627,1.016742,59.980901,-6.863356,1.007139,59.980584,-8.784342,1.006102,59.980435,-9.220805,1.030361,59.978728,-9.043725,1.025315,59.981007,-4.622575,1.021375,59.980962,-5.384470,1.011198,59.980838,-5.344814,1.023176,59.980715,-5.212699,1.021618,59.980004,-6.580176,1.025919,59.978880,-6.614630,1.040561,59.978410,-5.237123,1.042201,59.978096,-6.236652,1.039350,59.978064,-7.065377,1.055249,59.978151,-0.604591,0.996179,59.978025,-1.456576,1.040296,59.978424,-3.112854,1.055192,59.978453,0.823665,1.050652,59.978450,0.649071,1.045504,59.978411,-5.131255,1.060512,59.976673,-3.682998,1.059041,59.977102,-4.667504,1.046443,59.977560,-6.407079,1.055841,59.976677,-1.503250,1.054130,59.976543,0.967616,1.044427,59.975066,-2.821339,0.982515,59.984149,0.172636,0.983858,59.982742,2.492548,0.998420,59.978072,4.064399,1.013609,59.977941,3.196170,1.049621,59.978486,5.242190,1.063505,59.978499,7.642160,1.028252,59.976107,2.385934,1.025812,59.976263,7.313114,1.026648,59.977582,-8.857249,0.999622,0.999905,0.999785,0.999629,0.999655,0.999579,0.999609,0.999476,-42.789991,0.000000,5.136999,11.667039,4.085482,12.610044,20.427297,-38.422392,288.383297,447.800150,209.391350,467.503357,6.717002,286.592096,294.652499,141.504847,562.436988,245.394482,221.661074,276.382253,200.614467,124.488442,251.663684,184.493662,253.902685,8.239523,988.742731,2.149441,164.790455,75.230425,157.625653,78.812826,137.026846,28.927890,26.868009,92.246831,102.994035,75.767785,-82.574348,42.272334,15.225205,67.617823,24.718568,24.091648,4.119761,223.900075
7.560000,1.046649,59.977438,-7.389995,1.051906,59.976990,-4.944368,1.037553,59.978168,-7.432475,1.014243,59.979816,-8.306680,1.014713,59.980658,-7.440006,1.016668,59.980881,-6.855091,1.007070,59.980578,-8.778297,1.006036,59.980435,-9.215809,1.030339,59.978797,-9.050724,1.025240,59.980991,-4.613529,1.021300,59.980946,-5.375748,1.011124,59.980827,-5.336965,1.023106,59.980710,-5.205709,1.021564,59.980024,-6.578199,1.025891,59.978916,-6.620685,1.040543,59.978451,-5.246544,1.042199,59.978179,-6.248148,1.039356,59.978175,-7.076979,1.055217,59.978107,-0.616266,0.996139,59.977939,-1.469346,1.040275,59.978463,-3.122181,1.055169,59.978486,0.814518,1.050628,59.978485,0.639913,1.045484,59.978452,-5.140669,1.060563,59.976911,-3.704055,1.059065,59.977230,-4.685966,1.046456,59.977669,-6.422323,1.055855,59.976751,-1.525016,1.054138,59.976594,0.944779,1.044575,59.975596,-2.852665,0.982416,59.983953,0.203523,0.983770,59.982681,2.513900,0.998390,59.978005,4.052050,1.013554,59.977791,3.182503,1.049596,59.978513,5.233255,1.063480,59.978528,7.633326,1.028297,59.976343,2.360787,1.025805,59.976261,7.288023,1.026659,59.977697,-8.872302,0.999624,0.999896,0.999784,0.999627,0.999648,0.999582,0.999605,0.999498,-42.909890,0.000000,5.087027,11.549155,3.977870,12.471825,20.300509,-38.601175,288.383297,447.800150,209.391350,467.503357,6.717002,286.592096,294.652499,141.504847,562.436988,245.394482,221.661074,276.382253,200.614467,124.488442,251.663684,184.493662,253.902685,8.239523,988.742731,2.149441,164.790455,75.230425,157.625653,78.812826,137.026846,28.927890,26.868009,92.246831,102.994035,75.767785,-82.574348,42.272334,15.225205,67.617823,24.718568,24.091648,4.119761,223.900075
7.580000,1.046685,59.977625,-7.405875,1.051976,59.977288,-4.962981,1.037577,59.978326,-7.443227,1.014204,59.979834,-8.306180,1.014649,59.980612,-7.433727,1.016599,59.980819,-6.847272,1.007005,59.980535,-8.772576,1.005974,59.980401,-9.211079,1.030318,59.978854,-9.057393,1.025170,59.980932,-4.604906,1.021230,59.980886,-5.367453,1.011055,59.980775,-5.329493,1.023041,59.980665,-5.199046,1.021516,59.980017,-6.576315,1.025869,59.978946,-6.626621,1.040530,59.978495,-5.255771,1.042203,59.978269,-6.259126,1.039367,59.978291,-7.087869,1.055192,59.978074,-0.628319,0.996104,59.977869,-1.482778,1.040260,59.978504,-3.131334,1.055152,59.978521,0.805504,1.050611,59.978521,0.630896,1.045471,59.978496,-5.149888,1.060616,59.977175,-3.723391,1.059097,59.977378,-4.703527,1.046477,59.977793,-6.436827,1.055880,59.976850,-1.546248,1.054158,59.976673,0.922323,1.044727,59.976173,-2.880069,0.982320,59.983661,0.232451,0.983685,59.982547,2.534371,0.998364,59.977951,4.039163,1.013504,59.977662,3.167737,1.049578,59.978539,5.224396,1.063460,59.978555,7.624581,1.028344,59.976615,2.337391,1.025810,59.976292,7.262954,1.026670,59.977815,-8.886625,0.999626,0.999882,0.999780,0.999625,0.999641,0.999587,0.999603,0.999522,-43.024006,0.000000,5.040993,11.435398,3.872280,12.340288,20.177421,-38.764906,288.383297,447.800150,209.391350,467.503357,6.717002,286.592096,294.652499,141.504847,562.436988,245.394482,221.661074,276.382253,200.614467,124.488442,251.663684,184.493662,253.902685,8.239523,988.742731,2.149441,164.790455,75.230425,157.625653,78.812826,137.026846,28.927890,26.868009,92.246831,102.994035,75.767785,-82.574348,42.272334,15.225205,67.617823,24.718568,24.091648,4.119761,223.900075
7.600000,1.046723,59.977823,-7.420346,1.052052,59.977606,-4.979347,1.037607,59.978488,-7.452811,1.014173,59.979832,-8.305631,1.014591,59.980531,-7.427928,1.016537,59.980719,-6.840063,1.006947,59.980458,-8.767309,1.005919,59.980335,-9.206732,1.030301,59.978900,-9.063692,1.025106,59.980832,-4.596884,1.021167,59.980787,-5.359758,1.010993,59.980685,-5.322556,1.022983,59.980585,-5.192856,1.021474,59.979985,-6.574582,1.025854,59.978971,-6.632352,1.040525,59.978541,-5.264662,1.042213,59.978365,-6.269421,1.039385,59.978413,-7.097885,1.055173,59.978055,-0.640538,0.996075,59.977817,-1.496625,1.040253,59.978547,-3.140174,1.055142,59.978556,0.796752,1.050601,59.978558,0.622151,1.045465,59.978542,-5.158770,1.060673,59.977463,-3.740707,1.059135,59.977545,-4.719922,1.046504,59.977929,-6.450371,1.055915,59.976976,-1.566633,1.054190,59.976781,0.900580,1.044882,59.976788,-2.903134,0.982229,59.983282,0.258893,0.983605,59.982343,2.553570,0.998344,59.977912,4.025966,1.013460,59.977558,3.152163,1.049567,59.978565,5.215735,1.063448,59.978583,7.616044,1.028393,59.976921,2.316120,1.025827,59.976357,7.238272,1.026681,59.977936,-8.900072,0.999628,0.999864,0.999774,0.999623,0.999635,0.999592,0.999601,0.999548,-43.130447,0.000000,4.999681,11.327808,3.770838,12.217771,20.060243,-38.910814,288.383297,447.800150,209.391350,467.503357,6.717002,286.592096,294.652499,141.504847,562.436988,245.394482,221.661074,276.382253,200.614467,124.488442,251.663684,184.493662,253.902685,8.239523,988.742731,2.149441,164.790455,75.230425,157.625653,78.812826,137.026846,28.927890,26.868009,92.246831,102.994034,75.767785,-82.574348,42.272334,15.225205,67.617823,24.718568,24.091648,4.119761,223.900075
7.620000,1.046762,59.978028,-7.433239,1.052132,59.977939,-4.993232,1.037642,59.978653,-7.461093,1.014149,59.979810,-8.305068,1.014543,59.980418,-7.422738,1.016484,59.980583,-6.833617,1.006897,59.980351,-8.762616,1.005871,59.980240,-9.202871,1.030288,59.978936,-9.069582,1.025052,59.980695,-4.589630,1.021113,59.980651,-5.352825,1.010940,59.980561,-5.316302,1.022934,59.980472,-5.187271,1.021442,59.979932,-6.573054,1.025848,59.978993,-6.637800,1.040529,59.978591,-5.273082,1.042232,59.978467,-6.278877,1.039411,59.978540,-7.106883,1.055162,59.978049,-0.652716,0.996054,59.977785,-1.510637,1.040254,59.978593,-3.148570,1.055142,59.978594,0.788389,1.050600,59.978597,0.613804,1.045468,59.978593,-5.167179,1.060733,59.977770,-3.755742,1.059182,59.977731,-4.734907,1.046539,59.978079,-6.462752,1.055961,59.977128,-1.585872,1.054232,59.976918,0.879864,1.045040,59.977430,-2.921525,0.982145,59.982825,0.282371,0.983533,59.982076,2.571133,0.998329,59.977890,4.012686,1.013423,59.977481,3.136081,1.049565,59.978593,5.207389,1.063443,59.978611,7.607828,1.028444,59.977257,2.297311,1.025855,59.976458,7.214338,1.026694,59.978061,-8.912509,0.999629,0.999842,0.999766,0.999622,0.999630,0.999599,0.999600,0.999576,-43.227482,0.000000,4.963768,11.228273,3.675561,12.106432,19.951048,-39.036500,288.383297,447.800150,209.391350,467.503357,6.717002,286.592096,294.652499,141.504847,562.436988,245.394482,221.661074,276.382253,200.614467,124.488442,251.663684,184.493662,253.902685,8.239523,988.742731,2.149441,164.790455,75.230425,157.625653,78.812826,137.026846,28.927890,26.868009,92.246831,102.994034,75.767785,-82.574348,42.272334,15.225205,67.617823,24.718568,24.091648,4.119761,223.900075
7.640000,1.046803,59.978240,-7.444409,1.052218,59.978283,-5.004450,1.037685,59.978819,-7.467965,1.014135,59.979771,-8.304525,1.014505,59.980277,-7.418270,1.016441,59.980418,-6.828069,1.006858,59.980217,-8.758603,1.005834,59.980120,-9.199592,1.030280,59.978965,-9.075032,1.025008,59.980525,-4.583295,1.021069,59.980484,-5.346797,1.010898,59.980407,-5.310864,1.022895,59.980331,-5.182413,1.021419,59.979860,-6.571782,1.025851,59.979012,-6.642890,1.040541,59.978645,-5.280907,1.042259,59.978574,-6.287360,1.039444,59.978670,-7.114734,1.055158,59.978060,-0.664645,0.996039,59.977775,-1.524564,1.040264,59.978643,-3.156400,1.055150,59.978636,0.780529,1.050608,59.978640,0.605970,1.045479,59.978647,-5.174992,1.060797,59.978093,-3.768276,1.059235,59.977933,-4.748265,1.046582,59.978240,-6.473789,1.056016,59.977305,-1.603690,1.054285,59.977083,0.860476,1.045201,59.978088,-2.934999,0.982072,59.982301,0.302467,0.983469,59.981751,2.586726,0.998321,59.977887,3.999547,1.013392,59.977434,3.119796,1.049572,59.978623,5.199469,1.063447,59.978641,7.600036,1.028497,59.977619,2.281257,1.025894,59.976593,7.191499,1.026707,59.978189,-8.923819,0.999631,0.999817,0.999755,0.999622,0.999626,0.999606,0.999600,0.999605,-43.313576,0.000000,4.933813,11.138505,3.588319,12.008204,19.851740,-39.139977,288.383297,447.800150,209.391350,467.503357,6.717002,286.592096,294.652499,141.504847,562.436988,245.394482,221.661074,276.382253,200.614467,124.488442,251.663684,184.493662,253.902685,8.239523,988.742731,2.149441,164.790455,75.230425,157.625653,78.812826,137.026846,28.927890,26.868009,92.246831,102.994034,75.767785,-82.574348,42.272334,15.225205,67.617823,24.718568,24.091648,4.119761,223.900075
7.660000,1.046846,59.978455,-7.453743,1.052308,59.978633,-5.012866,1.037734,59.978985,-7.473344,1.014133,59.979717,-8.304034,1.014479,59.980114,-7.414623,1.016411,59.980226,-6.823535,1.006831,59.980060,-8.755361,1.005809,59.979979,-9.196974,1.030277,59.978986,-9.080011,1.024977,59.980328,-4.578011,1.021038,59.980289,-5.341802,1.010869,59.980227,-5.306357,1.022869,59.980165,-5.178389,1.021409,59.979771,-6.570810,1.025863,59.979029,-6.647554,1.040562,59.978704,-5.288024,1.042294,59.978686,-6.294750,1.039485,59.978804,-7.121334,1.055162,59.978086,-0.676131,0.996032,59.977788,-1.538164,1.040285,59.978697,-3.163554,1.055169,59.978680,0.773278,1.050626,59.978686,0.598754,1.045500,59.978706,-5.182096,1.060865,59.978426,-3.778137,1.059296,59.978149,-4.759807,1.046632,59.978410,-6.483325,1.056080,59.977505,-1.619831,1.054347,59.977274,0.842692,1.045364,59.978751,-2.943407,0.982011,59.981722,0.318834,0.983418,59.981378,2.600055,0.998318,59.977902,3.986766,1.013367,59.977418,3.103607,1.049589,59.978656,5.192075,1.063460,59.978672,7.592765,1.028553,59.978001,2.268197,1.025943,59.976762,7.170085,1.026722,59.978319,-8.933902,0.999634,0.999789,0.999743,0.999622,0.999622,0.999615,0.999601,0.999633,-43.387407,0.000000,4.910249,11.060009,3.510805,11.924768,19.764022,-39.219699,288.383297,447.800150,209.391350,467.503357,6.717002,286.592096,294.652499,141.504847,562.436988,245.394482,221.661074,276.382253,200.614467,124.488442,251.663684,184.493662,253.902685,8.239523,988.742731,2.149441,164.790455,75.230425,157.625653,78.812826,137.026846,28.927890,26.868009,92.246831,102.994034,75.767785,-82.574348,42.272334,15.225205,67.617823,24.718568,24.091648,4.119761,223.900075
7.680000,1.046890,59.978672,-7.461156,1.052403,59.978983,-5.018394,1.037791,59.979149,-7.477175,1.014142,59.979651,-8.303625,1.014467,59.979931,-7.411878,1.016395,59.980014,-6.820111,1.006817,59.979886,-8.752967,1.005797,59.979822,-9.195086,1.030280,59.979002,-9.084498,1.024959,59.980108,-4.573888,1.021021,59.980073,-5.337944,1.010854,59.980026,-5.302879,1.022857,59.979979,-5.175288,1.021410,59.979669,-6.570176,1.025887,59.979045,-6.651735,1.040593,59.978768,-5.294333,1.042338,59.978803,-6.300950,1.039534,59.978939,-7.126601,1.055174,59.978129,-0.686988,0.996032,59.977824,-1.551204,1.040315,59.978756,-3.169936,1.055197,59.978729,0.766730,1.050654,59.978735,0.592250,1.045531,59.978769,-5.188393,1.060936,59.978766,-3.785202,1.059364,59.978377,-4.769376,1.046691,59.978589,-6.491232,1.056153,59.977727,-1.634071,1.054417,59.977490,0.826762,1.045530,59.979409,-2.946695,0.981964,59.981100,0.331195,0.983379,59.980963,2.610865,0.998323,59.977938,3.974549,1.013348,59.977434,3.087809,1.049616,59.978692,5.185296,1.063483,59.978707,7.586098,1.028611,59.978397,2.258318,1.026000,59.976965,7.150405,1.026738,59.978452,-8.942672,0.999636,0.999760,0.999729,0.999622,0.999620,0.999624,0.999603,0.999662,-43.447887,0.000000,4.893378,10.994060,3.444505,11.857520,19.689375,-39.274583,288.383297,447.800150,209.391350,467.503357,6.717002,286.592096,294.652499,141.504847,562.436988,245.394482,221.661074,276.382253,200.614467,124.488442,251.663684,184.493662,253.902685,8.239523,988.742731,2.149441,164.790455,75.230425,157.625653,78.812826,137.026846,28.927890,26.868009,92.246831,102.994034,75.767785,-82.574348,42.272334,15.225205,67.617823,24.718568,24.091648,4.119761,223.900075
7.700000,1.046937,59.978888,-7.466594,1.052503,59.979329,-5.021002,1.037856,59.979309,-7.479429,1.014164,59.979575,-8.303325,1.014469,59.979735,-7.410100,1.016394,59.979787,-6.817870,1.006818,59.979698,-8.751478,1.005799,59.979652,-9.193976,1.030291,59.979015,-9.088471,1.024957,59.979871,-4.571016,1.021019,59.979840,-5.335306,1.010854,59.979809,-5.300507,1.022859,59.979778,-5.173181,1.021426,59.979556,-6.569910,1.025921,59.979062,-6.655383,1.040633,59.978835,-5.299751,1.042391,59.978922,-6.305883,1.039592,59.979075,-7.130477,1.055194,59.978189,-0.697046,0.996039,59.977883,-1.563467,1.040355,59.978818,-3.175463,1.055236,59.978781,0.760964,1.050692,59.978789,0.586536,1.045571,59.978837,-5.193798,1.061012,59.979107,-3.789397,1.059439,59.978613,-4.776852,1.046756,59.978774,-6.497409,1.056234,59.977967,-1.646215,1.054495,59.977729,0.812908,1.045697,59.980050,-2.944902,0.981934,59.980449,0.339351,0.983355,59.980515,2.618951,0.998334,59.977992,3.963088,1.013335,59.977481,3.072682,1.049653,59.978732,5.179212,1.063516,59.978745,7.580110,1.028671,59.978802,2.251747,1.026065,59.977199,7.132740,1.026755,59.978586,-8.950063,0.999638,0.999728,0.999713,0.999623,0.999619,0.999633,0.999606,0.999690,-43.494179,0.000000,4.883370,10.941688,3.390677,11.807547,19.629031,-39.304024,288.383297,447.800150,209.391350,467.503357,6.717002,286.592096,294.652499,141.504847,562.436988,245.394482,221.661074,276.382253,200.614467,124.488442,251.663684,184.493662,253.902685,8.239523,988.742731,2.149441,164.790455,75.230425,157.625653,78.812826,137.026846,28.927890,26.868009,92.246831,102.994034,75.767785,-82.574348,42.272334,15.225205,67.617823,24.718568,24.091648,4.119761,223.900075
7.720000,1.046985,59.979102,-7.470035,1.052608,59.979665,-5.020710,1.037927,59.979463,-7.480108,1.014199,59.979491,-8.303159,1.014487,59.979529,-7.409330,1.016409,59.979550,-6.816862,1.006834,59.979501,-8.750932,1.005815,59.979474,-9.193680,1.030308,59.979025,-9.091914,1.024970,59.979622,-4.569458,1.021034,59.979596,-5.333947,1.010871,59.979582,-5.299296,1.022878,59.979567,-5.172122,1.021455,59.979437,-6.570035,1.025966,59.979079,-6.658457,1.040684,59.978907,-5.304213,1.042452,59.979043,-6.309497,1.039658,59.979209,-7.132930,1.055222,59.978265,-0.706151,0.996052,59.977964,-1.574754,1.040405,59.978885,-3.180069,1.055286,59.978838,0.756044,1.050741,59.978847,0.581677,1.045621,59.978909,-5.198247,1.061092,59.979444,-3.790702,1.059519,59.978855,-4.782148,1.046829,59.978963,-6.501787,1.056320,59.978224,-1.656105,1.054580,59.977988,0.801316,1.045866,59.980663,-2.938164,0.981922,59.979781,0.343186,0.983346,59.980045,2.624158,0.998352,59.978066,3.952558,1.013328,59.977560,3.058486,1.049700,59.978777,5.173885,1.063559,59.978786,7.574859,1.028734,59.979208,2.248552,1.026136,59.977462,7.117342,1.026773,59.978723,-8.956025,0.999640,0.999696,0.999697,0.999625,0.999619,0.999643,0.999610,0.999716,-43.525703,0.000000,4.880259,10.903659,3.350327,11.775613,19.583965,-39.307898,288.383297,447.800150,209.391350,467.503357,6.717002,286.592096,294.652499,141.504847,562.436988,245.394482,221.661074,276.382253,200.614467,124.488442,251.663684,184.493662,253.902685,8.239523,988.742731,2.149441,164.790455,75.230425,157.625653,78.812826,137.026846,28.927890,26.868009,92.246831,102.994034,75.767785,-82.574348,42.272334,15.225205,67.617823,24.718568,24.091648,4.119761,223.900075
7.740000,1.047035,59.979310,-7.471489,1.052716,59.979987,-5.017588,1.038007,59.979609,-7.479240,1.014248,59.979403,-8.303147,1.014521,59.979319,-7.409592,1.016441,59.979309,-6.817112,1.006866,59.979301,-8.751348,1.005847,59.979292,-9.194214,1.030333,59.979035,-9.094816,1.025001,59.979367,-4.569254,1.021064,59.979347,-5.333902,1.010904,59.979349,-5.299280,1.022912,59.979350,-5.172141,1.021499,59.979314,-6.570567,1.026022,59.979098,-6.660928,1.040744,59.978983,-5.307667,1.042522,59.979166,-6.311762,1.039731,59.979342,-7.133953,1.055258,59.978356,-0.714171,0.996073,59.978067,-1.584887,1.040466,59.978956,-3.183707,1.055345,59.978899,0.752021,1.050800,59.978908,0.577721,1.045680,59.978985,-5.201691,1.061176,59.979772,-3.789146,1.059605,59.979100,-4.785218,1.046908,59.979153,-6.504327,1.056411,59.978493,-1.663616,1.054669,59.978264,0.792138,1.046035,59.981238,-2.926704,0.981928,59.979110,0.342663,0.983353,59.979561,2.626385,0.998376,59.978159,3.943114,1.013327,59.977668,3.045462,1.049758,59.978826,5.169369,1.063612,59.978831,7.570393,1.028799,59.979610,2.248738,1.026211,59.977751,7.104428,1.026793,59.978861,-8.960527,0.999643,0.999663,0.999680,0.999627,0.999620,0.999654,0.999615,0.999741,-43.542145,0.000000,4.883950,10.880471,3.324201,11.762146,19.554875,-39.286556,288.383297,447.800150,209.391350,467.503357,6.717002,286.592096,294.652499,141.504847,562.436988,245.394482,221.661074,276.382253,200.614467,124.488442,251.663684,184.493662,253.902685,8.239523,988.742731,2.149441,164.790455,75.230425,157.625653,78.812826,137.026846,28.927890,26.868009,92.246831,102.994034,75.767785,-82.574348,42.272334,15.225205,67.617823,24.718568,24.091648,4.119761,223.900075
7.760000,1.047086,59.979512,-7.470993,1.052827,59.980289,-5.011760,1.038093,59.979747,-7.476880,1.014310,59.979312,-8.303305,1.014571,59.979110,-7.410890,1.016489,59.979069,-6.818621,1.006914,59.979102,-8.752728,1.005895,59.979111,-9.195579,1.030365,59.979046,-9.097167,1.025048,59.979111,-4.570417,1.021112,59.979097,-5.335179,1.010954,59.979116,-5.300468,1.022962,59.979133,-5.173250,1.021557,59.979191,-6.571512,1.026089,59.979119,-6.662779,1.040812,59.979062,-5.310086,1.042600,59.979287,-6.312673,1.039813,59.979470,-7.133564,1.055301,59.978461,-0.720993,0.996099,59.978190,-1.593712,1.040536,59.979030,-3.186344,1.055415,59.978963,0.748927,1.050868,59.978973,0.574700,1.045749,59.979063,-5.204099,1.061263,59.980087,-3.784812,1.059695,59.979344,-4.786052,1.046994,59.979342,-6.505024,1.056506,59.978772,-1.668663,1.054762,59.978554,0.785488,1.046205,59.981767,-2.910832,0.981953,59.978450,0.337828,0.983378,59.979074,2.625583,0.998406,59.978268,3.934890,1.013331,59.977804,3.033819,1.049825,59.978879,5.165701,1.063675,59.978880,7.566746,1.028866,59.980001,2.252246,1.026290,59.978063,7.094177,1.026814,59.979000,-8.963555,0.999645,0.999631,0.999662,0.999630,0.999622,0.999664,0.999621,0.999764,-43.543456,0.000000,4.894222,10.872347,3.312766,11.767232,19.542178,-39.240810,288.383297,447.800150,209.391350,467.503357,6.717002,286.592096,294.652499,141.504847,562.436988,245.394482,221.661074,276.382253,200.614467,124.488442,251.663684,184.493662,253.902685,8.239523,988.742731,2.149441,164.790455,75.230425,157.625653,78.812826,137.026846,28.927890,26.868009,92.246831,102.994034,75.767785,-82.574348,42.272334,15.225205,67.617823,24.718568,24.091648,4.119761,223.900075
7.780000,1.047139,59.979705,-7.468613,1.052941,59.980568,-5.003391,1.038185,59.979873,-7.473109,1.014386,59.979222,-8.303647,1.014638,59.978906,-7.413204,1.016554,59.978835,-6.821364,1.006978,59.978908,-8.755051,1.005958,59.978935,-9.197756,1.030405,59.979059,-9.098962,1.025111,59.978860,-4.572934,1.021176,59.978853,-5.337762,1.011020,59.978887,-5.302847,1.023028,59.978920,-5.175438,1.021630,59.979070,-6.572868,1.026165,59.979142,-6.663999,1.040889,59.979144,-5.311455,1.042685,59.979407,-6.312246,1.039901,59.979593,-7.131804,1.055351,59.978579,-0.726529,0.996131,59.978330,-1.601104,1.040615,59.979107,-3.187967,1.055493,59.979031,0.746781,1.050946,59.979042,0.572632,1.045826,59.979145,-5.205459,1.061354,59.980382,-3.777830,1.059789,59.979584,-4.784676,1.047084,59.979528,-6.503902,1.056603,59.979058,-1.671202,1.054856,59.978854,0.781440,1.046375,59.982239,-2.890932,0.981997,59.977813,0.328806,0.983419,59.978593,2.621763,0.998442,59.978394,3.927996,1.013340,59.977966,3.023743,1.049901,59.978936,5.162902,1.063747,59.978933,7.563936,1.028935,59.980374,2.258959,1.026371,59.978394,7.086728,1.026837,59.979139,-8.965111,0.999648,0.999600,0.999645,0.999633,0.999625,0.999674,0.999627,0.999785,-43.529847,0.000000,4.910736,10.879238,3.316215,11.790617,19.546008,-39.171915,288.383297,447.800150,209.391350,467.503357,6.717002,286.592096,294.652499,141.504847,562.436988,245.394482,221.661074,276.382253,200.614467,124.488442,251.663684,184.493662,253.902685,8.239523,988.742731,2.149441,164.790455,75.230425,157.625653,78.812826,137.026846,28.927890,26.868009,92.246831,102.994034,75.767785,-82.574348,42.272334,15.225205,67.617823,24.718568,24.091648,4.119761,223.900075
7.800000,1.047194,59.979887,-7.464445,1.053057,59.980818,-4.992694,1.038283,59.979988,-7.468030,1.014474,59.979134,-8.304179,1.014719,59.978711,-7.416498,1.016634,59.978613,-6.825295,1.007057,59.978725,-8.758278,1.006035,59.978769,-9.200712,1.030452,59.979076,-9.100199,1.025190,59.978619,-4.576765,1.021256,59.978620,-5.341609,1.011103,59.978669,-5.306382,1.023110,59.978716,-5.178675,1.021715,59.978954,-6.574624,1.026251,59.979168,-6.664593,1.040974,59.979227,-5.311782,1.042776,59.979523,-6.310524,1.039995,59.979710,-7.128740,1.055406,59.978709,-0.730715,0.996168,59.978487,-1.606964,1.040701,59.979185,-3.188580,1.055580,59.979101,0.745583,1.051032,59.979113,0.571516,1.045911,59.979228,-5.205778,1.061447,59.980654,-3.768374,1.059886,59.979816,-4.781156,1.047178,59.979709,-6.501017,1.056701,59.979346,-1.671224,1.054951,59.979160,0.780027,1.046544,59.982649,-2.867461,0.982060,59.977212,0.315798,0.983477,59.978127,2.614989,0.998483,59.978533,3.922518,1.013352,59.978150,3.015381,1.049986,59.978997,5.160982,1.063828,59.978989,7.561969,1.029006,59.980723,2.268701,1.026451,59.978740,7.082180,1.026861,59.979279,-8.965214,0.999651,0.999569,0.999627,0.999636,0.999629,0.999684,0.999635,0.999802,-43.501782,0.000000,4.933042,10.900826,3.334463,11.831714,19.566219,-39.081534,288.383297,447.800150,209.391350,467.503357,6.717002,286.592096,294.652499,141.504847,562.436988,245.394482,221.661074,276.382253,200.614467,124.488442,251.663684,184.493662,253.902685,8.239523,988.742731,2.149441,164.790455,75.230425,157.625653,78.812826,137.026846,28.927890,26.868009,92.246831,102.994034,75.767785,-82.574348,42.272334,15.225205,67.617823,24.718568,24.091648,4.119761,223.900075
7.820000,1.047249,59.980057,-7.458604,1.053175,59.981037,-4.979917,1.038386,59.980090,-7.461770,1.014574,59.979052,-8.304905,1.014815,59.978531,-7.420714,1.016730,59.978406,-6.830341,1.007150,59.978555,-8.762353,1.006127,59.978615,-9.204395,1.030505,59.979097,-9.100879,1.025285,59.978394,-4.581849,1.021351,59.978402,-5.346655,1.011201,59.978465,-5.311013,1.023206,59.978525,-5.182910,1.021813,59.978847,-6.576762,1.026345,59.979197,-6.664574,1.041065,59.979311,-5.311089,1.042872,59.979635,-6.307568,1.040095,59.979818,-7.124457,1.055466,59.978847,-0.733513,0.996209,59.978656,-1.611224,1.040795,59.979266,-3.188203,1.055674,59.979174,0.745319,1.051125,59.979186,0.571335,1.046002,59.979312,-5.205080,1.061543,59.980899,-3.756663,1.059984,59.980039,-4.775592,1.047276,59.979881,-6.496453,1.056798,59.979632,-1.668764,1.055044,59.979468,0.781243,1.046712,59.982990,-2.840934,0.982141,59.976657,0.299077,0.983552,59.977685,2.605379,0.998529,59.978685,3.918514,1.013368,59.978354,3.008848,1.050077,59.979062,5.159934,1.063917,59.979048,7.560836,1.029078,59.981042,2.281241,1.026529,59.979096,7.080585,1.026887,59.979418,-8.963899,0.999653,0.999541,0.999611,0.999640,0.999633,0.999694,0.999643,0.999816,-43.459965,0.000000,4.960596,10.936539,3.367152,11.889619,19.602388,-38.971703,288.383297,447.800150,209.391350,467.503357,6.717002,286.592096,294.652499,141.504847,562.436988,245.394482,221.661074,276.382253,200.614467,124.488442,251.663684,184.493662,253.902685,8.239523,988.742731,2.149441,164.790455,75.230425,157.625653,78.812826,137.026846,28.927890,26.868009,92.246831,102.994034,75.767785,-82.574348,42.272334,15.225205,67.617823,24.718568,24.091648,4.119761,223.900075
7.840000,1.047305,59.980213,-7.451231,1.053293,59.981222,-4.965345,1.038493,59.980177,-7.454472,1.014684,59.978977,-8.305820,1.014925,59.978369,-7.425777,1.016840,59.978221,-6.836412,1.007257,59.978403,-8.767203,1.006232,59.978479,-9.208739,1.030565,59.979126,-9.101004,1.025394,59.978189,-4.588097,1.021460,59.978204,-5.352812,1.011313,59.978279,-5.316663,1.023315,59.978351,-5.188073,1.021922,59.978751,-6.579254,1.026446,59.979229,-6.663963,1.041161,59.979395,-5.309419,1.042973,59.979742,-6.303461,1.040199,59.979917,-7.119064,1.055531,59.978993,-0.734907,0.996253,59.978836,-1.613846,1.040895,59.979347,-3.186876,1.055774,59.979249,0.745957,1.051225,59.979260,0.572058,1.046099,59.979396,-5.203407,1.061640,59.981114,-3.742953,1.060082,59.980248,-4.768114,1.047376,59.980043,-6.490322,1.056892,59.979913,-1.663894,1.055135,59.979774,0.785040,1.046878,59.983256,-2.811918,0.982240,59.976158,0.278980,0.983641,59.977276,2.593102,0.998578,59.978846,3.916015,1.013387,59.978573,3.004222,1.050175,59.979130,5.159737,1.064012,59.979111,7.560515,1.029151,59.981326,2.296295,1.026604,59.979458,7.081952,1.026914,59.979557,-8.961214,0.999656,0.999515,0.999595,0.999644,0.999639,0.999703,0.999652,0.999827,-43.405321,0.000000,4.992767,10.985562,3.413665,11.963127,19.653829,-38.844789,288.383297,447.800150,209.391350,467.503357,6.717002,286.592096,294.652499,141.504847,562.436988,245.394482,221.661074,276.382253,200.614467,124.488442,251.663684,184.493662,253.902685,8.239523,988.742731,2.149441,164.790455,75.230425,157.625653,78.812826,137.026846,28.927890,26.868009,92.246831,102.994034,75.767785,-82.574348,42.272334,15.225205,67.617823,24.718568,24.091648,4.119761,223.900075
7.860000,1.047361,59.980355,-7.442485,1.053410,59.981371,-4.949288,1.038604,59.980250,-7.446297,1.014803,59.978912,-8.306918,1.015046,59.978229,-7.431595,1.016962,59.978060,-6.843395,1.007375,59.978272,-8.772736,1.006348,59.978362,-9.213664,1.030630,59.979161,-9.100580,1.025515,59.978008,-4.595400,1.021582,59.978031,-5.359970,1.011437,59.978117,-5.323232,1.023437,59.978199,-5.194077,1.022042,59.978668,-6.582065,1.026553,59.979264,-6.662793,1.041262,59.979479,-5.306827,1.043076,59.979841,-6.298303,1.040305,59.980007,-7.112684,1.055598,59.979145,-0.734911,0.996300,59.979023,-1.614823,1.040999,59.979428,-3.184650,1.055879,59.979324,0.747454,1.051329,59.979336,0.573638,1.046201,59.979479,-5.200815,1.061738,59.981295,-3.727531,1.060180,59.980441,-4.758887,1.047476,59.980194,-6.482761,1.056983,59.980185,-1.656722,1.055220,59.980074,0.791329,1.047042,59.983445,-2.781016,0.982354,59.975726,0.255901,0.983745,59.976908,2.578375,0.998630,59.979015,3.915028,1.013408,59.978804,3.001545,1.050277,59.979201,5.160358,1.064112,59.979176,7.560971,1.029224,59.981571,2.313537,1.026673,59.979820,7.086245,1.026942,59.979694,-8.957223,0.999659,0.999493,0.999580,0.999648,0.999644,0.999710,0.999661,0.999834,-43.338979,0.000000,5.028854,11.046855,3.473139,12.050761,19.719608,-38.703437,288.383297,447.800150,209.391350,467.503357,6.717002,286.592096,294.652499,141.504847,562.436988,245.394482,221.661074,276.382253,200.614467,124.488442,251.663684,184.493662,253.902685,8.239523,988.742731,2.149441,164.790455,75.230425,157.625653,78.812826,137.026846,28.927890,26.868009,92.246831,102.994034,75.767785,-82.574348,42.272334,15.225205,67.617823,24.718568,24.091648,4.119761,223.900075
7.880000,1.047418,59.980480,-7.432540,1.053527,59.981482,-4.932078,1.038716,59.980307,-7.437416,1.014931,59.978858,-8.308186,1.015178,59.978114,-7.438062,1.017095,59.977927,-6.851163,1.007504,59.978166,-8.778850,1.006474,59.978268,-9.219079,1.030701,59.979204,-9.099614,1.025647,59.977855,-4.603631,1.021715,59.977885,-5.368002,1.011573,59.977980,-5.330606,1.023568,59.978071,-5.200818,1.022169,59.978600,-6.585152,1.026664,59.979303,-6.661103,1.041366,59.979562,-5.303386,1.043182,59.979933,-6.292212,1.040414,59.980086,-7.105456,1.055668,59.979299,-0.733559,0.996348,59.979215,-1.614177,1.041106,59.979508,-3.181593,1.055987,59.979401,0.749751,1.051438,59.979412,0.576017,1.046305,59.979561,-5.197376,1.061838,59.981441,-3.710713,1.060275,59.980616,-4.748098,1.047576,59.980330,-6.473928,1.057068,59.980445,-1.647393,1.055299,59.980363,0.799987,1.047203,59.983554,-2.748859,0.982482,59.975367,0.230285,0.983862,59.976588,2.561460,0.998684,59.979188,3.915531,1.013429,59.979042,3.000820,1.050382,59.979274,5.161749,1.064217,59.979243,7.562156,1.029298,59.981773,2.332602,1.026737,59.980178,7.093382,1.026971,59.979830,-8.951998,0.999661,0.999473,0.999567,0.999652,0.999651,0.999717,0.999670,0.999838,-43.262245,0.000000,5.068104,11.119181,3.544487,12.150801,19.798564,-38.550521,288.383297,447.800150,209.391350,467.503357,6.717002,286.592096,294.652499,141.504847,562.436988,245.394482,221.661074,276.382253,200.614467,124.488442,251.663684,184.493662,253.902685,8.239523,988.742731,2.149441,164.790455,75.230425,157.625653,78.812826,137.026846,28.927890,26.868009,92.246831,102.994034,75.767785,-82.574348,42.272334,15.225205,67.617823,24.718568,24.091648,4.119761,223.900075
7.900000,1.047475,59.980590,-7.421581,1.053642,59.981554,-4.914065,1.038829,59.980349,-7.428010,1.015064,59.978817,-8.309605,1.015318,59.978026,-7.445058,1.017237,59.977825,-6.859571,1.007642,59.978087,-8.785429,1.006608,59.978199,-9.224878,1.030775,59.979256,-9.098116,1.025789,59.977734,-4.612643,1.021857,59.977771,-5.376763,1.011717,59.977873,-5.338653,1.023709,59.977971,-5.208178,1.022304,59.978550,-6.588468,1.026779,59.979344,-6.658941,1.041471,59.979642,-5.299181,1.043289,59.980016,-6.285318,1.040524,59.980154,-7.097530,1.055738,59.979454,-0.730910,0.996396,59.979408,-1.611962,1.041216,59.979586,-3.177785,1.056098,59.979477,0.752777,1.051548,59.979488,0.579122,1.046411,59.979642,-5.193174,1.061937,59.981549,-3.692834,1.060368,59.980770,-4.735963,1.047675,59.980451,-6.464000,1.057146,59.980689,-1.636083,1.055371,59.980639,0.810852,1.047362,59.983584,-2.716094,0.982623,59.975087,0.202616,0.983990,59.976321,2.542656,0.998740,59.979364,3.917477,1.013452,59.979285,3.002013,1.050490,59.979348,5.163850,1.064325,59.979312,7.564014,1.029372,59.981929,2.353093,1.026792,59.980527,7.103240,1.027001,59.979963,-8.945626,0.999664,0.999457,0.999555,0.999656,0.999658,0.999723,0.999679,0.999838,-43.176576,0.000000,5.109721,11.201124,3.626417,12.261316,19.889328,-38.389085,288.383297,447.800150,209.391350,467.503357,6.717002,286.592096,294.652499,141.504847,562.436988,245.394482,221.661074,276.382253,200.614467,124.488442,251.663684,184.493662,253.902685,8.239523,988.742731,2.149441,164.790455,75.230425,157.625653,78.812826,137.026846,28.927890,26.868009,92.246831,102.994034,75.767785,-82.574348,42.272334,15.225205,67.617823,24.718568,24.091648,4.119761,223.900075
7.920000,1.047531,59.980683,-7.409806,1.053754,59.981588,-4.895603,1.038943,59.980377,-7.418265,1.015202,59.978790,-8.311153,1.015465,59.977967,-7.452454,1.017386,59.977756,-6.868462,1.007786,59.978037,-8.792346,1.006749,59.978157,-9.230949,1.030853,59.979318,-9.096098,1.025938,59.977646,-4.622274,1.022006,59.977690,-5.386095,1.011869,59.977797,-5.347229,1.023856,59.977900,-5.216027,1.022443,59.978519,-6.591957,1.026895,59.979390,-6.656361,1.041577,59.979720,-5.294305,1.043395,59.980091,-6.277763,1.040633,59.980210,-7.089065,1.055809,59.979608,-0.727047,0.996445,59.979600,-1.608256,1.041326,59.979663,-3.173316,1.056209,59.979552,0.756451,1.051660,59.979563,0.582870,1.046518,59.979719,-5.188306,1.062035,59.981619,-3.674244,1.060456,59.980902,-4.722711,1.047771,59.980556,-6.453172,1.057216,59.980914,-1.623000,1.055434,59.980898,0.823729,1.047516,59.983535,-2.683368,0.982774,59.974891,0.173409,0.984127,59.976113,2.522296,0.998796,59.979540,3.920793,1.013474,59.979528,3.005058,1.050598,59.979423,5.166592,1.064435,59.979382,7.566473,1.029446,59.982036,2.374590,1.026837,59.980862,7.115652,1.027032,59.980094,-8.938199,0.999667,0.999444,0.999545,0.999661,0.999664,0.999728,0.999689,0.999834,-43.083555,0.000000,5.152890,11.291123,3.717463,12.380206,19.990350,-38.222282,288.383297,447.800150,209.391350,467.503357,6.717002,286.592096,294.652499,141.504847,562.436988,245.394482,221.661074,276.382253,200.614467,124.488442,251.663684,184.493662,253.902685,8.239523,988.742731,2.149441,164.790455,75.230425,157.625653,78.812826,137.026846,28.927890,26.868009,92.246831,102.994034,75.767785,-82.574348,42.272334,15.225205,67.617823,24.718568,24.091648,4.119761,223.900075
7.940000,1.047588,59.980760,-7.397414,1.053864,59.981583,-4.877052,1.039055,59.980390,-7.408369,1.015344,59.978780,-8.312802,1.015617,59.977940,-7.460110,1.017541,59.977722,-6.877673,1.007936,59.978017,-8.799468,1.006895,59.978144,-9.237174,1.030933,59.979390,-9.093573,1.026092,59.977595,-4.632353,1.022161,59.977645,-5.395829,1.012026,59.977755,-5.356180,1.024008,59.977861,-5.224225,1.022586,59.978508,-6.595561,1.027012,59.979438,-6.653419,1.041682,59.979795,-5.288864,1.043499,59.980155,-6.269695,1.040741,59.980255,-7.080228,1.055878,59.979759,-0.722070,0.996492,59.979788,-1.603165,1.041435,59.979737,-3.168287,1.056320,59.979627,0.760682,1.051771,59.979636,0.587170,1.046624,59.979793,-5.182875,1.062133,59.981652,-3.655300,1.060540,59.981012,-4.708591,1.047864,59.980644,-6.441645,1.057276,59.981117,-1.608374,1.055487,59.981135,0.838393,1.047668,59.983410,-2.651318,0.982932,59.974781,0.143199,0.984271,59.975968,2.500739,0.998851,59.979714,3.925384,1.013495,59.979766,3.009851,1.050706,59.979498,5.169896,1.064544,59.979452,7.569459,1.029519,59.982094,2.396658,1.026873,59.981178,7.130412,1.027063,59.980223,-8.929822,0.999670,0.999436,0.999538,0.999665,0.999671,0.999731,0.999698,0.999827,-42.984857,0.000000,5.196787,11.387498,3.816015,12.505238,20.099931,-38.053318,288.383297,447.800150,209.391350,467.503357,6.717002,286.592096,294.652499,141.504847,562.436988,245.394482,221.661074,276.382253,200.614467,124.488442,251.663684,184.493662,253.902685,8.239523,988.742731,2.149441,164.790455,75.230425,157.625653,78.812826,137.026846,28.927890,26.868009,92.246831,102.994034,75.767785,-82.574348,42.272334,15.225205,67.617823,24.718568,24.091648,4.119761,223.900075
7.960000,1.047644,59.980821,-7.384608,1.053970,59.981543,-4.858764,1.039166,59.980389,-7.398508,1.015486,59.978786,-8.314521,1.015772,59.977946,-7.467883,1.017698,59.977725,-6.887030,1.008088,59.978029,-8.806656,1.007044,59.978161,-9.243426,1.031014,59.979471,-9.090555,1.026250,59.977582,-4.642699,1.022319,59.977638,-5.405787,1.012186,59.977748,-5.365344,1.024163,59.977854,-5.232625,1.022730,59.978519,-6.599215,1.027128,59.979491,-6.650178,1.041785,59.979866,-5.282971,1.043601,59.980211,-6.261271,1.040847,59.980289,-7.071184,1.055946,59.979904,-0.716099,0.996537,59.979969,-1.596819,1.041543,59.979809,-3.162805,1.056429,59.979699,0.765372,1.051881,59.979707,0.591922,1.046728,59.979864,-5.176994,1.062228,59.981647,-3.636360,1.060618,59.981097,-4.693859,1.047952,59.980714,-6.429635,1.057327,59.981296,-1.592462,1.055529,59.981349,0.854592,1.047815,59.983213,-2.620560,0.983097,59.974760,0.112531,0.984421,59.975888,2.478363,0.998905,59.979882,3.931133,1.013514,59.979997,3.016261,1.050812,59.979573,5.173673,1.064654,59.979523,7.572884,1.029590,59.982103,2.418855,1.026897,59.981471,7.147276,1.027095,59.980348,-8.920600,0.999672,0.999432,0.999532,0.999669,0.999678,0.999733,0.999707,0.999817,-42.882219,0.000000,5.240598,11.488485,3.920346,12.634095,20.216246,-37.885389,288.383297,447.800150,209.391350,467.503357,6.717002,286.592096,294.652499,141.504847,562.436988,245.394482,221.661074,276.382253,200.614467,124.488442,251.663684,184.493662,253.902685,8.239523,988.742731,2.149441,164.790455,75.230425,157.625653,78.812826,137.026846,28.927890,26.868009,92.246831,102.994034,75.767785,-82.574348,42.272334,15.225205,67.617823,24.718568,24.091648,4.119761,223.900075
7.980000,1.047699,59.980867,-7.371589,1.054072,59.981468,-4.841081,1.039275,59.980377,-7.388861,1.015628,59.978809,-8.316273,1.015928,59.977984,-7.475625,1.017857,59.977764,-6.896360,1.008242,59.978074,-8.813769,1.007193,59.978208,-9.249581,1.031097,59.979563,-9.087062,1.026409,59.977607,-4.653126,1.022478,59.977668,-5.415789,1.012347,59.977777,-5.374556,1.024319,59.977882,-5.241076,1.022874,59.978551,-6.602853,1.027241,59.979546,-6.646702,1.041885,59.979933,-5.276741,1.043699,59.980257,-6.252648,1.040949,59.980312,-7.062101,1.056010,59.980042,-0.709270,0.996579,59.980141,-1.589366,1.041647,59.979876,-3.156982,1.056536,59.979769,0.770416,1.051988,59.979777,0.597022,1.046829,59.979930,-5.170779,1.062322,59.981606,-3.617775,1.060690,59.981158,-4.678781,1.048035,59.980766,-6.417356,1.057367,59.981448,-1.575537,1.055560,59.981535,0.872053,1.047958,59.982951,-2.591677,0.983265,59.974827,0.081950,0.984574,59.975876,2.455559,0.998958,59.980043,3.937904,1.013531,59.980216,3.024127,1.050915,59.979648,5.177830,1.064761,59.979593,7.576658,1.029661,59.982064,2.440740,1.026909,59.981736,7.165970,1.027127,59.980470,-8.910648,0.999675,0.999431,0.999529,0.999673,0.999685,0.999733,0.999716,0.999803,-42.777408,0.000000,5.283532,11.592264,4.028649,12.764417,20.337385,-37.721618,288.383297,447.800150,209.391350,467.503357,6.717002,286.592096,294.652499,141.504847,562.436988,245.394482,221.661074,276.382253,200.614467,124.488442,251.663684,184.493662,253.902685,8.239523,988.742731,2.149441,164.790455,75.230425,157.625653,78.812826,137.026846,28.927890,26.868009,92.246831,102.994034,75.767785,-82.574348,42.272334,15.225205,67.617823,24.718568,24.091648,4.119761,223.900075
8.000000,1.047754,59.980898,-7.358553,1.054171,59.981362,-4.824325,1.039379,59.980354,-7.379600,1.015768,59.978851,-8.318022,1.016083,59.978056,-7.483189,1.018016,59.977841,-6.905489,1.008395,59.978150,-8.820666,1.007343,59.978285,-9.255510,1.031179,59.979664,-9.083113,1.026567,59.977671,-4.663445,1.022637,59.977735,-5.425653,1.012507,59.977841,-5.383648,1.024474,59.977943,-5.249426,1.023017,59.978605,-6.606410,1.027351,59.979606,-6.643057,1.041981,59.979996,-5.270294,1.043792,59.980294,-6.243982,1.041047,59.980326,-7.053142,1.056071,59.980172,-0.701730,0.996618,59.980302,-1.580975,1.041748,59.979941,-3.150934,1.056638,59.979837,0.775707,1.052091,59.979843,0.602361,1.046926,59.979993,-5.164349,1.062413,59.981531,-3.599885,1.060754,59.981195,-4.663619,1.048113,59.980801,-6.405026,1.057397,59.981573,-1.557885,1.055579,59.981693,0.890482,1.048098,59.982628,-2.565205,0.983434,59.974980,0.051992,0.984729,59.975932,2.432726,0.999007,59.980194,3.945545,1.013546,59.980422,3.033264,1.051015,59.979720,5.182267,1.064865,59.979662,7.580686,1.029730,59.981978,2.461883,1.026909,59.981970,7.186188,1.027159,59.980589,-8.900082,0.999678,0.999435,0.999528,0.999677,0.999692,0.999732,0.999724,0.999787,-42.672192,0.000000,5.324839,11.696999,4.139071,12.893845,20.461377,-37.565007,288.383297,447.800150,209.391350,467.503357,6.717002,286.592096,294.652499,141.504847,562.436988,245.394482,221.661074,276.382253,200.614467,124.488442,251.663684,184.493662,253.902685,8.239523,988.742731,2.149441,164.790455,75.230425,157.625653,78.812826,137.026846,28.927890,26.868009,92.246831,102.994034,75.767785,-82.574348,42.272334,15.225205,67.617823,24.718568,24.091648,4.119761,223.900075
8.020000,1.047808,59.980917,-7.345687,1.054265,59.981229,-4.808796,1.039480,59.980322,-7.370884,1.015905,59.978911,-8.319726,1.016235,59.978160,-7.490431,1.018171,59.977953,-6.914244,1.008545,59.978259,-8.827206,1.007489,59.978391,-9.261090,1.031260,59.979775,-9.078728,1.026723,59.977772,-4.673472,1.022793,59.977840,-5.435199,1.012665,59.977941,-5.392455,1.024626,59.978037,-5.257524,1.023156,59.978681,-6.609817,1.027456,59.979668,-6.639309,1.042073,59.980055,-5.263750,1.043881,59.980322,-6.235429,1.041141,59.980330,-7.044464,1.056128,59.980292,-0.693639,0.996654,59.980449,-1.571827,1.041843,59.980002,-3.144778,1.056736,59.979902,0.781135,1.052189,59.979907,0.607828,1.047018,59.980052,-5.157825,1.062501,59.981426,-3.583011,1.060812,59.981208,-4.648637,1.048184,59.980820,-6.392858,1.057415,59.981669,-1.539802,1.055586,59.981821,0.909574,1.048233,59.982254,-2.541630,0.983603,59.975216,0.023173,0.984882,59.976054,2.410256,0.999054,59.980334,3.953888,1.013557,59.980610,3.043465,1.051109,59.979791,5.186882,1.064965,59.979730,7.584870,1.029798,59.981849,2.481873,1.026897,59.982170,7.207599,1.027192,59.980703,-8.889019,0.999680,0.999443,0.999530,0.999681,0.999698,0.999729,0.999731,0.999768,-42.568305,0.000000,5.363819,11.800863,4.249744,13.020065,20.586228,-37.418373,288.383297,447.800150,209.391350,467.503357,6.717002,286.592096,294.652499,141.504847,562.436988,245.394482,221.661074,276.382253,200.614467,124.488442,251.663684,184.493662,253.902685,8.239523,988.742731,2.149441,164.790455,75.230425,157.625653,78.812826,137.026846,28.927890,26.868009,92.246831,102.994035,75.767785,-82.574348,42.272334,15.225205,67.617823,24.718568,24.091648,4.119761,223.900075
8.040000,1.047861,59.980924,-7.333170,1.054355,59.981072,-4.794767,1.039577,59.980283,-7.362862,1.016038,59.978990,-8.321346,1.016383,59.978295,-7.497212,1.018323,59.978100,-6.922463,1.008692,59.978397,-8.833260,1.007632,59.978527,-9.266202,1.031339,59.979896,-9.073932,1.026875,59.977912,-4.683028,1.022945,59.977982,-5.444255,1.012819,59.978075,-5.400819,1.024774,59.978164,-5.265224,1.023290,59.978778,-6.613010,1.027557,59.979734,-6.635524,1.042158,59.980110,-5.257231,1.043964,59.980342,-6.227137,1.041229,59.980328,-7.036215,1.056180,59.980401,-0.685164,0.996685,59.980581,-1.562116,1.041933,59.980059,-3.138630,1.056828,59.979964,0.786588,1.052282,59.979968,0.613313,1.047105,59.980106,-5.151327,1.062586,59.981293,-3.567450,1.060862,59.981199,-4.634090,1.048248,59.980822,-6.381060,1.057422,59.981736,-1.521590,1.055582,59.981916,0.929009,1.048365,59.981838,-2.521374,0.983768,59.975531,-0.004022,0.985034,59.976242,2.388534,0.999096,59.980462,3.962754,1.013565,59.980779,3.054505,1.051198,59.979861,5.191569,1.065060,59.979797,7.589107,1.029863,59.981680,2.500323,1.026873,59.982333,7.229853,1.027224,59.980814,-8.877580,0.999683,0.999454,0.999533,0.999684,0.999703,0.999726,0.999738,0.999748,-42.467419,0.000000,5.399833,11.902075,4.358825,13.140856,20.709956,-37.284307,288.383297,447.800150,209.391350,467.503357,6.717002,286.592096,294.652499,141.504847,562.436988,245.394482,221.661074,276.382253,200.614467,124.488442,251.663684,184.493662,253.902685,8.239523,988.742731,2.149441,164.790455,75.230425,157.625653,78.812826,137.026846,28.927890,26.868009,92.246831,102.994035,75.767785,-82.574348,42.272334,15.225205,67.617823,24.718568,24.091648,4.119761,223.900075
8.060000,1.047913,59.980921,-7.321164,1.054440,59.980896,-4.782474,1.039669,59.980239,-7.355659,1.016164,59.979086,-8.322839,1.016526,59.978461,-7.503399,1.018469,59.978280,-6.929992,1.008832,59.978565,-8.838699,1.007769,59.978689,-9.270734,1.031416,59.980024,-9.068748,1.027021,59.978086,-4.691940,1.023091,59.978158,-5.452653,1.012966,59.978242,-5.408585,1.024915,59.978323,-5.272384,1.023418,59.978897,-6.615925,1.027651,59.979804,-6.631765,1.042238,59.980161,-5.250850,1.044041,59.980356,-6.219247,1.041312,59.980319,-7.028532,1.056227,59.980498,-0.676476,0.996712,59.980697,-1.552042,1.042017,59.980113,-3.132603,1.056913,59.980024,0.791960,1.052369,59.980026,0.618707,1.047186,59.980158,-5.144969,1.062668,59.981137,-3.553468,1.060905,59.981169,-4.620220,1.048306,59.980810,-6.369826,1.057418,59.981773,-1.503548,1.055565,59.981980,0.948470,1.048494,59.981388,-2.504789,0.983929,59.975918,-0.029139,0.985180,59.976493,2.367930,0.999135,59.980576,3.971960,1.013570,59.980927,3.066151,1.051281,59.979927,5.196227,1.065150,59.979862,7.593301,1.029927,59.981477,2.516885,1.026837,59.982456,7.252587,1.027255,59.980920,-8.865881,0.999685,0.999469,0.999539,0.999687,0.999708,0.999721,0.999743,0.999726,-42.371118,0.000000,5.432318,11.998930,4.464523,13.254122,20.830619,-37.165121,288.383297,447.800150,209.391350,467.503357,6.717002,286.592096,294.652499,141.504847,562.436988,245.394482,221.661074,276.382253,200.614467,124.488442,251.663684,184.493662,253.902685,8.239523,988.742731,2.149441,164.790455,75.230425,157.625653,78.812826,137.026846,28.927890,26.868009,92.246831,102.994035,75.767785,-82.574348,42.272334,15.225205,67.617823,24.718568,24.091648,4.119761,223.900075
8.080000,1.047964,59.980911,-7.309816,1.054521,59.980706,-4.772116,1.039756,59.980193,-7.349384,1.016285,59.979199,-8.324163,1.016661,59.978654,-7.508871,1.018607,59.978491,-6.936686,1.008966,59.978760,-8.843409,1.007900,59.978877,-9.274582,1.031490,59.980161,-9.063205,1.027160,59.978294,-4.700047,1.023230,59.978366,-5.460242,1.013106,59.978440,-5.415612,1.025050,59.978510,-5.278875,1.023539,59.979035,-6.618500,1.027738,59.979877,-6.628091,1.042311,59.980209,-5.244717,1.044111,59.980364,-6.211887,1.041389,59.980306,-7.021534,1.056268,59.980583,-0.667746,0.996734,59.980797,-1.541809,1.042094,59.980163,-3.126805,1.056993,59.980081,0.797145,1.052450,59.980082,0.623907,1.047260,59.980205,-5.138861,1.062747,59.980963,-3.541296,1.060941,59.981121,-4.607252,1.048357,59.980786,-6.359339,1.057404,59.981781,-1.485971,1.055539,59.982010,0.967637,1.048618,59.980916,-2.492150,0.984084,59.976370,-0.051772,0.985321,59.976801,2.348791,0.999169,59.980675,3.981316,1.013571,59.981052,3.078159,1.051357,59.979992,5.200755,1.065234,59.979926,7.597354,1.029989,59.981245,2.531246,1.026790,59.982539,7.275425,1.027287,59.981022,-8.854036,0.999687,0.999487,0.999548,0.999689,0.999712,0.999715,0.999747,0.999703,-42.280871,0.000000,5.460791,12.089824,4.565136,13.357938,20.946346,-37.062819,288.383297,447.800150,209.391350,467.503357,6.717002,286.592096,294.652499,141.504847,562.436988,245.394482,221.661074,276.382253,200.614467,124.488442,251.663684,184.493662,253.902685,8.239523,988.742731,2.149441,164.790455,75.230425,157.625653,78.812826,137.026846,28.927890,26.868009,92.246831,102.994035,75.767785,-82.574348,42.272334,15.225205,67.617823,24.718568,24.091648,4.119761,223.900075
8.100000,1.048015,59.980895,-7.299255,1.054599,59.980507,-4.763852,1.039837,59.980147,-7.344128,1.016397,59.979329,-8.325278,1.016788,59.978873,-7.513518,1.018737,59.978730,-6.942419,1.009093,59.978980,-8.847287,1.008023,59.979089,-9.277654,1.031560,59.980304,-9.057331,1.027290,59.978532,-4.707206,1.023361,59.978603,-5.466883,1.013237,59.978666,-5.421771,1.025176,59.978725,-5.284576,1.023653,59.979191,-6.620682,1.027819,59.979954,-6.624559,1.042377,59.980254,-5.238937,1.044176,59.980368,-6.205174,1.041460,59.980290,-7.015330,1.056304,59.980655,-0.659145,0.996751,59.980879,-1.531621,1.042165,59.980212,-3.121338,1.057065,59.980135,0.802044,1.052523,59.980136,0.628813,1.047327,59.980250,-5.133106,1.062822,59.980775,-3.531130,1.060971,59.981055,-4.595394,1.048402,59.980750,-6.349763,1.057381,59.981762,-1.469147,1.055502,59.982009,0.986197,1.048740,59.980432,-2.483655,0.984230,59.976881,-0.071565,0.985454,59.977163,2.331434,0.999199,59.980758,3.990631,1.013568,59.981154,3.090281,1.051426,59.980055,5.205055,1.065312,59.979988,7.601175,1.030050,59.980989,2.543144,1.026734,59.982581,7.297992,1.027317,59.981120,-8.842158,0.999690,0.999507,0.999558,0.999691,0.999716,0.999708,0.999751,0.999679,-42.198006,0.000000,5.484855,12.173285,4.659073,13.450578,21.055373,-36.979054,288.383297,447.800150,209.391350,467.503357,6.717002,286.592096,294.652499,141.504847,562.436988,245.394482,221.661074,276.382253,200.614467,124.488442,251.663684,184.493662,253.902685,8.239523,988.742731,2.149441,164.790455,75.230425,157.625653,78.812826,137.026846,28.927890,26.868009,92.246831,102.994035,75.767785,-82.574348,42.272334,15.225205,67.617823,24.718568,24.091648,4.119761,223.900075
8.120000,1.048065,59.980874,-7.289592,1.054673,59.980305,-4.757798,1.039914,59.980103,-7.339957,1.016502,59.979475,-8.326147,1.016907,59.979114,-7.517247,1.018858,59.978993,-6.947082,1.009210,59.979221,-8.850245,1.008138,59.979320,-9.279873,1.031626,59.980454,-9.051160,1.027411,59.978797,-4.713286,1.023482,59.978867,-5.472455,1.013359,59.978917,-5.426949,1.025293,59.978964,-5.289384,1.023757,59.979365,-6.622422,1.027892,59.980034,-6.621222,1.042437,59.980297,-5.233604,1.044234,59.980368,-6.199211,1.041525,59.980273,-7.010008,1.056335,59.980715,-0.650840,0.996764,59.980944,-1.521678,1.042228,59.980258,-3.116295,1.057130,59.980188,0.806566,1.052590,59.980187,0.633335,1.047388,59.980293,-5.127798,1.062894,59.980578,-3.523123,1.060994,59.980976,-4.584832,1.048440,59.980706,-6.341247,1.057349,59.981715,-1.453345,1.055457,59.981977,1.003845,1.048860,59.979947,-2.479417,0.984367,59.977441,-0.088216,0.985578,59.977573,2.316142,0.999224,59.980826,3.999717,1.013561,59.981233,3.102273,1.051489,59.980116,5.209035,1.065384,59.980049,7.604676,1.030108,59.980718,2.552364,1.026668,59.982581,7.319911,1.027348,59.981214,-8.830354,0.999692,0.999530,0.999570,0.999692,0.999719,0.999700,0.999753,0.999655,-42.123694,0.000000,5.504207,12.247996,4.744890,13.530548,21.156064,-36.915111,288.383297,447.800150,209.391350,467.503357,6.717002,286.592096,294.652499,141.504847,562.436988,245.394482,221.661074,276.382253,200.614467,124.488442,251.663684,184.493662,253.902685,8.239523,988.742731,2.149441,164.790455,75.230425,157.625653,78.812826,137.026846,28.927890,26.868009,92.246831,102.994035,75.767785,-82.574348,42.272334,15.225205,67.617823,24.718568,24.091648,4.119761,223.900075
8.140000,1.048115,59.980853,-7.280916,1.054743,59.980105,-4.754025,1.039986,59.980064,-7.336915,1.016598,59.979635,-8.326735,1.017015,59.979376,-7.519979,1.018969,59.979278,-6.950583,1.009317,59.979482,-8.852210,1.008242,59.979570,-9.281174,1.031688,59.980607,-9.044727,1.027521,59.979086,-4.718182,1.023593,59.979154,-5.476855,1.013471,59.979190,-5.431052,1.025400,59.979224,-5.293209,1.023853,59.979553,-6.623680,1.027958,59.980118,-6.618126,1.042490,59.980338,-5.228802,1.044285,59.980367,-6.194085,1.041584,59.980257,-7.005639,1.056360,59.980764,-0.642988,0.996772,59.980993,-1.512174,1.042285,59.980302,-3.111761,1.057189,59.980239,0.810625,1.052650,59.980238,0.637388,1.047442,59.980335,-5.123023,1.062963,59.980378,-3.517384,1.061012,59.980886,-4.575726,1.048473,59.980655,-6.333914,1.057311,59.981645,-1.438821,1.055404,59.981915,1.020294,1.048977,59.979472,-2.479469,0.984493,59.978041,-0.101484,0.985693,59.978025,2.303158,0.999245,59.980879,4.008391,1.013551,59.981289,3.113893,1.051545,59.980175,5.212613,1.065449,59.980109,7.607777,1.030166,59.980437,2.558749,1.026596,59.982541,7.340818,1.027377,59.981304,-8.818727,0.999694,0.999556,0.999583,0.999693,0.999721,0.999692,0.999753,0.999631,-42.058930,0.000000,5.518637,12.312813,4.821307,13.596612,21.246938,-36.871885,288.383297,447.800150,209.391350,467.503357,6.717002,286.592096,294.652499,141.504847,562.436988,245.394482,221.661074,276.382253,200.614467,124.488442,251.663684,184.493662,253.902685,8.239523,988.742731,2.149441,164.790455,75.230425,157.625653,78.812826,137.026846,28.927890,26.868009,92.246831,102.994035,75.767785,-82.574348,42.272334,15.225205,67.617823,24.718568,24.091648,4.119761,223.900075
8.160000,1.048163,59.980831,-7.273295,1.054811,59.979913,-4.752559,1.040053,59.980032,-7.335024,1.016685,59.979808,-8.327013,1.017112,59.979654,-7.521653,1.019069,59.979580,-6.952853,1.009414,59.979758,-8.853128,1.008337,59.979834,-9.281511,1.031745,59.980765,-9.038070,1.027621,59.979395,-4.721806,1.023693,59.979460,-5.480004,1.013571,59.979482,-5.434004,1.025496,59.979501,-5.295982,1.023939,59.979755,-6.624420,1.028016,59.980205,-6.615312,1.042537,59.980379,-5.224606,1.044331,59.980367,-6.189867,1.041638,59.980244,-7.002274,1.056380,59.980801,-0.635740,0.996776,59.981026,-1.503292,1.042334,59.980346,-3.107809,1.057240,59.980289,0.814149,1.052704,59.980287,0.640900,1.047490,59.980375,-5.118853,1.063029,59.980180,-3.513978,1.061025,59.980788,-4.568206,1.048501,59.980600,-6.327868,1.057267,59.981552,-1.425806,1.055346,59.981826,1.035275,1.049092,59.979017,-2.483756,0.984607,59.978671,-0.111192,0.985796,59.978510,2.292681,0.999261,59.980918,4.016480,1.013538,59.981322,3.124911,1.051594,59.980233,5.215711,1.065507,59.980168,7.610407,1.030221,59.980154,2.562197,1.026518,59.982462,7.360357,1.027406,59.981390,-8.807372,0.999696,0.999582,0.999598,0.999694,0.999722,0.999683,0.999753,0.999608,-42.004520,0.000000,5.528033,12.366785,4.887229,13.647809,21.326693,-36.849871,288.383297,447.800150,209.391350,467.503357,6.717002,286.592096,294.652499,141.504847,562.436988,245.394482,221.661074,276.382253,200.614467,124.488442,251.663684,184.493662,253.902685,8.239523,988.742731,2.149441,164.790455,75.230425,157.625653,78.812826,137.026846,28.927890,26.868009,92.246831,102.994035,75.767785,-82.574348,42.272334,15.225205,67.617823,24.718568,24.091648,4.119761,223.900075
8.180000,1.048212,59.980813,-7.266779,1.054876,59.979734,-4.753384,1.040115,59.980010,-7.334285,1.016762,59.979992,-8.326957,1.017199,59.979944,-7.522229,1.019158,59.979896,-6.953845,1.009500,59.980046,-8.852965,1.008422,59.980110,-9.280854,1.031798,59.980924,-9.031230,1.027709,59.979719,-4.724094,1.023782,59.979780,-5.481844,1.013660,59.979788,-5.435750,1.025582,59.979793,-5.297649,1.024015,59.979967,-6.624620,1.028068,59.980295,-6.612817,1.042577,59.980420,-5.221077,1.044372,59.980368,-6.186610,1.041687,59.980235,-6.999946,1.056395,59.980828,-0.629231,0.996776,59.981044,-1.495201,1.042378,59.980391,-3.104501,1.057286,59.980340,0.817074,1.052750,59.980337,0.643807,1.047532,59.980416,-5.115350,1.063093,59.979990,-3.512925,1.061034,59.980685,-4.562377,1.048524,59.980544,-6.323187,1.057219,59.981440,-1.414508,1.055284,59.981713,1.048541,1.049207,59.978593,-2.492146,0.984709,59.979321,-0.117229,0.985887,59.979023,2.284864,0.999273,59.980942,4.023821,1.013522,59.981334,3.135111,1.051637,59.980291,5.218264,1.065560,59.980228,7.612502,1.030275,59.979876,2.562666,1.026435,59.982346,7.378196,1.027435,59.981472,-8.796378,0.999697,0.999610,0.999614,0.999694,0.999722,0.999674,0.999751,0.999587,-41.961070,0.000000,5.532375,12.409165,4.941765,13.683467,21.394221,-36.849164,288.383297,447.800150,209.391350,467.503357,6.717002,286.592096,294.652499,141.504847,562.436988,245.394482,221.661074,276.382253,200.614467,124.488442,251.663684,184.493662,253.902685,8.239523,988.742731,2.149441,164.790455,75.230425,157.625653,78.812826,137.026846,28.927890,26.868009,92.246831,102.994035,75.767785,-82.574348,42.272334,15.225205,67.617823,24.718568,24.091648,4.119761,223.900075
8.200000,1.048260,59.980799,-7.261391,1.054940,59.979573,-4.756436,1.040173,59.979999,-7.334673,1.016831,59.980186,-8.326546,1.017275,59.980244,-7.521685,1.019235,59.980221,-6.953535,1.009576,59.980343,-8.851702,1.008496,59.980394,-9.279189,1.031845,59.981085,-9.024251,1.027786,59.980055,-4.725009,1.023859,59.980112,-5.482341,1.013737,59.980105,-5.436257,1.025655,59.980096,-5.298181,1.024081,59.980189,-6.624265,1.028113,59.980390,-6.610668,1.042612,59.980462,-5.218263,1.044408,59.980372,-6.184347,1.041731,59.980233,-6.998667,1.056406,59.980846,-0.623583,0.996773,59.981049,-1.488056,1.042416,59.980436,-3.101887,1.057325,59.980391,0.819347,1.052791,59.980387,0.646059,1.047568,59.980459,-5.112563,1.063154,59.979813,-3.514201,1.061041,59.980582,-4.558311,1.048544,59.980488,-6.319924,1.057169,59.981313,-1.405105,1.055220,59.981578,1.059876,1.049320,59.978209,-2.504430,0.984798,59.979982,-0.119547,0.985966,59.979554,2.279811,0.999282,59.980955,4.030268,1.013503,59.981327,3.144293,1.051674,59.980348,5.220215,1.065606,59.980288,7.614011,1.030328,59.979611,2.560172,1.026351,59.982195,7.394025,1.027462,59.981550,-8.785827,0.999699,0.999638,0.999631,0.999694,0.999722,0.999665,0.999748,0.999567,-41.928981,0.000000,5.531737,12.439423,4.984242,13.703215,21.448628,-36.869457,288.383297,447.800150,209.391350,467.503357,6.717002,286.592096,294.652499,141.504847,562.436988,245.394482,221.661074,276.382253,200.614467,124.488442,251.663684,184.493662,253.902685,8.239523,988.742731,2.149441,164.790455,75.230425,157.625653,78.812826,137.026846,28.927890,26.868009,92.246831,102.994035,75.767785,-82.574348,42.272334,15.225205,67.617823,24.718568,24.091648,4.119761,223.900075
8.220000,1.048308,59.980792,-7.257138,1.055002,59.979435,-4.761611,1.040227,59.980001,-7.336146,1.016891,59.980388,-8.325767,1.017339,59.980550,-7.520019,1.019301,59.980552,-6.951921,1.009640,59.980644,-8.849345,1.008559,59.980682,-9.276523,1.031888,59.981246,-9.017180,1.027850,59.980398,-4.724535,1.023924,59.980449,-5.481485,1.013803,59.980428,-5.435516,1.025718,59.980406,-5.297564,1.024138,59.980417,-6.623350,1.028151,59.980488,-6.608889,1.042642,59.980507,-5.216200,1.044439,59.980381,-6.183095,1.041771,59.980240,-6.998430,1.056413,59.980858,-0.618900,0.996766,59.981043,-1.481990,1.042448,59.980483,-3.100003,1.057359,59.980443,0.820930,1.052827,59.980440,0.647617,1.047598,59.980503,-5.110525,1.063213,59.979655,-3.517735,1.061046,59.980480,-4.556048,1.048561,59.980437,-6.318107,1.057119,59.981172,-1.397744,1.055156,59.981425,1.069092,1.049432,59.977875,-2.520323,0.984874,59.980643,-0.118167,0.986032,59.980097,2.277574,0.999286,59.980956,4.035690,1.013482,59.981302,3.152280,1.051706,59.980407,5.221522,1.065647,59.980349,7.614893,1.030380,59.979366,2.554789,1.026268,59.982014,7.407566,1.027489,59.981625,-8.775794,0.999700,0.999666,0.999648,0.999693,0.999721,0.999657,0.999744,0.999550,-41.908445,0.000000,5.526280,12.457250,5.014206,13.706985,21.489242,-36.910060,288.383297,447.800150,209.391350,467.503357,6.717002,286.592096,294.652499,141.504847,562.436988,245.394482,221.661074,276.382253,200.614467,124.488442,251.663684,184.493662,253.902685,8.239523,988.742731,2.149441,164.790455,75.230425,157.625653,78.812826,137.026846,28.927890,26.868009,92.246831,102.994035,75.767785,-82.574348,42.272334,15.225205,67.617823,24.718568,24.091648,4.119761,223.900075
8.240000,1.048356,59.980794,-7.254004,1.055063,59.979324,-4.768768,1.040278,59.980019,-7.338640,1.016942,59.980595,-8.324615,1.017393,59.980857,-7.517249,1.019355,59.980884,-6.949025,1.009694,59.980947,-8.845916,1.008612,59.980972,-9.272880,1.031926,59.981405,-9.010064,1.027904,59.980744,-4.722684,1.023977,59.980789,-5.479291,1.013856,59.980754,-5.433537,1.025769,59.980718,-5.295810,1.024185,59.980649,-6.621879,1.028184,59.980589,-6.607493,1.042668,59.980555,-5.214909,1.044467,59.980398,-6.182851,1.041808,59.980256,-6.999209,1.056417,59.980863,-0.615269,0.996758,59.981028,-1.477116,1.042476,59.980533,-3.098872,1.057389,59.980498,0.821796,1.052858,59.980494,0.648456,1.047625,59.980551,-5.109258,1.063270,59.979519,-3.523418,1.061050,59.980384,-4.555599,1.048577,59.980392,-6.317737,1.057070,59.981024,-1.392540,1.055093,59.981258,1.076034,1.049545,59.977597,-2.539478,0.984936,59.981294,-0.113174,0.986085,59.980642,2.278154,0.999288,59.980949,4.039977,1.013459,59.981263,3.158918,1.051734,59.980467,5.222152,1.065683,59.980412,7.615119,1.030430,59.979147,2.546648,1.026186,59.981806,7.418574,1.027515,59.981696,-8.766343,0.999702,0.999694,0.999666,0.999692,0.999719,0.999649,0.999739,0.999534,-41.899452,0.000000,5.516246,12.462560,5.031437,13.695005,21.515623,-36.969917,288.383297,447.800150,209.391350,467.503357,6.717002,286.592096,294.652499,141.504847,562.436988,245.394482,221.661074,276.382253,200.614467,124.488442,251.663684,184.493662,253.902685,8.239523,988.742731,2.149441,164.790455,75.230425,157.625653,78.812826,137.026846,28.927890,26.868009,92.246831,102.994035,75.767785,-82.574348,42.272334,15.225205,67.617823,24.718568,24.091648,4.119761,223.900075
8.260000,1.048404,59.980805,-7.251956,1.055123,59.979244,-4.777729,1.040326,59.980053,-7.342073,1.016985,59.980807,-8.323089,1.017436,59.981162,-7.513414,1.019398,59.981212,-6.944893,1.009737,59.981247,-8.841458,1.008654,59.981259,-9.268301,1.031959,59.981561,-9.002955,1.027945,59.981088,-4.719491,1.024020,59.981127,-5.475798,1.013899,59.981079,-5.430355,1.025810,59.981030,-5.292946,1.024224,59.980883,-6.619870,1.028211,59.980695,-6.606491,1.042690,59.980606,-5.214398,1.044492,59.980422,-6.183596,1.041842,59.980284,-7.000959,1.056418,59.980865,-0.612757,0.996747,59.981006,-1.473524,1.042500,59.980587,-3.098504,1.057414,59.980557,0.821931,1.052884,59.980553,0.648564,1.047647,59.980603,-5.108770,1.063326,59.979410,-3.531101,1.061055,59.980297,-4.556943,1.048591,59.980356,-6.318794,1.057024,59.980870,-1.389571,1.055035,59.981081,1.080587,1.049657,59.977384,-2.561489,0.984984,59.981926,-0.104713,0.986126,59.981183,2.281502,0.999287,59.980935,4.043041,1.013435,59.981213,3.164079,1.051757,59.980530,5.222086,1.065714,59.980478,7.614672,1.030480,59.978960,2.535933,1.026109,59.981576,7.426841,1.027540,59.981765,-8.757531,0.999703,0.999721,0.999684,0.999691,0.999717,0.999641,0.999732,0.999522,-41.901785,0.000000,5.501954,12.455490,5.035941,13.667796,21.527566,-37.047630,288.383297,447.800150,209.391350,467.503357,6.717002,286.592096,294.652499,141.504847,562.436988,245.394482,221.661074,276.382253,200.614467,124.488442,251.663684,184.493662,253.902685,8.239523,988.742731,2.149441,164.790455,75.230425,157.625653,78.812826,137.026846,28.927890,26.868009,92.246831,102.994035,75.767785,-82.574348,42.272334,15.225205,67.617823,24.718568,24.091648,4.119761,223.900075
8.280000,1.048452,59.980828,-7.250942,1.055184,59.979198,-4.788284,1.040372,59.980105,-7.346348,1.017020,59.981021,-8.321197,1.017468,59.981463,-7.508572,1.019431,59.981534,-6.939592,1.009769,59.981541,-8.836032,1.008687,59.981541,-9.262846,1.031987,59.981714,-8.995906,1.027976,59.981426,-4.715016,1.024051,59.981459,-5.471068,1.013931,59.981398,-5.426027,1.025840,59.981338,-5.289025,1.024253,59.981116,-6.617345,1.028234,59.980804,-6.605884,1.042708,59.980663,-5.214660,1.044515,59.980456,-6.185293,1.041873,59.980325,-7.003621,1.056417,59.980865,-0.611408,0.996735,59.980979,-1.471281,1.042520,59.980646,-3.098893,1.057435,59.980619,0.821335,1.052907,59.980615,0.647939,1.047667,59.980661,-5.109054,1.063381,59.979332,-3.540598,1.061062,59.980223,-4.560028,1.048605,59.980332,-6.321229,1.056984,59.980716,-1.388882,1.054982,59.980898,1.082668,1.049770,59.977239,-2.585900,0.985020,59.982530,-0.092992,0.986154,59.981710,2.287519,0.999283,59.980917,4.044814,1.013411,59.981153,3.167666,1.051777,59.980596,5.221317,1.065742,59.980548,7.613546,1.030530,59.978812,2.522872,1.026038,59.981329,7.432205,1.027565,59.981831,-8.749408,0.999704,0.999747,0.999701,0.999689,0.999714,0.999635,0.999725,0.999513,-41.915037,0.000000,5.483789,12.436389,5.027948,13.626153,21.525104,-37.141491,288.383297,447.800150,209.391350,467.503357,6.717002,286.592096,294.652499,141.504847,562.436988,245.394482,221.661074,276.382253,200.614467,124.488442,251.663684,184.493662,253.902685,8.239523,988.742731,2.149441,164.790455,75.230425,157.625653,78.812826,137.026846,28.927890,26.868009,92.246831,102.994035,75.767785,-82.574348,42.272334,15.225205,67.617823,24.718568,24.091648,4.119761,223.900075
8.300000,1.048500,59.980864,-7.250896,1.055246,59.979188,-4.800198,1.040416,59.980177,-7.351353,1.017048,59.981235,-8.318953,1.017492,59.981754,-7.502798,1.019453,59.981846,-6.933211,1.009792,59.981827,-8.829717,1.008710,59.981814,-9.256589,1.032011,59.981862,-8.988969,1.027996,59.981754,-4.709342,1.024073,59.981780,-5.465184,1.013952,59.981709,-5.420628,1.025861,59.981637,-5.284114,1.024276,59.981347,-6.614342,1.028253,59.980916,-6.605666,1.042725,59.980727,-5.215676,1.044537,59.980501,-6.187889,1.041903,59.980379,-7.007119,1.056415,59.980866,-0.611248,0.996722,59.980952,-1.470428,1.042538,59.980711,-3.100024,1.057454,59.980687,0.820020,1.052927,59.980683,0.646596,1.047684,59.980724,-5.110090,1.063435,59.979289,-3.551695,1.061071,59.980163,-4.564775,1.048621,59.980320,-6.324974,1.056950,59.980566,-1.390480,1.054937,59.980715,1.082238,1.049884,59.977168,-2.612216,0.985042,59.983098,-0.078270,0.986170,59.982218,2.296058,0.999279,59.980897,4.045254,1.013386,59.981089,3.169608,1.051795,59.980666,5.219850,1.065766,59.980622,7.611748,1.030579,59.978706,2.507741,1.025975,59.981071,7.434543,1.027588,59.981894,-8.742012,0.999705,0.999771,0.999718,0.999688,0.999711,0.999629,0.999717,0.999506,-41.938621,0.000000,5.462196,12.405817,5.007908,13.571129,21.508499,-37.249519,288.383297,447.800150,209.391350,467.503357,6.717002,286.592096,294.652499,141.504847,562.436988,245.394482,221.661074,276.382253,200.614467,124.488442,251.663684,184.493662,253.902685,8.239523,988.742731,2.149441,164.790455,75.230425,157.625653,78.812826,137.026846,28.927890,26.868009,92.246831,102.994035,75.767785,-82.574348,42.272334,15.225205,67.617823,24.718568,24.091648,4.119761,223.900075
8.320000,1.048548,59.980914,-7.251739,1.055308,59.979218,-4.813214,1.040459,59.980267,-7.356966,1.017069,59.981448,-8.316380,1.017506,59.982034,-7.496183,1.019466,59.982143,-6.925855,1.009807,59.982100,-8.822609,1.008725,59.982076,-9.249620,1.032031,59.982004,-8.982200,1.028007,59.982068,-4.702573,1.024084,59.982088,-5.458251,1.013964,59.982007,-5.414254,1.025873,59.981926,-5.278301,1.024291,59.981573,-6.610902,1.028269,59.981033,-6.605828,1.042740,59.980797,-5.217414,1.044558,59.980557,-6.191316,1.041932,59.980449,-7.011363,1.056412,59.980870,-0.612278,0.996710,59.980925,-1.470978,1.042555,59.980783,-3.101867,1.057472,59.980760,0.818009,1.052946,59.980756,0.644560,1.047699,59.980794,-5.111846,1.063489,59.979282,-3.564149,1.061084,59.980122,-4.571076,1.048639,59.980325,-6.329937,1.056925,59.980423,-1.394336,1.054902,59.980535,1.079295,1.049999,59.977172,-2.639913,0.985052,59.983623,-0.060855,0.986174,59.982699,2.306928,0.999273,59.980878,4.044344,1.013361,59.981023,3.169870,1.051811,59.980741,5.217703,1.065788,59.980701,7.609295,1.030627,59.978647,2.490850,1.025923,59.980807,7.433785,1.027611,59.981956,-8.735375,0.999706,0.999793,0.999733,0.999686,0.999708,0.999625,0.999708,0.999503,-41.971781,0.000000,5.437664,12.364524,4.976475,13.504009,21.478241,-37.369504,288.383297,447.800150,209.391350,467.503357,6.717002,286.592096,294.652499,141.504847,562.436988,245.394482,221.661074,276.382253,200.614467,124.488442,251.663684,184.493662,253.902685,8.239523,988.742731,2.149441,164.790455,75.230425,157.625653,78.812826,137.026846,28.927890,26.868009,92.246831,102.994035,75.767785,-82.574348,42.272334,15.225205,67.617823,24.718568,24.091648,4.119761,223.900075
8.340000,1.048596,59.980978,-7.253379,1.055372,59.979287,-4.827057,1.040501,59.980377,-7.363055,1.017085,59.981658,-8.313505,1.017512,59.982299,-7.488836,1.019471,59.982424,-6.917650,1.009813,59.982358,-8.814817,1.008732,59.982325,-9.242043,1.032047,59.982140,-8.975654,1.028010,59.982365,-4.694832,1.024088,59.982379,-5.450393,1.013968,59.982290,-5.407019,1.025877,59.982201,-5.271687,1.024300,59.981793,-6.607079,1.028283,59.981153,-6.606353,1.042754,59.980875,-5.219829,1.044580,59.980627,-6.195494,1.041961,59.980534,-7.016254,1.056409,59.980878,-0.614481,0.996697,59.980902,-1.472922,1.042571,59.980861,-3.104381,1.057488,59.980840,0.815338,1.052963,59.980837,0.641866,1.047714,59.980872,-5.114279,1.063543,59.979313,-3.577697,1.061102,59.980101,-4.578802,1.048659,59.980347,-6.336008,1.056910,59.980292,-1.400387,1.054878,59.980364,1.073875,1.050115,59.977254,-2.668445,0.985051,59.984098,-0.041102,0.986169,59.983147,2.319898,0.999266,59.980862,4.042091,1.013338,59.980958,3.168445,1.051826,59.980822,5.214903,1.065809,59.980785,7.606217,1.030675,59.978637,2.472538,1.025883,59.980543,7.429906,1.027634,59.982016,-8.729521,0.999707,0.999813,0.999748,0.999684,0.999704,0.999622,0.999699,0.999504,-42.013613,0.000000,5.410726,12.313439,4.934494,13.426285,21.435033,-37.499045,288.383297,447.800150,209.391350,467.503357,6.717002,286.592096,294.652499,141.504847,562.436988,245.394482,221.661074,276.382253,200.614467,124.488442,251.663684,184.493662,253.902685,8.239523,988.742731,2.149441,164.790455,75.230425,157.625653,78.812826,137.026846,28.927890,26.868009,92.246831,102.994035,75.767785,-82.574348,42.272334,15.225205,67.617823,24.718568,24.091648,4.119761,223.900075
8.360000,1.048644,59.981056,-7.255715,1.055437,59.979396,-4.841443,1.040542,59.980507,-7.369483,1.017096,59.981863,-8.310362,1.017511,59.982547,-7.480877,1.019468,59.982684,-6.908734,1.009812,59.982599,-8.806462,1.008733,59.982557,-9.233971,1.032060,59.982268,-8.969385,1.028005,59.982643,-4.686261,1.024084,59.982651,-5.441748,1.013964,59.982554,-5.399049,1.025874,59.982459,-5.264391,1.024304,59.982004,-6.602932,1.028295,59.981276,-6.607218,1.042769,59.980961,-5.222868,1.044602,59.980710,-6.200331,1.041991,59.980635,-7.021681,1.056406,59.980893,-0.617817,0.996686,59.980886,-1.476223,1.042586,59.980948,-3.107513,1.057505,59.980927,0.812054,1.052980,59.980925,0.638563,1.047729,59.980959,-5.117333,1.063597,59.979385,-3.592061,1.061125,59.980103,-4.587798,1.048683,59.980387,-6.343062,1.056906,59.980177,-1.408533,1.054866,59.980206,1.066056,1.050233,59.977413,-2.697262,0.985040,59.984517,-0.019399,0.986153,59.983556,2.334699,0.999260,59.980851,4.038526,1.013315,59.980899,3.165357,1.051842,59.980909,5.211491,1.065828,59.980875,7.602553,1.030724,59.978680,2.453170,1.025857,59.980285,7.422930,1.027656,59.982074,-8.724463,0.999707,0.999830,0.999762,0.999682,0.999701,0.999620,0.999689,0.999508,-42.063081,0.000000,5.381937,12.253649,4.882984,13.339620,21.379780,-37.635608,288.383297,447.800150,209.391350,467.503357,6.717002,286.592096,294.652499,141.504847,562.436988,245.394482,221.661074,276.382253,200.614467,124.488442,251.663684,184.493662,253.902685,8.239523,988.742731,2.149441,164.790455,75.230425,157.625653,78.812826,137.026846,28.927890,26.868009,92.246831,102.994035,75.767785,-82.574348,42.272334,15.225205,67.617823,24.718568,24.091648,4.119761,223.900075
8.380000,1.048692,59.981149,-7.258640,1.055505,59.979545,-4.856084,1.040585,59.980656,-7.376110,1.017103,59.982061,-8.306993,1.017505,59.982776,-7.472436,1.019460,59.982923,-6.899259,1.009806,59.982821,-8.797678,1.008727,59.982771,-9.225528,1.032070,59.982389,-8.963448,1.027993,59.982897,-4.677013,1.024073,59.982899,-5.432470,1.013954,59.982798,-5.390487,1.025865,59.982698,-5.256542,1.024304,59.982206,-6.598526,1.028307,59.981404,-6.608397,1.042784,59.981056,-5.226466,1.044626,59.980808,-6.205725,1.042022,59.980753,-7.027527,1.056405,59.980917,-0.622226,0.996677,59.980879,-1.480822,1.042603,59.981043,-3.111202,1.057522,59.981022,0.808212,1.052998,59.981020,0.634706,1.047744,59.981054,-5.120945,1.063652,59.979496,-3.606951,1.061155,59.980129,-4.597895,1.048712,59.980447,-6.350956,1.056916,59.980081,-1.418644,1.054869,59.980065,1.055952,1.050352,59.977648,-2.725813,0.985019,59.984876,0.003837,0.986130,59.983922,2.351034,0.999254,59.980850,4.033704,1.013295,59.980849,3.160662,1.051858,59.981003,5.207514,1.065848,59.980973,7.598350,1.030772,59.978775,2.433124,1.025845,59.980040,7.412931,1.027677,59.982132,-8.720208,0.999708,0.999844,0.999774,0.999681,0.999697,0.999620,0.999679,0.999515,-42.119044,0.000000,5.351871,12.186378,4.823112,13.245817,21.313567,-37.776564,288.383297,447.800150,209.391350,467.503357,6.717002,286.592096,294.652499,141.504847,562.436988,245.394482,221.661074,276.382253,200.614467,124.488442,251.663684,184.493662,253.902685,8.239523,988.742731,2.149441,164.790455,75.230425,157.625653,78.812826,137.026846,28.927890,26.868009,92.246831,102.994035,75.767785,-82.574348,42.272334,15.225205,67.617823,24.718568,24.091648,4.119761,223.900075
8.400000,1.048741,59.981257,-7.262044,1.055575,59.979733,-4.870691,1.040628,59.980824,-7.382795,1.017108,59.982252,-8.303441,1.017493,59.982984,-7.463654,1.019446,59.983138,-6.889386,1.009794,59.983022,-8.788605,1.008717,59.982965,-9.216846,1.032078,59.982501,-8.957894,1.027977,59.983127,-4.667256,1.024057,59.983124,-5.422722,1.013940,59.983020,-5.381483,1.025852,59.982916,-5.248278,1.024301,59.982396,-6.593933,1.028319,59.981534,-6.609858,1.042801,59.981161,-5.230550,1.044653,59.980919,-6.211568,1.042055,59.980886,-7.033672,1.056406,59.980951,-0.627631,0.996669,59.980883,-1.486635,1.042621,59.981148,-3.115378,1.057540,59.981125,0.803878,1.053017,59.981124,0.630360,1.047762,59.981159,-5.125041,1.063709,59.979647,-3.622075,1.061192,59.980180,-4.608905,1.048746,59.980528,-6.359539,1.056939,59.980008,-1.430558,1.054886,59.979945,1.043712,1.050473,59.977955,-2.753561,0.984990,59.985173,0.028163,0.986099,59.984240,2.368578,0.999249,59.980859,4.027705,1.013276,59.980811,3.154445,1.051876,59.981104,5.203032,1.065868,59.981077,7.593665,1.030821,59.978922,2.412783,1.025850,59.979813,7.400033,1.027698,59.982189,-8.716757,0.999709,0.999855,0.999784,0.999679,0.999693,0.999622,0.999669,0.999525,-42.180273,0.000000,5.321110,12.112962,4.756178,13.146783,21.237647,-37.919248,288.383297,447.800150,209.391350,467.503357,6.717002,286.592096,294.652499,141.504847,562.436988,245.394482,221.661074,276.382253,200.614467,124.488442,251.663684,184.493662,253.902685,8.239523,988.742731,2.149441,164.790455,75.230425,157.625653,78.812826,137.026846,28.927890,26.868009,92.246831,102.994035,75.767785,-82.574348,42.272334,15.225205,67.617823,24.718568,24.091648,4.119761,223.900075
8.420000,1.048789,59.981378,-7.265814,1.055647,59.979957,-4.884982,1.040672,59.981008,-7.389401,1.017110,59.982434,-8.299757,1.017479,59.983170,-7.454677,1.019428,59.983327,-6.879283,1.009779,59.983200,-8.779388,1.008704,59.983139,-9.208060,1.032084,59.982604,-8.952774,1.027957,59.983331,-4.657165,1.024038,59.983323,-5.412677,1.013921,59.983217,-5.372197,1.025835,59.983112,-5.239746,1.024296,59.982574,-6.589227,1.028333,59.981668,-6.611567,1.042820,59.981275,-5.235041,1.044683,59.981046,-6.217745,1.042091,59.981034,-7.039991,1.056410,59.980998,-0.633934,0.996665,59.980902,-1.493556,1.042641,59.981261,-3.119965,1.057561,59.981237,0.799121,1.053038,59.981237,0.625598,1.047781,59.981274,-5.129541,1.063767,59.979837,-3.637141,1.061237,59.980258,-4.620629,1.048785,59.980630,-6.368650,1.056976,59.979960,-1.444089,1.054920,59.979851,1.029520,1.050595,59.978330,-2.779994,0.984955,59.985404,0.053128,0.986063,59.984509,2.386990,0.999246,59.980881,4.020626,1.013260,59.980788,3.146818,1.051896,59.981213,5.198108,1.065889,59.981189,7.588561,1.030870,59.979121,2.392534,1.025871,59.979610,7.384403,1.027718,59.982245,-8.714101,0.999709,0.999864,0.999792,0.999678,0.999690,0.999625,0.999660,0.999538,-42.245479,0.000000,5.290228,12.034828,4.683582,13.044489,21.153411,-38.061005,288.383297,447.800150,209.391350,467.503357,6.717002,286.592096,294.652499,141.504847,562.436988,245.394482,221.661074,276.382253,200.614467,124.488442,251.663684,184.493662,253.902685,8.239523,988.742731,2.149441,164.790455,75.230425,157.625653,78.812826,137.026846,28.927890,26.868009,92.246831,102.994035,75.767785,-82.574348,42.272334,15.225205,67.617823,24.718568,24.091648,4.119761,223.900075
8.440000,1.048838,59.981513,-7.269836,1.055723,59.980216,-4.898689,1.040718,59.981208,-7.395794,1.017112,59.982607,-8.295995,1.017462,59.983333,-7.445654,1.019408,59.983491,-6.869122,1.009762,59.983356,-8.770176,1.008688,59.983291,-9.199309,1.032089,59.982699,-8.948135,1.027934,59.983507,-4.646921,1.024016,59.983494,-5.402512,1.013901,59.983389,-5.362792,1.025817,59.983284,-5.231097,1.024291,59.982739,-6.584487,1.028348,59.981805,-6.613485,1.042843,59.981399,-5.239854,1.044717,59.981186,-6.224140,1.042129,59.981198,-7.046362,1.056416,59.981059,-0.641026,0.996663,59.980936,-1.501462,1.042665,59.981384,-3.124880,1.057585,59.981357,0.794019,1.053062,59.981358,0.620497,1.047804,59.981398,-5.134362,1.063826,59.980063,-3.651865,1.061290,59.980362,-4.632862,1.048831,59.980752,-6.378121,1.057029,59.979941,-1.459021,1.054970,59.979785,1.013589,1.050719,59.978767,-2.804629,0.984915,59.985569,0.078271,0.986022,59.984725,2.405913,0.999245,59.980919,4.012587,1.013247,59.980784,3.137918,1.051919,59.981329,5.192814,1.065913,59.981308,7.583107,1.030920,59.979369,2.372751,1.025910,59.979437,7.366257,1.027738,59.982302,-8.712226,0.999709,0.999869,0.999799,0.999678,0.999687,0.999629,0.999651,0.999555,-42.313335,0.000000,5.259786,11.953464,4.606803,12.940932,21.062367,-38.199243,288.383297,447.800150,209.391350,467.503357,6.717002,286.592096,294.652499,141.504847,562.436988,245.394482,221.661074,276.382253,200.614467,124.488442,251.663684,184.493662,253.902685,8.239523,988.742731,2.149441,164.790455,75.230425,157.625653,78.812826,137.026846,28.927890,26.868009,92.246831,102.994035,75.767785,-82.574348,42.272334,15.225205,67.617823,24.718568,24.091648,4.119761,223.900075
8.460000,1.048887,59.981660,-7.274004,1.055801,59.980506,-4.911558,1.040767,59.981423,-7.401852,1.017115,59.982768,-8.292209,1.017444,59.983472,-7.436735,1.019387,59.983627,-6.859075,1.009744,59.983488,-8.761118,1.008672,59.983421,-9.190731,1.032094,59.982786,-8.944021,1.027910,59.983655,-4.636706,1.023994,59.983638,-5.392404,1.013880,59.983535,-5.353433,1.025798,59.983433,-5.222483,1.024286,59.982891,-6.579790,1.028366,59.981945,-6.615575,1.042869,59.981533,-5.244900,1.044754,59.981340,-6.230633,1.042171,59.981375,-7.052662,1.056426,59.981135,-0.648783,0.996665,59.980988,-1.510212,1.042692,59.981517,-3.130038,1.057613,59.981487,0.788654,1.053089,59.981488,0.615137,1.047830,59.981532,-5.139416,1.063888,59.980323,-3.665976,1.061352,59.980494,-4.645392,1.048883,59.980896,-6.387783,1.057096,59.979953,-1.475123,1.055036,59.979752,0.996158,1.050844,59.979261,-2.827030,0.984872,59.985668,0.103135,0.985979,59.984889,2.424986,0.999247,59.980973,4.003723,1.013237,59.980799,3.127903,1.051946,59.981454,5.187225,1.065939,59.981435,7.577375,1.030970,59.979664,2.353794,1.025967,59.979299,7.345847,1.027757,59.982359,-8.711114,0.999710,0.999870,0.999804,0.999677,0.999685,0.999635,0.999643,0.999573,-42.382501,0.000000,5.230320,11.870390,4.527368,12.838098,20.966115,-38.331475,288.383297,447.800150,209.391350,467.503357,6.717002,286.592096,294.652499,141.504847,562.436988,245.394482,221.661074,276.382253,200.614467,124.488442,251.663684,184.493662,253.902685,8.239523,988.742731,2.149441,164.790455,75.230425,157.625653,78.812826,137.026846,28.927890,26.868009,92.246831,102.994035,75.767785,-82.574348,42.272334,15.225205,67.617823,24.718568,24.091648,4.119761,223.900075
8.480000,1.048936,59.981818,-7.278211,1.055882,59.980824,-4.923358,1.040818,59.981649,-7.407458,1.017119,59.982918,-8.288459,1.017427,59.983587,-7.428070,1.019366,59.983737,-6.849313,1.009726,59.983597,-8.752362,1.008656,59.983529,-9.182464,1.032099,59.982864,-8.940472,1.027887,59.983774,-4.626703,1.023971,59.983755,-5.382531,1.013859,59.983656,-5.344286,1.025780,59.983557,-5.214056,1.024282,59.983028,-6.575217,1.028388,59.982087,-6.617794,1.042899,59.981676,-5.250089,1.044797,59.981506,-6.237108,1.042217,59.981565,-7.058777,1.056440,59.981227,-0.657069,0.996670,59.981059,-1.519651,1.042723,59.981658,-3.135350,1.057645,59.981624,0.783109,1.053121,59.981626,0.609604,1.047861,59.981675,-5.144611,1.063951,59.980614,-3.679220,1.061422,59.980651,-4.658007,1.048943,59.981060,-6.397469,1.057179,59.979997,-1.492143,1.055119,59.979753,0.977493,1.050971,59.979802,-2.846806,0.984826,59.985703,0.127275,0.985934,59.984999,2.443849,0.999252,59.981046,3.994184,1.013231,59.980837,3.116952,1.051978,59.981586,5.181421,1.065969,59.981569,7.571443,1.031021,59.980000,2.336000,1.026041,59.979200,7.323467,1.027777,59.982416,-8.710737,0.999710,0.999869,0.999806,0.999677,0.999683,0.999642,0.999635,0.999594,-42.451650,0.000000,5.202335,11.787137,4.446825,12.737924,20.866321,-38.455368,288.383297,447.800150,209.391350,467.503357,6.717002,286.592096,294.652499,141.504847,562.436988,245.394482,221.661074,276.382253,200.614467,124.488442,251.663684,184.493662,253.902685,8.239523,988.742731,2.149441,164.790455,75.230425,157.625653,78.812826,137.026846,28.927890,26.868009,92.246831,102.994035,75.767785,-82.574348,42.272334,15.225205,67.617823,24.718568,24.091648,4.119761,223.900075
8.500000,1.048985,59.981985,-7.282362,1.055965,59.981166,-4.933886,1.040873,59.981886,-7.412511,1.017125,59.983057,-8.284802,1.017412,59.983679,-7.419804,1.019347,59.983821,-6.840001,1.009710,59.983683,-8.744049,1.008641,59.983616,-9.174639,1.032104,59.982933,-8.937523,1.027866,59.983866,-4.617089,1.023951,59.983844,-5.373066,1.013840,59.983751,-5.335510,1.025764,59.983658,-5.205966,1.024281,59.983150,-6.570845,1.028414,59.982232,-6.620103,1.042934,59.981828,-5.255331,1.044844,59.981685,-6.243453,1.042267,59.981766,-7.064597,1.056458,59.981336,-0.665742,0.996679,59.981150,-1.529612,1.042759,59.981808,-3.140728,1.057681,59.981770,0.777469,1.053157,59.981773,0.603982,1.047896,59.981827,-5.149857,1.064017,59.980933,-3.691366,1.061500,59.980834,-4.670499,1.049009,59.981243,-6.407013,1.057276,59.980075,-1.509819,1.055217,59.979790,0.957874,1.051098,59.980383,-2.863625,0.984780,59.985676,0.150262,0.985890,59.985057,2.462146,0.999259,59.981138,3.984132,1.013227,59.980900,3.105261,1.052014,59.981727,5.175484,1.066003,59.981711,7.565388,1.031072,59.980374,2.319677,1.026132,59.979144,7.299443,1.027796,59.982474,-8.711067,0.999710,0.999865,0.999807,0.999678,0.999681,0.999650,0.999629,0.999616,-42.519492,0.000000,5.176292,11.705214,4.366718,12.642262,20.764684,-38.568784,288.383297,447.800150,209.391350,467.503357,6.717002,286.592096,294.652499,141.504847,562.436988,245.394482,221.661074,276.382253,200.614467,124.488442,251.663684,184.493662,253.902685,8.239523,988.742731,2.149441,164.790455,75.230425,157.625653,78.812826,137.026846,28.927890,26.868009,92.246831,102.994034,75.767785,-82.574348,42.272334,15.225205,67.617823,24.718568,24.091648,4.119761,223.900075
8.520000,1.049034,59.982160,-7.286369,1.056052,59.981526,-4.942966,1.040930,59.982130,-7.416923,1.017135,59.983184,-8.281299,1.017400,59.983748,-7.412075,1.019331,59.983880,-6.831297,1.009696,59.983747,-8.736316,1.008630,59.983682,-9.167381,1.032110,59.982995,-8.935203,1.027847,59.983930,-4.608035,1.023933,59.983907,-5.364174,1.013824,59.983821,-5.327260,1.025751,59.983735,-5.198354,1.024284,59.983259,-6.566750,1.028444,59.982378,-6.622460,1.042973,59.981988,-5.260537,1.044896,59.981874,-6.249560,1.042322,59.981977,-7.070021,1.056480,59.981461,-0.674654,0.996692,59.981262,-1.539922,1.042800,59.981967,-3.146085,1.057722,59.981924,0.771819,1.053198,59.981928,0.598356,1.047936,59.981988,-5.155067,1.064086,59.981274,-3.702209,1.061587,59.981040,-4.682666,1.049081,59.981443,-6.416256,1.057387,59.980187,-1.527877,1.055331,59.979866,0.937600,1.051226,59.980994,-2.877217,0.984736,59.985591,0.171695,0.985848,59.985065,2.479538,0.999271,59.981251,3.973738,1.013228,59.980987,3.093034,1.052054,59.981875,5.169494,1.066041,59.981860,7.559288,1.031124,59.980780,2.305095,1.026240,59.979135,7.274126,1.027816,59.982534,-8.712070,0.999711,0.999858,0.999806,0.999679,0.999681,0.999660,0.999624,0.999640,-42.584791,0.000000,5.152605,11.626087,4.288556,12.552844,20.662916,-38.669814,288.383297,447.800150,209.391350,467.503357,6.717002,286.592096,294.652499,141.504847,562.436988,245.394482,221.661074,276.382253,200.614467,124.488442,251.663684,184.493662,253.902685,8.239523,988.742731,2.149441,164.790455,75.230425,157.625653,78.812826,137.026846,28.927890,26.868009,92.246831,102.994034,75.767785,-82.574348,42.272334,15.225205,67.617823,24.718568,24.091648,4.119761,223.900075
8.540000,1.049083,59.982342,-7.290154,1.056140,59.981900,-4.950456,1.040991,59.982379,-7.420623,1.017148,59.983298,-8.278006,1.017391,59.983796,-7.405012,1.019318,59.983914,-6.823347,1.009687,59.983790,-8.729288,1.008621,59.983728,-9.160809,1.032118,59.983050,-8.933538,1.027833,59.983969,-4.599701,1.023920,59.983945,-5.356011,1.013813,59.983867,-5.319680,1.025742,59.983790,-5.191356,1.024292,59.983354,-6.563002,1.028479,59.982526,-6.624827,1.043018,59.982157,-5.265620,1.044954,59.982073,-6.255329,1.042381,59.982195,-7.074962,1.056507,59.981604,-0.683652,0.996709,59.981395,-1.550401,1.042846,59.982133,-3.151335,1.057769,59.982085,0.766241,1.053244,59.982090,0.592808,1.047980,59.982156,-5.160153,1.064156,59.981634,-3.711576,1.061681,59.981268,-4.694315,1.049161,59.981660,-6.425050,1.057511,59.980334,-1.546043,1.055459,59.979981,0.916976,1.051354,59.981626,-2.887378,0.984695,59.985453,0.191203,0.985809,59.985026,2.495702,0.999285,59.981384,3.963176,1.013231,59.981101,3.080486,1.052100,59.982030,5.163533,1.066084,59.982015,7.553223,1.031177,59.981212,2.292487,1.026362,59.979174,7.247893,1.027835,59.982594,-8.713708,0.999711,0.999849,0.999803,0.999681,0.999681,0.999670,0.999620,0.999665,-42.646393,0.000000,5.131636,11.551146,4.213787,12.471255,20.562708,-38.756812,288.383297,447.800150,209.391350,467.503357,6.717002,286.592096,294.652499,141.504847,562.436988,245.394482,221.661074,276.382253,200.614467,124.488442,251.663684,184.493662,253.902685,8.239523,988.742731,2.149441,164.790455,75.230425,157.625653,78.812826,137.026846,28.927890,26.868009,92.246831,102.994034,75.767785,-82.574348,42.272334,15.225205,67.617823,24.718568,24.091648,4.119761,223.900075
8.560000,1.049131,59.982527,-7.293652,1.056231,59.982283,-4.956249,1.041055,59.982630,-7.423556,1.017167,59.983401,-8.274981,1.017388,59.983824,-7.398734,1.019311,59.983927,-6.816285,1.009682,59.983813,-8.723080,1.008618,59.983755,-9.155027,1.032127,59.983099,-8.932546,1.027824,59.983984,-4.592235,1.023912,59.983960,-5.348717,1.013807,59.983892,-5.312904,1.025739,59.983824,-5.185095,1.024304,59.983436,-6.559670,1.028519,59.982674,-6.627165,1.043068,59.982331,-5.270501,1.045016,59.982280,-6.260669,1.042444,59.982419,-7.079341,1.056538,59.981763,-0.692586,0.996730,59.981548,-1.560870,1.042898,59.982305,-3.156400,1.057821,59.982253,0.760814,1.053295,59.982258,0.587417,1.048030,59.982331,-5.165036,1.064229,59.982008,-3.719325,1.061782,59.981516,-4.705269,1.049246,59.981891,-6.433257,1.057647,59.980514,-1.564040,1.055600,59.980134,0.896314,1.051483,59.982268,-2.893976,0.984658,59.985266,0.208455,0.985775,59.984942,2.510344,0.999303,59.981537,3.952626,1.013238,59.981241,3.067837,1.052151,59.982191,5.157681,1.066131,59.982177,7.547266,1.031231,59.981663,2.282040,1.026499,59.979265,7.221137,1.027854,59.982657,-8.715941,0.999711,0.999837,0.999799,0.999683,0.999681,0.999681,0.999617,0.999690,-42.703242,0.000000,5.113685,11.481690,4.143778,12.398904,20.465704,-38.828422,288.383297,447.800150,209.391350,467.503357,6.717002,286.592096,294.652499,141.504847,562.436988,245.394482,221.661074,276.382253,200.614467,124.488442,251.663684,184.493662,253.902685,8.239523,988.742731,2.149441,164.790455,75.230425,157.625653,78.812826,137.026846,28.927890,26.868009,92.246831,102.994034,75.767785,-82.574348,42.272334,15.225205,67.617823,24.718568,24.091648,4.119761,223.900075
8.580000,1.049179,59.982715,-7.296810,1.056324,59.982669,-4.960273,1.041122,59.982882,-7.425685,1.017191,59.983492,-8.272277,1.017391,59.983834,-7.393346,1.019310,59.983920,-6.810232,1.009683,59.983818,-8.717795,1.008620,59.983766,-9.150130,1.032140,59.983141,-8.932239,1.027822,59.983977,-4.585767,1.023910,59.983954,-5.342421,1.013808,59.983896,-5.307049,1.025742,59.983839,-5.179682,1.024322,59.983505,-6.556813,1.028564,59.982823,-6.629442,1.043122,59.982512,-5.275104,1.045083,59.982492,-6.265500,1.042512,59.982647,-7.083096,1.056573,59.981939,-0.701307,0.996755,59.981722,-1.571150,1.042954,59.982483,-3.161203,1.057877,59.982426,0.755614,1.053351,59.982432,0.582258,1.048085,59.982512,-5.169641,1.064303,59.982390,-3.725352,1.061890,59.981782,-4.715364,1.049337,59.982134,-6.440754,1.057793,59.980727,-1.581596,1.055752,59.980327,0.875925,1.051610,59.982911,-2.896948,0.984627,59.985038,0.223166,0.985747,59.984819,2.523198,0.999325,59.981711,3.942264,1.013249,59.981407,3.055305,1.052207,59.982359,5.152011,1.066184,59.982344,7.541491,1.031285,59.982127,2.273896,1.026647,59.979408,7.194260,1.027874,59.982720,-8.718727,0.999712,0.999823,0.999793,0.999686,0.999683,0.999693,0.999616,0.999715,-42.754395,0.000000,5.098992,11.418899,4.079787,12.336997,20.373480,-38.883598,288.383297,447.800150,209.391350,467.503357,6.717002,286.592096,294.652499,141.504847,562.436988,245.394482,221.661074,276.382253,200.614467,124.488442,251.663684,184.493662,253.902685,8.239523,988.742731,2.149441,164.790455,75.230425,157.625653,78.812826,137.026846,28.927890,26.868009,92.246831,102.994034,75.767785,-82.574348,42.272334,15.225205,67.617823,24.718568,24.091648,4.119761,223.900075
8.600000,1.049227,59.982903,-7.299590,1.056417,59.983054,-4.962497,1.041191,59.983130,-7.426993,1.017220,59.983572,-8.269944,1.017400,59.983827,-7.388940,1.019316,59.983895,-6.805288,1.009691,59.983807,-8.713519,1.008629,59.983762,-9.146199,1.032154,59.983179,-8.932625,1.027826,59.983951,-4.580414,1.023914,59.983929,-5.337232,1.013816,59.983883,-5.302220,1.025752,59.983837,-5.175213,1.024347,59.983563,-6.554485,1.028614,59.982971,-6.631627,1.043181,59.982697,-5.279361,1.045155,59.982709,-6.269757,1.042583,59.982876,-7.086179,1.056612,59.982129,-0.709672,0.996783,59.981915,-1.581068,1.043015,59.982666,-3.165678,1.057939,59.982605,0.750709,1.053412,59.982611,0.577397,1.048144,59.982697,-5.173901,1.064379,59.982775,-3.729585,1.062003,59.982062,-4.724455,1.049433,59.982386,-6.447433,1.057947,59.980972,-1.598449,1.055913,59.980557,0.856117,1.051737,59.983544,-2.896305,0.984602,59.984775,0.235098,0.985725,59.984662,2.534033,0.999350,59.981903,3.932262,1.013262,59.981598,3.043105,1.052268,59.982532,5.146597,1.066240,59.982516,7.535964,1.031340,59.982596,2.268146,1.026805,59.979603,7.167671,1.027894,59.982786,-8.722022,0.999712,0.999808,0.999786,0.999690,0.999685,0.999705,0.999617,0.999740,-42.799039,0.000000,5.087730,11.363820,4.022945,12.286527,20.287512,-38.921618,288.383297,447.800150,209.391350,467.503357,6.717002,286.592096,294.652499,141.504847,562.436988,245.394482,221.661074,276.382253,200.614467,124.488442,251.663684,184.493662,253.902685,8.239523,988.742731,2.149441,164.790455,75.230425,157.625653,78.812826,137.026846,28.927890,26.868009,92.246831,102.994034,75.767785,-82.574348,42.272334,15.225205,67.617823,24.718568,24.091648,4.119761,223.900075
8.620000,1.049274,59.983089,-7.301965,1.056512,59.983431,-4.962924,1.041264,59.983373,-7.427480,1.017255,59.983641,-8.268029,1.017417,59.983806,-7.385592,1.019329,59.983854,-6.801538,1.009705,59.983783,-8.710324,1.008644,59.983745,-9.143299,1.032172,59.983212,-8.933701,1.027838,59.983908,-4.576269,1.023927,59.983887,-5.333241,1.013831,59.983854,-5.298502,1.025769,59.983820,-5.171771,1.024378,59.983610,-6.552734,1.028669,59.983118,-6.633692,1.043245,59.982885,-5.283216,1.045230,59.982928,-6.273383,1.042658,59.983105,-7.088557,1.056654,59.982333,-0.717548,0.996814,59.982125,-1.590461,1.043081,59.982852,-3.169766,1.058005,59.982786,0.746161,1.053477,59.982793,0.572896,1.048208,59.982885,-5.177757,1.064456,59.983158,-3.731996,1.062119,59.982353,-4.732421,1.049532,59.982646,-6.453206,1.058108,59.981246,-1.614351,1.056080,59.980823,0.837184,1.051862,59.984158,-2.892129,0.984586,59.984484,0.244064,0.985711,59.984475,2.542656,0.999379,59.982114,3.922787,1.013277,59.981813,3.031445,1.052333,59.982709,5.141501,1.066301,59.982691,7.530749,1.031394,59.983065,2.264831,1.026971,59.979849,7.141771,1.027914,59.982853,-8.725781,0.999713,0.999791,0.999777,0.999694,0.999688,0.999717,0.999619,0.999764,-42.836503,0.000000,5.080008,11.317346,3.974238,12.248249,20.209160,-38.942096,288.383297,447.800150,209.391350,467.503357,6.717002,286.592096,294.652499,141.504847,562.436988,245.394482,221.661074,276.382253,200.614467,124.488442,251.663684,184.493662,253.902685,8.239523,988.742731,2.149441,164.790455,75.230425,157.625653,78.812826,137.026846,28.927890,26.868009,92.246831,102.994034,75.767785,-82.574348,42.272334,15.225205,67.617823,24.718568,24.091648,4.119761,223.900075
8.640000,1.049320,59.983272,-7.303926,1.056606,59.983796,-4.961597,1.041338,59.983607,-7.427165,1.017296,59.983700,-8.266573,1.017440,59.983773,-7.383359,1.019350,59.983802,-6.799045,1.009727,59.983748,-8.708264,1.008666,59.983718,-9.141481,1.032193,59.983243,-8.935462,1.027858,59.983851,-4.573408,1.023947,59.983833,-5.330519,1.013853,59.983812,-5.295963,1.025794,59.983791,-5.169418,1.024415,59.983648,-6.551596,1.028728,59.983263,-6.635617,1.043312,59.983075,-5.286618,1.045309,59.983148,-6.276341,1.042736,59.983330,-7.090213,1.056699,59.982550,-0.724809,0.996848,59.982352,-1.599175,1.043150,59.983040,-3.173416,1.058075,59.982971,0.742022,1.053546,59.982978,0.568807,1.048275,59.983075,-5.181162,1.064534,59.983534,-3.732589,1.062238,59.982653,-4.739160,1.049634,59.982909,-6.458001,1.058273,59.981547,-1.629068,1.056253,59.981122,0.819408,1.051985,59.984743,-2.884570,0.984577,59.984174,0.249934,0.985705,59.984266,2.548917,0.999409,59.982341,3.913991,1.013295,59.982049,3.020520,1.052402,59.982889,5.136783,1.066366,59.982870,7.525900,1.031449,59.983525,2.263944,1.027142,59.980145,7.116958,1.027934,59.982922,-8.729959,0.999713,0.999773,0.999768,0.999698,0.999692,0.999729,0.999623,0.999787,-42.866266,0.000000,5.075869,11.280203,3.934491,12.222677,20.139642,-38.944979,288.383297,447.800150,209.391350,467.503357,6.717002,286.592096,294.652499,141.504847,562.436988,245.394482,221.661074,276.382253,200.614467,124.488442,251.663684,184.493662,253.902685,8.239523,988.742731,2.149441,164.790455,75.230425,157.625653,78.812826,137.026846,28.927890,26.868009,92.246831,102.994034,75.767785,-82.574348,42.272334,15.225205,67.617823,24.718568,24.091648,4.119761,223.900075
8.660000,1.049365,59.983449,-7.305476,1.056700,59.984145,-4.958593,1.041414,59.983831,-7.426087,1.017343,59.983750,-8.265612,1.017471,59.983732,-7.382283,1.019378,59.983740,-6.797854,1.009755,59.983705,-8.707378,1.008695,59.983682,-9.140778,1.032217,59.983271,-8.937895,1.027885,59.983784,-4.571883,1.023975,59.983768,-5.329116,1.013884,59.983761,-5.294650,1.025826,59.983752,-5.168201,1.024459,59.983678,-6.551102,1.028791,59.983406,-6.637385,1.043382,59.983265,-5.289530,1.045390,59.983365,-6.278604,1.042815,59.983551,-7.091147,1.056747,59.982776,-0.731346,0.996883,59.982593,-1.607073,1.043222,59.983228,-3.176589,1.058148,59.983156,0.738338,1.053618,59.983164,0.565174,1.048345,59.983265,-5.184078,1.064613,59.983898,-3.731408,1.062359,59.982958,-4.744597,1.049738,59.983175,-6.461768,1.058440,59.981872,-1.642390,1.056427,59.981453,0.803052,1.052106,59.985290,-2.873843,0.984578,59.983852,0.252632,0.985708,59.984039,2.552711,0.999443,59.982582,3.906015,1.013314,59.982306,3.010512,1.052474,59.983071,5.132494,1.066434,59.983051,7.521468,1.031503,59.983970,2.265427,1.027315,59.980488,7.093610,1.027954,59.982993,-8.734511,0.999714,0.999755,0.999757,0.999703,0.999696,0.999741,0.999629,0.999808,-42.887962,0.000000,5.075290,11.252942,3.904357,12.210080,20.080020,-38.930545,288.383297,447.800150,209.391350,467.503357,6.717002,286.592096,294.652499,141.504847,562.436988,245.394482,221.661074,276.382253,200.614467,124.488442,251.663684,184.493662,253.902685,8.239523,988.742731,2.149441,164.790455,75.230425,157.625653,78.812826,137.026846,28.927890,26.868009,92.246831,102.994034,75.767785,-82.574348,42.272334,15.225205,67.617823,24.718568,24.091648,4.119761,223.900075
8.680000,1.049408,59.983619,-7.306630,1.056792,59.984472,-4.954024,1.041491,59.984043,-7.424299,1.017395,59.983792,-8.265177,1.017509,59.983683,-7.382387,1.019414,59.983672,-6.797988,1.009791,59.983655,-8.707684,1.008731,59.983641,-9.141207,1.032243,59.983298,-8.940979,1.027920,59.983710,-4.571726,1.024010,59.983697,-5.329058,1.013922,59.983702,-5.294590,1.025865,59.983706,-5.168147,1.024508,59.983701,-6.551270,1.028858,59.983546,-6.638984,1.043453,59.983454,-5.291926,1.045472,59.983580,-6.280164,1.042896,59.983764,-7.091374,1.056796,59.983011,-0.737062,0.996919,59.982845,-1.614032,1.043297,59.983416,-3.179255,1.058223,59.983342,0.735142,1.053693,59.983349,0.562031,1.048418,59.983454,-5.186478,1.064691,59.984244,-3.728531,1.062479,59.983264,-4.748678,1.049842,59.983439,-6.464478,1.058606,59.982217,-1.654129,1.056601,59.981811,0.788355,1.052223,59.985792,-2.860224,0.984587,59.983526,0.252142,0.985719,59.983802,2.553975,0.999477,59.982836,3.898985,1.013334,59.982580,3.001583,1.052548,59.983255,5.128675,1.066504,59.983232,7.517491,1.031556,59.984394,2.269176,1.027489,59.980875,7.072084,1.027975,59.983066,-8.739393,0.999715,0.999736,0.999747,0.999709,0.999702,0.999752,0.999636,0.999827,-42.901384,0.000000,5.078186,11.235930,3.884310,12.210475,20.031185,-38.899395,288.383297,447.800150,209.391350,467.503357,6.717002,286.592096,294.652499,141.504847,562.436988,245.394482,221.661074,276.382253,200.614467,124.488442,251.663684,184.493662,253.902685,8.239523,988.742731,2.149441,164.790455,75.230425,157.625653,78.812826,137.026846,28.927890,26.868009,92.246831,102.994034,75.767785,-82.574348,42.272334,15.225205,67.617823,24.718568,24.091648,4.119761,223.900075
8.700000,1.049450,59.983780,-7.307417,1.056882,59.984773,-4.948032,1.041568,59.984240,-7.421872,1.017452,59.983827,-8.265290,1.017554,59.983631,-7.383676,1.019456,59.983600,-6.799447,1.009834,59.983602,-8.709182,1.008773,59.983596,-9.142770,1.032273,59.983325,-8.944689,1.027963,59.983631,-4.572942,1.024053,59.983622,-5.330353,1.013968,59.983639,-5.295791,1.025911,59.983656,-5.169263,1.024563,59.983719,-6.552113,1.028926,59.983683,-6.640409,1.043526,59.983641,-5.293791,1.045554,59.983788,-6.281024,1.042977,59.983968,-7.090924,1.056846,59.983252,-0.741879,0.996956,59.983107,-1.619950,1.043373,59.983602,-3.181396,1.058299,59.983526,0.732461,1.053769,59.983533,0.559400,1.048491,59.983640,-5.188347,1.064767,59.984570,-3.724070,1.062597,59.983569,-4.751379,1.049945,59.983699,-6.466121,1.058768,59.982578,-1.664126,1.056772,59.982193,0.775527,1.052336,59.986241,-2.844043,0.984606,59.983204,0.248501,0.985740,59.983562,2.552694,0.999513,59.983099,3.893005,1.013354,59.982868,2.993874,1.052623,59.983438,5.125361,1.066576,59.983413,7.514003,1.031608,59.984792,2.275044,1.027659,59.981302,7.052709,1.027996,59.983140,-8.744561,0.999716,0.999718,0.999736,0.999715,0.999708,0.999763,0.999645,0.999844,-42.906487,0.000000,5.084415,11.229346,3.874636,12.223639,19.993840,-38.852432,288.383297,447.800150,209.391350,467.503357,6.717002,286.592096,294.652499,141.504847,562.436988,245.394482,221.661074,276.382253,200.614467,124.488442,251.663684,184.493662,253.902685,8.239523,988.742731,2.149441,164.790455,75.230425,157.625653,78.812826,137.026846,28.927890,26.868009,92.246831,102.994034,75.767785,-82.574348,42.272334,15.225205,67.617823,24.718568,24.091648,4.119761,223.900075
8.720000,1.049490,59.983931,-7.307878,1.056969,59.985045,-4.940787,1.041644,59.984420,-7.418889,1.017513,59.983855,-8.265969,1.017605,59.983578,-7.386135,1.019506,59.983528,-6.802214,1.009882,59.983548,-8.711856,1.008821,59.983550,-9.145448,1.032305,59.983352,-8.948994,1.028012,59.983552,-4.575518,1.024102,59.983546,-5.332983,1.014020,59.983575,-5.298240,1.025964,59.983604,-5.171540,1.024622,59.983734,-6.553630,1.028996,59.983815,-6.641660,1.043600,59.983823,-5.295120,1.045636,59.983989,-6.281206,1.043057,59.984161,-7.089843,1.056896,59.983496,-0.745734,0.996993,59.983374,-1.624744,1.043448,59.983784,-3.183005,1.058376,59.983708,0.730308,1.053845,59.983715,0.557296,1.048565,59.983822,-5.189683,1.064843,59.984870,-3.718166,1.062712,59.983868,-4.752698,1.050046,59.983952,-6.466710,1.058926,59.982952,-1.672248,1.056936,59.982594,0.764748,1.052445,59.986632,-2.825677,0.984633,59.982894,0.241802,0.985768,59.983324,2.548901,0.999549,59.983368,3.888164,1.013374,59.983168,2.987503,1.052698,59.983620,5.122573,1.066649,59.983593,7.511027,1.031658,59.985157,2.282843,1.027823,59.981764,7.035782,1.028016,59.983216,-8.749973,0.999716,0.999700,0.999725,0.999721,0.999714,0.999773,0.999655,0.999858,-42.903379,0.000000,5.093778,11.233181,3.875434,12.249116,19.968496,-38.790845,288.383297,447.800150,209.391350,467.503357,6.717002,286.592096,294.652499,141.504847,562.436988,245.394482,221.661074,276.382253,200.614467,124.488442,251.663684,184.493662,253.902685,8.239523,988.742731,2.149441,164.790455,75.230425,157.625653,78.812826,137.026846,28.927890,26.868009,92.246831,102.994034,75.767785,-82.574348,42.272334,15.225205,67.617823,24.718568,24.091648,4.119761,223.900075
8.740000,1.049528,59.984070,-7.308064,1.057052,59.985286,-4.932485,1.041719,59.984582,-7.415447,1.017577,59.983879,-8.267223,1.017661,59.983526,-7.389734,1.019561,59.983459,-6.806248,1.009937,59.983496,-8.715673,1.008875,59.983506,-9.149211,1.032339,59.983381,-8.953855,1.028067,59.983475,-4.579417,1.024157,59.983472,-5.336912,1.014078,59.983513,-5.301904,1.026021,59.983552,-5.174949,1.024685,59.983746,-6.555813,1.029066,59.983942,-6.642742,1.043671,59.983999,-5.295922,1.045716,59.984180,-6.280742,1.043135,59.984341,-7.088189,1.056944,59.983741,-0.748585,0.997028,59.983645,-1.628356,1.043523,59.983961,-3.184087,1.058451,59.983886,0.728687,1.053919,59.983892,0.555721,1.048637,59.983998,-5.190492,1.064915,59.985141,-3.710989,1.062821,59.984158,-4.752659,1.050143,59.984196,-6.466275,1.059074,59.983335,-1.678398,1.057092,59.983010,0.756167,1.052549,59.986959,-2.805543,0.984669,59.982602,0.232189,0.985805,59.983094,2.542669,0.999585,59.983642,3.884523,1.013393,59.983474,2.982564,1.052771,59.983800,5.120327,1.066720,59.983771,7.508577,1.031706,59.985486,2.292351,1.027979,59.982256,7.021558,1.028037,59.983294,-8.755589,0.999717,0.999683,0.999714,0.999727,0.999721,0.999782,0.999667,0.999870,-42.892324,0.000000,5.106031,11.247241,3.886615,12.286227,19.955462,-38.716075,288.383297,447.800150,209.391350,467.503357,6.717002,286.592096,294.652499,141.504847,562.436988,245.394482,221.661074,276.382253,200.614467,124.488442,251.663684,184.493662,253.902685,8.239523,988.742731,2.149441,164.790455,75.230425,157.625653,78.812826,137.026846,28.927890,26.868009,92.246831,102.994034,75.767785,-82.574348,42.272334,15.225205,67.617823,24.718568,24.091648,4.119761,223.900075
8.760000,1.049564,59.984197,-7.308035,1.057130,59.985491,-4.923339,1.041790,59.984726,-7.411653,1.017643,59.983900,-8.269054,1.017722,59.983478,-7.394424,1.019621,59.983395,-6.811493,1.009995,59.983447,-8.720580,1.008932,59.983465,-9.154010,1.032375,59.983412,-8.959233,1.028128,59.983403,-4.584581,1.024218,59.983403,-5.342083,1.014140,59.983455,-5.306730,1.026084,59.983505,-5.179444,1.024751,59.983758,-6.558646,1.029135,59.984064,-6.643666,1.043741,59.984169,-5.296216,1.045792,59.984361,-6.279680,1.043210,59.984507,-7.086033,1.056990,59.983984,-0.750411,0.997061,59.983916,-1.630747,1.043595,59.984131,-3.184657,1.058524,59.984059,0.727591,1.053992,59.984064,0.554666,1.048707,59.984167,-5.190796,1.064984,59.985381,-3.702731,1.062923,59.984437,-4.751312,1.050234,59.984428,-6.464868,1.059212,59.983721,-1.682509,1.057236,59.983435,0.749892,1.052647,59.987218,-2.784089,0.984712,59.982336,0.219854,0.985849,59.982880,2.534115,0.999619,59.983916,3.882125,1.013410,59.983785,2.979121,1.052843,59.983976,5.118627,1.066790,59.983945,7.506658,1.031752,59.985774,2.303312,1.028124,59.982771,7.010251,1.028058,59.983374,-8.761371,0.999719,0.999667,0.999704,0.999734,0.999728,0.999790,0.999680,0.999879,-42.873724,0.000000,5.120882,11.271153,3.907910,12.334092,19.954847,-38.629792,288.383297,447.800150,209.391350,467.503357,6.717002,286.592096,294.652499,141.504847,562.436988,245.394482,221.661074,276.382253,200.614467,124.488442,251.663684,184.493662,253.902685,8.239523,988.742731,2.149441,164.790455,75.230425,157.625653,78.812826,137.026846,28.927890,26.868009,92.246831,102.994034,75.767785,-82.574348,42.272334,15.225205,67.617823,24.718568,24.091648,4.119761,223.900075
8.780000,1.049597,59.984311,-7.307858,1.057203,59.985661,-4.913580,1.041858,59.984850,-7.407621,1.017710,59.983918,-8.271458,1.017786,59.983436,-7.400142,1.019684,59.983339,-6.817870,1.010057,59.983406,-8.726513,1.008993,59.983431,-9.159782,1.032413,59.983446,-8.965079,1.028192,59.983340,-4.590933,1.024282,59.983343,-5.348417,1.014207,59.983404,-5.312650,1.026149,59.983463,-5.184962,1.024818,59.983770,-6.562101,1.029201,59.984179,-6.644447,1.043807,59.984330,-5.296034,1.045864,59.984529,-6.278079,1.043281,59.984658,-7.083455,1.057033,59.984223,-0.751208,0.997091,59.984184,-1.631905,1.043663,59.984294,-3.184740,1.058593,59.984225,0.727003,1.054061,59.984230,0.554113,1.048773,59.984328,-5.190624,1.065049,59.985587,-3.693603,1.063017,59.984702,-4.748727,1.050318,59.984646,-6.462557,1.059337,59.984106,-1.684549,1.057366,59.983865,0.745996,1.052739,59.987408,-2.761786,0.984761,59.982101,0.205034,0.985899,59.982685,2.523399,0.999651,59.984188,3.880986,1.013424,59.984096,2.977210,1.052910,59.984147,5.117465,1.066857,59.984114,7.505265,1.031794,59.986019,2.315450,1.028254,59.983303,7.002028,1.028078,59.983454,-8.767282,0.999720,0.999653,0.999695,0.999740,0.999735,0.999796,0.999694,0.999885,-42.848118,0.000000,5.138007,11.304373,3.938875,12.391650,19.966554,-38.533854,288.383297,447.800150,209.391350,467.503357,6.717002,286.592096,294.652499,141.504847,562.436988,245.394482,221.661074,276.382253,200.614467,124.488442,251.663684,184.493662,253.902685,8.239523,988.742731,2.149441,164.790455,75.230425,157.625653,78.812826,137.026846,28.927890,26.868009,92.246831,102.994034,75.767785,-82.574348,42.272334,15.225205,67.617823,24.718568,24.091648,4.119761,223.900075
8.800000,1.049627,59.984411,-7.307605,1.057270,59.985794,-4.903449,1.041922,59.984953,-7.403472,1.017777,59.983934,-8.274423,1.017852,59.983402,-7.406809,1.019750,59.983293,-6.825288,1.010122,59.983373,-8.733390,1.009056,59.983404,-9.166453,1.032451,59.983484,-8.971344,1.028258,59.983287,-4.598377,1.024349,59.983293,-5.355823,1.014275,59.983363,-5.319578,1.026216,59.983430,-5.191425,1.024886,59.983783,-6.566144,1.029264,59.984289,-6.645106,1.043868,59.984482,-5.295416,1.045930,59.984684,-6.276010,1.043347,59.984793,-7.080547,1.057072,59.984456,-0.750994,0.997116,59.984446,-1.631842,1.043727,59.984448,-3.184374,1.058657,59.984384,0.726895,1.054125,59.984387,0.554035,1.048835,59.984480,-5.190018,1.065110,59.985758,-3.683833,1.063101,59.984949,-4.744997,1.050394,59.984849,-6.459429,1.059446,59.984485,-1.684521,1.057480,59.984294,0.744513,1.052825,59.987527,-2.739115,0.984816,59.981903,0.188004,0.985954,59.982516,2.510713,0.999680,59.984455,3.881099,1.013434,59.984403,2.976841,1.052972,59.984312,5.116826,1.066919,59.984278,7.504383,1.031833,59.986219,2.328467,1.028368,59.983846,6.997004,1.028098,59.983536,-8.773290,0.999721,0.999640,0.999686,0.999746,0.999743,0.999802,0.999709,0.999887,-42.816161,0.000000,5.157048,11.346200,3.978901,12.457679,19.990290,-38.430272,288.383297,447.800150,209.391350,467.503357,6.717002,286.592096,294.652499,141.504847,562.436988,245.394482,221.661074,276.382253,200.614467,124.488442,251.663684,184.493662,253.902685,8.239523,988.742731,2.149441,164.790455,75.230425,157.625653,78.812826,137.026846,28.927890,26.868009,92.246831,102.994034,75.767785,-82.574348,42.272334,15.225205,67.617823,24.718568,24.091648,4.119761,223.900075
8.820000,1.049654,59.984497,-7.307353,1.057329,59.985888,-4.893192,1.041980,59.985036,-7.399329,1.017842,59.983951,-8.277928,1.017919,59.983378,-7.414334,1.019818,59.983260,-6.833640,1.010187,59.983350,-8.741117,1.009121,59.983387,-9.173934,1.032489,59.983527,-8.977973,1.028326,59.983247,-4.606802,1.024416,59.983256,-5.364189,1.014345,59.983333,-5.327414,1.026285,59.983407,-5.198743,1.024952,59.983800,-6.570733,1.029323,59.984391,-6.645669,1.043923,59.984623,-5.294411,1.045990,59.984824,-6.273550,1.043406,59.984910,-7.077405,1.057105,59.984679,-0.749807,0.997137,59.984699,-1.630589,1.043784,59.984592,-3.183603,1.058715,59.984534,0.727233,1.054183,59.984536,0.554395,1.048890,59.984621,-5.189026,1.065164,59.985892,-3.673656,1.063173,59.985176,-4.740235,1.050461,59.985033,-6.455582,1.059538,59.984855,-1.682461,1.057575,59.984717,0.745435,1.052904,59.987576,-2.716564,0.984876,59.981746,0.169070,0.986013,59.982377,2.496282,0.999706,59.984712,3.882433,1.013440,59.984703,2.977993,1.053028,59.984470,5.116685,1.066976,59.984435,7.503991,1.031867,59.986372,2.342055,1.028463,59.984391,6.995244,1.028118,59.983619,-8.779361,0.999722,0.999630,0.999679,0.999753,0.999750,0.999806,0.999724,0.999887,-42.778617,0.000000,5.177630,11.395791,4.027230,12.530829,20.025571,-38.321169,288.383297,447.800150,209.391350,467.503357,6.717002,286.592096,294.652499,141.504847,562.436988,245.394482,221.661074,276.382253,200.614467,124.488442,251.663684,184.493662,253.902685,8.239523,988.742731,2.149441,164.790455,75.230425,157.625653,78.812826,137.026846,28.927890,26.868009,92.246831,102.994034,75.767785,-82.574348,42.272334,15.225205,67.617823,24.718568,24.091648,4.119761,223.900075
8.840000,1.049678,59.984570,-7.307180,1.057381,59.985946,-4.883058,1.042031,59.985099,-7.395315,1.017905,59.983968,-8.281949,1.017985,59.983367,-7.422613,1.019885,59.983241,-6.842805,1.010252,59.983340,-8.749592,1.009184,59.983380,-9.182127,1.032527,59.983574,-8.984911,1.028394,59.983223,-4.616083,1.024484,59.983234,-5.373394,1.014414,59.983316,-5.336043,1.026352,59.983396,-5.206810,1.025016,59.983822,-6.575819,1.029375,59.984487,-6.646162,1.043971,59.984753,-5.293078,1.046041,59.984949,-6.270789,1.043457,59.985011,-7.074130,1.057132,59.984890,-0.747702,0.997152,59.984940,-1.628205,1.043834,59.984725,-3.182480,1.058765,59.984674,0.727971,1.054233,59.984676,0.555146,1.048939,59.984751,-5.187707,1.065213,59.985990,-3.663314,1.063233,59.985382,-4.734569,1.050516,59.985199,-6.451129,1.059611,59.985210,-1.678442,1.057650,59.985129,0.748716,1.052975,59.987556,-2.694612,0.984938,59.981634,0.148569,0.986074,59.982272,2.480361,0.999726,59.984959,3.884935,1.013442,59.984991,2.980617,1.053077,59.984620,5.117007,1.067026,59.984584,7.504057,1.031897,59.986478,2.355896,1.028538,59.984932,6.996758,1.028137,59.983703,-8.785468,0.999724,0.999621,0.999672,0.999759,0.999758,0.999809,0.999740,0.999884,-42.736336,0.000000,5.199358,11.452176,4.082970,12.609644,20.071730,-38.208737,288.383297,447.800150,209.391350,467.503357,6.717002,286.592096,294.652499,141.504847,562.436988,245.394482,221.661074,276.382253,200.614467,124.488442,251.663684,184.493662,253.902685,8.239523,988.742731,2.149441,164.790455,75.230425,157.625653,78.812826,137.026846,28.927890,26.868009,92.246831,102.994034,75.767785,-82.574348,42.272334,15.225205,67.617823,24.718568,24.091648,4.119761,223.900075
8.860000,1.049699,59.984629,-7.307163,1.057425,59.985967,-4.873289,1.042075,59.985143,-7.391551,1.017964,59.983988,-8.286451,1.018050,59.983368,-7.431534,1.019951,59.983238,-6.852654,1.010316,59.983343,-8.758699,1.009247,59.983387,-9.190926,1.032564,59.983628,-8.992098,1.028460,59.983215,-4.626081,1.024550,59.983228,-5.383302,1.014481,59.983314,-5.345343,1.026417,59.983398,-5.215515,1.025076,59.983848,-6.581347,1.029421,59.984575,-6.646617,1.044011,59.984870,-5.291482,1.046083,59.985058,-6.267818,1.043500,59.985094,-7.070828,1.057151,59.985088,-0.744753,0.997161,59.985167,-1.624768,1.043875,59.984846,-3.181067,1.058806,59.984804,0.729057,1.054275,59.984804,0.556236,1.048979,59.984868,-5.186126,1.065255,59.986051,-3.653050,1.063278,59.985564,-4.728145,1.050560,59.985344,-6.446193,1.059663,59.985546,-1.672565,1.057703,59.985523,0.754270,1.053040,59.987469,-2.673723,0.985002,59.981569,0.126854,0.986137,59.982203,2.463226,0.999741,59.985190,3.888528,1.013437,59.985265,2.984639,1.053116,59.984761,5.117751,1.067068,59.984725,7.504543,1.031921,59.986538,2.369678,1.028590,59.985462,7.001503,1.028156,59.983788,-8.791583,0.999725,0.999615,0.999668,0.999764,0.999765,0.999811,0.999756,0.999877,-42.690240,0.000000,5.221832,11.514279,4.145112,12.692594,20.127932,-38.095199,288.383297,447.800150,209.391350,467.503357,6.717002,286.592096,294.652499,141.504847,562.436988,245.394482,221.661074,276.382253,200.614467,124.488442,251.663684,184.493662,253.902685,8.239523,988.742731,2.149441,164.790455,75.230425,157.625653,78.812826,137.026846,28.927890,26.868009,92.246831,102.994034,75.767785,-82.574348,42.272334,15.225205,67.617823,24.718568,24.091648,4.119761,223.900075
8.880000,1.049716,59.984675,-7.307379,1.057460,59.985954,-4.864121,1.042111,59.985168,-7.388156,1.018017,59.984010,-8.291398,1.018111,59.983384,-7.440976,1.020013,59.983251,-6.863047,1.010377,59.983360,-8.768318,1.009306,59.983407,-9.200217,1.032600,59.983686,-8.999475,1.028524,59.983226,-4.636650,1.024613,59.983240,-5.393771,1.014545,59.983329,-5.355181,1.026478,59.983415,-5.224735,1.025131,59.983880,-6.587255,1.029458,59.984656,-6.647067,1.044041,59.984975,-5.289692,1.046115,59.985150,-6.264735,1.043534,59.985160,-7.067603,1.057163,59.985270,-0.741049,0.997162,59.985376,-1.620374,1.043906,59.984956,-3.179429,1.058838,59.984923,0.730432,1.054308,59.984922,0.557606,1.049009,59.984973,-5.184352,1.065289,59.986078,-3.643100,1.063309,59.985722,-4.721117,1.050590,59.985468,-6.440906,1.059693,59.985860,-1.664965,1.057733,59.985897,0.761974,1.053096,59.987320,-2.654339,0.985065,59.981553,0.104294,0.986199,59.982172,2.445170,0.999750,59.985405,3.893116,1.013427,59.985521,2.989955,1.053146,59.984891,5.118865,1.067100,59.984856,7.505401,1.031941,59.986554,2.383091,1.028619,59.985972,7.009382,1.028174,59.983873,-8.797683,0.999727,0.999611,0.999664,0.999770,0.999773,0.999811,0.999772,0.999869,-42.641305,0.000000,5.244653,11.580937,4.212550,12.778105,20.193190,-37.982760,288.383297,447.800150,209.391350,467.503357,6.717002,286.592096,294.652499,141.504847,562.436988,245.394482,221.661074,276.382253,200.614467,124.488442,251.663684,184.493662,253.902685,8.239523,988.742731,2.149441,164.790455,75.230425,157.625653,78.812826,137.026846,28.927890,26.868009,92.246831,102.994034,75.767785,-82.574348,42.272334,15.225205,67.617823,24.718568,24.091648,4.119761,223.900075
8.900000,1.049729,59.984709,-7.307898,1.057486,59.985909,-4.855776,1.042139,59.985176,-7.385237,1.018065,59.984037,-8.296743,1.018168,59.983415,-7.450814,1.020072,59.983283,-6.873841,1.010433,59.983393,-8.778322,1.009361,59.983441,-9.209881,1.032633,59.983751,-9.006980,1.028582,59.983255,-4.647638,1.024672,59.983271,-5.404652,1.014604,59.983360,-5.365420,1.026535,59.983448,-5.234344,1.025179,59.983920,-6.593481,1.029486,59.984729,-6.647548,1.044061,59.985068,-5.287783,1.046136,59.985226,-6.261638,1.043558,59.985209,-7.064559,1.057166,59.985434,-0.736694,0.997155,59.985565,-1.615140,1.043927,59.985053,-3.177638,1.058859,59.985031,0.732033,1.054329,59.985028,0.559192,1.049030,59.985065,-5.182460,1.065316,59.986070,-3.633693,1.063324,59.985853,-4.713650,1.050608,59.985570,-6.435402,1.059700,59.986147,-1.655804,1.057739,59.986243,0.771670,1.053145,59.987114,-2.636865,0.985127,59.981587,0.081264,0.986260,59.982182,2.426497,0.999751,59.985600,3.898582,1.013410,59.985756,2.996443,1.053166,59.985012,5.120293,1.067123,59.984977,7.506580,1.031954,59.986526,2.395839,1.028623,59.986457,7.020245,1.028191,59.983959,-8.803744,0.999729,0.999610,0.999662,0.999775,0.999779,0.999810,0.999787,0.999857,-42.590538,0.000000,5.267426,11.650925,4.284101,12.864592,20.266382,-37.873572,288.383297,447.800150,209.391350,467.503357,6.717002,286.592096,294.652499,141.504847,562.436988,245.394482,221.661074,276.382253,200.614467,124.488442,251.663684,184.493662,253.902685,8.239523,988.742731,2.149441,164.790455,75.230425,157.625653,78.812826,137.026846,28.927890,26.868009,92.246831,102.994035,75.767785,-82.574348,42.272334,15.225205,67.617823,24.718568,24.091648,4.119761,223.900075
8.920000,1.049739,59.984731,-7.308787,1.057503,59.985833,-4.848456,1.042157,59.985168,-7.382898,1.018105,59.984068,-8.302439,1.018219,59.983462,-7.460919,1.020124,59.983333,-6.884889,1.010484,59.983441,-8.788582,1.009411,59.983489,-9.219797,1.032663,59.983822,-9.014553,1.028635,59.983304,-4.658889,1.024725,59.983320,-5.415792,1.014656,59.983409,-5.375918,1.026585,59.983496,-5.244209,1.025220,59.983966,-6.599954,1.029504,59.984796,-6.648092,1.044070,59.985146,-5.285833,1.046146,59.985287,-6.258627,1.043571,59.985242,-7.061797,1.057159,59.985579,-0.731803,0.997141,59.985734,-1.609198,1.043937,59.985138,-3.175767,1.058869,59.985126,0.733791,1.054340,59.985122,0.560925,1.049039,59.985144,-5.180527,1.065334,59.986031,-3.625046,1.063323,59.985959,-4.705915,1.050611,59.985651,-6.429820,1.059684,59.986404,-1.645269,1.057720,59.986560,0.783165,1.053187,59.986857,-2.621670,0.985187,59.981670,0.058139,0.986317,59.982233,2.407517,0.999746,59.985773,3.904796,1.013386,59.985968,3.003954,1.053174,59.985120,5.121974,1.067135,59.985088,7.508023,1.031962,59.986458,2.407645,1.028602,59.986910,7.033894,1.028207,59.984046,-8.809748,0.999730,0.999611,0.999662,0.999779,0.999786,0.999808,0.999803,0.999844,-42.538965,0.000000,5.289773,11.722977,4.358529,12.950483,20.346268,-37.769688,288.383297,447.800150,209.391350,467.503357,6.717002,286.592096,294.652499,141.504847,562.436988,245.394482,221.661074,276.382253,200.614467,124.488442,251.663684,184.493662,253.902685,8.239523,988.742731,2.149441,164.790455,75.230425,157.625653,78.812826,137.026846,28.927890,26.868009,92.246831,102.994035,75.767785,-82.574348,42.272334,15.225205,67.617823,24.718568,24.091648,4.119761,223.900075
8.940000,1.049746,59.984744,-7.310105,1.057511,59.985732,-4.842344,1.042166,59.985146,-7.381227,1.018137,59.984105,-8.308432,1.018263,59.983525,-7.471161,1.020170,59.983401,-6.896042,1.010529,59.983506,-8.798968,1.009454,59.983553,-9.229841,1.032691,59.983899,-9.022133,1.028681,59.983373,-4.670243,1.024771,59.983388,-5.427038,1.014702,59.983475,-5.386532,1.026628,59.983561,-5.254201,1.025253,59.984020,-6.606607,1.029511,59.984855,-6.648737,1.044069,59.985212,-5.283919,1.046144,59.985331,-6.255799,1.043573,59.985260,-7.059411,1.057143,59.985704,-0.726503,0.997117,59.985879,-1.602691,1.043935,59.985209,-3.173891,1.058866,59.985209,0.735636,1.054338,59.985204,0.562735,1.049037,59.985210,-5.178631,1.065344,59.985964,-3.617355,1.063306,59.986038,-4.698086,1.050600,59.985710,-6.424301,1.059645,59.986630,-1.633569,1.057676,59.986842,0.796240,1.053220,59.986556,-2.609074,0.985242,59.981802,0.035286,0.986370,59.982325,2.388543,0.999732,59.985924,3.911611,1.013354,59.986153,3.012326,1.053170,59.985218,5.123842,1.067136,59.985188,7.509668,1.031964,59.986355,2.418255,1.028556,59.987323,7.050084,1.028222,59.984132,-8.815675,0.999732,0.999614,0.999663,0.999783,0.999791,0.999805,0.999817,0.999828,-42.487604,0.000000,5.311330,11.795808,4.434564,13.034254,20.431518,-37.673032,288.383297,447.800150,209.391350,467.503357,6.717002,286.592096,294.652499,141.504847,562.436988,245.394482,221.661074,276.382253,200.614467,124.488442,251.663684,184.493662,253.902685,8.239523,988.742731,2.149441,164.790455,75.230425,157.625653,78.812826,137.026846,28.927890,26.868009,92.246831,102.994035,75.767785,-82.574348,42.272334,15.225205,67.617823,24.718568,24.091648,4.119761,223.900075
8.960000,1.049749,59.984748,-7.311901,1.057509,59.985608,-4.837598,1.042165,59.985111,-7.380302,1.018160,59.984147,-8.314666,1.018299,59.983604,-7.481409,1.020208,59.983487,-6.907156,1.010565,59.983586,-8.809350,1.009490,59.983631,-9.239892,1.032714,59.983982,-9.029662,1.028719,59.983461,-4.681547,1.024809,59.983475,-5.438238,1.014739,59.983559,-5.397121,1.026662,59.983641,-5.264187,1.025277,59.984081,-6.613369,1.029508,59.984908,-6.649516,1.044055,59.985265,-5.282119,1.046130,59.985361,-6.253247,1.043564,59.985264,-7.057488,1.057117,59.985808,-0.720927,0.997085,59.986001,-1.595773,1.043920,59.985268,-3.172087,1.058852,59.985281,0.737495,1.054324,59.985274,0.564550,1.049024,59.985263,-5.176848,1.065345,59.985870,-3.610798,1.063273,59.986091,-4.690334,1.050574,59.985748,-6.418980,1.059582,59.986820,-1.620934,1.057608,59.987086,0.810647,1.053247,59.986219,-2.599343,0.985292,59.981980,0.013062,0.986417,59.982456,2.369877,0.999711,59.986050,3.918872,1.013315,59.986311,3.021377,1.053154,59.985304,5.125828,1.067125,59.985277,7.511452,1.031959,59.986219,2.427441,1.028485,59.987693,7.068527,1.028236,59.984219,-8.821509,0.999734,0.999620,0.999666,0.999786,0.999796,0.999800,0.999830,0.999811,-42.437450,0.000000,5.331765,11.868139,4.510928,13.114453,20.520728,-37.585359,288.383297,447.800150,209.391350,467.503357,6.717002,286.592096,294.652499,141.504847,562.436988,245.394482,221.661074,276.382253,200.614467,124.488442,251.663684,184.493662,253.902685,8.239523,988.742731,2.149441,164.790455,75.230425,157.625653,78.812826,137.026846,28.927890,26.868009,92.246831,102.994035,75.767785,-82.574348,42.272334,15.225205,67.617823,24.718568,24.091648,4.119761,223.900075
8.980000,1.049749,59.984745,-7.314217,1.057499,59.985465,-4.834347,1.042155,59.985067,-7.380185,1.018173,59.984196,-8.321080,1.018326,59.983698,-7.491537,1.020238,59.983590,-6.918086,1.010594,59.983681,-8.819602,1.009517,59.983724,-9.249831,1.032734,59.984071,-9.037083,1.028748,59.983568,-4.692648,1.024838,59.983580,-5.449243,1.014766,59.983659,-5.407547,1.026687,59.983737,-5.274039,1.025290,59.984150,-6.620168,1.029493,59.984954,-6.650461,1.044030,59.985306,-5.280509,1.046104,59.985377,-6.251060,1.043543,59.985256,-7.056108,1.057081,59.985891,-0.715214,0.997044,59.986098,-1.588608,1.043894,59.985315,-3.170428,1.058824,59.985340,0.739297,1.054298,59.985332,0.566298,1.048998,59.985304,-5.175255,1.065338,59.985755,-3.605528,1.063224,59.986119,-4.682831,1.050534,59.985767,-6.413991,1.059497,59.986974,-1.607606,1.057515,59.987290,0.826118,1.053266,59.985854,-2.592688,0.985335,59.982202,-0.008197,0.986456,59.982626,2.351815,0.999681,59.986151,3.926412,1.013269,59.986439,3.030917,1.053125,59.985377,5.127862,1.067101,59.985354,7.513307,1.031947,59.986057,2.435011,1.028389,59.988014,7.088897,1.028249,59.984305,-8.827235,0.999736,0.999628,0.999670,0.999788,0.999801,0.999796,0.999842,0.999793,-42.389458,0.000000,5.350769,11.938721,4.586358,13.189725,20.612449,-37.508226,288.383297,447.800150,209.391350,467.503357,6.717002,286.592096,294.652499,141.504847,562.436988,245.394482,221.661074,276.382253,200.614467,124.488442,251.663684,184.493662,253.902685,8.239523,988.742731,2.149441,164.790455,75.230425,157.625653,78.812826,137.026846,28.927890,26.868009,92.246831,102.994035,75.767785,-82.574348,42.272334,15.225205,67.617823,24.718568,24.091648,4.119761,223.900075
9.000000,1.049745,59.984737,-7.317080,1.057480,59.985308,-4.832690,1.042134,59.985015,-7.380924,1.018176,59.984251,-8.327615,1.018344,59.983807,-7.501423,1.020258,59.983710,-6.928698,1.010613,59.983791,-8.829603,1.009536,59.983830,-9.259542,1.032749,59.984165,-9.044341,1.028767,59.983692,-4.703401,1.024857,59.983703,-5.459914,1.014783,59.983776,-5.417679,1.026702,59.983848,-5.283635,1.025293,59.984227,-6.626935,1.029466,59.984994,-6.651602,1.043992,59.985335,-5.279160,1.046066,59.985380,-6.249318,1.043511,59.985237,-7.055338,1.057034,59.985952,-0.709503,0.996994,59.986169,-1.581361,1.043855,59.985351,-3.168985,1.058784,59.985387,0.740971,1.054259,59.985378,0.567910,1.048961,59.985333,-5.173922,1.065323,59.985622,-3.601672,1.063160,59.986122,-4.675739,1.050480,59.985766,-6.409456,1.059390,59.987091,-1.593838,1.057401,59.987452,0.842367,1.053279,59.985469,-2.589257,0.985370,59.982463,-0.028180,0.986488,59.982831,2.334633,0.999642,59.986227,3.934063,1.013215,59.986537,3.040744,1.053084,59.985439,5.129873,1.067066,59.985420,7.515167,1.031930,59.985871,2.440804,1.028271,59.988281,7.110837,1.028261,59.984392,-8.832838,0.999738,0.999638,0.999676,0.999790,0.999804,0.999790,0.999853,0.999774,-42.344526,0.000000,5.368073,12.006353,4.659623,13.258836,20.705206,-37.442966,288.383297,447.800150,209.391350,467.503357,6.717002,286.592096,294.652499,141.504847,562.436988,245.394482,221.661074,276.382253,200.614467,124.488442,251.663684,184.493662,253.902685,8.239523,988.742731,2.149441,164.790455,75.230425,157.625653,78.812826,137.026846,28.927890,26.868009,92.246831,102.994035,75.767785,-82.574348,42.272334,15.225205,67.617823,24.718568,24.091648,4.119761,223.900075
9.020000,1.049739,59.984724,-7.320509,1.057452,59.985142,-4.832695,1.042104,59.984958,-7.382548,1.018169,59.984314,-8.334209,1.018351,59.983929,-7.510953,1.020267,59.983845,-6.938864,1.010622,59.983915,-8.839237,1.009545,59.983949,-9.268918,1.032759,59.984265,-9.051385,1.028775,59.983833,-4.713670,1.024865,59.983841,-5.470117,1.014790,59.983907,-5.427391,1.026706,59.983972,-5.292858,1.025285,59.984311,-6.633604,1.029428,59.985029,-6.652965,1.043943,59.985353,-5.278140,1.046016,59.985372,-6.248094,1.043469,59.985209,-7.055234,1.056978,59.985992,-0.703936,0.996935,59.986216,-1.574200,1.043804,59.985375,-3.167826,1.058732,59.985424,0.742450,1.054207,59.985414,0.569319,1.048912,59.985351,-5.172917,1.065300,59.985475,-3.599325,1.063081,59.986103,-4.669211,1.050412,59.985748,-6.405492,1.059263,59.987169,-1.579891,1.057264,59.987570,0.859096,1.053285,59.985074,-2.589134,0.985396,59.982761,-0.046603,0.986511,59.983069,2.318589,0.999595,59.986276,3.941653,1.013154,59.986605,3.050654,1.053031,59.985490,5.131792,1.067018,59.985476,7.516968,1.031906,59.985670,2.444699,1.028130,59.988492,7.133964,1.028272,59.984478,-8.838308,0.999740,0.999650,0.999683,0.999791,0.999807,0.999784,0.999862,0.999755,-42.303476,0.000000,5.383440,12.069908,4.729547,13.320694,20.797528,-37.390669,288.383297,447.800150,209.391350,467.503357,6.717002,286.592096,294.652499,141.504847,562.436988,245.394482,221.661074,276.382253,200.614467,124.488442,251.663684,184.493662,253.902685,8.239523,988.742731,2.149441,164.790455,75.230425,157.625653,78.812826,137.026846,28.927890,26.868009,92.246831,102.994035,75.767785,-82.574348,42.272334,15.225205,67.617823,24.718568,24.091648,4.119761,223.900075
9.040000,1.049729,59.984710,-7.324509,1.057417,59.984970,-4.834398,1.042065,59.984898,-7.385073,1.018152,59.984382,-8.340799,1.018348,59.984063,-7.520020,1.020266,59.983994,-6.948467,1.010621,59.984051,-8.848400,1.009544,59.984080,-9.277857,1.032765,59.984369,-9.058168,1.028772,59.983989,-4.723332,1.024863,59.983994,-5.479732,1.014785,59.984052,-5.436571,1.026699,59.984109,-5.301603,1.025266,59.984402,-6.640109,1.029379,59.985059,-6.654574,1.043883,59.985361,-5.277510,1.045954,59.985353,-6.247449,1.043415,59.985173,-7.055839,1.056913,59.986011,-0.698649,0.996868,59.986237,-1.567289,1.043741,59.985389,-3.167011,1.058668,59.985450,0.743670,1.054144,59.985439,0.570461,1.048851,59.985359,-5.172300,1.065268,59.985319,-3.598557,1.062988,59.986063,-4.663390,1.050332,59.985714,-6.402202,1.059117,59.987209,-1.566025,1.057108,59.987643,0.876002,1.053285,59.984678,-2.592340,0.985413,59.983089,-0.063217,0.986524,59.983335,2.303914,0.999541,59.986301,3.949014,1.013086,59.986642,3.060440,1.052966,59.985530,5.133551,1.066959,59.985520,7.518646,1.031876,59.985457,2.446613,1.027969,59.988645,7.157873,1.028281,59.984564,-8.843630,0.999742,0.999663,0.999691,0.999792,0.999809,0.999777,0.999869,0.999736,-42.267046,0.000000,5.396678,12.128346,4.795032,13.374365,20.887968,-37.352161,288.383297,447.800150,209.391350,467.503357,6.717002,286.592096,294.652499,141.504847,562.436988,245.394482,221.661074,276.382253,200.614467,124.488442,251.663684,184.493662,253.902685,8.239523,988.742731,2.149441,164.790455,75.230425,157.625653,78.812826,137.026846,28.927890,26.868009,92.246831,102.994035,75.767785,-82.574348,42.272334,15.225205,67.617823,24.718568,24.091648,4.119761,223.900075
9.060000,1.049718,59.984696,-7.329072,1.057374,59.984799,-4.837800,1.042017,59.984837,-7.388495,1.018123,59.984458,-8.347326,1.018334,59.984209,-7.528527,1.020255,59.984156,-6.957402,1.010610,59.984197,-8.856996,1.009534,59.984221,-9.286269,1.032766,59.984476,-9.064645,1.028758,59.984157,-4.732275,1.024850,59.984160,-5.488649,1.014769,59.984208,-5.445116,1.026681,59.984257,-5.309772,1.025236,59.984500,-6.646392,1.029319,59.985085,-6.656447,1.043813,59.985360,-5.277322,1.045883,59.985327,-6.247435,1.043352,59.985133,-7.057184,1.056838,59.986011,-0.693774,0.996794,59.986235,-1.560790,1.043667,59.985394,-3.166596,1.058592,59.985466,0.744572,1.054070,59.985454,0.571281,1.048780,59.985359,-5.172124,1.065230,59.985157,-3.599402,1.062883,59.986004,-4.658404,1.050241,59.985667,-6.399677,1.058955,59.987212,-1.552500,1.056935,59.987673,0.892776,1.053280,59.984289,-2.598832,0.985421,59.983443,-0.077810,0.986526,59.983626,2.290809,0.999478,59.986301,3.955982,1.013012,59.986650,3.069900,1.052891,59.985559,5.135088,1.066888,59.985555,7.520140,1.031841,59.985238,2.446503,1.027791,59.988737,7.182149,1.028290,59.984650,-8.848794,0.999743,0.999678,0.999700,0.999791,0.999810,0.999770,0.999875,0.999717,-42.235874,0.000000,5.407632,12.180737,4.855069,13.419084,20.975125,-37.327994,288.383297,447.800150,209.391350,467.503357,6.717002,286.592096,294.652499,141.504847,562.436988,245.394482,221.661074,276.382253,200.614467,124.488442,251.663684,184.493662,253.902685,8.239523,988.742731,2.149441,164.790455,75.230425,157.625653,78.812826,137.026846,28.927890,26.868009,92.246831,102.994035,75.767785,-82.574348,42.272334,15.225205,67.617823,24.718568,24.091648,4.119761,223.900075
9.080000,1.049704,59.984684,-7.334179,1.057325,59.984631,-4.842869,1.041961,59.984779,-7.392793,1.018085,59.984539,-8.353729,1.018310,59.984364,-7.536389,1.020232,59.984327,-6.965577,1.010589,59.984353,-8.864940,1.009513,59.984370,-9.294073,1.032762,59.984587,-9.070779,1.028733,59.984337,-4.740402,1.024825,59.984336,-5.496773,1.014741,59.984374,-5.452935,1.026651,59.984414,-5.317282,1.025195,59.984602,-6.652397,1.029249,59.985107,-6.658597,1.043732,59.985352,-5.277623,1.045801,59.985293,-6.248090,1.043280,59.985089,-7.059285,1.056756,59.985992,-0.689435,0.996713,59.986211,-1.554854,1.043582,59.985391,-3.166628,1.058506,59.985474,0.745107,1.053985,59.985461,0.571727,1.048699,59.985351,-5.172434,1.065184,59.984995,-3.601864,1.062767,59.985929,-4.654364,1.050139,59.985608,-6.397993,1.058778,59.987178,-1.539566,1.056746,59.987658,0.909117,1.053271,59.983916,-2.608501,0.985417,59.983817,-0.090207,0.986518,59.983937,2.279447,0.999408,59.986278,3.962399,1.012932,59.986628,3.078837,1.052805,59.985578,5.136344,1.066807,59.985580,7.521395,1.031800,59.985019,2.444367,1.027597,59.988768,7.206369,1.028297,59.984736,-8.853790,0.999745,0.999694,0.999711,0.999790,0.999810,0.999764,0.999878,0.999699,-42.210491,0.000000,5.416194,12.226271,4.908761,13.454270,21.057673,-37.318444,288.383297,447.800150,209.391350,467.503357,6.717002,286.592096,294.652499,141.504847,562.436988,245.394482,221.661074,276.382253,200.614467,124.488442,251.663684,184.493662,253.902685,8.239523,988.742731,2.149441,164.790455,75.230425,157.625653,78.812826,137.026846,28.927890,26.868009,92.246831,102.994035,75.767785,-82.574348,42.272334,15.225205,67.617823,24.718568,24.091648,4.119761,223.900075
9.100000,1.049688,59.984674,-7.339798,1.057271,59.984472,-4.849542,1.041898,59.984724,-7.397929,1.018036,59.984626,-8.359953,1.018275,59.984527,-7.543533,1.020199,59.984506,-6.972915,1.010557,59.984517,-8.872160,1.009482,59.984527,-9.301199,1.032753,59.984701,-9.076534,1.028696,59.984524,-4.747632,1.024790,59.984520,-5.504027,1.014702,59.984549,-5.459954,1.026611,59.984578,-5.324060,1.025144,59.984710,-6.658074,1.029170,59.985126,-6.661034,1.043643,59.985337,-5.278446,1.045711,59.985255,-6.249441,1.043199,59.985044,-7.062141,1.056666,59.985956,-0.685743,0.996625,59.986166,-1.549622,1.043489,59.985382,-3.167145,1.058411,59.985474,0.745228,1.053890,59.985461,0.571757,1.048609,59.985336,-5.173266,1.065132,59.984835,-3.605917,1.062642,59.985840,-4.651363,1.050028,59.985540,-6.397210,1.058589,59.987110,-1.527464,1.056545,59.987601,0.924728,1.053257,59.983568,-2.621181,0.985403,59.984205,-0.100279,0.986499,59.984264,2.269963,0.999332,59.986234,3.968121,1.012847,59.986580,3.087064,1.052709,59.985589,5.137267,1.066716,59.985597,7.522359,1.031754,59.984805,2.440242,1.027390,59.988740,7.230112,1.028303,59.984821,-8.858606,0.999747,0.999710,0.999721,0.999789,0.999809,0.999757,0.999880,0.999682,-42.191310,0.000000,5.422298,12.264275,4.955331,13.479529,21.134373,-37.323503,288.383297,447.800150,209.391350,467.503357,6.717002,286.592096,294.652499,141.504847,562.436988,245.394482,221.661074,276.382253,200.614467,124.488442,251.663684,184.493662,253.902685,8.239523,988.742731,2.149441,164.790455,75.230425,157.625653,78.812826,137.026846,28.927890,26.868009,92.246831,102.994034,75.767785,-82.574348,42.272334,15.225205,67.617823,24.718568,24.091648,4.119761,223.900075
9.120000,1.049670,59.984669,-7.345884,1.057211,59.984326,-4.857726,1.041828,59.984676,-7.403851,1.017979,59.984719,-8.365945,1.018230,59.984695,-7.549899,1.020155,59.984692,-6.979355,1.010515,59.984686,-8.878598,1.009441,59.984690,-9.307591,1.032739,59.984817,-9.081881,1.028649,59.984718,-4.753903,1.024743,59.984710,-5.510346,1.014652,59.984729,-5.466113,1.026559,59.984748,-5.330048,1.025083,59.984821,-6.663381,1.029082,59.985144,-6.663759,1.043546,59.985318,-5.279819,1.045614,59.985214,-6.251501,1.043112,59.985000,-7.065741,1.056569,59.985905,-0.682799,0.996532,59.986102,-1.545222,1.043387,59.985367,-3.168175,1.058307,59.985468,0.744900,1.053787,59.985455,0.571335,1.048511,59.985317,-5.174644,1.065075,59.984684,-3.611505,1.062509,59.985740,-4.649474,1.049909,59.985465,-6.397369,1.058391,59.987010,-1.516418,1.056335,59.987505,0.939329,1.053240,59.983252,-2.636647,0.985379,59.984602,-0.107936,0.986468,59.984600,2.262455,0.999250,59.986171,3.973017,1.012757,59.986507,3.094409,1.052606,59.985592,5.137812,1.066617,59.985607,7.522990,1.031703,59.984602,2.434203,1.027174,59.988653,7.252966,1.028308,59.984905,-8.863231,0.999749,0.999727,0.999733,0.999787,0.999808,0.999751,0.999880,0.999666,-42.178625,0.000000,5.425918,12.294219,4.994135,13.494658,21.204099,-37.342891,288.383297,447.800150,209.391350,467.503357,6.717002,286.592096,294.652499,141.504847,562.436988,245.394482,221.661074,276.382253,200.614467,124.488442,251.663684,184.493662,253.902685,8.239523,988.742731,2.149441,164.790455,75.230425,157.625653,78.812826,137.026846,28.927890,26.868009,92.246831,102.994034,75.767785,-82.574348,42.272334,15.225205,67.617823,24.718568,24.091648,4.119761,223.900075
9.140000,1.049651,59.984671,-7.352384,1.057148,59.984196,-4.867299,1.041752,59.984636,-7.410492,1.017912,59.984817,-8.371655,1.018175,59.984868,-7.555443,1.020101,59.984880,-6.984852,1.010464,59.984858,-8.884208,1.009391,59.984855,-9.313205,1.032721,59.984934,-9.086797,1.028591,59.984916,-4.759168,1.024687,59.984904,-5.515686,1.014592,59.984912,-5.471367,1.026498,59.984922,-5.335205,1.025012,59.984935,-6.668280,1.028986,59.985160,-6.666771,1.043442,59.985295,-5.281756,1.045510,59.985172,-6.254269,1.043018,59.984958,-7.070058,1.056467,59.985841,-0.680690,0.996434,59.986021,-1.541767,1.043278,59.985348,-3.169739,1.058196,59.985456,0.744096,1.053677,59.985443,0.570436,1.048406,59.985295,-5.176584,1.065013,59.984544,-3.618541,1.062371,59.985632,-4.648753,1.049785,59.985386,-6.398498,1.058187,59.986881,-1.506635,1.056118,59.987370,0.952655,1.053220,59.982975,-2.654626,0.985343,59.985000,-0.113136,0.986427,59.984941,2.256987,0.999162,59.986091,3.976971,1.012664,59.986411,3.100715,1.052495,59.985589,5.137939,1.066510,59.985609,7.523250,1.031649,59.984414,2.426361,1.026951,59.988510,7.274534,1.028313,59.984990,-8.867657,0.999751,0.999745,0.999744,0.999784,0.999805,0.999744,0.999878,0.999652,-42.172604,0.000000,5.427074,12.315726,5.024673,13.499642,21.265851,-37.376062,288.383297,447.800150,209.391350,467.503357,6.717002,286.592096,294.652499,141.504847,562.436988,245.394482,221.661074,276.382253,200.614467,124.488442,251.663684,184.493662,253.902685,8.239523,988.742731,2.149441,164.790455,75.230425,157.625653,78.812826,137.026846,28.927890,26.868009,92.246831,102.994034,75.767785,-82.574348,42.272334,15.225205,67.617823,24.718568,24.091648,4.119761,223.900075
9.160000,1.049631,59.984680,-7.359232,1.057082,59.984086,-4.878112,1.041672,59.984606,-7.417769,1.017838,59.984918,-8.377040,1.018110,59.985041,-7.560133,1.020038,59.985070,-6.989375,1.010403,59.985033,-8.888961,1.009332,59.985023,-9.318011,1.032699,59.985051,-9.091263,1.028524,59.985114,-4.763399,1.024620,59.985099,-5.520018,1.014522,59.985097,-5.475688,1.026427,59.985096,-5.339502,1.024933,59.985051,-6.672742,1.028885,59.985176,-6.670062,1.043333,59.985270,-5.284263,1.045401,59.985131,-6.257733,1.042920,59.984920,-7.075052,1.056361,59.985766,-0.679485,0.996333,59.985927,-1.539351,1.043164,59.985327,-3.171844,1.058079,59.985441,0.742797,1.053560,59.985428,0.569044,1.048296,59.985270,-5.179090,1.064948,59.984419,-3.626913,1.062229,59.985518,-4.649229,1.049656,59.985305,-6.400602,1.057980,59.986725,-1.498297,1.055898,59.987202,0.964465,1.053198,59.982743,-2.674794,0.985298,59.985394,-0.115876,0.986376,59.985282,2.253581,0.999070,59.985996,3.979886,1.012568,59.986295,3.105844,1.052380,59.985579,5.137621,1.066397,59.985606,7.523108,1.031591,59.984246,2.416858,1.026725,59.988315,7.294440,1.028316,59.985074,-8.871871,0.999752,0.999762,0.999756,0.999781,0.999802,0.999739,0.999873,0.999641,-42.173290,0.000000,5.425822,12.328575,5.046593,13.494654,21.318769,-37.422218,288.383297,447.800150,209.391350,467.503357,6.717002,286.592096,294.652499,141.504847,562.436988,245.394482,221.661074,276.382253,200.614467,124.488442,251.663684,184.493662,253.902685,8.239523,988.742731,2.149441,164.790455,75.230425,157.625653,78.812826,137.026846,28.927890,26.868009,92.246831,102.994034,75.767785,-82.574348,42.272334,15.225205,67.617823,24.718568,24.091648,4.119761,223.900075
9.180000,1.049611,59.984698,-7.366357,1.057015,59.983999,-4.889995,1.041589,59.984588,-7.425590,1.017757,59.985023,-8.382059,1.018038,59.985215,-7.563952,1.019966,59.985260,-6.992915,1.010335,59.985207,-8.892841,1.009266,59.985190,-9.321990,1.032673,59.985168,-9.095265,1.028448,59.985311,-4.766587,1.024545,59.985293,-5.523332,1.014443,59.985280,-5.479063,1.026348,59.985270,-5.342926,1.024847,59.985168,-6.676745,1.028779,59.985193,-6.673618,1.043220,59.985245,-5.287331,1.045289,59.985092,-6.261865,1.042818,59.984889,-7.080669,1.056252,59.985683,-0.679237,0.996230,59.985821,-1.538048,1.043045,59.985304,-3.174490,1.057958,59.985423,0.740996,1.053440,59.985411,0.567150,1.048182,59.985245,-5.182156,1.064880,59.984312,-3.636486,1.062085,59.985403,-4.650915,1.049525,59.985224,-6.403673,1.057772,59.986547,-1.491562,1.055678,59.987004,0.974545,1.053175,59.982561,-2.696793,0.985243,59.985779,-0.116198,0.986315,59.985617,2.252225,0.998976,59.985890,3.981686,1.012470,59.986163,3.109683,1.052260,59.985566,5.136836,1.066279,59.985599,7.522544,1.031530,59.984102,2.405868,1.026499,59.988071,7.312338,1.028318,59.985157,-8.875865,0.999754,0.999779,0.999768,0.999778,0.999799,0.999734,0.999868,0.999631,-42.180604,0.000000,5.422258,12.332702,5.059695,13.480045,21.362150,-37.480331,288.383297,447.800150,209.391350,467.503357,6.717002,286.592096,294.652499,141.504847,562.436988,245.394482,221.661074,276.382253,200.614467,124.488442,251.663684,184.493662,253.902685,8.239523,988.742731,2.149441,164.790455,75.230425,157.625653,78.812826,137.026846,28.927890,26.868009,92.246831,102.994034,75.767785,-82.574348,42.272334,15.225205,67.617823,24.718568,24.091648,4.119761,223.900075
9.200000,1.049591,59.984726,-7.373676,1.056946,59.983938,-4.902759,1.041504,59.984583,-7.433852,1.017670,59.985130,-8.386682,1.017958,59.985386,-7.566898,1.019887,59.985445,-6.995473,1.010259,59.985378,-8.895846,1.009192,59.985356,-9.325140,1.032644,59.985285,-9.098796,1.028363,59.985504,-4.768741,1.024463,59.985483,-5.525634,1.014356,59.985461,-5.481499,1.026261,59.985441,-5.345478,1.024755,59.985285,-6.680275,1.028669,59.985210,-6.677421,1.043104,59.985220,-5.290947,1.045175,59.985057,-6.266628,1.042714,59.984865,-7.086846,1.056141,59.985595,-0.679981,0.996125,59.985707,-1.537912,1.042924,59.985282,-3.177665,1.057834,59.985405,0.738693,1.053316,59.985392,0.564758,1.048065,59.985221,-5.185765,1.064809,59.984227,-3.647103,1.061942,59.985288,-4.653800,1.049394,59.985146,-6.407684,1.057567,59.986351,-1.486563,1.055461,59.986779,0.982708,1.053150,59.982433,-2.720230,0.985178,59.986148,-0.114185,0.986244,59.985941,2.252868,0.998878,59.985775,3.982315,1.012372,59.986017,3.112139,1.052137,59.985550,5.135572,1.066158,59.985588,7.521544,1.031467,59.983984,2.393588,1.026276,59.987784,7.327914,1.028320,59.985240,-8.879627,0.999756,0.999795,0.999779,0.999775,0.999794,0.999730,0.999860,0.999624,-42.194346,0.000000,5.416512,12.328200,5.063933,13.456333,21.395452,-37.549166,288.383297,447.800150,209.391350,467.503357,6.717002,286.592096,294.652499,141.504847,562.436988,245.394482,221.661074,276.382253,200.614467,124.488442,251.663684,184.493662,253.902685,8.239523,988.742731,2.149441,164.790455,75.230425,157.625653,78.812826,137.026846,28.927890,26.868009,92.246831,102.994034,75.767785,-82.574348,42.272334,15.225205,67.617823,24.718568,24.091648,4.119761,223.900075
9.220000,1.049571,59.984764,-7.381104,1.056878,59.983904,-4.916198,1.041417,59.984592,-7.442444,1.017578,59.985239,-8.390879,1.017872,59.985554,-7.568982,1.019801,59.985626,-6.997073,1.010177,59.985546,-8.897988,1.009113,59.985518,-9.327470,1.032612,59.985399,-9.101854,1.028272,59.985691,-4.769887,1.024373,59.985667,-5.526949,1.014263,59.985636,-5.483014,1.026168,59.985607,-5.347175,1.024658,59.985400,-6.683325,1.028557,59.985229,-6.681447,1.042988,59.985199,-5.295081,1.045060,59.985028,-6.271971,1.042610,59.984851,-7.093508,1.056029,59.985503,-0.681734,0.996020,59.985588,-1.538977,1.042801,59.985262,-3.181347,1.057709,59.985386,0.735898,1.053191,59.985374,0.561880,1.047947,59.985200,-5.189890,1.064738,59.984164,-3.658589,1.061801,59.985177,-4.657853,1.049263,59.985072,-6.412590,1.057368,59.986140,-1.483399,1.055251,59.986534,0.988801,1.053126,59.982361,-2.744690,0.985105,59.986497,-0.109958,0.986166,59.986250,2.255425,0.998780,59.985656,3.981738,1.012273,59.985862,3.113145,1.052014,59.985532,5.133827,1.066035,59.985576,7.520104,1.031403,59.983896,2.380238,1.026060,59.987459,7.340895,1.028322,59.985323,-8.883147,0.999757,0.999810,0.999790,0.999771,0.999790,0.999727,0.999851,0.999620,-42.214201,0.000000,5.408745,12.315313,5.059409,13.424188,21.418302,-37.627304,288.383297,447.800150,209.391350,467.503357,6.717002,286.592096,294.652499,141.504847,562.436988,245.394482,221.661074,276.382253,200.614467,124.488442,251.663684,184.493662,253.902685,8.239523,988.742731,2.149441,164.790455,75.230425,157.625653,78.812826,137.026846,28.927890,26.868009,92.246831,102.994034,75.767785,-82.574348,42.272334,15.225205,67.617823,24.718568,24.091648,4.119761,223.900075
9.240000,1.049551,59.984814,-7.388550,1.056811,59.983898,-4.930098,1.041331,59.984615,-7.451250,1.017484,59.985348,-8.394633,1.017781,59.985715,-7.570232,1.019709,59.985799,-6.997748,1.010090,59.985707,-8.899294,1.009028,59.985674,-9.329002,1.032577,59.985511,-9.104441,1.028176,59.985870,-4.770066,1.024278,59.985843,-5.527317,1.014164,59.985803,-5.483643,1.026069,59.985766,-5.348048,1.024557,59.985514,-6.685895,1.028444,59.985250,-6.685668,1.042872,59.985181,-5.299698,1.044946,59.985006,-6.277834,1.042506,59.984846,-7.100573,1.055918,59.985411,-0.684493,0.995916,59.985467,-1.541252,1.042680,59.985245,-3.185506,1.057584,59.985369,0.732632,1.053067,59.985358,0.558535,1.047830,59.985183,-5.194496,1.064667,59.984127,-3.670755,1.061664,59.985072,-4.663023,1.049136,59.985007,-6.418334,1.057178,59.985920,-1.482140,1.055051,59.986272,0.992707,1.053103,59.982349,-2.769741,0.985025,59.986820,-0.103673,0.986079,59.986540,2.259776,0.998681,59.985534,3.979946,1.012176,59.985701,3.112663,1.051891,59.985513,5.131607,1.065912,59.985563,7.518225,1.031338,59.983840,2.366054,1.025854,59.987103,7.351049,1.028323,59.985405,-8.886415,0.999759,0.999824,0.999800,0.999767,0.999785,0.999724,0.999840,0.999618,-42.239750,0.000000,5.399146,12.294431,5.046376,13.384422,21.430502,-37.713178,288.383297,447.800150,209.391350,467.503357,6.717002,286.592096,294.652499,141.504847,562.436988,245.394482,221.661074,276.382253,200.614467,124.488442,251.663684,184.493662,253.902685,8.239523,988.742731,2.149441,164.790455,75.230425,157.625653,78.812826,137.026846,28.927890,26.868009,92.246831,102.994035,75.767785,-82.574348,42.272334,15.225205,67.617823,24.718568,24.091648,4.119761,223.900075
9.260000,1.049532,59.984874,-7.395922,1.056746,59.983922,-4.944236,1.041245,59.984654,-7.460150,1.017386,59.985458,-8.397929,1.017686,59.985868,-7.570685,1.019614,59.985962,-6.997549,1.009999,59.985861,-8.899802,1.008940,59.985823,-9.329771,1.032541,59.985620,-9.106564,1.028075,59.986037,-4.769338,1.024178,59.986009,-5.526792,1.014060,59.985962,-5.483436,1.025967,59.985917,-5.348140,1.024454,59.985624,-6.687994,1.028332,59.985275,-6.690052,1.042757,59.985168,-5.304754,1.044836,59.984993,-6.284150,1.042404,59.984853,-7.107952,1.055809,59.985321,-0.688237,0.995815,59.985347,-1.544727,1.042559,59.985231,-3.190103,1.057461,59.985354,0.728923,1.052944,59.985344,0.554754,1.047715,59.985170,-5.199537,1.064597,59.984116,-3.683403,1.061534,59.984975,-4.669243,1.049014,59.984950,-6.424843,1.057000,59.985694,-1.482827,1.054863,59.985999,0.994344,1.053080,59.982396,-2.794947,0.984938,59.987114,-0.095521,0.985987,59.986805,2.265775,0.998584,59.985413,3.976949,1.012082,59.985538,3.110680,1.051770,59.985496,5.128927,1.065790,59.985549,7.515921,1.031272,59.983817,2.351282,1.025661,59.986722,7.358195,1.028323,59.985488,-8.889421,0.999760,0.999837,0.999809,0.999763,0.999779,0.999723,0.999828,0.999619,-42.270477,0.000000,5.387929,12.266078,5.025224,13.337964,21.432026,-37.805100,288.383297,447.800150,209.391350,467.503357,6.717002,286.592096,294.652499,141.504847,562.436988,245.394482,221.661074,276.382253,200.614467,124.488442,251.663684,184.493662,253.902685,8.239523,988.742731,2.149441,164.790455,75.230425,157.625653,78.812826,137.026846,28.927890,26.868009,92.246831,102.994035,75.767785,-82.574348,42.272334,15.225205,67.617823,24.718568,24.091648,4.119761,223.900075
9.280000,1.049515,59.984946,-7.403127,1.056685,59.983976,-4.958387,1.041162,59.984708,-7.469023,1.017289,59.985566,-8.400761,1.017589,59.986013,-7.570391,1.019515,59.986115,-6.996540,1.009905,59.986005,-8.899564,1.008849,59.985963,-9.329823,1.032504,59.985726,-9.108237,1.027970,59.986193,-4.767775,1.024076,59.986163,-5.525444,1.013954,59.986109,-5.482456,1.025863,59.986059,-5.347507,1.024349,59.985730,-6.689638,1.028223,59.985303,-6.694564,1.042647,59.985161,-5.310194,1.044729,59.984989,-6.290840,1.042306,59.984871,-7.115551,1.055703,59.985235,-0.692929,0.995717,59.985231,-1.549368,1.042443,59.985224,-3.195089,1.057342,59.985343,0.724807,1.052825,59.985335,0.550574,1.047602,59.985163,-5.204960,1.064529,59.984132,-3.696328,1.061412,59.984890,-4.676425,1.048898,59.984904,-6.432032,1.056836,59.985467,-1.485464,1.054690,59.985720,0.993666,1.053059,59.982501,-2.819869,0.984845,59.987375,-0.085719,0.985889,59.987043,2.273244,0.998488,59.985297,3.972782,1.011990,59.985376,3.107208,1.051653,59.985480,5.125810,1.065672,59.985538,7.513210,1.031208,59.983827,2.336176,1.025484,59.986324,7.362198,1.028324,59.985570,-8.892155,0.999762,0.999848,0.999818,0.999760,0.999773,0.999722,0.999815,0.999622,-42.305779,0.000000,5.375326,12.230903,4.996476,13.285846,21.423022,-37.901296,288.383297,447.800150,209.391350,467.503357,6.717002,286.592096,294.652499,141.504847,562.436988,245.394482,221.661074,276.382253,200.614467,124.488442,251.663684,184.493662,253.902685,8.239523,988.742731,2.149441,164.790455,75.230425,157.625653,78.812826,137.026846,28.927890,26.868009,92.246831,102.994035,75.767785,-82.574348,42.272334,15.225205,67.617823,24.718568,24.091648,4.119761,223.900075
9.300000,1.049499,59.985029,-7.410072,1.056627,59.984058,-4.972329,1.041083,59.984776,-7.477750,1.017191,59.985672,-8.403130,1.017490,59.986146,-7.569414,1.019415,59.986255,-6.994795,1.009810,59.986139,-8.898639,1.008757,59.986094,-9.329212,1.032466,59.985827,-9.109476,1.027865,59.986335,-4.765461,1.023972,59.986303,-5.523353,1.013847,59.986245,-5.480775,1.025757,59.986188,-5.346216,1.024245,59.985831,-6.690848,1.028117,59.985334,-6.699167,1.042540,59.985161,-5.315960,1.044627,59.984995,-6.297822,1.042212,59.984902,-7.123270,1.055601,59.985157,-0.698512,0.995623,59.985122,-1.555121,1.042331,59.985222,-3.200412,1.057228,59.985337,0.720327,1.052710,59.985330,0.546039,1.047495,59.985164,-5.210706,1.064463,59.984175,-3.709323,1.061300,59.984818,-4.684470,1.048790,59.984870,-6.439806,1.056688,59.985244,-1.490027,1.054535,59.985440,0.990669,1.053041,59.982664,-2.844082,0.984748,59.987600,-0.074508,0.985788,59.987251,2.281987,0.998395,59.985187,3.967499,1.011903,59.985220,3.102290,1.051541,59.985468,5.122288,1.065557,59.985529,7.510119,1.031144,59.983872,2.320990,1.025324,59.985916,7.362977,1.028324,59.985651,-8.894609,0.999763,0.999858,0.999825,0.999756,0.999768,0.999722,0.999802,0.999628,-42.344981,0.000000,5.361584,12.189664,4.960774,13.229177,21.403804,-37.999943,288.383297,447.800150,209.391350,467.503357,6.717002,286.592096,294.652499,141.504847,562.436988,245.394482,221.661074,276.382253,200.614467,124.488442,251.663684,184.493662,253.902685,8.239523,988.742731,2.149441,164.790455,75.230425,157.625653,78.812826,137.026846,28.927890,26.868009,92.246831,102.994035,75.767785,-82.574348,42.272334,15.225205,67.617823,24.718568,24.091648,4.119761,223.900075
9.320000,1.049485,59.985123,-7.416668,1.056575,59.984169,-4.985844,1.041008,59.984859,-7.486214,1.017095,59.985775,-8.405044,1.017391,59.986269,-7.567823,1.019314,59.986382,-6.992401,1.009715,59.986261,-8.897101,1.008665,59.986215,-9.328005,1.032428,59.985924,-9.110303,1.027759,59.986461,-4.762493,1.023867,59.986430,-5.520611,1.013740,59.986366,-5.478478,1.025652,59.986306,-5.344344,1.024143,59.985926,-6.691652,1.028015,59.985370,-6.703820,1.042440,59.985170,-5.321986,1.044532,59.985012,-6.305010,1.042125,59.984944,-7.131012,1.055505,59.985089,-0.704914,0.995534,59.985023,-1.561912,1.042226,59.985228,-3.206011,1.057120,59.985337,0.715534,1.052602,59.985332,0.541200,1.047394,59.985173,-5.216710,1.064401,59.984245,-3.722184,1.061199,59.984761,-4.693265,1.048691,59.984850,-6.448061,1.056558,59.985029,-1.496461,1.054400,59.985166,0.985382,1.053025,59.982880,-2.867178,0.984648,59.987786,-0.062149,0.985684,59.987427,2.291783,0.998306,59.985088,3.961176,1.011820,59.985074,3.095992,1.051435,59.985460,5.118399,1.065448,59.985524,7.506681,1.031083,59.983949,2.305978,1.025186,59.985505,7.360505,1.028325,59.985732,-8.896774,0.999764,0.999866,0.999831,0.999753,0.999762,0.999724,0.999788,0.999637,-42.387347,0.000000,5.346963,12.143216,4.918867,13.169125,21.374846,-38.099204,288.383297,447.800150,209.391350,467.503357,6.717002,286.592096,294.652499,141.504847,562.436988,245.394482,221.661074,276.382253,200.614467,124.488442,251.663684,184.493662,253.902685,8.239523,988.742731,2.149441,164.790455,75.230425,157.625653,78.812826,137.026846,28.927890,26.868009,92.246831,102.994035,75.767785,-82.574348,42.272334,15.225205,67.617823,24.718568,24.091648,4.119761,223.900075
9.340000,1.049473,59.985226,-7.422832,1.056528,59.984307,-4.998727,1.040938,59.984956,-7.494306,1.017002,59.985875,-8.406517,1.017294,59.986378,-7.565698,1.019215,59.986493,-6.989451,1.009620,59.986371,-8.895026,1.008574,59.986323,-9.326273,1.032391,59.986016,-9.110741,1.027654,59.986571,-4.758975,1.023764,59.986540,-5.517320,1.013634,59.986474,-5.475657,1.025548,59.986410,-5.341974,1.024044,59.986016,-6.692086,1.027920,59.985411,-6.708483,1.042347,59.985186,-5.328203,1.044445,59.985040,-6.312313,1.042044,59.985000,-7.138678,1.055415,59.985031,-0.712049,0.995452,59.984937,-1.569649,1.042128,59.985242,-3.211821,1.057020,59.985344,0.710482,1.052501,59.985340,0.536112,1.047299,59.985190,-5.222903,1.064344,59.984341,-3.734711,1.061110,59.984721,-4.702685,1.048603,59.984844,-6.456685,1.056449,59.984827,-1.504678,1.054286,59.984902,0.977874,1.053011,59.983147,-2.888773,0.984546,59.987932,-0.048919,0.985579,59.987568,2.302402,0.998222,59.985002,3.953907,1.011743,59.984940,3.088403,1.051337,59.985457,5.114188,1.065347,59.985523,7.502935,1.031024,59.984059,2.291381,1.025069,59.985100,7.354806,1.028326,59.985814,-8.898643,0.999766,0.999871,0.999836,0.999750,0.999757,0.999726,0.999773,0.999647,-42.432098,0.000000,5.331728,12.092488,4.871594,13.106893,21.336770,-38.197259,288.383297,447.800150,209.391350,467.503357,6.717002,286.592096,294.652499,141.504847,562.436988,245.394482,221.661074,276.382253,200.614467,124.488442,251.663684,184.493662,253.902685,8.239523,988.742731,2.149441,164.790455,75.230425,157.625653,78.812826,137.026846,28.927890,26.868009,92.246831,102.994035,75.767785,-82.574348,42.272334,15.225205,67.617823,24.718568,24.091648,4.119761,223.900075
9.360000,1.049463,59.985340,-7.428486,1.056487,59.984470,-5.010787,1.040875,59.985066,-7.501923,1.016914,59.985971,-8.407571,1.017199,59.986474,-7.563125,1.019118,59.986590,-6.986046,1.009528,59.986468,-8.892502,1.008485,59.986419,-9.324095,1.032355,59.986103,-9.110819,1.027552,59.986665,-4.755019,1.023664,59.986635,-5.513586,1.013531,59.986566,-5.472411,1.025447,59.986500,-5.339197,1.023949,59.986098,-6.692187,1.027832,59.985456,-6.713115,1.042262,59.985212,-5.334538,1.044366,59.985080,-6.319641,1.041971,59.985067,-7.146173,1.055333,59.984987,-0.719820,0.995376,59.984865,-1.578223,1.042038,59.985264,-3.217775,1.056928,59.985358,0.705230,1.052408,59.985355,0.530835,1.047213,59.985216,-5.229213,1.064291,59.984462,-3.746715,1.061036,59.984698,-4.712600,1.048526,59.984853,-6.465565,1.056362,59.984640,-1.514567,1.054196,59.984653,0.968249,1.053001,59.983460,-2.908518,0.984444,59.988037,-0.035102,0.985475,59.987674,2.313601,0.998143,59.984931,3.945801,1.011672,59.984822,3.079638,1.051248,59.985461,5.109704,1.065253,59.985527,7.498926,1.030968,59.984199,2.277432,1.024977,59.984707,7.345959,1.028327,59.985894,-8.900211,0.999767,0.999875,0.999839,0.999747,0.999751,0.999729,0.999759,0.999660,-42.478422,0.000000,5.316145,12.038471,4.819873,13.043694,21.290339,-38.292345,288.383297,447.800150,209.391350,467.503357,6.717002,286.592096,294.652499,141.504847,562.436988,245.394482,221.661074,276.382253,200.614467,124.488442,251.663684,184.493662,253.902685,8.239523,988.742731,2.149441,164.790455,75.230425,157.625653,78.812826,137.026846,28.927890,26.868009,92.246831,102.994035,75.767785,-82.574348,42.272334,15.225205,67.617823,24.718568,24.091648,4.119761,223.900075
9.380000,1.049456,59.985462,-7.433559,1.056452,59.984655,-5.021848,1.040818,59.985187,-7.508972,1.016830,59.986062,-8.408233,1.017108,59.986557,-7.560196,1.019025,59.986670,-6.982294,1.009440,59.986551,-8.889617,1.008400,59.986503,-9.321556,1.032320,59.986185,-9.110568,1.027454,59.986741,-4.750743,1.023567,59.986712,-5.509522,1.013432,59.986643,-5.468844,1.025351,59.986576,-5.336108,1.023859,59.986174,-6.691999,1.027752,59.985506,-6.717676,1.042186,59.985248,-5.340917,1.044297,59.985131,-6.326903,1.041906,59.985146,-7.153404,1.055258,59.984958,-0.728116,0.995308,59.984811,-1.587512,1.041958,59.985295,-3.223803,1.056846,59.985381,0.699842,1.052326,59.985379,0.525431,1.047136,59.985252,-5.235565,1.064244,59.984606,-3.758018,1.060975,59.984693,-4.722870,1.048462,59.984878,-6.474581,1.056296,59.984473,-1.525986,1.054130,59.984424,0.956644,1.052994,59.983813,-2.926102,0.984343,59.988101,-0.020987,0.985372,59.987745,2.325130,0.998070,59.984876,3.936983,1.011608,59.984722,3.069830,1.051169,59.985471,5.105002,1.065168,59.985538,7.494702,1.030915,59.984367,2.264344,1.024909,59.984334,7.334094,1.028329,59.985975,-8.901472,0.999768,0.999877,0.999841,0.999745,0.999746,0.999733,0.999745,0.999675,-42.525492,0.000000,5.300480,11.982197,4.764677,12.980735,21.236434,-38.382784,288.383297,447.800150,209.391350,467.503357,6.717002,286.592096,294.652499,141.504847,562.436988,245.394482,221.661074,276.382253,200.614467,124.488442,251.663684,184.493662,253.902685,8.239523,988.742731,2.149441,164.790455,75.230425,157.625653,78.812826,137.026846,28.927890,26.868009,92.246831,102.994035,75.767785,-82.574348,42.272334,15.225205,67.617823,24.718568,24.091648,4.119761,223.900075
9.400000,1.049451,59.985591,-7.437991,1.056424,59.984859,-5.031759,1.040769,59.985318,-7.515372,1.016753,59.986147,-8.408535,1.017022,59.986625,-7.557006,1.018937,59.986735,-6.978302,1.009357,59.986620,-8.886467,1.008319,59.986574,-9.318742,1.032288,59.986262,-9.110022,1.027361,59.986800,-4.746264,1.023475,59.986773,-5.505244,1.013339,59.986704,-5.465063,1.025260,59.986638,-5.332807,1.023776,59.986242,-6.691570,1.027680,59.985560,-6.722125,1.042120,59.985293,-5.347267,1.044238,59.985194,-6.334013,1.041851,59.985236,-7.160286,1.055192,59.984945,-0.736820,0.995248,59.984775,-1.597381,1.041889,59.985336,-3.229834,1.056774,59.985411,0.694381,1.052253,59.985411,0.519965,1.047069,59.985297,-5.241887,1.064203,59.984770,-3.768461,1.060929,59.984708,-4.733357,1.048410,59.984919,-6.483619,1.056254,59.984329,-1.538775,1.054088,59.984219,0.943227,1.052991,59.984200,-2.941259,0.984244,59.988125,-0.006862,0.985272,59.987781,2.336741,0.998005,59.984841,3.927589,1.011551,59.984644,3.059130,1.051099,59.985489,5.100139,1.065094,59.985555,7.490315,1.030866,59.984560,2.252310,1.024867,59.983987,7.319388,1.028331,59.986055,-8.902424,0.999769,0.999877,0.999842,0.999744,0.999742,0.999737,0.999731,0.999691,-42.572483,0.000000,5.284992,11.924718,4.707025,12.919188,21.176049,-38.467016,288.383297,447.800150,209.391350,467.503357,6.717002,286.592096,294.652499,141.504847,562.436988,245.394482,221.661074,276.382253,200.614467,124.488442,251.663684,184.493662,253.902685,8.239523,988.742731,2.149441,164.790455,75.230425,157.625653,78.812826,137.026846,28.927890,26.868009,92.246831,102.994035,75.767785,-82.574348,42.272334,15.225205,67.617823,24.718568,24.091648,4.119761,223.900075
9.420000,1.049449,59.985726,-7.441732,1.056403,59.985080,-5.040389,1.040728,59.985458,-7.521054,1.016683,59.986226,-8.408515,1.016942,59.986680,-7.553651,1.018854,59.986784,-6.974182,1.009279,59.986675,-8.883147,1.008244,59.986632,-9.315743,1.032259,59.986333,-9.109215,1.027274,59.986842,-4.741704,1.023390,59.986818,-5.500867,1.013252,59.986750,-5.461175,1.025176,59.986685,-5.329391,1.023701,59.986303,-6.690948,1.027619,59.985620,-6.726427,1.042064,59.985348,-5.353515,1.044190,59.985268,-6.340887,1.041805,59.985336,-7.166741,1.055136,59.984949,-0.745808,0.995196,59.984759,-1.607686,1.041829,59.985385,-3.235800,1.056714,59.985450,0.688912,1.052192,59.985451,0.514501,1.047012,59.985352,-5.248106,1.064168,59.984953,-3.777902,1.060899,59.984742,-4.743917,1.048372,59.984975,-6.492560,1.056236,59.984212,-1.552749,1.054071,59.984043,0.928193,1.052991,59.984613,-2.953773,0.984148,59.988110,0.006990,0.985176,59.987782,2.348187,0.997946,59.984826,3.917764,1.011502,59.984589,3.047704,1.051041,59.985515,5.095176,1.065030,59.985580,7.485818,1.030821,59.984776,2.241502,1.024850,59.983674,7.302067,1.028335,59.986135,-8.903067,0.999770,0.999876,0.999841,0.999743,0.999738,0.999743,0.999718,0.999708,-42.618581,0.000000,5.269927,11.867089,4.647953,12.860175,21.110262,-38.543624,288.383297,447.800150,209.391350,467.503357,6.717002,286.592096,294.652499,141.504847,562.436988,245.394482,221.661074,276.382253,200.614467,124.488442,251.663684,184.493662,253.902685,8.239523,988.742731,2.149441,164.790455,75.230425,157.625653,78.812826,137.026846,28.927890,26.868009,92.246831,102.994035,75.767785,-82.574348,42.272334,15.225205,67.617823,24.718568,24.091648,4.119761,223.900075
9.440000,1.049450,59.985866,-7.444742,1.056390,59.985314,-5.047634,1.040695,59.985605,-7.525965,1.016621,59.986300,-8.408216,1.016869,59.986721,-7.550228,1.018779,59.986818,-6.970044,1.009208,59.986717,-8.879753,1.008176,59.986677,-9.312649,1.032233,59.986399,-9.108185,1.027194,59.986868,-4.737181,1.023311,59.986846,-5.496508,1.013173,59.986782,-5.457288,1.025099,59.986719,-5.325962,1.023633,59.986357,-6.690185,1.027567,59.985683,-6.730547,1.042019,59.985412,-5.359590,1.044153,59.985353,-6.347447,1.041770,59.985445,-7.172700,1.055088,59.984971,-0.754952,0.995152,59.984764,-1.618276,1.041781,59.985444,-3.241631,1.056664,59.985498,0.683498,1.052141,59.985501,0.509102,1.046966,59.985416,-5.254152,1.064139,59.985151,-3.786220,1.060883,59.984795,-4.754412,1.048347,59.985046,-6.501295,1.056240,59.984122,-1.567710,1.054078,59.983898,0.911763,1.052994,59.985047,-2.963481,0.984057,59.988057,0.020299,0.985085,59.987751,2.359231,0.997895,59.984832,3.907659,1.011460,59.984559,3.035730,1.050994,59.985550,5.090173,1.064976,59.985612,7.481269,1.030781,59.985009,2.232062,1.024859,59.983399,7.282395,1.028338,59.986215,-8.903402,0.999772,0.999872,0.999839,0.999742,0.999735,0.999748,0.999706,0.999726,-42.663003,0.000000,5.255521,11.810348,4.588506,12.804749,21.040226,-38.611360,288.383297,447.800150,209.391350,467.503357,6.717002,286.592096,294.652499,141.504847,562.436988,245.394482,221.661074,276.382253,200.614467,124.488442,251.663684,184.493662,253.902685,8.239523,988.742731,2.149441,164.790455,75.230425,157.625653,78.812826,137.026846,28.927890,26.868009,92.246831,102.994035,75.767785,-82.574348,42.272334,15.225205,67.617823,24.718568,24.091648,4.119761,223.900075
9.460000,1.049453,59.986009,-7.446996,1.056383,59.985557,-5.053418,1.040670,59.985756,-7.530064,1.016567,59.986367,-8.407684,1.016804,59.986749,-7.546834,1.018711,59.986837,-6.965994,1.009144,59.986747,-8.876380,1.008114,59.986710,-9.309549,1.032210,59.986459,-9.106969,1.027123,59.986878,-4.732809,1.023241,59.986860,-5.492277,1.013102,59.986799,-5.453505,1.025031,59.986740,-5.322614,1.023575,59.986403,-6.689333,1.027525,59.985752,-6.734453,1.041984,59.985486,-5.365426,1.044126,59.985447,-6.353622,1.041744,59.985562,-7.178103,1.055049,59.985011,-0.764123,0.995117,59.984791,-1.628998,1.041744,59.985512,-3.247264,1.056626,59.985555,0.678204,1.052102,59.985559,0.503832,1.046931,59.985490,-5.259960,1.064117,59.985362,-3.793318,1.060883,59.984867,-4.764706,1.048335,59.985132,-6.509717,1.056266,59.984064,-1.583441,1.054110,59.983788,0.894180,1.053000,59.985493,-2.970273,0.983971,59.987971,0.032808,0.985001,59.987690,2.369648,0.997851,59.984860,3.897430,1.011426,59.984555,3.023392,1.050958,59.985593,5.085192,1.064935,59.985652,7.476722,1.030745,59.985257,2.224107,1.024892,59.983169,7.260678,1.028343,59.986294,-8.903432,0.999773,0.999867,0.999836,0.999743,0.999732,0.999755,0.999695,0.999745,-42.705008,0.000000,5.241989,11.755500,4.529712,12.753871,20.967141,-38.669166,288.383297,447.800150,209.391350,467.503357,6.717002,286.592096,294.652499,141.504847,562.436988,245.394482,221.661074,276.382253,200.614467,124.488442,251.663684,184.493662,253.902685,8.239523,988.742731,2.149441,164.790455,75.230425,157.625653,78.812826,137.026846,28.927890,26.868009,92.246831,102.994035,75.767785,-82.574348,42.272334,15.225205,67.617823,24.718568,24.091648,4.119761,223.900075
9.480000,1.049458,59.986154,-7.448480,1.056383,59.985805,-5.057692,1.040653,59.985910,-7.533328,1.016521,59.986427,-8.406967,1.016747,59.986765,-7.543559,1.018651,59.986842,-6.962136,1.009088,59.986764,-8.873118,1.008061,59.986732,-9.306529,1.032191,59.986515,-9.105606,1.027060,59.986874,-4.728699,1.023179,59.986859,-5.488281,1.013040,59.986803,-5.449927,1.024971,59.986748,-5.319441,1.023525,59.986443,-6.688445,1.027494,59.985824,-6.738118,1.041960,59.985568,-5.370963,1.044110,59.985549,-6.359348,1.041728,59.985686,-7.182903,1.055020,59.985069,-0.773191,0.995091,59.984840,-1.639697,1.041719,59.985588,-3.252638,1.056600,59.985620,0.673088,1.052075,59.985625,0.498748,1.046906,59.985572,-5.265469,1.064101,59.985582,-3.799124,1.060896,59.984957,-4.774669,1.048336,59.985231,-6.517728,1.056313,59.984037,-1.599720,1.054163,59.983715,0.875701,1.053009,59.985943,-2.974100,0.983892,59.987853,0.044283,0.984924,59.987601,2.379228,0.997815,59.984909,3.887232,1.011400,59.984579,3.010882,1.050934,59.985645,5.080293,1.064904,59.985701,7.472234,1.030713,59.985516,2.217721,1.024948,59.982987,7.237250,1.028349,59.986372,-8.903165,0.999774,0.999860,0.999832,0.999743,0.999730,0.999761,0.999685,0.999764,-42.743910,0.000000,5.229529,11.703493,4.472568,12.708403,20.892241,-38.716190,288.383297,447.800150,209.391350,467.503357,6.717002,286.592096,294.652499,141.504847,562.436988,245.394482,221.661074,276.382253,200.614467,124.488442,251.663684,184.493662,253.902685,8.239523,988.742731,2.149441,164.790455,75.230425,157.625653,78.812826,137.026846,28.927890,26.868009,92.246831,102.994034,75.767785,-82.574348,42.272334,15.225205,67.617823,24.718568,24.091648,4.119761,223.900075
9.500000,1.049466,59.986299,-7.449191,1.056389,59.986056,-5.060439,1.040645,59.986066,-7.535749,1.016485,59.986482,-8.406116,1.016699,59.986770,-7.540494,1.018600,59.986836,-6.958566,1.009041,59.986770,-8.870055,1.008015,59.986744,-9.303672,1.032176,59.986567,-9.104135,1.027006,59.986857,-4.724952,1.023126,59.986846,-5.484620,1.012987,59.986795,-5.446646,1.024921,59.986746,-5.316531,1.023485,59.986477,-6.687573,1.027473,59.985900,-6.741521,1.041946,59.985658,-5.376146,1.044105,59.985660,-6.364572,1.041722,59.985814,-7.187064,1.055000,59.985145,-0.782033,0.995073,59.984910,-1.650219,1.041704,59.985673,-3.257698,1.056585,59.985694,0.668206,1.052058,59.985700,0.493906,1.046892,59.985662,-5.270625,1.064092,59.985808,-3.803590,1.060923,59.985064,-4.784180,1.048349,59.985343,-6.525239,1.056380,59.984044,-1.616315,1.054238,59.983681,0.856598,1.053020,59.986390,-2.974966,0.983820,59.987707,0.054509,0.984855,59.987487,2.387782,0.997787,59.984981,3.877216,1.011381,59.984630,2.998392,1.050920,59.985706,5.075534,1.064884,59.985758,7.467859,1.030685,59.985782,2.212959,1.025027,59.982858,7.212475,1.028355,59.986450,-8.902609,0.999775,0.999851,0.999827,0.999745,0.999729,0.999768,0.999677,0.999783,-42.779088,0.000000,5.218314,11.655211,4.418023,12.669088,20.816769,-38.751799,288.383297,447.800150,209.391350,467.503357,6.717002,286.592096,294.652499,141.504847,562.436988,245.394482,221.661074,276.382253,200.614467,124.488442,251.663684,184.493662,253.902685,8.239523,988.742731,2.149441,164.790455,75.230425,157.625653,78.812826,137.026846,28.927890,26.868009,92.246831,102.994034,75.767785,-82.574348,42.272334,15.225205,67.617823,24.718568,24.091648,4.119761,223.900075
9.520000,1.049477,59.986443,-7.449142,1.056401,59.986305,-5.061666,1.040643,59.986220,-7.537333,1.016458,59.986530,-8.405183,1.016660,59.986765,-7.537719,1.018558,59.986818,-6.955375,1.009002,59.986767,-8.867273,1.007979,59.986746,-9.301055,1.032165,59.986614,-9.102593,1.026962,59.986828,-4.721660,1.023083,59.986822,-5.481385,1.012944,59.986777,-5.443749,1.024881,59.986734,-5.313962,1.023455,59.986505,-6.686766,1.027461,59.985979,-6.744642,1.041942,59.985756,-5.380925,1.044109,59.985777,-6.369249,1.041724,59.985947,-7.190560,1.054988,59.985239,-0.790527,0.995062,59.985002,-1.660416,1.041699,59.985765,-3.262394,1.056580,59.985775,0.663611,1.052052,59.985782,0.489357,1.046887,59.985759,-5.275378,1.064088,59.986037,-3.806694,1.060962,59.985187,-4.793127,1.048374,59.985467,-6.532172,1.056465,59.984084,-1.632992,1.054331,59.983687,0.837150,1.053033,59.986827,-2.972935,0.983756,59.987539,0.063303,0.984795,59.987353,2.395144,0.997766,59.985074,3.867532,1.011369,59.984708,2.986111,1.050917,59.985775,5.070971,1.064875,59.985822,7.463647,1.030662,59.986051,2.209844,1.025125,59.982784,7.186735,1.028362,59.986527,-8.901776,0.999776,0.999842,0.999821,0.999747,0.999729,0.999775,0.999671,0.999801,-42.809999,0.000000,5.208494,11.611453,4.366962,12.636542,20.741960,-38.775589,288.383297,447.800150,209.391350,467.503357,6.717002,286.592096,294.652499,141.504847,562.436988,245.394482,221.661074,276.382253,200.614467,124.488442,251.663684,184.493662,253.902685,8.239523,988.742731,2.149441,164.790455,75.230425,157.625653,78.812826,137.026846,28.927890,26.868009,92.246831,102.994034,75.767785,-82.574348,42.272334,15.225205,67.617823,24.718568,24.091648,4.119761,223.900075
9.540000,1.049489,59.986584,-7.448358,1.056418,59.986549,-5.061413,1.040649,59.986372,-7.538104,1.016439,59.986572,-8.404222,1.016630,59.986752,-7.535309,1.018526,59.986792,-6.952642,1.008972,59.986755,-8.864846,1.007951,59.986740,-9.298750,1.032159,59.986657,-9.101019,1.026927,59.986790,-4.718907,1.023049,59.986788,-5.478659,1.012911,59.986751,-5.441312,1.024850,59.986714,-5.311809,1.023434,59.986527,-6.686072,1.027459,59.986061,-6.747469,1.041947,59.985860,-5.385261,1.044122,59.985900,-6.373346,1.041735,59.986082,-7.193381,1.054985,59.985349,-0.798563,0.995059,59.985115,-1.670148,1.041705,59.985864,-3.266687,1.056585,59.985864,0.659347,1.052057,59.985872,0.485144,1.046892,59.985863,-5.279690,1.064089,59.986266,-3.808440,1.061012,59.985325,-4.801410,1.048408,59.985601,-6.538458,1.056565,59.984158,-1.649517,1.054442,59.983734,0.817642,1.053048,59.987247,-2.968124,0.983700,59.987352,0.070508,0.984743,59.987202,2.401173,0.997751,59.985187,3.858317,1.011364,59.984813,2.974223,1.050924,59.985853,5.066656,1.064876,59.985895,7.459648,1.030643,59.986318,2.208369,1.025240,59.982767,7.160429,1.028371,59.986603,-8.900682,0.999777,0.999832,0.999814,0.999749,0.999729,0.999782,0.999666,0.999818,-42.836183,0.000000,5.200190,11.572920,4.320192,12.611247,20.669016,-38.787385,288.383297,447.800150,209.391350,467.503357,6.717002,286.592096,294.652499,141.504847,562.436988,245.394482,221.661074,276.382253,200.614467,124.488442,251.663684,184.493662,253.902685,8.239523,988.742731,2.149441,164.790455,75.230425,157.625653,78.812826,137.026846,28.927890,26.868009,92.246831,102.994034,75.767785,-82.574348,42.272334,15.225205,67.617823,24.718568,24.091648,4.119761,223.900075
9.560000,1.049502,59.986722,-7.446876,1.056439,59.986784,-5.059745,1.040661,59.986520,-7.538100,1.016430,59.986608,-8.403283,1.016609,59.986731,-7.533333,1.018502,59.986757,-6.950438,1.008951,59.986736,-8.862839,1.007931,59.986727,-9.296820,1.032156,59.986698,-9.099449,1.026902,59.986745,-4.716764,1.023025,59.986747,-5.476511,1.012888,59.986717,-5.439402,1.024828,59.986687,-5.310134,1.023422,59.986546,-6.685535,1.027466,59.986146,-6.749994,1.041960,59.985970,-5.389123,1.044144,59.986027,-6.376839,1.041753,59.986218,-7.195527,1.054988,59.985475,-0.806038,0.995062,59.985247,-1.679284,1.041719,59.985969,-3.270540,1.056599,59.985960,0.655453,1.052070,59.985968,0.481306,1.046906,59.985973,-5.283530,1.064095,59.986490,-3.808859,1.061071,59.985476,-4.808943,1.048451,59.985743,-6.544043,1.056679,59.984265,-1.665661,1.054566,59.983822,0.798355,1.053064,59.987642,-2.960701,0.983653,59.987151,0.076001,0.984701,59.987039,2.405755,0.997743,59.985319,3.849702,1.011365,59.984943,2.962903,1.050940,59.985939,5.062635,1.064886,59.985976,7.455906,1.030627,59.986580,2.208495,1.025371,59.982809,7.133960,1.028380,59.986679,-8.899344,0.999778,0.999821,0.999807,0.999752,0.999730,0.999789,0.999663,0.999835,-42.857273,0.000000,5.193498,11.540208,4.278426,12.593545,20.599094,-38.787242,288.383297,447.800150,209.391350,467.503357,6.717002,286.592096,294.652499,141.504847,562.436988,245.394482,221.661074,276.382253,200.614467,124.488442,251.663684,184.493662,253.902685,8.239523,988.742731,2.149441,164.790455,75.230425,157.625653,78.812826,137.026846,28.927890,26.868009,92.246831,102.994034,75.767785,-82.574348,42.272334,15.225205,67.617823,24.718568,24.091648,4.119761,223.900075
9.580000,1.049517,59.986853,-7.444745,1.056464,59.987007,-5.056752,1.040679,59.986662,-7.537371,1.016428,59.986640,-8.402419,1.016596,59.986705,-7.531846,1.018488,59.986718,-6.948823,1.008939,59.986711,-8.861311,1.007919,59.986709,-9.295322,1.032157,59.986735,-9.097919,1.026886,59.986694,-4.715288,1.023009,59.986701,-5.475000,1.012873,59.986678,-5.438076,1.024816,59.986655,-5.308989,1.023419,59.986561,-6.685196,1.027480,59.986233,-6.752216,1.041981,59.986085,-5.392487,1.044172,59.986158,-6.379718,1.041778,59.986353,-7.197012,1.054998,59.985614,-0.812862,0.995071,59.985396,-1.687705,1.041740,59.986080,-3.273929,1.056622,59.986063,0.651963,1.052091,59.986071,0.477874,1.046927,59.986087,-5.286874,1.064104,59.986709,-3.808003,1.061138,59.985638,-4.815653,1.048502,59.985893,-6.548885,1.056804,59.984405,-1.681202,1.054702,59.983950,0.779566,1.053080,59.988006,-2.950883,0.983614,59.986942,0.079692,0.984667,59.986868,2.408808,0.997741,59.985469,3.841803,1.011371,59.985097,2.952315,1.050964,59.986032,5.058950,1.064904,59.986063,7.452461,1.030614,59.986834,2.210157,1.025513,59.982908,7.107736,1.028390,59.986753,-8.897783,0.999779,0.999809,0.999799,0.999756,0.999732,0.999795,0.999662,0.999850,-42.872997,0.000000,5.188484,11.513797,4.242277,12.583633,20.533281,-38.775444,288.383297,447.800150,209.391350,467.503357,6.717002,286.592096,294.652499,141.504847,562.436988,245.394482,221.661074,276.382253,200.614467,124.488442,251.663684,184.493662,253.902685,8.239523,988.742731,2.149441,164.790455,75.230425,157.625653,78.812826,137.026846,28.927890,26.868009,92.246831,102.994034,75.767785,-82.574348,42.272334,15.225205,67.617823,24.718568,24.091648,4.119761,223.900075
9.600000,1.049533,59.986979,-7.442025,1.056491,59.987215,-5.052550,1.040701,59.986797,-7.535983,1.016433,59.986667,-8.401678,1.016592,59.986675,-7.530897,1.018481,59.986674,-6.947844,1.008934,59.986683,-8.860309,1.007916,59.986688,-9.294302,1.032162,59.986770,-9.096460,1.026879,59.986640,-4.714523,1.023003,59.986651,-5.474171,1.012868,59.986636,-5.437376,1.024812,59.986621,-5.308418,1.023424,59.986574,-6.685092,1.027501,59.986321,-6.754138,1.042008,59.986203,-5.395340,1.044207,59.986290,-6.381981,1.041808,59.986487,-7.197860,1.055013,59.985766,-0.818955,0.995085,59.985562,-1.695308,1.041769,59.986194,-3.276836,1.056651,59.986170,0.648902,1.052119,59.986178,0.474872,1.046954,59.986205,-5.289709,1.064117,59.986917,-3.805948,1.061211,59.985810,-4.821481,1.048558,59.986048,-6.552957,1.056936,59.984575,-1.695931,1.054846,59.984117,0.761544,1.053096,59.988335,-2.938928,0.983584,59.986729,0.081524,0.984643,59.986693,2.410279,0.997743,59.985634,3.834721,1.011381,59.985274,2.942604,1.050994,59.986132,5.055635,1.064929,59.986158,7.449347,1.030603,59.987075,2.213260,1.025665,59.983065,7.082156,1.028400,59.986826,-8.896023,0.999780,0.999797,0.999792,0.999759,0.999735,0.999801,0.999663,0.999863,-42.883185,0.000000,5.185186,11.494046,4.212247,12.581565,20.472583,-38.752488,288.383297,447.800150,209.391350,467.503357,6.717002,286.592096,294.652499,141.504847,562.436988,245.394482,221.661074,276.382253,200.614467,124.488442,251.663684,184.493662,253.902685,8.239523,988.742731,2.149441,164.790455,75.230425,157.625653,78.812826,137.026846,28.927890,26.868009,92.246831,102.994034,75.767785,-82.574348,42.272334,15.225205,67.617823,24.718568,24.091648,4.119761,223.900075
9.620000,1.049550,59.987097,-7.438784,1.056520,59.987406,-5.047273,1.040727,59.986924,-7.534011,1.016445,59.986691,-8.401105,1.016595,59.986643,-7.530524,1.018483,59.986629,-6.947536,1.008937,59.986653,-8.859870,1.007919,59.986664,-9.293799,1.032170,59.986804,-9.095105,1.026880,59.986586,-4.714502,1.023004,59.986600,-5.474057,1.012871,59.986593,-5.437335,1.024816,59.986585,-5.308450,1.023436,59.986585,-6.685254,1.027527,59.986410,-6.755768,1.042040,59.986324,-5.397677,1.044245,59.986423,-6.383640,1.041842,59.986617,-7.198109,1.055033,59.985929,-0.824255,0.995103,59.985741,-1.702004,1.041802,59.986312,-3.279252,1.056685,59.986282,0.646286,1.052153,59.986290,0.472316,1.046986,59.986326,-5.292031,1.064132,59.987114,-3.802793,1.061288,59.985990,-4.826386,1.048618,59.986207,-6.556242,1.057073,59.984774,-1.709653,1.054996,59.984321,0.744542,1.053111,59.988624,-2.925135,0.983562,59.986518,0.081477,0.984627,59.986519,2.410143,0.997750,59.985813,3.828542,1.011395,59.985469,2.933903,1.051029,59.986239,5.052720,1.064960,59.986259,7.446593,1.030595,59.987302,2.217688,1.025822,59.983278,7.057608,1.028412,59.986898,-8.894090,0.999781,0.999785,0.999784,0.999764,0.999739,0.999807,0.999666,0.999874,-42.887766,0.000000,5.183613,11.481184,4.188718,12.587253,20.417905,-38.719075,288.383297,447.800150,209.391350,467.503357,6.717002,286.592096,294.652499,141.504847,562.436988,245.394482,221.661074,276.382253,200.614467,124.488442,251.663684,184.493662,253.902685,8.239523,988.742731,2.149441,164.790455,75.230425,157.625653,78.812826,137.026846,28.927890,26.868009,92.246831,102.994034,75.767785,-82.574348,42.272334,15.225205,67.617823,24.718568,24.091648,4.119761,223.900075
9.640000,1.049567,59.987206,-7.435102,1.056550,59.987578,-5.041074,1.040755,59.987041,-7.531540,1.016463,59.986712,-8.400743,1.016606,59.986611,-7.530752,1.018492,59.986584,-6.947923,1.008947,59.986622,-8.860021,1.007929,59.986640,-9.293841,1.032182,59.986836,-9.093882,1.026889,59.986532,-4.715240,1.023013,59.986550,-5.474676,1.012881,59.986550,-5.437972,1.024828,59.986550,-5.309106,1.023453,59.986596,-6.685707,1.027558,59.986501,-6.757120,1.042076,59.986447,-5.399503,1.044287,59.986555,-6.384714,1.041879,59.986744,-7.197803,1.055056,59.986100,-0.828714,0.995124,59.985933,-1.707724,1.041840,59.986432,-3.281179,1.056724,59.986398,0.644125,1.052191,59.986406,0.470213,1.047022,59.986449,-5.293844,1.064149,59.987297,-3.798651,1.061366,59.986175,-4.830341,1.048681,59.986368,-6.558740,1.057213,59.985000,-1.722191,1.055147,59.984559,0.728794,1.053124,59.988868,-2.909830,0.983548,59.986312,0.079563,0.984619,59.986351,2.408409,0.997760,59.986003,3.823334,1.011413,59.985682,2.926321,1.051069,59.986350,5.050226,1.064995,59.986365,7.444221,1.030588,59.987511,2.223300,1.025982,59.983543,7.034462,1.028423,59.986969,-8.892015,0.999782,0.999774,0.999776,0.999768,0.999743,0.999813,0.999671,0.999883,-42.886770,0.000000,5.183746,11.475314,4.171948,12.600473,20.370041,-38.676095,288.383297,447.800150,209.391350,467.503357,6.717002,286.592096,294.652499,141.504847,562.436988,245.394482,221.661074,276.382253,200.614467,124.488442,251.663684,184.493662,253.902685,8.239523,988.742731,2.149441,164.790455,75.230425,157.625653,78.812826,137.026846,28.927890,26.868009,92.246831,102.994034,75.767785,-82.574348,42.272334,15.225205,67.617823,24.718568,24.091648,4.119761,223.900075
9.660000,1.049583,59.987307,-7.431064,1.056579,59.987729,-5.034123,1.040784,59.987148,-7.528663,1.016485,59.986731,-8.400630,1.016622,59.986580,-7.531596,1.018506,59.986542,-6.949015,1.008962,59.986593,-8.860779,1.007945,59.986616,-9.294445,1.032196,59.986869,-9.092818,1.026904,59.986482,-4.716740,1.023028,59.986503,-5.476034,1.012897,59.986511,-5.439292,1.024845,59.986518,-5.310393,1.023476,59.986607,-6.686472,1.027592,59.986591,-6.758212,1.042114,59.986571,-5.400833,1.044330,59.986685,-6.385236,1.041918,59.986866,-7.197000,1.055081,59.986278,-0.832298,0.995147,59.986133,-1.712415,1.041880,59.986554,-3.282624,1.056765,59.986517,0.642422,1.052231,59.986524,0.468565,1.047060,59.986572,-5.295164,1.064166,59.987464,-3.793654,1.061445,59.986364,-4.833335,1.048745,59.986530,-6.560464,1.057351,59.985249,-1.733386,1.055297,59.984829,0.714515,1.053135,59.989065,-2.893368,0.983541,59.986119,0.075830,0.984619,59.986193,2.405114,0.997772,59.986202,3.819146,1.011432,59.985910,2.919946,1.051110,59.986467,5.048168,1.065034,59.986477,7.442247,1.030581,59.987700,2.229937,1.026141,59.983858,7.013062,1.028436,59.987038,-8.889828,0.999783,0.999762,0.999768,0.999773,0.999748,0.999818,0.999678,0.999891,-42.880328,0.000000,5.185541,11.476412,4.162072,12.620869,20.329660,-38.624599,288.383297,447.800150,209.391350,467.503357,6.717002,286.592096,294.652499,141.504847,562.436988,245.394482,221.661074,276.382253,200.614467,124.488442,251.663684,184.493662,253.902685,8.239523,988.742731,2.149441,164.790455,75.230425,157.625653,78.812826,137.026846,28.927890,26.868009,92.246831,102.994034,75.767785,-82.574348,42.272334,15.225205,67.617823,24.718568,24.091648,4.119761,223.900075
9.680000,1.049599,59.987397,-7.426762,1.056606,59.987858,-5.026600,1.040814,59.987244,-7.525480,1.016510,59.986750,-8.400800,1.016642,59.986553,-7.533062,1.018526,59.986503,-6.950808,1.008982,59.986567,-8.862147,1.007965,59.986596,-9.295619,1.032212,59.986901,-9.091937,1.026924,59.986438,-4.718990,1.023048,59.986461,-5.478123,1.012919,59.986476,-5.441291,1.024867,59.986491,-5.312307,1.023502,59.986620,-6.687565,1.027627,59.986681,-6.759068,1.042152,59.986694,-5.401688,1.044374,59.986813,-6.385245,1.041956,59.986981,-7.195763,1.055106,59.986461,-0.834992,0.995170,59.986340,-1.716044,1.041921,59.986676,-3.283604,1.056807,59.986638,0.641169,1.052273,59.986645,0.467362,1.047099,59.986695,-5.296012,1.064183,59.987614,-3.787948,1.061521,59.986555,-4.835374,1.048807,59.986691,-6.561438,1.057485,59.985519,-1.743105,1.055444,59.985127,0.701893,1.053143,59.989214,-2.876118,0.983541,59.985941,0.070355,0.984625,59.986048,2.400324,0.997785,59.986408,3.816007,1.011452,59.986148,2.914845,1.051153,59.986587,5.046552,1.065073,59.986592,7.440679,1.030575,59.987868,2.237427,1.026297,59.984219,6.993722,1.028448,59.987106,-8.887564,0.999785,0.999752,0.999761,0.999778,0.999753,0.999822,0.999686,0.999895,-42.868663,0.000000,5.188926,11.484326,4.159096,12.647967,20.297299,-38.565787,288.383297,447.800150,209.391350,467.503357,6.717002,286.592096,294.652499,141.504847,562.436988,245.394482,221.661074,276.382253,200.614467,124.488442,251.663684,184.493662,253.902685,8.239523,988.742731,2.149441,164.790455,75.230425,157.625653,78.812826,137.026846,28.927890,26.868009,92.246831,102.994034,75.767785,-82.574348,42.272334,15.225205,67.617823,24.718568,24.091648,4.119761,223.900075
9.700000,1.049613,59.987478,-7.422290,1.056631,59.987964,-5.018691,1.040843,59.987328,-7.522096,1.016538,59.986767,-8.401281,1.016667,59.986531,-7.535142,1.018549,59.986471,-6.953288,1.009006,59.986546,-8.864122,1.007989,59.986580,-9.297362,1.032229,59.986934,-9.091259,1.026948,59.986401,-4.721967,1.023072,59.986426,-5.480921,1.012944,59.986448,-5.443951,1.024893,59.986469,-5.314833,1.023531,59.986635,-6.688992,1.027662,59.986771,-6.759714,1.042190,59.986816,-5.402100,1.044416,59.986937,-6.384790,1.041994,59.987090,-7.194162,1.055132,59.986647,-0.836795,0.995193,59.986552,-1.718600,1.041961,59.986798,-3.284147,1.056848,59.986760,0.640351,1.052313,59.986766,0.466590,1.047137,59.986816,-5.296420,1.064198,59.987745,-3.781687,1.061594,59.986745,-4.836479,1.048866,59.986850,-6.561700,1.057612,59.985807,-1.751238,1.055582,59.985449,0.691088,1.053148,59.989313,-2.858462,0.983547,59.985782,0.063245,0.984637,59.985921,2.394131,0.997799,59.986618,3.813928,1.011472,59.986394,2.911058,1.051195,59.986711,5.045377,1.065113,59.986711,7.439521,1.030568,59.988013,2.245583,1.026445,59.984619,6.976719,1.028461,59.987172,-8.885258,0.999786,0.999742,0.999755,0.999783,0.999758,0.999825,0.999697,0.999898,-42.852090,0.000000,5.193807,11.498787,4.162903,12.681184,20.273353,-38.500972,288.383297,447.800150,209.391350,467.503357,6.717002,286.592096,294.652499,141.504847,562.436988,245.394482,221.661074,276.382253,200.614467,124.488442,251.663684,184.493662,253.902685,8.239523,988.742731,2.149441,164.790455,75.230425,157.625653,78.812826,137.026846,28.927890,26.868009,92.246831,102.994034,75.767785,-82.574348,42.272334,15.225205,67.617823,24.718568,24.091648,4.119761,223.900075
9.720000,1.049627,59.987549,-7.417747,1.056652,59.988046,-5.010590,1.040869,59.987402,-7.518616,1.016566,59.986786,-8.402095,1.016693,59.986515,-7.537820,1.018576,59.986447,-6.956430,1.009032,59.986531,-8.866687,1.008015,59.986569,-9.299664,1.032248,59.986968,-9.090804,1.026974,59.986373,-4.725633,1.023098,59.986400,-5.484396,1.012973,59.986428,-5.447243,1.024921,59.986455,-5.317947,1.023561,59.986654,-6.690759,1.027696,59.986861,-6.760181,1.042225,59.986936,-5.402106,1.044455,59.987056,-6.383928,1.042028,59.987192,-7.192276,1.055155,59.986833,-0.837724,0.995215,59.986765,-1.720089,1.041998,59.986918,-3.284282,1.056888,59.986882,0.639949,1.052352,59.986887,0.466227,1.047173,59.986936,-5.296424,1.064211,59.987857,-3.775034,1.061660,59.986934,-4.836685,1.048921,59.987006,-6.561298,1.057730,59.986108,-1.757703,1.055711,59.985791,0.682229,1.053148,59.989362,-2.840782,0.983557,59.985648,0.054637,0.984653,59.985815,2.386652,0.997811,59.986828,3.812900,1.011491,59.986646,2.908603,1.051234,59.986836,5.044636,1.065151,59.986833,7.438767,1.030559,59.988134,2.254212,1.026583,59.985054,6.962291,1.028473,59.987237,-8.882949,0.999787,0.999733,0.999749,0.999788,0.999764,0.999828,0.999708,0.999898,-42.831006,0.000000,5.200069,11.519413,4.173255,12.719838,20.258075,-38.431560,288.383297,447.800150,209.391350,467.503357,6.717002,286.592096,294.652499,141.504847,562.436988,245.394482,221.661074,276.382253,200.614467,124.488442,251.663684,184.493662,253.902685,8.239523,988.742731,2.149441,164.790455,75.230425,157.625653,78.812826,137.026846,28.927890,26.868009,92.246831,102.994034,75.767785,-82.574348,42.272334,15.225205,67.617823,24.718568,24.091648,4.119761,223.900075
9.740000,1.049638,59.987609,-7.413233,1.056669,59.988106,-5.002490,1.040892,59.987465,-7.515148,1.016594,59.986807,-8.403259,1.016721,59.986507,-7.541068,1.018603,59.986433,-6.960195,1.009060,59.986523,-8.869819,1.008042,59.986565,-9.302503,1.032267,59.987004,-9.090585,1.027003,59.986357,-4.729940,1.023127,59.986385,-5.488503,1.013002,59.986418,-5.451127,1.024950,59.986450,-5.321613,1.023591,59.986678,-6.692861,1.027728,59.986949,-6.760502,1.042257,59.987053,-5.401753,1.044490,59.987170,-6.382721,1.042059,59.987286,-7.190183,1.055176,59.987017,-0.837812,0.995234,59.986978,-1.720538,1.042032,59.987037,-3.284052,1.056923,59.987004,0.639932,1.052387,59.987008,0.466242,1.047205,59.987053,-5.296072,1.064221,59.987949,-3.768155,1.061718,59.987118,-4.836043,1.048969,59.987156,-6.560292,1.057835,59.986419,-1.762444,1.055826,59.986149,0.675414,1.053144,59.989363,-2.823456,0.983570,59.985540,0.044687,0.984673,59.985733,2.378025,0.997822,59.987038,3.812894,1.011508,59.986898,2.907473,1.051270,59.986963,5.044311,1.065185,59.986957,7.438405,1.030549,59.988232,2.263116,1.026708,59.985517,6.950632,1.028486,59.987300,-8.880675,0.999788,0.999726,0.999744,0.999793,0.999771,0.999831,0.999721,0.999896,-42.805881,0.000000,5.207576,11.545715,4.189801,12.763166,20.251566,-38.359020,288.383297,447.800150,209.391350,467.503357,6.717002,286.592096,294.652499,141.504847,562.436988,245.394482,221.661074,276.382253,200.614467,124.488442,251.663684,184.493662,253.902685,8.239523,988.742731,2.149441,164.790455,75.230425,157.625653,78.812826,137.026846,28.927890,26.868009,92.246831,102.994034,75.767785,-82.574348,42.272334,15.225205,67.617823,24.718568,24.091648,4.119761,223.900075
9.760000,1.049647,59.987660,-7.408845,1.056680,59.988143,-4.994581,1.040910,59.987517,-7.511795,1.016620,59.986830,-8.404785,1.016749,59.986508,-7.544853,1.018631,59.986429,-6.964539,1.009087,59.986525,-8.873483,1.008069,59.986570,-9.305852,1.032286,59.987043,-9.090617,1.027031,59.986353,-4.734829,1.023155,59.986381,-5.493189,1.013031,59.986419,-5.455554,1.024978,59.986456,-5.325787,1.023619,59.986706,-6.695291,1.027755,59.987036,-6.760713,1.042284,59.987167,-5.401091,1.044519,59.987279,-6.381237,1.042084,59.987372,-7.187966,1.055192,59.987198,-0.837104,0.995250,59.987186,-1.719991,1.042061,59.987152,-3.283500,1.056953,59.987124,0.640267,1.052417,59.987127,0.466600,1.047233,59.987166,-5.295412,1.064227,59.988022,-3.761218,1.061767,59.987297,-4.834616,1.049009,59.987300,-6.558749,1.057926,59.986736,-1.765434,1.055926,59.986517,0.670704,1.053135,59.989318,-2.806853,0.983586,59.985463,0.033576,0.984695,59.985678,2.368406,0.997830,59.987244,3.813863,1.011522,59.987149,2.907634,1.051301,59.987090,5.044381,1.065215,59.987081,7.438419,1.030535,59.988306,2.272096,1.026818,59.986001,6.941888,1.028498,59.987361,-8.878476,0.999789,0.999719,0.999740,0.999797,0.999777,0.999832,0.999734,0.999892,-42.777250,0.000000,5.216178,11.577114,4.212083,12.810340,20.253785,-38.284853,288.383297,447.800150,209.391350,467.503357,6.717002,286.592096,294.652499,141.504847,562.436988,245.394482,221.661074,276.382253,200.614467,124.488442,251.663684,184.493662,253.902685,8.239523,988.742731,2.149441,164.790455,75.230425,157.625653,78.812826,137.026846,28.927890,26.868009,92.246831,102.994034,75.767785,-82.574348,42.272334,15.225205,67.617823,24.718568,24.091648,4.119761,223.900075
9.780000,1.049653,59.987702,-7.404681,1.056685,59.988159,-4.987046,1.040923,59.987559,-7.508661,1.016643,59.986856,-8.406677,1.016775,59.986520,-7.549129,1.018657,59.986437,-6.969404,1.009113,59.986537,-8.877637,1.008095,59.986584,-9.309674,1.032304,59.987084,-9.090909,1.027058,59.986363,-4.740234,1.023182,59.986391,-5.498391,1.013058,59.986432,-5.460467,1.025005,59.986473,-5.330418,1.023645,59.986741,-6.698035,1.027777,59.987121,-6.760851,1.042305,59.987276,-5.400175,1.044541,59.987381,-6.379547,1.042103,59.987451,-7.185710,1.055204,59.987374,-0.835663,0.995261,59.987389,-1.718513,1.042084,59.987265,-3.282677,1.056977,59.987242,0.640912,1.052441,59.987244,0.467259,1.047254,59.987276,-5.294502,1.064227,59.988076,-3.754388,1.061805,59.987469,-4.832478,1.049040,59.987438,-6.556746,1.058000,59.987056,-1.766677,1.056009,59.986891,0.668128,1.053120,59.989230,-2.791319,0.983603,59.985416,0.021499,0.984717,59.985651,2.357967,0.997835,59.987444,3.815744,1.011533,59.987394,2.909032,1.051325,59.987216,5.044817,1.065239,59.987206,7.438782,1.030519,59.988356,2.280956,1.026910,59.986501,6.936157,1.028510,59.987420,-8.876392,0.999790,0.999714,0.999737,0.999802,0.999784,0.999833,0.999749,0.999885,-42.745705,0.000000,5.225709,11.612949,4.239545,12.860480,20.264542,-38.210561,288.383297,447.800150,209.391350,467.503357,6.717002,286.592096,294.652499,141.504847,562.436988,245.394482,221.661074,276.382253,200.614467,124.488442,251.663684,184.493662,253.902685,8.239523,988.742731,2.149441,164.790455,75.230425,157.625653,78.812826,137.026846,28.927890,26.868009,92.246831,102.994034,75.767785,-82.574348,42.272334,15.225205,67.617823,24.718568,24.091648,4.119761,223.900075
9.800000,1.049657,59.987735,-7.400832,1.056683,59.988156,-4.980059,1.040929,59.987592,-7.505840,1.016662,59.986887,-8.408935,1.016798,59.986543,-7.553846,1.018681,59.986458,-6.974728,1.009137,59.986559,-8.882234,1.008119,59.986607,-9.313927,1.032321,59.987127,-9.091467,1.027083,59.986387,-4.746079,1.023206,59.986414,-5.504038,1.013083,59.986458,-5.465803,1.025029,59.986502,-5.335447,1.023666,59.986782,-6.701075,1.027792,59.987205,-6.760956,1.042318,59.987381,-5.399066,1.044554,59.987477,-6.377725,1.042114,59.987522,-7.183498,1.055210,59.987543,-0.833561,0.995267,59.987585,-1.716182,1.042099,59.987373,-3.281639,1.056993,59.987358,0.641822,1.052457,59.987358,0.468174,1.047267,59.987380,-5.293399,1.064223,59.988112,-3.747826,1.061831,59.987633,-4.829714,1.049060,59.987567,-6.554366,1.058055,59.987373,-1.766203,1.056071,59.987266,0.667676,1.053100,59.989102,-2.777177,0.983621,59.985404,0.008664,0.984739,59.985654,2.346892,0.997834,59.987637,3.818458,1.011540,59.987632,2.911590,1.051341,59.987342,5.045584,1.065256,59.987330,7.439467,1.030498,59.988385,2.289507,1.026983,59.987007,6.933484,1.028521,59.987478,-8.874464,0.999791,0.999711,0.999736,0.999806,0.999790,0.999834,0.999764,0.999877,-42.711879,0.000000,5.235993,11.652492,4.271550,12.912672,20.283511,-38.137626,288.383297,447.800150,209.391350,467.503357,6.717002,286.592096,294.652499,141.504847,562.436988,245.394482,221.661074,276.382253,200.614467,124.488442,251.663684,184.493662,253.902685,8.239523,988.742731,2.149441,164.790455,75.230425,157.625653,78.812826,137.026846,28.927890,26.868009,92.246831,102.994034,75.767785,-82.574348,42.272334,15.225205,67.617823,24.718568,24.091648,4.119761,223.900075
9.820000,1.049658,59.987759,-7.397386,1.056673,59.988134,-4.973782,1.040928,59.987616,-7.503422,1.016675,59.986922,-8.411551,1.016818,59.986577,-7.558948,1.018701,59.986492,-6.980443,1.009157,59.986593,-8.887219,1.008138,59.986642,-9.318564,1.032335,59.987175,-9.092297,1.027103,59.986426,-4.752283,1.023227,59.986452,-5.510053,1.013104,59.986498,-5.471490,1.025049,59.986544,-5.340810,1.023682,59.986830,-6.704389,1.027800,59.987287,-6.761067,1.042323,59.987481,-5.397826,1.044559,59.987566,-6.375847,1.042116,59.987585,-7.181411,1.055208,59.987703,-0.830884,0.995267,59.987770,-1.713091,1.042105,59.987477,-3.280443,1.056999,59.987470,0.642948,1.052464,59.987469,0.469295,1.047273,59.987480,-5.292168,1.064211,59.988131,-3.741683,1.061843,59.987787,-4.826418,1.049069,59.987687,-6.551695,1.058090,59.987684,-1.764070,1.056113,59.987637,0.669305,1.053074,59.988939,-2.764719,0.983637,59.985425,-0.004711,0.984760,59.985687,2.335372,0.997829,59.987819,3.821910,1.011542,59.987859,2.915209,1.051349,59.987465,5.046641,1.065264,59.987453,7.440439,1.030473,59.988393,2.297570,1.027034,59.987515,6.933864,1.028531,59.987533,-8.872731,0.999793,0.999709,0.999735,0.999810,0.999796,0.999833,0.999780,0.999867,-42.676437,0.000000,5.246846,11.694961,4.307383,12.965986,20.310231,-38.067472,288.383297,447.800150,209.391350,467.503357,6.717002,286.592096,294.652499,141.504847,562.436988,245.394482,221.661074,276.382253,200.614467,124.488442,251.663684,184.493662,253.902685,8.239523,988.742731,2.149441,164.790455,75.230425,157.625653,78.812826,137.026846,28.927890,26.868009,92.246831,102.994034,75.767785,-82.574348,42.272334,15.225205,67.617823,24.718568,24.091648,4.119761,223.900075
9.840000,1.049655,59.987777,-7.394423,1.056655,59.988097,-4.968360,1.040919,59.987634,-7.501488,1.016683,59.986964,-8.414515,1.016833,59.986625,-7.564373,1.018717,59.986541,-6.986475,1.009173,59.986640,-8.892533,1.008154,59.986688,-9.323530,1.032348,59.987225,-9.093401,1.027119,59.986481,-4.758763,1.023243,59.986505,-5.516358,1.013119,59.986552,-5.477456,1.025063,59.986599,-5.346441,1.023691,59.986886,-6.707950,1.027799,59.987368,-6.761221,1.042319,59.987576,-5.396520,1.044554,59.987648,-6.373989,1.042110,59.987642,-7.179528,1.055199,59.987854,-0.827724,0.995260,59.987943,-1.709348,1.042101,59.987576,-3.279149,1.056997,59.987579,0.644237,1.052461,59.987576,0.470570,1.047268,59.987574,-5.290870,1.064194,59.988135,-3.736101,1.061841,59.987930,-4.822692,1.049065,59.987799,-6.548825,1.058104,59.987986,-1.760365,1.056131,59.987999,0.672939,1.053041,59.988746,-2.754199,0.983651,59.985481,-0.018404,0.984777,59.985751,2.323603,0.997818,59.987990,3.825995,1.011539,59.988072,2.919774,1.051346,59.987585,5.047945,1.065262,59.987574,7.441657,1.030443,59.988383,2.304979,1.027062,59.988015,6.937240,1.028540,59.987588,-8.871233,0.999794,0.999709,0.999735,0.999814,0.999802,0.999832,0.999795,0.999856,-42.640063,0.000000,5.258080,11.739536,4.346276,13.019492,20.344119,-38.001446,288.383297,447.800150,209.391350,467.503357,6.717002,286.592096,294.652499,141.504847,562.436988,245.394482,221.661074,276.382253,200.614467,124.488442,251.663684,184.493662,253.902685,8.239523,988.742731,2.149441,164.790455,75.230425,157.625653,78.812826,137.026846,28.927890,26.868009,92.246831,102.994035,75.767785,-82.574348,42.272334,15.225205,67.617823,24.718568,24.091648,4.119761,223.900075
9.860000,1.049649,59.987789,-7.392015,1.056629,59.988047,-4.963919,1.040902,59.987646,-7.500109,1.016683,59.987011,-8.417807,1.016841,59.986684,-7.570055,1.018726,59.986604,-6.992747,1.009182,59.986698,-8.898113,1.008163,59.986745,-9.328770,1.032357,59.987279,-9.094779,1.027128,59.986552,-4.765429,1.023252,59.986573,-5.522868,1.013128,59.986620,-5.483623,1.025071,59.986668,-5.352267,1.023693,59.986950,-6.711729,1.027789,59.987447,-6.761458,1.042304,59.987665,-5.395211,1.044538,59.987723,-6.372223,1.042093,59.987692,-7.177920,1.055182,59.987993,-0.824184,0.995246,59.988103,-1.705069,1.042087,59.987670,-3.277818,1.056983,59.987683,0.645635,1.052447,59.987679,0.471942,1.047254,59.987664,-5.289572,1.064169,59.988125,-3.731209,1.061825,59.988061,-4.818641,1.049048,59.987901,-6.545849,1.058096,59.988275,-1.755198,1.056127,59.988347,0.678467,1.053002,59.988530,-2.745832,0.983661,59.985572,-0.032193,0.984791,59.985846,2.311779,0.997800,59.988148,3.830599,1.011530,59.988270,2.925153,1.051334,59.987702,5.049446,1.065251,59.987692,7.443081,1.030408,59.988356,2.311584,1.027067,59.988502,6.943506,1.028549,59.987640,-8.870008,0.999795,0.999710,0.999737,0.999817,0.999808,0.999831,0.999811,0.999844,-42.603449,0.000000,5.269503,11.785377,4.387413,13.072280,20.384480,-37.940788,288.383297,447.800150,209.391350,467.503357,6.717002,286.592096,294.652499,141.504847,562.436988,245.394482,221.661074,276.382253,200.614467,124.488442,251.663684,184.493662,253.902685,8.239523,988.742731,2.149441,164.790455,75.230425,157.625653,78.812826,137.026846,28.927890,26.868009,92.246831,102.994035,75.767785,-82.574348,42.272334,15.225205,67.617823,24.718568,24.091648,4.119761,223.900075
9.880000,1.049639,59.987795,-7.390226,1.056594,59.987987,-4.960567,1.040875,59.987653,-7.499344,1.016674,59.987065,-8.421407,1.016843,59.986757,-7.575928,1.018729,59.986681,-6.999180,1.009185,59.986769,-8.903894,1.008166,59.986814,-9.334225,1.032363,59.987337,-9.096429,1.027131,59.986638,-4.772195,1.023255,59.986656,-5.529498,1.013129,59.986703,-5.489914,1.025071,59.986750,-5.358218,1.023687,59.987021,-6.715694,1.027768,59.987524,-6.761813,1.042279,59.987749,-5.393964,1.044511,59.987792,-6.370621,1.042066,59.987736,-7.176656,1.055156,59.988121,-0.820369,0.995225,59.988249,-1.700380,1.042061,59.987759,-3.276511,1.056958,59.987783,0.647085,1.052423,59.987778,0.473357,1.047229,59.987747,-5.288335,1.064136,59.988104,-3.727119,1.061792,59.988181,-4.814375,1.049017,59.987994,-6.542859,1.058066,59.988547,-1.748704,1.056099,59.988678,0.685748,1.052957,59.988295,-2.739786,0.983667,59.985695,-0.045859,0.984799,59.985971,2.300095,0.997775,59.988292,3.835598,1.011515,59.988451,2.931200,1.051310,59.987816,5.051095,1.065228,59.987807,7.444664,1.030368,59.988315,2.317252,1.027048,59.988968,6.952508,1.028556,59.987691,-8.869090,0.999796,0.999713,0.999740,0.999820,0.999813,0.999829,0.999826,0.999830,-42.567283,0.000000,5.280927,11.831633,4.429950,13.123468,20.430519,-37.886615,288.383297,447.800150,209.391350,467.503357,6.717002,286.592096,294.652499,141.504847,562.436988,245.394482,221.661074,276.382253,200.614467,124.488442,251.663684,184.493662,253.902685,8.239523,988.742731,2.149441,164.790455,75.230425,157.625653,78.812826,137.026846,28.927890,26.868009,92.246831,102.994035,75.767785,-82.574348,42.272334,15.225205,67.617823,24.718568,24.091648,4.119761,223.900075
9.900000,1.049625,59.987798,-7.389109,1.056550,59.987919,-4.958389,1.040839,59.987658,-7.499242,1.016658,59.987126,-8.425288,1.016836,59.986842,-7.581923,1.018724,59.986772,-7.005696,1.009181,59.986852,-8.909811,1.008162,59.986894,-9.339834,1.032366,59.987399,-9.098346,1.027125,59.986740,-4.778972,1.023249,59.986754,-5.536164,1.013122,59.986799,-5.496249,1.025063,59.986845,-5.364222,1.023671,59.987101,-6.719812,1.027738,59.987600,-6.762320,1.042243,59.987827,-5.392840,1.044473,59.987856,-6.369250,1.042028,59.987776,-7.175795,1.055122,59.988237,-0.816392,0.995196,59.988380,-1.695412,1.042025,59.987843,-3.275288,1.056922,59.987878,0.648532,1.052387,59.987872,0.474760,1.047194,59.987826,-5.287222,1.064096,59.988073,-3.723927,1.061745,59.988288,-4.810007,1.048973,59.988077,-6.539947,1.058014,59.988800,-1.741038,1.056048,59.988987,0.694614,1.052906,59.988049,-2.736184,0.983668,59.985851,-0.059190,0.984802,59.986124,2.288735,0.997744,59.988421,3.840864,1.011494,59.988612,2.937759,1.051274,59.987925,5.052838,1.065194,59.987919,7.446359,1.030321,59.988263,2.321872,1.027005,59.989407,6.964047,1.028563,59.987740,-8.868515,0.999797,0.999718,0.999743,0.999823,0.999817,0.999827,0.999840,0.999817,-42.532234,0.000000,5.292165,11.877465,4.473031,13.172226,20.481360,-37.839897,288.383297,447.800150,209.391350,467.503357,6.717002,286.592096,294.652499,141.504847,562.436988,245.394482,221.661074,276.382253,200.614467,124.488442,251.663684,184.493662,253.902685,8.239523,988.742731,2.149441,164.790455,75.230425,157.625653,78.812826,137.026846,28.927890,26.868009,92.246831,102.994035,75.767785,-82.574348,42.272334,15.225205,67.617823,24.718568,24.091648,4.119761,223.900075
9.920000,1.049608,59.987798,-7.388706,1.056498,59.987846,-4.957445,1.040794,59.987661,-7.499836,1.016632,59.987195,-8.429419,1.016822,59.986940,-7.587972,1.018711,59.986877,-7.012216,1.009169,59.986948,-8.915797,1.008150,59.986986,-9.345537,1.032364,59.987465,-9.100526,1.027111,59.986856,-4.785676,1.023235,59.986866,-5.542785,1.013106,59.986909,-5.502553,1.025046,59.986952,-5.370207,1.023647,59.987188,-6.724046,1.027696,59.987674,-6.763010,1.042197,59.987900,-5.391899,1.044423,59.987914,-6.368171,1.041980,59.987812,-7.175389,1.055078,59.988340,-0.812362,0.995159,59.988494,-1.690299,1.041977,59.987922,-3.274206,1.056873,59.987969,0.649921,1.052339,59.987961,0.476095,1.047147,59.987899,-5.286291,1.064048,59.988036,-3.721711,1.061682,59.988383,-4.805647,1.048915,59.988151,-6.537201,1.057939,59.989031,-1.732371,1.055973,59.989271,0.704871,1.052848,59.987799,-2.735099,0.983662,59.986037,-0.071986,0.984797,59.986304,2.277876,0.997705,59.988534,3.846267,1.011466,59.988753,2.944667,1.051227,59.988029,5.054622,1.065148,59.988027,7.448118,1.030269,59.988203,2.325354,1.026938,59.989814,6.977883,1.028568,59.987788,-8.868314,0.999798,0.999723,0.999748,0.999825,0.999821,0.999825,0.999854,0.999802,-42.498945,0.000000,5.303039,11.922055,4.515802,13.217785,20.536053,-37.801440,288.383297,447.800150,209.391350,467.503357,6.717002,286.592096,294.652499,141.504847,562.436988,245.394482,221.661074,276.382253,200.614467,124.488442,251.663684,184.493662,253.902685,8.239523,988.742731,2.149441,164.790455,75.230425,157.625653,78.812826,137.026846,28.927890,26.868009,92.246831,102.994035,75.767785,-82.574348,42.272334,15.225205,67.617823,24.718568,24.091648,4.119761,223.900075
9.940000,1.049587,59.987797,-7.389050,1.056437,59.987772,-4.957773,1.040739,59.987664,-7.501150,1.016596,59.987270,-8.433768,1.016798,59.987049,-7.594008,1.018689,59.986995,-7.018667,1.009148,59.987054,-8.921789,1.008130,59.987088,-9.351274,1.032359,59.987534,-9.102961,1.027087,59.986986,-4.792224,1.023212,59.986991,-5.549281,1.013081,59.987031,-5.508753,1.025019,59.987072,-5.376105,1.023612,59.987282,-6.728360,1.027644,59.987748,-6.763911,1.042139,59.987969,-5.391195,1.044362,59.987966,-6.367440,1.041921,59.987845,-7.175480,1.055026,59.988430,-0.808392,0.995115,59.988593,-1.685176,1.041917,59.987996,-3.273318,1.056813,59.988055,0.651199,1.052279,59.988046,0.477311,1.047088,59.987967,-5.285597,1.063992,59.987994,-3.720529,1.061604,59.988465,-4.801403,1.048843,59.988216,-6.534706,1.057843,59.989238,-1.722892,1.055876,59.989527,0.716303,1.052785,59.987550,-2.736556,0.983650,59.986251,-0.084060,0.984786,59.986508,2.267680,0.997658,59.988632,3.851675,1.011432,59.988874,2.951758,1.051169,59.988129,5.056394,1.065091,59.988130,7.449892,1.030211,59.988137,2.327632,1.026848,59.990183,6.993739,1.028572,59.987835,-8.868514,0.999799,0.999731,0.999754,0.999826,0.999825,0.999822,0.999866,0.999788,-42.468018,0.000000,5.313379,11.964625,4.557423,13.259449,20.593602,-37.771881,288.383297,447.800150,209.391350,467.503357,6.717002,286.592096,294.652499,141.504847,562.436988,245.394482,221.661074,276.382253,200.614467,124.488442,251.663684,184.493662,253.902685,8.239523,988.742731,2.149441,164.790455,75.230425,157.625653,78.812826,137.026846,28.927890,26.868009,92.246831,102.994035,75.767785,-82.574348,42.272334,15.225205,67.617823,24.718568,24.091648,4.119761,223.900075
9.960000,1.049563,59.987797,-7.390158,1.056368,59.987700,-4.959387,1.040675,59.987670,-7.503191,1.016552,59.987353,-8.438298,1.016765,59.987169,-7.599966,1.018658,59.987124,-7.024974,1.009118,59.987171,-8.927724,1.008101,59.987200,-9.356988,1.032348,59.987606,-9.105642,1.027054,59.987128,-4.798541,1.023179,59.987129,-5.555578,1.013046,59.987165,-5.514778,1.024983,59.987202,-5.381853,1.023568,59.987384,-6.732719,1.027582,59.987820,-6.765047,1.042070,59.988032,-5.390777,1.044290,59.988015,-6.367106,1.041852,59.987876,-7.176102,1.054965,59.988507,-0.804589,0.995063,59.988675,-1.680178,1.041846,59.988066,-3.272675,1.056742,59.988136,0.652315,1.052208,59.988126,0.478358,1.047019,59.988031,-5.285189,1.063929,59.987950,-3.720419,1.061511,59.988535,-4.797381,1.048758,59.988273,-6.532539,1.057727,59.989418,-1.712799,1.055757,59.989752,0.728679,1.052716,59.987310,-2.740526,0.983630,59.986489,-0.095242,0.984765,59.986734,2.258293,0.997605,59.988715,3.856959,1.011392,59.988973,2.958862,1.051099,59.988223,5.058103,1.065022,59.988230,7.451633,1.030147,59.988068,2.328663,1.026737,59.990510,7.011307,1.028574,59.987881,-8.869139,0.999800,0.999739,0.999760,0.999827,0.999828,0.999819,0.999878,0.999775,-42.440009,0.000000,5.323027,12.004446,4.597090,13.296608,20.652972,-37.751668,288.383297,447.800150,209.391350,467.503357,6.717002,286.592096,294.652499,141.504847,562.436988,245.394482,221.661074,276.382253,200.614467,124.488442,251.663684,184.493662,253.902685,8.239523,988.742731,2.149441,164.790455,75.230425,157.625653,78.812826,137.026846,28.927890,26.868009,92.246831,102.994035,75.767785,-82.574348,42.272334,15.225205,67.617823,24.718568,24.091648,4.119761,223.900075
9.980000,1.049536,59.987797,-7.392040,1.056291,59.987632,-4.962275,1.040602,59.987678,-7.505955,1.016497,59.987444,-8.442970,1.016723,59.987299,-7.605787,1.018617,59.987265,-7.031074,1.009079,59.987298,-8.933543,1.008063,59.987322,-9.362625,1.032334,59.987682,-9.108560,1.027011,59.987281,-4.804557,1.023137,59.987277,-5.561607,1.013001,59.987309,-5.520565,1.024937,59.987343,-5.387390,1.023513,59.987493,-6.737087,1.027508,59.987892,-6.766437,1.041991,59.988092,-5.390691,1.044207,59.988061,-6.367209,1.041772,59.987906,-7.177278,1.054895,59.988572,-0.801056,0.995004,59.988741,-1.675432,1.041764,59.988132,-3.272321,1.056659,59.988213,0.653224,1.052125,59.988202,0.479191,1.046940,59.988091,-5.285110,1.063858,59.987906,-3.721396,1.061406,59.988594,-4.793679,1.048661,59.988322,-6.530771,1.057592,59.989572,-1.702300,1.055618,59.989943,0.741753,1.052642,59.987085,-2.746937,0.983603,59.986749,-0.105384,0.984737,59.986978,2.249845,0.997544,59.988782,3.861996,1.011346,59.989051,2.965813,1.051018,59.988313,5.059698,1.064942,59.988324,7.453297,1.030077,59.988001,2.328430,1.026606,59.990791,7.030253,1.028575,59.987926,-8.870212,0.999801,0.999748,0.999768,0.999828,0.999830,0.999816,0.999888,0.999762,-42.415415,0.000000,5.331838,12.040854,4.634042,13.328747,20.713114,-37.741065,288.383297,447.800150,209.391350,467.503357,6.717002,286.592096,294.652499,141.504847,562.436988,245.394482,221.661074,276.382253,200.614467,124.488442,251.663684,184.493662,253.902685,8.239523,988.742731,2.149441,164.790455,75.230425,157.625653,78.812826,137.026846,28.927890,26.868009,92.246831,102.994035,75.767785,-82.574348,42.272334,15.225205,67.617823,24.718568,24.091648,4.119761,223.900075
10.000000,1.049505,59.987800,-7.394692,1.056207,59.987572,-4.966401,1.040521,59.987691,-7.509423,1.016433,59.987541,-8.447747,1.016672,59.987439,-7.611414,1.018567,59.987414,-7.036903,1.009031,59.987434,-8.939193,1.008016,59.987452,-9.368132,1.032315,59.987760,-9.111705,1.026958,59.987444,-4.810209,1.023085,59.987435,-5.567307,1.012945,59.987463,-5.526056,1.024881,59.987491,-5.392661,1.023449,59.987608,-6.741429,1.027425,59.987964,-6.768096,1.041902,59.988149,-5.390973,1.044114,59.988104,-6.367782,1.041683,59.987937,-7.179019,1.054818,59.988626,-0.797890,0.994938,59.988792,-1.671061,1.041672,59.988194,-3.272294,1.056565,59.988286,0.653883,1.052032,59.988274,0.479769,1.046851,59.988148,-5.285398,1.063781,59.987866,-3.723457,1.061287,59.988641,-4.790388,1.048553,59.988364,-6.529464,1.057439,59.989697,-1.691605,1.055462,59.990101,0.755269,1.052564,59.986880,-2.755667,0.983567,59.987026,-0.114358,0.984699,59.987238,2.242444,0.997477,59.988835,3.866669,1.011295,59.989109,2.972451,1.050926,59.988398,5.061133,1.064852,59.988415,7.454837,1.030002,59.987936,2.326938,1.026456,59.991024,7.050221,1.028575,59.987970,-8.871748,0.999802,0.999758,0.999775,0.999828,0.999832,0.999814,0.999896,0.999749,-42.394669,0.000000,5.339684,12.073258,4.667579,13.355451,20.772979,-37.740143,288.383297,447.800150,209.391350,467.503357,6.717002,286.592096,294.652499,141.504847,562.436988,245.394482,221.661074,276.382253,200.614467,124.488442,251.663684,184.493662,253.902685,8.239523,988.742731,2.149441,164.790455,75.230425,157.625653,78.812826,137.026846,28.927890,26.868009,92.246831,102.994034,75.767785,-82.574348,42.272334,15.225205,67.617823,24.718568,24.091648,4.119761,223.900075
