Results,Bus 01,Bus 01,Bus 01,Bus 02,Bus 02,Bus 02,Bus 03,Bus 03,Bus 03,Bus 04,Bus 04,Bus 04,Bus 05,Bus 05,Bus 05,Bus 06,Bus 06,Bus 06,Bus 07,Bus 07,Bus 07,Bus 08,Bus 08,Bus 08,Bus 09,Bus 09,Bus 09,Bus 10,Bus 10,Bus 10,Bus 11,Bus 11,Bus 11,Bus 12,Bus 12,Bus 12,Bus 13,Bus 13,Bus 13,Bus 14,Bus 14,Bus 14,Bus 15,Bus 15,Bus 15,Bus 16,Bus 16,Bus 16,Bus 17,Bus 17,Bus 17,Bus 18,Bus 18,Bus 18,Bus 19,Bus 19,Bus 19,Bus 20,Bus 20,Bus 20,Bus 21,Bus 21,Bus 21,Bus 22,Bus 22,Bus 22,Bus 23,Bus 23,Bus 23,Bus 24,Bus 24,Bus 24,Bus 25,Bus 25,Bus 25,Bus 26,Bus 26,Bus 26,Bus 27,Bus 27,Bus 27,Bus 28,Bus 28,Bus 28,Bus 29,Bus 29,Bus 29,Bus 30,Bus 30,Bus 30,Bus 31,Bus 31,Bus 31,Bus 32,Bus 32,Bus 32,Bus 33,Bus 33,Bus 33,Bus 34,Bus 34,Bus 34,Bus 35,Bus 35,Bus 35,Bus 36,Bus 36,Bus 36,Bus 37,Bus 37,Bus 37,Bus 38,Bus 38,Bus 38,Bus 39,Bus 39,Bus 39,G 01,G 02,G 03,G 04,G 05,G 08,G 09,G 10,G 01,G 02,G 03,G 04,G 05,G 08,G 09,G 10,Load 03,Load 04,Load 07,Load 08,Load 12,Load 15,Load 16,Load 18,Load 20,Load 21,Load 23,Load 24,Load 25,Load 26,Load 27,Load 28,Load 29,Load 31,Load 39,Load 03,Load 04,Load 07,Load 08,Load 12,Load 15,Load 16,Load 18,Load 20,Load 21,Load 23,Load 24,Load 25,Load 26,Load 27,Load 28,Load 29,Load 31,Load 39
"Time in s","u1, Magnitude in p.u.","Electrical Frequency in Hz","U, rel.Angle in deg","u1, Magnitude in p.u.","Electrical Frequency in Hz","U, rel.Angle in deg","u1, Magnitude in p.u.","Electrical Frequency in Hz","U, rel.Angle in deg","u1, Magnitude in p.u.","Electrical Frequency in Hz","U, rel.Angle in deg","u1, Magnitude in p.u.","Electrical Frequency in Hz","U, rel.Angle in deg","u1, Magnitude in p.u.","Electrical Frequency in Hz","U, rel.Angle in deg","u1, Magnitude in p.u.","Electrical Frequency in Hz","U, rel.Angle in deg","u1, Magnitude in p.u.","Electrical Frequency in Hz","U, rel.Angle in deg","u1, Magnitude in p.u.","Electrical Frequency in Hz","U, rel.Angle in deg","u1, Magnitude in p.u.","Electrical Frequency in Hz","U, rel.Angle in deg","u1, Magnitude in p.u.","Electrical Frequency in Hz","U, rel.Angle in deg","u1, Magnitude in p.u.","Electrical Frequency in Hz","U, rel.Angle in deg","u1, Magnitude in p.u.","Electrical Frequency in Hz","U, rel.Angle in deg","u1, Magnitude in p.u.","Electrical Frequency in Hz","U, rel.Angle in deg","u1, Magnitude in p.u.","Electrical Frequency in Hz","U, rel.Angle in deg","u1, Magnitude in p.u.","Electrical Frequency in Hz","U, rel.Angle in deg","u1, Magnitude in p.u.","Electrical Frequency in Hz","U, rel.Angle in deg","u1, Magnitude in p.u.","Electrical Frequency in Hz","U, rel.Angle in deg","u1, Magnitude in p.u.","Electrical Frequency in Hz","U, rel.Angle in deg","u1, Magnitude in p.u.","Electrical Frequency in Hz","U, rel.Angle in deg","u1, Magnitude in p.u.","Electrical Frequency in Hz","U, rel.Angle in deg","u1, Magnitude in p.u.","Electrical Frequency in Hz","U, rel.Angle in deg","u1, Magnitude in p.u.","Electrical Frequency in Hz","U, rel.Angle in deg","u1, Magnitude in p.u.","Electrical Frequency in Hz","U, rel.Angle in deg","u1, Magnitude in p.u.","Electrical Frequency in Hz","U, rel.Angle in deg","u1, Magnitude in p.u.","Electrical Frequency in Hz","U, rel.Angle in deg","u1, Magnitude in p.u.","Electrical Frequency in Hz","U, rel.Angle in deg","u1, Magnitude in p.u.","Electrical Frequency in Hz","U, rel.Angle in deg","u1, Magnitude in p.u.","Electrical Frequency in Hz","U, rel.Angle in deg","u1, Magnitude in p.u.","Electrical Frequency in Hz","U, rel.Angle in deg","u1, Magnitude in p.u.","Electrical Frequency in Hz","U, rel.Angle in deg","u1, Magnitude in p.u.","Electrical Frequency in Hz","U, rel.Angle in deg","u1, Magnitude in p.u.","Electrical Frequency in Hz","U, rel.Angle in deg","u1, Magnitude in p.u.","Electrical Frequency in Hz","U, rel.Angle in deg","u1, Magnitude in p.u.","Electrical Frequency in Hz","U, rel.Angle in deg","u1, Magnitude in p.u.","Electrical Frequency in Hz","U, rel.Angle in deg","u1, Magnitude in p.u.","Electrical Frequency in Hz","U, rel.Angle in deg","u1, Magnitude in p.u.","Electrical Frequency in Hz","U, rel.Angle in deg","u1, Magnitude in p.u.","Electrical Frequency in Hz","U, rel.Angle in deg","Speed in p.u.","Speed in p.u.","Speed in p.u.","Speed in p.u.","Speed in p.u.","Speed in p.u.","Speed in p.u.","Speed in p.u.","firel in deg","firel in deg","firel in deg","firel in deg","firel in deg","firel in deg","firel in deg","firel in deg","Total Active Power in MW","Total Active Power in MW","Total Active Power in MW","Total Active Power in MW","Total Active Power in MW","Total Active Power in MW","Total Active Power in MW","Total Active Power in MW","Total Active Power in MW","Total Active Power in MW","Total Active Power in MW","Total Active Power in MW","Total Active Power in MW","Total Active Power in MW","Total Active Power in MW","Total Active Power in MW","Total Active Power in MW","Total Active Power in MW","Total Active Power in MW","Total Reactive Power in Mvar","Total Reactive Power in Mvar","Total Reactive Power in Mvar","Total Reactive Power in Mvar","Total Reactive Power in Mvar","Total Reactive Power in Mvar","Total Reactive Power in Mvar","Total Reactive Power in Mvar","Total Reactive Power in Mvar","Total Reactive Power in Mvar","Total Reactive Power in Mvar","Total Reactive Power in Mvar","Total Reactive Power in Mvar","Total Reactive Power in Mvar","Total Reactive Power in Mvar","Total Reactive Power in Mvar","Total Reactive Power in Mvar","Total Reactive Power in Mvar","Total Reactive Power in Mvar"
0.000000,1.049431,60.000000,-7.361122,1.053541,60.000000,-4.984819,1.038509,60.000000,-7.513561,1.014809,60.000000,-8.418431,1.015250,60.000000,-7.559474,1.017135,60.000000,-6.980149,1.007760,60.000000,-8.887101,1.006832,60.000000,-9.316986,1.032682,60.000000,-9.046517,1.025403,60.000000,-4.748821,1.021568,60.000000,-5.507734,1.011373,60.000000,-5.469254,1.023325,60.000000,-5.338341,1.021904,60.000000,-6.704352,1.026077,60.000000,-6.755404,1.040657,60.000000,-5.385268,1.042630,60.000000,-6.367046,1.039992,60.000000,-7.181192,1.054456,60.000000,-0.802378,0.995187,60.000000,-1.680508,1.040364,60.000000,-3.260966,1.055231,60.000000,0.675524,1.050688,60.000000,0.501145,1.045590,60.000000,-5.279291,1.061415,60.000000,-3.746059,1.059794,60.000000,-4.791923,1.047051,60.000000,-6.532845,1.056666,60.000000,-1.672815,1.054939,60.000000,0.781358,1.047500,60.000000,-2.827688,0.982000,60.000000,-0.000000,0.983100,60.000000,2.349955,0.997200,60.000000,3.857337,1.012300,60.000000,2.950924,1.049630,60.000000,5.093842,1.063500,60.000000,7.495099,1.027800,60.000000,2.312208,1.026500,60.000000,7.089511,1.030000,60.000000,-8.796257,1.000000,1.000000,1.000000,1.000000,1.000000,1.000000,1.000000,1.000000,-42.642226,0.000000,5.266508,11.685834,3.989094,13.039518,20.310015,-38.263628,288.383297,447.800150,209.391350,467.503357,6.717002,286.592096,294.652499,141.504847,562.436988,245.394482,221.661074,276.382253,200.614467,124.488442,251.663684,184.493662,253.902685,8.239523,988.742731,2.149441,164.790455,75.230425,157.625653,78.812826,137.026846,28.927890,26.868009,92.246831,102.994034,75.767785,-82.574348,42.272334,15.225205,67.617823,24.718568,24.091648,4.119761,223.900075
0.020000,1.049431,60.000000,-7.361122,1.053541,60.000000,-4.984819,1.038509,60.000000,-7.513561,1.014809,60.000000,-8.418431,1.015250,60.000000,-7.559474,1.017135,60.000000,-6.980149,1.007760,60.000000,-8.887101,1.006832,60.000000,-9.316986,1.032682,60.000000,-9.046517,1.025403,60.000000,-4.748821,1.021568,60.000000,-5.507734,1.011373,60.000000,-5.469254,1.023325,60.000000,-5.338341,1.021904,60.000000,-6.704352,1.026077,60.000000,-6.755404,1.040657,60.000000,-5.385268,1.042630,60.000000,-6.367045,1.039992,60.000000,-7.181192,1.054456,60.000000,-0.802378,0.995187,60.000000,-1.680508,1.040364,60.000000,-3.260966,1.055231,60.000000,0.675524,1.050688,60.000000,0.501145,1.045590,60.000000,-5.279291,1.061415,60.000000,-3.746059,1.059794,60.000000,-4.791923,1.047051,60.000000,-6.532845,1.056666,60.000000,-1.672815,1.054939,60.000000,0.781358,1.047500,60.000000,-2.827688,0.982000,60.000000,0.000000,0.983100,60.000000,2.349955,0.997200,60.000000,3.857337,1.012300,60.000000,2.950924,1.049630,60.000000,5.093842,1.063500,60.000000,7.495099,1.027800,60.000000,2.312208,1.026500,60.000000,7.089511,1.030000,60.000000,-8.796257,1.000000,1.000000,1.000000,1.000000,1.000000,1.000000,1.000000,1.000000,-42.642226,0.000000,5.266508,11.685834,3.989094,13.039518,20.310015,-38.263628,288.383297,447.800150,209.391350,467.503357,6.717002,286.592096,294.652499,141.504847,562.436988,245.394482,221.661074,276.382253,200.614467,124.488442,251.663684,184.493662,253.902685,8.239523,988.742731,2.149441,164.790455,75.230425,157.625653,78.812826,137.026846,28.927890,26.868009,92.246831,102.994034,75.767785,-82.574348,42.272334,15.225205,67.617823,24.718568,24.091648,4.119761,223.900075
0.040000,1.049431,60.000000,-7.361122,1.053541,60.000000,-4.984819,1.038509,60.000000,-7.513561,1.014809,60.000000,-8.418431,1.015250,60.000000,-7.559474,1.017135,60.000000,-6.980149,1.007760,60.000000,-8.887101,1.006832,60.000000,-9.316986,1.032682,60.000000,-9.046517,1.025403,60.000000,-4.748821,1.021568,60.000000,-5.507734,1.011373,60.000000,-5.469254,1.023325,60.000000,-5.338341,1.021904,60.000000,-6.704352,1.026077,60.000000,-6.755404,1.040657,60.000000,-5.385268,1.042630,60.000000,-6.367045,1.039992,60.000000,-7.181192,1.054456,60.000000,-0.802378,0.995187,60.000000,-1.680508,1.040364,60.000000,-3.260966,1.055231,60.000000,0.675524,1.050688,60.000000,0.501145,1.045590,60.000000,-5.279291,1.061415,60.000000,-3.746059,1.059794,60.000000,-4.791923,1.047051,60.000000,-6.532845,1.056666,60.000000,-1.672815,1.054939,60.000000,0.781358,1.047500,60.000000,-2.827688,0.982000,60.000000,0.000000,0.983100,60.000000,2.349955,0.997200,60.000000,3.857337,1.012300,60.000000,2.950924,1.049630,60.000000,5.093842,1.063500,60.000000,7.495099,1.027800,60.000000,2.312208,1.026500,60.000000,7.089511,1.030000,60.000000,-8.796257,1.000000,1.000000,1.000000,1.000000,1.000000,1.000000,1.000000,1.000000,-42.642226,0.000000,5.266508,11.685834,3.989094,13.039518,20.310015,-38.263628,288.383297,447.800150,209.391350,467.503357,6.717002,286.592096,294.652499,141.504847,562.436988,245.394482,221.661074,276.382253,200.614467,124.488442,251.663684,184.493662,253.902685,8.239523,988.742731,2.149441,164.790455,75.230425,157.625653,78.812826,137.026846,28.927890,26.868009,92.246831,102.994034,75.767785,-82.574348,42.272334,15.225205,67.617823,24.718568,24.091648,4.119761,223.900075
0.060000,1.049431,60.000000,-7.361122,1.053541,60.000000,-4.984819,1.038509,60.000000,-7.513561,1.014809,60.000000,-8.418431,1.015250,60.000000,-7.559474,1.017135,60.000000,-6.980149,1.007760,60.000000,-8.887101,1.006832,60.000000,-9.316986,1.032682,60.000000,-9.046517,1.025403,60.000000,-4.748821,1.021568,60.000000,-5.507734,1.011373,60.000000,-5.469254,1.023325,60.000000,-5.338341,1.021904,60.000000,-6.704352,1.026077,60.000000,-6.755404,1.040657,60.000000,-5.385268,1.042630,60.000000,-6.367045,1.039992,60.000000,-7.181192,1.054456,60.000000,-0.802378,0.995187,60.000000,-1.680508,1.040364,60.000000,-3.260966,1.055231,60.000000,0.675524,1.050688,60.000000,0.501145,1.045590,60.000000,-5.279291,1.061415,60.000000,-3.746059,1.059794,60.000000,-4.791923,1.047051,60.000000,-6.532845,1.056666,60.000000,-1.672815,1.054939,60.000000,0.781358,1.047500,60.000000,-2.827688,0.982000,60.000000,0.000000,0.983100,60.000000,2.349955,0.997200,60.000000,3.857337,1.012300,60.000000,2.950924,1.049630,60.000000,5.093842,1.063500,60.000000,7.495099,1.027800,60.000000,2.312208,1.026500,60.000000,7.089511,1.030000,60.000000,-8.796257,1.000000,1.000000,1.000000,1.000000,1.000000,1.000000,1.000000,1.000000,-42.642226,0.000000,5.266508,11.685834,3.989094,13.039518,20.310015,-38.263628,288.383297,447.800150,209.391350,467.503357,6.717002,286.592096,294.652499,141.504847,562.436988,245.394482,221.661074,276.382253,200.614467,124.488442,251.663684,184.493662,253.902685,8.239523,988.742731,2.149441,164.790455,75.230425,157.625653,78.812826,137.026846,28.927890,26.868009,92.246831,102.994034,75.767785,-82.574348,42.272334,15.225205,67.617823,24.718568,24.091648,4.119761,223.900075
0.080000,1.049431,60.000000,-7.361122,1.053541,60.000000,-4.984819,1.038509,60.000000,-7.513561,1.014809,60.000000,-8.418431,1.015250,60.000000,-7.559474,1.017135,60.000000,-6.980149,1.007760,60.000000,-8.887101,1.006832,60.000000,-9.316986,1.032682,60.000000,-9.046517,1.025403,60.000000,-4.748821,1.021568,60.000000,-5.507734,1.011373,60.000000,-5.469254,1.023325,60.000000,-5.338341,1.021904,60.000000,-6.704352,1.026077,60.000000,-6.755404,1.040657,60.000000,-5.385268,1.042630,60.000000,-6.367045,1.039992,60.000000,-7.181192,1.054456,60.000000,-0.802378,0.995187,60.000000,-1.680508,1.040364,60.000000,-3.260966,1.055231,60.000000,0.675524,1.050688,60.000000,0.501145,1.045590,60.000000,-5.279291,1.061415,60.000000,-3.746059,1.059794,60.000000,-4.791923,1.047051,60.000000,-6.532845,1.056666,60.000000,-1.672815,1.054939,60.000000,0.781358,1.047500,60.000000,-2.827688,0.982000,60.000000,0.000000,0.983100,60.000000,2.349955,0.997200,60.000000,3.857337,1.012300,60.000000,2.950924,1.049630,60.000000,5.093842,1.063500,60.000000,7.495099,1.027800,60.000000,2.312208,1.026500,60.000000,7.089511,1.030000,60.000000,-8.796257,1.000000,1.000000,1.000000,1.000000,1.000000,1.000000,1.000000,1.000000,-42.642226,0.000000,5.266508,11.685834,3.989094,13.039518,20.310015,-38.263628,288.383297,447.800150,209.391350,467.503357,6.717002,286.592096,294.652499,141.504847,562.436988,245.394482,221.661074,276.382253,200.614467,124.488442,251.663684,184.493662,253.902685,8.239523,988.742731,2.149441,164.790455,75.230425,157.625653,78.812826,137.026846,28.927890,26.868009,92.246831,102.994034,75.767785,-82.574348,42.272334,15.225205,67.617823,24.718568,24.091648,4.119761,223.900075
0.100000,1.049431,60.000000,-7.361122,1.053541,60.000000,-4.984819,1.038509,60.000000,-7.513561,1.014809,60.000000,-8.418431,1.015250,60.000000,-7.559474,1.017135,60.000000,-6.980149,1.007760,60.000000,-8.887101,1.006832,60.000000,-9.316986,1.032682,60.000000,-9.046517,1.025403,60.000000,-4.748821,1.021568,60.000000,-5.507734,1.011373,60.000000,-5.469254,1.023325,60.000000,-5.338341,1.021904,60.000000,-6.704352,1.026077,60.000000,-6.755404,1.040657,60.000000,-5.385268,1.042630,60.000000,-6.367045,1.039992,60.000000,-7.181192,1.054456,60.000000,-0.802378,0.995187,60.000000,-1.680508,1.040364,60.000000,-3.260966,1.055231,60.000000,0.675524,1.050688,60.000000,0.501145,1.045590,60.000000,-5.279291,1.061415,60.000000,-3.746059,1.059794,60.000000,-4.791923,1.047051,60.000000,-6.532845,1.056666,60.000000,-1.672815,1.054939,60.000000,0.781358,1.047500,60.000000,-2.827688,0.982000,60.000000,0.000000,0.983100,60.000000,2.349955,0.997200,60.000000,3.857337,1.012300,60.000000,2.950924,1.049630,60.000000,5.093842,1.063500,60.000000,7.495099,1.027800,60.000000,2.312208,1.026500,60.000000,7.089511,1.030000,60.000000,-8.796257,1.000000,1.000000,1.000000,1.000000,1.000000,1.000000,1.000000,1.000000,-42.642226,0.000000,5.266508,11.685834,3.989094,13.039518,20.310015,-38.263628,288.383297,447.800150,209.391350,467.503357,6.717002,286.592096,294.652499,141.504847,562.436988,245.394482,221.661074,276.382253,200.614467,124.488442,251.663684,184.493662,253.902685,8.239523,988.742731,2.149441,164.790455,75.230425,157.625653,78.812826,137.026846,28.927890,26.868009,92.246831,102.994034,75.767785,-82.574348,42.272334,15.225205,67.617823,24.718568,24.091648,4.119761,223.900075
0.120000,1.049431,60.000000,-7.361122,1.053541,60.000000,-4.984819,1.038509,60.000000,-7.513561,1.014809,60.000000,-8.418431,1.015250,60.000000,-7.559474,1.017135,60.000000,-6.980149,1.007760,60.000000,-8.887101,1.006832,60.000000,-9.316986,1.032682,60.000000,-9.046517,1.025403,60.000000,-4.748821,1.021568,60.000000,-5.507734,1.011373,60.000000,-5.469254,1.023325,60.000000,-5.338341,1.021904,60.000000,-6.704352,1.026077,60.000000,-6.755404,1.040657,60.000000,-5.385268,1.042630,60.000000,-6.367045,1.039992,60.000000,-7.181192,1.054456,60.000000,-0.802378,0.995187,60.000000,-1.680508,1.040364,60.000000,-3.260966,1.055231,60.000000,0.675524,1.050688,60.000000,0.501145,1.045590,60.000000,-5.279291,1.061415,60.000000,-3.746059,1.059794,60.000000,-4.791923,1.047051,60.000000,-6.532845,1.056666,60.000000,-1.672815,1.054939,60.000000,0.781358,1.047500,60.000000,-2.827688,0.982000,60.000000,0.000000,0.983100,60.000000,2.349955,0.997200,60.000000,3.857337,1.012300,60.000000,2.950924,1.049630,60.000000,5.093842,1.063500,60.000000,7.495099,1.027800,60.000000,2.312208,1.026500,60.000000,7.089511,1.030000,60.000000,-8.796257,1.000000,1.000000,1.000000,1.000000,1.000000,1.000000,1.000000,1.000000,-42.642226,0.000000,5.266508,11.685834,3.989094,13.039518,20.310015,-38.263628,288.383297,447.800150,209.391350,467.503357,6.717002,286.592096,294.652499,141.504847,562.436988,245.394482,221.661074,276.382253,200.614467,124.488442,251.663684,184.493662,253.902685,8.239523,988.742731,2.149441,164.790455,75.230425,157.625653,78.812826,137.026846,28.927890,26.868009,92.246831,102.994034,75.767785,-82.574348,42.272334,15.225205,67.617823,24.718568,24.091648,4.119761,223.900075
0.140000,1.049431,60.000000,-7.361122,1.053541,60.000000,-4.984819,1.038509,60.000000,-7.513561,1.014809,60.000000,-8.418431,1.015250,60.000000,-7.559474,1.017135,60.000000,-6.980149,1.007760,60.000000,-8.887101,1.006832,60.000000,-9.316986,1.032682,60.000000,-9.046517,1.025403,60.000000,-4.748821,1.021568,60.000000,-5.507734,1.011373,60.000000,-5.469254,1.023325,60.000000,-5.338341,1.021904,60.000000,-6.704352,1.026077,60.000000,-6.755404,1.040657,60.000000,-5.385268,1.042630,60.000000,-6.367045,1.039992,60.000000,-7.181192,1.054456,60.000000,-0.802378,0.995187,60.000000,-1.680508,1.040364,60.000000,-3.260966,1.055231,60.000000,0.675524,1.050688,60.000000,0.501145,1.045590,60.000000,-5.279291,1.061415,60.000000,-3.746059,1.059794,60.000000,-4.791923,1.047051,60.000000,-6.532845,1.056666,60.000000,-1.672815,1.054939,60.000000,0.781358,1.047500,60.000000,-2.827688,0.982000,60.000000,0.000000,0.983100,60.000000,2.349955,0.997200,60.000000,3.857337,1.012300,60.000000,2.950924,1.049630,60.000000,5.093842,1.063500,60.000000,7.495099,1.027800,60.000000,2.312208,1.026500,60.000000,7.089511,1.030000,60.000000,-8.796257,1.000000,1.000000,1.000000,1.000000,1.000000,1.000000,1.000000,1.000000,-42.642226,0.000000,5.266508,11.685834,3.989094,13.039518,20.310015,-38.263628,288.383297,447.800150,209.391350,467.503357,6.717002,286.592096,294.652499,141.504847,562.436988,245.394482,221.661074,276.382253,200.614467,124.488442,251.663684,184.493662,253.902685,8.239523,988.742731,2.149441,164.790455,75.230425,157.625653,78.812826,137.026846,28.927890,26.868009,92.246831,102.994034,75.767785,-82.574348,42.272334,15.225205,67.617823,24.718568,24.091648,4.119761,223.900075
0.160000,1.049431,60.000000,-7.361122,1.053541,60.000000,-4.984819,1.038509,60.000000,-7.513561,1.014809,60.000000,-8.418431,1.015250,60.000000,-7.559474,1.017135,60.000000,-6.980149,1.007760,60.000000,-8.887101,1.006832,60.000000,-9.316986,1.032682,60.000000,-9.046517,1.025403,60.000000,-4.748821,1.021568,60.000000,-5.507734,1.011373,60.000000,-5.469254,1.023325,60.000000,-5.338341,1.021904,60.000000,-6.704352,1.026077,60.000000,-6.755404,1.040657,60.000000,-5.385268,1.042630,60.000000,-6.367045,1.039992,60.000000,-7.181192,1.054456,60.000000,-0.802378,0.995187,60.000000,-1.680508,1.040364,60.000000,-3.260966,1.055231,60.000000,0.675524,1.050688,60.000000,0.501145,1.045590,60.000000,-5.279291,1.061415,60.000000,-3.746059,1.059794,60.000000,-4.791923,1.047051,60.000000,-6.532845,1.056666,60.000000,-1.672815,1.054939,60.000000,0.781358,1.047500,60.000000,-2.827688,0.982000,60.000000,0.000000,0.983100,60.000000,2.349955,0.997200,60.000000,3.857337,1.012300,60.000000,2.950924,1.049630,60.000000,5.093842,1.063500,60.000000,7.495099,1.027800,60.000000,2.312208,1.026500,60.000000,7.089511,1.030000,60.000000,-8.796257,1.000000,1.000000,1.000000,1.000000,1.000000,1.000000,1.000000,1.000000,-42.642226,0.000000,5.266508,11.685834,3.989094,13.039518,20.310015,-38.263628,288.383297,447.800150,209.391350,467.503357,6.717002,286.592096,294.652499,141.504847,562.436988,245.394482,221.661074,276.382253,200.614467,124.488442,251.663684,184.493662,253.902685,8.239523,988.742731,2.149441,164.790455,75.230425,157.625653,78.812826,137.026846,28.927890,26.868009,92.246831,102.994034,75.767785,-82.574348,42.272334,15.225205,67.617823,24.718568,24.091648,4.119761,223.900075
0.180000,1.049431,60.000000,-7.361122,1.053541,60.000000,-4.984819,1.038509,60.000000,-7.513561,1.014809,60.000000,-8.418431,1.015250,60.000000,-7.559474,1.017135,60.000000,-6.980149,1.007760,60.000000,-8.887101,1.006832,60.000000,-9.316986,1.032682,60.000000,-9.046517,1.025403,60.000000,-4.748821,1.021568,60.000000,-5.507734,1.011373,60.000000,-5.469254,1.023325,60.000000,-5.338341,1.021904,60.000000,-6.704352,1.026077,60.000000,-6.755404,1.040657,60.000000,-5.385268,1.042630,60.000000,-6.367045,1.039992,60.000000,-7.181192,1.054456,60.000000,-0.802378,0.995187,60.000000,-1.680508,1.040364,60.000000,-3.260966,1.055231,60.000000,0.675524,1.050688,60.000000,0.501145,1.045590,60.000000,-5.279291,1.061415,60.000000,-3.746059,1.059794,60.000000,-4.791923,1.047051,60.000000,-6.532845,1.056666,60.000000,-1.672815,1.054939,60.000000,0.781358,1.047500,60.000000,-2.827688,0.982000,60.000000,0.000000,0.983100,60.000000,2.349955,0.997200,60.000000,3.857337,1.012300,60.000000,2.950924,1.049630,60.000000,5.093842,1.063500,60.000000,7.495099,1.027800,60.000000,2.312208,1.026500,60.000000,7.089511,1.030000,60.000000,-8.796257,1.000000,1.000000,1.000000,1.000000,1.000000,1.000000,1.000000,1.000000,-42.642226,0.000000,5.266508,11.685834,3.989094,13.039518,20.310015,-38.263628,288.383297,447.800150,209.391350,467.503357,6.717002,286.592096,294.652499,141.504847,562.436988,245.394482,221.661074,276.382253,200.614467,124.488442,251.663684,184.493662,253.902685,8.239523,988.742731,2.149441,164.790455,75.230425,157.625653,78.812826,137.026846,28.927890,26.868009,92.246831,102.994034,75.767785,-82.574348,42.272334,15.225205,67.617823,24.718568,24.091648,4.119761,223.900075
0.200000,1.049431,60.000000,-7.361122,1.053541,60.000000,-4.984819,1.038509,60.000000,-7.513561,1.014809,60.000000,-8.418431,1.015250,60.000000,-7.559474,1.017135,60.000000,-6.980149,1.007760,60.000000,-8.887101,1.006832,60.000000,-9.316986,1.032682,60.000000,-9.046517,1.025403,60.000000,-4.748821,1.021568,60.000000,-5.507734,1.011373,60.000000,-5.469254,1.023325,60.000000,-5.338341,1.021904,60.000000,-6.704352,1.026077,60.000000,-6.755404,1.040657,60.000000,-5.385268,1.042630,60.000000,-6.367045,1.039992,60.000000,-7.181192,1.054456,60.000000,-0.802378,0.995187,60.000000,-1.680508,1.040364,60.000000,-3.260966,1.055231,60.000000,0.675524,1.050688,60.000000,0.501145,1.045590,60.000000,-5.279291,1.061415,60.000000,-3.746059,1.059794,60.000000,-4.791923,1.047051,60.000000,-6.532845,1.056666,60.000000,-1.672815,1.054939,60.000000,0.781358,1.047500,60.000000,-2.827688,0.982000,60.000000,0.000000,0.983100,60.000000,2.349955,0.997200,60.000000,3.857337,1.012300,60.000000,2.950924,1.049630,60.000000,5.093842,1.063500,60.000000,7.495099,1.027800,60.000000,2.312208,1.026500,60.000000,7.089511,1.030000,60.000000,-8.796257,1.000000,1.000000,1.000000,1.000000,1.000000,1.000000,1.000000,1.000000,-42.642226,0.000000,5.266508,11.685834,3.989094,13.039518,20.310015,-38.263628,288.383297,447.800150,209.391350,467.503357,6.717002,286.592096,294.652499,141.504847,562.436988,245.394482,221.661074,276.382253,200.614467,124.488442,251.663684,184.493662,253.902685,8.239523,988.742731,2.149441,164.790455,75.230425,157.625653,78.812826,137.026846,28.927890,26.868009,92.246831,102.994034,75.767785,-82.574348,42.272334,15.225205,67.617823,24.718568,24.091648,4.119761,223.900075
0.220000,1.049431,60.000000,-7.361122,1.053541,60.000000,-4.984819,1.038509,60.000000,-7.513561,1.014809,60.000000,-8.418431,1.015250,60.000000,-7.559474,1.017135,60.000000,-6.980149,1.007760,60.000000,-8.887101,1.006832,60.000000,-9.316986,1.032682,60.000000,-9.046517,1.025403,60.000000,-4.748821,1.021568,60.000000,-5.507734,1.011373,60.000000,-5.469254,1.023325,60.000000,-5.338341,1.021904,60.000000,-6.704352,1.026077,60.000000,-6.755404,1.040657,60.000000,-5.385268,1.042630,60.000000,-6.367045,1.039992,60.000000,-7.181192,1.054456,60.000000,-0.802378,0.995187,60.000000,-1.680508,1.040364,60.000000,-3.260966,1.055231,60.000000,0.675524,1.050688,60.000000,0.501145,1.045590,60.000000,-5.279291,1.061415,60.000000,-3.746059,1.059794,60.000000,-4.791923,1.047051,60.000000,-6.532845,1.056666,60.000000,-1.672815,1.054939,60.000000,0.781358,1.047500,60.000000,-2.827688,0.982000,60.000000,0.000000,0.983100,60.000000,2.349955,0.997200,60.000000,3.857337,1.012300,60.000000,2.950924,1.049630,60.000000,5.093842,1.063500,60.000000,7.495099,1.027800,60.000000,2.312208,1.026500,60.000000,7.089511,1.030000,60.000000,-8.796257,1.000000,1.000000,1.000000,1.000000,1.000000,1.000000,1.000000,1.000000,-42.642226,0.000000,5.266508,11.685834,3.989094,13.039518,20.310015,-38.263628,288.383297,447.800150,209.391350,467.503357,6.717002,286.592096,294.652499,141.504847,562.436988,245.394482,221.661074,276.382253,200.614467,124.488442,251.663684,184.493662,253.902685,8.239523,988.742731,2.149441,164.790455,75.230425,157.625653,78.812826,137.026846,28.927890,26.868009,92.246831,102.994034,75.767785,-82.574348,42.272334,15.225205,67.617823,24.718568,24.091648,4.119761,223.900075
0.240000,1.049431,60.000000,-7.361122,1.053541,60.000000,-4.984819,1.038509,60.000000,-7.513561,1.014809,60.000000,-8.418431,1.015250,60.000000,-7.559474,1.017135,60.000000,-6.980149,1.007760,60.000000,-8.887101,1.006832,60.000000,-9.316986,1.032682,60.000000,-9.046517,1.025403,60.000000,-4.748821,1.021568,60.000000,-5.507734,1.011373,60.000000,-5.469254,1.023325,60.000000,-5.338341,1.021904,60.000000,-6.704352,1.026077,60.000000,-6.755404,1.040657,60.000000,-5.385268,1.042630,60.000000,-6.367045,1.039992,60.000000,-7.181192,1.054456,60.000000,-0.802378,0.995187,60.000000,-1.680508,1.040364,60.000000,-3.260966,1.055231,60.000000,0.675524,1.050688,60.000000,0.501145,1.045590,60.000000,-5.279291,1.061415,60.000000,-3.746059,1.059794,60.000000,-4.791923,1.047051,60.000000,-6.532845,1.056666,60.000000,-1.672815,1.054939,60.000000,0.781358,1.047500,60.000000,-2.827688,0.982000,60.000000,0.000000,0.983100,60.000000,2.349955,0.997200,60.000000,3.857337,1.012300,60.000000,2.950924,1.049630,60.000000,5.093842,1.063500,60.000000,7.495099,1.027800,60.000000,2.312208,1.026500,60.000000,7.089511,1.030000,60.000000,-8.796257,1.000000,1.000000,1.000000,1.000000,1.000000,1.000000,1.000000,1.000000,-42.642226,0.000000,5.266508,11.685834,3.989094,13.039518,20.310015,-38.263628,288.383297,447.800150,209.391350,467.503357,6.717002,286.592096,294.652499,141.504847,562.436988,245.394482,221.661074,276.382253,200.614467,124.488442,251.663684,184.493662,253.902685,8.239523,988.742731,2.149441,164.790455,75.230425,157.625653,78.812826,137.026846,28.927890,26.868009,92.246831,102.994034,75.767785,-82.574348,42.272334,15.225205,67.617823,24.718568,24.091648,4.119761,223.900075
0.260000,1.049431,60.000000,-7.361122,1.053541,60.000000,-4.984819,1.038509,60.000000,-7.513561,1.014809,60.000000,-8.418431,1.015250,60.000000,-7.559474,1.017135,60.000000,-6.980149,1.007760,60.000000,-8.887101,1.006832,60.000000,-9.316986,1.032682,60.000000,-9.046517,1.025403,60.000000,-4.748821,1.021568,60.000000,-5.507734,1.011373,60.000000,-5.469254,1.023325,60.000000,-5.338341,1.021904,60.000000,-6.704352,1.026077,60.000000,-6.755404,1.040657,60.000000,-5.385268,1.042630,60.000000,-6.367045,1.039992,60.000000,-7.181192,1.054456,60.000000,-0.802378,0.995187,60.000000,-1.680508,1.040364,60.000000,-3.260966,1.055231,60.000000,0.675524,1.050688,60.000000,0.501145,1.045590,60.000000,-5.279291,1.061415,60.000000,-3.746059,1.059794,60.000000,-4.791923,1.047051,60.000000,-6.532845,1.056666,60.000000,-1.672815,1.054939,60.000000,0.781358,1.047500,60.000000,-2.827688,0.982000,60.000000,0.000000,0.983100,60.000000,2.349955,0.997200,60.000000,3.857337,1.012300,60.000000,2.950924,1.049630,60.000000,5.093842,1.063500,60.000000,7.495099,1.027800,60.000000,2.312208,1.026500,60.000000,7.089511,1.030000,60.000000,-8.796257,1.000000,1.000000,1.000000,1.000000,1.000000,1.000000,1.000000,1.000000,-42.642226,0.000000,5.266508,11.685834,3.989094,13.039518,20.310015,-38.263628,288.383297,447.800150,209.391350,467.503357,6.717002,286.592096,294.652499,141.504847,562.436988,245.394482,221.661074,276.382253,200.614467,124.488442,251.663684,184.493662,253.902685,8.239523,988.742731,2.149441,164.790455,75.230425,157.625653,78.812826,137.026846,28.927890,26.868009,92.246831,102.994034,75.767785,-82.574348,42.272334,15.225205,67.617823,24.718568,24.091648,4.119761,223.900075
0.280000,1.049431,60.000000,-7.361122,1.053541,60.000000,-4.984819,1.038509,60.000000,-7.513561,1.014809,60.000000,-8.418431,1.015250,60.000000,-7.559474,1.017135,60.000000,-6.980149,1.007760,60.000000,-8.887101,1.006832,60.000000,-9.316986,1.032682,60.000000,-9.046517,1.025403,60.000000,-4.748821,1.021568,60.000000,-5.507734,1.011373,60.000000,-5.469254,1.023325,60.000000,-5.338341,1.021904,60.000000,-6.704352,1.026077,60.000000,-6.755404,1.040657,60.000000,-5.385268,1.042630,60.000000,-6.367045,1.039992,60.000000,-7.181192,1.054456,60.000000,-0.802378,0.995187,60.000000,-1.680508,1.040364,60.000000,-3.260966,1.055231,60.000000,0.675524,1.050688,60.000000,0.501145,1.045590,60.000000,-5.279291,1.061415,60.000000,-3.746059,1.059794,60.000000,-4.791923,1.047051,60.000000,-6.532845,1.056666,60.000000,-1.672815,1.054939,60.000000,0.781358,1.047500,60.000000,-2.827688,0.982000,60.000000,0.000000,0.983100,60.000000,2.349955,0.997200,60.000000,3.857337,1.012300,60.000000,2.950924,1.049630,60.000000,5.093842,1.063500,60.000000,7.495099,1.027800,60.000000,2.312208,1.026500,60.000000,7.089511,1.030000,60.000000,-8.796257,1.000000,1.000000,1.000000,1.000000,1.000000,1.000000,1.000000,1.000000,-42.642226,0.000000,5.266508,11.685834,3.989094,13.039518,20.310015,-38.263628,288.383297,447.800150,209.391350,467.503357,6.717002,286.592096,294.652499,141.504847,562.436988,245.394482,221.661074,276.382253,200.614467,124.488442,251.663684,184.493662,253.902685,8.239523,988.742731,2.149441,164.790455,75.230425,157.625653,78.812826,137.026846,28.927890,26.868009,92.246831,102.994034,75.767785,-82.574348,42.272334,15.225205,67.617823,24.718568,24.091648,4.119761,223.900075
0.300000,1.049431,60.000000,-7.361122,1.053541,60.000000,-4.984819,1.038509,60.000000,-7.513561,1.014809,60.000000,-8.418431,1.015250,60.000000,-7.559474,1.017135,60.000000,-6.980149,1.007760,60.000000,-8.887101,1.006832,60.000000,-9.316986,1.032682,60.000000,-9.046517,1.025403,60.000000,-4.748821,1.021568,60.000000,-5.507734,1.011373,60.000000,-5.469254,1.023325,60.000000,-5.338341,1.021904,60.000000,-6.704352,1.026077,60.000000,-6.755404,1.040657,60.000000,-5.385268,1.042630,60.000000,-6.367045,1.039992,60.000000,-7.181192,1.054456,60.000000,-0.802378,0.995187,60.000000,-1.680508,1.040364,60.000000,-3.260966,1.055231,60.000000,0.675524,1.050688,60.000000,0.501145,1.045590,60.000000,-5.279291,1.061415,60.000000,-3.746059,1.059794,60.000000,-4.791923,1.047051,60.000000,-6.532845,1.056666,60.000000,-1.672815,1.054939,60.000000,0.781358,1.047500,60.000000,-2.827688,0.982000,60.000000,0.000000,0.983100,60.000000,2.349955,0.997200,60.000000,3.857337,1.012300,60.000000,2.950924,1.049630,60.000000,5.093842,1.063500,60.000000,7.495099,1.027800,60.000000,2.312208,1.026500,60.000000,7.089511,1.030000,60.000000,-8.796257,1.000000,1.000000,1.000000,1.000000,1.000000,1.000000,1.000000,1.000000,-42.642226,0.000000,5.266508,11.685834,3.989094,13.039518,20.310015,-38.263628,288.383297,447.800150,209.391350,467.503357,6.717002,286.592096,294.652499,141.504847,562.436988,245.394482,221.661074,276.382253,200.614467,124.488442,251.663684,184.493662,253.902685,8.239523,988.742731,2.149441,164.790455,75.230425,157.625653,78.812826,137.026846,28.927890,26.868009,92.246831,102.994034,75.767785,-82.574348,42.272334,15.225205,67.617823,24.718568,24.091648,4.119761,223.900075
0.320000,1.049431,60.000000,-7.361122,1.053541,60.000000,-4.984819,1.038509,60.000000,-7.513561,1.014809,60.000000,-8.418431,1.015250,60.000000,-7.559474,1.017135,60.000000,-6.980149,1.007760,60.000000,-8.887101,1.006832,60.000000,-9.316986,1.032682,60.000000,-9.046517,1.025403,60.000000,-4.748821,1.021568,60.000000,-5.507734,1.011373,60.000000,-5.469254,1.023325,60.000000,-5.338341,1.021904,60.000000,-6.704352,1.026077,60.000000,-6.755404,1.040657,60.000000,-5.385268,1.042630,60.000000,-6.367045,1.039992,60.000000,-7.181192,1.054456,60.000000,-0.802378,0.995187,60.000000,-1.680508,1.040364,60.000000,-3.260966,1.055231,60.000000,0.675524,1.050688,60.000000,0.501145,1.045590,60.000000,-5.279291,1.061415,60.000000,-3.746059,1.059794,60.000000,-4.791923,1.047051,60.000000,-6.532845,1.056666,60.000000,-1.672815,1.054939,60.000000,0.781358,1.047500,60.000000,-2.827688,0.982000,60.000000,0.000000,0.983100,60.000000,2.349955,0.997200,60.000000,3.857337,1.012300,60.000000,2.950924,1.049630,60.000000,5.093842,1.063500,60.000000,7.495099,1.027800,60.000000,2.312208,1.026500,60.000000,7.089511,1.030000,60.000000,-8.796257,1.000000,1.000000,1.000000,1.000000,1.000000,1.000000,1.000000,1.000000,-42.642226,0.000000,5.266508,11.685834,3.989094,13.039518,20.310015,-38.263628,288.383297,447.800150,209.391350,467.503357,6.717002,286.592096,294.652499,141.504847,562.436988,245.394482,221.661074,276.382253,200.614467,124.488442,251.663684,184.493662,253.902685,8.239523,988.742731,2.149441,164.790455,75.230425,157.625653,78.812826,137.026846,28.927890,26.868009,92.246831,102.994034,75.767785,-82.574348,42.272334,15.225205,67.617823,24.718568,24.091648,4.119761,223.900075
0.340000,1.049431,60.000000,-7.361122,1.053541,60.000000,-4.984819,1.038509,60.000000,-7.513561,1.014809,60.000000,-8.418431,1.015250,60.000000,-7.559474,1.017135,60.000000,-6.980149,1.007760,60.000000,-8.887101,1.006832,60.000000,-9.316986,1.032682,60.000000,-9.046517,1.025403,60.000000,-4.748821,1.021568,60.000000,-5.507734,1.011373,60.000000,-5.469254,1.023325,60.000000,-5.338341,1.021904,60.000000,-6.704352,1.026077,60.000000,-6.755404,1.040657,60.000000,-5.385268,1.042630,60.000000,-6.367045,1.039992,60.000000,-7.181192,1.054456,60.000000,-0.802378,0.995187,60.000000,-1.680508,1.040364,60.000000,-3.260966,1.055231,60.000000,0.675524,1.050688,60.000000,0.501145,1.045590,60.000000,-5.279291,1.061415,60.000000,-3.746059,1.059794,60.000000,-4.791923,1.047051,60.000000,-6.532845,1.056666,60.000000,-1.672815,1.054939,60.000000,0.781358,1.047500,60.000000,-2.827688,0.982000,60.000000,0.000000,0.983100,60.000000,2.349955,0.997200,60.000000,3.857337,1.012300,60.000000,2.950924,1.049630,60.000000,5.093842,1.063500,60.000000,7.495099,1.027800,60.000000,2.312208,1.026500,60.000000,7.089511,1.030000,60.000000,-8.796257,1.000000,1.000000,1.000000,1.000000,1.000000,1.000000,1.000000,1.000000,-42.642226,0.000000,5.266508,11.685834,3.989094,13.039518,20.310015,-38.263628,288.383297,447.800150,209.391350,467.503357,6.717002,286.592096,294.652499,141.504847,562.436988,245.394482,221.661074,276.382253,200.614467,124.488442,251.663684,184.493662,253.902685,8.239523,988.742731,2.149441,164.790455,75.230425,157.625653,78.812826,137.026846,28.927890,26.868009,92.246831,102.994034,75.767785,-82.574348,42.272334,15.225205,67.617823,24.718568,24.091648,4.119761,223.900075
0.360000,1.049431,60.000000,-7.361122,1.053541,60.000000,-4.984819,1.038509,60.000000,-7.513561,1.014809,60.000000,-8.418431,1.015250,60.000000,-7.559474,1.017135,60.000000,-6.980149,1.007760,60.000000,-8.887101,1.006832,60.000000,-9.316986,1.032682,60.000000,-9.046517,1.025403,60.000000,-4.748821,1.021568,60.000000,-5.507734,1.011373,60.000000,-5.469254,1.023325,60.000000,-5.338341,1.021904,60.000000,-6.704352,1.026077,60.000000,-6.755404,1.040657,60.000000,-5.385268,1.042630,60.000000,-6.367045,1.039992,60.000000,-7.181192,1.054456,60.000000,-0.802378,0.995187,60.000000,-1.680508,1.040364,60.000000,-3.260966,1.055231,60.000000,0.675524,1.050688,60.000000,0.501145,1.045590,60.000000,-5.279291,1.061415,60.000000,-3.746059,1.059794,60.000000,-4.791923,1.047051,60.000000,-6.532845,1.056666,60.000000,-1.672815,1.054939,60.000000,0.781358,1.047500,60.000000,-2.827688,0.982000,60.000000,0.000000,0.983100,60.000000,2.349955,0.997200,60.000000,3.857337,1.012300,60.000000,2.950924,1.049630,60.000000,5.093842,1.063500,60.000000,7.495099,1.027800,60.000000,2.312208,1.026500,60.000000,7.089511,1.030000,60.000000,-8.796257,1.000000,1.000000,1.000000,1.000000,1.000000,1.000000,1.000000,1.000000,-42.642226,0.000000,5.266508,11.685834,3.989094,13.039518,20.310015,-38.263628,288.383297,447.800150,209.391350,467.503357,6.717002,286.592096,294.652499,141.504847,562.436988,245.394482,221.661074,276.382253,200.614467,124.488442,251.663684,184.493662,253.902685,8.239523,988.742731,2.149441,164.790455,75.230425,157.625653,78.812826,137.026846,28.927890,26.868009,92.246831,102.994034,75.767785,-82.574348,42.272334,15.225205,67.617823,24.718568,24.091648,4.119761,223.900075
0.380000,1.049431,60.000000,-7.361122,1.053541,60.000000,-4.984819,1.038509,60.000000,-7.513561,1.014809,60.000000,-8.418431,1.015250,60.000000,-7.559474,1.017135,60.000000,-6.980149,1.007760,60.000000,-8.887101,1.006832,60.000000,-9.316986,1.032682,60.000000,-9.046517,1.025403,60.000000,-4.748821,1.021568,60.000000,-5.507734,1.011373,60.000000,-5.469254,1.023325,60.000000,-5.338341,1.021904,60.000000,-6.704352,1.026077,60.000000,-6.755404,1.040657,60.000000,-5.385268,1.042630,60.000000,-6.367045,1.039992,60.000000,-7.181192,1.054456,60.000000,-0.802378,0.995187,60.000000,-1.680508,1.040364,60.000000,-3.260966,1.055231,60.000000,0.675524,1.050688,60.000000,0.501145,1.045590,60.000000,-5.279291,1.061415,60.000000,-3.746059,1.059794,60.000000,-4.791923,1.047051,60.000000,-6.532845,1.056666,60.000000,-1.672815,1.054939,60.000000,0.781358,1.047500,60.000000,-2.827688,0.982000,60.000000,0.000000,0.983100,60.000000,2.349955,0.997200,60.000000,3.857337,1.012300,60.000000,2.950924,1.049630,60.000000,5.093842,1.063500,60.000000,7.495099,1.027800,60.000000,2.312208,1.026500,60.000000,7.089511,1.030000,60.000000,-8.796257,1.000000,1.000000,1.000000,1.000000,1.000000,1.000000,1.000000,1.000000,-42.642226,0.000000,5.266508,11.685834,3.989094,13.039518,20.310015,-38.263628,288.383297,447.800150,209.391350,467.503357,6.717002,286.592096,294.652499,141.504847,562.436988,245.394482,221.661074,276.382253,200.614467,124.488442,251.663684,184.493662,253.902685,8.239523,988.742731,2.149441,164.790455,75.230425,157.625653,78.812826,137.026846,28.927890,26.868009,92.246831,102.994034,75.767785,-82.574348,42.272334,15.225205,67.617823,24.718568,24.091648,4.119761,223.900075
0.400000,1.049431,60.000000,-7.361122,1.053541,60.000000,-4.984819,1.038509,60.000000,-7.513561,1.014809,60.000000,-8.418431,1.015250,60.000000,-7.559474,1.017135,60.000000,-6.980149,1.007760,60.000000,-8.887101,1.006832,60.000000,-9.316986,1.032682,60.000000,-9.046517,1.025403,60.000000,-4.748821,1.021568,60.000000,-5.507734,1.011373,60.000000,-5.469254,1.023325,60.000000,-5.338341,1.021904,60.000000,-6.704352,1.026077,60.000000,-6.755404,1.040657,60.000000,-5.385268,1.042630,60.000000,-6.367045,1.039992,60.000000,-7.181192,1.054456,60.000000,-0.802378,0.995187,60.000000,-1.680508,1.040364,60.000000,-3.260966,1.055231,60.000000,0.675524,1.050688,60.000000,0.501145,1.045590,60.000000,-5.279291,1.061415,60.000000,-3.746059,1.059794,60.000000,-4.791923,1.047051,60.000000,-6.532845,1.056666,60.000000,-1.672815,1.054939,60.000000,0.781358,1.047500,60.000000,-2.827688,0.982000,60.000000,0.000000,0.983100,60.000000,2.349955,0.997200,60.000000,3.857337,1.012300,60.000000,2.950924,1.049630,60.000000,5.093842,1.063500,60.000000,7.495099,1.027800,60.000000,2.312208,1.026500,60.000000,7.089511,1.030000,60.000000,-8.796257,1.000000,1.000000,1.000000,1.000000,1.000000,1.000000,1.000000,1.000000,-42.642226,0.000000,5.266508,11.685834,3.989094,13.039518,20.310015,-38.263628,288.383297,447.800150,209.391350,467.503357,6.717002,286.592096,294.652499,141.504847,562.436988,245.394482,221.661074,276.382253,200.614467,124.488442,251.663684,184.493662,253.902685,8.239523,988.742731,2.149441,164.790455,75.230425,157.625653,78.812826,137.026846,28.927890,26.868009,92.246831,102.994034,75.767785,-82.574348,42.272334,15.225205,67.617823,24.718568,24.091648,4.119761,223.900075
0.420000,1.049431,60.000000,-7.361122,1.053541,60.000000,-4.984819,1.038509,60.000000,-7.513561,1.014809,60.000000,-8.418431,1.015250,60.000000,-7.559474,1.017135,60.000000,-6.980149,1.007760,60.000000,-8.887101,1.006832,60.000000,-9.316986,1.032682,60.000000,-9.046517,1.025403,60.000000,-4.748821,1.021568,60.000000,-5.507734,1.011373,60.000000,-5.469254,1.023325,60.000000,-5.338341,1.021904,60.000000,-6.704352,1.026077,60.000000,-6.755404,1.040657,60.000000,-5.385268,1.042630,60.000000,-6.367045,1.039992,60.000000,-7.181192,1.054456,60.000000,-0.802378,0.995187,60.000000,-1.680508,1.040364,60.000000,-3.260966,1.055231,60.000000,0.675524,1.050688,60.000000,0.501145,1.045590,60.000000,-5.279291,1.061415,60.000000,-3.746059,1.059794,60.000000,-4.791923,1.047051,60.000000,-6.532845,1.056666,60.000000,-1.672815,1.054939,60.000000,0.781358,1.047500,60.000000,-2.827688,0.982000,60.000000,0.000000,0.983100,60.000000,2.349955,0.997200,60.000000,3.857337,1.012300,60.000000,2.950924,1.049630,60.000000,5.093842,1.063500,60.000000,7.495099,1.027800,60.000000,2.312208,1.026500,60.000000,7.089511,1.030000,60.000000,-8.796257,1.000000,1.000000,1.000000,1.000000,1.000000,1.000000,1.000000,1.000000,-42.642226,0.000000,5.266508,11.685834,3.989094,13.039518,20.310015,-38.263628,288.383297,447.800150,209.391350,467.503357,6.717002,286.592096,294.652499,141.504847,562.436988,245.394482,221.661074,276.382253,200.614467,124.488442,251.663684,184.493662,253.902685,8.239523,988.742731,2.149441,164.790455,75.230425,157.625653,78.812826,137.026846,28.927890,26.868009,92.246831,102.994034,75.767785,-82.574348,42.272334,15.225205,67.617823,24.718568,24.091648,4.119761,223.900075
0.440000,1.049431,60.000000,-7.361122,1.053541,60.000000,-4.984819,1.038509,60.000000,-7.513561,1.014809,60.000000,-8.418431,1.015250,60.000000,-7.559474,1.017135,60.000000,-6.980149,1.007760,60.000000,-8.887101,1.006832,60.000000,-9.316986,1.032682,60.000000,-9.046517,1.025403,60.000000,-4.748821,1.021568,60.000000,-5.507734,1.011373,60.000000,-5.469254,1.023325,60.000000,-5.338341,1.021904,60.000000,-6.704352,1.026077,60.000000,-6.755404,1.040657,60.000000,-5.385268,1.042630,60.000000,-6.367045,1.039992,60.000000,-7.181192,1.054456,60.000000,-0.802378,0.995187,60.000000,-1.680508,1.040364,60.000000,-3.260966,1.055231,60.000000,0.675524,1.050688,60.000000,0.501145,1.045590,60.000000,-5.279291,1.061415,60.000000,-3.746059,1.059794,60.000000,-4.791923,1.047051,60.000000,-6.532845,1.056666,60.000000,-1.672815,1.054939,60.000000,0.781358,1.047500,60.000000,-2.827688,0.982000,60.000000,0.000000,0.983100,60.000000,2.349955,0.997200,60.000000,3.857337,1.012300,60.000000,2.950924,1.049630,60.000000,5.093842,1.063500,60.000000,7.495099,1.027800,60.000000,2.312208,1.026500,60.000000,7.089511,1.030000,60.000000,-8.796257,1.000000,1.000000,1.000000,1.000000,1.000000,1.000000,1.000000,1.000000,-42.642226,0.000000,5.266508,11.685834,3.989094,13.039518,20.310015,-38.263628,288.383297,447.800150,209.391350,467.503357,6.717002,286.592096,294.652499,141.504847,562.436988,245.394482,221.661074,276.382253,200.614467,124.488442,251.663684,184.493662,253.902685,8.239523,988.742731,2.149441,164.790455,75.230425,157.625653,78.812826,137.026846,28.927890,26.868009,92.246831,102.994034,75.767785,-82.574348,42.272334,15.225205,67.617823,24.718568,24.091648,4.119761,223.900075
0.460000,1.049431,60.000000,-7.361122,1.053541,60.000000,-4.984819,1.038509,60.000000,-7.513561,1.014809,60.000000,-8.418431,1.015250,60.000000,-7.559474,1.017135,60.000000,-6.980149,1.007760,60.000000,-8.887101,1.006832,60.000000,-9.316986,1.032682,60.000000,-9.046517,1.025403,60.000000,-4.748821,1.021568,60.000000,-5.507734,1.011373,60.000000,-5.469254,1.023325,60.000000,-5.338341,1.021904,60.000000,-6.704352,1.026077,60.000000,-6.755404,1.040657,60.000000,-5.385268,1.042630,60.000000,-6.367045,1.039992,60.000000,-7.181192,1.054456,60.000000,-0.802378,0.995187,60.000000,-1.680508,1.040364,60.000000,-3.260966,1.055231,60.000000,0.675524,1.050688,60.000000,0.501145,1.045590,60.000000,-5.279291,1.061415,60.000000,-3.746059,1.059794,60.000000,-4.791923,1.047051,60.000000,-6.532845,1.056666,60.000000,-1.672815,1.054939,60.000000,0.781358,1.047500,60.000000,-2.827688,0.982000,60.000000,0.000000,0.983100,60.000000,2.349955,0.997200,60.000000,3.857337,1.012300,60.000000,2.950924,1.049630,60.000000,5.093842,1.063500,60.000000,7.495099,1.027800,60.000000,2.312208,1.026500,60.000000,7.089511,1.030000,60.000000,-8.796257,1.000000,1.000000,1.000000,1.000000,1.000000,1.000000,1.000000,1.000000,-42.642226,0.000000,5.266508,11.685834,3.989094,13.039518,20.310015,-38.263628,288.383297,447.800150,209.391350,467.503357,6.717002,286.592096,294.652499,141.504847,562.436988,245.394482,221.661074,276.382253,200.614467,124.488442,251.663684,184.493662,253.902685,8.239523,988.742731,2.149441,164.790455,75.230425,157.625653,78.812826,137.026846,28.927890,26.868009,92.246831,102.994034,75.767785,-82.574348,42.272334,15.225205,67.617823,24.718568,24.091648,4.119761,223.900075
0.480000,1.049431,60.000000,-7.361122,1.053541,60.000000,-4.984819,1.038509,60.000000,-7.513561,1.014809,60.000000,-8.418431,1.015250,60.000000,-7.559474,1.017135,60.000000,-6.980149,1.007760,60.000000,-8.887101,1.006832,60.000000,-9.316986,1.032682,60.000000,-9.046517,1.025403,60.000000,-4.748821,1.021568,60.000000,-5.507734,1.011373,60.000000,-5.469254,1.023325,60.000000,-5.338341,1.021904,60.000000,-6.704352,1.026077,60.000000,-6.755404,1.040657,60.000000,-5.385268,1.042630,60.000000,-6.367045,1.039992,60.000000,-7.181192,1.054456,60.000000,-0.802378,0.995187,60.000000,-1.680508,1.040364,60.000000,-3.260966,1.055231,60.000000,0.675524,1.050688,60.000000,0.501145,1.045590,60.000000,-5.279291,1.061415,60.000000,-3.746059,1.059794,60.000000,-4.791923,1.047051,60.000000,-6.532845,1.056666,60.000000,-1.672815,1.054939,60.000000,0.781358,1.047500,60.000000,-2.827688,0.982000,60.000000,0.000000,0.983100,60.000000,2.349955,0.997200,60.000000,3.857337,1.012300,60.000000,2.950924,1.049630,60.000000,5.093842,1.063500,60.000000,7.495099,1.027800,60.000000,2.312208,1.026500,60.000000,7.089511,1.030000,60.000000,-8.796257,1.000000,1.000000,1.000000,1.000000,1.000000,1.000000,1.000000,1.000000,-42.642226,0.000000,5.266508,11.685834,3.989094,13.039518,20.310015,-38.263628,288.383297,447.800150,209.391350,467.503357,6.717002,286.592096,294.652499,141.504847,562.436988,245.394482,221.661074,276.382253,200.614467,124.488442,251.663684,184.493662,253.902685,8.239523,988.742731,2.149441,164.790455,75.230425,157.625653,78.812826,137.026846,28.927890,26.868009,92.246831,102.994034,75.767785,-82.574348,42.272334,15.225205,67.617823,24.718568,24.091648,4.119761,223.900075
0.500000,1.049431,60.000000,-7.361122,1.053541,60.000000,-4.984819,1.038509,60.000000,-7.513561,1.014809,60.000000,-8.418431,1.015250,60.000000,-7.559474,1.017135,60.000000,-6.980149,1.007760,60.000000,-8.887101,1.006832,60.000000,-9.316986,1.032682,60.000000,-9.046517,1.025403,60.000000,-4.748821,1.021568,60.000000,-5.507734,1.011373,60.000000,-5.469254,1.023325,60.000000,-5.338341,1.021904,60.000000,-6.704352,1.026077,60.000000,-6.755404,1.040657,60.000000,-5.385268,1.042630,60.000000,-6.367045,1.039992,60.000000,-7.181192,1.054456,60.000000,-0.802378,0.995187,60.000000,-1.680508,1.040364,60.000000,-3.260966,1.055231,60.000000,0.675524,1.050688,60.000000,0.501145,1.045590,60.000000,-5.279291,1.061415,60.000000,-3.746059,1.059794,60.000000,-4.791923,1.047051,60.000000,-6.532845,1.056666,60.000000,-1.672815,1.054939,60.000000,0.781358,1.047500,60.000000,-2.827688,0.982000,60.000000,0.000000,0.983100,60.000000,2.349955,0.997200,60.000000,3.857337,1.012300,60.000000,2.950924,1.049630,60.000000,5.093842,1.063500,60.000000,7.495099,1.027800,60.000000,2.312208,1.026500,60.000000,7.089511,1.030000,60.000000,-8.796257,1.000000,1.000000,1.000000,1.000000,1.000000,1.000000,1.000000,1.000000,-42.642226,0.000000,5.266508,11.685834,3.989094,13.039518,20.310015,-38.263628,288.383297,447.800150,209.391350,467.503357,6.717002,286.592096,294.652499,141.504847,562.436988,245.394482,221.661074,276.382253,200.614467,124.488442,251.663684,184.493662,253.902685,8.239523,988.742731,2.149441,164.790455,75.230425,157.625653,78.812826,137.026846,28.927890,26.868009,92.246831,102.994034,75.767785,-82.574348,42.272334,15.225205,67.617823,24.718568,24.091648,4.119761,223.900075
0.520000,1.049431,60.000000,-7.361122,1.053541,60.000000,-4.984819,1.038509,60.000000,-7.513561,1.014809,60.000000,-8.418431,1.015250,60.000000,-7.559474,1.017135,60.000000,-6.980149,1.007760,60.000000,-8.887101,1.006832,60.000000,-9.316986,1.032682,60.000000,-9.046517,1.025403,60.000000,-4.748821,1.021568,60.000000,-5.507734,1.011373,60.000000,-5.469254,1.023325,60.000000,-5.338341,1.021904,60.000000,-6.704352,1.026077,60.000000,-6.755404,1.040657,60.000000,-5.385268,1.042630,60.000000,-6.367045,1.039992,60.000000,-7.181192,1.054456,60.000000,-0.802378,0.995187,60.000000,-1.680508,1.040364,60.000000,-3.260966,1.055231,60.000000,0.675524,1.050688,60.000000,0.501145,1.045590,60.000000,-5.279291,1.061415,60.000000,-3.746059,1.059794,60.000000,-4.791923,1.047051,60.000000,-6.532845,1.056666,60.000000,-1.672815,1.054939,60.000000,0.781358,1.047500,60.000000,-2.827688,0.982000,60.000000,-0.000000,0.983100,60.000000,2.349955,0.997200,60.000000,3.857337,1.012300,60.000000,2.950924,1.049630,60.000000,5.093842,1.063500,60.000000,7.495099,1.027800,60.000000,2.312208,1.026500,60.000000,7.089511,1.030000,60.000000,-8.796257,1.000000,1.000000,1.000000,1.000000,1.000000,1.000000,1.000000,1.000000,-42.642226,0.000000,5.266508,11.685834,3.989094,13.039518,20.310015,-38.263628,288.383297,447.800150,209.391350,467.503357,6.717002,286.592096,294.652499,141.504847,562.436988,245.394482,221.661074,276.382253,200.614467,124.488442,251.663684,184.493662,253.902685,8.239523,988.742731,2.149441,164.790455,75.230425,157.625653,78.812826,137.026846,28.927890,26.868009,92.246831,102.994034,75.767785,-82.574348,42.272334,15.225205,67.617823,24.718568,24.091648,4.119761,223.900075
0.540000,1.049431,60.000000,-7.361122,1.053541,60.000000,-4.984819,1.038509,60.000000,-7.513561,1.014809,60.000000,-8.418431,1.015250,60.000000,-7.559474,1.017135,60.000000,-6.980149,1.007760,60.000000,-8.887101,1.006832,60.000000,-9.316986,1.032682,60.000000,-9.046517,1.025403,60.000000,-4.748821,1.021568,60.000000,-5.507734,1.011373,60.000000,-5.469254,1.023325,60.000000,-5.338341,1.021904,60.000000,-6.704352,1.026077,60.000000,-6.755404,1.040657,60.000000,-5.385268,1.042630,60.000000,-6.367045,1.039992,60.000000,-7.181192,1.054456,60.000000,-0.802378,0.995187,60.000000,-1.680508,1.040364,60.000000,-3.260966,1.055231,60.000000,0.675524,1.050688,60.000000,0.501145,1.045590,60.000000,-5.279291,1.061415,60.000000,-3.746059,1.059794,60.000000,-4.791923,1.047051,60.000000,-6.532845,1.056666,60.000000,-1.672815,1.054939,60.000000,0.781358,1.047500,60.000000,-2.827688,0.982000,60.000000,-0.000000,0.983100,60.000000,2.349955,0.997200,60.000000,3.857337,1.012300,60.000000,2.950924,1.049630,60.000000,5.093842,1.063500,60.000000,7.495099,1.027800,60.000000,2.312208,1.026500,60.000000,7.089511,1.030000,60.000000,-8.796257,1.000000,1.000000,1.000000,1.000000,1.000000,1.000000,1.000000,1.000000,-42.642226,0.000000,5.266508,11.685834,3.989094,13.039518,20.310015,-38.263628,288.383297,447.800150,209.391350,467.503357,6.717002,286.592096,294.652499,141.504847,562.436988,245.394482,221.661074,276.382253,200.614467,124.488442,251.663684,184.493662,253.902685,8.239523,988.742731,2.149441,164.790455,75.230425,157.625653,78.812826,137.026846,28.927890,26.868009,92.246831,102.994034,75.767785,-82.574348,42.272334,15.225205,67.617823,24.718568,24.091648,4.119761,223.900075
0.560000,1.049431,60.000000,-7.361122,1.053541,60.000000,-4.984819,1.038509,60.000000,-7.513561,1.014809,60.000000,-8.418431,1.015250,60.000000,-7.559474,1.017135,60.000000,-6.980149,1.007760,60.000000,-8.887101,1.006832,60.000000,-9.316986,1.032682,60.000000,-9.046517,1.025403,60.000000,-4.748821,1.021568,60.000000,-5.507734,1.011373,60.000000,-5.469254,1.023325,60.000000,-5.338341,1.021904,60.000000,-6.704352,1.026077,60.000000,-6.755404,1.040657,60.000000,-5.385268,1.042630,60.000000,-6.367045,1.039992,60.000000,-7.181192,1.054456,60.000000,-0.802378,0.995187,60.000000,-1.680508,1.040364,60.000000,-3.260966,1.055231,60.000000,0.675524,1.050688,60.000000,0.501145,1.045590,60.000000,-5.279291,1.061415,60.000000,-3.746059,1.059794,60.000000,-4.791923,1.047051,60.000000,-6.532845,1.056666,60.000000,-1.672815,1.054939,60.000000,0.781358,1.047500,60.000000,-2.827688,0.982000,60.000000,-0.000000,0.983100,60.000000,2.349955,0.997200,60.000000,3.857337,1.012300,60.000000,2.950924,1.049630,60.000000,5.093842,1.063500,60.000000,7.495099,1.027800,60.000000,2.312208,1.026500,60.000000,7.089511,1.030000,60.000000,-8.796257,1.000000,1.000000,1.000000,1.000000,1.000000,1.000000,1.000000,1.000000,-42.642226,0.000000,5.266508,11.685834,3.989094,13.039518,20.310015,-38.263628,288.383297,447.800150,209.391350,467.503357,6.717002,286.592096,294.652499,141.504847,562.436988,245.394482,221.661074,276.382253,200.614467,124.488442,251.663684,184.493662,253.902685,8.239523,988.742731,2.149441,164.790455,75.230425,157.625653,78.812826,137.026846,28.927890,26.868009,92.246831,102.994034,75.767785,-82.574348,42.272334,15.225205,67.617823,24.718568,24.091648,4.119761,223.900075
0.580000,1.049431,60.000000,-7.361122,1.053541,60.000000,-4.984819,1.038509,60.000000,-7.513561,1.014809,60.000000,-8.418431,1.015250,60.000000,-7.559474,1.017135,60.000000,-6.980149,1.007760,60.000000,-8.887101,1.006832,60.000000,-9.316986,1.032682,60.000000,-9.046517,1.025403,60.000000,-4.748821,1.021568,60.000000,-5.507734,1.011373,60.000000,-5.469254,1.023325,60.000000,-5.338341,1.021904,60.000000,-6.704352,1.026077,60.000000,-6.755404,1.040657,60.000000,-5.385268,1.042630,60.000000,-6.367045,1.039992,60.000000,-7.181192,1.054456,60.000000,-0.802378,0.995187,60.000000,-1.680508,1.040364,60.000000,-3.260966,1.055231,60.000000,0.675524,1.050688,60.000000,0.501145,1.045590,60.000000,-5.279291,1.061415,60.000000,-3.746059,1.059794,60.000000,-4.791923,1.047051,60.000000,-6.532845,1.056666,60.000000,-1.672815,1.054939,60.000000,0.781358,1.047500,60.000000,-2.827688,0.982000,60.000000,-0.000000,0.983100,60.000000,2.349955,0.997200,60.000000,3.857337,1.012300,60.000000,2.950924,1.049630,60.000000,5.093842,1.063500,60.000000,7.495099,1.027800,60.000000,2.312208,1.026500,60.000000,7.089511,1.030000,60.000000,-8.796257,1.000000,1.000000,1.000000,1.000000,1.000000,1.000000,1.000000,1.000000,-42.642226,0.000000,5.266508,11.685834,3.989094,13.039518,20.310015,-38.263628,288.383297,447.800150,209.391350,467.503357,6.717002,286.592096,294.652499,141.504847,562.436988,245.394482,221.661074,276.382253,200.614467,124.488442,251.663684,184.493662,253.902685,8.239523,988.742731,2.149441,164.790455,75.230425,157.625653,78.812826,137.026846,28.927890,26.868009,92.246831,102.994034,75.767785,-82.574348,42.272334,15.225205,67.617823,24.718568,24.091648,4.119761,223.900075
0.600000,1.049431,60.000000,-7.361122,1.053541,60.000000,-4.984819,1.038509,60.000000,-7.513561,1.014809,60.000000,-8.418431,1.015250,60.000000,-7.559474,1.017135,60.000000,-6.980149,1.007760,60.000000,-8.887101,1.006832,60.000000,-9.316986,1.032682,60.000000,-9.046517,1.025403,60.000000,-4.748821,1.021568,60.000000,-5.507734,1.011373,60.000000,-5.469254,1.023325,60.000000,-5.338341,1.021904,60.000000,-6.704352,1.026077,60.000000,-6.755404,1.040657,60.000000,-5.385268,1.042630,60.000000,-6.367045,1.039992,60.000000,-7.181192,1.054456,60.000000,-0.802378,0.995187,60.000000,-1.680508,1.040364,60.000000,-3.260966,1.055231,60.000000,0.675524,1.050688,60.000000,0.501145,1.045590,60.000000,-5.279291,1.061415,60.000000,-3.746059,1.059794,60.000000,-4.791923,1.047051,60.000000,-6.532845,1.056666,60.000000,-1.672815,1.054939,60.000000,0.781358,1.047500,60.000000,-2.827688,0.982000,60.000000,-0.000000,0.983100,60.000000,2.349955,0.997200,60.000000,3.857337,1.012300,60.000000,2.950924,1.049630,60.000000,5.093842,1.063500,60.000000,7.495099,1.027800,60.000000,2.312208,1.026500,60.000000,7.089511,1.030000,60.000000,-8.796257,1.000000,1.000000,1.000000,1.000000,1.000000,1.000000,1.000000,1.000000,-42.642226,0.000000,5.266508,11.685834,3.989094,13.039518,20.310015,-38.263628,288.383297,447.800150,209.391350,467.503357,6.717002,286.592096,294.652499,141.504847,562.436988,245.394482,221.661074,276.382253,200.614467,124.488442,251.663684,184.493662,253.902685,8.239523,988.742731,2.149441,164.790455,75.230425,157.625653,78.812826,137.026846,28.927890,26.868009,92.246831,102.994034,75.767785,-82.574348,42.272334,15.225205,67.617823,24.718568,24.091648,4.119761,223.900075
0.620000,1.049431,60.000000,-7.361122,1.053541,60.000000,-4.984819,1.038509,60.000000,-7.513561,1.014809,60.000000,-8.418431,1.015250,60.000000,-7.559474,1.017135,60.000000,-6.980149,1.007760,60.000000,-8.887101,1.006832,60.000000,-9.316986,1.032682,60.000000,-9.046517,1.025403,60.000000,-4.748821,1.021568,60.000000,-5.507734,1.011373,60.000000,-5.469254,1.023325,60.000000,-5.338341,1.021904,60.000000,-6.704352,1.026077,60.000000,-6.755404,1.040657,60.000000,-5.385268,1.042630,60.000000,-6.367045,1.039992,60.000000,-7.181192,1.054456,60.000000,-0.802378,0.995187,60.000000,-1.680508,1.040364,60.000000,-3.260966,1.055231,60.000000,0.675524,1.050688,60.000000,0.501145,1.045590,60.000000,-5.279291,1.061415,60.000000,-3.746059,1.059794,60.000000,-4.791923,1.047051,60.000000,-6.532845,1.056666,60.000000,-1.672815,1.054939,60.000000,0.781358,1.047500,60.000000,-2.827688,0.982000,60.000000,-0.000000,0.983100,60.000000,2.349955,0.997200,60.000000,3.857337,1.012300,60.000000,2.950924,1.049630,60.000000,5.093842,1.063500,60.000000,7.495099,1.027800,60.000000,2.312208,1.026500,60.000000,7.089511,1.030000,60.000000,-8.796257,1.000000,1.000000,1.000000,1.000000,1.000000,1.000000,1.000000,1.000000,-42.642226,0.000000,5.266508,11.685834,3.989094,13.039518,20.310015,-38.263628,288.383297,447.800150,209.391350,467.503357,6.717002,286.592096,294.652499,141.504847,562.436988,245.394482,221.661074,276.382253,200.614467,124.488442,251.663684,184.493662,253.902685,8.239523,988.742731,2.149441,164.790455,75.230425,157.625653,78.812826,137.026846,28.927890,26.868009,92.246831,102.994034,75.767785,-82.574348,42.272334,15.225205,67.617823,24.718568,24.091648,4.119761,223.900075
0.640000,1.049431,60.000000,-7.361122,1.053541,60.000000,-4.984819,1.038509,60.000000,-7.513561,1.014809,60.000000,-8.418431,1.015250,60.000000,-7.559474,1.017135,60.000000,-6.980149,1.007760,60.000000,-8.887101,1.006832,60.000000,-9.316986,1.032682,60.000000,-9.046517,1.025403,60.000000,-4.748821,1.021568,60.000000,-5.507734,1.011373,60.000000,-5.469254,1.023325,60.000000,-5.338341,1.021904,60.000000,-6.704352,1.026077,60.000000,-6.755404,1.040657,60.000000,-5.385268,1.042630,60.000000,-6.367045,1.039992,60.000000,-7.181192,1.054456,60.000000,-0.802378,0.995187,60.000000,-1.680508,1.040364,60.000000,-3.260966,1.055231,60.000000,0.675524,1.050688,60.000000,0.501145,1.045590,60.000000,-5.279291,1.061415,60.000000,-3.746059,1.059794,60.000000,-4.791923,1.047051,60.000000,-6.532845,1.056666,60.000000,-1.672815,1.054939,60.000000,0.781358,1.047500,60.000000,-2.827688,0.982000,60.000000,0.000000,0.983100,60.000000,2.349955,0.997200,60.000000,3.857337,1.012300,60.000000,2.950924,1.049630,60.000000,5.093842,1.063500,60.000000,7.495099,1.027800,60.000000,2.312208,1.026500,60.000000,7.089511,1.030000,60.000000,-8.796257,1.000000,1.000000,1.000000,1.000000,1.000000,1.000000,1.000000,1.000000,-42.642226,0.000000,5.266508,11.685834,3.989094,13.039518,20.310015,-38.263628,288.383297,447.800150,209.391350,467.503357,6.717002,286.592096,294.652499,141.504847,562.436988,245.394482,221.661074,276.382253,200.614467,124.488442,251.663684,184.493662,253.902685,8.239523,988.742731,2.149441,164.790455,75.230425,157.625653,78.812826,137.026846,28.927890,26.868009,92.246831,102.994034,75.767785,-82.574348,42.272334,15.225205,67.617823,24.718568,24.091648,4.119761,223.900075
0.660000,1.049431,60.000000,-7.361122,1.053541,60.000000,-4.984819,1.038509,60.000000,-7.513561,1.014809,60.000000,-8.418431,1.015250,60.000000,-7.559474,1.017135,60.000000,-6.980149,1.007760,60.000000,-8.887101,1.006832,60.000000,-9.316986,1.032682,60.000000,-9.046517,1.025403,60.000000,-4.748821,1.021568,60.000000,-5.507734,1.011373,60.000000,-5.469254,1.023325,60.000000,-5.338341,1.021904,60.000000,-6.704352,1.026077,60.000000,-6.755404,1.040657,60.000000,-5.385268,1.042630,60.000000,-6.367045,1.039992,60.000000,-7.181192,1.054456,60.000000,-0.802378,0.995187,60.000000,-1.680508,1.040364,60.000000,-3.260966,1.055231,60.000000,0.675524,1.050688,60.000000,0.501145,1.045590,60.000000,-5.279291,1.061415,60.000000,-3.746059,1.059794,60.000000,-4.791923,1.047051,60.000000,-6.532845,1.056666,60.000000,-1.672815,1.054939,60.000000,0.781358,1.047500,60.000000,-2.827688,0.982000,60.000000,0.000000,0.983100,60.000000,2.349955,0.997200,60.000000,3.857337,1.012300,60.000000,2.950924,1.049630,60.000000,5.093842,1.063500,60.000000,7.495099,1.027800,60.000000,2.312208,1.026500,60.000000,7.089511,1.030000,60.000000,-8.796257,1.000000,1.000000,1.000000,1.000000,1.000000,1.000000,1.000000,1.000000,-42.642226,0.000000,5.266508,11.685834,3.989094,13.039518,20.310015,-38.263628,288.383297,447.800150,209.391350,467.503357,6.717002,286.592096,294.652499,141.504847,562.436988,245.394482,221.661074,276.382253,200.614467,124.488442,251.663684,184.493662,253.902685,8.239523,988.742731,2.149441,164.790455,75.230425,157.625653,78.812826,137.026846,28.927890,26.868009,92.246831,102.994034,75.767785,-82.574348,42.272334,15.225205,67.617823,24.718568,24.091648,4.119761,223.900075
0.680000,1.049431,60.000000,-7.361122,1.053541,60.000000,-4.984819,1.038509,60.000000,-7.513561,1.014809,60.000000,-8.418431,1.015250,60.000000,-7.559474,1.017135,60.000000,-6.980149,1.007760,60.000000,-8.887101,1.006832,60.000000,-9.316986,1.032682,60.000000,-9.046517,1.025403,60.000000,-4.748821,1.021568,60.000000,-5.507734,1.011373,60.000000,-5.469254,1.023325,60.000000,-5.338341,1.021904,60.000000,-6.704352,1.026077,60.000000,-6.755404,1.040657,60.000000,-5.385268,1.042630,60.000000,-6.367045,1.039992,60.000000,-7.181192,1.054456,60.000000,-0.802378,0.995187,60.000000,-1.680508,1.040364,60.000000,-3.260966,1.055231,60.000000,0.675524,1.050688,60.000000,0.501145,1.045590,60.000000,-5.279291,1.061415,60.000000,-3.746059,1.059794,60.000000,-4.791923,1.047051,60.000000,-6.532845,1.056666,60.000000,-1.672815,1.054939,60.000000,0.781358,1.047500,60.000000,-2.827688,0.982000,60.000000,0.000000,0.983100,60.000000,2.349955,0.997200,60.000000,3.857337,1.012300,60.000000,2.950924,1.049630,60.000000,5.093842,1.063500,60.000000,7.495099,1.027800,60.000000,2.312208,1.026500,60.000000,7.089511,1.030000,60.000000,-8.796257,1.000000,1.000000,1.000000,1.000000,1.000000,1.000000,1.000000,1.000000,-42.642226,0.000000,5.266508,11.685834,3.989094,13.039518,20.310015,-38.263628,288.383297,447.800150,209.391350,467.503357,6.717002,286.592096,294.652499,141.504847,562.436988,245.394482,221.661074,276.382253,200.614467,124.488442,251.663684,184.493662,253.902685,8.239523,988.742731,2.149441,164.790455,75.230425,157.625653,78.812826,137.026846,28.927890,26.868009,92.246831,102.994034,75.767785,-82.574348,42.272334,15.225205,67.617823,24.718568,24.091648,4.119761,223.900075
0.700000,1.049431,60.000000,-7.361122,1.053541,60.000000,-4.984819,1.038509,60.000000,-7.513561,1.014809,60.000000,-8.418431,1.015250,60.000000,-7.559474,1.017135,60.000000,-6.980149,1.007760,60.000000,-8.887101,1.006832,60.000000,-9.316986,1.032682,60.000000,-9.046517,1.025403,60.000000,-4.748821,1.021568,60.000000,-5.507734,1.011373,60.000000,-5.469254,1.023325,60.000000,-5.338341,1.021904,60.000000,-6.704352,1.026077,60.000000,-6.755404,1.040657,60.000000,-5.385268,1.042630,60.000000,-6.367045,1.039992,60.000000,-7.181192,1.054456,60.000000,-0.802378,0.995187,60.000000,-1.680508,1.040364,60.000000,-3.260966,1.055231,60.000000,0.675524,1.050688,60.000000,0.501145,1.045590,60.000000,-5.279291,1.061415,60.000000,-3.746059,1.059794,60.000000,-4.791923,1.047051,60.000000,-6.532845,1.056666,60.000000,-1.672815,1.054939,60.000000,0.781358,1.047500,60.000000,-2.827688,0.982000,60.000000,0.000000,0.983100,60.000000,2.349955,0.997200,60.000000,3.857337,1.012300,60.000000,2.950924,1.049630,60.000000,5.093842,1.063500,60.000000,7.495099,1.027800,60.000000,2.312208,1.026500,60.000000,7.089511,1.030000,60.000000,-8.796257,1.000000,1.000000,1.000000,1.000000,1.000000,1.000000,1.000000,1.000000,-42.642226,0.000000,5.266508,11.685834,3.989094,13.039518,20.310015,-38.263628,288.383297,447.800150,209.391350,467.503357,6.717002,286.592096,294.652499,141.504847,562.436988,245.394482,221.661074,276.382253,200.614467,124.488442,251.663684,184.493662,253.902685,8.239523,988.742731,2.149441,164.790455,75.230425,157.625653,78.812826,137.026846,28.927890,26.868009,92.246831,102.994034,75.767785,-82.574348,42.272334,15.225205,67.617823,24.718568,24.091648,4.119761,223.900075
0.720000,1.049431,60.000000,-7.361122,1.053541,60.000000,-4.984819,1.038509,60.000000,-7.513561,1.014809,60.000000,-8.418431,1.015250,60.000000,-7.559474,1.017135,60.000000,-6.980149,1.007760,60.000000,-8.887101,1.006832,60.000000,-9.316986,1.032682,60.000000,-9.046517,1.025403,60.000000,-4.748821,1.021568,60.000000,-5.507734,1.011373,60.000000,-5.469254,1.023325,60.000000,-5.338341,1.021904,60.000000,-6.704352,1.026077,60.000000,-6.755404,1.040657,60.000000,-5.385268,1.042630,60.000000,-6.367045,1.039992,60.000000,-7.181192,1.054456,60.000000,-0.802378,0.995187,60.000000,-1.680508,1.040364,60.000000,-3.260966,1.055231,60.000000,0.675524,1.050688,60.000000,0.501145,1.045590,60.000000,-5.279291,1.061415,60.000000,-3.746059,1.059794,60.000000,-4.791923,1.047051,60.000000,-6.532845,1.056666,60.000000,-1.672815,1.054939,60.000000,0.781358,1.047500,60.000000,-2.827688,0.982000,60.000000,0.000000,0.983100,60.000000,2.349955,0.997200,60.000000,3.857337,1.012300,60.000000,2.950924,1.049630,60.000000,5.093842,1.063500,60.000000,7.495099,1.027800,60.000000,2.312208,1.026500,60.000000,7.089511,1.030000,60.000000,-8.796257,1.000000,1.000000,1.000000,1.000000,1.000000,1.000000,1.000000,1.000000,-42.642226,0.000000,5.266508,11.685834,3.989094,13.039518,20.310015,-38.263628,288.383297,447.800150,209.391350,467.503357,6.717002,286.592096,294.652499,141.504847,562.436988,245.394482,221.661074,276.382253,200.614467,124.488442,251.663684,184.493662,253.902685,8.239523,988.742731,2.149441,164.790455,75.230425,157.625653,78.812826,137.026846,28.927890,26.868009,92.246831,102.994034,75.767785,-82.574348,42.272334,15.225205,67.617823,24.718568,24.091648,4.119761,223.900075
0.740000,1.049431,60.000000,-7.361122,1.053541,60.000000,-4.984819,1.038509,60.000000,-7.513561,1.014809,60.000000,-8.418431,1.015250,60.000000,-7.559474,1.017135,60.000000,-6.980149,1.007760,60.000000,-8.887101,1.006832,60.000000,-9.316986,1.032682,60.000000,-9.046517,1.025403,60.000000,-4.748821,1.021568,60.000000,-5.507734,1.011373,60.000000,-5.469254,1.023325,60.000000,-5.338341,1.021904,60.000000,-6.704352,1.026077,60.000000,-6.755404,1.040657,60.000000,-5.385268,1.042630,60.000000,-6.367045,1.039992,60.000000,-7.181192,1.054456,60.000000,-0.802378,0.995187,60.000000,-1.680508,1.040364,60.000000,-3.260966,1.055231,60.000000,0.675524,1.050688,60.000000,0.501145,1.045590,60.000000,-5.279291,1.061415,60.000000,-3.746059,1.059794,60.000000,-4.791923,1.047051,60.000000,-6.532845,1.056666,60.000000,-1.672815,1.054939,60.000000,0.781358,1.047500,60.000000,-2.827688,0.982000,60.000000,0.000000,0.983100,60.000000,2.349955,0.997200,60.000000,3.857337,1.012300,60.000000,2.950924,1.049630,60.000000,5.093842,1.063500,60.000000,7.495099,1.027800,60.000000,2.312208,1.026500,60.000000,7.089511,1.030000,60.000000,-8.796257,1.000000,1.000000,1.000000,1.000000,1.000000,1.000000,1.000000,1.000000,-42.642226,0.000000,5.266508,11.685834,3.989094,13.039518,20.310015,-38.263628,288.383297,447.800150,209.391350,467.503357,6.717002,286.592096,294.652499,141.504847,562.436988,245.394482,221.661074,276.382253,200.614467,124.488442,251.663684,184.493662,253.902685,8.239523,988.742731,2.149441,164.790455,75.230425,157.625653,78.812826,137.026846,28.927890,26.868009,92.246831,102.994034,75.767785,-82.574348,42.272334,15.225205,67.617823,24.718568,24.091648,4.119761,223.900075
0.760000,1.049431,60.000000,-7.361122,1.053541,60.000000,-4.984819,1.038509,60.000000,-7.513561,1.014809,60.000000,-8.418431,1.015250,60.000000,-7.559474,1.017135,60.000000,-6.980149,1.007760,60.000000,-8.887101,1.006832,60.000000,-9.316986,1.032682,60.000000,-9.046517,1.025403,60.000000,-4.748821,1.021568,60.000000,-5.507734,1.011373,60.000000,-5.469254,1.023325,60.000000,-5.338341,1.021904,60.000000,-6.704352,1.026077,60.000000,-6.755404,1.040657,60.000000,-5.385268,1.042630,60.000000,-6.367045,1.039992,60.000000,-7.181192,1.054456,60.000000,-0.802378,0.995187,60.000000,-1.680508,1.040364,60.000000,-3.260966,1.055231,60.000000,0.675524,1.050688,60.000000,0.501145,1.045590,60.000000,-5.279291,1.061415,60.000000,-3.746059,1.059794,60.000000,-4.791923,1.047051,60.000000,-6.532845,1.056666,60.000000,-1.672815,1.054939,60.000000,0.781358,1.047500,60.000000,-2.827688,0.982000,60.000000,0.000000,0.983100,60.000000,2.349955,0.997200,60.000000,3.857337,1.012300,60.000000,2.950924,1.049630,60.000000,5.093842,1.063500,60.000000,7.495099,1.027800,60.000000,2.312208,1.026500,60.000000,7.089511,1.030000,60.000000,-8.796257,1.000000,1.000000,1.000000,1.000000,1.000000,1.000000,1.000000,1.000000,-42.642226,0.000000,5.266508,11.685834,3.989094,13.039518,20.310015,-38.263628,288.383297,447.800150,209.391350,467.503357,6.717002,286.592096,294.652499,141.504847,562.436988,245.394482,221.661074,276.382253,200.614467,124.488442,251.663684,184.493662,253.902685,8.239523,988.742731,2.149441,164.790455,75.230425,157.625653,78.812826,137.026846,28.927890,26.868009,92.246831,102.994034,75.767785,-82.574348,42.272334,15.225205,67.617823,24.718568,24.091648,4.119761,223.900075
0.780000,1.049431,60.000000,-7.361122,1.053541,60.000000,-4.984819,1.038509,60.000000,-7.513561,1.014809,60.000000,-8.418431,1.015250,60.000000,-7.559474,1.017135,60.000000,-6.980149,1.007760,60.000000,-8.887101,1.006832,60.000000,-9.316986,1.032682,60.000000,-9.046517,1.025403,60.000000,-4.748821,1.021568,60.000000,-5.507734,1.011373,60.000000,-5.469254,1.023325,60.000000,-5.338341,1.021904,60.000000,-6.704352,1.026077,60.000000,-6.755404,1.040657,60.000000,-5.385268,1.042630,60.000000,-6.367045,1.039992,60.000000,-7.181192,1.054456,60.000000,-0.802378,0.995187,60.000000,-1.680508,1.040364,60.000000,-3.260966,1.055231,60.000000,0.675524,1.050688,60.000000,0.501145,1.045590,60.000000,-5.279291,1.061415,60.000000,-3.746059,1.059794,60.000000,-4.791923,1.047051,60.000000,-6.532845,1.056666,60.000000,-1.672815,1.054939,60.000000,0.781358,1.047500,60.000000,-2.827688,0.982000,60.000000,0.000000,0.983100,60.000000,2.349955,0.997200,60.000000,3.857337,1.012300,60.000000,2.950924,1.049630,60.000000,5.093842,1.063500,60.000000,7.495099,1.027800,60.000000,2.312208,1.026500,60.000000,7.089511,1.030000,60.000000,-8.796257,1.000000,1.000000,1.000000,1.000000,1.000000,1.000000,1.000000,1.000000,-42.642226,0.000000,5.266508,11.685834,3.989094,13.039518,20.310015,-38.263628,288.383297,447.800150,209.391350,467.503357,6.717002,286.592096,294.652499,141.504847,562.436988,245.394482,221.661074,276.382253,200.614467,124.488442,251.663684,184.493662,253.902685,8.239523,988.742731,2.149441,164.790455,75.230425,157.625653,78.812826,137.026846,28.927890,26.868009,92.246831,102.994034,75.767785,-82.574348,42.272334,15.225205,67.617823,24.718568,24.091648,4.119761,223.900075
0.800000,1.049431,60.000000,-7.361122,1.053541,60.000000,-4.984819,1.038509,60.000000,-7.513561,1.014809,60.000000,-8.418431,1.015250,60.000000,-7.559474,1.017135,60.000000,-6.980149,1.007760,60.000000,-8.887101,1.006832,60.000000,-9.316986,1.032682,60.000000,-9.046517,1.025403,60.000000,-4.748821,1.021568,60.000000,-5.507734,1.011373,60.000000,-5.469254,1.023325,60.000000,-5.338341,1.021904,60.000000,-6.704352,1.026077,60.000000,-6.755404,1.040657,60.000000,-5.385268,1.042630,60.000000,-6.367045,1.039992,60.000000,-7.181192,1.054456,60.000000,-0.802378,0.995187,60.000000,-1.680508,1.040364,60.000000,-3.260966,1.055231,60.000000,0.675524,1.050688,60.000000,0.501145,1.045590,60.000000,-5.279291,1.061415,60.000000,-3.746059,1.059794,60.000000,-4.791923,1.047051,60.000000,-6.532845,1.056666,60.000000,-1.672815,1.054939,60.000000,0.781358,1.047500,60.000000,-2.827688,0.982000,60.000000,0.000000,0.983100,60.000000,2.349955,0.997200,60.000000,3.857337,1.012300,60.000000,2.950924,1.049630,60.000000,5.093842,1.063500,60.000000,7.495099,1.027800,60.000000,2.312208,1.026500,60.000000,7.089511,1.030000,60.000000,-8.796257,1.000000,1.000000,1.000000,1.000000,1.000000,1.000000,1.000000,1.000000,-42.642226,0.000000,5.266508,11.685834,3.989094,13.039518,20.310015,-38.263628,288.383297,447.800150,209.391350,467.503357,6.717002,286.592096,294.652499,141.504847,562.436988,245.394482,221.661074,276.382253,200.614467,124.488442,251.663684,184.493662,253.902685,8.239523,988.742731,2.149441,164.790455,75.230425,157.625653,78.812826,137.026846,28.927890,26.868009,92.246831,102.994034,75.767785,-82.574348,42.272334,15.225205,67.617823,24.718568,24.091648,4.119761,223.900075
0.820000,1.049431,60.000000,-7.361122,1.053541,60.000000,-4.984819,1.038509,60.000000,-7.513561,1.014809,60.000000,-8.418431,1.015250,60.000000,-7.559474,1.017135,60.000000,-6.980149,1.007760,60.000000,-8.887101,1.006832,60.000000,-9.316986,1.032682,60.000000,-9.046517,1.025403,60.000000,-4.748821,1.021568,60.000000,-5.507734,1.011373,60.000000,-5.469254,1.023325,60.000000,-5.338341,1.021904,60.000000,-6.704352,1.026077,60.000000,-6.755404,1.040657,60.000000,-5.385268,1.042630,60.000000,-6.367045,1.039992,60.000000,-7.181192,1.054456,60.000000,-0.802378,0.995187,60.000000,-1.680508,1.040364,60.000000,-3.260966,1.055231,60.000000,0.675524,1.050688,60.000000,0.501145,1.045590,60.000000,-5.279291,1.061415,60.000000,-3.746059,1.059794,60.000000,-4.791923,1.047051,60.000000,-6.532845,1.056666,60.000000,-1.672815,1.054939,60.000000,0.781358,1.047500,60.000000,-2.827688,0.982000,60.000000,0.000000,0.983100,60.000000,2.349955,0.997200,60.000000,3.857337,1.012300,60.000000,2.950924,1.049630,60.000000,5.093842,1.063500,60.000000,7.495099,1.027800,60.000000,2.312208,1.026500,60.000000,7.089511,1.030000,60.000000,-8.796257,1.000000,1.000000,1.000000,1.000000,1.000000,1.000000,1.000000,1.000000,-42.642226,0.000000,5.266508,11.685834,3.989094,13.039518,20.310015,-38.263628,288.383297,447.800150,209.391350,467.503357,6.717002,286.592096,294.652499,141.504847,562.436988,245.394482,221.661074,276.382253,200.614467,124.488442,251.663684,184.493662,253.902685,8.239523,988.742731,2.149441,164.790455,75.230425,157.625653,78.812826,137.026846,28.927890,26.868009,92.246831,102.994034,75.767785,-82.574348,42.272334,15.225205,67.617823,24.718568,24.091648,4.119761,223.900075
0.840000,1.049431,60.000000,-7.361122,1.053541,60.000000,-4.984819,1.038509,60.000000,-7.513561,1.014809,60.000000,-8.418431,1.015250,60.000000,-7.559474,1.017135,60.000000,-6.980149,1.007760,60.000000,-8.887101,1.006832,60.000000,-9.316986,1.032682,60.000000,-9.046517,1.025403,60.000000,-4.748821,1.021568,60.000000,-5.507734,1.011373,60.000000,-5.469254,1.023325,60.000000,-5.338341,1.021904,60.000000,-6.704352,1.026077,60.000000,-6.755404,1.040657,60.000000,-5.385268,1.042630,60.000000,-6.367045,1.039992,60.000000,-7.181192,1.054456,60.000000,-0.802378,0.995187,60.000000,-1.680508,1.040364,60.000000,-3.260966,1.055231,60.000000,0.675524,1.050688,60.000000,0.501145,1.045590,60.000000,-5.279291,1.061415,60.000000,-3.746059,1.059794,60.000000,-4.791923,1.047051,60.000000,-6.532845,1.056666,60.000000,-1.672815,1.054939,60.000000,0.781358,1.047500,60.000000,-2.827688,0.982000,60.000000,0.000000,0.983100,60.000000,2.349955,0.997200,60.000000,3.857337,1.012300,60.000000,2.950924,1.049630,60.000000,5.093842,1.063500,60.000000,7.495099,1.027800,60.000000,2.312208,1.026500,60.000000,7.089511,1.030000,60.000000,-8.796257,1.000000,1.000000,1.000000,1.000000,1.000000,1.000000,1.000000,1.000000,-42.642226,0.000000,5.266508,11.685834,3.989094,13.039518,20.310015,-38.263628,288.383297,447.800150,209.391350,467.503357,6.717002,286.592096,294.652499,141.504847,562.436988,245.394482,221.661074,276.382253,200.614467,124.488442,251.663684,184.493662,253.902685,8.239523,988.742731,2.149441,164.790455,75.230425,157.625653,78.812826,137.026846,28.927890,26.868009,92.246831,102.994034,75.767785,-82.574348,42.272334,15.225205,67.617823,24.718568,24.091648,4.119761,223.900075
0.860000,1.049431,60.000000,-7.361122,1.053541,60.000000,-4.984819,1.038509,60.000000,-7.513561,1.014809,60.000000,-8.418431,1.015250,60.000000,-7.559474,1.017135,60.000000,-6.980149,1.007760,60.000000,-8.887101,1.006832,60.000000,-9.316986,1.032682,60.000000,-9.046517,1.025403,60.000000,-4.748821,1.021568,60.000000,-5.507734,1.011373,60.000000,-5.469254,1.023325,60.000000,-5.338341,1.021904,60.000000,-6.704352,1.026077,60.000000,-6.755404,1.040657,60.000000,-5.385268,1.042630,60.000000,-6.367045,1.039992,60.000000,-7.181192,1.054456,60.000000,-0.802378,0.995187,60.000000,-1.680508,1.040364,60.000000,-3.260966,1.055231,60.000000,0.675524,1.050688,60.000000,0.501145,1.045590,60.000000,-5.279291,1.061415,60.000000,-3.746059,1.059794,60.000000,-4.791923,1.047051,60.000000,-6.532845,1.056666,60.000000,-1.672815,1.054939,60.000000,0.781358,1.047500,60.000000,-2.827688,0.982000,60.000000,0.000000,0.983100,60.000000,2.349955,0.997200,60.000000,3.857337,1.012300,60.000000,2.950924,1.049630,60.000000,5.093842,1.063500,60.000000,7.495099,1.027800,60.000000,2.312208,1.026500,60.000000,7.089511,1.030000,60.000000,-8.796257,1.000000,1.000000,1.000000,1.000000,1.000000,1.000000,1.000000,1.000000,-42.642226,0.000000,5.266508,11.685834,3.989094,13.039518,20.310015,-38.263628,288.383297,447.800150,209.391350,467.503357,6.717002,286.592096,294.652499,141.504847,562.436988,245.394482,221.661074,276.382253,200.614467,124.488442,251.663684,184.493662,253.902685,8.239523,988.742731,2.149441,164.790455,75.230425,157.625653,78.812826,137.026846,28.927890,26.868009,92.246831,102.994034,75.767785,-82.574348,42.272334,15.225205,67.617823,24.718568,24.091648,4.119761,223.900075
0.880000,1.049431,60.000000,-7.361122,1.053541,60.000000,-4.984819,1.038509,60.000000,-7.513561,1.014809,60.000000,-8.418431,1.015250,60.000000,-7.559474,1.017135,60.000000,-6.980149,1.007760,60.000000,-8.887101,1.006832,60.000000,-9.316986,1.032682,60.000000,-9.046517,1.025403,60.000000,-4.748821,1.021568,60.000000,-5.507734,1.011373,60.000000,-5.469254,1.023325,60.000000,-5.338341,1.021904,60.000000,-6.704352,1.026077,60.000000,-6.755404,1.040657,60.000000,-5.385268,1.042630,60.000000,-6.367045,1.039992,60.000000,-7.181192,1.054456,60.000000,-0.802378,0.995187,60.000000,-1.680508,1.040364,60.000000,-3.260966,1.055231,60.000000,0.675524,1.050688,60.000000,0.501145,1.045590,60.000000,-5.279291,1.061415,60.000000,-3.746059,1.059794,60.000000,-4.791923,1.047051,60.000000,-6.532845,1.056666,60.000000,-1.672815,1.054939,60.000000,0.781358,1.047500,60.000000,-2.827688,0.982000,60.000000,0.000000,0.983100,60.000000,2.349955,0.997200,60.000000,3.857337,1.012300,60.000000,2.950924,1.049630,60.000000,5.093842,1.063500,60.000000,7.495099,1.027800,60.000000,2.312208,1.026500,60.000000,7.089511,1.030000,60.000000,-8.796257,1.000000,1.000000,1.000000,1.000000,1.000000,1.000000,1.000000,1.000000,-42.642226,0.000000,5.266508,11.685834,3.989094,13.039518,20.310015,-38.263628,288.383297,447.800150,209.391350,467.503357,6.717002,286.592096,294.652499,141.504847,562.436988,245.394482,221.661074,276.382253,200.614467,124.488442,251.663684,184.493662,253.902685,8.239523,988.742731,2.149441,164.790455,75.230425,157.625653,78.812826,137.026846,28.927890,26.868009,92.246831,102.994034,75.767785,-82.574348,42.272334,15.225205,67.617823,24.718568,24.091648,4.119761,223.900075
0.900000,1.049431,60.000000,-7.361122,1.053541,60.000000,-4.984819,1.038509,60.000000,-7.513561,1.014809,60.000000,-8.418431,1.015250,60.000000,-7.559474,1.017135,60.000000,-6.980149,1.007760,60.000000,-8.887101,1.006832,60.000000,-9.316986,1.032682,60.000000,-9.046517,1.025403,60.000000,-4.748821,1.021568,60.000000,-5.507734,1.011373,60.000000,-5.469254,1.023325,60.000000,-5.338341,1.021904,60.000000,-6.704352,1.026077,60.000000,-6.755404,1.040657,60.000000,-5.385268,1.042630,60.000000,-6.367045,1.039992,60.000000,-7.181192,1.054456,60.000000,-0.802378,0.995187,60.000000,-1.680508,1.040364,60.000000,-3.260966,1.055231,60.000000,0.675524,1.050688,60.000000,0.501145,1.045590,60.000000,-5.279291,1.061415,60.000000,-3.746059,1.059794,60.000000,-4.791923,1.047051,60.000000,-6.532845,1.056666,60.000000,-1.672815,1.054939,60.000000,0.781358,1.047500,60.000000,-2.827688,0.982000,60.000000,0.000000,0.983100,60.000000,2.349955,0.997200,60.000000,3.857337,1.012300,60.000000,2.950924,1.049630,60.000000,5.093842,1.063500,60.000000,7.495099,1.027800,60.000000,2.312208,1.026500,60.000000,7.089511,1.030000,60.000000,-8.796257,1.000000,1.000000,1.000000,1.000000,1.000000,1.000000,1.000000,1.000000,-42.642226,0.000000,5.266508,11.685834,3.989094,13.039518,20.310015,-38.263628,288.383297,447.800150,209.391350,467.503357,6.717002,286.592096,294.652499,141.504847,562.436988,245.394482,221.661074,276.382253,200.614467,124.488442,251.663684,184.493662,253.902685,8.239523,988.742731,2.149441,164.790455,75.230425,157.625653,78.812826,137.026846,28.927890,26.868009,92.246831,102.994034,75.767785,-82.574348,42.272334,15.225205,67.617823,24.718568,24.091648,4.119761,223.900075
0.920000,1.049431,60.000000,-7.361122,1.053541,60.000000,-4.984819,1.038509,60.000000,-7.513561,1.014809,60.000000,-8.418431,1.015250,60.000000,-7.559474,1.017135,60.000000,-6.980149,1.007760,60.000000,-8.887101,1.006832,60.000000,-9.316986,1.032682,60.000000,-9.046517,1.025403,60.000000,-4.748821,1.021568,60.000000,-5.507734,1.011373,60.000000,-5.469254,1.023325,60.000000,-5.338341,1.021904,60.000000,-6.704352,1.026077,60.000000,-6.755404,1.040657,60.000000,-5.385268,1.042630,60.000000,-6.367045,1.039992,60.000000,-7.181192,1.054456,60.000000,-0.802378,0.995187,60.000000,-1.680508,1.040364,60.000000,-3.260966,1.055231,60.000000,0.675524,1.050688,60.000000,0.501145,1.045590,60.000000,-5.279291,1.061415,60.000000,-3.746059,1.059794,60.000000,-4.791923,1.047051,60.000000,-6.532845,1.056666,60.000000,-1.672815,1.054939,60.000000,0.781358,1.047500,60.000000,-2.827688,0.982000,60.000000,0.000000,0.983100,60.000000,2.349955,0.997200,60.000000,3.857337,1.012300,60.000000,2.950924,1.049630,60.000000,5.093842,1.063500,60.000000,7.495099,1.027800,60.000000,2.312208,1.026500,60.000000,7.089511,1.030000,60.000000,-8.796257,1.000000,1.000000,1.000000,1.000000,1.000000,1.000000,1.000000,1.000000,-42.642226,0.000000,5.266508,11.685834,3.989094,13.039518,20.310015,-38.263628,288.383297,447.800150,209.391350,467.503357,6.717002,286.592096,294.652499,141.504847,562.436988,245.394482,221.661074,276.382253,200.614467,124.488442,251.663684,184.493662,253.902685,8.239523,988.742731,2.149441,164.790455,75.230425,157.625653,78.812826,137.026846,28.927890,26.868009,92.246831,102.994034,75.767785,-82.574348,42.272334,15.225205,67.617823,24.718568,24.091648,4.119761,223.900075
0.940000,1.049431,60.000000,-7.361122,1.053541,60.000000,-4.984819,1.038509,60.000000,-7.513561,1.014809,60.000000,-8.418431,1.015250,60.000000,-7.559474,1.017135,60.000000,-6.980149,1.007760,60.000000,-8.887101,1.006832,60.000000,-9.316986,1.032682,60.000000,-9.046517,1.025403,60.000000,-4.748821,1.021568,60.000000,-5.507734,1.011373,60.000000,-5.469254,1.023325,60.000000,-5.338341,1.021904,60.000000,-6.704352,1.026077,60.000000,-6.755404,1.040657,60.000000,-5.385268,1.042630,60.000000,-6.367045,1.039992,60.000000,-7.181192,1.054456,60.000000,-0.802378,0.995187,60.000000,-1.680508,1.040364,60.000000,-3.260966,1.055231,60.000000,0.675524,1.050688,60.000000,0.501145,1.045590,60.000000,-5.279291,1.061415,60.000000,-3.746059,1.059794,60.000000,-4.791923,1.047051,60.000000,-6.532845,1.056666,60.000000,-1.672815,1.054939,60.000000,0.781358,1.047500,60.000000,-2.827688,0.982000,60.000000,0.000000,0.983100,60.000000,2.349955,0.997200,60.000000,3.857337,1.012300,60.000000,2.950924,1.049630,60.000000,5.093842,1.063500,60.000000,7.495099,1.027800,60.000000,2.312208,1.026500,60.000000,7.089511,1.030000,60.000000,-8.796257,1.000000,1.000000,1.000000,1.000000,1.000000,1.000000,1.000000,1.000000,-42.642226,0.000000,5.266508,11.685834,3.989094,13.039518,20.310015,-38.263628,288.383297,447.800150,209.391350,467.503357,6.717002,286.592096,294.652499,141.504847,562.436988,245.394482,221.661074,276.382253,200.614467,124.488442,251.663684,184.493662,253.902685,8.239523,988.742731,2.149441,164.790455,75.230425,157.625653,78.812826,137.026846,28.927890,26.868009,92.246831,102.994034,75.767785,-82.574348,42.272334,15.225205,67.617823,24.718568,24.091648,4.119761,223.900075
0.960000,1.049431,60.000000,-7.361122,1.053541,60.000000,-4.984819,1.038509,60.000000,-7.513561,1.014809,60.000000,-8.418431,1.015250,60.000000,-7.559474,1.017135,60.000000,-6.980149,1.007760,60.000000,-8.887101,1.006832,60.000000,-9.316986,1.032682,60.000000,-9.046517,1.025403,60.000000,-4.748821,1.021568,60.000000,-5.507734,1.011373,60.000000,-5.469254,1.023325,60.000000,-5.338341,1.021904,60.000000,-6.704352,1.026077,60.000000,-6.755404,1.040657,60.000000,-5.385268,1.042630,60.000000,-6.367045,1.039992,60.000000,-7.181192,1.054456,60.000000,-0.802378,0.995187,60.000000,-1.680508,1.040364,60.000000,-3.260966,1.055231,60.000000,0.675524,1.050688,60.000000,0.501145,1.045590,60.000000,-5.279291,1.061415,60.000000,-3.746059,1.059794,60.000000,-4.791923,1.047051,60.000000,-6.532845,1.056666,60.000000,-1.672815,1.054939,60.000000,0.781358,1.047500,60.000000,-2.827688,0.982000,60.000000,0.000000,0.983100,60.000000,2.349955,0.997200,60.000000,3.857337,1.012300,60.000000,2.950924,1.049630,60.000000,5.093842,1.063500,60.000000,7.495099,1.027800,60.000000,2.312208,1.026500,60.000000,7.089511,1.030000,60.000000,-8.796257,1.000000,1.000000,1.000000,1.000000,1.000000,1.000000,1.000000,1.000000,-42.642226,0.000000,5.266508,11.685834,3.989094,13.039518,20.310015,-38.263628,288.383297,447.800150,209.391350,467.503357,6.717002,286.592096,294.652499,141.504847,562.436988,245.394482,221.661074,276.382253,200.614467,124.488442,251.663684,184.493662,253.902685,8.239523,988.742731,2.149441,164.790455,75.230425,157.625653,78.812826,137.026846,28.927890,26.868009,92.246831,102.994034,75.767785,-82.574348,42.272334,15.225205,67.617823,24.718568,24.091648,4.119761,223.900075
0.980000,1.049431,60.000000,-7.361122,1.053541,60.000000,-4.984819,1.038509,60.000000,-7.513561,1.014809,60.000000,-8.418431,1.015250,60.000000,-7.559474,1.017135,60.000000,-6.980149,1.007760,60.000000,-8.887101,1.006832,60.000000,-9.316986,1.032682,60.000000,-9.046517,1.025403,60.000000,-4.748821,1.021568,60.000000,-5.507734,1.011373,60.000000,-5.469254,1.023325,60.000000,-5.338341,1.021904,60.000000,-6.704352,1.026077,60.000000,-6.755404,1.040657,60.000000,-5.385268,1.042630,60.000000,-6.367045,1.039992,60.000000,-7.181192,1.054456,60.000000,-0.802378,0.995187,60.000000,-1.680508,1.040364,60.000000,-3.260966,1.055231,60.000000,0.675524,1.050688,60.000000,0.501145,1.045590,60.000000,-5.279291,1.061415,60.000000,-3.746059,1.059794,60.000000,-4.791923,1.047051,60.000000,-6.532845,1.056666,60.000000,-1.672815,1.054939,60.000000,0.781358,1.047500,60.000000,-2.827688,0.982000,60.000000,0.000000,0.983100,60.000000,2.349955,0.997200,60.000000,3.857337,1.012300,60.000000,2.950924,1.049630,60.000000,5.093842,1.063500,60.000000,7.495099,1.027800,60.000000,2.312208,1.026500,60.000000,7.089511,1.030000,60.000000,-8.796257,1.000000,1.000000,1.000000,1.000000,1.000000,1.000000,1.000000,1.000000,-42.642226,0.000000,5.266508,11.685834,3.989094,13.039518,20.310015,-38.263628,288.383297,447.800150,209.391350,467.503357,6.717002,286.592096,294.652499,141.504847,562.436988,245.394482,221.661074,276.382253,200.614467,124.488442,251.663684,184.493662,253.902685,8.239523,988.742731,2.149441,164.790455,75.230425,157.625653,78.812826,137.026846,28.927890,26.868009,92.246831,102.994034,75.767785,-82.574348,42.272334,15.225205,67.617823,24.718568,24.091648,4.119761,223.900075
1.000000,1.049431,60.000000,-7.361122,1.053541,60.000000,-4.984819,1.038509,60.000000,-7.513561,1.014809,60.000000,-8.418431,1.015250,60.000000,-7.559474,1.017135,60.000000,-6.980149,1.007760,60.000000,-8.887101,1.006832,60.000000,-9.316986,1.032682,60.000000,-9.046517,1.025403,60.000000,-4.748821,1.021568,60.000000,-5.507734,1.011373,60.000000,-5.469254,1.023325,60.000000,-5.338341,1.021904,60.000000,-6.704352,1.026077,60.000000,-6.755404,1.040657,60.000000,-5.385268,1.042630,60.000000,-6.367045,1.039992,60.000000,-7.181192,1.054456,60.000000,-0.802378,0.995187,60.000000,-1.680508,1.040364,60.000000,-3.260966,1.055231,60.000000,0.675524,1.050688,60.000000,0.501145,1.045590,60.000000,-5.279291,1.061415,60.000000,-3.746059,1.059794,60.000000,-4.791923,1.047051,60.000000,-6.532845,1.056666,60.000000,-1.672815,1.054939,60.000000,0.781358,1.047500,60.000000,-2.827688,0.982000,60.000000,0.000000,0.983100,60.000000,2.349955,0.997200,60.000000,3.857337,1.012300,60.000000,2.950924,1.049630,60.000000,5.093842,1.063500,60.000000,7.495099,1.027800,60.000000,2.312208,1.026500,60.000000,7.089511,1.030000,60.000000,-8.796257,1.000000,1.000000,1.000000,1.000000,1.000000,1.000000,1.000000,1.000000,-42.642226,0.000000,5.266508,11.685834,3.989094,13.039518,20.310015,-38.263628,288.383297,447.800150,209.391350,467.503357,6.717002,286.592096,294.652499,141.504847,562.436988,245.394482,221.661074,276.382253,200.614467,124.488442,251.663684,184.493662,253.902685,8.239523,988.742731,2.149441,164.790455,75.230425,157.625653,78.812826,137.026846,28.927890,26.868009,92.246831,102.994034,75.767785,-82.574348,42.272334,15.225205,67.617823,24.718568,24.091648,4.119761,223.900075
1.020000,0.870926,59.981369,-9.701534,0.718973,59.976742,-9.342070,0.526030,59.948265,-16.446021,0.221731,59.997649,-18.756932,0.000000,60.278349,-91.771260,0.067079,60.599965,5.297030,0.093930,60.197001,-9.219575,0.109649,60.102845,-12.351192,0.613163,59.994530,-10.261687,0.230676,60.386391,1.401765,0.175721,60.408049,1.753313,0.198279,60.328581,-1.386625,0.240327,60.271887,-3.434931,0.278908,60.059095,-13.284501,0.469714,59.916239,-19.883634,0.573980,59.898905,-17.764457,0.576609,59.907659,-18.235577,0.554772,59.917343,-18.655321,0.693641,60.007632,-5.596047,0.694180,59.974784,-7.550974,0.612340,59.874238,-15.987354,0.677343,59.867786,-10.276649,0.670942,59.830584,-12.166415,0.592772,59.877979,-18.853436,0.734197,60.006770,-8.812788,0.684727,59.931590,-13.898839,0.624832,59.905393,-18.226263,0.740313,59.923437,-9.484737,0.763302,59.943968,-5.425097,0.849688,59.987616,-4.492938,0.343505,61.341301,26.041984,0.449379,60.650052,16.341207,0.716117,60.117664,4.212499,0.779298,60.043414,0.674859,0.741236,59.905478,-2.372177,0.747707,59.725712,-6.240131,0.790707,60.102336,1.556863,0.801113,59.995576,4.353934,0.947365,59.985558,-9.578044,0.999962,1.001422,1.001293,1.000084,1.000044,1.000188,1.000235,0.999874,-42.958597,0.000000,5.239791,11.411120,3.693447,12.776592,20.054794,-38.597185,220.739557,68.800071,5.773239,17.564931,0.825241,188.892310,247.613946,114.912236,542.755277,218.388733,210.123659,239.292317,197.899897,119.319082,227.532514,182.439686,252.834145,3.038211,988.742731,1.645264,25.318426,2.074218,5.922276,9.682824,90.314136,24.309819,21.818779,89.018780,91.659505,71.824087,-71.493038,41.700335,14.592981,61.134181,24.443375,23.990259,1.519105,223.900075
1.040000,0.859713,59.982028,-10.109838,0.703591,59.976011,-9.836045,0.512857,59.952345,-17.193405,0.214664,59.976854,-19.308374,0.000000,60.102416,-91.032175,0.063582,60.246029,7.452929,0.091097,60.068386,-8.763212,0.107332,60.030555,-12.265013,0.607108,59.989272,-10.586364,0.219261,60.211618,2.934655,0.166951,60.213006,3.337413,0.188543,60.170610,-0.205215,0.228779,60.140097,-2.542885,0.267909,60.008281,-13.583015,0.455732,59.917745,-21.044192,0.558520,59.905266,-19.044102,0.561002,59.918730,-19.350546,0.540061,59.928070,-19.663473,0.670201,59.966920,-6.177291,0.669231,59.959568,-8.203734,0.599608,59.878674,-17.586739,0.667177,59.861249,-12.095349,0.660738,59.857260,-14.123774,0.578159,59.892527,-20.290746,0.715854,59.996496,-9.138478,0.665551,59.947154,-14.698365,0.607108,59.925213,-19.247470,0.719324,59.949031,-10.261511,0.742130,59.965147,-6.061082,0.836481,59.984463,-4.881259,0.325676,60.477376,30.885865,0.429137,60.396553,19.462694,0.692618,60.016032,4.172899,0.752049,60.014596,0.508034,0.733797,59.845500,-4.239745,0.740301,59.833639,-8.784509,0.767448,60.061343,1.800324,0.780754,60.005149,4.063402,0.938847,59.985928,-9.936324,0.999923,1.002832,1.002568,1.000068,1.000093,1.000343,1.000480,0.999750,-43.902306,0.000000,5.154954,10.523935,2.803174,11.972054,19.289054,-39.597642,214.078622,64.484281,5.430199,16.830446,0.746181,180.445257,240.958896,111.625912,532.380957,214.599775,208.227078,233.876982,196.175559,117.456178,222.401976,180.741127,251.245469,2.731009,988.742731,1.595617,23.730215,1.950970,5.674633,8.755190,86.275389,23.656451,21.194793,87.317259,90.069249,71.175801,-69.875106,41.336993,14.365144,59.755691,24.215801,23.839517,1.365504,223.900075
1.060000,0.852263,59.986545,-10.638320,0.693800,59.987570,-10.373160,0.504828,59.976535,-17.837354,0.210428,59.999040,-19.787956,0.000000,60.083944,-90.832461,0.061704,60.186591,8.458413,0.089467,60.050853,-8.797233,0.105947,60.021315,-12.522196,0.603003,59.989393,-11.085170,0.212618,60.183358,3.873028,0.161903,60.181608,4.267263,0.182869,60.150891,0.482802,0.221992,60.128634,-2.029642,0.261418,60.027681,-13.853008,0.447747,59.963268,-21.827053,0.549763,59.953972,-19.899331,0.551839,59.960129,-20.148149,0.531317,59.964249,-20.420801,0.656859,59.984141,-6.753816,0.654300,59.981469,-8.811119,0.592721,59.940955,-18.559535,0.662158,59.932886,-13.141630,0.655351,59.937406,-15.150914,0.569902,59.948215,-21.200107,0.704281,60.004729,-9.545423,0.653543,59.977409,-15.352375,0.596316,59.963359,-20.018002,0.705680,59.982383,-10.890183,0.728221,59.994961,-6.591976,0.827787,59.987831,-5.397291,0.317043,60.316907,32.991463,0.417872,60.326892,21.517548,0.679596,60.007215,3.816001,0.734875,60.020575,0.217747,0.731177,59.915132,-5.412817,0.736096,59.947047,-9.793193,0.752572,60.051421,1.769475,0.767102,60.025890,3.774488,0.932948,59.986853,-10.454487,0.999885,1.004242,1.003839,1.000086,1.000166,1.000504,1.000756,0.999636,-45.471618,0.000000,5.011009,9.027887,1.330297,10.626798,18.027125,-41.258759,209.864982,61.964358,5.237610,16.398670,0.701951,175.463867,236.993957,109.581941,525.125510,212.446787,207.167631,230.653852,194.870548,116.143921,219.035984,179.364621,249.814687,2.588144,988.742731,1.564211,22.802884,1.881776,5.529053,8.236226,83.893661,23.267188,20.806698,86.127273,89.165622,70.813663,-68.912136,41.062008,14.204652,58.851305,24.031376,23.703757,1.294072,223.900075
1.080000,0.846907,59.989177,-11.317680,0.686737,59.994951,-11.023461,0.499079,59.990502,-18.536082,0.207294,60.015151,-20.316522,0.000000,60.100407,-90.758317,0.060315,60.207868,9.280467,0.088209,60.059454,-8.993694,0.104889,60.026022,-12.945659,0.600041,59.990017,-11.753542,0.207616,60.200762,4.660439,0.158109,60.199539,5.043917,0.178567,60.168913,1.042129,0.216823,60.146638,-1.628206,0.256522,60.046629,-14.164721,0.442068,59.986666,-22.576642,0.543659,59.977525,-20.714435,0.545358,59.981604,-20.929123,0.525109,59.983491,-21.182744,0.647682,59.997768,-7.401291,0.643899,59.998026,-9.463793,0.588049,59.967240,-19.454080,0.658919,59.960515,-14.086955,0.651731,59.965661,-16.059575,0.564161,59.973374,-22.048363,0.696022,60.011667,-10.075185,0.644815,59.996921,-16.019445,0.588557,59.985334,-20.773898,0.695519,60.006377,-11.501293,0.717810,60.017885,-7.118108,0.821576,59.989627,-6.071510,0.311666,60.342764,34.748351,0.410097,60.338240,23.298291,0.670716,60.011013,3.286311,0.722776,60.029068,-0.192050,0.729896,59.944145,-6.480161,0.733071,59.977236,-10.618922,0.741873,60.050455,1.536972,0.756834,60.045415,3.453905,0.928732,59.987190,-11.142175,0.999848,1.005651,1.005106,1.000139,1.000254,1.000670,1.001052,0.999537,-47.666267,0.000000,4.806490,6.938489,-0.716444,8.743486,16.279985,-43.574850,206.776567,60.132548,5.091343,16.072986,0.669314,171.851986,234.146931,108.089679,519.608409,210.944752,206.433098,228.343432,193.836554,115.119731,216.502912,178.199963,248.542854,2.501107,988.742731,1.541192,22.128778,1.829225,5.419244,7.853281,82.166731,22.987677,20.523357,85.222398,88.535206,70.562586,-68.221855,40.844131,14.079392,58.170711,23.875335,23.583079,1.250553,223.900075
1.100000,0.842828,59.991114,-12.158292,0.681221,60.001383,-11.802204,0.494543,60.001885,-19.323961,0.204633,60.030269,-20.910488,0.000000,60.125977,-90.693952,0.059049,60.252321,10.199057,0.087034,60.073773,-9.273779,0.103937,60.033369,-13.497149,0.597783,59.990392,-12.595234,0.203087,60.237296,5.492204,0.154667,60.236834,5.870405,0.174648,60.202361,1.632142,0.212112,60.177264,-1.210318,0.252180,60.066987,-14.509182,0.437466,60.005197,-23.359241,0.538887,59.995543,-21.565031,0.540263,59.998277,-21.756556,0.520225,59.998516,-22.004176,0.640740,60.011079,-8.128950,0.636069,60.013065,-10.181294,0.584463,59.986225,-20.374002,0.656514,59.979871,-15.053513,0.648987,59.984615,-16.990754,0.559684,59.991976,-22.925965,0.689653,60.018839,-10.730636,0.637878,60.013199,-16.738766,0.582415,60.002709,-21.571262,0.687275,60.026989,-12.132907,0.709339,60.038401,-7.667684,0.816904,59.991426,-6.909906,0.307822,60.413812,36.753312,0.403687,60.384806,25.159066,0.664023,60.019116,2.629017,0.713722,60.038999,-0.710149,0.729121,59.965065,-7.557457,0.730732,59.994638,-11.473481,0.733527,60.053798,1.142090,0.748493,60.064938,3.097102,0.925619,59.987058,-12.006476,0.999811,1.007059,1.006367,1.000221,1.000353,1.000836,1.001360,0.999452,-50.485524,0.000000,4.539670,4.269879,-3.331041,6.323573,14.055093,-46.539297,204.297956,58.598128,4.956622,15.782542,0.640252,168.882857,231.873059,106.891823,515.204110,209.769046,205.864309,226.502405,192.980740,114.263454,214.430510,177.167513,247.380991,2.439790,988.742731,1.522718,21.564111,1.780822,5.321317,7.512286,80.747116,22.764437,20.295916,84.500037,88.041753,70.368164,-67.671814,40.663799,13.974667,57.613891,23.737007,23.472835,1.219895,223.900075
1.120000,0.839552,59.992552,-13.166599,0.676633,60.007195,-12.716814,0.490689,60.011715,-20.216421,0.202143,60.043940,-21.581102,0.000000,60.152563,-90.617907,0.057751,60.303536,11.293209,0.085811,60.087948,-9.629084,0.102983,60.040123,-14.176823,0.595957,59.990352,-13.615400,0.198498,60.281267,6.445090,0.151171,60.281348,6.822529,0.170659,60.241261,2.311546,0.207323,60.212085,-0.729437,0.247908,60.086512,-14.889132,0.433372,60.021066,-24.200120,0.534828,60.010879,-22.477894,0.535932,60.012449,-22.655048,0.516076,60.011270,-22.907426,0.635151,60.023838,-8.942446,0.629863,60.026804,-10.975749,0.581435,60.002139,-21.351235,0.654507,59.996104,-16.075076,0.646687,60.000384,-17.980274,0.555882,60.007604,-23.863098,0.684437,60.025829,-11.514395,0.631974,60.027472,-17.529566,0.577187,60.017479,-22.435104,0.680119,60.045410,-12.805677,0.701972,60.057275,-8.256488,0.813229,59.993407,-7.913880,0.304766,60.495476,39.146615,0.397699,60.446461,27.250640,0.658663,60.028760,1.858481,0.706666,60.049132,-1.334733,0.728520,59.982649,-8.679410,0.728775,60.008996,-12.397447,0.726614,60.058829,0.600504,0.741275,60.084198,2.700491,0.923229,59.986541,-13.052842,0.999774,1.008463,1.007621,1.000328,1.000457,1.000999,1.001675,0.999383,-53.928104,0.000000,4.208727,1.034843,-6.509091,3.367426,11.357631,-50.144319,202.162713,57.180719,4.818297,15.494098,0.611343,166.209138,229.906243,105.857739,511.560209,208.761125,205.379481,224.911598,192.242019,113.505146,212.619939,176.207942,246.278030,2.391575,988.742731,1.506803,21.042505,1.731125,5.224064,7.173094,79.468744,22.571342,20.099571,83.902391,87.618720,70.202441,-67.196530,40.508140,13.881924,57.127421,23.608443,23.368180,1.195787,223.900075
1.140000,0.836780,59.993588,-14.347540,0.672606,60.012463,-13.773200,0.487205,60.020254,-21.225148,0.199654,60.055688,-22.342881,0.000000,60.177588,-90.537780,0.056335,60.357138,12.586774,0.084463,60.100097,-10.071933,0.101962,60.045232,-14.996034,0.594386,59.989900,-14.818851,0.193556,60.328181,7.548095,0.147399,60.328642,7.927892,0.166353,60.281745,3.098270,0.202162,60.247640,-0.174510,0.243441,60.103892,-15.318769,0.429465,60.034679,-25.118151,0.531132,60.024179,-23.470851,0.532003,60.024720,-23.641405,0.512321,60.022274,-23.908049,0.630414,60.035929,-9.848212,0.624736,60.039399,-11.857676,0.578667,60.015862,-22.405145,0.652656,60.010174,-17.170889,0.644581,60.014062,-19.047083,0.552417,60.021064,-24.878857,0.679941,60.032407,-12.430750,0.626653,60.040172,-18.406000,0.572463,60.030297,-23.382775,0.673554,60.062153,-13.534725,0.695204,60.074825,-8.896640,0.810210,59.995591,-9.083821,0.302103,60.579804,41.960547,0.391663,60.515075,29.638985,0.654156,60.039064,0.979483,0.700995,60.059012,-2.068515,0.727918,59.997837,-9.866941,0.727008,60.021740,-13.406708,0.720622,60.064400,-0.083165,0.734686,60.103024,2.259519,0.921314,59.985731,-14.285426,0.999738,1.009864,1.008867,1.000458,1.000565,1.001156,1.001993,0.999333,-57.992316,0.000000,3.811793,-2.754822,-10.247193,-0.125463,8.191136,-54.381039,200.209266,55.781586,4.668082,15.188434,0.580883,163.629299,228.088500,104.908547,508.447783,207.827295,204.929164,223.440241,191.577946,112.798538,210.946793,175.275618,245.188823,2.349965,988.742731,1.492243,20.527624,1.677155,5.121005,6.815689,78.235259,22.392883,19.919344,83.391913,87.226784,70.048514,-66.756935,40.368210,13.795505,56.677875,23.483529,23.264830,1.174983,223.900075
1.160000,0.834316,59.994310,-15.704990,0.668901,60.017271,-14.976287,0.483888,60.027665,-22.360062,0.197058,60.065241,-23.212332,0.000000,60.199989,-90.471338,0.054743,60.412307,14.090829,0.082935,60.109304,-10.622618,0.100830,60.048165,-15.970504,0.592950,59.989069,-16.209796,0.188070,60.376557,8.813322,0.143204,60.377321,9.197823,0.161565,60.322432,3.995295,0.196432,60.282563,0.451525,0.238607,60.118392,-15.818400,0.425540,60.046208,-26.130132,0.527572,60.035749,-24.558480,0.528247,60.035400,-24.729223,0.508738,60.031809,-25.018690,0.626208,60.047404,-10.852256,0.620341,60.051074,-12.835701,0.575968,60.027744,-23.551194,0.650807,60.022412,-18.356283,0.642511,60.025990,-20.205926,0.549074,60.032710,-25.988527,0.675888,60.038536,-13.484285,0.621625,60.051588,-19.379427,0.567977,60.041542,-24.427923,0.667256,60.077564,-14.331897,0.688706,60.091292,-9.597943,0.807623,59.998008,-10.419525,0.299606,60.665263,45.204447,0.385316,60.587700,32.357737,0.650200,60.049745,-0.006058,0.696318,60.068567,-2.915149,0.727210,60.010979,-11.136982,0.725304,60.033145,-14.512830,0.715240,60.070057,-0.908708,0.728410,60.121376,1.769447,0.919705,59.984707,-15.707362,0.999703,1.011261,1.010105,1.000609,1.000675,1.001307,1.002311,0.999302,-62.676215,0.000000,3.347050,-7.088107,-14.542605,-4.156278,4.557868,-59.239672,198.329332,54.340366,4.500734,14.852932,0.547924,161.010703,226.314263,103.991294,505.706019,206.905506,204.480320,222.000808,190.957544,112.110524,209.325454,174.334387,244.074702,2.311280,988.742731,1.478231,19.997255,1.617030,5.007885,6.428970,76.983242,22.218695,19.745182,82.942229,86.839902,69.895091,-66.326878,40.237482,13.711359,56.242248,23.357423,23.159116,1.155640,223.900075
1.180000,0.832024,59.994786,-17.242045,0.665357,60.021694,-16.330185,0.480597,60.034053,-23.629927,0.194278,60.072363,-24.207456,0.000000,60.218957,-90.442236,0.052930,60.469404,15.816731,0.081185,60.114744,-11.307123,0.099552,60.048440,-17.119188,0.591567,59.987883,-17.791994,0.181897,60.426176,10.248705,0.138474,60.427220,10.639968,0.156167,60.362901,5.000724,0.189983,60.316249,1.140024,0.233282,60.129407,-16.412623,0.421458,60.055735,-27.251800,0.523993,60.045773,-25.753500,0.524501,60.044684,-25.930174,0.505174,60.040053,-26.250226,0.622311,60.058349,-11.959772,0.616439,60.062031,-13.916661,0.573207,60.037982,-24.802833,0.648855,60.032997,-19.644740,0.640365,60.036343,-21.469710,0.545703,60.042750,-27.205322,0.672087,60.044250,-14.679244,0.616687,60.061930,-20.459251,0.563545,60.051465,-25.581829,0.661000,60.091897,-15.206744,0.682252,60.106869,-10.368443,0.805315,60.000700,-11.920271,0.297138,60.751818,48.884797,0.378500,60.663602,35.430535,0.646582,60.060706,-1.097063,0.692371,60.077851,-3.877912,0.726326,60.022271,-12.504473,0.723573,60.043302,-15.726146,0.710260,60.075639,-1.877470,0.722227,60.139283,1.225821,0.918289,59.983532,-17.321042,0.999669,1.012654,1.011336,1.000779,1.000785,1.001448,1.002628,0.999293,-67.977740,0.000000,2.812893,-11.954740,-19.393056,-8.726729,0.459037,-64.709752,196.444691,52.817765,4.312785,14.478909,0.511924,158.257872,224.506722,103.067527,503.215067,205.951036,204.009005,220.529556,190.356967,111.415741,207.692393,173.354222,242.901810,2.273366,988.742731,1.464184,19.436937,1.549504,4.881778,6.006574,75.667045,22.041237,19.569784,82.533681,86.439303,69.733987,-65.887314,40.110932,13.626386,55.803472,23.226100,23.047826,1.136683,223.900075
1.200000,0.829811,59.995064,-18.961296,0.661854,60.025785,-17.838466,0.477229,60.039471,-25.042886,0.191257,60.076753,-25.348111,0.000000,60.233481,-90.480594,0.050856,60.529347,17.781181,0.079177,60.115384,-12.158102,0.098104,60.045489,-18.464764,0.590183,59.986351,-19.568997,0.174911,60.477410,11.863574,0.133115,60.478747,12.263659,0.150051,60.403080,6.111507,0.182686,60.348297,1.879206,0.227372,60.136219,-17.130702,0.417117,60.063257,-28.498583,0.520279,60.054349,-27.067606,0.520647,60.052684,-27.254810,0.501515,60.047105,-27.612520,0.618557,60.068826,-13.175325,0.612857,60.072416,-15.106080,0.570288,60.046687,-26.172407,0.646724,60.042027,-21.048733,0.638064,60.045214,-22.850368,0.542192,60.051296,-28.541308,0.668398,60.049591,-16.019472,0.611691,60.071344,-21.653561,0.559030,60.060227,-26.854292,0.654623,60.105336,-16.167212,0.675678,60.121707,-11.214897,0.803175,60.003699,-13.584978,0.294621,60.839764,53.009699,0.371115,60.743026,38.880664,0.643148,60.071898,-2.292797,0.688963,60.086933,-4.959486,0.725217,60.031832,-13.983210,0.721749,60.052252,-17.056484,0.705538,60.081100,-2.991285,0.715984,60.156793,0.624596,0.916992,59.982254,-19.128379,0.999636,1.014044,1.012562,1.000967,1.000897,1.001581,1.002940,0.999305,-73.894846,0.000000,2.208124,-17.345217,-24.796646,-13.838944,-4.105037,-70.780402,194.495476,51.188141,4.102137,14.060685,0.472612,155.297880,222.606239,102.107557,500.880687,204.929376,203.496566,218.976901,189.756859,110.693454,205.997278,172.308719,241.639146,2.235005,988.742731,1.449656,18.837236,1.473822,4.740767,5.545311,74.251799,21.854655,19.387511,82.150813,86.010505,69.558826,-65.423429,39.984481,13.538048,55.348023,23.086023,22.928018,1.117502,223.900075
1.220000,0.827609,59.995171,-20.865096,0.658305,60.029564,-19.504470,0.473705,60.043922,-26.606947,0.187956,60.078013,-26.656761,0.000000,60.242067,-90.625850,0.048486,60.593557,20.009686,0.076885,60.109825,-13.217228,0.096467,60.038608,-20.034607,0.588759,59.984466,-21.544382,0.167003,60.531026,13.671741,0.127039,60.532696,14.082922,0.143118,60.443017,7.324683,0.174425,60.378230,2.654167,0.220808,60.137866,-18.008118,0.412445,60.068695,-29.886289,0.516343,60.061507,-28.512117,0.516595,60.059444,-28.713205,0.497676,60.052999,-29.115026,0.614820,60.078859,-14.503213,0.609459,60.082316,-16.408711,0.567140,60.053901,-27.671796,0.644357,60.049542,-22.580308,0.635548,60.052640,-24.359435,0.538459,60.058389,-30.008078,0.664716,60.054586,-17.508581,0.606522,60.079921,-22.969665,0.554329,60.067920,-28.254288,0.648001,60.118013,-17.220180,0.668859,60.135921,-12.143151,0.801122,60.007017,-15.412428,0.292012,60.929441,57.589648,0.363102,60.826704,42.735518,0.639776,60.083270,-3.592877,0.685948,60.095861,-6.162149,0.723846,60.039719,-15.586431,0.719780,60.059999,-18.513560,0.700962,60.086424,-4.252164,0.709563,60.173968,-0.037869,0.915760,59.980903,-21.131028,0.999604,1.015431,1.013784,1.001170,1.001008,1.001705,1.003248,0.999340,-80.425642,0.000000,1.532178,-23.250900,-30.751817,-19.495421,-9.134822,-77.440612,192.434156,49.436487,3.868035,13.595401,0.429945,152.073752,220.564488,101.087484,498.625249,203.812590,202.927644,217.302524,189.140766,109.925722,204.198088,171.173336,240.256934,2.195604,988.742731,1.434292,18.192627,1.389713,4.583890,5.044684,72.710263,21.654204,19.193826,81.780893,85.541781,69.364358,-64.923178,39.854661,13.444153,54.864611,22.933903,22.796866,1.097802,223.900075
1.240000,0.825369,59.995117,-22.955783,0.654642,60.033028,-21.331603,0.469966,60.047368,-28.330386,0.184350,60.075631,-28.159340,0.000000,60.242437,-90.931617,0.045789,60.664157,22.540867,0.074289,60.096163,-14.538533,0.094633,60.026946,-21.861921,0.587272,59.982208,-23.721936,0.158071,60.588215,15.694280,0.120168,60.590293,16.119265,0.135275,60.482775,8.637639,0.165093,60.405310,3.445404,0.213541,60.133038,-19.088889,0.407391,60.071910,-31.431682,0.512119,60.067226,-30.098473,0.512277,60.064963,-30.315430,0.493591,60.057728,-30.767253,0.610996,60.088434,-15.947838,0.606140,60.091768,-17.829016,0.563708,60.059621,-29.312889,0.641710,60.055543,-24.251509,0.632770,60.058621,-26.008459,0.534441,60.064023,-31.617259,0.660957,60.059243,-19.150179,0.601089,60.087715,-24.414494,0.549360,60.074587,-29.790455,0.641034,60.130029,-18.371829,0.661695,60.149606,-13.158425,0.799095,60.010650,-17.401493,0.289303,61.021157,62.637362,0.354440,60.915653,47.029008,0.636372,60.094760,-4.997437,0.683212,60.104653,-7.488075,0.722185,60.045951,-17.327246,0.717626,60.066522,-20.107277,0.696448,60.091602,-5.662288,0.702875,60.190869,-0.764875,0.914559,59.979500,-23.330577,0.999574,1.016816,1.015006,1.001388,1.001120,1.001820,1.003550,0.999397,-87.568523,0.000000,0.785361,-29.664151,-37.257382,-25.699009,-14.631499,-84.679546,190.222902,47.557646,3.611212,13.083247,0.384112,148.542391,218.341874,99.987867,496.382604,202.577689,202.289257,215.473195,188.494318,109.096424,202.258656,169.924303,238.725520,2.155049,988.742731,1.417810,17.501214,1.297441,4.411210,4.506914,71.021831,21.435996,18.985038,81.413070,85.023482,69.146146,-64.376632,39.718446,13.342728,54.343518,22.766557,22.651557,1.077524,223.900075
1.260000,0.823055,59.994901,-25.235858,0.650814,60.036154,-23.323575,0.465973,60.049747,-30.222052,0.180430,60.068995,-29.886114,0.000000,60.231054,-91.473421,0.042739,60.744454,25.433406,0.071382,60.071827,-16.192849,0.092602,60.009524,-23.986814,0.585712,59.979557,-26.105778,0.148023,60.650794,17.963299,0.112431,60.653411,18.405568,0.126436,60.522384,10.047906,0.154593,60.428292,4.225798,0.205551,60.119967,-20.428645,0.401930,60.072717,-33.152927,0.507562,60.071455,-31.838599,0.507642,60.069208,-32.071903,0.489214,60.061252,-32.579100,0.607004,60.097509,-17.514017,0.602812,60.100773,-19.371546,0.559953,60.063817,-31.107909,0.638753,60.060007,-26.074674,0.629696,60.063130,-27.809302,0.530093,60.068159,-33.380862,0.657057,60.063554,-20.948071,0.595321,60.094752,-25.994899,0.544061,60.080245,-31.471439,0.633643,60.141463,-19.627903,0.654108,60.162842,-14.265507,0.797050,60.014571,-19.551362,0.286509,61.115139,68.167254,0.345155,61.011084,51.803098,0.632857,60.106285,-6.507339,0.680659,60.113299,-8.939618,0.720217,60.050522,-19.218931,0.715254,60.071782,-21.847962,0.691928,60.096622,-7.224107,0.695848,60.207565,-1.559432,0.913365,59.978054,-25.728700,0.999545,1.018200,1.016232,1.001619,1.001232,1.001926,1.003847,0.999477,-95.322315,0.000000,-0.030897,-36.578490,-44.312585,-32.452926,-20.596910,-92.486855,187.832785,45.556610,3.334138,12.527916,0.335556,144.675208,215.906873,98.793295,494.095341,201.206190,201.570538,213.462223,187.804841,108.190755,200.147598,168.537962,237.014664,2.113625,988.742731,1.399996,16.764833,1.197894,4.223972,3.937193,69.172834,21.196936,18.758221,81.037930,84.447853,68.900475,-63.775817,39.573163,13.231963,53.776312,22.580814,22.489222,1.056812,223.900075
1.280000,0.820642,59.994496,-27.708179,0.646784,60.038854,-25.484730,0.461697,60.050870,-32.291891,0.176205,60.057214,-31.872978,0.000000,60.202252,-92.361411,0.039316,60.839936,28.778521,0.068175,60.033369,-18.273571,0.090393,59.985266,-26.457157,0.584077,59.976493,-28.700434,0.136776,60.721722,20.528405,0.103765,60.725119,20.992840,0.116521,60.561793,11.552626,0.142836,60.444975,4.955086,0.196852,60.096033,-22.099319,0.396053,60.070430,-35.071268,0.502639,60.073853,-33.745913,0.502654,60.071924,-33.994208,0.484512,60.063345,-34.561575,0.602774,60.105918,-19.207526,0.599400,60.109218,-21.041477,0.555848,60.066186,-33.070362,0.635463,60.062664,-28.063296,0.626300,60.065900,-29.774974,0.525382,60.070473,-35.312288,0.652964,60.067453,-22.906569,0.589157,60.100952,-27.718133,0.538382,60.084742,-33.306543,0.625758,60.152325,-20.994041,0.646028,60.175665,-15.469001,0.794952,60.018719,-21.861794,0.283673,61.211506,74.194630,0.335321,61.114394,57.108987,0.629164,60.117712,-8.124464,0.678206,60.121733,-10.519661,0.717926,60.053189,-21.275752,0.712638,60.075555,-23.747020,0.687347,60.101447,-8.940504,0.688421,60.224119,-2.424321,0.912163,59.976568,-28.327292,0.999517,1.019585,1.017467,1.001860,1.001345,1.002024,1.004137,0.999578,-103.686415,0.000000,-0.913782,-43.988768,-51.917187,-39.760804,-27.033510,-100.853000,185.242009,43.448217,3.041289,11.937131,0.284992,140.482242,213.232791,97.491175,491.710079,199.681963,200.761416,211.246665,187.060706,107.194337,197.836031,166.989646,235.092256,2.071988,988.742731,1.380686,15.988944,1.092679,4.024780,3.343908,67.168072,20.934405,18.510983,80.646717,83.808123,68.623902,-63.113877,39.416363,13.110099,53.155233,22.373370,22.306814,1.035994,223.900075
1.300000,0.818113,59.993884,-30.376166,0.642522,60.041070,-27.820464,0.457121,60.050631,-34.551686,0.171703,60.039485,-34.163066,0.000000,60.146867,-93.761747,0.035509,60.960234,32.723914,0.064703,59.976362,-20.903720,0.088037,59.953146,-29.328832,0.582378,59.973009,-31.510846,0.124259,60.806128,23.469346,0.094115,60.810768,23.963471,0.105453,60.600905,13.148063,0.129739,60.451527,5.569906,0.187493,60.058077,-24.195631,0.389759,60.064703,-37.213874,0.497315,60.074273,-35.836988,0.497280,60.073002,-36.096378,0.479457,60.063904,-36.727891,0.598234,60.113566,-21.035814,0.595829,60.117050,-22.845259,0.551364,60.066605,-35.216664,0.631813,60.063392,-30.233571,0.622554,60.066814,-31.921153,0.520276,60.070833,-37.427987,0.648632,60.070903,-25.030858,0.582539,60.106301,-29.592490,0.532275,60.088035,-35.306683,0.617313,60.162680,-22.476184,0.637389,60.188152,-16.773595,0.792775,60.023028,-24.333428,0.280863,61.310180,80.734565,0.325077,61.226981,63.008003,0.625224,60.128944,-9.851982,0.675772,60.129909,-12.231966,0.715293,60.053840,-23.514547,0.709746,60.077717,-25.818179,0.682654,60.106049,-10.814964,0.680536,60.240623,-3.362119,0.910944,59.975039,-31.128577,0.999490,1.020972,1.018717,1.002111,1.001459,1.002114,1.004423,0.999700,-112.660923,0.000000,-1.858837,-51.891329,-60.071569,-47.626740,-33.944315,-109.769582,182.432844,41.256226,2.739391,11.323162,0.233422,136.052206,210.291644,96.069570,489.169297,197.987382,199.850371,208.802132,186.250264,106.091711,195.293645,165.251739,232.922036,2.031153,988.742731,1.359748,15.182291,0.984212,3.817771,2.738824,65.049961,20.645654,18.241058,80.229996,83.096894,68.312490,-62.383527,39.245591,12.975245,52.472136,22.140524,22.100892,1.015576,223.900075
1.320000,0.878041,59.985890,-32.801868,0.751658,60.011228,-30.187473,0.629991,60.007536,-35.359305,0.456569,60.001160,-33.431608,0.400611,60.034830,-25.878789,0.385735,60.057633,-22.473136,0.407301,60.021558,-30.106924,0.424777,60.011111,-32.001399,0.738682,59.980226,-33.648450,0.375370,60.135830,-13.270086,0.376989,60.104408,-16.554479,0.366603,60.093189,-17.604987,0.391575,60.082918,-18.336240,0.446208,60.014114,-28.538949,0.567126,60.006722,-36.849924,0.642511,60.020150,-36.036348,0.644250,60.020617,-36.254090,0.636441,60.013604,-36.833118,0.705427,60.033110,-24.065738,0.682669,60.045955,-25.146291,0.680782,60.023304,-35.429838,0.743036,60.031733,-31.235787,0.733313,60.029232,-32.818062,0.660691,60.018566,-37.271179,0.752481,60.021423,-27.143548,0.694074,60.055245,-30.585939,0.660836,60.035570,-35.453075,0.702891,60.113997,-23.641919,0.713620,60.140029,-18.397946,0.857072,59.997920,-27.253556,0.317641,60.691982,33.289921,0.365998,60.792629,34.263122,0.706376,60.007357,-14.372558,0.740705,60.043976,-15.389733,0.804473,60.041303,-24.989774,0.791597,60.037617,-28.192080,0.754036,60.027788,-14.374484,0.734197,60.194995,-5.671356,0.940279,59.975483,-33.817815,0.999476,1.021207,1.018982,1.002108,1.001361,1.001928,1.004466,0.999795,-121.995351,0.000000,-2.827503,-60.092041,-68.571831,-55.864013,-41.133898,-118.990798,262.336016,282.750867,108.482598,261.812766,2.821090,238.023453,271.814480,129.675277,538.240637,234.495197,218.580596,259.620601,199.198856,120.123438,236.432880,179.056754,247.982442,2.597917,988.742731,1.955299,104.052319,38.975784,88.274036,33.100788,113.804964,26.685738,24.621888,88.278321,98.419517,74.714822,-77.566492,41.974045,14.691356,63.525560,23.990128,23.529904,1.298959,223.900075
1.340000,0.873188,59.972060,-35.729669,0.740409,59.990484,-32.966111,0.611294,59.951392,-38.336649,0.426479,59.896946,-36.663217,0.364390,59.918069,-28.886284,0.347374,59.945459,-25.279930,0.373189,59.912921,-33.179999,0.392325,59.909989,-35.126379,0.724856,59.948356,-36.697136,0.333276,60.092868,-15.174599,0.336258,60.034050,-18.816397,0.328398,60.017489,-19.977543,0.352231,60.003057,-20.807063,0.413745,59.907199,-31.672077,0.545491,59.926023,-39.950541,0.625489,59.963172,-38.930408,0.626965,59.962983,-39.148849,0.618581,59.952962,-39.792388,0.696028,60.053325,-26.476379,0.676840,60.052454,-27.537868,0.665237,59.970634,-38.282311,0.729410,59.994692,-33.949747,0.719853,59.988228,-35.570561,0.644183,59.957298,-40.199730,0.742138,60.008893,-29.810385,0.678753,60.020305,-33.122707,0.644365,59.982581,-38.220417,0.687158,60.091159,-25.698619,0.698399,60.130092,-20.203832,0.852355,59.999153,-30.020066,0.273635,61.465601,39.223879,0.326984,61.291990,39.560674,0.701185,60.095512,-16.617594,0.739250,60.074871,-17.677143,0.793183,60.019233,-27.559072,0.781666,60.016003,-30.787547,0.748949,60.052586,-16.810269,0.721844,60.210935,-6.954150,0.939489,59.968229,-36.788114,0.999463,1.021542,1.019342,1.002114,1.001237,1.001736,1.004489,0.999906,-131.451458,0.000000,-3.782076,-68.407224,-77.237497,-64.299532,-48.426465,-128.282683,256.291597,252.561992,91.131270,224.867021,2.263739,228.579615,266.610613,126.950621,535.776920,231.467445,217.211491,255.412784,198.515533,118.769422,232.614051,177.152361,245.712130,1.927951,988.742731,1.910248,92.942813,32.741774,75.817233,26.561201,109.289628,26.174841,24.104548,87.874240,97.148745,74.246837,-76.309329,41.830059,14.525756,62.499504,23.734976,23.314484,0.963975,223.900075
1.360000,0.864992,59.960033,-38.787793,0.723562,59.972601,-35.917073,0.585875,59.907670,-41.685308,0.388951,59.775156,-40.729967,0.319340,59.712412,-33.145473,0.299441,59.719379,-29.418728,0.330866,59.720587,-37.424914,0.352101,59.737624,-39.311840,0.706723,59.908732,-40.046957,0.280147,59.913252,-18.032158,0.285036,59.831433,-22.202052,0.280413,59.820661,-23.462781,0.302871,59.812938,-24.372228,0.373077,59.761541,-35.766496,0.516375,59.864182,-43.565505,0.601019,59.925750,-42.170522,0.602474,59.925676,-42.389644,0.593692,59.912144,-43.120209,0.677784,60.052494,-28.893278,0.663079,60.049741,-29.972806,0.642960,59.938987,-41.443718,0.709930,59.971465,-36.898359,0.700540,59.963818,-38.571850,0.620443,59.919865,-43.483649,0.725657,59.997570,-32.598836,0.656621,60.000841,-35.870368,0.620827,59.952402,-41.289578,0.664991,60.082679,-27.887402,0.677009,60.129212,-22.076748,0.843764,59.994957,-32.845485,0.217482,62.214417,50.189100,0.279714,61.757687,48.108489,0.687080,60.118739,-18.611606,0.730799,60.085952,-19.884768,0.777220,60.002638,-30.298999,0.767252,60.001483,-33.541991,0.737613,60.059878,-19.194735,0.704351,60.224597,-8.176361,0.936729,59.960289,-39.855205,0.999447,1.022109,1.019894,1.002126,1.001121,1.001555,1.004517,1.000018,-141.106022,0.000000,-4.734124,-76.910819,-86.147798,-73.008371,-55.901024,-137.718205,247.063747,211.701717,71.633103,181.120930,1.650529,214.546965,258.195341,122.683429,529.486428,226.482615,214.808722,248.536243,197.149527,116.491039,226.416460,173.984696,241.900491,1.217862,988.742731,1.841470,77.906232,25.736444,61.067593,19.366207,102.580269,25.348662,23.294323,86.842520,95.056573,73.425528,-74.254832,41.542222,14.247106,60.834317,23.310571,22.952816,0.608931,223.900075
1.380000,0.855277,59.945822,-42.014730,0.704368,59.949215,-39.094648,0.558292,59.852464,-45.472804,0.350396,59.579804,-46.072619,0.273311,59.362949,-39.575449,0.250198,59.309456,-36.036421,0.287685,59.410041,-43.639063,0.311055,59.470700,-45.224100,0.687563,59.861297,-43.790516,0.223472,59.512178,-23.170225,0.231098,59.413649,-28.015041,0.229981,59.427753,-29.259245,0.251070,59.444475,-30.130382,0.331177,59.534607,-41.338321,0.485371,59.792290,-47.741632,0.574044,59.885699,-45.763052,0.575472,59.885169,-45.984579,0.566436,59.865841,-46.837902,0.655985,60.043323,-31.431160,0.645858,60.042678,-32.522284,0.618372,59.906899,-44.905779,0.688361,59.946823,-40.092107,0.679128,59.938715,-41.823142,0.594228,59.881709,-47.110891,0.706492,59.980853,-35.566616,0.631522,59.981270,-38.830300,0.594507,59.922511,-44.645483,0.639682,60.077070,-30.196141,0.652520,60.130466,-24.018905,0.833327,59.985394,-35.798897,0.165224,63.498631,68.620607,0.232823,62.406059,60.668731,0.669486,60.124055,-20.603819,0.718933,60.088886,-22.126099,0.759547,59.983054,-33.244294,0.751122,59.984131,-36.485669,0.723181,60.056944,-21.649037,0.684171,60.237949,-9.375445,0.932919,59.950987,-43.057820,0.999427,1.022955,1.020684,1.002149,1.001021,1.001390,1.004568,1.000123,-151.072371,0.000000,-5.701601,-85.711224,-95.409204,-82.096343,-63.663136,-147.410532,235.732709,171.811256,54.155742,141.354718,1.110223,197.935627,247.640628,117.381673,520.676670,220.096941,211.540846,239.811713,195.132806,113.445976,218.453846,169.675473,236.645027,0.702905,988.742731,1.757015,63.226542,19.457153,47.659828,13.026618,94.637972,24.312439,22.287660,85.397607,92.376454,72.308508,-71.648217,41.117270,13.874688,58.694895,22.733219,22.454149,0.351453,223.900075
1.400000,0.845024,59.931405,-45.450711,0.684455,59.925036,-42.549565,0.530834,59.794350,-49.775519,0.314662,59.327929,-53.181246,0.231876,58.834053,-49.416043,0.205795,58.631872,-46.866831,0.248766,58.962832,-52.801964,0.273863,59.103924,-53.611329,0.669179,59.810359,-47.998055,0.168728,58.642445,-33.195581,0.180296,58.594992,-38.599852,0.182526,58.692077,-39.419992,0.202338,58.782388,-39.880898,0.292424,59.227501,-49.005816,0.455269,59.717213,-52.553275,0.546885,59.847679,-49.738163,0.548207,59.846582,-49.966123,0.539080,59.820347,-50.989208,0.632855,60.032763,-34.146875,0.627168,60.036243,-35.225168,0.593550,59.877884,-48.688219,0.666479,59.923879,-43.559149,0.657390,59.915900,-45.348238,0.567774,59.846903,-51.100895,0.686375,59.963498,-38.763192,0.605333,59.964868,-42.021065,0.567467,59.896608,-48.302245,0.612885,60.076436,-32.627353,0.626493,60.135905,-26.038105,0.822109,59.974105,-38.935200,0.133844,65.255719,98.863001,0.194623,63.306968,78.945767,0.650469,60.123858,-22.690272,0.705391,60.089270,-24.464417,0.741575,59.963461,-36.434687,0.734603,59.966862,-39.657807,0.707269,60.049641,-24.251062,0.662610,60.253067,-10.576326,0.928632,59.941011,-46.436504,0.999400,1.024093,1.021737,1.002186,1.000943,1.001245,1.004651,1.000211,-161.477256,0.000000,-6.700120,-94.927315,-105.137573,-91.679621,-71.825097,-157.489251,223.091109,138.555171,40.493867,109.572310,0.699321,180.159133,235.660018,111.399917,509.935679,212.709627,207.573350,229.804065,192.520519,109.746151,209.139035,164.307642,230.016123,0.461265,988.742731,1.662791,50.988303,14.548695,36.943921,8.205366,86.138586,23.136227,21.151883,83.635947,89.275939,70.952345,-68.658246,40.566824,13.422191,56.192161,22.014034,21.825163,0.230633,223.900075
1.420000,0.834356,59.908667,-49.183681,0.663579,59.878777,-46.456920,0.503514,59.689773,-54.924639,0.284363,58.970150,-62.839133,0.201076,58.106134,-64.288177,0.173923,57.654329,-64.307533,0.219239,58.369243,-66.130362,0.244782,58.625834,-65.395410,0.652437,59.750522,-52.767649,0.124555,56.741639,-54.149149,0.141217,57.087689,-58.437698,0.145365,57.376351,-57.757008,0.163523,57.624829,-56.903210,0.260012,58.769265,-59.859020,0.426121,59.546496,-58.640316,0.518784,59.717708,-54.709856,0.520023,59.736765,-54.817726,0.511224,59.712873,-56.000169,0.606949,59.979528,-37.350757,0.605727,59.997281,-38.326080,0.567716,59.719675,-53.643481,0.643228,59.741031,-48.350287,0.634236,59.749285,-50.094783,0.540311,59.711130,-56.124878,0.664853,59.926279,-42.351371,0.576993,59.915166,-45.687471,0.538746,59.820195,-52.611729,0.583355,60.058031,-35.328974,0.597711,60.129730,-28.245052,0.810012,59.950773,-42.364487,0.143916,65.180147,135.145177,0.176485,64.188320,104.027842,0.628861,60.101263,-25.062025,0.689181,60.072298,-27.052141,0.721530,59.737615,-41.220929,0.716048,59.823492,-43.893125,0.689617,60.031838,-27.109985,0.638736,60.267043,-11.826574,0.924148,59.928544,-50.042198,0.999363,1.025521,1.023065,1.002236,1.000885,1.001120,1.004776,1.000271,-172.450457,0.000000,-7.739381,-104.678994,-115.449812,-101.875814,-80.496940,-168.090115,209.164346,113.157018,31.451709,87.537279,0.443551,161.400022,221.834498,104.628838,496.100891,204.018096,202.627557,218.136162,189.164027,105.141270,197.985705,157.433537,221.434356,0.533298,988.742731,1.558989,41.641783,11.300015,29.514485,5.204335,77.169386,21.778888,19.866235,81.366866,85.628033,69.261783,-65.172243,39.859563,12.859004,53.195447,21.093037,21.010879,0.266649,223.900075
1.440000,0.824429,59.892512,-53.211974,0.644044,59.848524,-50.763062,0.479756,59.619595,-60.773188,0.265827,58.704440,-74.816333,0.191603,57.727145,-83.293728,0.168034,57.256344,-86.921955,0.208148,58.019958,-82.992430,0.231541,58.310238,-80.169132,0.639397,59.700216,-58.092303,0.114623,55.511093,-88.180422,0.133123,56.291179,-87.476977,0.135007,56.571806,-84.446222,0.150263,56.839175,-81.492318,0.241610,58.437340,-73.617014,0.402156,59.449793,-65.642076,0.493537,59.662232,-60.289319,0.494512,59.684997,-60.243471,0.486395,59.655519,-61.623789,0.581563,59.958228,-40.889277,0.584401,59.985891,-41.693559,0.544549,59.670166,-59.182698,0.622334,59.692630,-53.730983,0.613310,59.704097,-55.401208,0.515586,59.659755,-61.733691,0.644359,59.904221,-46.278473,0.549563,59.895312,-49.684616,0.511700,59.787826,-57.349160,0.553887,60.062217,-38.190841,0.568824,60.141141,-30.558375,0.798441,59.934042,-46.091445,0.190727,63.473309,161.375664,0.188460,64.045693,130.892129,0.607202,60.092193,-27.668596,0.672624,60.067971,-29.847581,0.703606,59.686201,-46.640997,0.698897,59.784538,-48.635871,0.672074,60.017775,-30.239914,0.614674,60.288214,-13.107345,0.919979,59.917142,-53.905955,0.999313,1.027217,1.024671,1.002296,1.000845,1.001010,1.004952,1.000290,175.881832,0.000000,-8.820368,-115.082590,-126.459108,-112.798490,-89.779845,-179.349590,195.960085,98.885310,28.350031,78.323425,0.382595,144.836330,208.172315,98.015020,480.738211,195.353137,197.518488,206.516768,185.427814,100.089142,186.296280,149.571480,211.499252,0.936647,988.742731,1.460572,36.389794,10.185640,26.407898,4.489115,69.249870,20.437586,18.610447,78.847191,81.991280,67.515410,-61.700732,39.072289,12.241118,50.054694,20.039674,20.068183,0.468323,223.900075
1.460000,0.815851,59.876577,-57.563004,0.626874,59.817189,-55.499830,0.461275,59.555685,-67.312227,0.263217,58.639044,-88.096478,0.208416,58.114721,-101.825465,0.192612,57.998670,-107.311458,0.220417,58.239918,-100.100666,0.238923,58.393471,-95.726239,0.631522,59.661372,-63.939632,0.149027,57.455503,-116.087601,0.163346,57.635763,-112.342319,0.159278,57.590428,-108.822953,0.171184,57.581494,-105.186039,0.242158,58.407836,-88.729990,0.385177,59.364517,-73.507009,0.472413,59.605860,-66.482402,0.472969,59.632928,-66.253166,0.466037,59.600278,-67.861809,0.557631,59.931813,-44.811701,0.563994,59.971583,-45.363255,0.525050,59.620689,-65.287652,0.604572,59.644733,-59.667038,0.595375,59.658515,-61.243596,0.494802,59.607875,-67.924352,0.625832,59.880539,-50.579212,0.523943,59.872867,-54.043274,0.487385,59.753244,-62.537232,0.525154,60.066653,-41.227978,0.540452,60.153501,-32.991969,0.788037,59.915614,-50.153319,0.254465,62.404734,177.645238,0.227585,63.209949,152.854677,0.586253,60.078093,-30.570884,0.656414,60.060982,-32.893282,0.688387,59.637670,-52.627524,0.683595,59.742825,-53.879569,0.655400,60.000105,-33.694525,0.590935,60.311004,-14.435475,0.916483,59.905952,-58.058127,0.999249,1.029142,1.026542,1.002366,1.000820,1.000912,1.005182,1.000261,163.405647,0.000000,-9.933533,-126.241908,-138.266163,-124.549621,-99.759167,168.605123,184.984958,96.953539,31.790587,83.397287,0.532520,132.872780,195.839731,92.185390,464.540080,187.421863,192.657175,195.932844,181.597181,94.841778,174.805636,140.941528,200.452179,1.667282,988.742731,1.378770,35.678902,11.421768,28.118626,6.248237,63.529798,19.226819,17.503555,76.190491,78.662461,65.853725,-58.538588,38.265120,11.599354,46.967351,18.883428,19.019977,0.833641,223.900075
1.480000,0.809170,59.862645,-62.254483,0.613019,59.789142,-60.684069,0.449608,59.516706,-74.444917,0.277809,58.855958,-100.803070,0.246790,58.893953,-115.665514,0.238877,59.007286,-120.813347,0.253502,58.858724,-113.820842,0.266215,58.845842,-109.126931,0.630051,59.644053,-70.208932,0.207517,59.141095,-129.938645,0.217070,59.055714,-126.342324,0.207006,58.932520,-123.621694,0.217397,58.823040,-120.619930,0.262300,58.754505,-102.540878,0.376683,59.331436,-82.009733,0.456586,59.566219,-73.251655,0.456573,59.595166,-72.816941,0.451451,59.562995,-74.660997,0.535933,59.904211,-49.165656,0.545140,59.956629,-49.373653,0.510185,59.586872,-71.922695,0.590745,59.611612,-66.124997,0.581258,59.625835,-67.598980,0.479098,59.572097,-74.661013,0.610101,59.858156,-55.280196,0.500880,59.850850,-58.797277,0.466725,59.723578,-68.190736,0.497612,60.071200,-44.465884,0.512986,60.166150,-35.568079,0.779394,59.896473,-54.585534,0.323679,61.895990,-171.280403,0.283281,62.495866,168.845633,0.566578,60.059940,-33.826417,0.641073,60.051759,-36.232812,0.676483,59.606662,-59.128520,0.670788,59.707524,-59.634954,0.640236,59.979443,-37.523747,0.567810,60.334401,-15.829362,0.913982,59.895820,-62.520184,0.999168,1.031238,1.028649,1.002440,1.000808,1.000819,1.005468,1.000175,150.027306,0.000000,-11.057180,-138.240842,-150.951904,-137.212733,-110.497833,155.664440,177.738846,108.000893,42.050404,103.538132,0.899481,127.076768,186.060967,87.783302,448.273824,180.984105,188.517054,187.440823,178.006771,89.681287,164.311079,131.775335,188.541181,2.697622,988.742731,1.324762,39.744329,15.107929,34.909409,10.553906,60.758580,18.266776,16.667716,73.522618,75.960482,64.438557,-56.001438,37.508570,10.968215,44.147639,17.655336,17.889798,1.348811,223.900075
1.500000,0.804944,59.852921,-67.281580,0.603519,59.770391,-66.285165,0.446089,59.522259,-81.920776,0.307122,59.247537,-111.317649,0.297823,59.562931,-124.489233,0.295924,59.718193,-128.569149,0.300186,59.471766,-123.196971,0.307999,59.381744,-118.993288,0.635814,59.656292,-76.725982,0.274323,59.965752,-136.072803,0.280281,59.858290,-133.240754,0.265118,59.761746,-131.300847,0.275831,59.667224,-129.041894,0.297874,59.263123,-113.228972,0.377767,59.380238,-90.645349,0.447359,59.561531,-80.411895,0.446588,59.587701,-79.778233,0.443921,59.560972,-81.832389,0.517611,59.879792,-53.959958,0.528764,59.942796,-53.740807,0.501089,59.584642,-78.920639,0.581861,59.607874,-72.949942,0.572006,59.619784,-74.330251,0.469764,59.569463,-81.768397,0.598101,59.841143,-60.373809,0.481293,59.833184,-63.945948,0.450810,59.707349,-74.255748,0.471823,60.075257,-47.926004,0.486901,60.177973,-38.309231,0.773180,59.878714,-59.403750,0.392638,61.648141,-162.830358,0.346748,62.067291,-179.242897,0.549029,60.038094,-37.482763,0.627335,60.040149,-39.902423,0.668696,59.607842,-65.968316,0.661412,59.688801,-65.828651,0.627336,59.957174,-41.763029,0.545612,60.357232,-17.309670,0.912763,59.887794,-67.299217,0.999071,1.033432,1.030948,1.002513,1.000800,1.000719,1.005811,1.000027,135.680831,0.000000,-12.156868,-151.137356,-164.571294,-150.846792,-122.030134,141.743766,175.505642,131.994156,58.964192,138.590430,1.475377,127.809041,180.147446,85.437103,433.131131,176.877417,185.654265,182.191191,175.059256,84.973515,155.769260,122.399882,176.120268,3.969518,988.742731,1.308117,48.573850,21.184740,46.727808,17.311094,61.108698,17.686208,16.222235,71.039023,74.236872,63.460003,-54.433013,36.887486,10.392444,41.852595,16.399208,16.711235,1.984759,223.900075
1.520000,0.803612,59.849727,-72.613556,0.599246,59.767724,-72.215520,0.451288,59.584084,-89.368994,0.346351,59.653354,-119.139200,0.354203,60.021907,-129.718314,0.356492,60.158620,-132.751484,0.353496,59.927369,-129.112484,0.357851,59.823720,-125.639928,0.648872,59.699807,-83.275951,0.342467,60.390967,-138.518565,0.345682,60.299700,-136.390930,0.326159,60.232857,-135.007703,0.338259,60.165321,-133.305546,0.342756,59.728100,-120.642072,0.388285,59.513632,-98.804477,0.445588,59.606350,-87.651829,0.443861,59.624318,-86.863734,0.444188,59.607690,-89.066988,0.503896,59.864666,-59.155003,0.515887,59.932673,-58.455534,0.498573,59.626746,-86.003219,0.578715,59.644835,-79.885996,0.568483,59.651687,-81.202006,0.467677,59.613949,-88.951404,0.590663,59.834599,-65.808717,0.466031,59.825670,-69.442743,0.440555,59.714654,-80.600308,0.448314,60.078719,-51.622647,0.462623,60.188107,-41.235425,0.770010,59.865327,-64.594987,0.457828,61.520512,-155.837210,0.412255,61.832522,-169.750568,0.534593,60.014129,-41.570134,0.616026,60.026418,-43.928481,0.665682,59.651050,-72.876510,0.656396,59.696242,-72.307015,0.617463,59.935842,-46.423130,0.524590,60.378473,-18.895214,0.913025,59.882886,-72.385561,0.998957,1.035642,1.033378,1.002575,1.000790,1.000604,1.006208,0.999812,120.334168,0.000000,-13.186954,-164.958928,-179.148543,-165.481274,-134.356972,126.790147,178.797669,167.867383,81.766958,187.084755,2.232976,135.025089,178.994255,85.520938,420.562022,175.718924,184.532660,180.997290,173.141540,81.098305,150.053941,113.185143,163.590363,5.224850,988.742730,1.332653,61.775197,29.377350,63.078385,26.200251,64.558871,17.572992,16.238153,68.977527,73.750642,63.076618,-54.076313,36.483396,9.918498,40.316984,15.164611,15.522331,2.612425,223.900074
1.540000,0.805433,59.854596,-78.194829,0.600768,59.785515,-78.335454,0.464834,59.697550,-96.394058,0.390651,59.995375,-124.577317,0.411063,60.330412,-132.638192,0.416153,60.441080,-134.805772,0.408395,60.247802,-132.666769,0.410602,60.152908,-129.906670,0.668457,59.769220,-89.654339,0.408198,60.643775,-139.032278,0.409214,60.568121,-137.489790,0.385938,60.521748,-136.489926,0.399953,60.474347,-135.178167,0.391586,60.089998,-125.438655,0.406925,59.707298,-105.978562,0.451502,59.703582,-94.592877,0.448647,59.708912,-93.729870,0.452276,59.704457,-95.998302,0.496016,59.864300,-64.655520,0.507580,59.928642,-63.477826,0.502994,59.715958,-92.830845,0.581778,59.724352,-86.624276,0.571228,59.724593,-87.920110,0.473130,59.709004,-95.846845,0.588425,59.842331,-71.489019,0.455807,59.833480,-75.187254,0.436579,59.752712,-87.017071,0.427566,60.080538,-55.560603,0.440534,60.194635,-44.363414,0.770377,59.859001,-70.113774,0.516855,61.451205,-149.750938,0.475796,61.710731,-161.677442,0.524350,59.989765,-46.093469,0.608046,60.010800,-48.323320,0.667885,59.735356,-79.547195,0.656520,59.734360,-78.855192,0.611348,59.917984,-51.483593,0.504927,60.396430,-20.602297,0.914853,59.881786,-77.752774,0.998828,1.037782,1.035862,1.002612,1.000766,1.000460,1.006654,0.999530,103.992587,0.000000,-14.094988,-179.700982,165.324713,178.886170,-147.444009,110.786680,187.146380,213.555664,109.044274,245.978706,3.126522,148.214984,182.821768,88.037134,412.143865,177.747801,185.407962,184.101699,172.550904,78.400896,147.793414,104.523115,151.376753,6.175234,988.742730,1.394880,78.588484,39.177583,82.935349,36.684527,70.865289,17.948763,16.715911,67.596842,74.602178,63.375812,-55.003814,36.358940,9.588599,39.709618,14.004068,14.363438,3.087617,223.900074
1.560000,0.811362,59.865207,-83.966066,0.609818,59.815812,-84.521920,0.488262,59.851253,-102.673244,0.440156,60.337894,-127.832463,0.469407,60.634633,-133.625398,0.476114,60.723516,-135.094932,0.466198,60.580830,-134.107890,0.467480,60.495060,-131.989891,0.696099,59.860381,-95.682795,0.472326,60.891048,-138.028467,0.471813,60.830141,-136.960407,0.445608,60.794585,-136.245922,0.461365,60.756438,-135.232329,0.444065,60.424119,-128.032453,0.434584,59.948046,-111.792945,0.466913,59.846200,-100.881892,0.462781,59.834065,-100.057390,0.469914,59.843230,-102.297011,0.496306,59.865314,-70.400368,0.505729,59.918569,-68.803552,0.516123,59.848366,-99.075685,0.592733,59.842620,-92.869321,0.581984,59.834195,-94.202005,0.487937,59.849720,-102.105973,0.593074,59.855605,-77.338439,0.452406,59.842069,-81.120375,0.440826,59.812891,-93.313097,0.410477,60.051011,-59.862387,0.421186,60.167917,-47.828767,0.775435,59.854209,-75.920339,0.570500,61.477092,-143.977790,0.535878,61.712087,-154.159481,0.520126,59.947996,-51.113264,0.604817,59.981600,-53.136962,0.676743,59.858891,-85.687983,0.663429,59.794307,-85.282629,0.610361,59.892740,-56.952510,0.486617,60.391367,-22.523269,0.918701,59.884146,-83.363003,0.998688,1.039778,1.038318,1.002609,1.000712,1.000274,1.007141,0.999187,86.697577,0.000000,-14.828581,164.669849,148.886518,162.287696,-161.224398,93.752864,200.804525,266.597901,136.481263,305.967455,4.080713,167.003494,192.493570,93.324007,410.235790,183.596401,188.736936,192.272671,173.770716,77.485551,150.207145,97.015911,140.042910,6.883337,988.742731,1.496680,98.108027,49.035184,103.161441,47.880361,79.848546,18.898305,17.719748,67.283895,77.056884,64.513716,-57.445043,36.615972,9.476650,40.358148,12.998248,13.288022,3.441668,223.900075
1.580000,0.822380,59.888768,-89.834958,0.628386,59.876912,-90.589137,0.523252,60.043541,-107.890347,0.496309,60.619510,-129.084083,0.531154,60.857239,-133.003617,0.538536,60.927456,-133.919467,0.528560,60.819551,-133.795470,0.529799,60.744109,-132.248712,0.732091,59.969544,-101.200675,0.537047,61.070728,-135.761269,0.535710,61.019459,-135.086048,0.508114,60.993547,-134.583324,0.524488,60.963841,-133.806243,0.501487,60.690071,-128.735740,0.472743,60.214553,-115.968635,0.494099,60.042471,-106.128738,0.488500,60.011580,-105.476278,0.499142,60.030426,-107.602341,0.508048,59.896000,-76.252029,0.513141,59.924767,-74.374170,0.540279,60.033329,-104.358480,0.613824,60.008372,-98.278026,0.603020,59.993399,-99.703177,0.514370,60.045648,-107.330364,0.606730,59.892680,-83.224251,0.458257,59.881809,-87.099399,0.455794,59.923323,-99.191556,0.398468,60.006251,-64.689750,0.405488,60.117403,-51.833247,0.786588,59.862439,-81.939390,0.621375,61.508545,-138.189603,0.593279,61.733117,-146.731331,0.524754,59.907058,-56.675399,0.608551,59.949980,-58.410668,0.694285,60.022307,-90.984345,0.679242,59.898933,-91.318219,0.616403,59.875007,-62.808978,0.469658,60.365848,-24.805302,0.924910,59.892329,-89.159751,0.998541,1.041584,1.040677,1.002532,1.000605,1.000025,1.007656,0.998790,68.517752,0.000000,-15.342584,148.202004,131.591875,144.773473,-175.610429,75.736156,219.360851,318.738574,161.179204,360.841330,4.928658,190.676077,208.489175,101.478609,417.805670,193.666059,194.783912,205.917946,177.196814,79.054837,158.486953,91.541670,130.410973,7.417972,988.742731,1.634988,117.295795,57.908696,121.662977,57.829590,91.167000,20.468694,19.268090,68.525452,81.283200,66.580683,-61.521823,37.337900,9.668577,42.582793,12.264806,12.374092,3.708986,223.900075
1.600000,0.838216,59.928585,-95.656108,0.656284,59.972482,-96.253006,0.568011,60.248073,-111.844635,0.556573,60.825364,-128.846686,0.594196,61.006466,-131.313799,0.601595,61.062227,-131.791543,0.592778,60.976281,-132.339137,0.594431,60.910432,-131.291549,0.773326,60.086053,-106.085863,0.601118,61.189574,-132.677380,0.599449,61.144477,-132.341956,0.571718,61.126696,-131.988309,0.587870,61.104849,-131.389237,0.561859,60.885529,-128.040563,0.520141,60.472316,-118.439518,0.532895,60.270990,-109.993072,0.525457,60.223275,-109.640633,0.539079,60.243313,-111.620463,0.533550,59.975840,-81.861193,0.532335,59.970527,-79.927271,0.575731,60.255246,-108.322798,0.645593,60.211770,-102.508200,0.634788,60.195330,-104.050914,0.552311,60.276809,-111.161775,0.629881,59.961839,-88.893924,0.474512,59.970777,-92.769466,0.482046,60.086327,-104.225233,0.392962,59.969442,-70.014338,0.394577,60.058468,-56.445036,0.804049,59.893331,-87.995381,0.669675,61.525415,-132.434385,0.647345,61.744532,-139.384133,0.540916,59.892111,-62.623260,0.621687,59.933519,-64.049078,0.721359,60.214513,-95.160808,0.704552,60.057879,-96.550828,0.630704,59.878473,-68.898365,0.454379,60.323918,-27.543065,0.933164,59.907857,-95.059762,0.998395,1.043161,1.042872,1.002346,1.000415,0.999693,1.008180,0.998358,49.541990,0.000000,-15.602696,130.946609,113.501716,126.402144,169.496372,56.807163,239.881935,364.877960,181.293010,405.765980,5.623121,216.447883,228.958490,111.399754,436.513523,206.824210,202.754142,223.394723,182.471159,83.274132,172.157862,89.029092,123.532489,7.802195,988.742731,1.787940,134.275089,65.135213,136.809985,65.977948,103.489144,22.478296,21.151852,71.593779,86.805782,69.305052,-66.743336,38.449280,10.184606,46.255938,11.928170,11.721425,3.901098,223.900075
1.620000,0.857117,59.969816,-101.309534,0.690491,60.058912,-101.349060,0.617836,60.368997,-114.710287,0.616508,60.895210,-127.763501,0.654487,61.044424,-129.104913,0.661490,61.091412,-129.225916,0.654250,61.018997,-130.329800,0.656432,60.962709,-129.715608,0.814992,60.179973,-110.349103,0.661393,61.203470,-129.256656,0.659640,61.163857,-129.223171,0.632737,61.149003,-128.976585,0.648212,61.130446,-128.512643,0.621414,60.942239,-126.569757,0.572890,60.567081,-119.684465,0.579674,60.356049,-112.716373,0.569908,60.325057,-112.691858,0.585633,60.354339,-114.514018,0.571301,60.038767,-86.990369,0.562926,60.018512,-85.199257,0.619301,60.287066,-111.295545,0.685053,60.189318,-105.957083,0.674129,60.199188,-107.544610,0.598171,60.352017,-113.858749,0.660258,60.030856,-94.158501,0.499107,60.057044,-97.856245,0.516626,60.194420,-108.300636,0.393669,59.980672,-75.565950,0.388456,60.046989,-61.487521,0.826177,59.935405,-93.903000,0.713895,61.499318,-126.844220,0.696050,61.704025,-132.266904,0.568553,59.901404,-68.689216,0.644753,59.933792,-69.860226,0.755176,60.108735,-98.831385,0.736135,60.074213,-101.044303,0.652565,59.902520,-75.009461,0.440855,60.315651,-30.668462,0.942565,59.926891,-100.978030,0.998258,1.044471,1.044835,1.002015,1.000118,0.999267,1.008692,0.997927,29.879387,0.000000,-15.587274,112.955336,94.681752,107.241837,154.202450,37.065033,258.478126,400.684204,195.491026,437.390721,6.129746,240.398163,249.954189,121.184157,463.651686,220.354972,210.686482,241.199569,188.372147,89.267364,188.511196,89.350025,119.729164,8.048621,988.742731,1.926545,147.451787,70.236297,147.472734,71.922354,114.940372,24.539575,23.009650,76.044783,92.484751,72.016470,-72.062865,39.692702,10.917591,50.649805,11.971168,11.360545,4.024310,223.900075
1.640000,0.875931,60.017488,-106.758757,0.725294,60.155987,-105.928449,0.665446,60.484899,-116.953141,0.669368,60.944738,-126.514836,0.705751,61.065176,-126.920027,0.712145,61.106414,-126.731009,0.706350,61.037140,-128.337580,0.708986,60.986850,-128.100160,0.851294,60.254584,-114.150461,0.712253,61.212225,-125.985101,0.710481,61.175025,-126.225196,0.684962,61.164087,-126.066774,0.699709,61.150198,-125.714427,0.673868,60.992399,-124.982440,0.623993,60.691886,-120.455458,0.627315,60.505384,-114.903997,0.614777,60.466842,-115.136979,0.631646,60.485933,-116.792084,0.614950,60.156158,-91.629671,0.600192,60.115962,-90.079676,0.664353,60.449590,-113.929314,0.726082,60.357890,-109.280160,0.714952,60.369828,-110.785411,0.644952,60.506350,-116.053770,0.692540,60.115749,-98.998903,0.526284,60.180788,-102.334220,0.552925,60.338207,-111.684853,0.397488,60.040387,-80.911152,0.385015,60.073206,-66.508431,0.849402,59.993442,-99.558847,0.750446,61.484566,-121.571623,0.735415,61.669941,-125.598899,0.603001,59.962784,-74.581832,0.674724,59.971835,-75.625844,0.790132,60.273504,-102.765231,0.768975,60.250060,-105.176740,0.678495,59.948163,-80.960684,0.428528,60.317049,-33.855129,0.951681,59.948189,-106.856542,0.998140,1.045464,1.046483,1.001530,0.999710,0.998757,1.009185,0.997541,9.662038,0.000000,-15.288384,94.288283,75.209932,87.379203,138.626431,16.645403,272.067264,423.920317,203.652463,455.401512,6.439217,258.847806,267.194360,128.971530,492.267106,231.284237,216.650750,255.619134,193.375051,95.342411,203.654197,91.092034,117.617503,8.176296,988.742731,2.027831,156.002677,73.168549,153.545337,75.553478,123.761607,26.232151,24.488265,80.738076,97.071851,74.055165,-76.370979,40.746886,11.660583,54.718476,12.204564,11.160179,4.088148,223.900075
1.660000,0.892586,60.055257,-111.954223,0.757354,60.225860,-109.969740,0.706779,60.541084,-118.671198,0.710755,60.938669,-125.207271,0.743627,61.047009,-124.809503,0.749234,61.086942,-124.332043,0.744560,61.013018,-126.453812,0.747568,60.966214,-126.561398,0.878645,60.297350,-117.605104,0.749559,61.190444,-122.837461,0.747748,61.154181,-123.340165,0.723814,61.144788,-123.252139,0.738187,61.133454,-122.987050,0.714997,60.990924,-123.313165,0.669351,60.742230,-120.700187,0.672164,60.585485,-116.357256,0.656401,60.543528,-116.886362,0.673265,60.552592,-118.450600,0.662309,60.247790,-95.568857,0.642644,60.198156,-94.355897,0.707067,60.549466,-115.695657,0.765238,60.478675,-111.618223,0.753875,60.489889,-113.039252,0.688981,60.590262,-117.481212,0.723682,60.181177,-103.354314,0.553291,60.277827,-106.071348,0.587714,60.428231,-114.305234,0.403392,60.137189,-85.700452,0.383905,60.152029,-71.156561,0.871449,60.048830,-104.850802,0.775988,61.483238,-116.397078,0.762171,61.635846,-119.230865,0.642889,60.032447,-80.035380,0.710837,60.020511,-81.110036,0.823989,60.408015,-105.656915,0.800740,60.394976,-108.189286,0.706231,59.997368,-86.610628,0.417924,60.363448,-36.896872,0.959425,59.966735,-112.643696,0.998050,1.046096,1.047750,1.000906,0.999210,0.998196,1.009655,0.997250,-10.953034,0.000000,-14.710274,75.027941,55.188502,66.931271,122.905881,-4.274751,280.551818,436.654566,207.380148,463.487078,6.595167,271.304923,279.605006,134.402312,518.916597,238.771542,220.187334,265.736943,196.963047,100.810181,216.221967,93.804639,116.940629,8.224677,988.742732,2.091070,160.688882,74.507838,156.271507,77.383294,129.717667,27.450583,25.519427,85.108929,100.214334,75.264034,-79.393863,41.502927,12.329303,58.095226,12.568000,11.095954,4.112338,223.900075
1.680000,0.903979,60.069214,-116.980646,0.780848,60.246049,-113.723752,0.734770,60.520662,-120.326119,0.733198,60.867057,-124.238168,0.760675,60.981109,-123.044462,0.765297,61.024814,-122.265482,0.761475,60.936978,-124.976562,0.764904,60.890940,-125.415993,0.892624,60.297311,-120.941686,0.766144,61.133481,-120.008058,0.764144,61.095488,-120.777664,0.741611,61.085153,-120.760190,0.756389,61.074242,-120.573691,0.737408,60.928665,-121.928783,0.701146,60.699780,-120.998269,0.706334,60.569285,-117.662045,0.687108,60.529796,-118.485159,0.703018,60.532385,-120.015671,0.704917,60.282214,-99.096122,0.682783,60.229566,-98.256264,0.739808,60.549582,-117.182043,0.795424,60.505758,-113.493534,0.783898,60.513469,-114.848169,0.722534,60.573602,-118.750795,0.747492,60.204695,-107.419246,0.572944,60.314599,-109.368453,0.613371,60.433924,-116.648378,0.405883,60.244614,-89.728186,0.380713,60.275654,-75.026903,0.888494,60.082055,-109.835411,0.783498,61.496442,-111.171194,0.770832,61.609663,-113.083841,0.680946,60.086769,-85.045456,0.747028,60.055945,-86.292405,0.850352,60.459530,-107.934447,0.825674,60.453406,-110.526779,0.730571,60.033262,-91.959523,0.407413,60.478740,-39.305332,0.964464,59.976336,-118.337285,0.997994,1.046325,1.048588,1.000192,0.998661,0.997634,1.010110,0.997097,-31.786773,0.000000,-13.863064,55.288991,34.751529,46.051398,107.197537,-25.479154,284.548495,441.555373,208.420126,465.703834,6.645419,277.840137,286.573817,137.345597,538.285853,242.615983,221.481332,271.198876,198.885518,104.432363,224.271140,94.940419,115.003862,8.232475,988.737363,2.120642,162.492447,74.881500,157.018951,77.973087,132.842226,28.134516,26.078166,88.284117,101.827619,75.706096,-81.025957,41.907678,12.772224,60.257703,12.720174,10.912183,4.116231,223.898471
1.700000,0.907000,60.046869,-122.026623,0.789342,60.199631,-117.588111,0.741019,60.407882,-122.499468,0.726616,60.711427,-124.114754,0.746452,60.850483,-121.997977,0.749706,60.904946,-120.860349,0.746931,60.788180,-124.324037,0.751183,60.739087,-125.106077,0.888633,60.239705,-124.491520,0.751473,61.035094,-117.736134,0.749072,60.989694,-118.808372,0.727377,60.975983,-118.879250,0.743789,60.963711,-118.776597,0.730784,60.791658,-121.284499,0.709284,60.550680,-122.039810,0.720068,60.443044,-119.538711,0.697575,60.410875,-120.615069,0.711899,60.409867,-122.144107,0.731985,60.246579,-102.652358,0.710710,60.192599,-102.197593,0.753402,60.431917,-119.157056,0.808384,60.417139,-115.653198,0.796880,60.418374,-116.979960,0.736149,60.441120,-120.621273,0.756863,60.170266,-111.532435,0.576585,60.272888,-112.713085,0.620741,60.339071,-119.362396,0.397515,60.352086,-92.950639,0.369046,60.447386,-77.764731,0.896508,60.075682,-114.713409,0.761797,61.536069,-105.707072,0.752754,61.612690,-106.975247,0.707417,60.110269,-89.761333,0.774841,60.059386,-91.319257,0.861997,60.402093,-110.288733,0.837372,60.397726,-112.914081,0.745133,60.043115,-97.124758,0.394264,60.691823,-40.423153,0.965538,59.970415,-123.990309,0.997973,1.046137,1.048984,0.999460,0.998121,0.997132,1.010582,0.997094,-52.645149,0.000000,-12.758108,35.226665,14.068932,24.931327,91.679378,-46.725423,285.248201,440.264285,207.548511,464.021772,6.606297,279.221925,288.769409,138.072601,548.424154,243.729328,221.654331,272.861040,199.447867,105.070521,226.392058,91.104376,108.063317,8.201944,988.742731,2.126074,162.017257,74.568327,156.451785,77.513882,133.502983,28.350310,26.216317,89.948547,102.295156,75.765480,-81.522320,42.026515,12.850351,60.827759,12.206217,10.253627,4.100972,223.900075
1.720000,0.899150,59.986759,-127.342000,0.777054,60.090213,-122.015833,0.717400,60.211012,-125.812068,0.680030,60.473478,-125.424704,0.689037,60.656569,-122.118590,0.690139,60.731601,-120.502767,0.689574,60.563024,-125.025123,0.695616,60.505084,-126.196567,0.862715,60.119928,-128.673223,0.692897,60.913834,-116.229341,0.689968,60.850435,-117.701751,0.668476,60.831078,-117.895456,0.687972,60.816038,-117.892812,0.683538,60.587339,-121.875214,0.683503,60.311477,-124.514650,0.703924,60.228574,-122.680806,0.678877,60.204674,-123.950659,0.691263,60.199401,-125.504292,0.733366,60.158132,-106.658035,0.717051,60.101654,-106.601768,0.739183,60.220480,-122.364706,0.796521,60.236321,-118.831047,0.785304,60.228635,-120.188025,0.720709,60.215840,-123.824309,0.745417,60.082162,-116.080829,0.556196,60.164804,-116.610373,0.601286,60.161008,-123.090851,0.371237,60.481443,-95.263422,0.342973,60.700146,-78.871823,0.892007,60.025003,-119.775394,0.697105,61.653503,-99.591025,0.696851,61.707358,-100.419214,0.713065,60.107747,-94.371375,0.786064,60.031914,-96.403984,0.852532,60.256455,-113.418370,0.830136,60.249227,-116.086194,0.743962,60.026871,-102.277203,0.376603,61.018450,-39.436131,0.961668,59.945811,-129.704100,0.997981,1.045600,1.048991,0.998787,0.997641,0.996744,1.011126,0.997220,-73.344668,0.000000,-11.408577,15.019792,-6.674262,3.778845,76.539520,-67.782101,282.234633,427.659258,201.412287,451.584776,6.353896,274.437485,286.153077,136.276351,550.343712,242.558088,221.511475,270.952165,198.746665,101.364581,220.608878,79.457384,93.333429,7.966914,988.742731,2.103612,157.378607,72.363696,152.258468,74.552381,131.215423,28.093448,25.875257,90.263379,101.803577,75.716650,-80.952008,41.878762,12.397107,59.273916,10.645747,8.855976,3.983457,223.900075
1.740000,0.880290,59.918016,-133.083765,0.743032,59.974518,-127.237983,0.662512,60.010560,-130.561735,0.590694,60.228409,-128.485766,0.584639,60.465288,-123.618059,0.582322,60.572107,-121.324081,0.586429,60.329777,-127.386619,0.595725,60.256401,-129.041857,0.815285,59.978185,-133.786593,0.585165,60.850417,-115.330695,0.581947,60.753508,-117.401479,0.561052,60.725926,-117.769882,0.584140,60.705589,-117.896913,0.592023,60.386950,-123.914658,0.621541,60.079198,-128.696726,0.655983,60.029478,-127.315050,0.629355,60.009401,-128.735933,0.639562,59.994533,-130.367140,0.706275,60.084236,-111.213412,0.698955,60.021294,-111.590049,0.695715,60.027981,-127.032014,0.758831,60.074597,-123.242801,0.748140,60.058294,-124.695646,0.674398,60.007406,-128.595873,0.712042,59.993358,-121.240005,0.510327,60.068705,-121.224189,0.553593,59.996630,-128.051253,0.325981,60.704161,-96.190417,0.302577,61.094881,-77.461860,0.874357,59.961587,-125.216817,0.583534,61.988181,-91.681668,0.598187,62.029099,-92.178646,0.694962,60.114617,-98.908147,0.777736,60.007818,-101.624631,0.821479,60.126938,-117.533478,0.803422,60.116180,-120.270404,0.725306,60.011854,-107.490037,0.357024,61.399605,-35.693990,0.952825,59.912481,-135.572313,0.998002,1.044937,1.048783,0.998238,0.997262,0.996508,1.011813,0.997425,-93.767243,0.000000,-9.841047,-5.182747,-27.333715,-17.239052,61.933444,-88.495126,271.348089,386.495074,179.544744,406.540665,5.518516,258.069358,275.554462,130.122339,544.491543,237.054658,219.798090,262.756801,195.764176,91.845031,203.913351,61.265396,72.642213,7.033013,988.742731,2.022471,142.230188,64.507094,137.071183,64.750594,123.389412,27.052916,24.706773,89.303550,99.493744,75.130984,-78.503490,41.250309,11.232846,54.788107,8.208373,6.892683,3.516506,223.900075
1.760000,0.855526,59.887564,-139.120943,0.697720,59.933728,-132.935312,0.592106,59.938766,-136.176947,0.480282,60.126835,-132.681266,0.455815,60.391711,-125.953252,0.448754,60.529388,-122.743616,0.460832,60.244795,-130.786686,0.474546,60.158023,-133.036737,0.757704,59.901220,-139.624661,0.449094,60.923247,-114.219550,0.446583,60.783551,-117.180150,0.429515,60.744021,-117.798513,0.453353,60.709843,-118.126899,0.477197,60.295312,-126.883377,0.541802,60.001158,-133.857458,0.592377,59.985079,-132.678229,0.564744,59.963225,-134.250100,0.572618,59.936722,-136.042980,0.663921,60.083504,-115.926134,0.667344,60.012760,-116.793812,0.638310,59.996172,-132.350302,0.709133,60.057216,-128.146258,0.699005,60.038281,-129.732677,0.612891,59.963809,-134.121035,0.667328,59.971186,-126.709142,0.452001,60.068810,-126.059245,0.492363,59.973271,-133.545566,0.272767,60.996478,-95.079163,0.258824,61.526709,-72.865327,0.849517,59.934911,-130.921829,0.443419,62.670219,-79.770648,0.475298,62.659308,-80.160457,0.663420,60.140908,-103.244299,0.757827,60.013176,-106.837896,0.780913,60.118631,-122.002390,0.767823,60.107302,-124.820658,0.696527,60.020822,-112.656007,0.342513,61.619182,-29.770598,0.941041,59.892079,-141.588846,0.998024,1.044499,1.048652,0.997854,0.997009,0.996438,1.012691,0.997665,-113.929558,0.000000,-8.107111,-25.337569,-47.880136,-38.072770,47.915313,-108.860635,249.430538,304.741667,134.109020,312.741372,3.835492,226.881080,254.956874,118.640082,531.504324,225.343606,214.593792,246.142696,189.577951,77.374835,177.230998,42.895865,53.152999,4.965122,988.735802,1.861056,112.147037,48.183581,105.447451,45.003062,108.479510,25.032421,22.527471,87.175506,94.580196,73.353385,-73.537887,39.947860,9.463318,47.619873,5.747213,5.043442,2.482454,223.900203
1.780000,0.832152,59.874866,-145.273800,0.655658,59.915773,-138.757045,0.528297,59.906551,-141.977930,0.381331,60.019057,-137.328178,0.338245,60.211648,-128.903886,0.325567,60.358659,-124.654599,0.348635,60.106870,-134.570245,0.366994,60.033308,-137.411819,0.706123,59.844075,-145.813028,0.318696,60.887396,-112.793001,0.318718,60.687696,-116.983826,0.309151,60.630813,-117.964626,0.329390,60.577955,-118.632833,0.371457,60.117871,-130.610809,0.470024,59.957483,-139.241678,0.534919,59.985788,-138.014366,0.506220,59.961726,-139.752051,0.512035,59.926851,-141.767399,0.624564,60.081136,-120.604271,0.637412,60.013565,-121.975215,0.586883,60.012472,-137.545201,0.664805,60.075267,-132.903351,0.655121,60.057878,-134.617987,0.557297,59.973314,-139.572907,0.625502,59.962354,-132.224927,0.397684,60.068624,-130.816686,0.436535,59.985986,-138.922713,0.223401,61.263403,-92.067023,0.221781,61.886722,-65.631801,0.825978,59.924525,-136.726767,0.316692,63.695921,-61.546585,0.360358,63.517588,-62.671212,0.633396,60.132697,-107.546083,0.737923,60.011316,-112.040842,0.745121,60.132355,-126.346395,0.736188,60.120978,-129.246860,0.668129,60.020290,-117.794384,0.335279,61.689116,-23.122816,0.929468,59.880915,-147.713110,0.998042,1.044531,1.048838,0.997644,0.996888,0.996529,1.013756,0.997928,-133.990711,0.000000,-6.274808,-45.527730,-68.414720,-58.808880,34.409747,-129.024999,221.854705,203.488023,79.533624,196.767419,2.006166,189.075116,229.950620,104.835682,515.974600,210.564589,207.121454,225.506462,181.524946,61.525556,147.768188,28.774140,39.027187,2.582409,988.742730,1.653577,74.883594,28.574955,66.343039,23.539012,90.401541,22.575700,19.905510,84.626406,88.375650,70.797879,-67.374256,38.249900,7.524708,39.702841,3.855176,3.703109,1.291204,223.900075
1.800000,0.809208,59.802771,-151.924426,0.613107,59.759748,-145.505114,0.465890,59.570907,-149.615360,0.287943,59.060954,-146.603423,0.225492,58.811522,-138.274388,0.205542,58.885571,-133.108995,0.242897,58.792502,-144.452757,0.266677,58.852952,-147.375747,0.659573,59.616632,-153.371433,0.184454,59.925460,-115.347040,0.189323,59.465209,-121.985181,0.187675,59.401935,-123.450879,0.204178,59.353136,-124.534873,0.269370,59.046748,-139.589109,0.400228,59.488104,-147.193523,0.476400,59.641716,-145.262008,0.447180,59.638542,-147.019020,0.451778,59.602054,-149.265192,0.580898,59.944757,-126.135112,0.603022,59.910503,-127.830829,0.533996,59.618779,-144.934046,0.617893,59.638844,-140.109187,0.608691,59.656639,-141.755208,0.500344,59.621442,-146.980121,0.582239,59.833565,-138.508196,0.340566,59.840909,-136.752888,0.379420,59.719363,-145.686660,0.172296,61.917787,-85.622455,0.189515,62.663251,-53.970860,0.801668,59.850464,-143.023397,0.217521,66.172118,-30.183699,0.263202,65.337939,-35.176833,0.599689,60.070852,-112.326051,0.713498,59.961818,-117.631038,0.704883,59.611290,-133.635220,0.700745,59.781136,-135.602608,0.637073,59.969071,-123.295216,0.334855,61.886346,-15.376972,0.918266,59.845906,-154.139878,0.998051,1.045110,1.049468,0.997587,0.996883,0.996753,1.014999,0.998192,-154.175655,0.000000,-4.400419,-65.904701,-89.105383,-79.605974,21.272454,-149.203820,187.782960,116.023599,38.605918,103.897467,0.739331,143.459312,198.230284,87.884118,494.241211,191.133027,196.309081,198.828052,170.886135,45.121231,113.216689,17.115181,28.497382,1.218299,988.742731,1.399625,42.696685,13.870390,35.030564,8.674814,68.591483,19.461514,16.686858,81.061855,80.220066,67.102013,-59.403585,36.008150,5.518424,30.419431,2.293102,2.703984,0.609149,223.900075
1.820000,0.788444,59.735916,-159.245975,0.572887,59.595435,-153.560556,0.410480,59.187617,-159.985760,0.215294,57.292431,-166.468869,0.142129,54.783692,-168.703749,0.115320,53.271507,-168.394620,0.165998,55.706804,-171.622502,0.193553,56.486235,-171.313156,0.623604,59.400608,-162.725287,0.063071,50.206433,-151.537936,0.080473,51.105145,-159.784074,0.085776,52.166380,-158.581108,0.099371,53.035115,-157.348659,0.189156,56.711505,-161.712542,0.339514,58.898727,-159.007906,0.421499,59.309765,-154.872240,0.391893,59.284998,-156.743555,0.396628,59.245063,-159.279479,0.535255,59.828407,-132.633583,0.566202,59.835441,-134.402842,0.484440,59.319384,-154.573635,0.573466,59.351521,-149.552445,0.564418,59.387849,-150.990492,0.446646,59.311670,-156.644095,0.539511,59.688620,-145.939210,0.282121,59.446355,-145.128653,0.323520,59.329020,-154.954098,0.122562,63.386449,-71.539919,0.168461,63.529175,-36.456277,0.778137,59.772442,-150.045375,0.197633,67.786948,18.825674,0.225098,67.132606,6.946381,0.563546,60.017443,-117.642629,0.686127,59.926673,-123.658804,0.666536,59.308885,-143.343715,0.665568,59.563982,-143.715899,0.604336,59.905830,-129.389624,0.342657,62.003769,-6.830098,0.908466,59.811872,-161.003578,0.998039,1.046255,1.050618,0.997658,0.996967,0.997073,1.016428,0.998403,-174.734363,0.000000,-2.516002,-86.651113,-110.151554,-100.657494,8.338635,-169.651800,151.648039,64.863103,18.030710,54.731140,0.154441,103.235765,162.737216,69.564502,466.363256,169.032284,183.217623,168.541914,158.075083,30.963572,82.314085,8.660556,22.517343,1.005707,988.742731,1.130296,23.869622,6.478099,18.453411,1.812104,49.359600,15.976936,13.208450,76.489515,70.944207,62.627115,-50.355037,33.308678,3.786912,22.116418,1.160346,2.136566,0.502853,223.900075
1.840000,0.773092,59.694623,-167.184236,0.541680,59.474212,-162.824529,0.373492,58.916106,-172.822462,0.198649,56.529421,163.418498,0.158767,55.345035,144.067499,0.146557,55.263161,135.954551,0.174702,55.751124,147.724262,0.193937,56.184401,153.563680,0.606461,59.294019,-173.436052,0.117268,55.952693,118.230292,0.125544,55.301402,125.502177,0.119104,54.754343,130.048372,0.124964,54.341402,134.901833,0.175852,55.819378,162.463079,0.300234,58.607427,-173.907191,0.378570,59.241228,-165.707881,0.349293,59.105560,-168.308009,0.356273,59.026278,-171.366084,0.495751,59.806311,-139.680771,0.533955,59.836290,-141.340226,0.442636,59.428350,-164.434775,0.532595,59.577969,-158.564335,0.524983,59.574471,-159.967859,0.403665,59.304940,-167.160475,0.503517,59.564891,-154.532907,0.230610,58.901247,-157.095583,0.277521,58.973463,-166.968054,0.089220,66.012445,-41.937849,0.167390,63.766454,-15.653584,0.759183,59.712876,-157.793737,0.269800,64.969898,56.583047,0.273383,65.527644,46.400279,0.531568,59.994102,-123.396820,0.661461,59.924586,-130.004928,0.626350,59.681388,-151.867493,0.634818,59.732958,-151.554024,0.574204,59.837994,-136.198821,0.358651,62.005960,1.681809,0.901569,59.788463,-168.330643,0.997996,1.047886,1.052257,0.997834,0.997120,0.997448,1.018042,0.998517,164.090913,0.000000,-0.630155,-107.947741,-131.750618,-122.161686,-4.541803,169.367353,125.713908,55.221234,19.971161,54.948332,0.297770,80.729996,131.962864,56.129044,438.033215,147.459883,169.269691,140.711651,145.506702,20.688870,60.570660,4.589431,22.231955,1.874293,988.742731,0.936998,20.321414,7.175267,18.526641,3.493835,38.599029,12.955625,10.657413,71.843027,61.890097,57.859458,-42.040228,30.660341,2.530293,16.274323,0.614895,2.109487,0.937147,223.900075
1.860000,0.764807,59.655577,-175.765045,0.522877,59.337134,-173.458187,0.361467,58.737886,172.187312,0.244483,58.130785,138.759999,0.248278,59.062630,122.880303,0.248933,59.496443,117.838902,0.253768,58.797379,125.456869,0.262032,58.562481,130.680624,0.611274,59.318411,175.308434,0.240300,60.471641,108.857839,0.241634,60.088664,112.153704,0.225871,59.874898,114.251486,0.232213,59.654232,116.725654,0.233788,58.217749,136.570976,0.290358,58.409104,168.663512,0.352808,58.943243,-178.772102,0.325120,58.771903,177.459879,0.336760,58.750177,174.049824,0.463085,59.639373,-148.010296,0.506374,59.736271,-149.155390,0.414350,59.174156,-175.905764,0.502082,59.346906,-168.832265,0.495843,59.344168,-170.257333,0.376767,59.020093,-179.683204,0.476804,59.393818,-164.643502,0.192739,57.908139,-175.567206,0.247612,58.383534,176.736353,0.095354,66.450883,0.614877,0.188553,63.474649,4.316900,0.746600,59.638877,-166.394170,0.372573,63.279708,77.755382,0.365662,63.797133,71.654229,0.503682,59.883079,-130.118333,0.639347,59.867798,-136.988845,0.593714,59.472591,-161.280364,0.610353,59.514692,-160.635129,0.547933,59.732807,-144.025978,0.382908,62.031392,10.076010,0.898403,59.772942,-176.121551,0.997921,1.049844,1.054257,0.998085,0.997317,0.997831,1.019837,0.998501,142.108847,0.000000,1.265698,-129.932463,-154.054506,-144.282210,-17.467666,147.627483,117.749081,83.643713,42.138951,100.309899,1.070897,75.506047,114.613929,50.149034,410.902025,131.342793,157.579343,122.604136,135.129019,14.451678,48.218635,5.242105,28.208661,3.574170,988.742731,0.877633,30.780886,15.139743,33.820962,12.565187,36.101329,11.252371,9.521968,67.393167,55.125625,53.863485,-36.630270,28.473615,1.767471,12.955541,0.702340,2.676589,1.787085,223.900075
1.880000,0.764295,59.649740,175.162292,0.518910,59.299227,174.982411,0.375644,58.926380,157.203164,0.318644,59.571431,125.730725,0.347627,60.339891,116.118729,0.354032,60.589242,113.323399,0.347983,60.143688,117.047837,0.350773,59.934472,120.599940,0.635381,59.481231,164.529437,0.354479,61.102565,109.045947,0.352691,60.917554,110.601174,0.330337,60.827119,111.800810,0.339956,60.732312,113.336182,0.316902,59.792352,125.002856,0.310054,58.773069,152.020031,0.348180,58.866867,166.533052,0.323752,58.728755,161.646572,0.341394,58.804675,158.526097,0.438910,59.490120,-157.859898,0.484432,59.644387,-158.031796,0.404075,59.025390,170.795443,0.487175,59.161634,178.982065,0.481812,59.156339,177.516456,0.370291,58.914865,166.062734,0.462131,59.285318,-176.096516,0.181251,57.284529,159.432777,0.241515,58.154916,157.167390,0.142483,63.671302,27.633471,0.230073,62.826812,19.923686,0.741907,59.593215,-175.767199,0.472082,62.554279,91.241843,0.462923,62.932688,88.200890,0.480523,59.766222,-138.038773,0.620387,59.809274,-144.754047,0.574777,59.279627,-172.562670,0.595804,59.286509,-171.815417,0.527373,59.635267,-152.946216,0.416162,62.007415,18.077841,0.899141,59.772284,175.686909,0.997811,1.051930,1.056424,0.998363,0.997519,0.998172,1.021810,0.998318,119.205591,0.000000,3.188279,-152.682374,-177.151837,-167.125830,-30.460594,124.964317,127.166371,142.084375,79.236410,179.757243,2.290548,86.096915,111.626449,51.538566,387.407631,125.184315,151.530380,118.425619,129.048038,12.780201,45.873024,11.704605,41.999771,5.470774,988.742731,0.947824,52.287050,28.468171,60.607806,26.875758,41.165087,10.959071,9.785804,63.539787,52.540862,51.795839,-35.381860,27.192265,1.563046,12.325314,1.568190,3.985163,2.735387,223.900075
1.900000,0.771121,59.676184,165.851169,0.529753,59.371181,163.325133,0.409347,59.323654,144.334302,0.394382,60.298329,119.262649,0.436404,60.836204,114.021165,0.445414,60.991330,112.555673,0.434703,60.726580,113.905107,0.435457,60.582538,116.260662,0.672002,59.702528,154.881616,0.450269,61.305418,111.023553,0.446798,61.194534,111.604556,0.419536,61.140103,112.345112,0.432543,61.082622,113.399023,0.397433,60.474069,119.944604,0.348860,59.353409,138.930350,0.363767,59.076346,152.334189,0.343661,59.010435,146.766669,0.366602,59.141099,144.468287,0.426060,59.409592,-168.809515,0.470422,59.584036,-167.763428,0.412782,59.098316,157.132267,0.490233,59.146355,165.922353,0.484986,59.144815,164.436786,0.383983,59.077598,152.000921,0.461220,59.276640,171.780260,0.203467,57.870690,135.067535,0.261154,58.517368,138.384448,0.208045,62.283819,40.152603,0.286086,62.275979,30.758503,0.745756,59.585154,174.357522,0.555064,62.219878,101.031291,0.546347,62.527514,100.380789,0.464373,59.665463,-147.070561,0.606478,59.758181,-153.250451,0.573019,59.209457,174.996393,0.593482,59.209256,175.769111,0.514573,59.563045,-162.799772,0.457992,61.952898,25.385277,0.903340,59.785172,167.202445,0.997675,1.053939,1.058534,0.998624,0.997686,0.998428,1.023948,0.997957,95.357742,0.000000,5.151450,-176.205626,158.940341,169.269562,-43.456138,101.292215,150.851586,217.655081,122.073932,273.355331,3.678553,108.997492,121.844441,59.430859,371.522104,130.413341,152.922719,127.345977,128.661657,16.105187,53.637043,24.954434,64.939630,6.694773,988.742731,1.124360,80.097070,43.858898,92.165782,43.161690,52.114426,11.962235,11.284340,60.934358,54.735526,52.271766,-38.046983,27.110849,1.969699,14.411376,3.343410,6.161820,3.347387,223.900075
1.920000,0.785469,59.725092,156.505637,0.555535,59.517393,152.189331,0.457625,59.752621,134.182520,0.467661,60.750649,116.371958,0.516156,61.133518,114.303352,0.525878,61.238301,113.713421,0.515183,61.079674,113.687690,0.516005,60.974447,115.191073,0.718507,59.922629,146.523288,0.530880,61.442846,113.899771,0.527214,61.370261,113.872716,0.497715,61.329650,114.285611,0.511993,61.284137,114.979198,0.471873,60.848385,117.961553,0.399083,59.848270,129.330250,0.397057,59.413177,139.901143,0.381562,59.421679,134.213797,0.408325,59.562967,132.932930,0.426745,59.382414,179.533578,0.466143,59.538067,-178.214630,0.440213,59.316920,144.295791,0.512522,59.257111,152.946962,0.506424,59.258463,151.462030,0.415950,59.378711,139.397307,0.475821,59.359223,159.658336,0.253266,58.911823,117.214785,0.302740,59.138236,123.218374,0.281922,61.780928,46.857428,0.351664,61.959104,38.406291,0.759076,59.604583,164.217048,0.622234,62.089711,109.186456,0.612418,62.353147,110.532787,0.457088,59.565999,-157.164658,0.599047,59.701031,-162.473498,0.590953,59.239538,162.125716,0.604984,59.219652,162.811252,0.511918,59.511495,-173.424814,0.507374,61.912443,32.043692,0.910958,59.807537,158.532433,0.997522,1.055714,1.060387,0.998823,0.997784,0.998562,1.026225,0.997428,70.625635,0.000000,7.155046,159.550880,134.269757,144.929340,-56.318385,76.605962,182.744163,293.240473,156.310088,349.672894,4.798953,142.639513,145.166066,73.666785,366.532410,146.127144,161.960283,148.991817,134.730311,24.953494,72.079137,45.823757,98.123682,7.425850,988.742731,1.362068,107.912494,56.159313,117.897374,56.307721,68.199517,14.251866,13.987364,60.115985,61.330735,55.360969,-44.514081,28.389601,3.051866,19.366458,6.139494,9.310501,3.712925,223.900075
1.940000,0.805742,59.793217,147.343428,0.593429,59.710752,142.095111,0.513316,60.099611,126.546062,0.533593,60.947143,115.282504,0.583446,61.220889,115.450350,0.592745,61.298979,115.484391,0.584241,61.181145,114.524566,0.586013,61.099495,115.383983,0.765904,60.096341,139.299344,0.595060,61.461185,116.927295,0.592222,61.403254,116.452438,0.562393,61.373671,116.623893,0.576538,61.339884,117.043178,0.536463,61.014460,117.412701,0.454459,60.246660,122.598734,0.443976,59.815573,129.979705,0.432076,59.850670,124.516680,0.460569,59.963948,124.149752,0.443503,59.468512,167.914832,0.474318,59.553724,170.997454,0.484702,59.653166,133.328159,0.554291,59.497923,141.080226,0.546493,59.497123,139.579602,0.462568,59.772223,129.167218,0.505223,59.526198,148.289679,0.319565,59.701961,105.650041,0.359085,59.720086,112.226946,0.360663,61.606644,51.230773,0.423646,61.815358,44.227654,0.781236,59.659536,154.118243,0.674263,61.973505,116.213752,0.659588,62.223610,119.384390,0.461731,59.509036,-168.065692,0.600563,59.659164,-172.314261,0.630332,59.398720,149.763860,0.632866,59.313130,149.926486,0.521210,59.514444,175.561419,0.562948,61.900823,38.216822,0.920670,59.836704,149.792022,0.997365,1.057161,1.061847,0.998911,0.997775,0.998536,1.028605,0.996763,45.126795,0.000000,9.179496,134.672094,108.920624,119.914487,-68.872293,50.961066,214.316030,348.482406,178.930279,400.606218,5.531931,179.658842,177.939450,90.557047,376.009411,169.159074,177.144788,178.041781,146.139053,39.728082,101.406432,74.995336,141.517056,7.832445,988.742731,1.597387,128.241526,64.286328,135.070296,64.907991,85.899384,17.469435,17.194376,61.670333,70.997422,60.551309,-53.193300,30.793586,4.858830,27.246212,10.047919,13.427897,3.916223,223.900075
1.960000,0.829209,59.879025,138.531540,0.638606,59.936661,133.275606,0.568680,60.397919,120.840014,0.585568,61.065216,114.877632,0.632373,61.261582,116.675844,0.640529,61.326215,117.207947,0.634815,61.214854,115.447255,0.637817,61.144393,115.777326,0.805404,60.220759,132.876169,0.638494,61.482068,119.768360,0.637056,61.426449,118.894033,0.607805,61.408017,118.897492,0.621660,61.386942,119.125154,0.585855,61.141997,117.504643,0.507947,60.653750,118.329609,0.496999,60.351636,123.099552,0.487973,60.329390,117.706618,0.516085,60.368764,117.875800,0.477720,59.781345,157.560912,0.498105,59.739845,160.749022,0.536822,60.283121,125.537747,0.604716,60.194025,132.286546,0.595796,60.163613,130.704082,0.515622,60.339853,122.081485,0.546860,59.755772,138.139385,0.396528,60.311020,98.463823,0.423976,60.273225,104.835246,0.445509,61.728224,55.429758,0.502431,61.908953,49.891025,0.809927,59.753228,144.361183,0.709150,61.922897,122.421718,0.684832,62.173906,127.390512,0.482258,59.595228,-179.045615,0.614838,59.696312,177.625804,0.678161,60.187580,140.424364,0.672391,59.929376,139.441415,0.542984,59.581203,164.624065,0.624577,61.999402,44.587660,0.930638,59.869062,141.076251,0.997216,1.058207,1.062822,0.998836,0.997626,0.998320,1.031055,0.996019,19.020773,0.000000,11.191488,109.256946,82.997711,94.307601,-80.922799,24.468536,240.161142,383.455396,191.536649,429.075538,5.941631,210.201953,210.115113,105.859983,402.246572,192.279934,192.776231,206.534674,160.441517,61.168425,140.464505,112.043179,183.644980,8.027002,988.742731,1.790021,141.111586,68.815562,144.669147,69.715133,100.502809,20.628323,20.099997,65.973562,80.701432,65.894421,-61.706082,33.807320,7.481030,37.740463,15.011610,17.425220,4.013501,223.900075
1.980000,0.853775,59.948069,130.175853,0.687834,60.095960,125.750842,0.619906,60.525009,116.518516,0.620470,61.051038,114.715998,0.659548,61.221313,117.796596,0.665908,61.284137,118.781328,0.662902,61.164720,116.191334,0.667226,61.099180,116.039588,0.831953,60.275009,126.940941,0.658579,61.439189,122.454296,0.658836,61.383412,121.181039,0.630636,61.367156,121.063635,0.644858,61.349764,121.157992,0.617566,61.131428,117.907862,0.555444,60.772612,115.821849,0.550520,60.550074,118.774444,0.545620,60.542165,113.284038,0.571280,60.546038,113.574849,0.526971,59.968745,149.033977,0.537450,59.884551,151.712437,0.587811,60.495548,120.772975,0.652302,60.404279,126.856344,0.643610,60.386240,125.110167,0.568627,60.547959,117.714512,0.599876,59.938754,129.401556,0.484000,60.712444,94.788129,0.496647,60.619194,100.626331,0.538639,61.898793,60.907612,0.588859,62.040434,56.476821,0.842962,59.842368,135.182582,0.724461,61.919120,128.413205,0.685821,62.157400,135.134462,0.519336,59.679734,170.588925,0.643563,59.740578,167.816329,0.720073,60.371192,134.817555,0.713511,60.170159,132.220791,0.578281,59.659300,154.134173,0.692300,62.125776,51.782970,0.939405,59.894766,132.454919,0.997091,1.058806,1.063282,0.998566,0.997331,0.997896,1.033571,0.995285,-7.501265,0.000000,13.156742,83.411607,56.622336,68.206636,-92.257562,-2.703029,259.153967,402.696992,197.092321,441.748375,6.114901,233.028500,237.342339,118.371944,441.280375,210.867392,204.719269,230.145746,175.506555,85.641807,179.292027,145.110171,218.530423,8.092597,988.742731,1.931582,148.192493,70.811612,148.941981,71.748175,111.416751,23.301391,22.475685,72.375603,88.502738,69.976768,-68.760330,36.981738,10.474178,48.172769,19.441945,20.735338,4.046298,223.900075
2.000000,0.874673,59.983688,122.165004,0.732497,60.163407,119.012328,0.658362,60.477056,112.425424,0.629271,60.878791,113.841167,0.655047,61.071061,118.200576,0.658779,61.144999,119.676288,0.658485,60.996988,116.113631,0.664401,60.931611,115.492807,0.839120,60.248361,121.032305,0.645567,61.313487,124.514943,0.647690,61.251767,122.818195,0.620821,61.229345,122.564669,0.636691,61.208196,122.524661,0.622989,60.966201,117.645504,0.589637,60.636965,113.213942,0.597065,60.470528,114.846461,0.597740,60.501122,109.436614,0.618283,60.498357,109.692040,0.578449,60.052463,141.489745,0.581725,59.975322,143.553416,0.633299,60.382790,116.378515,0.695466,60.268292,121.750508,0.686514,60.282947,119.996842,0.614843,60.459143,113.755242,0.655993,60.050853,121.726656,0.574621,60.816055,92.800107,0.570130,60.671264,97.759875,0.636771,61.834769,66.648044,0.680519,61.978453,63.218833,0.874234,59.909327,126.550075,0.709823,61.969985,134.598185,0.653671,62.200838,142.989048,0.562454,59.790166,160.957814,0.679073,59.804113,158.410822,0.759033,60.159446,129.212903,0.750090,60.152407,125.891941,0.621687,59.761488,144.315901,0.765014,62.121322,59.349016,0.945002,59.905366,123.920632,0.996998,1.058933,1.063262,0.998097,0.996902,0.997260,1.036143,0.994652,-34.227713,0.000000,15.057391,57.248833,29.932290,41.718997,-102.648659,-30.329993,270.303959,407.010698,196.287030,440.640630,6.043099,246.959618,256.732141,126.902804,478.697251,224.084070,212.739809,246.771999,187.613391,104.727633,210.107423,169.132444,242.575730,8.030139,988.742731,2.014688,149.779937,70.522286,148.568488,70.905693,118.077567,25.205010,24.095469,78.512447,94.049884,72.718335,-73.727733,39.532822,12.808416,56.452350,22.660463,23.016886,4.015069,223.900075
2.020000,0.884863,59.979018,114.241500,0.758670,60.153757,112.394917,0.667904,60.333854,107.492118,0.593952,60.605885,111.225756,0.600039,60.847956,117.167669,0.599848,60.948689,119.284349,0.603557,60.739605,114.400330,0.612068,60.665906,113.275421,0.818976,60.139972,114.570596,0.579864,61.164358,125.528683,0.584140,61.083320,123.309243,0.558944,61.049742,122.850683,0.577762,61.020838,122.629680,0.583415,60.720956,115.780549,0.591980,60.440037,109.211617,0.618138,60.356527,110.016713,0.626112,60.390599,104.840591,0.639557,60.367562,104.979675,0.612829,60.104350,134.351095,0.614226,60.028195,135.856564,0.655298,60.311590,111.112795,0.717477,60.259506,115.933688,0.708276,60.265602,114.251519,0.636128,60.346798,108.855881,0.699359,60.091116,114.524302,0.649829,60.773921,90.778555,0.625436,60.596797,94.559969,0.725536,61.646723,71.268513,0.764971,61.800996,68.913429,0.894536,59.939659,118.250539,0.645083,62.188859,141.825770,0.572411,62.461086,152.020555,0.594851,59.914363,152.212447,0.708252,59.872585,149.509653,0.779831,60.205589,122.845211,0.769673,60.208316,119.528117,0.660748,59.852671,135.218829,0.834298,62.016699,66.388850,0.945067,59.894933,115.387815,0.996937,1.058644,1.062921,0.997496,0.996401,0.996465,1.038673,0.994186,-60.947585,0.000000,16.911003,30.890998,3.078105,14.959022,-111.892379,-58.156565,272.658047,388.388573,184.140243,415.904967,5.497283,247.837229,264.198551,130.121701,501.778094,229.337467,215.833242,253.188617,194.264650,115.715385,227.698548,181.296807,252.929122,7.621574,988.742731,2.032234,142.926995,66.158171,140.228495,64.501459,118.497175,25.938034,24.706652,82.297999,96.254776,73.775726,-75.644817,40.934337,14.152241,61.178791,24.290252,23.999271,3.810787,223.900075
2.040000,0.881285,59.929811,106.112066,0.759443,60.062511,105.336430,0.642135,60.093689,101.043777,0.509997,60.200656,106.022944,0.489436,60.514713,114.043148,0.483365,60.659808,117.080722,0.494555,60.382035,110.359393,0.507374,60.298346,108.654179,0.771917,59.967082,107.038301,0.455327,60.938009,125.172974,0.462383,60.826294,122.232702,0.441505,60.765712,121.421811,0.462318,60.711017,120.891474,0.493543,60.317425,111.454913,0.555055,60.113660,103.151226,0.604845,60.123123,103.765869,0.621017,60.172313,98.893199,0.626602,60.133292,98.794774,0.619253,60.061720,127.171218,0.624554,59.992714,128.160452,0.645011,60.110680,104.691740,0.710311,60.116424,109.410807,0.701124,60.110683,107.717953,0.623761,60.110120,102.519777,0.719871,60.048682,107.234595,0.695134,60.641038,87.967557,0.649424,60.420025,90.273892,0.788782,61.421482,74.307241,0.826830,61.590309,73.132983,0.899229,59.914340,109.954812,0.520759,62.763184,152.121385,0.440152,63.216920,164.973515,0.605774,59.983646,144.174895,0.721771,59.897479,140.961760,0.775870,60.120405,116.206197,0.766599,60.117411,112.888789,0.685600,59.890691,126.586274,0.887743,61.877216,72.494427,0.938973,59.864786,106.734020,0.996900,1.058196,1.062601,0.996880,0.995915,0.995611,1.040966,0.993908,-87.515299,0.000000,18.779290,4.438628,-23.819617,-11.988234,-119.913589,-85.970672,265.924353,330.110561,148.343033,342.402284,4.019318,232.857866,259.583752,128.209128,508.335525,226.973270,214.889049,249.555734,196.589208,120.210342,233.832525,184.421111,253.902685,6.231773,988.742731,1.982045,121.480686,53.296898,115.445980,47.160002,111.335167,25.484970,24.343505,83.373501,95.262504,73.452984,-74.559426,41.424155,14.701984,62.826888,24.708848,24.091648,3.115887,223.900075
2.060000,0.869611,59.887730,97.686083,0.744525,59.994120,97.743412,0.598805,59.928601,93.222953,0.408779,59.770361,97.890519,0.357533,60.011175,108.022089,0.343394,60.164415,112.192867,0.367550,59.971701,103.716327,0.386040,59.921927,101.502096,0.716101,59.823053,98.424372,0.304245,60.360052,122.071170,0.315741,60.252644,118.304302,0.304640,60.143208,116.850574,0.323008,60.040886,115.711783,0.384533,59.739675,103.620464,0.499739,59.847093,95.031480,0.572325,59.964663,96.183530,0.595877,60.049328,91.815580,0.594518,59.993087,91.359801,0.606098,59.996575,119.610260,0.618157,59.937690,120.142789,0.616512,59.973536,97.117524,0.686460,60.006215,102.011444,0.677477,59.995048,100.249041,0.592503,59.954085,94.850303,0.723848,60.028946,99.760524,0.713395,60.607344,84.666599,0.649211,60.357168,85.243070,0.821973,61.329990,76.344379,0.860193,61.505696,76.416997,0.893901,59.879888,101.458660,0.367333,63.933966,169.148694,0.292756,64.970404,-172.514574,0.599538,59.983934,136.372642,0.722017,59.884440,132.457774,0.757452,60.037149,108.969857,0.750394,60.025929,105.591358,0.698475,59.901262,118.134255,0.918295,61.828226,78.017488,0.929688,59.837311,97.907315,0.996874,1.058009,1.062708,0.996350,0.995511,0.994795,1.042806,0.993797,-113.944100,0.000000,20.741314,-22.111465,-50.758853,-39.146909,-126.883448,-113.715443,251.903251,233.619973,88.398008,217.720009,1.948049,205.847683,246.922464,122.833716,504.318386,219.575906,211.262446,239.196009,196.978900,121.570579,233.781951,184.493662,253.902685,3.474343,988.742731,1.877539,85.972149,31.759763,73.407512,22.857114,98.420923,24.241931,23.322857,82.714639,92.157770,72.213345,-71.464265,41.506268,14.868344,62.813300,24.718568,24.091648,1.737172,223.900075
2.080000,0.853938,59.779209,88.688204,0.720284,59.783864,89.116741,0.550441,59.478461,83.156330,0.316170,58.309860,82.719859,0.232795,57.510530,90.911419,0.207809,57.305126,95.125093,0.249280,57.748067,87.231175,0.274063,57.992394,85.666776,0.664303,59.466106,87.875399,0.154454,56.304759,102.915884,0.172377,56.629748,99.529068,0.172928,56.630750,97.480866,0.190296,56.660959,95.897583,0.284963,57.902752,86.754172,0.441986,59.169995,83.517832,0.530732,59.505950,86.447837,0.559737,59.657286,82.926228,0.553699,59.578049,81.944470,0.579091,59.795988,111.079746,0.599006,59.782433,111.353126,0.578608,59.505701,87.504096,0.652940,59.540862,92.727488,0.644322,59.546076,90.913757,0.552032,59.491672,85.045784,0.715247,59.880026,91.651635,0.706562,60.409162,80.545397,0.629578,60.082062,79.027658,0.822372,61.150899,77.457172,0.861141,61.356677,78.910802,0.882301,59.768500,92.406447,0.225358,67.420711,-157.093227,0.190492,69.757943,-124.870198,0.580523,59.913173,128.248808,0.711177,59.819210,123.633295,0.729252,59.547345,99.928432,0.725407,59.646186,96.738778,0.700761,59.836265,109.438405,0.920660,61.749363,83.115548,0.919622,59.780794,88.750480,0.996845,1.058417,1.063473,0.995937,0.995203,0.994068,1.044062,0.993809,-140.422703,0.000000,22.848022,-48.904347,-77.890501,-66.678670,-133.219528,-141.517812,232.256834,139.886756,40.661594,109.732662,0.627708,171.799588,227.890358,114.678948,491.432119,207.807321,204.873229,223.275265,196.111211,121.091999,228.822292,184.493662,253.902685,1.307669,988.742731,1.731107,51.478326,14.608956,36.997986,7.365102,82.141678,22.373430,21.774484,80.601128,87.218401,70.029394,-66.707646,41.323434,14.809813,61.480723,24.718568,24.091648,0.653835,223.900075
2.100000,0.837175,59.677446,78.791753,0.690733,59.580494,78.790304,0.507172,59.065962,69.628087,0.269051,56.707285,54.714163,0.184088,53.848306,45.924357,0.159113,52.413833,41.569679,0.198509,54.585006,47.044264,0.221720,55.394892,50.395882,0.628633,59.147297,74.672497,0.133081,50.850140,26.807204,0.141147,51.293810,32.662890,0.143573,51.987169,35.615638,0.160197,52.632018,38.485440,0.242935,56.030171,54.001535,0.396747,58.581176,66.907237,0.487640,59.139257,73.337863,0.518722,59.334807,71.120564,0.511766,59.224786,69.417270,0.540010,59.611917,100.946032,0.568034,59.653298,101.362034,0.538301,59.174835,74.546657,0.615831,59.231730,80.123554,0.607547,59.244650,78.383922,0.509669,59.141640,71.902409,0.695491,59.739050,82.306306,0.673574,60.235284,74.871083,0.592153,59.852073,70.730315,0.784678,61.012283,77.275072,0.823435,61.256152,80.375276,0.866732,59.647416,82.352939,0.204570,70.210450,-92.054629,0.245460,67.668510,-65.043979,0.549033,59.827278,119.427019,0.689362,59.754384,114.209902,0.696152,59.246694,87.404906,0.695562,59.382002,85.115423,0.692006,59.755675,100.067270,0.888085,61.727974,87.751658,0.910762,59.725645,79.081803,0.996795,1.059599,1.064954,0.995651,0.994978,0.993452,1.044673,0.993855,-167.258411,0.000000,25.101444,-76.188750,-105.477085,-94.841079,-139.493379,-169.645000,211.107097,101.298475,25.784995,71.819894,0.432683,140.974935,204.812173,104.767137,467.862472,192.875332,196.005090,203.579706,193.767207,118.270377,217.688683,184.358306,253.902685,1.077542,988.742731,1.573469,37.277839,9.264070,24.215137,5.076812,67.403641,20.107700,19.892494,76.735406,80.951326,66.998103,-60.823230,40.829519,14.464722,58.489308,24.700433,24.091648,0.538771,223.900075
2.120000,0.826152,59.617401,68.174750,0.669079,59.451137,67.128137,0.490032,58.940686,54.102512,0.308458,57.842727,26.603685,0.273464,58.070827,11.505272,0.266956,58.407836,6.483346,0.274886,57.864510,13.027573,0.284573,57.724043,17.694834,0.625309,59.096945,60.117838,0.276749,59.595396,0.313078,0.272395,59.170586,2.550247,0.261887,58.993465,5.025989,0.277136,58.841632,7.742343,0.299779,57.945742,24.560949,0.388058,58.539070,48.039280,0.462926,58.995823,58.296894,0.491051,59.180177,57.486736,0.487960,59.082839,55.016943,0.505885,59.457559,89.425745,0.539219,59.550513,90.386854,0.513767,59.055223,59.890133,0.591795,59.116784,65.915348,0.583542,59.128681,64.272538,0.484837,59.012812,56.952245,0.675921,59.641232,71.954142,0.625849,60.072274,67.816466,0.551300,59.675974,60.820460,0.715343,60.898889,76.029281,0.751981,61.193915,81.105790,0.854972,59.558792,71.393508,0.333793,65.122809,-51.111780,0.385119,64.196276,-35.672335,0.518467,59.705802,109.660802,0.667086,59.684326,104.136330,0.673633,59.145780,73.365845,0.673952,59.249268,71.963239,0.680614,59.678888,89.960305,0.823379,61.768927,92.335196,0.906187,59.692967,68.951865,0.996707,1.061490,1.066959,0.995464,0.994807,0.992930,1.044724,0.993855,165.205331,0.000000,27.447726,-104.244879,-133.818737,-123.919405,-146.300825,161.568822,201.796101,133.145357,49.444210,118.309910,1.439638,134.867543,190.033430,98.448029,442.907519,182.566273,189.205667,190.593631,190.962656,112.689855,203.020564,180.361679,252.073144,2.868837,988.742731,1.504070,48.997491,17.764387,39.889931,16.891755,64.483544,18.656778,18.692664,72.642475,76.624531,64.673937,-56.943398,40.238560,13.782212,54.548230,24.164963,23.918051,1.434419,223.900075
2.140000,0.824669,59.624065,57.231232,0.663433,59.466058,54.976520,0.505163,59.246761,39.469511,0.395575,59.623280,11.370158,0.398455,60.319988,1.010546,0.401264,60.581829,-1.761096,0.393265,60.134464,1.002445,0.395384,59.922741,4.083444,0.654882,59.357363,46.479856,0.418749,61.099046,-2.782814,0.411412,60.920405,-2.331702,0.391161,60.822774,-0.768372,0.408905,60.727952,1.090857,0.398182,59.885158,11.080953,0.416527,59.197078,32.048881,0.465506,59.251980,43.824181,0.486278,59.339581,43.943389,0.490614,59.299648,41.018636,0.489785,59.418188,77.078107,0.523609,59.511601,78.750119,0.513546,59.289864,45.773014,0.589103,59.321177,52.125001,0.580805,59.319201,50.509590,0.486556,59.266086,42.597788,0.664773,59.632011,61.095164,0.575003,59.954966,59.599911,0.518751,59.630444,50.018198,0.624780,60.835101,74.007924,0.656408,61.202266,81.519053,0.852174,59.539776,59.906844,0.479118,63.377118,-31.452676,0.514849,63.144697,-19.020276,0.500057,59.581884,98.792059,0.653178,59.621376,93.391190,0.669036,59.358066,59.829836,0.668680,59.347766,58.688118,0.673877,59.636639,79.252201,0.734994,61.904250,97.442995,0.907275,59.694096,58.546423,0.996582,1.063788,1.069125,0.995319,0.994643,0.992469,1.044432,0.993776,136.704608,0.000000,29.791006,-133.288371,-163.149342,-154.127202,-154.088007,131.847750,210.043383,218.973212,101.199838,228.388110,3.211719,154.892866,191.628656,99.177213,428.169546,182.469424,188.379755,191.526696,189.150395,104.794446,189.454814,166.792525,237.542894,5.588320,988.742731,1.565541,80.582142,36.359223,77.004420,37.684175,74.058152,18.813391,18.831116,70.225260,76.583882,64.391625,-57.222169,39.856690,12.816587,50.903340,22.346960,22.539344,2.794160,223.900075
2.160000,0.835829,59.685733,46.398501,0.680213,59.606593,43.314697,0.552319,59.803172,28.083695,0.497302,60.828436,6.027549,0.519852,61.370751,0.060997,0.526073,61.528120,-1.325107,0.513982,61.301957,-0.732645,0.514261,61.149332,1.093435,0.713080,59.756287,35.232943,0.540844,61.757331,-0.048381,0.534045,61.675139,-0.405240,0.508585,61.610819,0.618866,0.527253,61.540907,1.918485,0.502588,60.981944,7.161263,0.474825,60.065095,21.781470,0.499583,59.783714,32.327690,0.510684,59.754400,32.544626,0.523653,59.779093,29.634675,0.503294,59.475836,64.693691,0.531334,59.515438,66.831546,0.542438,59.778091,34.355360,0.612893,59.750844,40.681667,0.604754,59.731897,38.971173,0.519294,59.791816,31.171869,0.670203,59.697893,50.317611,0.534803,59.865907,50.465946,0.506703,59.727869,39.313244,0.526700,60.764003,71.343185,0.549905,61.233435,81.940505,0.862743,59.584180,48.382639,0.601094,63.023750,-17.421196,0.616853,62.922279,-5.944781,0.504199,59.435200,86.742734,0.655958,59.544114,81.945005,0.687044,59.779258,48.631886,0.685734,59.615094,46.715078,0.679089,59.611647,68.134472,0.635469,62.104650,103.654772,0.914987,59.723846,48.092576,0.996428,1.066126,1.071092,0.995130,0.994425,0.992035,1.044064,0.993634,107.130233,0.000000,32.024568,-163.412958,166.427426,174.460314,-163.039979,101.064694,233.098714,319.581133,155.861599,348.221596,4.934422,191.892521,211.550722,107.734859,435.569626,194.522675,195.255056,208.326593,190.052639,97.128411,184.010810,141.430144,204.274528,7.220821,988.742731,1.737382,117.605857,55.998179,117.408048,57.897214,91.748611,20.769266,20.455986,71.438968,81.642729,66.741728,-62.241451,40.046806,11.879014,49.440627,18.948893,19.382662,3.610410,223.900075
2.180000,0.858987,59.810616,36.154452,0.718722,59.877356,33.146418,0.622746,60.356622,20.746019,0.602057,61.353132,6.180803,0.633431,61.703481,3.219939,0.640199,61.803191,2.684278,0.630127,61.666967,2.113001,0.631046,61.560036,3.058181,0.786909,60.141863,26.761007,0.647727,61.944103,5.140164,0.643226,61.892233,4.352213,0.616984,61.852826,5.029565,0.633713,61.807184,5.936325,0.605411,61.449742,8.121572,0.554537,60.756488,17.054154,0.562945,60.399725,25.097143,0.562792,60.296572,24.732311,0.582833,60.335133,22.096245,0.554297,59.763724,53.584123,0.571177,59.705843,55.564412,0.600123,60.370255,26.952681,0.664172,60.292373,32.829420,0.656152,60.276983,30.985862,0.581149,60.411022,24.008842,0.695019,59.881134,40.398833,0.514524,59.944885,41.222220,0.520504,60.043049,30.171324,0.433126,60.791068,68.323489,0.444708,61.395977,82.885990,0.887086,59.718206,37.429367,0.700950,62.778321,-5.230397,0.696337,62.757609,5.860289,0.540802,59.457454,74.113637,0.684018,59.563423,70.143485,0.730024,60.274400,40.784135,0.726837,60.074779,37.432226,0.700649,59.677723,57.056085,0.537946,62.437537,111.671443,0.928398,59.783783,37.841242,0.996266,1.068256,1.072647,0.994773,0.994080,0.991596,1.043848,0.993490,76.514210,0.000000,34.052265,165.376316,134.912317,141.887096,-173.097609,69.243683,260.068658,392.970649,190.508872,425.799722,6.013925,232.630385,242.908898,120.649984,470.408350,214.757960,207.327750,235.015061,193.705155,92.784096,190.227741,106.893002,153.744077,7.986907,988.742731,1.938400,144.613199,68.446301,143.564658,70.563382,111.226403,23.847895,22.908225,77.152962,90.135640,70.868395,-70.215128,40.816443,11.347695,51.111012,14.321587,14.588062,3.993454,223.900075
2.200000,0.880802,59.890017,26.579570,0.754572,60.007523,24.359325,0.681223,60.470991,15.440655,0.677013,61.246150,7.051879,0.710838,61.512179,6.183489,0.717192,61.590180,6.253091,0.710006,61.473762,4.817579,0.711925,61.395745,5.132737,0.844349,60.303103,20.027937,0.717341,61.727121,9.669915,0.715244,61.676962,8.528676,0.689876,61.647952,8.973487,0.704594,61.615552,9.614515,0.678282,61.330885,9.605116,0.623185,60.787140,14.257807,0.624415,60.479694,19.911996,0.611364,60.390558,18.890696,0.635348,60.433505,16.563314,0.619578,59.958335,44.216667,0.626930,59.875876,45.644011,0.658633,60.398627,21.244166,0.717990,60.278457,26.277532,0.709468,60.299783,24.523953,0.641618,60.475926,18.826757,0.718116,59.968667,31.433962,0.494921,59.923591,32.333340,0.534145,60.104199,22.368498,0.337122,60.963971,66.386052,0.339127,61.936108,86.671488,0.910910,59.822324,27.304289,0.766238,62.381670,4.417011,0.740779,62.492961,15.910748,0.595886,59.621371,62.281999,0.728099,59.660403,58.796598,0.776892,60.156887,33.513504,0.769774,60.170193,29.822749,0.724965,59.758219,46.516087,0.451456,63.112603,123.451130,0.941140,59.834415,27.907430,0.996123,1.069971,1.073633,0.994184,0.993590,0.991186,1.043953,0.993460,44.993273,0.000000,35.795895,133.122835,102.377105,108.289434,175.976794,36.543230,275.669321,426.633613,204.091780,456.170370,6.462443,258.592559,266.264375,129.516576,509.791012,230.069214,215.983793,254.716663,196.410961,88.280462,196.078272,65.524982,91.252195,8.210172,988.742731,2.054678,157.001170,73.326388,153.804570,75.825996,123.639567,26.140849,24.591755,83.612220,96.561896,73.827188,-76.101349,41.386595,10.796891,52.682952,8.779075,8.658497,4.105086,223.900075
2.220000,0.889382,59.883135,17.130403,0.766183,59.953283,15.592822,0.700489,60.309299,9.560882,0.696371,60.924880,5.980501,0.728784,61.180480,6.935333,0.734336,61.259101,7.557011,0.729728,61.122467,5.211319,0.732886,61.055805,5.024623,0.866226,60.269739,13.468398,0.726432,61.437619,12.131897,0.726845,61.372418,10.568189,0.701655,61.347141,10.826830,0.715942,61.322303,11.274226,0.695514,61.036598,9.255140,0.649826,60.566281,10.400218,0.652057,60.334650,14.199475,0.626614,60.227824,12.451997,0.652253,60.260770,10.380820,0.664848,60.007292,35.580429,0.669345,59.920840,36.384531,0.686394,60.297682,15.156570,0.744808,60.250885,19.652986,0.735897,60.258503,17.995989,0.669158,60.328334,13.082409,0.717649,59.894111,22.284877,0.453870,59.610764,21.871777,0.521167,59.883495,13.615097,0.219060,61.129909,65.202623,0.220840,63.467668,97.591923,0.920753,59.827742,17.435185,0.783620,62.055715,11.320090,0.731924,62.342837,24.400278,0.639745,59.766087,51.590918,0.765645,59.734554,48.057523,0.801599,60.199171,26.315597,0.792308,60.210365,22.726869,0.733442,59.766620,36.183967,0.381790,64.206782,141.875919,0.947679,59.848714,18.126156,0.996016,1.071093,1.073945,0.993450,0.993044,0.990894,1.044545,0.993599,12.800711,0.000000,37.203844,99.961022,68.996649,73.919775,164.578807,3.248857,279.459261,432.772444,206.160097,460.922898,6.513985,266.394259,274.499178,131.851904,532.433244,235.497099,218.814712,261.596106,196.362910,77.880804,190.519138,27.666796,38.696559,8.232615,988.742731,2.082926,159.260259,74.069496,155.406954,76.430752,127.369755,26.949311,25.035172,87.325835,98.840023,74.794847,-78.156711,41.376470,9.524990,51.189306,3.706813,3.671737,4.116307,223.900075
2.240000,0.881181,59.814873,7.307470,0.747317,59.782845,5.828796,0.672211,60.006982,1.768807,0.649565,60.553071,2.266451,0.676710,60.877939,5.326875,0.680759,60.981678,6.611528,0.679529,60.782679,3.031242,0.684907,60.710220,2.349276,0.849043,60.142459,6.171853,0.661246,61.223986,12.747074,0.665197,61.132813,10.603725,0.638694,61.099879,10.653308,0.654344,61.071749,10.914156,0.644760,60.709554,6.536795,0.621359,60.208472,4.195971,0.632670,60.027083,6.560481,0.597975,59.896346,3.947169,0.623781,59.929423,2.111325,0.671089,59.927869,26.607340,0.680182,59.841586,26.793819,0.670292,60.020036,7.388581,0.732338,60.041860,11.860087,0.723507,60.031441,10.177492,0.650822,60.010800,5.354103,0.687652,59.710129,12.036618,0.389236,58.986115,7.743750,0.475059,59.447613,2.200335,0.077315,63.155451,70.781120,0.126318,69.984891,139.004946,0.912563,59.751249,7.185530,0.745203,62.057624,17.174000,0.655287,62.513254,33.083936,0.652924,59.832463,41.534230,0.780368,59.741022,37.503869,0.793054,60.064454,18.487964,0.785116,60.055637,14.894710,0.718839,59.713237,25.590843,0.363450,64.990146,167.692479,0.946099,59.830561,8.275328,0.995944,1.071560,1.073660,0.992736,0.992557,0.990776,1.045742,0.993867,-19.773458,0.000000,38.266897,66.137361,35.046328,39.117592,153.221738,-30.297936,273.666606,416.131134,199.894629,448.150899,6.170836,258.011141,268.870963,127.773031,537.203995,232.492820,217.608036,257.161561,192.701482,58.939207,168.625145,3.446339,12.660478,8.162208,988.742731,2.039751,153.136257,71.818430,151.100686,72.404480,123.361577,26.396754,24.260702,88.108298,97.579103,74.382383,-76.831808,40.604955,7.208392,45.306756,0.461742,1.201294,4.081104,223.900075
2.260000,0.857938,59.735219,-3.097631,0.702344,59.595277,-5.309259,0.600862,59.691628,-8.344350,0.536756,60.222312,-4.002426,0.550881,60.705145,2.061828,0.551610,60.868593,4.341090,0.556836,60.553123,-1.173938,0.566354,60.454644,-2.483761,0.794995,59.994058,-2.182226,0.516938,61.192584,12.587342,0.525697,61.061427,9.614815,0.498996,61.001751,9.321803,0.516054,60.949446,9.289823,0.524974,60.424182,1.619755,0.540618,59.869449,-4.593523,0.569793,59.744910,-3.292013,0.531233,59.555409,-7.090317,0.555262,59.591077,-8.676431,0.637743,59.860048,17.044000,0.657661,59.767228,16.581902,0.614056,59.779022,-2.341299,0.684137,59.864704,2.583494,0.675839,59.837687,0.747574,0.590102,59.726046,-4.637399,0.634349,59.490307,0.246312,0.319800,58.006511,-12.553996,0.407875,58.905024,-12.931903,0.083083,67.204865,-136.040319,0.183932,66.782243,-161.112598,0.888596,59.653876,-3.757187,0.637920,62.648233,25.545546,0.507907,63.365314,45.781986,0.632853,59.888639,31.875941,0.769155,59.738021,26.914957,0.754450,59.949462,9.670244,0.751278,59.916098,5.903185,0.684117,59.635763,14.477564,0.417934,64.288773,-167.568538,0.936504,59.797382,-1.794223,0.995894,1.071479,1.073161,0.992184,0.992206,0.990831,1.047526,0.994171,-52.448073,0.000000,39.066460,31.961357,0.838251,4.228223,142.438105,-63.792371,252.645463,350.827301,170.700607,387.749313,4.815185,226.336935,245.855020,115.018282,526.826930,218.880208,210.982542,238.330299,183.411644,39.786477,130.737487,3.979793,26.843131,7.563110,988.742731,1.883071,129.104445,61.329559,130.735399,56.498172,108.217346,24.137133,21.838914,86.406327,91.865780,72.117668,-71.205618,38.647453,4.865972,35.126976,0.533215,2.547020,3.781555,223.900075
2.280000,0.828624,59.669484,-14.073518,0.649689,59.426751,-17.797805,0.513264,59.380785,-20.823858,0.392997,59.922364,-12.599387,0.383797,60.638646,-1.982015,0.378405,60.891954,1.878837,0.396020,60.526607,-6.257096,0.411604,60.400009,-8.412869,0.722135,59.881713,-11.530517,0.328151,61.198320,12.514492,0.342660,61.038199,8.440482,0.323775,60.890135,7.375931,0.336125,60.739223,6.578891,0.371043,59.974470,-5.993619,0.437846,59.405386,-16.454284,0.488877,59.332051,-15.851967,0.453426,59.102974,-21.186955,0.473789,59.201574,-22.243527,0.581921,59.710332,6.596771,0.615114,59.651942,5.607478,0.541430,59.308186,-14.953460,0.620604,59.337754,-9.668207,0.612901,59.352552,-11.506649,0.511588,59.304312,-17.397580,0.577444,59.255325,-13.276627,0.285479,57.190612,-40.044220,0.350850,58.234905,-32.762790,0.236628,61.780092,-128.340544,0.319847,63.076498,-141.083123,0.859158,59.566585,-15.416388,0.478491,63.949288,41.345582,0.335679,65.454235,69.828952,0.592111,59.854277,22.210437,0.740868,59.692715,16.082869,0.701328,59.311047,-2.495256,0.704251,59.493568,-5.455447,0.642369,59.519129,2.595675,0.515203,63.368747,-149.821283,0.922249,59.767112,-12.141720,0.995851,1.071257,1.073034,0.991869,0.992023,0.991013,1.049708,0.994430,-85.056940,0.000000,39.796280,-2.317632,-33.399786,-30.522347,132.605403,-97.077375,214.289190,216.129255,102.622600,247.117200,2.200453,169.129140,205.522235,94.448350,502.356535,194.123405,197.412666,204.538872,169.562419,31.704955,96.808542,32.282123,81.171123,5.577946,988.742731,1.597186,79.535565,36.870395,83.319208,25.818644,80.864870,20.177411,17.933231,82.392871,81.475151,67.479238,-61.109799,35.729224,3.877584,26.010836,4.325178,7.701951,2.788973,223.900075
2.300000,0.802459,59.556795,-25.803782,0.607719,59.173016,-31.938213,0.438466,58.734071,-36.978849,0.258957,57.881819,-29.673062,0.213392,58.455427,-13.611590,0.197544,58.844662,-7.244063,0.235000,58.591691,-17.862600,0.258377,58.625304,-20.481719,0.650356,59.466211,-22.896406,0.131954,58.483081,3.920447,0.153265,58.424669,-1.237383,0.146754,57.902474,-4.725924,0.154881,57.410975,-7.894085,0.226937,57.414922,-24.583091,0.347499,58.508050,-33.615571,0.416883,58.862642,-31.983856,0.392699,58.545146,-39.272750,0.407839,58.617741,-39.602431,0.522612,59.553520,-5.235400,0.567896,59.552224,-6.346472,0.475927,59.018236,-30.808660,0.561486,59.172339,-25.041255,0.554487,59.166855,-26.727483,0.441081,58.903115,-33.520817,0.536594,58.952295,-28.888812,0.314273,57.802080,-67.392212,0.333435,57.915367,-56.392016,0.382437,61.717089,-125.268512,0.458386,62.407300,-131.755087,0.834639,59.443314,-27.944500,0.316392,66.611016,71.421389,0.227542,69.822845,119.092515,0.545907,59.790648,11.917782,0.706684,59.646918,4.737249,0.649412,59.275114,-17.906578,0.659085,59.354662,-19.344479,0.606821,59.325204,-10.574136,0.622808,62.924528,-136.811401,0.907401,59.703012,-22.939803,0.995803,1.071429,1.073634,0.991772,0.991980,0.991234,1.052017,0.994575,-117.656703,0.000000,40.650050,-36.655968,-67.656941,-65.154116,123.780861,-130.244479,170.590444,93.840278,36.136312,97.530994,0.452072,108.148454,159.500227,73.498500,467.750291,164.856570,179.908074,165.118928,157.117164,38.423209,87.436621,84.323855,161.307191,2.577527,988.742731,1.271482,34.533222,12.983106,32.884013,5.304315,51.708480,15.659141,13.955411,76.717006,69.191626,61.495851,-49.332356,33.106831,4.699241,23.492758,11.297759,15.305691,1.288763,223.900075
2.320000,0.786726,59.415887,-38.682053,0.591696,58.909643,-48.177909,0.403796,57.991053,-58.648681,0.201212,54.113693,-72.510045,0.125430,48.440026,-77.959518,0.102176,44.729255,-84.427533,0.141758,50.548077,-71.391790,0.165688,52.404192,-66.120595,0.596738,58.895457,-38.389709,0.105535,48.908614,-117.016926,0.100969,45.526094,-105.969347,0.104518,47.024070,-103.001108,0.118397,48.333556,-100.205712,0.177827,52.934306,-76.025345,0.299019,57.162697,-59.472483,0.371518,58.080915,-52.460329,0.370996,57.989672,-61.400559,0.381309,57.987767,-61.560421,0.469785,59.139643,-19.098452,0.523929,59.297498,-19.598420,0.426333,58.421468,-49.129434,0.508332,58.698829,-41.564285,0.504452,58.677315,-43.407528,0.394098,58.190424,-53.320509,0.529620,58.702760,-46.734445,0.402782,59.203714,-85.949469,0.372132,58.428876,-78.594636,0.529793,62.148129,-119.901362,0.597905,62.529240,-122.905467,0.823403,59.291816,-41.681141,0.247758,70.542367,129.753731,0.289451,67.758709,176.680287,0.501670,59.539818,0.405351,0.672549,59.508822,-7.383115,0.591836,58.936116,-32.939349,0.619114,58.912366,-34.454622,0.588940,59.048240,-25.723360,0.732980,62.902094,-124.935700,0.895291,59.620514,-34.501920,0.995726,1.072375,1.074988,0.991844,0.992030,0.991371,1.054222,0.994518,-150.515281,0.000000,41.697829,-71.230022,-102.143297,-99.935889,115.704174,-163.621800,146.915098,56.655278,13.149368,40.106495,0.229302,80.077924,127.092258,64.294602,428.480282,138.320149,161.155649,134.143370,154.783109,63.106994,108.909296,142.399194,221.496598,1.580544,988.742731,1.095019,20.849142,4.724324,13.522496,2.690480,38.287258,12.477447,12.207836,70.276225,58.054077,55.085931,-40.077831,32.615012,7.718122,29.262106,19.078727,21.016785,0.790272,223.900075
2.340000,0.791128,59.381560,-52.453575,0.618811,59.039632,-65.066574,0.440784,58.434015,-81.331686,0.296437,58.043598,-108.569352,0.268094,58.827994,-120.861334,0.266294,59.483396,-125.705636,0.259715,58.102605,-117.514475,0.262917,57.570833,-111.702955,0.590424,58.712248,-56.854569,0.302494,61.119979,-130.239916,0.289206,60.608807,-128.673203,0.278889,60.430656,-126.818897,0.295747,60.271529,-124.723335,0.295543,58.540095,-110.943808,0.335379,57.792540,-87.972163,0.386494,58.074229,-76.527038,0.414312,58.561103,-83.424617,0.422038,58.513027,-83.852897,0.438797,58.646465,-36.942650,0.493072,58.973571,-35.465132,0.427974,58.136688,-71.719891,0.498689,58.245854,-62.694807,0.496768,58.233475,-64.659819,0.405372,58.082438,-76.969967,0.573802,58.999557,-64.410379,0.526414,60.411203,-95.309664,0.463246,59.672801,-93.789949,0.674555,62.299219,-113.003913,0.733345,62.546027,-113.927561,0.836073,59.264257,-56.336789,0.364525,66.564170,-179.825345,0.439061,64.570103,-152.937826,0.467152,59.120526,-14.055369,0.644200,59.297564,-21.166218,0.570933,58.407213,-52.535073,0.606529,58.342648,-54.408083,0.605105,58.978404,-42.399210,0.840020,62.858309,-113.563649,0.890894,59.568401,-46.813287,0.995596,1.074151,1.076827,0.991973,0.992068,0.991265,1.056177,0.994172,175.989140,0.000000,42.856521,-106.348335,-137.198714,-135.298464,107.939092,162.322710,172.096053,122.969609,44.136891,100.988400,1.632630,100.736485,137.544967,78.333829,396.860713,139.258732,157.968478,141.878151,168.537859,95.370163,162.477865,175.420862,250.377478,3.421414,988.742731,1.282704,45.252816,15.857566,34.049729,19.156194,48.164632,13.503655,14.873512,65.090213,58.448008,53.996498,-42.388741,35.513335,11.663977,43.655085,23.502989,23.757158,1.710707,223.900075
2.360000,0.821277,59.513831,-65.955734,0.691854,59.576297,-79.250666,0.541383,59.754186,-96.321253,0.446299,60.683622,-119.182856,0.443530,61.313031,-125.901066,0.448059,61.580308,-128.001694,0.428168,61.020754,-125.535515,0.424721,60.719124,-122.531514,0.639907,59.134997,-74.015145,0.480441,62.028770,-127.276997,0.467951,61.876343,-127.432566,0.447678,61.802086,-126.336175,0.469589,61.726475,-124.964805,0.452659,60.951284,-118.922828,0.442469,59.774466,-104.606181,0.472073,59.409446,-94.416422,0.515496,59.903427,-97.413974,0.522851,59.872110,-98.110129,0.461005,58.654214,-56.586213,0.500255,58.856627,-53.112648,0.502970,59.134700,-90.851391,0.563234,58.854688,-82.799097,0.559980,58.859005,-84.790938,0.488669,59.347936,-95.202369,0.667238,59.672790,-78.203482,0.660570,61.121008,-98.513919,0.584127,60.727498,-100.774708,0.804323,62.351520,-105.770847,0.853399,62.532184,-105.226718,0.878098,59.443413,-70.493885,0.531818,64.330402,-153.930802,0.578497,63.584958,-134.857817,0.467052,58.713813,-31.812924,0.640189,59.084928,-36.745499,0.624448,58.680585,-72.899600,0.648569,58.530174,-75.626232,0.666009,59.235640,-58.291453,0.934257,62.815273,-102.754529,0.897431,59.576200,-59.491368,0.995409,1.076439,1.078702,0.991983,0.991947,0.990811,1.057703,0.993574,141.530495,0.000000,43.939980,-142.323350,-173.160572,-171.674798,100.038155,127.164621,228.108875,272.732453,118.921638,261.752089,4.111424,172.108623,195.634659,107.538448,404.520075,177.736989,181.755383,192.667110,189.564488,116.925466,215.014404,184.493662,253.902685,6.387643,988.742731,1.700190,100.365543,42.726337,88.253578,48.240712,82.289435,19.206685,20.418693,66.346445,74.597642,62.127295,-57.562889,39.943946,14.300237,57.770774,24.718568,24.091648,3.193821,223.900075
2.380000,0.890898,59.881521,-77.794235,0.828014,60.494975,-88.203669,0.719188,61.411452,-100.411371,0.648923,62.634928,-114.613404,0.651509,62.956509,-118.149105,0.655625,63.076744,-119.049316,0.638329,62.885467,-118.714759,0.635809,62.702250,-117.313128,0.763291,60.022954,-86.362329,0.675136,63.173201,-116.981215,0.666876,63.135586,-117.625350,0.645631,63.099394,-116.902267,0.666421,63.050883,-115.972739,0.651842,62.731677,-113.333340,0.629096,62.140822,-105.069315,0.648138,61.697735,-98.157217,0.692140,61.751342,-99.581194,0.700255,61.671264,-100.708161,0.600040,59.947577,-71.066059,0.606502,59.728828,-68.106496,0.668578,61.595968,-95.939363,0.714811,61.322965,-90.026508,0.710519,61.316185,-92.105565,0.661828,61.737845,-98.968262,0.821672,60.597809,-86.344138,0.828895,61.941073,-96.607589,0.757516,61.980919,-99.723007,0.943862,62.632356,-97.467819,0.980212,62.736490,-95.960091,0.962349,59.916413,-82.407499,0.700605,64.336955,-132.724703,0.716444,63.787668,-118.022861,0.564364,58.957380,-50.587831,0.711819,59.237942,-52.959002,0.756424,61.162686,-81.320281,0.769509,60.751972,-86.760127,0.787126,59.794246,-71.318021,1.031063,62.916885,-91.875296,0.921790,59.672052,-71.979667,0.995183,1.078846,1.080282,0.991570,0.991464,0.990017,1.058641,0.992936,105.958862,0.000000,44.752645,-179.393246,149.732688,150.653797,91.650719,90.704880,282.497941,415.860303,192.288307,428.118045,6.216798,260.433264,273.417225,137.105372,496.628978,232.149478,216.114747,259.892970,200.614467,124.488442,250.244210,184.493662,253.902685,7.985141,988.742731,2.105575,153.036591,69.085619,144.346314,72.943763,124.519654,26.843089,26.032666,81.453479,97.435000,73.871950,-77.647867,42.272334,15.225205,67.236434,24.718568,24.091648,3.992571,223.900075
2.400000,0.974704,60.214906,-86.847012,0.978770,60.877509,-92.346293,0.916903,61.609299,-98.430687,0.865520,62.433470,-105.367955,0.864826,62.649143,-107.119005,0.866877,62.724181,-107.395268,0.855168,62.614307,-107.931015,0.853916,62.511657,-107.460535,0.908480,60.678086,-92.588062,0.874561,62.788264,-104.940452,0.870644,62.763291,-105.744673,0.855556,62.737155,-105.244511,0.870787,62.703209,-104.615995,0.865799,62.492156,-103.715089,0.853769,62.110188,-98.884838,0.868455,61.805411,-94.792338,0.899905,61.793446,-96.049324,0.904763,61.751679,-97.466677,0.826979,60.683985,-77.591493,0.802890,60.525699,-75.937240,0.880431,61.734198,-93.737700,0.910079,61.529176,-90.281361,0.902076,61.602069,-91.669258,0.877779,61.840550,-95.387277,0.985187,60.905491,-90.121732,0.998508,61.801466,-92.753770,0.946907,61.848290,-95.407177,1.072939,62.322517,-89.549894,1.095626,62.447010,-87.240547,1.057246,60.335456,-90.806124,0.865060,63.637174,-113.887989,0.851990,63.316017,-102.280442,0.759741,59.794542,-64.235801,0.867379,59.853277,-65.586328,0.929374,61.240884,-84.645451,0.919917,61.427864,-88.659197,0.928875,60.228237,-80.508594,1.116448,62.699586,-81.608552,0.956495,59.846265,-83.397258,0.994972,1.081173,1.081451,0.990448,0.990560,0.989183,1.058871,0.992729,69.255878,0.000000,45.131571,142.170522,111.284250,111.576687,82.487880,53.008956,288.386712,447.801407,209.391182,467.504291,6.714956,286.595009,294.657614,141.506555,562.442642,245.397804,221.663592,276.387533,200.615792,124.489073,251.665498,184.492928,253.901100,8.239187,988.727776,2.150316,164.801151,75.236054,157.637430,78.813392,137.033378,28.930670,26.869163,92.234737,102.997145,75.769427,-82.573484,42.271148,15.225903,67.620071,24.719943,24.093466,4.119973,223.891117
2.420000,1.009852,60.209402,-95.363422,1.036493,60.694444,-97.235673,0.994963,61.143582,-99.841344,0.951208,61.657470,-102.575804,0.948865,61.832487,-102.853407,0.950286,61.896323,-102.625412,0.940254,61.780290,-104.002638,0.939280,61.709876,-104.086242,0.969286,60.598993,-98.157919,0.950847,62.011755,-99.434610,0.949351,61.970191,-100.509447,0.936780,61.950797,-100.189440,0.950008,61.929247,-99.762087,0.951481,61.731999,-100.441109,0.951450,61.422847,-98.268487,0.966731,61.233320,-95.725888,0.985082,61.242788,-96.800722,0.987334,61.216262,-98.386875,0.957761,60.467910,-84.063091,0.923891,60.315297,-83.506277,0.968980,61.267688,-94.833394,0.986129,61.226661,-91.902500,0.980535,61.274218,-93.037857,0.972994,61.268775,-96.197669,1.047010,60.719973,-94.810182,1.045883,61.348280,-92.522348,1.011911,61.309568,-95.507935,1.087154,61.888932,-85.286932,1.102503,62.064989,-81.749276,1.095801,60.355258,-98.371719,0.936403,62.652115,-102.990329,0.896426,62.669281,-92.011585,0.886994,59.957343,-74.792145,0.973706,59.910765,-76.353984,0.985599,61.107522,-87.077557,0.988854,61.276184,-90.300312,0.995164,60.261308,-88.776284,1.113798,62.443921,-73.524241,0.975049,59.899847,-94.156387,0.994839,1.082861,1.081876,0.989148,0.989718,0.988913,1.058200,0.993230,31.585926,0.000000,44.977959,102.289389,71.547401,71.352095,72.343587,14.487548,288.383537,447.800486,209.391302,467.503476,6.716764,286.593215,294.653782,141.505139,562.436978,245.395991,221.662569,276.383305,200.614016,124.488464,251.663934,184.493402,253.901976,8.239419,988.727341,2.148901,164.791279,75.230873,157.626503,78.812794,137.027281,28.927317,26.867809,92.238238,102.994073,75.767856,-82.575258,42.271630,15.225183,67.617709,24.718375,24.091152,4.119769,223.894234
2.440000,1.011002,60.037794,-104.393167,1.033365,60.310772,-103.709959,0.995089,60.555184,-104.050326,0.944664,60.951665,-103.703802,0.938310,61.163678,-102.596028,0.938870,61.236990,-101.879726,0.930249,61.096380,-104.178680,0.930157,61.035105,-104.714953,0.970769,60.330154,-104.830256,0.931700,61.409805,-97.611822,0.932582,61.346979,-99.075692,0.920113,61.322869,-98.911717,0.934285,61.300881,-98.636677,0.945100,61.047202,-100.954200,0.967691,60.685751,-101.198365,0.991316,60.547395,-99.757453,0.992991,60.576902,-100.657294,0.992203,60.564253,-102.368026,1.012238,60.132037,-92.001066,0.979146,59.999739,-92.460699,0.998666,60.569380,-98.650569,1.020679,60.602586,-95.637350,1.015141,60.620545,-96.545378,0.998890,60.552862,-100.103935,1.040299,60.353946,-101.023668,1.007428,60.786459,-95.115822,0.994033,60.662377,-98.777743,1.009958,61.431174,-83.565058,1.019976,61.700127,-78.377193,1.098480,60.160913,-106.417681,0.931499,62.060082,-96.670166,0.859097,62.365228,-84.244403,0.945250,59.897799,-85.137324,1.028891,59.803030,-87.251739,1.024077,60.607712,-91.090478,1.029518,60.738421,-93.123195,1.003420,60.112737,-97.315785,1.034473,62.283642,-66.573044,0.979552,59.867762,-104.822612,0.994792,1.083597,1.081362,0.988227,0.989259,0.989428,1.056668,0.994284,-6.646849,0.000000,44.280017,61.393149,31.000220,30.656968,61.190083,-24.214181,288.383297,447.800150,209.391350,467.503357,6.717002,286.592096,294.652499,141.504847,562.436989,245.394482,221.661074,276.382253,200.614467,124.488442,251.663684,184.493662,253.902685,8.239523,988.742731,2.149441,164.790455,75.230425,157.625653,78.812826,137.026846,28.927889,26.868009,92.246829,102.994034,75.767785,-82.574348,42.272334,15.225205,67.617822,24.718568,24.091648,4.119761,223.900075
