Results,Bus 01,Bus 01,Bus 01,Bus 02,Bus 02,Bus 02,Bus 03,Bus 03,Bus 03,Bus 04,Bus 04,Bus 04,Bus 05,Bus 05,Bus 05,Bus 06,Bus 06,Bus 06,Bus 07,Bus 07,Bus 07,Bus 08,Bus 08,Bus 08,Bus 09,Bus 09,Bus 09,Bus 10,Bus 10,Bus 10,Bus 11,Bus 11,Bus 11,Bus 12,Bus 12,Bus 12,Bus 13,Bus 13,Bus 13,Bus 14,Bus 14,Bus 14,Bus 15,Bus 15,Bus 15,Bus 16,Bus 16,Bus 16,Bus 17,Bus 17,Bus 17,Bus 18,Bus 18,Bus 18,Bus 19,Bus 19,Bus 19,Bus 20,Bus 20,Bus 20,Bus 21,Bus 21,Bus 21,Bus 22,Bus 22,Bus 22,Bus 23,Bus 23,Bus 23,Bus 24,Bus 24,Bus 24,Bus 25,Bus 25,Bus 25,Bus 26,Bus 26,Bus 26,Bus 27,Bus 27,Bus 27,Bus 28,Bus 28,Bus 28,Bus 29,Bus 29,Bus 29,Bus 30,Bus 30,Bus 30,Bus 31,Bus 31,Bus 31,Bus 32,Bus 32,Bus 32,Bus 33,Bus 33,Bus 33,Bus 34,Bus 34,Bus 34,Bus 35,Bus 35,Bus 35,Bus 36,Bus 36,Bus 36,Bus 37,Bus 37,Bus 37,Bus 38,Bus 38,Bus 38,Bus 39,Bus 39,Bus 39,G 01,G 02,G 03,G 04,G 05,G 08,G 09,G 10,G 01,G 02,G 03,G 04,G 05,G 08,G 09,G 10,Load 03,Load 04,Load 07,Load 08,Load 12,Load 15,Load 16,Load 18,Load 20,Load 21,Load 23,Load 24,Load 25,Load 26,Load 27,Load 28,Load 29,Load 31,Load 39,Load 03,Load 04,Load 07,Load 08,Load 12,Load 15,Load 16,Load 18,Load 20,Load 21,Load 23,Load 24,Load 25,Load 26,Load 27,Load 28,Load 29,Load 31,Load 39
"Time in s","u1, Magnitude in p.u.","Electrical Frequency in Hz","U, rel.Angle in deg","u1, Magnitude in p.u.","Electrical Frequency in Hz","U, rel.Angle in deg","u1, Magnitude in p.u.","Electrical Frequency in Hz","U, rel.Angle in deg","u1, Magnitude in p.u.","Electrical Frequency in Hz","U, rel.Angle in deg","u1, Magnitude in p.u.","Electrical Frequency in Hz","U, rel.Angle in deg","u1, Magnitude in p.u.","Electrical Frequency in Hz","U, rel.Angle in deg","u1, Magnitude in p.u.","Electrical Frequency in Hz","U, rel.Angle in deg","u1, Magnitude in p.u.","Electrical Frequency in Hz","U, rel.Angle in deg","u1, Magnitude in p.u.","Electrical Frequency in Hz","U, rel.Angle in deg","u1, Magnitude in p.u.","Electrical Frequency in Hz","U, rel.Angle in deg","u1, Magnitude in p.u.","Electrical Frequency in Hz","U, rel.Angle in deg","u1, Magnitude in p.u.","Electrical Frequency in Hz","U, rel.Angle in deg","u1, Magnitude in p.u.","Electrical Frequency in Hz","U, rel.Angle in deg","u1, Magnitude in p.u.","Electrical Frequency in Hz","U, rel.Angle in deg","u1, Magnitude in p.u.","Electrical Frequency in Hz","U, rel.Angle in deg","u1, Magnitude in p.u.","Electrical Frequency in Hz","U, rel.Angle in deg","u1, Magnitude in p.u.","Electrical Frequency in Hz","U, rel.Angle in deg","u1, Magnitude in p.u.","Electrical Frequency in Hz","U, rel.Angle in deg","u1, Magnitude in p.u.","Electrical Frequency in Hz","U, rel.Angle in deg","u1, Magnitude in p.u.","Electrical Frequency in Hz","U, rel.Angle in deg","u1, Magnitude in p.u.","Electrical Frequency in Hz","U, rel.Angle in deg","u1, Magnitude in p.u.","Electrical Frequency in Hz","U, rel.Angle in deg","u1, Magnitude in p.u.","Electrical Frequency in Hz","U, rel.Angle in deg","u1, Magnitude in p.u.","Electrical Frequency in Hz","U, rel.Angle in deg","u1, Magnitude in p.u.","Electrical Frequency in Hz","U, rel.Angle in deg","u1, Magnitude in p.u.","Electrical Frequency in Hz","U, rel.Angle in deg","u1, Magnitude in p.u.","Electrical Frequency in Hz","U, rel.Angle in deg","u1, Magnitude in p.u.","Electrical Frequency in Hz","U, rel.Angle in deg","u1, Magnitude in p.u.","Electrical Frequency in Hz","U, rel.Angle in deg","u1, Magnitude in p.u.","Electrical Frequency in Hz","U, rel.Angle in deg","u1, Magnitude in p.u.","Electrical Frequency in Hz","U, rel.Angle in deg","u1, Magnitude in p.u.","Electrical Frequency in Hz","U, rel.Angle in deg","u1, Magnitude in p.u.","Electrical Frequency in Hz","U, rel.Angle in deg","u1, Magnitude in p.u.","Electrical Frequency in Hz","U, rel.Angle in deg","u1, Magnitude in p.u.","Electrical Frequency in Hz","U, rel.Angle in deg","u1, Magnitude in p.u.","Electrical Frequency in Hz","U, rel.Angle in deg","u1, Magnitude in p.u.","Electrical Frequency in Hz","U, rel.Angle in deg","u1, Magnitude in p.u.","Electrical Frequency in Hz","U, rel.Angle in deg","u1, Magnitude in p.u.","Electrical Frequency in Hz","U, rel.Angle in deg","Speed in p.u.","Speed in p.u.","Speed in p.u.","Speed in p.u.","Speed in p.u.","Speed in p.u.","Speed in p.u.","Speed in p.u.","firel in deg","firel in deg","firel in deg","firel in deg","firel in deg","firel in deg","firel in deg","firel in deg","Total Active Power in MW","Total Active Power in MW","Total Active Power in MW","Total Active Power in MW","Total Active Power in MW","Total Active Power in MW","Total Active Power in MW","Total Active Power in MW","Total Active Power in MW","Total Active Power in MW","Total Active Power in MW","Total Active Power in MW","Total Active Power in MW","Total Active Power in MW","Total Active Power in MW","Total Active Power in MW","Total Active Power in MW","Total Active Power in MW","Total Active Power in MW","Total Reactive Power in Mvar","Total Reactive Power in Mvar","Total Reactive Power in Mvar","Total Reactive Power in Mvar","Total Reactive Power in Mvar","Total Reactive Power in Mvar","Total Reactive Power in Mvar","Total Reactive Power in Mvar","Total Reactive Power in Mvar","Total Reactive Power in Mvar","Total Reactive Power in Mvar","Total Reactive Power in Mvar","Total Reactive Power in Mvar","Total Reactive Power in Mvar","Total Reactive Power in Mvar","Total Reactive Power in Mvar","Total Reactive Power in Mvar","Total Reactive Power in Mvar","Total Reactive Power in Mvar"
0.000000,1.049431,60.000000,-7.361122,1.053541,60.000000,-4.984819,1.038509,60.000000,-7.513561,1.014809,60.000000,-8.418431,1.015250,60.000000,-7.559474,1.017135,60.000000,-6.980149,1.007760,60.000000,-8.887101,1.006832,60.000000,-9.316986,1.032682,60.000000,-9.046517,1.025403,60.000000,-4.748821,1.021568,60.000000,-5.507734,1.011373,60.000000,-5.469254,1.023325,60.000000,-5.338341,1.021904,60.000000,-6.704352,1.026077,60.000000,-6.755404,1.040657,60.000000,-5.385268,1.042630,60.000000,-6.367046,1.039992,60.000000,-7.181192,1.054456,60.000000,-0.802378,0.995187,60.000000,-1.680508,1.040364,60.000000,-3.260966,1.055231,60.000000,0.675524,1.050688,60.000000,0.501145,1.045590,60.000000,-5.279291,1.061415,60.000000,-3.746059,1.059794,60.000000,-4.791923,1.047051,60.000000,-6.532845,1.056666,60.000000,-1.672815,1.054939,60.000000,0.781358,1.047500,60.000000,-2.827688,0.982000,60.000000,-0.000000,0.983100,60.000000,2.349955,0.997200,60.000000,3.857337,1.012300,60.000000,2.950924,1.049630,60.000000,5.093842,1.063500,60.000000,7.495099,1.027800,60.000000,2.312208,1.026500,60.000000,7.089511,1.030000,60.000000,-8.796257,1.000000,1.000000,1.000000,1.000000,1.000000,1.000000,1.000000,1.000000,-42.642226,0.000000,5.266508,11.685834,3.989094,13.039518,20.310015,-38.263628,288.383297,447.800150,209.391350,467.503357,6.717002,286.592096,294.652499,141.504847,562.436988,245.394482,221.661074,276.382253,200.614467,124.488442,251.663684,184.493662,253.902685,8.239523,988.742731,2.149441,164.790455,75.230425,157.625653,78.812826,137.026846,28.927890,26.868009,92.246831,102.994034,75.767785,-82.574348,42.272334,15.225205,67.617823,24.718568,24.091648,4.119761,223.900075
0.020000,1.049431,60.000000,-7.361122,1.053541,60.000000,-4.984819,1.038509,60.000000,-7.513561,1.014809,60.000000,-8.418431,1.015250,60.000000,-7.559474,1.017135,60.000000,-6.980149,1.007760,60.000000,-8.887101,1.006832,60.000000,-9.316986,1.032682,60.000000,-9.046517,1.025403,60.000000,-4.748821,1.021568,60.000000,-5.507734,1.011373,60.000000,-5.469254,1.023325,60.000000,-5.338341,1.021904,60.000000,-6.704352,1.026077,60.000000,-6.755404,1.040657,60.000000,-5.385268,1.042630,60.000000,-6.367045,1.039992,60.000000,-7.181192,1.054456,60.000000,-0.802378,0.995187,60.000000,-1.680508,1.040364,60.000000,-3.260966,1.055231,60.000000,0.675524,1.050688,60.000000,0.501145,1.045590,60.000000,-5.279291,1.061415,60.000000,-3.746059,1.059794,60.000000,-4.791923,1.047051,60.000000,-6.532845,1.056666,60.000000,-1.672815,1.054939,60.000000,0.781358,1.047500,60.000000,-2.827688,0.982000,60.000000,0.000000,0.983100,60.000000,2.349955,0.997200,60.000000,3.857337,1.012300,60.000000,2.950924,1.049630,60.000000,5.093842,1.063500,60.000000,7.495099,1.027800,60.000000,2.312208,1.026500,60.000000,7.089511,1.030000,60.000000,-8.796257,1.000000,1.000000,1.000000,1.000000,1.000000,1.000000,1.000000,1.000000,-42.642226,0.000000,5.266508,11.685834,3.989094,13.039518,20.310015,-38.263628,288.383297,447.800150,209.391350,467.503357,6.717002,286.592096,294.652499,141.504847,562.436988,245.394482,221.661074,276.382253,200.614467,124.488442,251.663684,184.493662,253.902685,8.239523,988.742731,2.149441,164.790455,75.230425,157.625653,78.812826,137.026846,28.927890,26.868009,92.246831,102.994034,75.767785,-82.574348,42.272334,15.225205,67.617823,24.718568,24.091648,4.119761,223.900075
0.040000,1.049431,60.000000,-7.361122,1.053541,60.000000,-4.984819,1.038509,60.000000,-7.513561,1.014809,60.000000,-8.418431,1.015250,60.000000,-7.559474,1.017135,60.000000,-6.980149,1.007760,60.000000,-8.887101,1.006832,60.000000,-9.316986,1.032682,60.000000,-9.046517,1.025403,60.000000,-4.748821,1.021568,60.000000,-5.507734,1.011373,60.000000,-5.469254,1.023325,60.000000,-5.338341,1.021904,60.000000,-6.704352,1.026077,60.000000,-6.755404,1.040657,60.000000,-5.385268,1.042630,60.000000,-6.367045,1.039992,60.000000,-7.181192,1.054456,60.000000,-0.802378,0.995187,60.000000,-1.680508,1.040364,60.000000,-3.260966,1.055231,60.000000,0.675524,1.050688,60.000000,0.501145,1.045590,60.000000,-5.279291,1.061415,60.000000,-3.746059,1.059794,60.000000,-4.791923,1.047051,60.000000,-6.532845,1.056666,60.000000,-1.672815,1.054939,60.000000,0.781358,1.047500,60.000000,-2.827688,0.982000,60.000000,0.000000,0.983100,60.000000,2.349955,0.997200,60.000000,3.857337,1.012300,60.000000,2.950924,1.049630,60.000000,5.093842,1.063500,60.000000,7.495099,1.027800,60.000000,2.312208,1.026500,60.000000,7.089511,1.030000,60.000000,-8.796257,1.000000,1.000000,1.000000,1.000000,1.000000,1.000000,1.000000,1.000000,-42.642226,0.000000,5.266508,11.685834,3.989094,13.039518,20.310015,-38.263628,288.383297,447.800150,209.391350,467.503357,6.717002,286.592096,294.652499,141.504847,562.436988,245.394482,221.661074,276.382253,200.614467,124.488442,251.663684,184.493662,253.902685,8.239523,988.742731,2.149441,164.790455,75.230425,157.625653,78.812826,137.026846,28.927890,26.868009,92.246831,102.994034,75.767785,-82.574348,42.272334,15.225205,67.617823,24.718568,24.091648,4.119761,223.900075
0.060000,1.049431,60.000000,-7.361122,1.053541,60.000000,-4.984819,1.038509,60.000000,-7.513561,1.014809,60.000000,-8.418431,1.015250,60.000000,-7.559474,1.017135,60.000000,-6.980149,1.007760,60.000000,-8.887101,1.006832,60.000000,-9.316986,1.032682,60.000000,-9.046517,1.025403,60.000000,-4.748821,1.021568,60.000000,-5.507734,1.011373,60.000000,-5.469254,1.023325,60.000000,-5.338341,1.021904,60.000000,-6.704352,1.026077,60.000000,-6.755404,1.040657,60.000000,-5.385268,1.042630,60.000000,-6.367045,1.039992,60.000000,-7.181192,1.054456,60.000000,-0.802378,0.995187,60.000000,-1.680508,1.040364,60.000000,-3.260966,1.055231,60.000000,0.675524,1.050688,60.000000,0.501145,1.045590,60.000000,-5.279291,1.061415,60.000000,-3.746059,1.059794,60.000000,-4.791923,1.047051,60.000000,-6.532845,1.056666,60.000000,-1.672815,1.054939,60.000000,0.781358,1.047500,60.000000,-2.827688,0.982000,60.000000,0.000000,0.983100,60.000000,2.349955,0.997200,60.000000,3.857337,1.012300,60.000000,2.950924,1.049630,60.000000,5.093842,1.063500,60.000000,7.495099,1.027800,60.000000,2.312208,1.026500,60.000000,7.089511,1.030000,60.000000,-8.796257,1.000000,1.000000,1.000000,1.000000,1.000000,1.000000,1.000000,1.000000,-42.642226,0.000000,5.266508,11.685834,3.989094,13.039518,20.310015,-38.263628,288.383297,447.800150,209.391350,467.503357,6.717002,286.592096,294.652499,141.504847,562.436988,245.394482,221.661074,276.382253,200.614467,124.488442,251.663684,184.493662,253.902685,8.239523,988.742731,2.149441,164.790455,75.230425,157.625653,78.812826,137.026846,28.927890,26.868009,92.246831,102.994034,75.767785,-82.574348,42.272334,15.225205,67.617823,24.718568,24.091648,4.119761,223.900075
0.080000,1.049431,60.000000,-7.361122,1.053541,60.000000,-4.984819,1.038509,60.000000,-7.513561,1.014809,60.000000,-8.418431,1.015250,60.000000,-7.559474,1.017135,60.000000,-6.980149,1.007760,60.000000,-8.887101,1.006832,60.000000,-9.316986,1.032682,60.000000,-9.046517,1.025403,60.000000,-4.748821,1.021568,60.000000,-5.507734,1.011373,60.000000,-5.469254,1.023325,60.000000,-5.338341,1.021904,60.000000,-6.704352,1.026077,60.000000,-6.755404,1.040657,60.000000,-5.385268,1.042630,60.000000,-6.367045,1.039992,60.000000,-7.181192,1.054456,60.000000,-0.802378,0.995187,60.000000,-1.680508,1.040364,60.000000,-3.260966,1.055231,60.000000,0.675524,1.050688,60.000000,0.501145,1.045590,60.000000,-5.279291,1.061415,60.000000,-3.746059,1.059794,60.000000,-4.791923,1.047051,60.000000,-6.532845,1.056666,60.000000,-1.672815,1.054939,60.000000,0.781358,1.047500,60.000000,-2.827688,0.982000,60.000000,0.000000,0.983100,60.000000,2.349955,0.997200,60.000000,3.857337,1.012300,60.000000,2.950924,1.049630,60.000000,5.093842,1.063500,60.000000,7.495099,1.027800,60.000000,2.312208,1.026500,60.000000,7.089511,1.030000,60.000000,-8.796257,1.000000,1.000000,1.000000,1.000000,1.000000,1.000000,1.000000,1.000000,-42.642226,0.000000,5.266508,11.685834,3.989094,13.039518,20.310015,-38.263628,288.383297,447.800150,209.391350,467.503357,6.717002,286.592096,294.652499,141.504847,562.436988,245.394482,221.661074,276.382253,200.614467,124.488442,251.663684,184.493662,253.902685,8.239523,988.742731,2.149441,164.790455,75.230425,157.625653,78.812826,137.026846,28.927890,26.868009,92.246831,102.994034,75.767785,-82.574348,42.272334,15.225205,67.617823,24.718568,24.091648,4.119761,223.900075
0.100000,1.049431,60.000000,-7.361122,1.053541,60.000000,-4.984819,1.038509,60.000000,-7.513561,1.014809,60.000000,-8.418431,1.015250,60.000000,-7.559474,1.017135,60.000000,-6.980149,1.007760,60.000000,-8.887101,1.006832,60.000000,-9.316986,1.032682,60.000000,-9.046517,1.025403,60.000000,-4.748821,1.021568,60.000000,-5.507734,1.011373,60.000000,-5.469254,1.023325,60.000000,-5.338341,1.021904,60.000000,-6.704352,1.026077,60.000000,-6.755404,1.040657,60.000000,-5.385268,1.042630,60.000000,-6.367045,1.039992,60.000000,-7.181192,1.054456,60.000000,-0.802378,0.995187,60.000000,-1.680508,1.040364,60.000000,-3.260966,1.055231,60.000000,0.675524,1.050688,60.000000,0.501145,1.045590,60.000000,-5.279291,1.061415,60.000000,-3.746059,1.059794,60.000000,-4.791923,1.047051,60.000000,-6.532845,1.056666,60.000000,-1.672815,1.054939,60.000000,0.781358,1.047500,60.000000,-2.827688,0.982000,60.000000,0.000000,0.983100,60.000000,2.349955,0.997200,60.000000,3.857337,1.012300,60.000000,2.950924,1.049630,60.000000,5.093842,1.063500,60.000000,7.495099,1.027800,60.000000,2.312208,1.026500,60.000000,7.089511,1.030000,60.000000,-8.796257,1.000000,1.000000,1.000000,1.000000,1.000000,1.000000,1.000000,1.000000,-42.642226,0.000000,5.266508,11.685834,3.989094,13.039518,20.310015,-38.263628,288.383297,447.800150,209.391350,467.503357,6.717002,286.592096,294.652499,141.504847,562.436988,245.394482,221.661074,276.382253,200.614467,124.488442,251.663684,184.493662,253.902685,8.239523,988.742731,2.149441,164.790455,75.230425,157.625653,78.812826,137.026846,28.927890,26.868009,92.246831,102.994034,75.767785,-82.574348,42.272334,15.225205,67.617823,24.718568,24.091648,4.119761,223.900075
0.120000,1.049431,60.000000,-7.361122,1.053541,60.000000,-4.984819,1.038509,60.000000,-7.513561,1.014809,60.000000,-8.418431,1.015250,60.000000,-7.559474,1.017135,60.000000,-6.980149,1.007760,60.000000,-8.887101,1.006832,60.000000,-9.316986,1.032682,60.000000,-9.046517,1.025403,60.000000,-4.748821,1.021568,60.000000,-5.507734,1.011373,60.000000,-5.469254,1.023325,60.000000,-5.338341,1.021904,60.000000,-6.704352,1.026077,60.000000,-6.755404,1.040657,60.000000,-5.385268,1.042630,60.000000,-6.367045,1.039992,60.000000,-7.181192,1.054456,60.000000,-0.802378,0.995187,60.000000,-1.680508,1.040364,60.000000,-3.260966,1.055231,60.000000,0.675524,1.050688,60.000000,0.501145,1.045590,60.000000,-5.279291,1.061415,60.000000,-3.746059,1.059794,60.000000,-4.791923,1.047051,60.000000,-6.532845,1.056666,60.000000,-1.672815,1.054939,60.000000,0.781358,1.047500,60.000000,-2.827688,0.982000,60.000000,0.000000,0.983100,60.000000,2.349955,0.997200,60.000000,3.857337,1.012300,60.000000,2.950924,1.049630,60.000000,5.093842,1.063500,60.000000,7.495099,1.027800,60.000000,2.312208,1.026500,60.000000,7.089511,1.030000,60.000000,-8.796257,1.000000,1.000000,1.000000,1.000000,1.000000,1.000000,1.000000,1.000000,-42.642226,0.000000,5.266508,11.685834,3.989094,13.039518,20.310015,-38.263628,288.383297,447.800150,209.391350,467.503357,6.717002,286.592096,294.652499,141.504847,562.436988,245.394482,221.661074,276.382253,200.614467,124.488442,251.663684,184.493662,253.902685,8.239523,988.742731,2.149441,164.790455,75.230425,157.625653,78.812826,137.026846,28.927890,26.868009,92.246831,102.994034,75.767785,-82.574348,42.272334,15.225205,67.617823,24.718568,24.091648,4.119761,223.900075
0.140000,1.049431,60.000000,-7.361122,1.053541,60.000000,-4.984819,1.038509,60.000000,-7.513561,1.014809,60.000000,-8.418431,1.015250,60.000000,-7.559474,1.017135,60.000000,-6.980149,1.007760,60.000000,-8.887101,1.006832,60.000000,-9.316986,1.032682,60.000000,-9.046517,1.025403,60.000000,-4.748821,1.021568,60.000000,-5.507734,1.011373,60.000000,-5.469254,1.023325,60.000000,-5.338341,1.021904,60.000000,-6.704352,1.026077,60.000000,-6.755404,1.040657,60.000000,-5.385268,1.042630,60.000000,-6.367045,1.039992,60.000000,-7.181192,1.054456,60.000000,-0.802378,0.995187,60.000000,-1.680508,1.040364,60.000000,-3.260966,1.055231,60.000000,0.675524,1.050688,60.000000,0.501145,1.045590,60.000000,-5.279291,1.061415,60.000000,-3.746059,1.059794,60.000000,-4.791923,1.047051,60.000000,-6.532845,1.056666,60.000000,-1.672815,1.054939,60.000000,0.781358,1.047500,60.000000,-2.827688,0.982000,60.000000,0.000000,0.983100,60.000000,2.349955,0.997200,60.000000,3.857337,1.012300,60.000000,2.950924,1.049630,60.000000,5.093842,1.063500,60.000000,7.495099,1.027800,60.000000,2.312208,1.026500,60.000000,7.089511,1.030000,60.000000,-8.796257,1.000000,1.000000,1.000000,1.000000,1.000000,1.000000,1.000000,1.000000,-42.642226,0.000000,5.266508,11.685834,3.989094,13.039518,20.310015,-38.263628,288.383297,447.800150,209.391350,467.503357,6.717002,286.592096,294.652499,141.504847,562.436988,245.394482,221.661074,276.382253,200.614467,124.488442,251.663684,184.493662,253.902685,8.239523,988.742731,2.149441,164.790455,75.230425,157.625653,78.812826,137.026846,28.927890,26.868009,92.246831,102.994034,75.767785,-82.574348,42.272334,15.225205,67.617823,24.718568,24.091648,4.119761,223.900075
0.160000,1.049431,60.000000,-7.361122,1.053541,60.000000,-4.984819,1.038509,60.000000,-7.513561,1.014809,60.000000,-8.418431,1.015250,60.000000,-7.559474,1.017135,60.000000,-6.980149,1.007760,60.000000,-8.887101,1.006832,60.000000,-9.316986,1.032682,60.000000,-9.046517,1.025403,60.000000,-4.748821,1.021568,60.000000,-5.507734,1.011373,60.000000,-5.469254,1.023325,60.000000,-5.338341,1.021904,60.000000,-6.704352,1.026077,60.000000,-6.755404,1.040657,60.000000,-5.385268,1.042630,60.000000,-6.367045,1.039992,60.000000,-7.181192,1.054456,60.000000,-0.802378,0.995187,60.000000,-1.680508,1.040364,60.000000,-3.260966,1.055231,60.000000,0.675524,1.050688,60.000000,0.501145,1.045590,60.000000,-5.279291,1.061415,60.000000,-3.746059,1.059794,60.000000,-4.791923,1.047051,60.000000,-6.532845,1.056666,60.000000,-1.672815,1.054939,60.000000,0.781358,1.047500,60.000000,-2.827688,0.982000,60.000000,0.000000,0.983100,60.000000,2.349955,0.997200,60.000000,3.857337,1.012300,60.000000,2.950924,1.049630,60.000000,5.093842,1.063500,60.000000,7.495099,1.027800,60.000000,2.312208,1.026500,60.000000,7.089511,1.030000,60.000000,-8.796257,1.000000,1.000000,1.000000,1.000000,1.000000,1.000000,1.000000,1.000000,-42.642226,0.000000,5.266508,11.685834,3.989094,13.039518,20.310015,-38.263628,288.383297,447.800150,209.391350,467.503357,6.717002,286.592096,294.652499,141.504847,562.436988,245.394482,221.661074,276.382253,200.614467,124.488442,251.663684,184.493662,253.902685,8.239523,988.742731,2.149441,164.790455,75.230425,157.625653,78.812826,137.026846,28.927890,26.868009,92.246831,102.994034,75.767785,-82.574348,42.272334,15.225205,67.617823,24.718568,24.091648,4.119761,223.900075
0.180000,1.049431,60.000000,-7.361122,1.053541,60.000000,-4.984819,1.038509,60.000000,-7.513561,1.014809,60.000000,-8.418431,1.015250,60.000000,-7.559474,1.017135,60.000000,-6.980149,1.007760,60.000000,-8.887101,1.006832,60.000000,-9.316986,1.032682,60.000000,-9.046517,1.025403,60.000000,-4.748821,1.021568,60.000000,-5.507734,1.011373,60.000000,-5.469254,1.023325,60.000000,-5.338341,1.021904,60.000000,-6.704352,1.026077,60.000000,-6.755404,1.040657,60.000000,-5.385268,1.042630,60.000000,-6.367045,1.039992,60.000000,-7.181192,1.054456,60.000000,-0.802378,0.995187,60.000000,-1.680508,1.040364,60.000000,-3.260966,1.055231,60.000000,0.675524,1.050688,60.000000,0.501145,1.045590,60.000000,-5.279291,1.061415,60.000000,-3.746059,1.059794,60.000000,-4.791923,1.047051,60.000000,-6.532845,1.056666,60.000000,-1.672815,1.054939,60.000000,0.781358,1.047500,60.000000,-2.827688,0.982000,60.000000,0.000000,0.983100,60.000000,2.349955,0.997200,60.000000,3.857337,1.012300,60.000000,2.950924,1.049630,60.000000,5.093842,1.063500,60.000000,7.495099,1.027800,60.000000,2.312208,1.026500,60.000000,7.089511,1.030000,60.000000,-8.796257,1.000000,1.000000,1.000000,1.000000,1.000000,1.000000,1.000000,1.000000,-42.642226,0.000000,5.266508,11.685834,3.989094,13.039518,20.310015,-38.263628,288.383297,447.800150,209.391350,467.503357,6.717002,286.592096,294.652499,141.504847,562.436988,245.394482,221.661074,276.382253,200.614467,124.488442,251.663684,184.493662,253.902685,8.239523,988.742731,2.149441,164.790455,75.230425,157.625653,78.812826,137.026846,28.927890,26.868009,92.246831,102.994034,75.767785,-82.574348,42.272334,15.225205,67.617823,24.718568,24.091648,4.119761,223.900075
0.200000,1.049431,60.000000,-7.361122,1.053541,60.000000,-4.984819,1.038509,60.000000,-7.513561,1.014809,60.000000,-8.418431,1.015250,60.000000,-7.559474,1.017135,60.000000,-6.980149,1.007760,60.000000,-8.887101,1.006832,60.000000,-9.316986,1.032682,60.000000,-9.046517,1.025403,60.000000,-4.748821,1.021568,60.000000,-5.507734,1.011373,60.000000,-5.469254,1.023325,60.000000,-5.338341,1.021904,60.000000,-6.704352,1.026077,60.000000,-6.755404,1.040657,60.000000,-5.385268,1.042630,60.000000,-6.367045,1.039992,60.000000,-7.181192,1.054456,60.000000,-0.802378,0.995187,60.000000,-1.680508,1.040364,60.000000,-3.260966,1.055231,60.000000,0.675524,1.050688,60.000000,0.501145,1.045590,60.000000,-5.279291,1.061415,60.000000,-3.746059,1.059794,60.000000,-4.791923,1.047051,60.000000,-6.532845,1.056666,60.000000,-1.672815,1.054939,60.000000,0.781358,1.047500,60.000000,-2.827688,0.982000,60.000000,0.000000,0.983100,60.000000,2.349955,0.997200,60.000000,3.857337,1.012300,60.000000,2.950924,1.049630,60.000000,5.093842,1.063500,60.000000,7.495099,1.027800,60.000000,2.312208,1.026500,60.000000,7.089511,1.030000,60.000000,-8.796257,1.000000,1.000000,1.000000,1.000000,1.000000,1.000000,1.000000,1.000000,-42.642226,0.000000,5.266508,11.685834,3.989094,13.039518,20.310015,-38.263628,288.383297,447.800150,209.391350,467.503357,6.717002,286.592096,294.652499,141.504847,562.436988,245.394482,221.661074,276.382253,200.614467,124.488442,251.663684,184.493662,253.902685,8.239523,988.742731,2.149441,164.790455,75.230425,157.625653,78.812826,137.026846,28.927890,26.868009,92.246831,102.994034,75.767785,-82.574348,42.272334,15.225205,67.617823,24.718568,24.091648,4.119761,223.900075
0.220000,1.049431,60.000000,-7.361122,1.053541,60.000000,-4.984819,1.038509,60.000000,-7.513561,1.014809,60.000000,-8.418431,1.015250,60.000000,-7.559474,1.017135,60.000000,-6.980149,1.007760,60.000000,-8.887101,1.006832,60.000000,-9.316986,1.032682,60.000000,-9.046517,1.025403,60.000000,-4.748821,1.021568,60.000000,-5.507734,1.011373,60.000000,-5.469254,1.023325,60.000000,-5.338341,1.021904,60.000000,-6.704352,1.026077,60.000000,-6.755404,1.040657,60.000000,-5.385268,1.042630,60.000000,-6.367045,1.039992,60.000000,-7.181192,1.054456,60.000000,-0.802378,0.995187,60.000000,-1.680508,1.040364,60.000000,-3.260966,1.055231,60.000000,0.675524,1.050688,60.000000,0.501145,1.045590,60.000000,-5.279291,1.061415,60.000000,-3.746059,1.059794,60.000000,-4.791923,1.047051,60.000000,-6.532845,1.056666,60.000000,-1.672815,1.054939,60.000000,0.781358,1.047500,60.000000,-2.827688,0.982000,60.000000,0.000000,0.983100,60.000000,2.349955,0.997200,60.000000,3.857337,1.012300,60.000000,2.950924,1.049630,60.000000,5.093842,1.063500,60.000000,7.495099,1.027800,60.000000,2.312208,1.026500,60.000000,7.089511,1.030000,60.000000,-8.796257,1.000000,1.000000,1.000000,1.000000,1.000000,1.000000,1.000000,1.000000,-42.642226,0.000000,5.266508,11.685834,3.989094,13.039518,20.310015,-38.263628,288.383297,447.800150,209.391350,467.503357,6.717002,286.592096,294.652499,141.504847,562.436988,245.394482,221.661074,276.382253,200.614467,124.488442,251.663684,184.493662,253.902685,8.239523,988.742731,2.149441,164.790455,75.230425,157.625653,78.812826,137.026846,28.927890,26.868009,92.246831,102.994034,75.767785,-82.574348,42.272334,15.225205,67.617823,24.718568,24.091648,4.119761,223.900075
0.240000,1.049431,60.000000,-7.361122,1.053541,60.000000,-4.984819,1.038509,60.000000,-7.513561,1.014809,60.000000,-8.418431,1.015250,60.000000,-7.559474,1.017135,60.000000,-6.980149,1.007760,60.000000,-8.887101,1.006832,60.000000,-9.316986,1.032682,60.000000,-9.046517,1.025403,60.000000,-4.748821,1.021568,60.000000,-5.507734,1.011373,60.000000,-5.469254,1.023325,60.000000,-5.338341,1.021904,60.000000,-6.704352,1.026077,60.000000,-6.755404,1.040657,60.000000,-5.385268,1.042630,60.000000,-6.367045,1.039992,60.000000,-7.181192,1.054456,60.000000,-0.802378,0.995187,60.000000,-1.680508,1.040364,60.000000,-3.260966,1.055231,60.000000,0.675524,1.050688,60.000000,0.501145,1.045590,60.000000,-5.279291,1.061415,60.000000,-3.746059,1.059794,60.000000,-4.791923,1.047051,60.000000,-6.532845,1.056666,60.000000,-1.672815,1.054939,60.000000,0.781358,1.047500,60.000000,-2.827688,0.982000,60.000000,0.000000,0.983100,60.000000,2.349955,0.997200,60.000000,3.857337,1.012300,60.000000,2.950924,1.049630,60.000000,5.093842,1.063500,60.000000,7.495099,1.027800,60.000000,2.312208,1.026500,60.000000,7.089511,1.030000,60.000000,-8.796257,1.000000,1.000000,1.000000,1.000000,1.000000,1.000000,1.000000,1.000000,-42.642226,0.000000,5.266508,11.685834,3.989094,13.039518,20.310015,-38.263628,288.383297,447.800150,209.391350,467.503357,6.717002,286.592096,294.652499,141.504847,562.436988,245.394482,221.661074,276.382253,200.614467,124.488442,251.663684,184.493662,253.902685,8.239523,988.742731,2.149441,164.790455,75.230425,157.625653,78.812826,137.026846,28.927890,26.868009,92.246831,102.994034,75.767785,-82.574348,42.272334,15.225205,67.617823,24.718568,24.091648,4.119761,223.900075
0.260000,1.049431,60.000000,-7.361122,1.053541,60.000000,-4.984819,1.038509,60.000000,-7.513561,1.014809,60.000000,-8.418431,1.015250,60.000000,-7.559474,1.017135,60.000000,-6.980149,1.007760,60.000000,-8.887101,1.006832,60.000000,-9.316986,1.032682,60.000000,-9.046517,1.025403,60.000000,-4.748821,1.021568,60.000000,-5.507734,1.011373,60.000000,-5.469254,1.023325,60.000000,-5.338341,1.021904,60.000000,-6.704352,1.026077,60.000000,-6.755404,1.040657,60.000000,-5.385268,1.042630,60.000000,-6.367045,1.039992,60.000000,-7.181192,1.054456,60.000000,-0.802378,0.995187,60.000000,-1.680508,1.040364,60.000000,-3.260966,1.055231,60.000000,0.675524,1.050688,60.000000,0.501145,1.045590,60.000000,-5.279291,1.061415,60.000000,-3.746059,1.059794,60.000000,-4.791923,1.047051,60.000000,-6.532845,1.056666,60.000000,-1.672815,1.054939,60.000000,0.781358,1.047500,60.000000,-2.827688,0.982000,60.000000,0.000000,0.983100,60.000000,2.349955,0.997200,60.000000,3.857337,1.012300,60.000000,2.950924,1.049630,60.000000,5.093842,1.063500,60.000000,7.495099,1.027800,60.000000,2.312208,1.026500,60.000000,7.089511,1.030000,60.000000,-8.796257,1.000000,1.000000,1.000000,1.000000,1.000000,1.000000,1.000000,1.000000,-42.642226,0.000000,5.266508,11.685834,3.989094,13.039518,20.310015,-38.263628,288.383297,447.800150,209.391350,467.503357,6.717002,286.592096,294.652499,141.504847,562.436988,245.394482,221.661074,276.382253,200.614467,124.488442,251.663684,184.493662,253.902685,8.239523,988.742731,2.149441,164.790455,75.230425,157.625653,78.812826,137.026846,28.927890,26.868009,92.246831,102.994034,75.767785,-82.574348,42.272334,15.225205,67.617823,24.718568,24.091648,4.119761,223.900075
0.280000,1.049431,60.000000,-7.361122,1.053541,60.000000,-4.984819,1.038509,60.000000,-7.513561,1.014809,60.000000,-8.418431,1.015250,60.000000,-7.559474,1.017135,60.000000,-6.980149,1.007760,60.000000,-8.887101,1.006832,60.000000,-9.316986,1.032682,60.000000,-9.046517,1.025403,60.000000,-4.748821,1.021568,60.000000,-5.507734,1.011373,60.000000,-5.469254,1.023325,60.000000,-5.338341,1.021904,60.000000,-6.704352,1.026077,60.000000,-6.755404,1.040657,60.000000,-5.385268,1.042630,60.000000,-6.367045,1.039992,60.000000,-7.181192,1.054456,60.000000,-0.802378,0.995187,60.000000,-1.680508,1.040364,60.000000,-3.260966,1.055231,60.000000,0.675524,1.050688,60.000000,0.501145,1.045590,60.000000,-5.279291,1.061415,60.000000,-3.746059,1.059794,60.000000,-4.791923,1.047051,60.000000,-6.532845,1.056666,60.000000,-1.672815,1.054939,60.000000,0.781358,1.047500,60.000000,-2.827688,0.982000,60.000000,0.000000,0.983100,60.000000,2.349955,0.997200,60.000000,3.857337,1.012300,60.000000,2.950924,1.049630,60.000000,5.093842,1.063500,60.000000,7.495099,1.027800,60.000000,2.312208,1.026500,60.000000,7.089511,1.030000,60.000000,-8.796257,1.000000,1.000000,1.000000,1.000000,1.000000,1.000000,1.000000,1.000000,-42.642226,0.000000,5.266508,11.685834,3.989094,13.039518,20.310015,-38.263628,288.383297,447.800150,209.391350,467.503357,6.717002,286.592096,294.652499,141.504847,562.436988,245.394482,221.661074,276.382253,200.614467,124.488442,251.663684,184.493662,253.902685,8.239523,988.742731,2.149441,164.790455,75.230425,157.625653,78.812826,137.026846,28.927890,26.868009,92.246831,102.994034,75.767785,-82.574348,42.272334,15.225205,67.617823,24.718568,24.091648,4.119761,223.900075
0.300000,1.049431,60.000000,-7.361122,1.053541,60.000000,-4.984819,1.038509,60.000000,-7.513561,1.014809,60.000000,-8.418431,1.015250,60.000000,-7.559474,1.017135,60.000000,-6.980149,1.007760,60.000000,-8.887101,1.006832,60.000000,-9.316986,1.032682,60.000000,-9.046517,1.025403,60.000000,-4.748821,1.021568,60.000000,-5.507734,1.011373,60.000000,-5.469254,1.023325,60.000000,-5.338341,1.021904,60.000000,-6.704352,1.026077,60.000000,-6.755404,1.040657,60.000000,-5.385268,1.042630,60.000000,-6.367045,1.039992,60.000000,-7.181192,1.054456,60.000000,-0.802378,0.995187,60.000000,-1.680508,1.040364,60.000000,-3.260966,1.055231,60.000000,0.675524,1.050688,60.000000,0.501145,1.045590,60.000000,-5.279291,1.061415,60.000000,-3.746059,1.059794,60.000000,-4.791923,1.047051,60.000000,-6.532845,1.056666,60.000000,-1.672815,1.054939,60.000000,0.781358,1.047500,60.000000,-2.827688,0.982000,60.000000,0.000000,0.983100,60.000000,2.349955,0.997200,60.000000,3.857337,1.012300,60.000000,2.950924,1.049630,60.000000,5.093842,1.063500,60.000000,7.495099,1.027800,60.000000,2.312208,1.026500,60.000000,7.089511,1.030000,60.000000,-8.796257,1.000000,1.000000,1.000000,1.000000,1.000000,1.000000,1.000000,1.000000,-42.642226,0.000000,5.266508,11.685834,3.989094,13.039518,20.310015,-38.263628,288.383297,447.800150,209.391350,467.503357,6.717002,286.592096,294.652499,141.504847,562.436988,245.394482,221.661074,276.382253,200.614467,124.488442,251.663684,184.493662,253.902685,8.239523,988.742731,2.149441,164.790455,75.230425,157.625653,78.812826,137.026846,28.927890,26.868009,92.246831,102.994034,75.767785,-82.574348,42.272334,15.225205,67.617823,24.718568,24.091648,4.119761,223.900075
0.320000,1.049431,60.000000,-7.361122,1.053541,60.000000,-4.984819,1.038509,60.000000,-7.513561,1.014809,60.000000,-8.418431,1.015250,60.000000,-7.559474,1.017135,60.000000,-6.980149,1.007760,60.000000,-8.887101,1.006832,60.000000,-9.316986,1.032682,60.000000,-9.046517,1.025403,60.000000,-4.748821,1.021568,60.000000,-5.507734,1.011373,60.000000,-5.469254,1.023325,60.000000,-5.338341,1.021904,60.000000,-6.704352,1.026077,60.000000,-6.755404,1.040657,60.000000,-5.385268,1.042630,60.000000,-6.367045,1.039992,60.000000,-7.181192,1.054456,60.000000,-0.802378,0.995187,60.000000,-1.680508,1.040364,60.000000,-3.260966,1.055231,60.000000,0.675524,1.050688,60.000000,0.501145,1.045590,60.000000,-5.279291,1.061415,60.000000,-3.746059,1.059794,60.000000,-4.791923,1.047051,60.000000,-6.532845,1.056666,60.000000,-1.672815,1.054939,60.000000,0.781358,1.047500,60.000000,-2.827688,0.982000,60.000000,0.000000,0.983100,60.000000,2.349955,0.997200,60.000000,3.857337,1.012300,60.000000,2.950924,1.049630,60.000000,5.093842,1.063500,60.000000,7.495099,1.027800,60.000000,2.312208,1.026500,60.000000,7.089511,1.030000,60.000000,-8.796257,1.000000,1.000000,1.000000,1.000000,1.000000,1.000000,1.000000,1.000000,-42.642226,0.000000,5.266508,11.685834,3.989094,13.039518,20.310015,-38.263628,288.383297,447.800150,209.391350,467.503357,6.717002,286.592096,294.652499,141.504847,562.436988,245.394482,221.661074,276.382253,200.614467,124.488442,251.663684,184.493662,253.902685,8.239523,988.742731,2.149441,164.790455,75.230425,157.625653,78.812826,137.026846,28.927890,26.868009,92.246831,102.994034,75.767785,-82.574348,42.272334,15.225205,67.617823,24.718568,24.091648,4.119761,223.900075
0.340000,1.049431,60.000000,-7.361122,1.053541,60.000000,-4.984819,1.038509,60.000000,-7.513561,1.014809,60.000000,-8.418431,1.015250,60.000000,-7.559474,1.017135,60.000000,-6.980149,1.007760,60.000000,-8.887101,1.006832,60.000000,-9.316986,1.032682,60.000000,-9.046517,1.025403,60.000000,-4.748821,1.021568,60.000000,-5.507734,1.011373,60.000000,-5.469254,1.023325,60.000000,-5.338341,1.021904,60.000000,-6.704352,1.026077,60.000000,-6.755404,1.040657,60.000000,-5.385268,1.042630,60.000000,-6.367045,1.039992,60.000000,-7.181192,1.054456,60.000000,-0.802378,0.995187,60.000000,-1.680508,1.040364,60.000000,-3.260966,1.055231,60.000000,0.675524,1.050688,60.000000,0.501145,1.045590,60.000000,-5.279291,1.061415,60.000000,-3.746059,1.059794,60.000000,-4.791923,1.047051,60.000000,-6.532845,1.056666,60.000000,-1.672815,1.054939,60.000000,0.781358,1.047500,60.000000,-2.827688,0.982000,60.000000,0.000000,0.983100,60.000000,2.349955,0.997200,60.000000,3.857337,1.012300,60.000000,2.950924,1.049630,60.000000,5.093842,1.063500,60.000000,7.495099,1.027800,60.000000,2.312208,1.026500,60.000000,7.089511,1.030000,60.000000,-8.796257,1.000000,1.000000,1.000000,1.000000,1.000000,1.000000,1.000000,1.000000,-42.642226,0.000000,5.266508,11.685834,3.989094,13.039518,20.310015,-38.263628,288.383297,447.800150,209.391350,467.503357,6.717002,286.592096,294.652499,141.504847,562.436988,245.394482,221.661074,276.382253,200.614467,124.488442,251.663684,184.493662,253.902685,8.239523,988.742731,2.149441,164.790455,75.230425,157.625653,78.812826,137.026846,28.927890,26.868009,92.246831,102.994034,75.767785,-82.574348,42.272334,15.225205,67.617823,24.718568,24.091648,4.119761,223.900075
0.360000,1.049431,60.000000,-7.361122,1.053541,60.000000,-4.984819,1.038509,60.000000,-7.513561,1.014809,60.000000,-8.418431,1.015250,60.000000,-7.559474,1.017135,60.000000,-6.980149,1.007760,60.000000,-8.887101,1.006832,60.000000,-9.316986,1.032682,60.000000,-9.046517,1.025403,60.000000,-4.748821,1.021568,60.000000,-5.507734,1.011373,60.000000,-5.469254,1.023325,60.000000,-5.338341,1.021904,60.000000,-6.704352,1.026077,60.000000,-6.755404,1.040657,60.000000,-5.385268,1.042630,60.000000,-6.367045,1.039992,60.000000,-7.181192,1.054456,60.000000,-0.802378,0.995187,60.000000,-1.680508,1.040364,60.000000,-3.260966,1.055231,60.000000,0.675524,1.050688,60.000000,0.501145,1.045590,60.000000,-5.279291,1.061415,60.000000,-3.746059,1.059794,60.000000,-4.791923,1.047051,60.000000,-6.532845,1.056666,60.000000,-1.672815,1.054939,60.000000,0.781358,1.047500,60.000000,-2.827688,0.982000,60.000000,0.000000,0.983100,60.000000,2.349955,0.997200,60.000000,3.857337,1.012300,60.000000,2.950924,1.049630,60.000000,5.093842,1.063500,60.000000,7.495099,1.027800,60.000000,2.312208,1.026500,60.000000,7.089511,1.030000,60.000000,-8.796257,1.000000,1.000000,1.000000,1.000000,1.000000,1.000000,1.000000,1.000000,-42.642226,0.000000,5.266508,11.685834,3.989094,13.039518,20.310015,-38.263628,288.383297,447.800150,209.391350,467.503357,6.717002,286.592096,294.652499,141.504847,562.436988,245.394482,221.661074,276.382253,200.614467,124.488442,251.663684,184.493662,253.902685,8.239523,988.742731,2.149441,164.790455,75.230425,157.625653,78.812826,137.026846,28.927890,26.868009,92.246831,102.994034,75.767785,-82.574348,42.272334,15.225205,67.617823,24.718568,24.091648,4.119761,223.900075
0.380000,1.049431,60.000000,-7.361122,1.053541,60.000000,-4.984819,1.038509,60.000000,-7.513561,1.014809,60.000000,-8.418431,1.015250,60.000000,-7.559474,1.017135,60.000000,-6.980149,1.007760,60.000000,-8.887101,1.006832,60.000000,-9.316986,1.032682,60.000000,-9.046517,1.025403,60.000000,-4.748821,1.021568,60.000000,-5.507734,1.011373,60.000000,-5.469254,1.023325,60.000000,-5.338341,1.021904,60.000000,-6.704352,1.026077,60.000000,-6.755404,1.040657,60.000000,-5.385268,1.042630,60.000000,-6.367045,1.039992,60.000000,-7.181192,1.054456,60.000000,-0.802378,0.995187,60.000000,-1.680508,1.040364,60.000000,-3.260966,1.055231,60.000000,0.675524,1.050688,60.000000,0.501145,1.045590,60.000000,-5.279291,1.061415,60.000000,-3.746059,1.059794,60.000000,-4.791923,1.047051,60.000000,-6.532845,1.056666,60.000000,-1.672815,1.054939,60.000000,0.781358,1.047500,60.000000,-2.827688,0.982000,60.000000,0.000000,0.983100,60.000000,2.349955,0.997200,60.000000,3.857337,1.012300,60.000000,2.950924,1.049630,60.000000,5.093842,1.063500,60.000000,7.495099,1.027800,60.000000,2.312208,1.026500,60.000000,7.089511,1.030000,60.000000,-8.796257,1.000000,1.000000,1.000000,1.000000,1.000000,1.000000,1.000000,1.000000,-42.642226,0.000000,5.266508,11.685834,3.989094,13.039518,20.310015,-38.263628,288.383297,447.800150,209.391350,467.503357,6.717002,286.592096,294.652499,141.504847,562.436988,245.394482,221.661074,276.382253,200.614467,124.488442,251.663684,184.493662,253.902685,8.239523,988.742731,2.149441,164.790455,75.230425,157.625653,78.812826,137.026846,28.927890,26.868009,92.246831,102.994034,75.767785,-82.574348,42.272334,15.225205,67.617823,24.718568,24.091648,4.119761,223.900075
0.400000,1.049431,60.000000,-7.361122,1.053541,60.000000,-4.984819,1.038509,60.000000,-7.513561,1.014809,60.000000,-8.418431,1.015250,60.000000,-7.559474,1.017135,60.000000,-6.980149,1.007760,60.000000,-8.887101,1.006832,60.000000,-9.316986,1.032682,60.000000,-9.046517,1.025403,60.000000,-4.748821,1.021568,60.000000,-5.507734,1.011373,60.000000,-5.469254,1.023325,60.000000,-5.338341,1.021904,60.000000,-6.704352,1.026077,60.000000,-6.755404,1.040657,60.000000,-5.385268,1.042630,60.000000,-6.367045,1.039992,60.000000,-7.181192,1.054456,60.000000,-0.802378,0.995187,60.000000,-1.680508,1.040364,60.000000,-3.260966,1.055231,60.000000,0.675524,1.050688,60.000000,0.501145,1.045590,60.000000,-5.279291,1.061415,60.000000,-3.746059,1.059794,60.000000,-4.791923,1.047051,60.000000,-6.532845,1.056666,60.000000,-1.672815,1.054939,60.000000,0.781358,1.047500,60.000000,-2.827688,0.982000,60.000000,0.000000,0.983100,60.000000,2.349955,0.997200,60.000000,3.857337,1.012300,60.000000,2.950924,1.049630,60.000000,5.093842,1.063500,60.000000,7.495099,1.027800,60.000000,2.312208,1.026500,60.000000,7.089511,1.030000,60.000000,-8.796257,1.000000,1.000000,1.000000,1.000000,1.000000,1.000000,1.000000,1.000000,-42.642226,0.000000,5.266508,11.685834,3.989094,13.039518,20.310015,-38.263628,288.383297,447.800150,209.391350,467.503357,6.717002,286.592096,294.652499,141.504847,562.436988,245.394482,221.661074,276.382253,200.614467,124.488442,251.663684,184.493662,253.902685,8.239523,988.742731,2.149441,164.790455,75.230425,157.625653,78.812826,137.026846,28.927890,26.868009,92.246831,102.994034,75.767785,-82.574348,42.272334,15.225205,67.617823,24.718568,24.091648,4.119761,223.900075
0.420000,1.049431,60.000000,-7.361122,1.053541,60.000000,-4.984819,1.038509,60.000000,-7.513561,1.014809,60.000000,-8.418431,1.015250,60.000000,-7.559474,1.017135,60.000000,-6.980149,1.007760,60.000000,-8.887101,1.006832,60.000000,-9.316986,1.032682,60.000000,-9.046517,1.025403,60.000000,-4.748821,1.021568,60.000000,-5.507734,1.011373,60.000000,-5.469254,1.023325,60.000000,-5.338341,1.021904,60.000000,-6.704352,1.026077,60.000000,-6.755404,1.040657,60.000000,-5.385268,1.042630,60.000000,-6.367045,1.039992,60.000000,-7.181192,1.054456,60.000000,-0.802378,0.995187,60.000000,-1.680508,1.040364,60.000000,-3.260966,1.055231,60.000000,0.675524,1.050688,60.000000,0.501145,1.045590,60.000000,-5.279291,1.061415,60.000000,-3.746059,1.059794,60.000000,-4.791923,1.047051,60.000000,-6.532845,1.056666,60.000000,-1.672815,1.054939,60.000000,0.781358,1.047500,60.000000,-2.827688,0.982000,60.000000,0.000000,0.983100,60.000000,2.349955,0.997200,60.000000,3.857337,1.012300,60.000000,2.950924,1.049630,60.000000,5.093842,1.063500,60.000000,7.495099,1.027800,60.000000,2.312208,1.026500,60.000000,7.089511,1.030000,60.000000,-8.796257,1.000000,1.000000,1.000000,1.000000,1.000000,1.000000,1.000000,1.000000,-42.642226,0.000000,5.266508,11.685834,3.989094,13.039518,20.310015,-38.263628,288.383297,447.800150,209.391350,467.503357,6.717002,286.592096,294.652499,141.504847,562.436988,245.394482,221.661074,276.382253,200.614467,124.488442,251.663684,184.493662,253.902685,8.239523,988.742731,2.149441,164.790455,75.230425,157.625653,78.812826,137.026846,28.927890,26.868009,92.246831,102.994034,75.767785,-82.574348,42.272334,15.225205,67.617823,24.718568,24.091648,4.119761,223.900075
0.440000,1.049431,60.000000,-7.361122,1.053541,60.000000,-4.984819,1.038509,60.000000,-7.513561,1.014809,60.000000,-8.418431,1.015250,60.000000,-7.559474,1.017135,60.000000,-6.980149,1.007760,60.000000,-8.887101,1.006832,60.000000,-9.316986,1.032682,60.000000,-9.046517,1.025403,60.000000,-4.748821,1.021568,60.000000,-5.507734,1.011373,60.000000,-5.469254,1.023325,60.000000,-5.338341,1.021904,60.000000,-6.704352,1.026077,60.000000,-6.755404,1.040657,60.000000,-5.385268,1.042630,60.000000,-6.367045,1.039992,60.000000,-7.181192,1.054456,60.000000,-0.802378,0.995187,60.000000,-1.680508,1.040364,60.000000,-3.260966,1.055231,60.000000,0.675524,1.050688,60.000000,0.501145,1.045590,60.000000,-5.279291,1.061415,60.000000,-3.746059,1.059794,60.000000,-4.791923,1.047051,60.000000,-6.532845,1.056666,60.000000,-1.672815,1.054939,60.000000,0.781358,1.047500,60.000000,-2.827688,0.982000,60.000000,0.000000,0.983100,60.000000,2.349955,0.997200,60.000000,3.857337,1.012300,60.000000,2.950924,1.049630,60.000000,5.093842,1.063500,60.000000,7.495099,1.027800,60.000000,2.312208,1.026500,60.000000,7.089511,1.030000,60.000000,-8.796257,1.000000,1.000000,1.000000,1.000000,1.000000,1.000000,1.000000,1.000000,-42.642226,0.000000,5.266508,11.685834,3.989094,13.039518,20.310015,-38.263628,288.383297,447.800150,209.391350,467.503357,6.717002,286.592096,294.652499,141.504847,562.436988,245.394482,221.661074,276.382253,200.614467,124.488442,251.663684,184.493662,253.902685,8.239523,988.742731,2.149441,164.790455,75.230425,157.625653,78.812826,137.026846,28.927890,26.868009,92.246831,102.994034,75.767785,-82.574348,42.272334,15.225205,67.617823,24.718568,24.091648,4.119761,223.900075
0.460000,1.049431,60.000000,-7.361122,1.053541,60.000000,-4.984819,1.038509,60.000000,-7.513561,1.014809,60.000000,-8.418431,1.015250,60.000000,-7.559474,1.017135,60.000000,-6.980149,1.007760,60.000000,-8.887101,1.006832,60.000000,-9.316986,1.032682,60.000000,-9.046517,1.025403,60.000000,-4.748821,1.021568,60.000000,-5.507734,1.011373,60.000000,-5.469254,1.023325,60.000000,-5.338341,1.021904,60.000000,-6.704352,1.026077,60.000000,-6.755404,1.040657,60.000000,-5.385268,1.042630,60.000000,-6.367045,1.039992,60.000000,-7.181192,1.054456,60.000000,-0.802378,0.995187,60.000000,-1.680508,1.040364,60.000000,-3.260966,1.055231,60.000000,0.675524,1.050688,60.000000,0.501145,1.045590,60.000000,-5.279291,1.061415,60.000000,-3.746059,1.059794,60.000000,-4.791923,1.047051,60.000000,-6.532845,1.056666,60.000000,-1.672815,1.054939,60.000000,0.781358,1.047500,60.000000,-2.827688,0.982000,60.000000,0.000000,0.983100,60.000000,2.349955,0.997200,60.000000,3.857337,1.012300,60.000000,2.950924,1.049630,60.000000,5.093842,1.063500,60.000000,7.495099,1.027800,60.000000,2.312208,1.026500,60.000000,7.089511,1.030000,60.000000,-8.796257,1.000000,1.000000,1.000000,1.000000,1.000000,1.000000,1.000000,1.000000,-42.642226,0.000000,5.266508,11.685834,3.989094,13.039518,20.310015,-38.263628,288.383297,447.800150,209.391350,467.503357,6.717002,286.592096,294.652499,141.504847,562.436988,245.394482,221.661074,276.382253,200.614467,124.488442,251.663684,184.493662,253.902685,8.239523,988.742731,2.149441,164.790455,75.230425,157.625653,78.812826,137.026846,28.927890,26.868009,92.246831,102.994034,75.767785,-82.574348,42.272334,15.225205,67.617823,24.718568,24.091648,4.119761,223.900075
0.480000,1.049431,60.000000,-7.361122,1.053541,60.000000,-4.984819,1.038509,60.000000,-7.513561,1.014809,60.000000,-8.418431,1.015250,60.000000,-7.559474,1.017135,60.000000,-6.980149,1.007760,60.000000,-8.887101,1.006832,60.000000,-9.316986,1.032682,60.000000,-9.046517,1.025403,60.000000,-4.748821,1.021568,60.000000,-5.507734,1.011373,60.000000,-5.469254,1.023325,60.000000,-5.338341,1.021904,60.000000,-6.704352,1.026077,60.000000,-6.755404,1.040657,60.000000,-5.385268,1.042630,60.000000,-6.367045,1.039992,60.000000,-7.181192,1.054456,60.000000,-0.802378,0.995187,60.000000,-1.680508,1.040364,60.000000,-3.260966,1.055231,60.000000,0.675524,1.050688,60.000000,0.501145,1.045590,60.000000,-5.279291,1.061415,60.000000,-3.746059,1.059794,60.000000,-4.791923,1.047051,60.000000,-6.532845,1.056666,60.000000,-1.672815,1.054939,60.000000,0.781358,1.047500,60.000000,-2.827688,0.982000,60.000000,0.000000,0.983100,60.000000,2.349955,0.997200,60.000000,3.857337,1.012300,60.000000,2.950924,1.049630,60.000000,5.093842,1.063500,60.000000,7.495099,1.027800,60.000000,2.312208,1.026500,60.000000,7.089511,1.030000,60.000000,-8.796257,1.000000,1.000000,1.000000,1.000000,1.000000,1.000000,1.000000,1.000000,-42.642226,0.000000,5.266508,11.685834,3.989094,13.039518,20.310015,-38.263628,288.383297,447.800150,209.391350,467.503357,6.717002,286.592096,294.652499,141.504847,562.436988,245.394482,221.661074,276.382253,200.614467,124.488442,251.663684,184.493662,253.902685,8.239523,988.742731,2.149441,164.790455,75.230425,157.625653,78.812826,137.026846,28.927890,26.868009,92.246831,102.994034,75.767785,-82.574348,42.272334,15.225205,67.617823,24.718568,24.091648,4.119761,223.900075
0.500000,1.049431,60.000000,-7.361122,1.053541,60.000000,-4.984819,1.038509,60.000000,-7.513561,1.014809,60.000000,-8.418431,1.015250,60.000000,-7.559474,1.017135,60.000000,-6.980149,1.007760,60.000000,-8.887101,1.006832,60.000000,-9.316986,1.032682,60.000000,-9.046517,1.025403,60.000000,-4.748821,1.021568,60.000000,-5.507734,1.011373,60.000000,-5.469254,1.023325,60.000000,-5.338341,1.021904,60.000000,-6.704352,1.026077,60.000000,-6.755404,1.040657,60.000000,-5.385268,1.042630,60.000000,-6.367045,1.039992,60.000000,-7.181192,1.054456,60.000000,-0.802378,0.995187,60.000000,-1.680508,1.040364,60.000000,-3.260966,1.055231,60.000000,0.675524,1.050688,60.000000,0.501145,1.045590,60.000000,-5.279291,1.061415,60.000000,-3.746059,1.059794,60.000000,-4.791923,1.047051,60.000000,-6.532845,1.056666,60.000000,-1.672815,1.054939,60.000000,0.781358,1.047500,60.000000,-2.827688,0.982000,60.000000,0.000000,0.983100,60.000000,2.349955,0.997200,60.000000,3.857337,1.012300,60.000000,2.950924,1.049630,60.000000,5.093842,1.063500,60.000000,7.495099,1.027800,60.000000,2.312208,1.026500,60.000000,7.089511,1.030000,60.000000,-8.796257,1.000000,1.000000,1.000000,1.000000,1.000000,1.000000,1.000000,1.000000,-42.642226,0.000000,5.266508,11.685834,3.989094,13.039518,20.310015,-38.263628,288.383297,447.800150,209.391350,467.503357,6.717002,286.592096,294.652499,141.504847,562.436988,245.394482,221.661074,276.382253,200.614467,124.488442,251.663684,184.493662,253.902685,8.239523,988.742731,2.149441,164.790455,75.230425,157.625653,78.812826,137.026846,28.927890,26.868009,92.246831,102.994034,75.767785,-82.574348,42.272334,15.225205,67.617823,24.718568,24.091648,4.119761,223.900075
0.520000,1.049431,60.000000,-7.361122,1.053541,60.000000,-4.984819,1.038509,60.000000,-7.513561,1.014809,60.000000,-8.418431,1.015250,60.000000,-7.559474,1.017135,60.000000,-6.980149,1.007760,60.000000,-8.887101,1.006832,60.000000,-9.316986,1.032682,60.000000,-9.046517,1.025403,60.000000,-4.748821,1.021568,60.000000,-5.507734,1.011373,60.000000,-5.469254,1.023325,60.000000,-5.338341,1.021904,60.000000,-6.704352,1.026077,60.000000,-6.755404,1.040657,60.000000,-5.385268,1.042630,60.000000,-6.367045,1.039992,60.000000,-7.181192,1.054456,60.000000,-0.802378,0.995187,60.000000,-1.680508,1.040364,60.000000,-3.260966,1.055231,60.000000,0.675524,1.050688,60.000000,0.501145,1.045590,60.000000,-5.279291,1.061415,60.000000,-3.746059,1.059794,60.000000,-4.791923,1.047051,60.000000,-6.532845,1.056666,60.000000,-1.672815,1.054939,60.000000,0.781358,1.047500,60.000000,-2.827688,0.982000,60.000000,-0.000000,0.983100,60.000000,2.349955,0.997200,60.000000,3.857337,1.012300,60.000000,2.950924,1.049630,60.000000,5.093842,1.063500,60.000000,7.495099,1.027800,60.000000,2.312208,1.026500,60.000000,7.089511,1.030000,60.000000,-8.796257,1.000000,1.000000,1.000000,1.000000,1.000000,1.000000,1.000000,1.000000,-42.642226,0.000000,5.266508,11.685834,3.989094,13.039518,20.310015,-38.263628,288.383297,447.800150,209.391350,467.503357,6.717002,286.592096,294.652499,141.504847,562.436988,245.394482,221.661074,276.382253,200.614467,124.488442,251.663684,184.493662,253.902685,8.239523,988.742731,2.149441,164.790455,75.230425,157.625653,78.812826,137.026846,28.927890,26.868009,92.246831,102.994034,75.767785,-82.574348,42.272334,15.225205,67.617823,24.718568,24.091648,4.119761,223.900075
0.540000,1.049431,60.000000,-7.361122,1.053541,60.000000,-4.984819,1.038509,60.000000,-7.513561,1.014809,60.000000,-8.418431,1.015250,60.000000,-7.559474,1.017135,60.000000,-6.980149,1.007760,60.000000,-8.887101,1.006832,60.000000,-9.316986,1.032682,60.000000,-9.046517,1.025403,60.000000,-4.748821,1.021568,60.000000,-5.507734,1.011373,60.000000,-5.469254,1.023325,60.000000,-5.338341,1.021904,60.000000,-6.704352,1.026077,60.000000,-6.755404,1.040657,60.000000,-5.385268,1.042630,60.000000,-6.367045,1.039992,60.000000,-7.181192,1.054456,60.000000,-0.802378,0.995187,60.000000,-1.680508,1.040364,60.000000,-3.260966,1.055231,60.000000,0.675524,1.050688,60.000000,0.501145,1.045590,60.000000,-5.279291,1.061415,60.000000,-3.746059,1.059794,60.000000,-4.791923,1.047051,60.000000,-6.532845,1.056666,60.000000,-1.672815,1.054939,60.000000,0.781358,1.047500,60.000000,-2.827688,0.982000,60.000000,-0.000000,0.983100,60.000000,2.349955,0.997200,60.000000,3.857337,1.012300,60.000000,2.950924,1.049630,60.000000,5.093842,1.063500,60.000000,7.495099,1.027800,60.000000,2.312208,1.026500,60.000000,7.089511,1.030000,60.000000,-8.796257,1.000000,1.000000,1.000000,1.000000,1.000000,1.000000,1.000000,1.000000,-42.642226,0.000000,5.266508,11.685834,3.989094,13.039518,20.310015,-38.263628,288.383297,447.800150,209.391350,467.503357,6.717002,286.592096,294.652499,141.504847,562.436988,245.394482,221.661074,276.382253,200.614467,124.488442,251.663684,184.493662,253.902685,8.239523,988.742731,2.149441,164.790455,75.230425,157.625653,78.812826,137.026846,28.927890,26.868009,92.246831,102.994034,75.767785,-82.574348,42.272334,15.225205,67.617823,24.718568,24.091648,4.119761,223.900075
0.560000,1.049431,60.000000,-7.361122,1.053541,60.000000,-4.984819,1.038509,60.000000,-7.513561,1.014809,60.000000,-8.418431,1.015250,60.000000,-7.559474,1.017135,60.000000,-6.980149,1.007760,60.000000,-8.887101,1.006832,60.000000,-9.316986,1.032682,60.000000,-9.046517,1.025403,60.000000,-4.748821,1.021568,60.000000,-5.507734,1.011373,60.000000,-5.469254,1.023325,60.000000,-5.338341,1.021904,60.000000,-6.704352,1.026077,60.000000,-6.755404,1.040657,60.000000,-5.385268,1.042630,60.000000,-6.367045,1.039992,60.000000,-7.181192,1.054456,60.000000,-0.802378,0.995187,60.000000,-1.680508,1.040364,60.000000,-3.260966,1.055231,60.000000,0.675524,1.050688,60.000000,0.501145,1.045590,60.000000,-5.279291,1.061415,60.000000,-3.746059,1.059794,60.000000,-4.791923,1.047051,60.000000,-6.532845,1.056666,60.000000,-1.672815,1.054939,60.000000,0.781358,1.047500,60.000000,-2.827688,0.982000,60.000000,-0.000000,0.983100,60.000000,2.349955,0.997200,60.000000,3.857337,1.012300,60.000000,2.950924,1.049630,60.000000,5.093842,1.063500,60.000000,7.495099,1.027800,60.000000,2.312208,1.026500,60.000000,7.089511,1.030000,60.000000,-8.796257,1.000000,1.000000,1.000000,1.000000,1.000000,1.000000,1.000000,1.000000,-42.642226,0.000000,5.266508,11.685834,3.989094,13.039518,20.310015,-38.263628,288.383297,447.800150,209.391350,467.503357,6.717002,286.592096,294.652499,141.504847,562.436988,245.394482,221.661074,276.382253,200.614467,124.488442,251.663684,184.493662,253.902685,8.239523,988.742731,2.149441,164.790455,75.230425,157.625653,78.812826,137.026846,28.927890,26.868009,92.246831,102.994034,75.767785,-82.574348,42.272334,15.225205,67.617823,24.718568,24.091648,4.119761,223.900075
0.580000,1.049431,60.000000,-7.361122,1.053541,60.000000,-4.984819,1.038509,60.000000,-7.513561,1.014809,60.000000,-8.418431,1.015250,60.000000,-7.559474,1.017135,60.000000,-6.980149,1.007760,60.000000,-8.887101,1.006832,60.000000,-9.316986,1.032682,60.000000,-9.046517,1.025403,60.000000,-4.748821,1.021568,60.000000,-5.507734,1.011373,60.000000,-5.469254,1.023325,60.000000,-5.338341,1.021904,60.000000,-6.704352,1.026077,60.000000,-6.755404,1.040657,60.000000,-5.385268,1.042630,60.000000,-6.367045,1.039992,60.000000,-7.181192,1.054456,60.000000,-0.802378,0.995187,60.000000,-1.680508,1.040364,60.000000,-3.260966,1.055231,60.000000,0.675524,1.050688,60.000000,0.501145,1.045590,60.000000,-5.279291,1.061415,60.000000,-3.746059,1.059794,60.000000,-4.791923,1.047051,60.000000,-6.532845,1.056666,60.000000,-1.672815,1.054939,60.000000,0.781358,1.047500,60.000000,-2.827688,0.982000,60.000000,-0.000000,0.983100,60.000000,2.349955,0.997200,60.000000,3.857337,1.012300,60.000000,2.950924,1.049630,60.000000,5.093842,1.063500,60.000000,7.495099,1.027800,60.000000,2.312208,1.026500,60.000000,7.089511,1.030000,60.000000,-8.796257,1.000000,1.000000,1.000000,1.000000,1.000000,1.000000,1.000000,1.000000,-42.642226,0.000000,5.266508,11.685834,3.989094,13.039518,20.310015,-38.263628,288.383297,447.800150,209.391350,467.503357,6.717002,286.592096,294.652499,141.504847,562.436988,245.394482,221.661074,276.382253,200.614467,124.488442,251.663684,184.493662,253.902685,8.239523,988.742731,2.149441,164.790455,75.230425,157.625653,78.812826,137.026846,28.927890,26.868009,92.246831,102.994034,75.767785,-82.574348,42.272334,15.225205,67.617823,24.718568,24.091648,4.119761,223.900075
0.600000,1.049431,60.000000,-7.361122,1.053541,60.000000,-4.984819,1.038509,60.000000,-7.513561,1.014809,60.000000,-8.418431,1.015250,60.000000,-7.559474,1.017135,60.000000,-6.980149,1.007760,60.000000,-8.887101,1.006832,60.000000,-9.316986,1.032682,60.000000,-9.046517,1.025403,60.000000,-4.748821,1.021568,60.000000,-5.507734,1.011373,60.000000,-5.469254,1.023325,60.000000,-5.338341,1.021904,60.000000,-6.704352,1.026077,60.000000,-6.755404,1.040657,60.000000,-5.385268,1.042630,60.000000,-6.367045,1.039992,60.000000,-7.181192,1.054456,60.000000,-0.802378,0.995187,60.000000,-1.680508,1.040364,60.000000,-3.260966,1.055231,60.000000,0.675524,1.050688,60.000000,0.501145,1.045590,60.000000,-5.279291,1.061415,60.000000,-3.746059,1.059794,60.000000,-4.791923,1.047051,60.000000,-6.532845,1.056666,60.000000,-1.672815,1.054939,60.000000,0.781358,1.047500,60.000000,-2.827688,0.982000,60.000000,-0.000000,0.983100,60.000000,2.349955,0.997200,60.000000,3.857337,1.012300,60.000000,2.950924,1.049630,60.000000,5.093842,1.063500,60.000000,7.495099,1.027800,60.000000,2.312208,1.026500,60.000000,7.089511,1.030000,60.000000,-8.796257,1.000000,1.000000,1.000000,1.000000,1.000000,1.000000,1.000000,1.000000,-42.642226,0.000000,5.266508,11.685834,3.989094,13.039518,20.310015,-38.263628,288.383297,447.800150,209.391350,467.503357,6.717002,286.592096,294.652499,141.504847,562.436988,245.394482,221.661074,276.382253,200.614467,124.488442,251.663684,184.493662,253.902685,8.239523,988.742731,2.149441,164.790455,75.230425,157.625653,78.812826,137.026846,28.927890,26.868009,92.246831,102.994034,75.767785,-82.574348,42.272334,15.225205,67.617823,24.718568,24.091648,4.119761,223.900075
0.620000,1.049431,60.000000,-7.361122,1.053541,60.000000,-4.984819,1.038509,60.000000,-7.513561,1.014809,60.000000,-8.418431,1.015250,60.000000,-7.559474,1.017135,60.000000,-6.980149,1.007760,60.000000,-8.887101,1.006832,60.000000,-9.316986,1.032682,60.000000,-9.046517,1.025403,60.000000,-4.748821,1.021568,60.000000,-5.507734,1.011373,60.000000,-5.469254,1.023325,60.000000,-5.338341,1.021904,60.000000,-6.704352,1.026077,60.000000,-6.755404,1.040657,60.000000,-5.385268,1.042630,60.000000,-6.367045,1.039992,60.000000,-7.181192,1.054456,60.000000,-0.802378,0.995187,60.000000,-1.680508,1.040364,60.000000,-3.260966,1.055231,60.000000,0.675524,1.050688,60.000000,0.501145,1.045590,60.000000,-5.279291,1.061415,60.000000,-3.746059,1.059794,60.000000,-4.791923,1.047051,60.000000,-6.532845,1.056666,60.000000,-1.672815,1.054939,60.000000,0.781358,1.047500,60.000000,-2.827688,0.982000,60.000000,-0.000000,0.983100,60.000000,2.349955,0.997200,60.000000,3.857337,1.012300,60.000000,2.950924,1.049630,60.000000,5.093842,1.063500,60.000000,7.495099,1.027800,60.000000,2.312208,1.026500,60.000000,7.089511,1.030000,60.000000,-8.796257,1.000000,1.000000,1.000000,1.000000,1.000000,1.000000,1.000000,1.000000,-42.642226,0.000000,5.266508,11.685834,3.989094,13.039518,20.310015,-38.263628,288.383297,447.800150,209.391350,467.503357,6.717002,286.592096,294.652499,141.504847,562.436988,245.394482,221.661074,276.382253,200.614467,124.488442,251.663684,184.493662,253.902685,8.239523,988.742731,2.149441,164.790455,75.230425,157.625653,78.812826,137.026846,28.927890,26.868009,92.246831,102.994034,75.767785,-82.574348,42.272334,15.225205,67.617823,24.718568,24.091648,4.119761,223.900075
0.640000,1.049431,60.000000,-7.361122,1.053541,60.000000,-4.984819,1.038509,60.000000,-7.513561,1.014809,60.000000,-8.418431,1.015250,60.000000,-7.559474,1.017135,60.000000,-6.980149,1.007760,60.000000,-8.887101,1.006832,60.000000,-9.316986,1.032682,60.000000,-9.046517,1.025403,60.000000,-4.748821,1.021568,60.000000,-5.507734,1.011373,60.000000,-5.469254,1.023325,60.000000,-5.338341,1.021904,60.000000,-6.704352,1.026077,60.000000,-6.755404,1.040657,60.000000,-5.385268,1.042630,60.000000,-6.367045,1.039992,60.000000,-7.181192,1.054456,60.000000,-0.802378,0.995187,60.000000,-1.680508,1.040364,60.000000,-3.260966,1.055231,60.000000,0.675524,1.050688,60.000000,0.501145,1.045590,60.000000,-5.279291,1.061415,60.000000,-3.746059,1.059794,60.000000,-4.791923,1.047051,60.000000,-6.532845,1.056666,60.000000,-1.672815,1.054939,60.000000,0.781358,1.047500,60.000000,-2.827688,0.982000,60.000000,0.000000,0.983100,60.000000,2.349955,0.997200,60.000000,3.857337,1.012300,60.000000,2.950924,1.049630,60.000000,5.093842,1.063500,60.000000,7.495099,1.027800,60.000000,2.312208,1.026500,60.000000,7.089511,1.030000,60.000000,-8.796257,1.000000,1.000000,1.000000,1.000000,1.000000,1.000000,1.000000,1.000000,-42.642226,0.000000,5.266508,11.685834,3.989094,13.039518,20.310015,-38.263628,288.383297,447.800150,209.391350,467.503357,6.717002,286.592096,294.652499,141.504847,562.436988,245.394482,221.661074,276.382253,200.614467,124.488442,251.663684,184.493662,253.902685,8.239523,988.742731,2.149441,164.790455,75.230425,157.625653,78.812826,137.026846,28.927890,26.868009,92.246831,102.994034,75.767785,-82.574348,42.272334,15.225205,67.617823,24.718568,24.091648,4.119761,223.900075
0.660000,1.049431,60.000000,-7.361122,1.053541,60.000000,-4.984819,1.038509,60.000000,-7.513561,1.014809,60.000000,-8.418431,1.015250,60.000000,-7.559474,1.017135,60.000000,-6.980149,1.007760,60.000000,-8.887101,1.006832,60.000000,-9.316986,1.032682,60.000000,-9.046517,1.025403,60.000000,-4.748821,1.021568,60.000000,-5.507734,1.011373,60.000000,-5.469254,1.023325,60.000000,-5.338341,1.021904,60.000000,-6.704352,1.026077,60.000000,-6.755404,1.040657,60.000000,-5.385268,1.042630,60.000000,-6.367045,1.039992,60.000000,-7.181192,1.054456,60.000000,-0.802378,0.995187,60.000000,-1.680508,1.040364,60.000000,-3.260966,1.055231,60.000000,0.675524,1.050688,60.000000,0.501145,1.045590,60.000000,-5.279291,1.061415,60.000000,-3.746059,1.059794,60.000000,-4.791923,1.047051,60.000000,-6.532845,1.056666,60.000000,-1.672815,1.054939,60.000000,0.781358,1.047500,60.000000,-2.827688,0.982000,60.000000,0.000000,0.983100,60.000000,2.349955,0.997200,60.000000,3.857337,1.012300,60.000000,2.950924,1.049630,60.000000,5.093842,1.063500,60.000000,7.495099,1.027800,60.000000,2.312208,1.026500,60.000000,7.089511,1.030000,60.000000,-8.796257,1.000000,1.000000,1.000000,1.000000,1.000000,1.000000,1.000000,1.000000,-42.642226,0.000000,5.266508,11.685834,3.989094,13.039518,20.310015,-38.263628,288.383297,447.800150,209.391350,467.503357,6.717002,286.592096,294.652499,141.504847,562.436988,245.394482,221.661074,276.382253,200.614467,124.488442,251.663684,184.493662,253.902685,8.239523,988.742731,2.149441,164.790455,75.230425,157.625653,78.812826,137.026846,28.927890,26.868009,92.246831,102.994034,75.767785,-82.574348,42.272334,15.225205,67.617823,24.718568,24.091648,4.119761,223.900075
0.680000,1.049431,60.000000,-7.361122,1.053541,60.000000,-4.984819,1.038509,60.000000,-7.513561,1.014809,60.000000,-8.418431,1.015250,60.000000,-7.559474,1.017135,60.000000,-6.980149,1.007760,60.000000,-8.887101,1.006832,60.000000,-9.316986,1.032682,60.000000,-9.046517,1.025403,60.000000,-4.748821,1.021568,60.000000,-5.507734,1.011373,60.000000,-5.469254,1.023325,60.000000,-5.338341,1.021904,60.000000,-6.704352,1.026077,60.000000,-6.755404,1.040657,60.000000,-5.385268,1.042630,60.000000,-6.367045,1.039992,60.000000,-7.181192,1.054456,60.000000,-0.802378,0.995187,60.000000,-1.680508,1.040364,60.000000,-3.260966,1.055231,60.000000,0.675524,1.050688,60.000000,0.501145,1.045590,60.000000,-5.279291,1.061415,60.000000,-3.746059,1.059794,60.000000,-4.791923,1.047051,60.000000,-6.532845,1.056666,60.000000,-1.672815,1.054939,60.000000,0.781358,1.047500,60.000000,-2.827688,0.982000,60.000000,0.000000,0.983100,60.000000,2.349955,0.997200,60.000000,3.857337,1.012300,60.000000,2.950924,1.049630,60.000000,5.093842,1.063500,60.000000,7.495099,1.027800,60.000000,2.312208,1.026500,60.000000,7.089511,1.030000,60.000000,-8.796257,1.000000,1.000000,1.000000,1.000000,1.000000,1.000000,1.000000,1.000000,-42.642226,0.000000,5.266508,11.685834,3.989094,13.039518,20.310015,-38.263628,288.383297,447.800150,209.391350,467.503357,6.717002,286.592096,294.652499,141.504847,562.436988,245.394482,221.661074,276.382253,200.614467,124.488442,251.663684,184.493662,253.902685,8.239523,988.742731,2.149441,164.790455,75.230425,157.625653,78.812826,137.026846,28.927890,26.868009,92.246831,102.994034,75.767785,-82.574348,42.272334,15.225205,67.617823,24.718568,24.091648,4.119761,223.900075
0.700000,1.049431,60.000000,-7.361122,1.053541,60.000000,-4.984819,1.038509,60.000000,-7.513561,1.014809,60.000000,-8.418431,1.015250,60.000000,-7.559474,1.017135,60.000000,-6.980149,1.007760,60.000000,-8.887101,1.006832,60.000000,-9.316986,1.032682,60.000000,-9.046517,1.025403,60.000000,-4.748821,1.021568,60.000000,-5.507734,1.011373,60.000000,-5.469254,1.023325,60.000000,-5.338341,1.021904,60.000000,-6.704352,1.026077,60.000000,-6.755404,1.040657,60.000000,-5.385268,1.042630,60.000000,-6.367045,1.039992,60.000000,-7.181192,1.054456,60.000000,-0.802378,0.995187,60.000000,-1.680508,1.040364,60.000000,-3.260966,1.055231,60.000000,0.675524,1.050688,60.000000,0.501145,1.045590,60.000000,-5.279291,1.061415,60.000000,-3.746059,1.059794,60.000000,-4.791923,1.047051,60.000000,-6.532845,1.056666,60.000000,-1.672815,1.054939,60.000000,0.781358,1.047500,60.000000,-2.827688,0.982000,60.000000,0.000000,0.983100,60.000000,2.349955,0.997200,60.000000,3.857337,1.012300,60.000000,2.950924,1.049630,60.000000,5.093842,1.063500,60.000000,7.495099,1.027800,60.000000,2.312208,1.026500,60.000000,7.089511,1.030000,60.000000,-8.796257,1.000000,1.000000,1.000000,1.000000,1.000000,1.000000,1.000000,1.000000,-42.642226,0.000000,5.266508,11.685834,3.989094,13.039518,20.310015,-38.263628,288.383297,447.800150,209.391350,467.503357,6.717002,286.592096,294.652499,141.504847,562.436988,245.394482,221.661074,276.382253,200.614467,124.488442,251.663684,184.493662,253.902685,8.239523,988.742731,2.149441,164.790455,75.230425,157.625653,78.812826,137.026846,28.927890,26.868009,92.246831,102.994034,75.767785,-82.574348,42.272334,15.225205,67.617823,24.718568,24.091648,4.119761,223.900075
0.720000,1.049431,60.000000,-7.361122,1.053541,60.000000,-4.984819,1.038509,60.000000,-7.513561,1.014809,60.000000,-8.418431,1.015250,60.000000,-7.559474,1.017135,60.000000,-6.980149,1.007760,60.000000,-8.887101,1.006832,60.000000,-9.316986,1.032682,60.000000,-9.046517,1.025403,60.000000,-4.748821,1.021568,60.000000,-5.507734,1.011373,60.000000,-5.469254,1.023325,60.000000,-5.338341,1.021904,60.000000,-6.704352,1.026077,60.000000,-6.755404,1.040657,60.000000,-5.385268,1.042630,60.000000,-6.367045,1.039992,60.000000,-7.181192,1.054456,60.000000,-0.802378,0.995187,60.000000,-1.680508,1.040364,60.000000,-3.260966,1.055231,60.000000,0.675524,1.050688,60.000000,0.501145,1.045590,60.000000,-5.279291,1.061415,60.000000,-3.746059,1.059794,60.000000,-4.791923,1.047051,60.000000,-6.532845,1.056666,60.000000,-1.672815,1.054939,60.000000,0.781358,1.047500,60.000000,-2.827688,0.982000,60.000000,0.000000,0.983100,60.000000,2.349955,0.997200,60.000000,3.857337,1.012300,60.000000,2.950924,1.049630,60.000000,5.093842,1.063500,60.000000,7.495099,1.027800,60.000000,2.312208,1.026500,60.000000,7.089511,1.030000,60.000000,-8.796257,1.000000,1.000000,1.000000,1.000000,1.000000,1.000000,1.000000,1.000000,-42.642226,0.000000,5.266508,11.685834,3.989094,13.039518,20.310015,-38.263628,288.383297,447.800150,209.391350,467.503357,6.717002,286.592096,294.652499,141.504847,562.436988,245.394482,221.661074,276.382253,200.614467,124.488442,251.663684,184.493662,253.902685,8.239523,988.742731,2.149441,164.790455,75.230425,157.625653,78.812826,137.026846,28.927890,26.868009,92.246831,102.994034,75.767785,-82.574348,42.272334,15.225205,67.617823,24.718568,24.091648,4.119761,223.900075
0.740000,1.049431,60.000000,-7.361122,1.053541,60.000000,-4.984819,1.038509,60.000000,-7.513561,1.014809,60.000000,-8.418431,1.015250,60.000000,-7.559474,1.017135,60.000000,-6.980149,1.007760,60.000000,-8.887101,1.006832,60.000000,-9.316986,1.032682,60.000000,-9.046517,1.025403,60.000000,-4.748821,1.021568,60.000000,-5.507734,1.011373,60.000000,-5.469254,1.023325,60.000000,-5.338341,1.021904,60.000000,-6.704352,1.026077,60.000000,-6.755404,1.040657,60.000000,-5.385268,1.042630,60.000000,-6.367045,1.039992,60.000000,-7.181192,1.054456,60.000000,-0.802378,0.995187,60.000000,-1.680508,1.040364,60.000000,-3.260966,1.055231,60.000000,0.675524,1.050688,60.000000,0.501145,1.045590,60.000000,-5.279291,1.061415,60.000000,-3.746059,1.059794,60.000000,-4.791923,1.047051,60.000000,-6.532845,1.056666,60.000000,-1.672815,1.054939,60.000000,0.781358,1.047500,60.000000,-2.827688,0.982000,60.000000,0.000000,0.983100,60.000000,2.349955,0.997200,60.000000,3.857337,1.012300,60.000000,2.950924,1.049630,60.000000,5.093842,1.063500,60.000000,7.495099,1.027800,60.000000,2.312208,1.026500,60.000000,7.089511,1.030000,60.000000,-8.796257,1.000000,1.000000,1.000000,1.000000,1.000000,1.000000,1.000000,1.000000,-42.642226,0.000000,5.266508,11.685834,3.989094,13.039518,20.310015,-38.263628,288.383297,447.800150,209.391350,467.503357,6.717002,286.592096,294.652499,141.504847,562.436988,245.394482,221.661074,276.382253,200.614467,124.488442,251.663684,184.493662,253.902685,8.239523,988.742731,2.149441,164.790455,75.230425,157.625653,78.812826,137.026846,28.927890,26.868009,92.246831,102.994034,75.767785,-82.574348,42.272334,15.225205,67.617823,24.718568,24.091648,4.119761,223.900075
0.760000,1.049431,60.000000,-7.361122,1.053541,60.000000,-4.984819,1.038509,60.000000,-7.513561,1.014809,60.000000,-8.418431,1.015250,60.000000,-7.559474,1.017135,60.000000,-6.980149,1.007760,60.000000,-8.887101,1.006832,60.000000,-9.316986,1.032682,60.000000,-9.046517,1.025403,60.000000,-4.748821,1.021568,60.000000,-5.507734,1.011373,60.000000,-5.469254,1.023325,60.000000,-5.338341,1.021904,60.000000,-6.704352,1.026077,60.000000,-6.755404,1.040657,60.000000,-5.385268,1.042630,60.000000,-6.367045,1.039992,60.000000,-7.181192,1.054456,60.000000,-0.802378,0.995187,60.000000,-1.680508,1.040364,60.000000,-3.260966,1.055231,60.000000,0.675524,1.050688,60.000000,0.501145,1.045590,60.000000,-5.279291,1.061415,60.000000,-3.746059,1.059794,60.000000,-4.791923,1.047051,60.000000,-6.532845,1.056666,60.000000,-1.672815,1.054939,60.000000,0.781358,1.047500,60.000000,-2.827688,0.982000,60.000000,0.000000,0.983100,60.000000,2.349955,0.997200,60.000000,3.857337,1.012300,60.000000,2.950924,1.049630,60.000000,5.093842,1.063500,60.000000,7.495099,1.027800,60.000000,2.312208,1.026500,60.000000,7.089511,1.030000,60.000000,-8.796257,1.000000,1.000000,1.000000,1.000000,1.000000,1.000000,1.000000,1.000000,-42.642226,0.000000,5.266508,11.685834,3.989094,13.039518,20.310015,-38.263628,288.383297,447.800150,209.391350,467.503357,6.717002,286.592096,294.652499,141.504847,562.436988,245.394482,221.661074,276.382253,200.614467,124.488442,251.663684,184.493662,253.902685,8.239523,988.742731,2.149441,164.790455,75.230425,157.625653,78.812826,137.026846,28.927890,26.868009,92.246831,102.994034,75.767785,-82.574348,42.272334,15.225205,67.617823,24.718568,24.091648,4.119761,223.900075
0.780000,1.049431,60.000000,-7.361122,1.053541,60.000000,-4.984819,1.038509,60.000000,-7.513561,1.014809,60.000000,-8.418431,1.015250,60.000000,-7.559474,1.017135,60.000000,-6.980149,1.007760,60.000000,-8.887101,1.006832,60.000000,-9.316986,1.032682,60.000000,-9.046517,1.025403,60.000000,-4.748821,1.021568,60.000000,-5.507734,1.011373,60.000000,-5.469254,1.023325,60.000000,-5.338341,1.021904,60.000000,-6.704352,1.026077,60.000000,-6.755404,1.040657,60.000000,-5.385268,1.042630,60.000000,-6.367045,1.039992,60.000000,-7.181192,1.054456,60.000000,-0.802378,0.995187,60.000000,-1.680508,1.040364,60.000000,-3.260966,1.055231,60.000000,0.675524,1.050688,60.000000,0.501145,1.045590,60.000000,-5.279291,1.061415,60.000000,-3.746059,1.059794,60.000000,-4.791923,1.047051,60.000000,-6.532845,1.056666,60.000000,-1.672815,1.054939,60.000000,0.781358,1.047500,60.000000,-2.827688,0.982000,60.000000,0.000000,0.983100,60.000000,2.349955,0.997200,60.000000,3.857337,1.012300,60.000000,2.950924,1.049630,60.000000,5.093842,1.063500,60.000000,7.495099,1.027800,60.000000,2.312208,1.026500,60.000000,7.089511,1.030000,60.000000,-8.796257,1.000000,1.000000,1.000000,1.000000,1.000000,1.000000,1.000000,1.000000,-42.642226,0.000000,5.266508,11.685834,3.989094,13.039518,20.310015,-38.263628,288.383297,447.800150,209.391350,467.503357,6.717002,286.592096,294.652499,141.504847,562.436988,245.394482,221.661074,276.382253,200.614467,124.488442,251.663684,184.493662,253.902685,8.239523,988.742731,2.149441,164.790455,75.230425,157.625653,78.812826,137.026846,28.927890,26.868009,92.246831,102.994034,75.767785,-82.574348,42.272334,15.225205,67.617823,24.718568,24.091648,4.119761,223.900075
0.800000,1.049431,60.000000,-7.361122,1.053541,60.000000,-4.984819,1.038509,60.000000,-7.513561,1.014809,60.000000,-8.418431,1.015250,60.000000,-7.559474,1.017135,60.000000,-6.980149,1.007760,60.000000,-8.887101,1.006832,60.000000,-9.316986,1.032682,60.000000,-9.046517,1.025403,60.000000,-4.748821,1.021568,60.000000,-5.507734,1.011373,60.000000,-5.469254,1.023325,60.000000,-5.338341,1.021904,60.000000,-6.704352,1.026077,60.000000,-6.755404,1.040657,60.000000,-5.385268,1.042630,60.000000,-6.367045,1.039992,60.000000,-7.181192,1.054456,60.000000,-0.802378,0.995187,60.000000,-1.680508,1.040364,60.000000,-3.260966,1.055231,60.000000,0.675524,1.050688,60.000000,0.501145,1.045590,60.000000,-5.279291,1.061415,60.000000,-3.746059,1.059794,60.000000,-4.791923,1.047051,60.000000,-6.532845,1.056666,60.000000,-1.672815,1.054939,60.000000,0.781358,1.047500,60.000000,-2.827688,0.982000,60.000000,0.000000,0.983100,60.000000,2.349955,0.997200,60.000000,3.857337,1.012300,60.000000,2.950924,1.049630,60.000000,5.093842,1.063500,60.000000,7.495099,1.027800,60.000000,2.312208,1.026500,60.000000,7.089511,1.030000,60.000000,-8.796257,1.000000,1.000000,1.000000,1.000000,1.000000,1.000000,1.000000,1.000000,-42.642226,0.000000,5.266508,11.685834,3.989094,13.039518,20.310015,-38.263628,288.383297,447.800150,209.391350,467.503357,6.717002,286.592096,294.652499,141.504847,562.436988,245.394482,221.661074,276.382253,200.614467,124.488442,251.663684,184.493662,253.902685,8.239523,988.742731,2.149441,164.790455,75.230425,157.625653,78.812826,137.026846,28.927890,26.868009,92.246831,102.994034,75.767785,-82.574348,42.272334,15.225205,67.617823,24.718568,24.091648,4.119761,223.900075
0.820000,1.049431,60.000000,-7.361122,1.053541,60.000000,-4.984819,1.038509,60.000000,-7.513561,1.014809,60.000000,-8.418431,1.015250,60.000000,-7.559474,1.017135,60.000000,-6.980149,1.007760,60.000000,-8.887101,1.006832,60.000000,-9.316986,1.032682,60.000000,-9.046517,1.025403,60.000000,-4.748821,1.021568,60.000000,-5.507734,1.011373,60.000000,-5.469254,1.023325,60.000000,-5.338341,1.021904,60.000000,-6.704352,1.026077,60.000000,-6.755404,1.040657,60.000000,-5.385268,1.042630,60.000000,-6.367045,1.039992,60.000000,-7.181192,1.054456,60.000000,-0.802378,0.995187,60.000000,-1.680508,1.040364,60.000000,-3.260966,1.055231,60.000000,0.675524,1.050688,60.000000,0.501145,1.045590,60.000000,-5.279291,1.061415,60.000000,-3.746059,1.059794,60.000000,-4.791923,1.047051,60.000000,-6.532845,1.056666,60.000000,-1.672815,1.054939,60.000000,0.781358,1.047500,60.000000,-2.827688,0.982000,60.000000,0.000000,0.983100,60.000000,2.349955,0.997200,60.000000,3.857337,1.012300,60.000000,2.950924,1.049630,60.000000,5.093842,1.063500,60.000000,7.495099,1.027800,60.000000,2.312208,1.026500,60.000000,7.089511,1.030000,60.000000,-8.796257,1.000000,1.000000,1.000000,1.000000,1.000000,1.000000,1.000000,1.000000,-42.642226,0.000000,5.266508,11.685834,3.989094,13.039518,20.310015,-38.263628,288.383297,447.800150,209.391350,467.503357,6.717002,286.592096,294.652499,141.504847,562.436988,245.394482,221.661074,276.382253,200.614467,124.488442,251.663684,184.493662,253.902685,8.239523,988.742731,2.149441,164.790455,75.230425,157.625653,78.812826,137.026846,28.927890,26.868009,92.246831,102.994034,75.767785,-82.574348,42.272334,15.225205,67.617823,24.718568,24.091648,4.119761,223.900075
0.840000,1.049431,60.000000,-7.361122,1.053541,60.000000,-4.984819,1.038509,60.000000,-7.513561,1.014809,60.000000,-8.418431,1.015250,60.000000,-7.559474,1.017135,60.000000,-6.980149,1.007760,60.000000,-8.887101,1.006832,60.000000,-9.316986,1.032682,60.000000,-9.046517,1.025403,60.000000,-4.748821,1.021568,60.000000,-5.507734,1.011373,60.000000,-5.469254,1.023325,60.000000,-5.338341,1.021904,60.000000,-6.704352,1.026077,60.000000,-6.755404,1.040657,60.000000,-5.385268,1.042630,60.000000,-6.367045,1.039992,60.000000,-7.181192,1.054456,60.000000,-0.802378,0.995187,60.000000,-1.680508,1.040364,60.000000,-3.260966,1.055231,60.000000,0.675524,1.050688,60.000000,0.501145,1.045590,60.000000,-5.279291,1.061415,60.000000,-3.746059,1.059794,60.000000,-4.791923,1.047051,60.000000,-6.532845,1.056666,60.000000,-1.672815,1.054939,60.000000,0.781358,1.047500,60.000000,-2.827688,0.982000,60.000000,0.000000,0.983100,60.000000,2.349955,0.997200,60.000000,3.857337,1.012300,60.000000,2.950924,1.049630,60.000000,5.093842,1.063500,60.000000,7.495099,1.027800,60.000000,2.312208,1.026500,60.000000,7.089511,1.030000,60.000000,-8.796257,1.000000,1.000000,1.000000,1.000000,1.000000,1.000000,1.000000,1.000000,-42.642226,0.000000,5.266508,11.685834,3.989094,13.039518,20.310015,-38.263628,288.383297,447.800150,209.391350,467.503357,6.717002,286.592096,294.652499,141.504847,562.436988,245.394482,221.661074,276.382253,200.614467,124.488442,251.663684,184.493662,253.902685,8.239523,988.742731,2.149441,164.790455,75.230425,157.625653,78.812826,137.026846,28.927890,26.868009,92.246831,102.994034,75.767785,-82.574348,42.272334,15.225205,67.617823,24.718568,24.091648,4.119761,223.900075
0.860000,1.049431,60.000000,-7.361122,1.053541,60.000000,-4.984819,1.038509,60.000000,-7.513561,1.014809,60.000000,-8.418431,1.015250,60.000000,-7.559474,1.017135,60.000000,-6.980149,1.007760,60.000000,-8.887101,1.006832,60.000000,-9.316986,1.032682,60.000000,-9.046517,1.025403,60.000000,-4.748821,1.021568,60.000000,-5.507734,1.011373,60.000000,-5.469254,1.023325,60.000000,-5.338341,1.021904,60.000000,-6.704352,1.026077,60.000000,-6.755404,1.040657,60.000000,-5.385268,1.042630,60.000000,-6.367045,1.039992,60.000000,-7.181192,1.054456,60.000000,-0.802378,0.995187,60.000000,-1.680508,1.040364,60.000000,-3.260966,1.055231,60.000000,0.675524,1.050688,60.000000,0.501145,1.045590,60.000000,-5.279291,1.061415,60.000000,-3.746059,1.059794,60.000000,-4.791923,1.047051,60.000000,-6.532845,1.056666,60.000000,-1.672815,1.054939,60.000000,0.781358,1.047500,60.000000,-2.827688,0.982000,60.000000,0.000000,0.983100,60.000000,2.349955,0.997200,60.000000,3.857337,1.012300,60.000000,2.950924,1.049630,60.000000,5.093842,1.063500,60.000000,7.495099,1.027800,60.000000,2.312208,1.026500,60.000000,7.089511,1.030000,60.000000,-8.796257,1.000000,1.000000,1.000000,1.000000,1.000000,1.000000,1.000000,1.000000,-42.642226,0.000000,5.266508,11.685834,3.989094,13.039518,20.310015,-38.263628,288.383297,447.800150,209.391350,467.503357,6.717002,286.592096,294.652499,141.504847,562.436988,245.394482,221.661074,276.382253,200.614467,124.488442,251.663684,184.493662,253.902685,8.239523,988.742731,2.149441,164.790455,75.230425,157.625653,78.812826,137.026846,28.927890,26.868009,92.246831,102.994034,75.767785,-82.574348,42.272334,15.225205,67.617823,24.718568,24.091648,4.119761,223.900075
0.880000,1.049431,60.000000,-7.361122,1.053541,60.000000,-4.984819,1.038509,60.000000,-7.513561,1.014809,60.000000,-8.418431,1.015250,60.000000,-7.559474,1.017135,60.000000,-6.980149,1.007760,60.000000,-8.887101,1.006832,60.000000,-9.316986,1.032682,60.000000,-9.046517,1.025403,60.000000,-4.748821,1.021568,60.000000,-5.507734,1.011373,60.000000,-5.469254,1.023325,60.000000,-5.338341,1.021904,60.000000,-6.704352,1.026077,60.000000,-6.755404,1.040657,60.000000,-5.385268,1.042630,60.000000,-6.367045,1.039992,60.000000,-7.181192,1.054456,60.000000,-0.802378,0.995187,60.000000,-1.680508,1.040364,60.000000,-3.260966,1.055231,60.000000,0.675524,1.050688,60.000000,0.501145,1.045590,60.000000,-5.279291,1.061415,60.000000,-3.746059,1.059794,60.000000,-4.791923,1.047051,60.000000,-6.532845,1.056666,60.000000,-1.672815,1.054939,60.000000,0.781358,1.047500,60.000000,-2.827688,0.982000,60.000000,0.000000,0.983100,60.000000,2.349955,0.997200,60.000000,3.857337,1.012300,60.000000,2.950924,1.049630,60.000000,5.093842,1.063500,60.000000,7.495099,1.027800,60.000000,2.312208,1.026500,60.000000,7.089511,1.030000,60.000000,-8.796257,1.000000,1.000000,1.000000,1.000000,1.000000,1.000000,1.000000,1.000000,-42.642226,0.000000,5.266508,11.685834,3.989094,13.039518,20.310015,-38.263628,288.383297,447.800150,209.391350,467.503357,6.717002,286.592096,294.652499,141.504847,562.436988,245.394482,221.661074,276.382253,200.614467,124.488442,251.663684,184.493662,253.902685,8.239523,988.742731,2.149441,164.790455,75.230425,157.625653,78.812826,137.026846,28.927890,26.868009,92.246831,102.994034,75.767785,-82.574348,42.272334,15.225205,67.617823,24.718568,24.091648,4.119761,223.900075
0.900000,1.049431,60.000000,-7.361122,1.053541,60.000000,-4.984819,1.038509,60.000000,-7.513561,1.014809,60.000000,-8.418431,1.015250,60.000000,-7.559474,1.017135,60.000000,-6.980149,1.007760,60.000000,-8.887101,1.006832,60.000000,-9.316986,1.032682,60.000000,-9.046517,1.025403,60.000000,-4.748821,1.021568,60.000000,-5.507734,1.011373,60.000000,-5.469254,1.023325,60.000000,-5.338341,1.021904,60.000000,-6.704352,1.026077,60.000000,-6.755404,1.040657,60.000000,-5.385268,1.042630,60.000000,-6.367045,1.039992,60.000000,-7.181192,1.054456,60.000000,-0.802378,0.995187,60.000000,-1.680508,1.040364,60.000000,-3.260966,1.055231,60.000000,0.675524,1.050688,60.000000,0.501145,1.045590,60.000000,-5.279291,1.061415,60.000000,-3.746059,1.059794,60.000000,-4.791923,1.047051,60.000000,-6.532845,1.056666,60.000000,-1.672815,1.054939,60.000000,0.781358,1.047500,60.000000,-2.827688,0.982000,60.000000,0.000000,0.983100,60.000000,2.349955,0.997200,60.000000,3.857337,1.012300,60.000000,2.950924,1.049630,60.000000,5.093842,1.063500,60.000000,7.495099,1.027800,60.000000,2.312208,1.026500,60.000000,7.089511,1.030000,60.000000,-8.796257,1.000000,1.000000,1.000000,1.000000,1.000000,1.000000,1.000000,1.000000,-42.642226,0.000000,5.266508,11.685834,3.989094,13.039518,20.310015,-38.263628,288.383297,447.800150,209.391350,467.503357,6.717002,286.592096,294.652499,141.504847,562.436988,245.394482,221.661074,276.382253,200.614467,124.488442,251.663684,184.493662,253.902685,8.239523,988.742731,2.149441,164.790455,75.230425,157.625653,78.812826,137.026846,28.927890,26.868009,92.246831,102.994034,75.767785,-82.574348,42.272334,15.225205,67.617823,24.718568,24.091648,4.119761,223.900075
0.920000,1.049431,60.000000,-7.361122,1.053541,60.000000,-4.984819,1.038509,60.000000,-7.513561,1.014809,60.000000,-8.418431,1.015250,60.000000,-7.559474,1.017135,60.000000,-6.980149,1.007760,60.000000,-8.887101,1.006832,60.000000,-9.316986,1.032682,60.000000,-9.046517,1.025403,60.000000,-4.748821,1.021568,60.000000,-5.507734,1.011373,60.000000,-5.469254,1.023325,60.000000,-5.338341,1.021904,60.000000,-6.704352,1.026077,60.000000,-6.755404,1.040657,60.000000,-5.385268,1.042630,60.000000,-6.367045,1.039992,60.000000,-7.181192,1.054456,60.000000,-0.802378,0.995187,60.000000,-1.680508,1.040364,60.000000,-3.260966,1.055231,60.000000,0.675524,1.050688,60.000000,0.501145,1.045590,60.000000,-5.279291,1.061415,60.000000,-3.746059,1.059794,60.000000,-4.791923,1.047051,60.000000,-6.532845,1.056666,60.000000,-1.672815,1.054939,60.000000,0.781358,1.047500,60.000000,-2.827688,0.982000,60.000000,0.000000,0.983100,60.000000,2.349955,0.997200,60.000000,3.857337,1.012300,60.000000,2.950924,1.049630,60.000000,5.093842,1.063500,60.000000,7.495099,1.027800,60.000000,2.312208,1.026500,60.000000,7.089511,1.030000,60.000000,-8.796257,1.000000,1.000000,1.000000,1.000000,1.000000,1.000000,1.000000,1.000000,-42.642226,0.000000,5.266508,11.685834,3.989094,13.039518,20.310015,-38.263628,288.383297,447.800150,209.391350,467.503357,6.717002,286.592096,294.652499,141.504847,562.436988,245.394482,221.661074,276.382253,200.614467,124.488442,251.663684,184.493662,253.902685,8.239523,988.742731,2.149441,164.790455,75.230425,157.625653,78.812826,137.026846,28.927890,26.868009,92.246831,102.994034,75.767785,-82.574348,42.272334,15.225205,67.617823,24.718568,24.091648,4.119761,223.900075
0.940000,1.049431,60.000000,-7.361122,1.053541,60.000000,-4.984819,1.038509,60.000000,-7.513561,1.014809,60.000000,-8.418431,1.015250,60.000000,-7.559474,1.017135,60.000000,-6.980149,1.007760,60.000000,-8.887101,1.006832,60.000000,-9.316986,1.032682,60.000000,-9.046517,1.025403,60.000000,-4.748821,1.021568,60.000000,-5.507734,1.011373,60.000000,-5.469254,1.023325,60.000000,-5.338341,1.021904,60.000000,-6.704352,1.026077,60.000000,-6.755404,1.040657,60.000000,-5.385268,1.042630,60.000000,-6.367045,1.039992,60.000000,-7.181192,1.054456,60.000000,-0.802378,0.995187,60.000000,-1.680508,1.040364,60.000000,-3.260966,1.055231,60.000000,0.675524,1.050688,60.000000,0.501145,1.045590,60.000000,-5.279291,1.061415,60.000000,-3.746059,1.059794,60.000000,-4.791923,1.047051,60.000000,-6.532845,1.056666,60.000000,-1.672815,1.054939,60.000000,0.781358,1.047500,60.000000,-2.827688,0.982000,60.000000,0.000000,0.983100,60.000000,2.349955,0.997200,60.000000,3.857337,1.012300,60.000000,2.950924,1.049630,60.000000,5.093842,1.063500,60.000000,7.495099,1.027800,60.000000,2.312208,1.026500,60.000000,7.089511,1.030000,60.000000,-8.796257,1.000000,1.000000,1.000000,1.000000,1.000000,1.000000,1.000000,1.000000,-42.642226,0.000000,5.266508,11.685834,3.989094,13.039518,20.310015,-38.263628,288.383297,447.800150,209.391350,467.503357,6.717002,286.592096,294.652499,141.504847,562.436988,245.394482,221.661074,276.382253,200.614467,124.488442,251.663684,184.493662,253.902685,8.239523,988.742731,2.149441,164.790455,75.230425,157.625653,78.812826,137.026846,28.927890,26.868009,92.246831,102.994034,75.767785,-82.574348,42.272334,15.225205,67.617823,24.718568,24.091648,4.119761,223.900075
0.960000,1.049431,60.000000,-7.361122,1.053541,60.000000,-4.984819,1.038509,60.000000,-7.513561,1.014809,60.000000,-8.418431,1.015250,60.000000,-7.559474,1.017135,60.000000,-6.980149,1.007760,60.000000,-8.887101,1.006832,60.000000,-9.316986,1.032682,60.000000,-9.046517,1.025403,60.000000,-4.748821,1.021568,60.000000,-5.507734,1.011373,60.000000,-5.469254,1.023325,60.000000,-5.338341,1.021904,60.000000,-6.704352,1.026077,60.000000,-6.755404,1.040657,60.000000,-5.385268,1.042630,60.000000,-6.367045,1.039992,60.000000,-7.181192,1.054456,60.000000,-0.802378,0.995187,60.000000,-1.680508,1.040364,60.000000,-3.260966,1.055231,60.000000,0.675524,1.050688,60.000000,0.501145,1.045590,60.000000,-5.279291,1.061415,60.000000,-3.746059,1.059794,60.000000,-4.791923,1.047051,60.000000,-6.532845,1.056666,60.000000,-1.672815,1.054939,60.000000,0.781358,1.047500,60.000000,-2.827688,0.982000,60.000000,0.000000,0.983100,60.000000,2.349955,0.997200,60.000000,3.857337,1.012300,60.000000,2.950924,1.049630,60.000000,5.093842,1.063500,60.000000,7.495099,1.027800,60.000000,2.312208,1.026500,60.000000,7.089511,1.030000,60.000000,-8.796257,1.000000,1.000000,1.000000,1.000000,1.000000,1.000000,1.000000,1.000000,-42.642226,0.000000,5.266508,11.685834,3.989094,13.039518,20.310015,-38.263628,288.383297,447.800150,209.391350,467.503357,6.717002,286.592096,294.652499,141.504847,562.436988,245.394482,221.661074,276.382253,200.614467,124.488442,251.663684,184.493662,253.902685,8.239523,988.742731,2.149441,164.790455,75.230425,157.625653,78.812826,137.026846,28.927890,26.868009,92.246831,102.994034,75.767785,-82.574348,42.272334,15.225205,67.617823,24.718568,24.091648,4.119761,223.900075
0.980000,1.049431,60.000000,-7.361122,1.053541,60.000000,-4.984819,1.038509,60.000000,-7.513561,1.014809,60.000000,-8.418431,1.015250,60.000000,-7.559474,1.017135,60.000000,-6.980149,1.007760,60.000000,-8.887101,1.006832,60.000000,-9.316986,1.032682,60.000000,-9.046517,1.025403,60.000000,-4.748821,1.021568,60.000000,-5.507734,1.011373,60.000000,-5.469254,1.023325,60.000000,-5.338341,1.021904,60.000000,-6.704352,1.026077,60.000000,-6.755404,1.040657,60.000000,-5.385268,1.042630,60.000000,-6.367045,1.039992,60.000000,-7.181192,1.054456,60.000000,-0.802378,0.995187,60.000000,-1.680508,1.040364,60.000000,-3.260966,1.055231,60.000000,0.675524,1.050688,60.000000,0.501145,1.045590,60.000000,-5.279291,1.061415,60.000000,-3.746059,1.059794,60.000000,-4.791923,1.047051,60.000000,-6.532845,1.056666,60.000000,-1.672815,1.054939,60.000000,0.781358,1.047500,60.000000,-2.827688,0.982000,60.000000,0.000000,0.983100,60.000000,2.349955,0.997200,60.000000,3.857337,1.012300,60.000000,2.950924,1.049630,60.000000,5.093842,1.063500,60.000000,7.495099,1.027800,60.000000,2.312208,1.026500,60.000000,7.089511,1.030000,60.000000,-8.796257,1.000000,1.000000,1.000000,1.000000,1.000000,1.000000,1.000000,1.000000,-42.642226,0.000000,5.266508,11.685834,3.989094,13.039518,20.310015,-38.263628,288.383297,447.800150,209.391350,467.503357,6.717002,286.592096,294.652499,141.504847,562.436988,245.394482,221.661074,276.382253,200.614467,124.488442,251.663684,184.493662,253.902685,8.239523,988.742731,2.149441,164.790455,75.230425,157.625653,78.812826,137.026846,28.927890,26.868009,92.246831,102.994034,75.767785,-82.574348,42.272334,15.225205,67.617823,24.718568,24.091648,4.119761,223.900075
1.000000,1.049431,60.000000,-7.361122,1.053541,60.000000,-4.984819,1.038509,60.000000,-7.513561,1.014809,60.000000,-8.418431,1.015250,60.000000,-7.559474,1.017135,60.000000,-6.980149,1.007760,60.000000,-8.887101,1.006832,60.000000,-9.316986,1.032682,60.000000,-9.046517,1.025403,60.000000,-4.748821,1.021568,60.000000,-5.507734,1.011373,60.000000,-5.469254,1.023325,60.000000,-5.338341,1.021904,60.000000,-6.704352,1.026077,60.000000,-6.755404,1.040657,60.000000,-5.385268,1.042630,60.000000,-6.367045,1.039992,60.000000,-7.181192,1.054456,60.000000,-0.802378,0.995187,60.000000,-1.680508,1.040364,60.000000,-3.260966,1.055231,60.000000,0.675524,1.050688,60.000000,0.501145,1.045590,60.000000,-5.279291,1.061415,60.000000,-3.746059,1.059794,60.000000,-4.791923,1.047051,60.000000,-6.532845,1.056666,60.000000,-1.672815,1.054939,60.000000,0.781358,1.047500,60.000000,-2.827688,0.982000,60.000000,0.000000,0.983100,60.000000,2.349955,0.997200,60.000000,3.857337,1.012300,60.000000,2.950924,1.049630,60.000000,5.093842,1.063500,60.000000,7.495099,1.027800,60.000000,2.312208,1.026500,60.000000,7.089511,1.030000,60.000000,-8.796257,1.000000,1.000000,1.000000,1.000000,1.000000,1.000000,1.000000,1.000000,-42.642226,0.000000,5.266508,11.685834,3.989094,13.039518,20.310015,-38.263628,288.383297,447.800150,209.391350,467.503357,6.717002,286.592096,294.652499,141.504847,562.436988,245.394482,221.661074,276.382253,200.614467,124.488442,251.663684,184.493662,253.902685,8.239523,988.742731,2.149441,164.790455,75.230425,157.625653,78.812826,137.026846,28.927890,26.868009,92.246831,102.994034,75.767785,-82.574348,42.272334,15.225205,67.617823,24.718568,24.091648,4.119761,223.900075
1.020000,0.870926,59.981369,-9.701534,0.718973,59.976742,-9.342070,0.526030,59.948265,-16.446021,0.221731,59.997649,-18.756932,0.000000,60.278349,-91.771260,0.067079,60.599965,5.297030,0.093930,60.197001,-9.219575,0.109649,60.102845,-12.351192,0.613163,59.994530,-10.261687,0.230676,60.386391,1.401765,0.175721,60.408049,1.753313,0.198279,60.328581,-1.386625,0.240327,60.271887,-3.434931,0.278908,60.059095,-13.284501,0.469714,59.916239,-19.883634,0.573980,59.898905,-17.764457,0.576609,59.907659,-18.235577,0.554772,59.917343,-18.655321,0.693641,60.007632,-5.596047,0.694180,59.974784,-7.550974,0.612340,59.874238,-15.987354,0.677343,59.867786,-10.276649,0.670942,59.830584,-12.166415,0.592772,59.877979,-18.853436,0.734197,60.006770,-8.812788,0.684727,59.931590,-13.898839,0.624832,59.905393,-18.226263,0.740313,59.923437,-9.484737,0.763302,59.943968,-5.425097,0.849688,59.987616,-4.492938,0.343505,61.341301,26.041984,0.449379,60.650052,16.341207,0.716117,60.117664,4.212499,0.779298,60.043414,0.674859,0.741236,59.905478,-2.372177,0.747707,59.725712,-6.240131,0.790707,60.102336,1.556863,0.801113,59.995576,4.353934,0.947365,59.985558,-9.578044,0.999962,1.001422,1.001293,1.000084,1.000044,1.000188,1.000235,0.999874,-42.958597,0.000000,5.239791,11.411120,3.693447,12.776592,20.054794,-38.597185,220.739557,68.800071,5.773239,17.564931,0.825241,188.892310,247.613946,114.912236,542.755277,218.388733,210.123659,239.292317,197.899897,119.319082,227.532514,182.439686,252.834145,3.038211,988.742731,1.645264,25.318426,2.074218,5.922276,9.682824,90.314136,24.309819,21.818779,89.018780,91.659505,71.824087,-71.493038,41.700335,14.592981,61.134181,24.443375,23.990259,1.519105,223.900075
1.040000,0.859713,59.982028,-10.109838,0.703591,59.976011,-9.836045,0.512857,59.952345,-17.193405,0.214664,59.976854,-19.308374,0.000000,60.102416,-91.032175,0.063582,60.246029,7.452929,0.091097,60.068386,-8.763212,0.107332,60.030555,-12.265013,0.607108,59.989272,-10.586364,0.219261,60.211618,2.934655,0.166951,60.213006,3.337413,0.188543,60.170610,-0.205215,0.228779,60.140097,-2.542885,0.267909,60.008281,-13.583015,0.455732,59.917745,-21.044192,0.558520,59.905266,-19.044102,0.561002,59.918730,-19.350546,0.540061,59.928070,-19.663473,0.670201,59.966920,-6.177291,0.669231,59.959568,-8.203734,0.599608,59.878674,-17.586739,0.667177,59.861249,-12.095349,0.660738,59.857260,-14.123774,0.578159,59.892527,-20.290746,0.715854,59.996496,-9.138478,0.665551,59.947154,-14.698365,0.607108,59.925213,-19.247470,0.719324,59.949031,-10.261511,0.742130,59.965147,-6.061082,0.836481,59.984463,-4.881259,0.325676,60.477376,30.885865,0.429137,60.396553,19.462694,0.692618,60.016032,4.172899,0.752049,60.014596,0.508034,0.733797,59.845500,-4.239745,0.740301,59.833639,-8.784509,0.767448,60.061343,1.800324,0.780754,60.005149,4.063402,0.938847,59.985928,-9.936324,0.999923,1.002832,1.002568,1.000068,1.000093,1.000343,1.000480,0.999750,-43.902306,0.000000,5.154954,10.523935,2.803174,11.972054,19.289054,-39.597642,214.078622,64.484281,5.430199,16.830446,0.746181,180.445257,240.958896,111.625912,532.380957,214.599775,208.227078,233.876982,196.175559,117.456178,222.401976,180.741127,251.245469,2.731009,988.742731,1.595617,23.730215,1.950970,5.674633,8.755190,86.275389,23.656451,21.194793,87.317259,90.069249,71.175801,-69.875106,41.336993,14.365144,59.755691,24.215801,23.839517,1.365504,223.900075
1.060000,0.852263,59.986545,-10.638320,0.693800,59.987570,-10.373160,0.504828,59.976535,-17.837354,0.210428,59.999040,-19.787956,0.000000,60.083944,-90.832461,0.061704,60.186591,8.458413,0.089467,60.050853,-8.797233,0.105947,60.021315,-12.522196,0.603003,59.989393,-11.085170,0.212618,60.183358,3.873028,0.161903,60.181608,4.267263,0.182869,60.150891,0.482802,0.221992,60.128634,-2.029642,0.261418,60.027681,-13.853008,0.447747,59.963268,-21.827053,0.549763,59.953972,-19.899331,0.551839,59.960129,-20.148149,0.531317,59.964249,-20.420801,0.656859,59.984141,-6.753816,0.654300,59.981469,-8.811119,0.592721,59.940955,-18.559535,0.662158,59.932886,-13.141630,0.655351,59.937406,-15.150914,0.569902,59.948215,-21.200107,0.704281,60.004729,-9.545423,0.653543,59.977409,-15.352375,0.596316,59.963359,-20.018002,0.705680,59.982383,-10.890183,0.728221,59.994961,-6.591976,0.827787,59.987831,-5.397291,0.317043,60.316907,32.991463,0.417872,60.326892,21.517548,0.679596,60.007215,3.816001,0.734875,60.020575,0.217747,0.731177,59.915132,-5.412817,0.736096,59.947047,-9.793193,0.752572,60.051421,1.769475,0.767102,60.025890,3.774488,0.932948,59.986853,-10.454487,0.999885,1.004242,1.003839,1.000086,1.000166,1.000504,1.000756,0.999636,-45.471618,0.000000,5.011009,9.027887,1.330297,10.626798,18.027125,-41.258759,209.864982,61.964358,5.237610,16.398670,0.701951,175.463867,236.993957,109.581941,525.125510,212.446787,207.167631,230.653852,194.870548,116.143921,219.035984,179.364621,249.814687,2.588144,988.742731,1.564211,22.802884,1.881776,5.529053,8.236226,83.893661,23.267188,20.806698,86.127273,89.165622,70.813663,-68.912136,41.062008,14.204652,58.851305,24.031376,23.703757,1.294072,223.900075
1.080000,0.846907,59.989177,-11.317680,0.686737,59.994951,-11.023461,0.499079,59.990502,-18.536082,0.207294,60.015151,-20.316522,0.000000,60.100407,-90.758317,0.060315,60.207868,9.280467,0.088209,60.059454,-8.993694,0.104889,60.026022,-12.945659,0.600041,59.990017,-11.753542,0.207616,60.200762,4.660439,0.158109,60.199539,5.043917,0.178567,60.168913,1.042129,0.216823,60.146638,-1.628206,0.256522,60.046629,-14.164721,0.442068,59.986666,-22.576642,0.543659,59.977525,-20.714435,0.545358,59.981604,-20.929123,0.525109,59.983491,-21.182744,0.647682,59.997768,-7.401291,0.643899,59.998026,-9.463793,0.588049,59.967240,-19.454080,0.658919,59.960515,-14.086955,0.651731,59.965661,-16.059575,0.564161,59.973374,-22.048363,0.696022,60.011667,-10.075185,0.644815,59.996921,-16.019445,0.588557,59.985334,-20.773898,0.695519,60.006377,-11.501293,0.717810,60.017885,-7.118108,0.821576,59.989627,-6.071510,0.311666,60.342764,34.748351,0.410097,60.338240,23.298291,0.670716,60.011013,3.286311,0.722776,60.029068,-0.192050,0.729896,59.944145,-6.480161,0.733071,59.977236,-10.618922,0.741873,60.050455,1.536972,0.756834,60.045415,3.453905,0.928732,59.987190,-11.142175,0.999848,1.005651,1.005106,1.000139,1.000254,1.000670,1.001052,0.999537,-47.666267,0.000000,4.806490,6.938489,-0.716444,8.743486,16.279985,-43.574850,206.776567,60.132548,5.091343,16.072986,0.669314,171.851986,234.146931,108.089679,519.608409,210.944752,206.433098,228.343432,193.836554,115.119731,216.502912,178.199963,248.542854,2.501107,988.742731,1.541192,22.128778,1.829225,5.419244,7.853281,82.166731,22.987677,20.523357,85.222398,88.535206,70.562586,-68.221855,40.844131,14.079392,58.170711,23.875335,23.583079,1.250553,223.900075
1.100000,0.842828,59.991114,-12.158292,0.681221,60.001383,-11.802204,0.494543,60.001885,-19.323961,0.204633,60.030269,-20.910488,0.000000,60.125977,-90.693952,0.059049,60.252321,10.199057,0.087034,60.073773,-9.273779,0.103937,60.033369,-13.497149,0.597783,59.990392,-12.595234,0.203087,60.237296,5.492204,0.154667,60.236834,5.870405,0.174648,60.202361,1.632142,0.212112,60.177264,-1.210318,0.252180,60.066987,-14.509182,0.437466,60.005197,-23.359241,0.538887,59.995543,-21.565031,0.540263,59.998277,-21.756556,0.520225,59.998516,-22.004176,0.640740,60.011079,-8.128950,0.636069,60.013065,-10.181294,0.584463,59.986225,-20.374002,0.656514,59.979871,-15.053513,0.648987,59.984615,-16.990754,0.559684,59.991976,-22.925965,0.689653,60.018839,-10.730636,0.637878,60.013199,-16.738766,0.582415,60.002709,-21.571262,0.687275,60.026989,-12.132907,0.709339,60.038401,-7.667684,0.816904,59.991426,-6.909906,0.307822,60.413812,36.753312,0.403687,60.384806,25.159066,0.664023,60.019116,2.629017,0.713722,60.038999,-0.710149,0.729121,59.965065,-7.557457,0.730732,59.994638,-11.473481,0.733527,60.053798,1.142090,0.748493,60.064938,3.097102,0.925619,59.987058,-12.006476,0.999811,1.007059,1.006367,1.000221,1.000353,1.000836,1.001360,0.999452,-50.485524,0.000000,4.539670,4.269879,-3.331041,6.323573,14.055093,-46.539297,204.297956,58.598128,4.956622,15.782542,0.640252,168.882857,231.873059,106.891823,515.204110,209.769046,205.864309,226.502405,192.980740,114.263454,214.430510,177.167513,247.380991,2.439790,988.742731,1.522718,21.564111,1.780822,5.321317,7.512286,80.747116,22.764437,20.295916,84.500037,88.041753,70.368164,-67.671814,40.663799,13.974667,57.613891,23.737007,23.472835,1.219895,223.900075
1.120000,0.839552,59.992552,-13.166599,0.676633,60.007195,-12.716814,0.490689,60.011715,-20.216421,0.202143,60.043940,-21.581102,0.000000,60.152563,-90.617907,0.057751,60.303536,11.293209,0.085811,60.087948,-9.629084,0.102983,60.040123,-14.176823,0.595957,59.990352,-13.615400,0.198498,60.281267,6.445090,0.151171,60.281348,6.822529,0.170659,60.241261,2.311546,0.207323,60.212085,-0.729437,0.247908,60.086512,-14.889132,0.433372,60.021066,-24.200120,0.534828,60.010879,-22.477894,0.535932,60.012449,-22.655048,0.516076,60.011270,-22.907426,0.635151,60.023838,-8.942446,0.629863,60.026804,-10.975749,0.581435,60.002139,-21.351235,0.654507,59.996104,-16.075076,0.646687,60.000384,-17.980274,0.555882,60.007604,-23.863098,0.684437,60.025829,-11.514395,0.631974,60.027472,-17.529566,0.577187,60.017479,-22.435104,0.680119,60.045410,-12.805677,0.701972,60.057275,-8.256488,0.813229,59.993407,-7.913880,0.304766,60.495476,39.146615,0.397699,60.446461,27.250640,0.658663,60.028760,1.858481,0.706666,60.049132,-1.334733,0.728520,59.982649,-8.679410,0.728775,60.008996,-12.397447,0.726614,60.058829,0.600504,0.741275,60.084198,2.700491,0.923229,59.986541,-13.052842,0.999774,1.008463,1.007621,1.000328,1.000457,1.000999,1.001675,0.999383,-53.928104,0.000000,4.208727,1.034843,-6.509091,3.367426,11.357631,-50.144319,202.162713,57.180719,4.818297,15.494098,0.611343,166.209138,229.906243,105.857739,511.560209,208.761125,205.379481,224.911598,192.242019,113.505146,212.619939,176.207942,246.278030,2.391575,988.742731,1.506803,21.042505,1.731125,5.224064,7.173094,79.468744,22.571342,20.099571,83.902391,87.618720,70.202441,-67.196530,40.508140,13.881924,57.127421,23.608443,23.368180,1.195787,223.900075
1.140000,0.836780,59.993588,-14.347540,0.672606,60.012463,-13.773200,0.487205,60.020254,-21.225148,0.199654,60.055688,-22.342881,0.000000,60.177588,-90.537780,0.056335,60.357138,12.586774,0.084463,60.100097,-10.071933,0.101962,60.045232,-14.996034,0.594386,59.989900,-14.818851,0.193556,60.328181,7.548095,0.147399,60.328642,7.927892,0.166353,60.281745,3.098270,0.202162,60.247640,-0.174510,0.243441,60.103892,-15.318769,0.429465,60.034679,-25.118151,0.531132,60.024179,-23.470851,0.532003,60.024720,-23.641405,0.512321,60.022274,-23.908049,0.630414,60.035929,-9.848212,0.624736,60.039399,-11.857676,0.578667,60.015862,-22.405145,0.652656,60.010174,-17.170889,0.644581,60.014062,-19.047083,0.552417,60.021064,-24.878857,0.679941,60.032407,-12.430750,0.626653,60.040172,-18.406000,0.572463,60.030297,-23.382775,0.673554,60.062153,-13.534725,0.695204,60.074825,-8.896640,0.810210,59.995591,-9.083821,0.302103,60.579804,41.960547,0.391663,60.515075,29.638985,0.654156,60.039064,0.979483,0.700995,60.059012,-2.068515,0.727918,59.997837,-9.866941,0.727008,60.021740,-13.406708,0.720622,60.064400,-0.083165,0.734686,60.103024,2.259519,0.921314,59.985731,-14.285426,0.999738,1.009864,1.008867,1.000458,1.000565,1.001156,1.001993,0.999333,-57.992316,0.000000,3.811793,-2.754822,-10.247193,-0.125463,8.191136,-54.381039,200.209266,55.781586,4.668082,15.188434,0.580883,163.629299,228.088500,104.908547,508.447783,207.827295,204.929164,223.440241,191.577946,112.798538,210.946793,175.275618,245.188823,2.349965,988.742731,1.492243,20.527624,1.677155,5.121005,6.815689,78.235259,22.392883,19.919344,83.391913,87.226784,70.048514,-66.756935,40.368210,13.795505,56.677875,23.483529,23.264830,1.174983,223.900075
1.160000,0.834316,59.994310,-15.704990,0.668901,60.017271,-14.976287,0.483888,60.027665,-22.360062,0.197058,60.065241,-23.212332,0.000000,60.199989,-90.471338,0.054743,60.412307,14.090829,0.082935,60.109304,-10.622618,0.100830,60.048165,-15.970504,0.592950,59.989069,-16.209796,0.188070,60.376557,8.813322,0.143204,60.377321,9.197823,0.161565,60.322432,3.995295,0.196432,60.282563,0.451525,0.238607,60.118392,-15.818400,0.425540,60.046208,-26.130132,0.527572,60.035749,-24.558480,0.528247,60.035400,-24.729223,0.508738,60.031809,-25.018690,0.626208,60.047404,-10.852256,0.620341,60.051074,-12.835701,0.575968,60.027744,-23.551194,0.650807,60.022412,-18.356283,0.642511,60.025990,-20.205926,0.549074,60.032710,-25.988527,0.675888,60.038536,-13.484285,0.621625,60.051588,-19.379427,0.567977,60.041542,-24.427923,0.667256,60.077564,-14.331897,0.688706,60.091292,-9.597943,0.807623,59.998008,-10.419525,0.299606,60.665263,45.204447,0.385316,60.587700,32.357737,0.650200,60.049745,-0.006058,0.696318,60.068567,-2.915149,0.727210,60.010979,-11.136982,0.725304,60.033145,-14.512830,0.715240,60.070057,-0.908708,0.728410,60.121376,1.769447,0.919705,59.984707,-15.707362,0.999703,1.011261,1.010105,1.000609,1.000675,1.001307,1.002311,0.999302,-62.676215,0.000000,3.347050,-7.088107,-14.542605,-4.156278,4.557868,-59.239672,198.329332,54.340366,4.500734,14.852932,0.547924,161.010703,226.314263,103.991294,505.706019,206.905506,204.480320,222.000808,190.957544,112.110524,209.325454,174.334387,244.074702,2.311280,988.742731,1.478231,19.997255,1.617030,5.007885,6.428970,76.983242,22.218695,19.745182,82.942229,86.839902,69.895091,-66.326878,40.237482,13.711359,56.242248,23.357423,23.159116,1.155640,223.900075
1.180000,0.832024,59.994786,-17.242045,0.665357,60.021694,-16.330185,0.480597,60.034053,-23.629927,0.194278,60.072363,-24.207456,0.000000,60.218957,-90.442236,0.052930,60.469404,15.816731,0.081185,60.114744,-11.307123,0.099552,60.048440,-17.119188,0.591567,59.987883,-17.791994,0.181897,60.426176,10.248705,0.138474,60.427220,10.639968,0.156167,60.362901,5.000724,0.189983,60.316249,1.140024,0.233282,60.129407,-16.412623,0.421458,60.055735,-27.251800,0.523993,60.045773,-25.753500,0.524501,60.044684,-25.930174,0.505174,60.040053,-26.250226,0.622311,60.058349,-11.959772,0.616439,60.062031,-13.916661,0.573207,60.037982,-24.802833,0.648855,60.032997,-19.644740,0.640365,60.036343,-21.469710,0.545703,60.042750,-27.205322,0.672087,60.044250,-14.679244,0.616687,60.061930,-20.459251,0.563545,60.051465,-25.581829,0.661000,60.091897,-15.206744,0.682252,60.106869,-10.368443,0.805315,60.000700,-11.920271,0.297138,60.751818,48.884797,0.378500,60.663602,35.430535,0.646582,60.060706,-1.097063,0.692371,60.077851,-3.877912,0.726326,60.022271,-12.504473,0.723573,60.043302,-15.726146,0.710260,60.075639,-1.877470,0.722227,60.139283,1.225821,0.918289,59.983532,-17.321042,0.999669,1.012654,1.011336,1.000779,1.000785,1.001448,1.002628,0.999293,-67.977740,0.000000,2.812893,-11.954740,-19.393056,-8.726729,0.459037,-64.709752,196.444691,52.817765,4.312785,14.478909,0.511924,158.257872,224.506722,103.067527,503.215067,205.951036,204.009005,220.529556,190.356967,111.415741,207.692393,173.354222,242.901810,2.273366,988.742731,1.464184,19.436937,1.549504,4.881778,6.006574,75.667045,22.041237,19.569784,82.533681,86.439303,69.733987,-65.887314,40.110932,13.626386,55.803472,23.226100,23.047826,1.136683,223.900075
1.200000,0.829811,59.995064,-18.961296,0.661854,60.025785,-17.838466,0.477229,60.039471,-25.042886,0.191257,60.076753,-25.348111,0.000000,60.233481,-90.480594,0.050856,60.529347,17.781181,0.079177,60.115384,-12.158102,0.098104,60.045489,-18.464764,0.590183,59.986351,-19.568997,0.174911,60.477410,11.863574,0.133115,60.478747,12.263659,0.150051,60.403080,6.111507,0.182686,60.348297,1.879206,0.227372,60.136219,-17.130702,0.417117,60.063257,-28.498583,0.520279,60.054349,-27.067606,0.520647,60.052684,-27.254810,0.501515,60.047105,-27.612520,0.618557,60.068826,-13.175325,0.612857,60.072416,-15.106080,0.570288,60.046687,-26.172407,0.646724,60.042027,-21.048733,0.638064,60.045214,-22.850368,0.542192,60.051296,-28.541308,0.668398,60.049591,-16.019472,0.611691,60.071344,-21.653561,0.559030,60.060227,-26.854292,0.654623,60.105336,-16.167212,0.675678,60.121707,-11.214897,0.803175,60.003699,-13.584978,0.294621,60.839764,53.009699,0.371115,60.743026,38.880664,0.643148,60.071898,-2.292797,0.688963,60.086933,-4.959486,0.725217,60.031832,-13.983210,0.721749,60.052252,-17.056484,0.705538,60.081100,-2.991285,0.715984,60.156793,0.624596,0.916992,59.982254,-19.128379,0.999636,1.014044,1.012562,1.000967,1.000897,1.001581,1.002940,0.999305,-73.894846,0.000000,2.208124,-17.345217,-24.796646,-13.838944,-4.105037,-70.780402,194.495476,51.188141,4.102137,14.060685,0.472612,155.297880,222.606239,102.107557,500.880687,204.929376,203.496566,218.976901,189.756859,110.693454,205.997278,172.308719,241.639146,2.235005,988.742731,1.449656,18.837236,1.473822,4.740767,5.545311,74.251799,21.854655,19.387511,82.150813,86.010505,69.558826,-65.423429,39.984481,13.538048,55.348023,23.086023,22.928018,1.117502,223.900075
1.220000,0.937105,60.026954,-19.656420,0.859421,60.064468,-17.638558,0.784055,60.116118,-21.654554,0.690168,60.170908,-20.249515,0.671985,60.165867,-15.859122,0.667748,60.158708,-14.033297,0.670814,60.183667,-18.550803,0.678725,60.183997,-19.663457,0.860372,60.065606,-20.421890,0.665761,60.137289,-9.080980,0.664502,60.143905,-10.810793,0.645860,60.143881,-11.250848,0.669129,60.141833,-11.482784,0.687322,60.147752,-17.020979,0.730915,60.109655,-22.708830,0.769918,60.072778,-22.334913,0.779433,60.097900,-22.468066,0.779292,60.109949,-22.824928,0.812059,60.019828,-13.616446,0.772953,60.050953,-14.602392,0.773679,60.021034,-21.832526,0.797550,59.957765,-18.208477,0.798116,59.922776,-19.627967,0.778852,60.058112,-23.278550,0.859771,60.059712,-15.380300,0.822255,60.117107,-18.371286,0.794234,60.120189,-21.954437,0.829677,60.148169,-13.389133,0.836153,60.146251,-9.514343,0.919574,60.018335,-14.939331,0.627633,59.957356,9.332707,0.638593,60.083001,12.681928,0.793828,59.939868,-5.951506,0.811433,60.010102,-6.566707,0.801029,59.953801,-12.290584,0.840648,59.724454,-15.630626,0.841532,59.999634,-5.276988,0.837384,60.138458,0.163999,0.968480,60.002124,-20.574921,0.999627,1.013535,1.012173,1.000883,1.000778,1.001371,1.002959,0.999363,-80.017743,0.000000,1.595085,-22.913542,-30.396199,-19.164332,-8.791704,-77.033793,288.154185,430.919452,198.470947,446.016364,6.218280,282.317584,293.819239,141.315224,561.151206,244.863217,221.658616,275.995979,200.614467,124.488442,251.637534,184.493662,253.902685,7.474523,988.742731,2.147733,158.578358,71.306927,150.380996,72.961148,134.983095,28.846083,26.832005,92.035946,102.771058,75.766945,-82.458941,42.272334,15.225205,67.610797,24.718568,24.091648,3.737262,223.900075
1.240000,0.946005,59.997983,-21.016564,0.873919,60.007034,-18.545553,0.800572,60.000061,-22.081357,0.706094,60.040731,-20.319240,0.687031,60.088209,-15.916606,0.682846,60.103884,-14.073686,0.685364,60.075822,-18.622379,0.692972,60.066536,-19.786936,0.869460,60.016424,-21.547903,0.680474,60.128132,-9.105004,0.679354,60.119104,-10.841386,0.661137,60.111171,-11.282057,0.684237,60.104100,-11.520708,0.703478,60.049218,-17.083589,0.750023,59.962150,-22.786278,0.789899,59.938938,-22.525120,0.798331,59.964572,-22.714222,0.797361,59.976249,-23.111779,0.835378,59.986243,-14.422369,0.795886,59.997536,-15.345385,0.793739,59.891468,-21.982932,0.817078,59.860557,-18.463300,0.816739,59.824335,-19.849566,0.798570,59.916171,-23.410329,0.876291,60.007115,-16.314241,0.839757,60.014959,-18.790480,0.812683,59.988824,-22.222150,0.845551,60.060431,-13.692496,0.851306,60.077880,-9.858927,0.930909,60.007830,-16.232950,0.646510,60.314411,9.395956,0.650805,60.298446,12.826655,0.815750,59.999636,-7.290994,0.834021,60.005935,-7.725755,0.820674,59.887297,-12.698150,0.854896,59.691400,-16.045551,0.859083,60.007408,-6.624611,0.850467,60.113736,-0.293290,0.974284,59.994353,-22.202091,0.999627,1.012890,1.011648,1.000865,1.000632,1.001161,1.002926,0.999474,-85.893819,0.000000,1.032347,-28.251969,-35.806241,-24.331974,-13.232669,-83.003045,288.383297,435.459883,200.792315,450.768078,6.312242,284.355182,294.558548,141.501767,562.407246,245.364422,221.661074,276.380487,200.614467,124.488442,251.663684,184.493662,253.902685,7.632910,988.742731,2.149441,160.249237,72.140952,151.983107,74.063641,135.957322,28.918666,26.867424,92.241953,102.981418,75.767785,-82.573820,42.272334,15.225205,67.617823,24.718568,24.091648,3.816455,223.900075
1.260000,0.945892,59.969237,-22.528158,0.871511,59.952093,-19.838486,0.793511,59.904658,-23.280587,0.691484,59.927438,-21.284667,0.669206,59.997800,-16.614471,0.664284,60.023546,-14.650058,0.667793,59.971888,-19.467763,0.676074,59.959434,-20.718964,0.863234,59.968918,-22.967865,0.661849,60.075061,-9.416123,0.660707,60.056421,-11.246404,0.642556,60.045066,-11.725273,0.666444,60.036065,-11.993776,0.688317,59.950497,-17.897675,0.740928,59.840023,-23.907175,0.783759,59.825715,-23.692513,0.792325,59.856272,-23.886715,0.790926,59.869214,-24.304819,0.835310,59.935849,-15.576559,0.798554,59.942374,-16.498710,0.787448,59.773759,-23.160447,0.810827,59.753790,-19.605410,0.810873,59.712110,-21.006612,0.792491,59.795910,-24.595550,0.875126,59.957223,-17.596468,0.836133,59.934060,-19.875927,0.807871,59.887221,-23.362253,0.842456,59.992332,-14.547111,0.848606,60.022756,-10.628037,0.931690,59.982413,-17.623849,0.626136,60.400646,10.641464,0.633794,60.377889,13.902463,0.817500,59.997999,-8.485422,0.840062,59.984872,-8.961695,0.814114,59.798482,-13.781161,0.850587,59.593223,-17.154595,0.861788,59.996035,-7.955216,0.849118,60.088225,-0.888955,0.975780,59.983545,-23.822508,0.999633,1.012173,1.011070,1.000865,1.000483,1.000956,1.002855,0.999622,-91.470999,0.000000,0.525677,-33.296070,-40.982951,-29.292097,-17.399264,-88.617920,288.345346,431.321565,197.954209,445.066666,6.196677,283.466895,294.409627,141.468441,562.433312,245.273654,221.661074,276.333557,200.614467,124.488442,251.663684,184.493662,253.902685,7.461177,988.742731,2.149158,158.726336,71.121273,150.060792,72.707674,135.532609,28.904045,26.861096,92.246228,102.943322,75.767785,-82.559799,42.272334,15.225205,67.617823,24.718568,24.091648,3.730589,223.900075
1.280000,0.940727,59.958251,-24.132727,0.859922,59.934286,-21.385464,0.774142,59.874512,-24.965486,0.661532,59.883600,-22.847096,0.635152,59.957275,-17.794206,0.629126,59.986253,-15.657926,0.634454,59.926055,-20.858135,0.643896,59.912788,-22.207677,0.849262,59.947968,-24.583969,0.626223,60.051916,-10.007115,0.625174,60.028263,-11.985487,0.606963,60.016382,-12.520314,0.631911,60.007404,-12.828907,0.657263,59.913297,-19.237279,0.717283,59.808799,-25.673812,0.763988,59.803340,-25.453208,0.773213,59.830142,-25.622834,0.771639,59.840389,-26.052439,0.822776,59.925773,-16.976384,0.790005,59.929473,-17.921677,0.767487,59.760373,-24.956015,0.791277,59.752045,-21.290764,0.792358,59.715480,-22.731577,0.772966,59.775622,-26.413914,0.864201,59.941628,-19.104071,0.820850,59.910253,-21.367395,0.790515,59.859410,-25.029032,0.828447,59.970290,-15.734590,0.835487,60.004942,-11.652806,0.926497,59.973135,-19.106059,0.587629,60.431247,12.301433,0.601182,60.419039,15.446336,0.808687,59.997688,-9.671196,0.836383,59.980442,-10.270147,0.794143,59.799481,-15.296285,0.836749,59.632010,-18.698475,0.855894,59.992675,-9.299114,0.839055,60.080298,-1.564387,0.974628,59.977333,-25.429870,0.999641,1.011467,1.010510,1.000862,1.000331,1.000756,1.002758,0.999777,-96.735237,0.000000,0.081044,-38.030438,-45.914869,-34.029880,-21.292586,-93.856937,287.780027,420.967404,191.457685,431.900074,5.934675,280.462706,293.457240,141.148669,562.260431,244.582389,221.619181,275.750254,200.614374,124.488402,251.592086,184.493653,253.902718,7.078192,988.742352,2.145615,154.917280,68.787681,145.622588,69.634874,134.097418,28.811556,26.800789,92.218726,102.654355,75.754592,-82.384409,42.272551,15.225443,67.599287,24.718835,24.091940,3.539081,223.900098
1.300000,0.932767,59.931182,-25.769854,0.843510,59.880422,-23.059759,0.748670,59.785088,-26.909574,0.624430,59.782138,-24.754680,0.593631,59.875504,-19.263833,0.586313,59.911220,-16.927922,0.593970,59.840419,-22.566068,0.604809,59.826986,-24.016318,0.831556,59.913210,-26.290322,0.582495,59.994708,-10.759677,0.581692,59.964300,-12.922997,0.563569,59.948480,-13.524702,0.589434,59.936297,-13.880649,0.618697,59.814922,-20.889139,0.686590,59.678600,-27.795802,0.737456,59.674671,-27.528466,0.747532,59.715365,-27.658899,0.745937,59.732465,-28.095798,0.803655,59.863299,-18.492449,0.775315,59.867185,-19.476673,0.740873,59.609328,-27.076657,0.765344,59.594375,-23.259311,0.767738,59.539795,-24.753912,0.746785,59.633256,-28.567931,0.848011,59.890928,-20.722322,0.799339,59.828866,-23.075639,0.766668,59.756384,-26.977623,0.808307,59.901658,-17.104034,0.816421,59.949040,-12.811533,0.917978,59.942577,-20.627787,0.540983,60.478999,14.272465,0.561000,60.473588,17.365604,0.794209,59.976623,-10.836122,0.827069,59.948565,-11.602914,0.767897,59.663033,-17.033029,0.818315,59.412311,-20.472580,0.845109,59.970517,-10.637167,0.823847,60.052633,-2.264556,0.971848,59.966555,-27.009887,0.999646,1.010838,1.010022,1.000843,1.000175,1.000558,1.002645,0.999923,-101.706736,0.000000,-0.301284,-42.479499,-50.623373,-38.563678,-24.941722,-98.740673,286.008893,404.664550,181.615284,411.842165,5.543638,275.073110,291.050565,140.212380,561.365968,242.713539,220.940101,273.936419,200.614467,124.488272,250.789947,184.493662,253.902685,6.512054,988.742731,2.131743,148.916554,65.251000,138.858661,65.045355,131.519331,28.574265,26.622604,92.071170,101.868821,75.521344,-81.843609,42.272334,15.225184,67.383064,24.718568,24.091648,3.256027,223.900075
1.320000,0.935183,59.969611,-26.970034,0.851364,59.966614,-23.871214,0.759385,59.929891,-27.411621,0.623897,59.919978,-25.329077,0.583910,59.967050,-19.903648,0.574803,59.991186,-17.505897,0.583474,59.937778,-23.338867,0.594912,59.926291,-24.851491,0.827047,59.953092,-27.557597,0.572042,60.059333,-11.085243,0.570945,60.034850,-13.334026,0.554679,60.026572,-13.941794,0.582482,60.020812,-14.296938,0.620577,59.949975,-21.355177,0.711194,59.909217,-27.803200,0.771229,59.919956,-27.455137,0.772859,59.923558,-27.753904,0.765774,59.921229,-28.314202,0.826788,59.973417,-18.939128,0.794975,59.973412,-19.899276,0.796595,59.921856,-26.765974,0.842251,59.940408,-23.231173,0.832747,59.935329,-24.635149,0.784929,59.913830,-28.343689,0.857462,59.972096,-21.507167,0.814857,59.963835,-23.418831,0.787041,59.935045,-27.140282,0.819690,60.007833,-17.366291,0.826361,60.034212,-13.096516,0.923092,59.991644,-21.701565,0.512746,60.436647,15.683025,0.540159,60.441337,18.646657,0.808958,60.000863,-11.532509,0.842504,59.997376,-12.380406,0.882383,59.962398,-17.636439,0.867320,59.960147,-21.088927,0.851228,60.002425,-11.613794,0.830488,60.092273,-2.581209,0.971366,59.975727,-28.438364,0.999649,1.010325,1.009632,1.000805,1.000017,1.000365,1.002519,1.000057,-106.430656,0.000000,-0.626164,-46.694377,-55.153707,-42.935765,-28.395973,-103.318711,286.896721,404.402137,178.713241,406.054332,5.453734,279.528960,293.890301,140.986831,562.392608,245.385593,221.661074,276.186074,200.614467,124.488442,251.531608,184.493662,253.902685,6.114884,988.742731,2.138361,148.819986,64.208350,136.907208,63.990476,133.649784,28.853060,26.769651,92.239552,102.990304,75.767785,-82.515736,42.272334,15.225205,67.582336,24.718568,24.091648,3.057442,223.900075
1.340000,0.927209,59.960914,-28.507232,0.836076,59.951087,-25.465370,0.736293,59.906093,-29.312266,0.589745,59.887350,-27.343106,0.545049,59.936057,-21.568728,0.534539,59.961737,-18.989145,0.545696,59.907123,-25.214939,0.558494,59.896455,-26.806904,0.810066,59.941955,-29.227009,0.530409,60.037990,-12.038866,0.529753,60.010349,-14.478920,0.514091,60.001014,-15.151435,0.542454,59.994279,-15.552597,0.585109,59.917607,-23.150427,0.684668,59.878825,-29.886078,0.749150,59.893835,-29.440855,0.750715,59.897707,-29.711262,0.743182,59.895422,-30.287763,0.810843,59.967587,-20.433942,0.782546,59.962925,-21.417305,0.776187,59.894614,-28.746680,0.824241,59.914114,-25.077157,0.814969,59.907076,-26.529802,0.763531,59.886075,-30.382809,0.842209,59.957858,-23.055170,0.795146,59.941969,-25.063956,0.765834,59.909583,-29.011638,0.800555,59.986982,-18.687572,0.808035,60.016869,-14.210587,0.914736,59.980690,-23.092572,0.467445,60.486228,17.774284,0.500124,60.484707,20.741713,0.797099,60.015372,-12.722847,0.834361,59.992582,-13.697324,0.867241,59.938671,-19.311098,0.853933,59.929192,-22.833097,0.840480,59.995948,-12.903778,0.815467,60.082931,-3.237843,0.967855,59.971146,-29.910089,0.999651,1.009905,1.009313,1.000755,0.999857,1.000179,1.002374,1.000193,-110.946077,0.000000,-0.902998,-50.721266,-59.545055,-47.182889,-31.703224,-107.628151,284.725749,385.937474,167.074373,382.293645,5.001146,274.679273,292.271560,140.077309,561.901559,244.959643,221.661075,275.233562,200.614467,124.479277,250.745638,184.493662,253.902685,5.391927,988.742731,2.122179,142.024990,60.026720,128.895940,58.680112,131.331027,28.694138,26.596957,92.159014,102.811529,75.767785,-82.231155,42.272334,15.224084,67.371159,24.718568,24.091648,2.695963,223.900075
1.360000,0.918675,59.958601,-30.021471,0.819951,59.948035,-27.056282,0.712478,59.900947,-31.239147,0.555368,59.876244,-29.432957,0.506080,59.922553,-23.316781,0.494116,59.947992,-20.552540,0.508009,59.896937,-27.157767,0.522196,59.887699,-28.820382,0.792888,59.939977,-30.877206,0.488309,60.027745,-13.035279,0.488227,59.998404,-15.682693,0.473554,59.988452,-16.425404,0.502018,59.980824,-16.879110,0.549252,59.903431,-25.034685,0.657323,59.870181,-32.026264,0.725989,59.887814,-31.460409,0.727556,59.891892,-31.702162,0.719689,59.889717,-32.294645,0.792832,59.965849,-21.897677,0.768108,59.959292,-22.923862,0.754891,59.889006,-30.758878,0.805542,59.909029,-26.945732,0.796470,59.901856,-28.450072,0.741099,59.879935,-32.459226,0.825875,59.954996,-24.596079,0.774243,59.937076,-26.731309,0.743512,59.903896,-30.916703,0.780072,59.981705,-20.032999,0.788342,60.012433,-15.335970,0.905669,59.979081,-24.462452,0.421696,60.538255,20.286781,0.459695,60.529965,23.214613,0.782805,60.017986,-13.818112,0.824224,59.990130,-14.982846,0.851704,59.933547,-21.001801,0.840054,59.925436,-24.586475,0.828426,59.994040,-14.163177,0.799162,60.080530,-3.875182,0.963941,59.969088,-31.347911,0.999649,1.009641,1.009126,1.000691,0.999695,1.000005,1.002227,1.000305,-115.312984,0.000000,-1.141203,-54.624303,-63.857736,-51.359623,-34.925542,-111.735569,281.479953,364.054985,153.602498,354.754453,4.480090,268.360576,289.608735,138.652697,560.649293,243.834071,221.652445,273.385793,200.614467,124.230347,249.154217,184.264696,253.794846,4.554554,988.742731,2.097987,133.972234,55.186526,119.610696,52.566394,128.309900,28.432711,26.326461,91.953626,102.339117,75.764836,-81.679100,42.272334,15.193639,66.943571,24.687891,24.081416,2.277277,223.900075
1.380000,0.910243,59.959689,-31.496534,0.804276,59.951472,-28.597697,0.689662,59.905598,-33.115080,0.522879,59.876422,-31.507189,0.469224,59.917441,-25.079992,0.455800,59.941345,-22.138855,0.472565,59.897178,-29.082292,0.488098,59.889791,-30.803336,0.776535,59.942388,-32.480534,0.448006,60.021508,-14.044311,0.448638,59.991413,-16.906718,0.435372,59.981205,-17.722430,0.463428,59.972771,-18.234745,0.515190,59.898447,-26.935495,0.631218,59.873292,-34.131177,0.703707,59.892647,-33.430320,0.705264,59.896854,-33.642148,0.697122,59.894754,-34.249975,0.774974,59.968187,-23.314981,0.753602,59.960556,-24.393565,0.734497,59.894590,-32.716815,0.787713,59.914227,-28.760853,0.778797,59.907640,-30.314339,0.719526,59.885320,-34.483555,0.809854,59.958032,-26.088960,0.753874,59.941353,-28.348556,0.721903,59.908916,-32.770006,0.759969,59.985313,-21.331721,0.768961,60.015568,-16.415133,0.896702,59.982326,-25.780812,0.378024,60.596400,23.239659,0.420793,60.577842,26.062891,0.768330,60.019070,-14.864013,0.813713,59.989653,-16.237408,0.837041,59.937098,-22.647379,0.826805,59.931195,-26.280588,0.816291,59.994410,-15.385825,0.783020,60.082052,-4.470241,0.959934,59.968569,-32.754215,0.999643,1.009544,1.009083,1.000616,0.999538,0.999846,1.002084,1.000394,-119.603392,0.000000,-1.351066,-58.479526,-68.161220,-55.530413,-38.132493,-115.721541,277.411729,340.333974,139.236394,325.377789,3.926229,261.078791,286.114683,136.824581,558.653301,242.104121,221.349654,270.788962,200.614467,123.660734,246.866985,183.569781,253.138282,3.679518,988.742731,2.067665,125.242902,50.025051,109.705921,46.067759,124.828296,28.089678,25.979351,91.626258,101.613043,75.661336,-80.903248,42.272334,15.123975,66.329030,24.594786,24.019117,1.839759,223.900075
1.400000,0.902219,59.961868,-32.937007,0.789594,59.956852,-30.083186,0.668507,59.913098,-34.921438,0.493016,59.879408,-33.543546,0.435238,59.912864,-26.853791,0.420360,59.934175,-23.751638,0.440088,59.899468,-30.971853,0.456899,59.894359,-32.736076,0.761396,59.945737,-34.040010,0.410274,60.012882,-15.085534,0.411762,59.982525,-18.166032,0.400326,59.972389,-19.055110,0.427467,59.963265,-19.631328,0.483697,59.894915,-28.841936,0.607105,59.879786,-36.174727,0.683040,59.900594,-35.327970,0.684557,59.905003,-35.508674,0.676178,59.902985,-36.131247,0.758144,59.971510,-24.688952,0.739855,59.963332,-25.825181,0.715657,59.903231,-34.597308,0.771305,59.922023,-30.503609,0.762506,59.916137,-32.101382,0.699523,59.894004,-36.430693,0.794753,59.962830,-27.529893,0.734755,59.948443,-29.899520,0.701733,59.917251,-34.549002,0.740988,59.991622,-22.569704,0.750626,60.020880,-17.439583,0.888211,59.987068,-27.046820,0.337195,60.664099,26.671248,0.384079,60.631311,29.299964,0.754530,60.019305,-15.884972,0.803601,59.989630,-17.471804,0.823668,59.942844,-24.234621,0.814596,59.939034,-27.900758,0.804664,59.995354,-16.581799,0.767702,60.084506,-5.028439,0.956003,59.968685,-34.139923,0.999634,1.009613,1.009184,1.000535,0.999391,0.999706,1.001952,1.000461,-123.891243,0.000000,-1.542547,-62.362811,-72.524869,-59.759881,-41.393156,-119.668159,272.801229,315.924524,124.629127,295.522680,3.363965,253.267999,282.056501,134.725099,556.079004,239.939267,220.687301,267.662667,200.597205,122.832395,244.069355,182.485914,251.968411,2.927625,988.742731,2.033302,116.260226,44.776932,99.639831,39.470523,121.093763,27.691262,25.580715,91.204041,100.704438,75.434932,-79.969208,42.268697,15.022667,65.577354,24.449569,23.908114,1.463812,223.900075
1.420000,0.894685,59.963965,-34.358953,0.775993,59.962041,-31.527044,0.649043,59.919860,-36.672823,0.465696,59.880322,-35.562831,0.403999,59.904408,-28.673135,0.387662,59.922265,-25.432500,0.410450,59.899211,-32.851630,0.428478,59.896828,-34.640700,0.747469,59.948328,-35.575483,0.374927,59.998757,-16.209188,0.377415,59.968140,-19.509419,0.367956,59.957791,-20.472336,0.393968,59.948486,-21.115352,0.454680,59.888221,-30.783140,0.584989,59.885071,-38.172304,0.664046,59.907705,-37.167824,0.665499,59.912473,-37.315223,0.656911,59.910512,-37.952030,0.742555,59.974238,-26.038402,0.727111,59.965842,-27.234652,0.698400,59.911046,-36.415029,0.756319,59.929088,-32.189509,0.747606,59.923821,-33.826804,0.681140,59.901839,-38.314713,0.780717,59.967578,-28.932766,0.717023,59.955451,-31.395754,0.683103,59.925261,-36.265119,0.723312,59.998165,-23.757402,0.733532,60.026413,-18.421239,0.880299,59.991660,-28.275944,0.299095,60.753152,30.681682,0.349456,60.699752,32.986096,0.741658,60.018796,-16.905039,0.794183,59.989372,-18.704547,0.811539,59.948147,-25.778762,0.803426,59.946059,-29.464314,0.793751,59.996392,-17.767564,0.753416,60.087082,-5.565428,0.952221,59.968877,-35.521568,0.999622,1.009845,1.009428,1.000454,0.999255,0.999590,1.001832,1.000507,-128.249029,0.000000,-1.724597,-66.346430,-77.015239,-64.109851,-44.773679,-123.655582,267.846847,291.407375,110.094600,265.850737,2.841953,245.188773,277.633210,132.450951,553.099209,237.478581,219.759575,264.180316,200.381366,121.809947,240.916958,181.102953,250.397230,2.303403,988.742731,1.996374,107.237914,39.554946,89.635497,33.345583,117.230882,27.256999,25.148915,90.715316,99.671667,75.117818,-78.928792,42.223216,14.897619,64.730357,24.264279,23.759032,1.151701,223.900075
1.440000,0.887599,59.965063,-35.785595,0.763335,59.965285,-32.956908,0.631010,59.923119,-38.404507,0.440494,59.873834,-37.618717,0.375010,59.884056,-30.613417,0.357181,59.896930,-27.265523,0.383149,59.886804,-34.791189,0.402360,59.889201,-36.578634,0.734573,59.948100,-37.118495,0.341374,59.971315,-17.502741,0.345014,59.940098,-21.025315,0.337424,59.930040,-22.062088,0.362373,59.921219,-22.770592,0.427694,59.872997,-32.820992,0.564554,59.885978,-40.164070,0.646474,59.911519,-38.984741,0.647847,59.916746,-39.095820,0.639067,59.914675,-39.747061,0.728091,59.975335,-27.390456,0.715314,59.967062,-28.646836,0.682471,59.915738,-38.204181,0.742508,59.933431,-33.850834,0.733861,59.928631,-35.523798,0.664131,59.906341,-40.170720,0.767636,59.970647,-30.323800,0.700509,59.960405,-32.865078,0.665804,59.930599,-37.949372,0.706813,60.003371,-24.918769,0.717574,60.030925,-19.382746,0.872920,59.994901,-29.493340,0.263228,60.875503,35.455183,0.316499,60.789957,37.239825,0.729667,60.017405,-17.948414,0.785480,59.988464,-19.957671,0.800417,59.951333,-27.308697,0.793111,59.950525,-31.003214,0.783520,59.996875,-18.963934,0.740109,60.089279,-6.101362,0.948600,59.968659,-36.919345,0.999608,1.010234,1.009813,1.000377,0.999132,0.999499,1.001727,1.000535,-132.746848,0.000000,-1.904933,-70.498567,-81.695675,-68.638864,-48.336991,-127.761166,262.647312,266.938656,96.060476,236.501620,2.389882,236.944623,272.949257,130.052011,549.831994,234.801866,218.630991,260.438203,199.957797,120.637714,237.500962,179.487116,248.511921,1.784085,988.742731,1.957620,98.233425,34.512746,79.740010,28.041279,113.289148,26.797146,24.693420,90.179451,98.548228,74.732048,-77.810766,42.133964,14.754253,63.812536,24.047788,23.580143,0.892042,223.900075
1.460000,0.880775,59.963779,-37.249821,0.751214,59.964298,-34.417242,0.613807,59.918302,-40.183531,0.416577,59.849181,-39.835514,0.347233,59.833698,-32.863947,0.327832,59.839274,-29.454372,0.357060,59.841178,-36.999562,0.377463,59.849860,-38.741732,0.722233,59.940191,-38.731580,0.308541,59.915862,-19.148243,0.313488,59.882128,-22.905853,0.307753,59.874066,-24.007310,0.331708,59.867446,-24.770663,0.401907,59.838466,-35.087218,0.545135,59.876678,-42.229436,0.629733,59.907831,-40.842599,0.631015,59.913645,-40.913461,0.622054,59.911037,-41.581776,0.714305,59.973153,-28.784493,0.704108,59.965372,-30.098395,0.667302,59.913509,-40.025453,0.729347,59.931959,-35.541910,0.720756,59.927328,-37.248510,0.647917,59.903262,-42.063090,0.755115,59.970052,-31.744128,0.684711,59.960577,-34.355117,0.649284,59.929649,-39.658222,0.691036,60.005323,-26.092320,0.702323,60.033071,-20.357543,0.865853,59.995468,-30.734230,0.228689,61.068481,41.365248,0.284476,60.923562,42.289153,0.718231,60.014819,-19.042604,0.777255,59.986266,-21.258316,0.789827,59.949985,-28.870994,0.783252,59.949953,-32.567537,0.773698,59.996119,-20.197519,0.727453,60.090887,-6.659439,0.945079,59.967149,-38.359250,0.999591,1.010778,1.010340,1.000306,0.999025,0.999434,1.001639,1.000545,-137.453092,0.000000,-2.090088,-74.884489,-86.627403,-73.403316,-52.143816,-132.060313,257.140519,242.072537,83.423881,208.153390,1.988063,228.417178,267.957819,127.502454,546.274892,231.890853,217.311096,256.405651,199.351354,119.317580,233.799128,177.648161,246.332515,1.346610,988.742436,1.916693,89.082735,29.972652,70.181986,23.326604,109.212108,26.307234,24.209389,89.596195,97.326574,74.280978,-76.605831,42.006245,14.592845,62.818026,23.801460,23.373412,0.673305,223.900094
1.480000,0.874049,59.960896,-38.784799,0.739284,59.960570,-35.951139,0.596957,59.908211,-42.074735,0.393358,59.809315,-42.349150,0.319952,59.755149,-35.656860,0.298869,59.748215,-32.259796,0.331418,59.769660,-39.709919,0.353010,59.787609,-41.350476,0.710076,59.928112,-40.476477,0.275627,59.823932,-21.402692,0.282061,59.788020,-25.413666,0.278244,59.784441,-26.554690,0.301276,59.782423,-27.346602,0.376743,59.786164,-37.733752,0.526226,59.860702,-44.445939,0.613347,59.899712,-42.801271,0.614529,59.906145,-42.827443,0.605395,59.902612,-43.518299,0.700782,59.969265,-30.256097,0.693145,59.962249,-31.622822,0.652440,59.907319,-41.935011,0.716423,59.927158,-37.312989,0.707886,59.922564,-39.052669,0.632032,59.895794,-44.051773,0.742813,59.967292,-33.232652,0.669192,59.958114,-35.910066,0.633079,59.925131,-41.444273,0.675563,60.005741,-27.313070,0.687386,60.034245,-21.375596,0.858903,59.993986,-32.034462,0.195093,61.376817,49.097489,0.253006,61.118778,48.510463,0.707017,60.011878,-20.210990,0.769246,59.983580,-22.631151,0.779409,59.945959,-30.509394,0.773539,59.946508,-34.203537,0.764021,59.994823,-21.493062,0.715134,60.092614,-7.259675,0.941595,59.964664,-39.868788,0.999571,1.011480,1.011011,1.000242,0.998932,0.999394,1.001567,1.000535,-142.435981,0.000000,-2.285748,-79.568372,-91.871222,-78.459314,-56.254064,-136.628293,251.229995,216.526051,71.872068,182.057267,1.625091,219.464870,262.572728,124.758186,542.368731,228.696897,215.783626,252.014694,198.564245,117.831904,229.751244,175.566176,243.840314,0.980021,988.742731,1.872522,79.681587,25.822300,61.383293,19.067730,104.931641,25.778417,23.688263,88.955381,95.985924,73.758767,-75.294085,41.840323,14.411096,61.730316,23.522458,23.136876,0.490011,223.900075
1.500000,0.867260,59.955638,-40.425651,0.727185,59.952194,-37.607833,0.579990,59.888338,-44.158725,0.370344,59.739021,-45.363186,0.292863,59.631166,-39.288715,0.270003,59.602462,-36.031965,0.305953,59.659863,-43.177678,0.328721,59.693222,-44.623745,0.697909,59.911011,-42.405343,0.242157,59.665682,-24.674073,0.250341,59.630601,-28.943520,0.248522,59.636208,-30.073043,0.270681,59.643121,-30.842970,0.351796,59.702909,-40.969944,0.507382,59.833146,-46.905762,0.596859,59.883884,-44.929043,0.597925,59.890828,-44.906592,0.588625,59.885520,-45.630590,0.687100,59.962374,-31.844221,0.682066,59.956566,-33.256202,0.637448,59.894352,-43.995478,0.703334,59.916756,-39.219324,0.694854,59.911983,-40.992876,0.616027,59.880721,-46.204468,0.730372,59.960737,-34.833146,0.653500,59.951004,-37.579102,0.616722,59.914290,-43.367131,0.659949,60.003441,-28.618203,0.672334,60.033701,-22.467867,0.851851,59.989537,-33.433097,0.163188,61.897483,59.870573,0.222291,61.418020,56.509054,0.695684,60.008111,-21.478863,0.761167,59.979920,-24.102208,0.768810,59.937464,-32.271958,0.763656,59.938375,-35.960549,0.754197,59.992270,-22.878048,0.702805,60.094510,-7.921182,0.938098,59.960994,-41.475603,0.999549,1.012345,1.011835,1.000187,0.998854,0.999378,1.001515,1.000506,-147.766148,0.000000,-2.497051,-84.616116,-97.490248,-83.865571,-60.729247,-141.542969,244.761538,191.930815,61.251893,157.866000,1.296453,209.906266,256.655094,121.747523,537.991158,225.131663,214.002948,247.149444,197.575129,116.139113,225.246197,173.185246,240.970708,0.685690,988.742731,1.824310,70.630540,22.006668,53.226851,15.211711,100.361434,25.197445,23.116618,88.237403,94.489566,73.150099,-73.840501,41.631902,14.204064,60.519886,23.203460,22.864593,0.342845,223.900075
1.520000,0.860347,59.949018,-42.204945,0.714770,59.941461,-39.429832,0.562782,59.863431,-46.502668,0.347647,59.645845,-49.078252,0.266383,59.454144,-44.137481,0.241729,59.385472,-41.254130,0.281034,59.506577,-47.719593,0.304898,59.564283,-48.821899,0.685740,59.890011,-44.569147,0.208449,59.399256,-29.631645,0.218739,59.377854,-34.103971,0.218961,59.403574,-35.111221,0.240293,59.428990,-35.755479,0.327279,59.590644,-45.026895,0.488545,59.799067,-49.687490,0.580129,59.864570,-47.280832,0.581052,59.872020,-47.206112,0.571602,59.864402,-47.978403,0.673057,59.954276,-33.581666,0.670683,59.950100,-35.028416,0.622185,59.878540,-46.256524,0.689944,59.903926,-41.305857,0.681527,59.898983,-43.114558,0.599758,59.862407,-48.574694,0.717639,59.952534,-36.582661,0.637432,59.942244,-39.401225,0.600026,59.901014,-45.473472,0.643960,60.000713,-30.036362,0.656935,60.033187,-23.658447,0.844602,59.983168,-34.966874,0.135789,62.723229,75.632871,0.193599,61.858016,67.177191,0.684042,60.004073,-22.869197,0.752855,59.976077,-25.694790,0.757909,59.926799,-34.199771,0.753494,59.928194,-37.879716,0.744074,59.989244,-24.377843,0.690267,60.097223,-8.659846,0.934574,59.956370,-43.207586,0.999522,1.013382,1.012820,1.000141,0.998789,0.999384,1.001484,1.000453,-153.517543,0.000000,-2.728515,-90.096321,-103.550796,-89.684539,-65.633026,-146.885949,237.670589,169.126608,51.680593,135.813652,1.006372,199.714817,250.138474,118.437055,533.044429,221.147966,211.938519,241.750743,196.361901,114.207177,220.213967,170.455735,237.662813,0.474769,988.742731,1.771458,62.238592,18.567878,45.791576,11.808096,95.488647,24.557668,22.488048,87.426076,92.817577,72.444439,-72.227539,41.376258,13.967784,59.167810,22.837759,22.550722,0.237385,223.900075
1.540000,0.853344,59.940957,-44.154101,0.702087,59.928087,-41.456555,0.545509,59.832876,-49.166751,0.325975,59.525847,-53.699102,0.241794,59.210344,-50.671806,0.215561,59.073158,-48.572711,0.257777,59.300004,-53.717181,0.282502,59.393925,-54.248125,0.673777,59.864788,-47.018796,0.176011,58.945812,-37.411431,0.188813,58.975736,-41.839530,0.190960,59.043184,-42.489702,0.211490,59.104990,-42.800024,0.304045,59.443679,-50.161839,0.469995,59.757759,-52.862492,0.563288,59.841389,-49.904576,0.564031,59.849361,-49.773887,0.554470,59.838854,-50.613693,0.658663,59.944548,-35.500245,0.658988,59.942638,-36.967285,0.606758,59.859572,-48.761134,0.676331,59.888282,-43.612897,0.667981,59.883226,-45.457737,0.583349,59.840560,-51.208217,0.704650,59.942445,-38.515318,0.620998,59.931660,-41.410234,0.583049,59.885110,-47.802816,0.627541,59.997539,-31.591875,0.641122,60.032689,-24.968371,0.837170,59.974733,-36.671440,0.119113,63.706191,98.194562,0.169793,62.456988,81.625735,0.672072,59.999184,-24.407890,0.744279,59.971795,-27.432627,0.746762,59.913498,-36.331662,0.743095,59.915548,-39.998719,0.733637,59.985373,-26.018762,0.677445,60.100732,-9.491128,0.931043,59.950745,-45.093115,0.999490,1.014598,1.013978,1.000104,0.998737,0.999409,1.001477,1.000376,-159.768011,0.000000,-2.983789,-96.080947,-110.122986,-95.983225,-71.031568,-152.743249,230.016574,148.697082,43.480801,116.594305,0.765436,189.058276,243.058377,114.846682,527.487658,216.758242,209.588102,235.842412,194.914758,112.023417,214.647462,167.346055,233.874279,0.365318,988.742731,1.714410,54.720526,15.621845,39.311490,8.981111,90.393488,23.862570,21.806332,86.514695,90.975175,71.641024,-70.462315,41.071324,13.700706,57.672183,22.421122,22.191246,0.182659,223.900075
1.560000,0.846208,59.927072,-46.315907,0.688969,59.900652,-43.756365,0.528130,59.773173,-52.269609,0.306191,59.346878,-59.518011,0.221074,58.871342,-59.466606,0.194014,58.633172,-58.790584,0.237851,59.017133,-61.632808,0.262911,59.161399,-61.273068,0.662234,59.831448,-49.815930,0.148012,58.171369,-49.895747,0.163536,58.344070,-53.541608,0.167064,58.482702,-53.399635,0.186666,58.604082,-53.007503,0.283189,59.219756,-56.748284,0.451771,59.660160,-56.620333,0.546100,59.764521,-52.967325,0.546632,59.784024,-52.751143,0.537071,59.775484,-53.669192,0.643467,59.909506,-37.689934,0.646553,59.915096,-39.147127,0.590905,59.766629,-51.720326,0.662158,59.782249,-46.388089,0.653868,59.785616,-48.249393,0.566552,59.759799,-54.282547,0.691175,59.919631,-40.692603,0.603800,59.899559,-43.687829,0.565446,59.837598,-50.464397,0.610203,59.981224,-33.339839,0.624404,60.022975,-26.441263,0.829434,59.958938,-38.596439,0.121633,64.022389,125.221566,0.155838,63.123755,100.612697,0.659377,59.980898,-26.153554,0.735065,59.956944,-29.365110,0.734877,59.784451,-38.974052,0.731962,59.831351,-42.517257,0.722666,59.975551,-27.841683,0.663926,60.102305,-10.437771,0.927521,59.943155,-47.163707,0.999451,1.016000,1.015317,1.000075,0.998696,0.999448,1.001495,1.000271,-166.598864,0.000000,-3.265207,-102.645036,-117.280420,-102.833029,-76.993045,-159.204902,221.772914,131.195215,37.018572,100.984246,0.585854,177.988245,235.293470,110.934729,521.052167,211.866801,206.868918,229.312815,193.189990,109.513068,208.396856,163.724864,229.437609,0.380936,988.742731,1.652966,48.279839,13.300086,34.048328,6.874025,85.100630,23.100241,21.063556,85.459193,88.922198,70.711558,-68.511476,40.707891,13.393685,55.992750,21.935953,21.770271,0.190468,223.900075
1.580000,0.838904,59.914829,-48.740018,0.675252,59.878510,-46.415004,0.510731,59.725155,-55.962199,0.289779,59.174362,-66.843926,0.207457,58.552306,-70.916201,0.181286,58.230434,-72.370711,0.223947,58.743216,-71.812561,0.248338,58.930839,-70.206295,0.651448,59.797090,-53.027370,0.131250,57.312256,-68.902423,0.148609,57.705436,-70.300471,0.152094,57.909441,-68.830163,0.170320,58.088379,-67.280078,0.266629,59.008354,-65.169632,0.434193,59.593497,-61.212263,0.528493,59.722651,-56.696979,0.528740,59.744968,-56.327010,0.519367,59.733439,-57.319476,0.626887,59.890746,-40.270365,0.632800,59.901286,-41.665409,0.574663,59.726917,-55.426940,0.647496,59.743225,-49.980637,0.639228,59.748449,-51.808978,0.549325,59.719326,-58.040550,0.676956,59.902904,-43.190568,0.585381,59.881089,-46.338886,0.546879,59.810211,-53.601957,0.591327,59.975322,-35.346898,0.606151,60.021566,-28.127519,0.821263,59.943573,-40.804889,0.146410,63.242077,149.169973,0.158080,63.360987,122.684213,0.645359,59.971162,-28.178393,0.724661,59.948964,-31.555436,0.722246,59.743278,-42.562317,0.720045,59.799118,-45.726129,0.710869,59.968028,-29.895256,0.649157,60.107936,-11.521071,0.924033,59.934908,-49.453942,0.999405,1.017590,1.016849,1.000049,0.998660,0.999498,1.001543,1.000133,-174.094256,0.000000,-3.572957,-109.866915,-125.100331,-110.309509,-83.586531,-166.365006,212.973923,117.507968,32.816982,90.099336,0.485568,166.747621,226.775597,106.679144,513.301229,206.455798,203.756557,222.109357,191.123076,106.569345,201.275687,159.388384,224.086983,0.551945,988.742731,1.587384,43.242932,11.790532,30.378320,5.697328,79.726207,22.263987,20.255534,84.187940,86.651156,69.647696,-66.359309,40.272363,13.033661,54.079411,21.354949,21.262575,0.275973,223.900075
1.600000,0.831917,59.901475,-51.438514,0.661958,59.853909,-49.424684,0.494911,59.674095,-60.195416,0.279796,59.026956,-75.506345,0.205655,58.401030,-84.192095,0.182942,58.121118,-87.868992,0.220205,58.580937,-83.719328,0.242438,58.768042,-80.728516,0.642419,59.761500,-56.674319,0.135375,57.216637,-91.389117,0.151768,57.598490,-89.782004,0.152926,57.740592,-87.030426,0.169163,57.881021,-84.291258,0.257983,58.843376,-75.126046,0.419212,59.526256,-66.468385,0.512129,59.679348,-60.913646,0.511954,59.704067,-60.371983,0.502957,59.689311,-61.462040,0.610375,59.869681,-43.175950,0.618960,59.886371,-44.468161,0.559521,59.687134,-59.597512,0.633755,59.704873,-54.027468,0.625436,59.711691,-55.810891,0.533270,59.678071,-62.272220,0.663046,59.884331,-45.997806,0.567067,59.861107,-49.309547,0.528825,59.781218,-57.123491,0.572073,59.969412,-37.576619,0.587443,60.020504,-30.002715,0.813253,59.926036,-43.314403,0.187434,62.375848,166.431280,0.179149,63.001717,143.496738,0.631153,59.958628,-30.466478,0.714022,59.939874,-33.988745,0.710437,59.704142,-46.612829,0.708526,59.766966,-49.341915,0.698984,59.958465,-32.192927,0.633967,60.114445,-12.740779,0.920763,59.925786,-51.989025,0.999348,1.019366,1.018577,1.000024,0.998627,0.999551,1.001624,0.999956,177.660541,0.000000,-3.904077,-117.827092,-133.662361,-118.491048,-90.879851,-174.320453,204.500554,109.551320,31.729515,85.868603,0.490898,156.730230,218.347166,102.487309,504.830212,201.047123,200.552885,214.934611,188.855637,103.380753,193.831586,154.541797,218.054317,0.904582,988.742731,1.524228,40.314886,11.399826,28.951866,5.759865,74.936641,21.436515,19.459616,82.798585,84.381092,68.552623,-64.215720,39.794581,12.643689,52.079305,20.705600,20.690163,0.452291,223.900075
1.620000,0.825562,59.887087,-54.440122,0.649659,59.826781,-52.825400,0.481742,59.623435,-64.999878,0.278735,58.961872,-85.096323,0.218453,58.549225,-97.438188,0.201361,58.438554,-102.403048,0.229482,58.646140,-96.014110,0.248038,58.766165,-91.944773,0.636048,59.727973,-60.772787,0.162366,58.084920,-110.037452,0.175265,58.203653,-106.849153,0.172320,58.204116,-103.723871,0.186503,58.224090,-100.510276,0.260039,58.805943,-85.942385,0.408084,59.466078,-72.385635,0.497869,59.636293,-65.645526,0.497116,59.662760,-64.917455,0.488767,59.645235,-66.126692,0.594460,59.845757,-46.448378,0.605445,59.869766,-47.588044,0.546201,59.648174,-64.255060,0.621521,59.667379,-58.550602,0.613079,59.675393,-60.279227,0.519211,59.637441,-67.002510,0.649948,59.863612,-49.150728,0.549348,59.838925,-52.636199,0.511924,59.750574,-61.064100,0.552717,59.962491,-40.055214,0.568501,60.018845,-32.089966,0.805731,59.905625,-46.165067,0.238233,61.831352,178.685754,0.216105,62.439312,160.339465,0.617139,59.942684,-33.062011,0.703447,59.928976,-36.697506,0.699888,59.666950,-51.140548,0.697814,59.733612,-53.397687,0.687348,59.946160,-34.773629,0.618489,60.121202,-14.114273,0.917874,59.915919,-54.795352,0.999280,1.021316,1.020500,0.999997,0.998594,0.999602,1.001738,0.999738,168.583089,0.000000,-4.251671,-126.603691,-143.043926,-127.455086,-98.936366,176.833697,197.102485,108.721771,34.459300,89.881871,0.623297,149.029344,210.600163,98.670485,495.908473,195.998151,197.458865,208.286603,186.499016,100.047301,186.397851,149.238758,211.380677,1.461361,988.742731,1.469087,40.009612,12.380587,30.304999,7.313347,71.254655,20.675943,18.734902,81.335307,82.261998,67.495030,-62.229504,39.298007,12.236001,50.081985,19.995096,20.056932,0.730680,223.900075
1.640000,0.820223,59.872392,-57.767424,0.639067,59.798744,-56.647044,0.472459,59.581385,-70.356367,0.288348,59.026613,-94.805974,0.245545,58.929514,-108.700645,0.234651,58.970318,-113.736496,0.252303,58.930226,-107.024876,0.266342,58.953926,-102.526454,0.633325,59.701860,-65.302901,0.205812,59.015192,-121.945300,0.214787,58.974928,-118.708559,0.207279,58.905334,-115.945525,0.220256,58.850027,-112.969256,0.274313,58.941176,-96.473756,0.402133,59.428151,-78.866394,0.486721,59.600013,-70.881964,0.485217,59.626723,-69.961074,0.477877,59.607748,-71.304029,0.579810,59.820106,-50.122045,0.592781,59.852050,-51.053224,0.535560,59.615768,-69.388082,0.611516,59.635914,-63.540587,0.602886,59.644325,-65.209143,0.508124,59.603595,-72.219593,0.638288,59.841742,-52.679044,0.532833,59.815515,-56.349191,0.496952,59.720950,-65.443124,0.533607,59.954209,-42.809800,0.549605,60.016030,-34.414212,0.799117,59.882535,-49.395226,0.294635,61.532110,-172.027031,0.264059,61.992282,173.346622,0.603796,59.923128,-36.008739,0.693323,59.916073,-39.713880,0.691163,59.637070,-56.127227,0.688458,59.702115,-57.907849,0.676382,59.930934,-37.676250,0.602885,60.127587,-15.660524,0.915558,59.905705,-57.894718,0.999198,1.023414,1.022605,0.999963,0.998555,0.999643,1.001888,0.999473,158.598107,0.000000,-4.603932,-136.268627,-153.316311,-137.274291,-107.811141,167.008344,191.699715,116.350757,41.653771,103.637117,0.901856,144.820504,204.282656,95.620381,486.965476,191.769301,194.747393,202.802653,184.220005,96.720525,179.437525,143.579252,204.155390,2.235223,988.742731,1.428818,42.817079,14.965427,34.942783,10.581774,69.242303,20.055714,18.155769,79.868542,80.487115,66.568200,-60.591071,38.817787,11.829129,48.211862,19.236832,19.371358,1.117611,223.900075
1.660000,0.816352,59.858724,-61.431082,0.631046,59.773132,-60.896261,0.468369,59.560141,-76.163848,0.308886,59.216792,-103.699550,0.284033,59.364773,-117.120888,0.278637,59.472222,-121.519418,0.286704,59.308232,-115.723372,0.296330,59.261009,-111.396371,0.635215,59.689671,-70.196331,0.258821,59.653832,-128.685558,0.264452,59.572882,-125.962381,0.252603,59.496556,-123.751282,0.265499,59.426123,-121.264032,0.300293,59.209884,-105.622550,0.402574,59.431737,-85.678511,0.479820,59.581289,-76.541939,0.477385,59.605533,-75.437949,0.471475,59.587350,-76.915441,0.567317,59.795535,-54.211878,0.581685,59.834833,-54.879177,0.528596,59.599416,-74.922684,0.604609,59.619009,-68.931451,0.595743,59.626557,-70.542503,0.501118,59.586781,-77.844730,0.628829,59.820984,-56.595718,0.518299,59.793449,-60.460876,0.484854,59.697730,-70.244685,0.515214,59.944518,-45.864654,0.531135,60.011505,-37.000342,0.793937,59.857820,-53.034051,0.353777,61.372548,-164.453086,0.318829,61.707984,-176.352443,0.591790,59.900257,-39.345775,0.684196,59.901312,-43.065955,0.684963,59.622958,-61.497781,0.681184,59.678167,-62.848968,0.666631,59.913157,-40.934625,0.587374,60.132692,-17.400199,0.914034,59.895801,-61.300933,0.999103,1.025625,1.024871,0.999915,0.998504,0.999664,1.002071,0.999157,147.642617,0.000000,-4.943381,-146.883293,-164.540158,-148.012051,-117.546416,156.125281,189.270348,133.515401,53.786772,128.288136,1.339376,145.134651,200.257764,93.778501,478.666526,188.907605,192.761367,199.228163,182.246031,93.617062,173.555934,137.734272,196.545698,3.222629,988.742730,1.410710,49.133667,19.324589,43.254237,15.715351,69.392505,19.660564,17.806044,78.507406,79.286038,65.889340,-59.523126,38.401842,11.449569,46.631576,18.453718,18.649310,1.611315,223.900074
1.680000,0.814443,59.847877,-65.424250,0.626573,59.754726,-65.543095,0.470663,59.572582,-82.221783,0.338983,59.478628,-111.107120,0.330183,59.744782,-122.864962,0.329152,59.862860,-126.422132,0.329444,59.668803,-121.977823,0.335390,59.589959,-118.152379,0.642462,59.697076,-75.334522,0.316735,60.064451,-132.156564,0.319668,59.984297,-130.022857,0.303834,59.920738,-128.307616,0.317565,59.858905,-126.294634,0.335759,59.527886,-112.810833,0.410270,59.492074,-92.457582,0.478353,59.592928,-82.449686,0.474800,59.610904,-81.197025,0.470742,59.596267,-82.791022,0.558161,59.776421,-58.699551,0.573133,59.820628,-59.059843,0.526394,59.610507,-80.700422,0.601794,59.626833,-74.580968,0.592670,59.631956,-76.147694,0.499369,59.599318,-83.708248,0.622469,59.804710,-60.886490,0.506704,59.776841,-64.952227,0.476730,59.688588,-75.397447,0.498169,59.933490,-49.238055,0.513614,60.004508,-39.872380,0.790821,59.833369,-57.093619,0.413272,61.289508,-157.901399,0.377129,61.544175,-167.771527,0.582049,59.874914,-43.101955,0.676830,59.885112,-46.773804,0.682114,59.634196,-67.103571,0.676900,59.669232,-68.141978,0.658783,59.893806,-44.571511,0.572261,60.135166,-19.356802,0.913523,59.887045,-65.016515,0.998992,1.027900,1.027261,0.999846,0.998435,0.999657,1.002284,0.998786,135.671601,0.000000,-5.246749,-158.493951,-176.760588,-159.717528,-128.166830,144.122831,190.636689,160.801040,71.018637,164.336507,1.937754,150.559652,199.390528,93.565226,471.974572,187.987457,191.885149,198.322615,180.855733,91.023317,169.477011,131.969334,188.826453,4.388609,988.742730,1.420894,59.174783,25.515678,55.408477,22.736314,71.986333,19.575422,17.765549,77.409840,78.899844,65.589832,-59.252577,38.108886,11.132348,45.535638,17.681328,17.916866,2.194304,223.900074
1.700000,0.814987,59.841676,-69.719487,0.626646,59.748590,-70.513930,0.480166,59.626069,-88.251131,0.376282,59.751368,-116.795299,0.380575,60.043056,-126.483880,0.382811,60.150363,-129.233509,0.377214,59.966460,-126.152709,0.380413,59.881444,-122.932397,0.655391,59.726329,-80.565143,0.376381,60.338859,-133.568427,0.377129,60.267949,-131.971134,0.357666,60.218965,-130.647172,0.372857,60.170152,-129.020967,0.377785,59.829846,-117.999737,0.425531,59.610281,-98.781602,0.483387,59.644254,-88.342357,0.478532,59.652007,-87.004257,0.476655,59.643209,-88.678326,0.553773,59.767848,-63.524316,0.568351,59.812419,-63.561543,0.530003,59.657633,-86.483374,0.604083,59.667017,-80.275391,0.594718,59.668354,-81.821691,0.503957,59.650455,-89.555233,0.620172,59.796671,-65.503437,0.499136,59.770618,-69.763332,0.473737,59.701437,-80.765216,0.483245,59.921251,-52.940475,0.497686,59.994087,-43.053676,0.790453,59.811621,-61.562472,0.471036,61.249476,-151.981151,0.436214,61.457306,-160.246096,0.575772,59.848575,-47.290126,0.672220,59.868145,-50.846156,0.683492,59.677156,-72.731640,0.676629,59.682153,-73.648262,0.653642,59.874400,-48.592914,0.557918,60.133340,-21.557901,0.914219,59.880273,-69.030519,0.998867,1.030181,1.029725,0.999743,0.998338,0.999608,1.002524,0.998358,122.663297,0.000000,-5.485962,-171.127756,169.997150,-172.421120,-139.675347,130.961462,196.196523,198.135432,93.107343,211.419462,2.685226,161.004931,202.349307,95.271716,468.121475,189.491964,192.470526,200.686974,180.341043,89.274129,167.948041,126.647030,181.386921,5.453085,988.742730,1.462334,72.913839,33.451740,71.283190,31.506646,76.980482,19.865904,18.089566,76.777882,79.531298,65.789925,-59.958974,38.000434,10.918419,45.124829,16.968243,17.210964,2.726543,223.900074
1.720000,0.818577,59.840585,-74.270958,0.632438,59.755778,-75.700576,0.497687,59.720656,-93.947902,0.419000,60.030775,-120.782628,0.433224,60.313354,-128.415197,0.437738,60.405552,-130.460504,0.428089,60.251098,-128.587702,0.429492,60.169270,-125.964526,0.674408,59.777048,-85.725151,0.435989,60.569990,-133.535005,0.435003,60.509968,-132.402270,0.412273,60.471076,-131.380158,0.429304,60.431568,-130.057625,0.424256,60.115671,-121.374721,0.448599,59.778523,-104.269074,0.496092,59.737615,-93.913591,0.489768,59.731736,-92.578521,0.490262,59.730489,-94.283863,0.555945,59.770578,-68.589829,0.568910,59.810526,-68.325589,0.540622,59.743865,-91.989358,0.612661,59.742014,-85.761347,0.603107,59.738467,-87.318728,0.516067,59.743328,-95.084542,0.623120,59.797209,-70.370990,0.496964,59.775089,-74.799928,0.477266,59.739674,-86.159794,0.471445,59.901215,-56.987102,0.484177,59.972239,-46.581361,0.793661,59.792843,-66.406942,0.525603,61.259950,-146.412473,0.493935,61.443951,-153.294530,0.574502,59.818954,-51.910070,0.671660,59.848856,-55.282059,0.690157,59.753585,-78.138638,0.681567,59.718160,-79.189330,0.652225,59.853112,-52.991562,0.544773,60.119938,-24.047222,0.916361,59.875910,-73.318307,0.998728,1.032403,1.032201,0.999592,0.998203,0.999507,1.002781,0.997875,108.622869,0.000000,-5.630612,175.209303,155.730223,173.868467,-152.051157,116.628237,206.019798,244.665824,118.883400,266.950095,3.561437,176.000840,209.608530,99.081098,468.575772,193.802519,194.807729,206.753158,181.000349,88.763894,169.749534,122.256671,174.761089,6.300827,988.742731,1.535551,90.037023,42.712599,90.006162,41.787524,84.150401,20.578588,18.812867,76.852396,81.340473,66.588824,-61.771358,38.139359,10.856016,45.608860,16.380020,16.582269,3.150414,223.900075
1.740000,0.826900,59.845917,-79.025595,0.647091,59.780019,-80.991302,0.527043,59.861281,-98.978582,0.470584,60.330679,-122.816692,0.491699,60.584682,-128.529301,0.497484,60.661481,-129.979907,0.486026,60.542536,-129.056278,0.486625,60.465713,-127.002254,0.702636,59.849658,-90.642396,0.498553,60.798637,-131.996209,0.496513,60.749278,-131.246114,0.471624,60.717816,-130.470564,0.489878,60.683513,-129.409739,0.478038,60.402204,-122.855175,0.482806,59.996995,-108.529560,0.520168,59.881729,-98.811637,0.512261,59.859160,-97.593280,0.515353,59.866325,-99.268732,0.568470,59.788405,-73.803637,0.578010,59.818308,-73.292054,0.561726,59.879871,-96.878455,0.630688,59.861727,-90.734190,0.621033,59.852795,-92.342189,0.539333,59.888302,-99.938423,0.634339,59.808589,-75.417255,0.503500,59.794862,-79.974200,0.490975,59.813366,-91.356692,0.464960,59.864800,-61.486443,0.474802,59.926413,-50.605289,0.802421,59.777111,-71.600005,0.578924,61.327473,-140.661987,0.550878,61.497434,-146.286975,0.581328,59.782045,-57.007324,0.677653,59.825471,-60.102156,0.704777,59.872220,-83.029173,0.694432,59.785424,-84.566597,0.656805,59.826929,-57.793990,0.533558,60.081497,-26.969658,0.920702,59.874389,-77.845460,0.998577,1.034518,1.034632,0.999371,0.998013,0.999336,1.003041,0.997340,93.581524,0.000000,-5.651772,160.528938,140.455573,159.161926,-165.252874,101.136728,221.238889,295.946854,144.885745,324.032989,4.453570,196.483729,222.549461,105.675948,475.822150,201.856386,199.474633,217.696502,183.409472,90.288338,176.560360,119.775752,169.992903,6.981072,988.742731,1.648986,108.908442,52.054759,109.252502,52.255222,93.943783,21.849081,20.065053,78.040894,84.720746,68.184056,-65.040886,38.646996,11.042459,47.438816,16.047625,16.129838,3.490536,223.900075
1.760000,0.841009,59.866996,-83.867903,0.672710,59.842361,-86.136366,0.569722,60.048384,-102.974924,0.531499,60.593148,-123.048399,0.556701,60.801824,-127.130854,0.562939,60.863876,-128.095681,0.551437,60.773281,-127.896214,0.551947,60.704073,-126.361653,0.740123,59.947820,-95.113359,0.565210,60.979916,-129.223205,0.562731,60.938478,-128.791354,0.537052,60.914445,-128.208888,0.555557,60.886399,-127.367346,0.539729,60.650633,-122.636461,0.529709,60.251172,-111.238325,0.558084,60.084210,-102.599429,0.548408,60.045190,-101.618616,0.554001,60.057039,-103.218261,0.595226,59.848888,-78.901068,0.599276,59.860281,-78.253381,0.595913,60.075926,-100.711059,0.660722,60.038320,-94.784765,0.651021,60.026854,-96.470794,0.576209,60.093890,-103.666557,0.656270,59.851576,-80.440757,0.521823,59.862949,-84.995701,0.517784,59.949154,-95.944522,0.466569,59.842240,-66.395122,0.471988,59.878983,-55.171422,0.818293,59.780095,-77.022696,0.632587,61.388355,-134.639979,0.607895,61.552120,-139.072999,0.599929,59.762528,-62.497673,0.693342,59.814488,-65.236962,0.729777,60.039770,-87.040174,0.717517,59.910953,-89.401846,0.669716,59.812957,-62.930911,0.525645,60.024169,-30.448467,0.927599,59.879287,-82.549174,0.998418,1.036490,1.036966,0.999048,0.997747,0.999074,1.003278,0.996761,77.589344,0.000000,-5.525711,144.848426,124.199415,143.478811,-179.229968,84.520321,240.594536,346.915371,168.963556,377.610625,5.265672,221.162097,240.765021,114.744683,491.622252,213.453601,206.287000,233.126161,187.663326,94.384545,189.026196,120.395668,168.534308,7.517866,988.742731,1.793251,127.664857,60.705469,127.316992,61.783885,105.743128,23.637417,21.786965,80.632312,89.588190,70.512647,-69.650784,39.543344,11.543434,50.788177,16.130682,15.991439,3.758933,223.900075
1.780000,0.860265,59.896277,-88.673527,0.708058,59.914302,-90.929771,0.622975,60.190563,-105.944250,0.598909,60.733450,-122.068414,0.625772,60.907113,-124.807967,0.631897,60.957736,-125.378829,0.621382,60.889582,-125.726050,0.622146,60.830427,-124.644849,0.783871,60.048572,-99.006982,0.634416,61.053536,-125.765513,0.631882,61.019253,-125.598525,0.606651,60.998804,-125.172496,0.624609,60.973980,-124.518364,0.607085,60.771688,-121.332242,0.587277,60.383287,-112.776422,0.608124,60.182941,-105.505842,0.596363,60.158871,-104.742655,0.604048,60.184806,-106.191372,0.635734,59.892897,-83.773866,0.632846,59.895717,-83.083351,0.642053,60.118833,-103.930130,0.701747,60.018252,-98.558121,0.691836,60.031684,-100.215601,0.625050,60.183493,-106.544157,0.688216,59.905345,-85.251199,0.551361,59.937459,-89.634520,0.556474,60.056425,-99.802550,0.476857,59.849076,-71.499177,0.476519,59.858382,-60.131601,0.840816,59.799319,-82.504355,0.686149,61.391916,-128.568884,0.664389,61.550411,-131.850692,0.630723,59.753196,-68.243551,0.719379,59.807872,-70.587171,0.763922,59.930390,-91.198165,0.749006,59.906844,-94.022360,0.691333,59.815563,-68.252992,0.521734,59.979726,-34.458331,0.936740,59.890012,-87.347352,0.998257,1.038281,1.039151,0.998590,0.997385,0.998699,1.003461,0.996162,60.713433,0.000000,-5.235658,128.185686,106.993844,126.844190,166.070361,66.834112,260.141580,391.212920,188.514680,421.290641,5.932289,246.065200,260.752242,124.525519,513.328479,226.263501,213.556926,249.946676,192.780688,100.438211,205.023457,124.290451,170.876574,7.905771,988.742731,1.938943,143.966355,67.729825,142.044354,69.605529,117.649924,25.599688,23.644086,84.192410,94.964608,72.997640,-74.676227,40.621645,12.283810,55.086374,16.652507,16.213685,3.952886,223.900075
1.800000,0.883432,59.947929,-93.283471,0.751041,60.031236,-95.117420,0.683166,60.366334,-107.853514,0.668718,60.863073,-120.258378,0.695015,60.995207,-121.939646,0.700634,61.035979,-122.192125,0.691538,60.979815,-122.971897,0.692646,60.928325,-122.281406,0.829788,60.153180,-102.268817,0.702882,61.122195,-121.934723,0.700516,61.091520,-121.997418,0.676745,61.076961,-121.691378,0.693635,61.058237,-121.188037,0.676445,60.896433,-119.271702,0.652355,60.580859,-113.189491,0.667870,60.388462,-107.339648,0.653676,60.356763,-106.785778,0.662599,60.376062,-108.074443,0.689431,60.020572,-88.070427,0.678960,60.003774,-87.450523,0.698103,60.334811,-106.188233,0.752213,60.231106,-101.567452,0.741938,60.248092,-103.111039,0.683485,60.395643,-108.345454,0.728933,60.004996,-89.583946,0.591571,60.091416,-93.496817,0.605606,60.247395,-102.626543,0.497411,59.932936,-76.336723,0.490496,59.895853,-65.109648,0.868864,59.854738,-87.804020,0.737798,61.391707,-122.626709,0.718069,61.550229,-124.765328,0.673931,59.808181,-73.883059,0.756607,59.850278,-75.886400,0.806486,60.129591,-94.913499,0.788309,60.113754,-97.875162,0.721599,59.853082,-73.516343,0.524025,59.942856,-38.876057,0.947421,59.909236,-92.144935,0.998102,1.039848,1.041115,0.997983,0.996925,0.998211,1.003559,0.995584,43.041974,0.000000,-4.773929,110.565934,88.883379,109.296006,150.705701,48.164737,276.081848,423.681818,201.693554,450.666085,6.398117,267.068872,278.577070,133.156442,536.686836,237.432139,219.325895,264.656883,197.448189,107.588099,221.944517,131.705480,177.896353,8.139901,988.742731,2.057753,155.914909,72.464750,151.948718,75.071239,127.692305,27.349664,25.282869,88.023478,99.652175,74.969579,-79.071175,41.605154,13.158257,59.632780,17.645977,16.879760,4.069950,223.900075
1.820000,0.908551,60.004091,-97.556044,0.798334,60.144207,-98.521150,0.745810,60.493205,-108.757159,0.736491,60.924764,-117.878719,0.760296,61.027711,-118.749752,0.765172,61.062026,-118.740052,0.757450,61.011217,-119.896609,0.758818,60.966065,-119.547240,0.873627,60.236700,-104.924753,0.766924,61.142375,-117.890246,0.764828,61.113942,-118.162973,0.743211,61.103465,-117.941922,0.758833,61.089403,-117.551100,0.743707,60.957212,-116.657571,0.720666,60.708611,-112.532201,0.733349,60.540858,-107.959991,0.716513,60.506175,-107.651215,0.725554,60.516457,-108.842493,0.753993,60.142879,-91.503907,0.736192,60.112627,-91.069926,0.759885,60.509641,-107.095768,0.808107,60.423311,-103.151418,0.797369,60.441236,-104.566764,0.747466,60.554817,-108.882088,0.775868,60.107241,-93.229533,0.640486,60.245016,-96.277845,0.662274,60.407828,-104.236529,0.529001,60.069700,-80.367480,0.515598,59.995980,-69.585791,0.900269,59.928346,-92.674212,0.785590,61.372546,-116.838756,0.766316,61.526417,-117.853893,0.728354,59.889004,-79.057481,0.804511,59.914348,-80.832827,0.854297,60.329695,-97.203382,0.832290,60.324381,-100.231222,0.759349,59.910691,-78.473156,0.535162,59.949351,-43.442159,0.958659,59.932238,-96.849888,0.997964,1.041148,1.042791,0.997249,0.996393,0.997627,1.003536,0.995091,24.685759,0.000000,-4.144100,92.033622,69.935741,90.893781,134.737456,28.640284,285.736034,442.153622,208.205564,465.023418,6.648954,280.953985,290.561043,139.053631,555.278843,244.159778,221.655861,273.997753,200.248894,114.589371,236.745274,142.151703,189.724606,8.234112,988.740188,2.129544,162.713939,74.805196,156.791096,78.018190,134.331519,28.526146,26.402532,91.070852,102.475698,75.765784,-81.861959,42.194698,14.014320,63.609235,19.045352,18.001827,4.117104,223.898667
1.840000,0.931958,60.046214,-101.496862,0.843207,60.214708,-101.299005,0.802937,60.533783,-109.132984,0.795003,60.897575,-115.457383,0.815067,60.987816,-115.655420,0.819148,61.019557,-115.413131,0.812399,60.967811,-116.934359,0.813863,60.927944,-116.885195,0.910064,60.281886,-107.161973,0.820409,61.097073,-114.000977,0.818575,61.069713,-114.472333,0.799312,61.060705,-114.318415,0.813814,61.049067,-114.016424,0.801858,60.931264,-113.998516,0.783758,60.722882,-111.459559,0.795654,60.582826,-107.967755,0.776285,60.553033,-107.891462,0.784526,60.558181,-109.035853,0.819897,60.209079,-94.301939,0.796213,60.171440,-94.122980,0.818580,60.571197,-107.231821,0.861041,60.513278,-103.784368,0.849825,60.527144,-105.086852,0.808203,60.598471,-108.777237,0.822196,60.173540,-96.295741,0.690516,60.336152,-98.216167,0.718176,60.475842,-105.091730,0.566340,60.198089,-83.425766,0.547670,60.116702,-73.231605,0.930513,59.995798,-97.046322,0.825751,61.326842,-111.322735,0.804902,61.468466,-111.281403,0.785794,59.961114,-83.687581,0.856467,59.968412,-85.362883,0.899704,60.446230,-98.398156,0.873993,60.447811,-101.429562,0.799430,59.965093,-83.033815,0.553748,60.007094,-47.748447,0.968944,59.952993,-101.418151,0.997854,1.042137,1.044111,0.996460,0.995855,0.996999,1.003362,0.994757,5.779555,0.000000,-3.360969,72.673146,50.258294,71.731555,118.231199,8.438958,288.383297,447.765208,209.391351,467.503358,6.716993,286.355829,294.635105,141.398960,562.411782,245.394482,221.661074,276.382253,200.614468,119.825256,246.398278,153.016133,203.383457,8.239523,988.742732,2.149441,164.777596,75.230425,157.625652,78.812710,136.913881,28.926183,26.847904,92.242699,102.994035,75.767786,-82.574347,42.272335,14.654888,66.203097,20.501191,19.298113,4.119761,223.900075
1.860000,0.938991,60.035496,-105.667306,0.854890,60.181991,-104.710540,0.812594,60.447739,-111.104057,0.802466,60.770174,-115.228216,0.822176,60.869239,-114.508367,0.825989,60.903910,-113.981012,0.820337,60.842732,-115.978228,0.822330,60.805260,-116.183894,0.920147,60.257316,-109.828480,0.825454,60.986225,-111.957524,0.824147,60.957115,-112.647109,0.804735,60.946853,-112.602288,0.818720,60.935233,-112.411873,0.806556,60.811215,-113.473912,0.783451,60.604371,-112.817981,0.792114,60.479041,-110.133182,0.777892,60.454983,-110.093053,0.789239,60.460680,-111.142879,0.833792,60.173573,-97.847906,0.813452,60.126034,-98.034936,0.796340,60.476915,-109.565777,0.820017,60.431757,-106.041278,0.818394,60.434962,-107.404121,0.800691,60.490741,-111.003991,0.834667,60.145991,-99.887657,0.697341,60.283332,-101.090089,0.723036,60.389767,-107.594496,0.570879,60.195434,-86.359144,0.551458,60.141922,-76.200622,0.940981,59.995268,-101.507678,0.832867,61.263501,-106.891007,0.807188,61.390517,-105.934036,0.803119,60.005217,-88.148694,0.876837,59.965305,-90.090355,0.825817,60.381296,-100.316935,0.852518,60.336485,-103.525671,0.816466,59.975143,-87.541935,0.556041,60.069162,-50.725620,0.973425,59.952984,-106.001220,0.997775,1.042737,1.044989,0.995743,0.995392,0.996411,1.003090,0.994609,-13.514808,0.000000,-2.446300,52.633819,30.014055,51.954946,101.274487,-12.212559,288.383552,447.800154,209.391221,467.503193,6.716864,286.346372,294.594758,141.453457,562.437040,245.383842,221.661444,276.382583,200.614362,120.388323,247.004812,154.227028,204.888510,8.239477,988.739100,2.149212,164.790994,75.230650,157.626113,78.812773,136.909446,28.922015,26.858138,92.244848,102.989371,75.767695,-82.574623,42.271819,14.723555,66.365756,20.663217,19.440654,4.119759,223.898658
1.880000,0.949791,60.017929,-109.513431,0.877242,60.134760,-107.538780,0.837690,60.336391,-112.213172,0.819804,60.623352,-114.171266,0.833857,60.746238,-112.683292,0.836722,60.787894,-111.886468,0.831640,60.711330,-114.376260,0.833929,60.674234,-114.850441,0.929805,60.219722,-112.148148,0.835425,60.877019,-109.252771,0.834354,60.845290,-110.158656,0.816153,60.830970,-110.197720,0.830609,60.816848,-110.095740,0.823613,60.672276,-112.093303,0.812460,60.443607,-112.928254,0.825005,60.333891,-111.074123,0.808367,60.321623,-111.181565,0.817775,60.330364,-112.193129,0.873025,60.103643,-100.909218,0.851007,60.052373,-101.433455,0.829904,60.330158,-110.469792,0.853225,60.311239,-107.136691,0.850118,60.310304,-108.451630,0.833308,60.336806,-111.863524,0.859147,60.102271,-102.994510,0.724469,60.210688,-103.241365,0.752564,60.274565,-109.093237,0.593167,60.184493,-88.978015,0.571560,60.164195,-79.151042,0.957294,59.990356,-105.547724,0.838501,61.254516,-101.864704,0.808031,61.351237,-100.125948,0.838200,59.979599,-92.482328,0.911774,59.935131,-94.557464,0.859693,60.293729,-101.675787,0.877777,60.264212,-104.926404,0.841623,59.968086,-91.841335,0.569663,60.131818,-54.215914,0.977817,59.951518,-110.429651,0.997731,1.042908,1.045397,0.995139,0.995044,0.995908,1.002712,0.994667,-33.002746,0.000000,-1.421307,32.140957,9.427298,31.774533,84.010161,-33.050503,288.383149,447.800149,209.391345,467.503366,6.717036,286.592097,294.652397,141.504791,562.435898,245.394452,221.661020,276.382093,200.614097,122.268949,249.893863,159.828988,212.496471,8.239491,988.739040,2.149329,164.790444,75.230374,157.625584,78.812781,137.026765,28.927692,26.867922,92.245447,102.993834,75.767606,-82.574485,42.272039,14.953657,67.142108,21.413889,20.162696,4.119730,223.899057
1.900000,0.950039,59.963937,-113.587481,0.879241,60.025622,-110.933212,0.833655,60.149060,-114.429616,0.800425,60.403611,-114.462647,0.807627,60.565415,-111.967977,0.809195,60.620851,-110.824943,0.805384,60.512383,-113.977963,0.808660,60.471656,-114.731912,0.919536,60.127460,-114.918885,0.806511,60.734568,-107.466816,0.805781,60.693904,-108.631184,0.787509,60.673837,-108.791803,0.803757,60.656309,-108.801652,0.803076,60.471579,-111.966248,0.806713,60.205539,-114.536802,0.825734,60.112907,-113.397555,0.808314,60.109986,-113.567947,0.816208,60.121319,-114.514421,0.884912,59.990398,-104.618472,0.865303,59.940084,-105.491540,0.830752,60.103509,-112.797919,0.854167,60.109992,-109.475429,0.851257,60.101353,-110.795937,0.834095,60.104284,-114.187621,0.862790,60.002415,-106.610856,0.726684,60.062542,-106.217850,0.754054,60.077230,-111.768962,0.594957,60.109302,-91.911021,0.573295,60.140626,-82.080511,0.961420,59.938990,-109.765194,0.809976,61.279296,-96.780375,0.775462,61.355760,-94.428277,0.851306,59.937349,-96.961388,0.928542,59.879065,-99.286022,0.860400,60.129414,-104.016121,0.879679,60.098410,-107.313906,0.851153,59.930412,-96.252678,0.571430,60.197887,-57.147662,0.977665,59.933016,-114.878526,0.997717,1.042618,1.045338,0.994693,0.994829,0.995531,1.002283,0.994903,-52.476095,0.000000,-0.296683,11.448224,-11.253930,11.430132,66.596163,-53.796408,288.382916,447.800275,209.391860,467.504316,6.713786,286.591631,294.651936,141.504563,562.434726,245.393830,221.660531,276.381921,200.613794,122.396989,250.002675,160.254098,213.123267,8.239536,988.738800,2.150036,164.791367,75.230800,157.626603,78.774113,137.027451,28.928454,26.868267,92.246755,102.994364,75.768050,-82.573628,42.272451,14.969609,67.172032,21.471103,20.222454,4.119688,223.899534
1.920000,0.936808,59.861905,-118.174050,0.854306,59.828829,-115.408708,0.790557,59.830056,-118.477085,0.729891,60.039536,-116.882568,0.727454,60.271707,-112.983068,0.726830,60.354847,-111.341010,0.726115,60.183212,-115.512455,0.731779,60.133027,-116.595103,0.883856,59.958490,-118.612944,0.721724,60.528968,-106.939081,0.721551,60.466376,-108.477617,0.701847,60.435946,-108.817739,0.721597,60.411878,-108.974515,0.729794,60.144659,-113.756587,0.753804,59.811262,-118.442920,0.783457,59.745056,-117.853813,0.767257,59.757457,-117.998448,0.774222,59.771177,-118.861772,0.860833,59.798993,-109.398472,0.848977,59.754764,-110.584520,0.788125,59.721007,-117.333562,0.812486,59.762809,-113.800157,0.811935,59.740516,-115.205849,0.792389,59.715765,-118.762078,0.838662,59.825205,-111.199594,0.694580,59.815423,-110.619939,0.717450,59.752182,-116.338502,0.566736,59.991148,-95.534752,0.547496,60.109187,-85.184997,0.949576,59.825297,-114.527173,0.729024,61.395198,-91.173136,0.694357,61.474306,-88.248578,0.835495,59.855517,-101.833495,0.921072,59.777368,-104.523960,0.817630,59.837831,-108.002127,0.850782,59.794329,-111.407441,0.839172,59.854371,-101.020891,0.554293,60.314720,-59.345870,0.971811,59.891764,-119.472385,0.997723,1.041937,1.044914,0.994401,0.994728,0.995292,1.001889,0.995253,-71.734248,0.000000,0.932223,-9.185746,-31.784885,-8.830237,49.216330,-74.195551,288.299971,440.913259,205.815157,460.695074,6.514433,284.675387,294.396681,141.209151,562.433566,245.282122,221.659709,276.329833,200.613472,120.163922,246.301335,153.121675,203.312634,8.109702,988.738322,2.151727,162.261241,73.947471,155.334781,76.438560,136.114679,28.906196,26.813427,92.249655,102.950318,75.769944,-82.555109,42.273376,14.697189,66.179471,20.515925,19.291916,4.054661,223.900145
1.940000,0.910251,59.789020,-123.316668,0.802875,59.695255,-121.014794,0.709222,59.593523,-124.489880,0.608206,59.740339,-121.668785,0.591768,60.054801,-115.799953,0.587451,60.178014,-113.408811,0.593164,59.925212,-119.132228,0.603080,59.860805,-120.631325,0.823725,59.823314,-123.345923,0.578185,60.452189,-107.369631,0.579129,60.352112,-109.501938,0.558487,60.306004,-110.117504,0.581883,60.269825,-110.489297,0.602995,59.884968,-117.628260,0.654998,59.506377,-124.843601,0.699611,59.484388,-124.542999,0.686520,59.512301,-124.547774,0.692979,59.520185,-125.340600,0.801600,59.683576,-115.240830,0.802339,59.625234,-116.753758,0.703916,59.459174,-124.157547,0.730272,59.540860,-120.129856,0.734055,59.506635,-121.710299,0.709629,59.440057,-125.700185,0.787541,59.716346,-116.758472,0.629554,59.696735,-116.286970,0.644228,59.552608,-122.756662,0.511036,60.053373,-99.284056,0.497248,60.247023,-87.815219,0.921807,59.738922,-119.935787,0.590528,61.848933,-83.420520,0.562579,61.967622,-79.726802,0.791282,59.834196,-107.050828,0.889129,59.712942,-110.293615,0.734008,59.672207,-113.579814,0.792874,59.619308,-117.126117,0.805773,59.824856,-106.100770,0.522063,60.512547,-60.296862,0.960236,59.854493,-124.267520,0.997729,1.041127,1.044389,0.994215,0.994692,0.995175,1.001644,0.995624,-90.650698,0.000000,2.279199,-29.583183,-52.004644,-28.828533,32.031627,-94.096790,280.951443,396.304701,181.387466,410.830313,5.491962,267.751358,285.366062,136.436823,562.433570,238.307710,218.643559,269.324168,200.514691,113.184673,232.575440,136.350080,181.174217,7.109360,988.737983,2.098538,145.847889,65.172008,138.524471,64.442764,128.025069,28.021414,25.908106,92.252679,100.024822,74.740374,-80.460086,42.253366,13.843886,62.492539,18.268729,17.191069,3.554379,223.900666
1.960000,0.891526,59.780850,-128.344082,0.770870,59.685068,-126.350022,0.658144,59.553779,-130.097703,0.512188,59.586827,-126.845891,0.472337,59.888605,-119.297710,0.462246,60.024415,-116.119670,0.476348,59.781812,-123.358088,0.490749,59.724285,-125.245147,0.771062,59.773672,-128.307230,0.448604,60.335660,-108.279036,0.451127,60.216547,-111.084231,0.435191,60.154013,-112.036593,0.460593,60.099485,-112.690384,0.504828,59.694135,-122.076828,0.608874,59.451615,-130.426508,0.676885,59.489482,-129.990072,0.654922,59.510594,-130.085612,0.653837,59.506267,-130.974969,0.784138,59.657449,-120.631204,0.788614,59.615896,-122.323460,0.709639,59.511355,-129.213043,0.765638,59.599915,-125.035053,0.756786,59.571664,-126.633355,0.693428,59.465299,-131.093431,0.757112,59.710481,-122.062899,0.596401,59.710057,-121.438136,0.611464,59.564902,-128.274471,0.479342,60.099875,-102.980313,0.467862,60.289995,-90.699285,0.904397,59.735860,-125.266896,0.447657,62.422016,-72.715031,0.431424,62.583992,-68.168951,0.776382,59.770270,-112.285311,0.879709,59.696181,-115.815100,0.818720,59.702824,-118.697349,0.809396,59.667224,-122.279431,0.784410,59.815657,-111.117290,0.502426,60.516293,-61.954772,0.949587,59.842660,-129.086533,0.997727,1.040560,1.044087,0.994081,0.994683,0.995146,1.001578,0.995979,-109.258661,0.000000,3.747514,-49.741210,-71.927198,-48.549789,15.092329,-113.535883,270.248462,331.881801,140.848033,327.784252,3.923458,253.876644,280.695775,132.057737,562.209145,239.133034,220.367501,266.572704,199.461296,108.362339,223.708583,125.212566,166.373369,5.042957,988.742731,2.014276,122.132506,50.604085,110.517299,46.035248,121.384773,27.557672,25.074255,92.209463,100.366056,75.325620,-79.643560,42.029345,13.252948,60.106756,16.776053,15.786398,2.521479,223.900075
1.980000,0.865286,59.795507,-133.650283,0.722373,59.721561,-132.227207,0.584770,59.587249,-136.899200,0.401914,59.474446,-133.946301,0.343112,59.639284,-124.667844,0.326658,59.747542,-120.594184,0.353780,59.636382,-129.027488,0.373469,59.623193,-131.174192,0.715351,59.764749,-133.712428,0.302079,60.037672,-110.586737,0.308776,59.905889,-114.303481,0.300838,59.821304,-115.809271,0.322010,59.744549,-116.973592,0.386840,59.444072,-128.963143,0.524210,59.451500,-138.093623,0.606809,59.549153,-137.139319,0.585482,59.575475,-137.060325,0.582750,59.563424,-138.014736,0.730566,59.700283,-126.668230,0.744606,59.660114,-128.667144,0.645390,59.590153,-136.120724,0.709147,59.678144,-131.309750,0.700946,59.654903,-133.088764,0.625404,59.536676,-138.365348,0.709274,59.757200,-127.711253,0.538014,59.805953,-126.846990,0.547231,59.658659,-134.732556,0.431588,60.245039,-105.360733,0.426638,60.410950,-91.825511,0.876894,59.755920,-130.879488,0.304048,63.593489,-54.135343,0.298287,63.836248,-48.123432,0.734443,59.798670,-117.575182,0.846825,59.723428,-121.669269,0.771939,59.768720,-124.290723,0.767863,59.743830,-128.080862,0.749926,59.843720,-116.103826,0.479873,60.535060,-61.941240,0.936861,59.839851,-134.038058,0.997712,1.040559,1.044298,0.994022,0.994694,0.995216,1.001729,0.996298,-127.742969,0.000000,5.319092,-69.813526,-91.722654,-68.134743,-1.699888,-132.702898,246.633208,226.023768,81.898557,203.771872,1.899723,218.467712,260.283002,120.632456,557.039196,227.060432,214.862479,250.051541,195.452757,97.786083,201.413171,106.240225,143.296188,2.380329,988.738449,1.840185,83.176874,29.424631,68.704692,22.290084,104.457199,25.555740,22.905859,91.364697,95.301096,73.445479,-74.705327,41.185725,11.959869,54.117591,14.234182,13.596733,1.190165,223.900353
2.000000,0.842335,59.750346,-139.179148,0.680486,59.627368,-138.449267,0.523802,59.342887,-144.649764,0.314222,58.564725,-145.164825,0.236347,58.069060,-137.217680,0.212300,57.934672,-133.168882,0.253413,58.265258,-140.917187,0.278051,58.449619,-142.441896,0.669416,59.576163,-140.098565,0.172048,57.863299,-122.014730,0.184975,57.813636,-126.542709,0.185354,57.792111,-128.493977,0.203738,57.790419,-129.993200,0.292147,58.312019,-141.264823,0.456070,59.076072,-147.227455,0.548312,59.310045,-144.973045,0.527134,59.362597,-144.657015,0.523359,59.340921,-145.777072,0.683945,59.591614,-133.027535,0.705673,59.582724,-135.211930,0.591401,59.334054,-143.583939,0.661043,59.399919,-138.116293,0.653343,59.399703,-140.025451,0.568343,59.298329,-146.246843,0.667853,59.687509,-133.576816,0.486764,59.739201,-132.285302,0.492015,59.526411,-141.443269,0.390526,60.345456,-107.020189,0.392478,60.531887,-92.246286,0.852765,59.717023,-136.655668,0.197720,66.514623,-20.606894,0.203521,66.670420,-12.877991,0.697463,59.727686,-123.132234,0.816756,59.680504,-127.665212,0.731559,59.435806,-130.497691,0.731546,59.530405,-134.277798,0.718950,59.810851,-121.226524,0.463650,60.607619,-61.722851,0.925423,59.812819,-139.193216,0.997685,1.041173,1.045077,0.994036,0.994736,0.995372,1.002056,0.996593,-146.368420,0.000000,6.971318,-90.027253,-111.638366,-87.802260,-18.520341,-151.868922,219.635136,138.167898,42.021174,112.949119,0.721154,180.653609,236.323612,107.663002,546.798405,212.025858,206.762475,230.032240,189.666741,86.318356,177.065159,87.929000,122.221699,1.006592,988.742731,1.637032,50.845786,15.097428,38.082462,8.461541,86.375007,23.201376,20.442342,89.681904,88.988955,70.675173,-68.726418,39.965492,10.556921,47.574447,11.780779,11.597050,0.503296,223.900075
2.020000,0.821914,59.704257,-145.242590,0.642934,59.526396,-145.658782,0.473750,59.086066,-154.645102,0.257424,57.344946,-165.212892,0.173844,55.198834,-168.229199,0.146757,53.945151,-169.970492,0.192111,55.949412,-167.972746,0.217551,56.625411,-165.949936,0.633896,59.390983,-148.060496,0.100047,49.920500,-175.544451,0.116342,51.732417,-173.073500,0.121543,52.589100,-171.662290,0.138515,53.308208,-170.214442,0.234859,56.777543,-164.671352,0.404850,58.710634,-159.706626,0.499235,59.098475,-155.055247,0.477177,59.157160,-154.305051,0.473404,59.121450,-155.635814,0.640680,59.492876,-140.507027,0.668623,59.520881,-142.582583,0.545782,59.132249,-153.497594,0.619454,59.190263,-147.631123,0.611959,59.204750,-149.458672,0.520191,59.098744,-156.373415,0.629755,59.608323,-140.250341,0.437253,59.629480,-138.722930,0.441382,59.376042,-149.627441,0.348752,60.358183,-108.505790,0.358148,60.578353,-92.230782,0.830713,59.668627,-142.969468,0.183608,68.140249,33.919058,0.200145,67.519286,38.845245,0.662402,59.654256,-129.491078,0.787023,59.641366,-134.209589,0.695174,59.201313,-139.926281,0.697918,59.351600,-142.688156,0.689036,59.766351,-126.840512,0.448223,60.641713,-61.216746,0.915404,59.783758,-144.722665,0.997636,1.042398,1.046431,0.994090,0.994776,0.995583,1.002552,0.996822,-165.408456,0.000000,8.686897,-110.623196,-131.933251,-107.787536,-35.561555,-171.318738,192.460402,92.732373,24.149701,69.144331,0.310090,146.750104,211.358081,94.337426,532.100688,195.834939,197.167863,208.760724,182.444273,73.298214,150.521197,70.123864,101.775184,0.868030,988.742731,1.434487,34.125513,8.676539,23.313031,3.638386,70.164893,20.750353,17.912170,87.271291,82.193496,67.395560,-62.371156,38.443615,8.964530,40.442528,9.395236,9.656975,0.434015,223.900075
2.040000,0.807023,59.667274,-151.818223,0.615722,59.443303,-153.729723,0.444814,58.920254,-166.324932,0.257622,57.313604,170.163665,0.204558,56.539092,155.746853,0.191461,56.506692,149.487985,0.212028,56.610384,158.967873,0.227770,56.819922,164.442169,0.615934,59.280771,-157.275950,0.178715,57.253146,137.570552,0.181992,56.881645,142.048363,0.177899,56.751611,145.168466,0.191495,56.675413,148.411921,0.245854,57.083655,167.707335,0.382135,58.540341,-174.197432,0.468688,58.967976,-166.461824,0.444563,59.012675,-165.341947,0.442251,58.973727,-166.956232,0.608035,59.409536,-148.814702,0.639601,59.473115,-150.526083,0.516451,59.023017,-164.556573,0.591694,59.084605,-158.251447,0.584030,59.102200,-159.955816,0.489785,58.982330,-167.710423,0.600446,59.536820,-147.671124,0.395719,59.492322,-146.260883,0.402931,59.229211,-159.055181,0.309056,60.333403,-110.288555,0.325361,60.600889,-92.229119,0.814220,59.626157,-149.823852,0.269026,64.629246,72.108280,0.284856,64.508623,74.765051,0.634786,59.577045,-136.598949,0.762533,59.604707,-141.229628,0.670355,59.101392,-150.446626,0.673242,59.244991,-152.129128,0.664110,59.715809,-133.020710,0.433428,60.666773,-60.758951,0.908159,59.759481,-150.666389,0.997559,1.044148,1.048274,0.994146,0.994782,0.995809,1.003214,0.996950,174.877236,0.000000,10.450453,-131.841405,-152.864573,-128.324212,-52.999389,168.662355,174.690528,92.875396,29.416667,75.792489,0.664313,130.782302,193.579444,84.909906,517.217489,183.739133,189.351758,193.265820,175.649299,60.918960,127.669368,55.068715,83.993776,1.863551,988.742731,1.302041,34.178146,10.568862,25.554556,7.794601,62.530288,19.004912,16.122134,84.830257,77.116789,64.723874,-57.741765,37.011817,7.450520,34.302624,7.378138,7.969780,0.931775,223.900075
2.060000,0.799041,59.646833,-158.863922,0.601453,59.401563,-162.506325,0.440690,58.957116,-178.618512,0.308181,58.591671,151.818978,0.291908,59.117829,138.884491,0.290364,59.414624,134.530197,0.289592,58.902221,140.871901,0.295224,58.712605,145.632944,0.618585,59.301424,-166.986944,0.295991,60.084229,128.395425,0.292899,59.839755,130.610023,0.280103,59.700896,132.562536,0.294642,59.570539,134.788091,0.309525,58.747737,149.715833,0.389537,58.749735,171.473428,0.459384,58.995074,-178.424378,0.432249,59.002789,-177.143050,0.433071,58.983958,-178.960709,0.588775,59.363329,-157.848878,0.620971,59.449094,-158.991202,0.505550,59.048146,-176.110620,0.579561,59.099391,-169.393320,0.571571,59.110024,-170.998671,0.479840,59.012724,-179.546578,0.581864,59.486626,-155.799851,0.363822,59.323602,-155.227173,0.379073,59.110299,-169.733264,0.270441,60.264489,-112.720662,0.292799,60.615259,-92.381429,0.804878,59.596382,-157.206367,0.380476,62.963337,92.441590,0.392417,63.026793,95.220158,0.616824,59.507991,-144.509644,0.745333,59.573402,-148.766830,0.658240,59.128491,-161.406035,0.659542,59.209319,-162.314906,0.645744,59.665562,-139.843676,0.418092,60.703586,-60.342900,0.904464,59.744574,-157.016794,0.997449,1.046264,1.050439,0.994171,0.994729,0.996012,1.004031,0.996953,154.280603,0.000000,12.244958,-153.882546,-174.647017,-149.608658,-70.959401,147.830616,172.035052,132.906521,54.876023,127.332141,1.646877,135.897271,187.823321,81.968154,506.102974,178.907244,185.516590,187.851722,170.783645,51.494055,113.009876,42.167485,68.023180,3.727401,988.742731,1.282249,48.909600,19.715936,42.931909,19.323361,64.975882,18.439797,15.563574,83.007335,75.088807,63.412943,-56.124202,35.986554,6.297834,30.363864,5.649624,6.454404,1.863700,223.900075
2.080000,0.798750,59.652868,-166.219583,0.601622,59.433928,-171.518464,0.459898,59.219253,170.179644,0.380288,59.657048,141.993860,0.387870,60.216767,133.245346,0.392206,60.419672,130.608178,0.380535,60.056876,133.907936,0.380873,59.881263,137.299722,0.640274,59.445467,-176.244617,0.405522,60.805570,127.894262,0.399602,60.670371,128.896714,0.380151,60.591297,130.142526,0.397505,60.513194,131.681103,0.390190,59.847534,141.268181,0.421094,59.226507,159.811099,0.471294,59.204752,170.484212,0.440635,59.181048,171.650379,0.445544,59.197525,169.837050,0.585828,59.378011,-167.173240,0.615536,59.462697,-167.706584,0.513586,59.215773,173.060014,0.584066,59.221773,-179.986176,0.575825,59.224936,178.427333,0.490604,59.212761,169.462056,0.575595,59.488738,-164.326333,0.344120,59.208528,-165.434526,0.371903,59.127051,179.100045,0.233193,60.136745,-116.180417,0.260254,60.614354,-92.799465,0.803873,59.593622,-164.963223,0.485276,62.342092,105.849182,0.492726,62.444828,109.288702,0.611257,59.461983,-153.069532,0.738031,59.553873,-156.741652,0.659854,59.234673,-171.764040,0.658938,59.240847,-172.536858,0.635632,59.632017,-147.235985,0.401863,60.743547,-59.956322,0.904649,59.742425,-163.704929,0.997307,1.048539,1.052710,0.994134,0.994597,0.996158,1.004997,0.996822,132.673278,0.000000,14.049774,-176.881359,162.575006,-171.772902,-89.490172,126.015074,184.142200,202.376432,94.754294,211.931171,3.033463,158.010785,195.163441,85.946844,502.630356,182.487062,186.850223,193.704453,169.044279,46.068075,108.775202,31.351914,53.741635,5.689107,988.742731,1.372488,74.474527,34.043459,71.455721,35.592637,75.548906,19.160423,16.319021,82.437781,76.591285,63.868803,-57.872814,35.620045,5.634225,29.226077,4.200548,5.099295,2.844553,223.900075
2.100000,0.807352,59.683532,-173.692593,0.618227,59.540318,179.771486,0.500348,59.633905,161.309204,0.459740,60.442452,138.025870,0.480816,60.879403,132.730500,0.487809,61.013256,131.223134,0.471952,60.797357,132.577609,0.470430,60.663257,134.902560,0.679414,59.655921,175.582951,0.503122,61.238629,130.543426,0.496296,61.159420,130.834471,0.472546,61.106027,131.645671,0.491980,61.048991,132.737828,0.473544,60.569921,138.434019,0.471446,59.832110,151.922673,0.504407,59.611904,161.518602,0.470012,59.555205,162.344583,0.479088,59.593886,160.738147,0.603162,59.489221,-176.240449,0.627223,59.544349,-176.305551,0.541389,59.600249,164.107908,0.606604,59.573167,171.001891,0.598430,59.557885,169.337807,0.522322,59.617407,160.547687,0.584160,59.547351,-172.848489,0.340699,59.204197,-176.245655,0.384136,59.337070,168.651328,0.198427,59.784441,-121.656330,0.227352,60.485508,-93.958139,0.812864,59.617924,-172.888242,0.575589,62.191759,116.688588,0.577885,62.289444,120.883300,0.621922,59.459155,-162.042450,0.744223,59.560905,-165.018628,0.676585,59.596854,179.430215,0.674152,59.460702,177.989972,0.636277,59.610473,-155.076085,0.383804,60.756172,-59.660524,0.909143,59.751102,-170.635033,0.997139,1.050771,1.054875,0.994005,0.994369,0.996218,1.006102,0.996568,110.019025,0.000000,15.839767,159.105013,138.739950,165.128448,-108.553044,103.135796,207.463371,285.784789,138.973528,308.820727,4.466256,189.914309,214.198400,95.964853,509.969127,194.107452,193.516735,209.787152,171.408269,45.156654,116.048806,22.700319,41.012410,6.942815,988.742731,1.546311,105.168802,49.930609,104.123464,52.404072,90.802779,21.029205,18.221175,83.641434,81.468456,66.147539,-62.677820,36.118171,5.522756,31.180373,3.041402,3.891477,3.471408,223.900075
2.120000,0.826919,59.744979,178.924518,0.654581,59.718374,171.857011,0.563235,60.069397,155.289639,0.549424,60.932971,138.240795,0.577285,61.243916,135.518070,0.584842,61.334256,134.766926,0.569807,61.205519,134.996040,0.568549,61.104577,136.509823,0.736703,59.902572,168.849913,0.597714,61.474691,135.287782,0.591623,61.424357,135.151901,0.566708,61.386543,135.650130,0.585772,61.343199,136.392688,0.563201,61.003457,139.287656,0.541473,60.356905,147.784525,0.561292,60.053702,155.346072,0.522800,59.986835,155.704991,0.535716,60.034996,154.435055,0.646228,59.671202,175.487973,0.661472,59.685941,175.645080,0.592315,60.019964,157.737511,0.650906,59.946299,164.217171,0.642946,59.929540,162.428117,0.577633,60.061653,154.420944,0.611472,59.673170,179.048088,0.358616,59.377642,173.297125,0.419321,59.691965,160.016668,0.168215,59.132279,-131.369922,0.192555,60.189770,-97.042958,0.834397,59.678184,179.243595,0.657357,62.140188,126.904561,0.652997,62.225540,131.733501,0.654165,59.505952,-171.136138,0.768875,59.601020,-173.391526,0.712457,59.936133,172.674955,0.708558,59.739403,169.930856,0.651460,59.621461,-163.225441,0.361579,60.762162,-59.534637,0.918793,59.773920,-177.691310,0.996954,1.052832,1.056785,0.993755,0.994033,0.996159,1.007334,0.996216,86.357509,0.000000,17.583420,134.079611,113.852770,141.100605,-128.041317,79.193597,237.864226,359.935356,174.718280,389.241051,5.574587,226.733658,242.184715,110.618667,528.708329,212.317576,204.575082,233.674964,178.332003,50.030783,137.694064,16.314094,29.418830,7.715614,988.742731,1.772901,132.456211,62.773035,131.238362,65.408484,108.407030,23.776797,21.003544,86.714901,89.111392,69.927483,-69.814749,37.577101,6.118873,36.996092,2.185772,2.791416,3.857807,223.900075
2.140000,0.853473,59.823201,171.908053,0.702845,59.895884,165.162665,0.635037,60.315166,151.597722,0.636794,61.047621,140.227530,0.666932,61.280410,139.337155,0.674044,61.347205,139.118452,0.661746,61.257744,138.614139,0.661437,61.182772,139.519038,0.798528,60.102756,163.571542,0.682646,61.450921,140.471528,0.678005,61.413103,140.034515,0.653851,61.383175,140.305756,0.671310,61.348369,140.783251,0.648965,61.086137,141.638957,0.619458,60.542459,146.047530,0.631403,60.240286,151.427871,0.588229,60.210137,151.414473,0.603658,60.269234,150.507859,0.708303,59.813376,168.377290,0.713904,59.805129,168.500799,0.657842,60.138366,153.384046,0.710055,59.984945,159.065538,0.701805,60.008704,157.284565,0.646304,60.236411,150.540396,0.651818,59.823606,171.881147,0.392597,59.639495,164.581297,0.469177,59.972175,153.790445,0.147089,58.640166,-145.800465,0.157734,59.992873,-102.535285,0.864500,59.767775,171.795634,0.728064,61.981311,136.171976,0.715350,62.079868,141.660300,0.704182,59.589489,-179.814506,0.809876,59.659358,178.495853,0.762705,59.837432,166.997953,0.755177,59.833953,163.399239,0.679182,59.687139,-171.215581,0.336604,60.852066,-59.364499,0.931606,59.808497,175.285400,0.996766,1.054621,1.058327,0.993389,0.993604,0.995967,1.008678,0.995827,61.779400,0.000000,19.241645,108.084473,87.963507,116.182905,-147.808042,54.253157,263.859299,410.526029,196.884120,439.453558,6.268653,257.399675,268.479218,124.457849,549.408566,229.897151,214.981965,255.979566,186.848700,59.961717,165.591717,12.473552,19.740852,8.106280,988.742731,1.966653,151.073579,70.736810,148.168249,73.552201,123.069219,26.358294,23.631237,90.110004,96.489680,73.484744,-76.478665,39.371690,7.333447,44.491725,1.671214,1.873118,4.053140,223.900075
2.160000,0.878549,59.895342,165.281722,0.747312,60.033393,159.391485,0.695481,60.427322,148.785715,0.703108,61.000691,141.959952,0.732641,61.184157,142.497376,0.738945,61.239533,142.701080,0.729511,61.157887,141.600216,0.730204,61.098599,142.040588,0.848367,60.211420,159.164498,0.742753,61.342447,144.785343,0.739750,61.305104,144.082438,0.716925,61.282336,144.173593,0.732774,61.256561,144.443917,0.713300,61.041777,143.651532,0.685065,60.621473,144.739668,0.694140,60.382120,148.222552,0.646274,60.356594,148.012979,0.662744,60.398004,147.450222,0.769867,59.961213,162.064129,0.768238,59.923570,161.987936,0.718332,60.319322,149.614784,0.765980,60.208499,154.362159,0.757016,60.229859,152.747059,0.708049,60.384744,147.339416,0.690680,59.958629,165.565560,0.426196,59.893704,157.521955,0.515273,60.177239,148.942381,0.133093,58.616611,-161.720250,0.124897,60.068045,-108.285535,0.893628,59.861357,164.864032,0.778400,61.790213,143.884306,0.754700,61.935218,150.283587,0.756166,59.725170,172.161040,0.854938,59.745238,170.749658,0.811614,60.087912,161.322958,0.799327,60.102009,157.786707,0.709696,59.783700,-178.726310,0.313982,61.011546,-58.286780,0.943829,59.842094,168.366700,0.996592,1.056022,1.059379,0.992973,0.993139,0.995675,1.010132,0.995481,36.429211,0.000000,20.770970,81.223819,61.185044,90.465233,-167.663771,28.457874,278.538395,434.662604,206.140130,460.386365,6.572135,274.761143,284.333818,133.174138,560.663905,240.279774,220.381268,269.079773,193.122175,70.130088,187.906703,10.212780,12.377168,8.227510,988.742731,2.076063,159.955838,74.062322,155.226054,77.113055,131.370172,27.914840,25.286229,91.956023,100.847350,75.330324,-80.392596,40.693601,8.577061,50.487388,1.368314,1.174412,4.113755,223.900075
2.180000,0.895560,59.922034,158.883892,0.776373,60.057735,154.011369,0.730833,60.362932,145.861727,0.734954,60.821577,142.616979,0.762094,61.001800,144.435561,0.767448,61.057891,145.034442,0.760625,60.964513,143.303638,0.762423,60.912951,143.356327,0.876705,60.221976,154.987726,0.765530,61.176117,147.921521,0.764401,61.133200,146.927507,0.742228,61.111482,146.863066,0.757330,61.089124,146.966556,0.742665,60.876319,144.661151,0.722450,60.501832,142.973215,0.733327,60.315480,144.982500,0.681721,60.294315,144.608752,0.698239,60.327366,144.299990,0.814669,59.982579,156.160025,0.810023,59.927997,155.732718,0.756868,60.284930,146.077014,0.802352,60.229578,150.277990,0.792791,60.241934,148.778481,0.746740,60.316714,144.116808,0.716281,59.995226,159.697707,0.445839,59.938121,151.287100,0.543155,60.148942,144.418160,0.117799,58.856873,-176.341462,0.093986,61.175821,-109.468292,0.914182,59.906082,158.308251,0.801063,61.638169,150.246107,0.761039,61.832702,157.916686,0.795830,59.800813,164.773456,0.892172,59.776982,163.305113,0.844608,60.163672,156.611948,0.828652,60.181334,153.200360,0.733418,59.848402,174.240752,0.299252,61.325740,-55.460123,0.952479,59.859922,161.527686,0.996445,1.056942,1.059858,0.992622,0.992736,0.995357,1.011703,0.995251,10.505054,0.000000,22.128393,53.689304,33.711481,64.108639,172.629094,2.032299,284.071916,441.879341,208.376850,465.440416,6.646944,281.205891,290.559357,136.925736,562.436994,243.967868,221.625076,273.932260,196.220502,75.692838,199.782185,8.000498,7.008779,8.239523,988.742732,2.117307,162.611597,74.865934,156.930101,77.990805,134.451567,28.526042,25.998558,92.246841,102.395275,75.755482,-81.842365,41.346463,9.257398,53.678132,1.071911,0.665031,4.119761,223.900074
2.200000,0.899530,59.901362,152.400002,0.781241,59.986496,148.297360,0.730678,60.181066,141.856293,0.720351,60.572709,141.591815,0.743237,60.795216,144.871495,0.747346,60.865449,145.929159,0.743386,60.736973,143.384418,0.746822,60.684744,143.067975,0.877519,60.164053,150.504285,0.737755,61.012812,149.789085,0.739031,60.958539,148.439014,0.716094,60.930980,148.196216,0.731873,60.905769,148.129693,0.724497,60.650442,144.127387,0.719305,60.254272,139.676857,0.737010,60.105624,140.518190,0.683037,60.087605,140.007787,0.698954,60.121232,139.936423,0.829796,59.901871,149.859729,0.827091,59.838966,148.995263,0.761926,60.092732,141.477852,0.808518,60.087430,145.507653,0.798707,60.087972,144.044969,0.750766,60.098378,139.626190,0.718798,59.941764,153.611304,0.440174,59.791671,144.420467,0.541330,59.946566,138.804416,0.088151,58.621252,169.045523,0.067041,64.868228,-92.302026,0.920371,59.891444,151.743764,0.785736,61.626496,156.028549,0.722098,61.859568,165.277520,0.811657,59.807079,157.545749,0.910832,59.747975,155.741026,0.851804,60.078147,151.622263,0.834771,60.090437,148.316222,0.741257,59.868614,167.408512,0.299243,61.675985,-50.140509,0.955354,59.857786,154.667594,0.996330,1.057319,1.059773,0.992418,0.992461,0.995090,1.013418,0.995159,-15.757278,0.000000,23.286591,25.751646,5.808291,37.341537,153.349328,-24.744218,284.051482,438.921119,207.293540,463.370750,6.569265,280.758877,290.997686,136.989198,562.431941,244.281454,221.658621,274.287543,196.479436,74.118959,199.041205,4.480085,3.566163,8.234246,988.734323,2.117799,161.523926,74.476917,156.232901,77.078575,134.238740,28.569685,26.010926,92.245735,102.527415,75.767321,-81.947908,41.401356,9.064999,53.479482,0.600244,0.338377,4.117063,223.898249
2.220000,0.887581,59.848396,145.574328,0.756883,59.858334,141.750857,0.687990,59.923017,136.135732,0.647733,60.265307,138.469395,0.662171,60.583380,143.748722,0.664044,60.687054,145.449522,0.664565,60.487640,141.683386,0.670932,60.424750,140.949027,0.845992,60.056808,145.335613,0.644482,60.886732,150.589792,0.648844,60.810906,148.759395,0.624161,60.767522,148.254259,0.642141,60.730417,147.959632,0.646566,60.375816,141.709538,0.667318,59.917041,134.136381,0.698502,59.812070,134.092713,0.643769,59.794116,133.454855,0.658181,59.831020,133.640733,0.809477,59.767137,142.673134,0.814001,59.701584,141.344657,0.727457,59.816940,135.033269,0.779219,59.865091,139.260448,0.769576,59.852476,137.742575,0.713695,59.794349,133.100026,0.692960,59.836142,146.841618,0.404343,59.510455,135.820443,0.504344,59.638606,131.177032,0.039826,54.384134,140.057877,0.076616,66.359703,-49.864251,0.908988,59.834391,144.831938,0.714469,61.867398,162.748346,0.624301,62.161627,173.914243,0.798984,59.772423,150.124469,0.905809,59.683422,147.759950,0.828742,59.914788,145.572017,0.813832,59.920846,142.324730,0.727871,59.864927,160.562125,0.321130,61.791069,-43.238536,0.950987,59.837610,147.673622,0.996244,1.057177,1.059304,0.992369,0.992322,0.994930,1.015306,0.995174,-42.109539,0.000000,24.267705,-2.286679,-22.230394,10.433918,134.799779,-51.582610,277.076729,415.355434,197.388897,443.166111,6.067985,270.825387,285.166586,132.610931,562.436988,241.358893,221.019897,269.948913,193.431488,63.588591,182.918299,0.914460,4.657519,8.051157,988.742731,2.065168,152.850800,70.918167,149.419992,71.197689,129.488388,27.996598,25.179291,92.246831,101.300265,75.548619,-80.652267,40.758778,7.777022,49.147088,0.122520,0.441930,4.025578,223.900075
2.240000,0.861678,59.802320,138.338447,0.707665,59.757649,134.312352,0.608973,59.713221,128.631031,0.522701,60.003992,133.194180,0.521325,60.461188,141.381909,0.519038,60.619764,144.068093,0.527596,60.331336,138.451929,0.538736,60.249483,137.181075,0.785472,59.955894,139.340930,0.488356,60.884710,150.950748,0.496362,60.777049,148.432335,0.472426,60.699808,147.475574,0.491632,60.629740,146.783574,0.514175,60.117462,137.289048,0.574230,59.626408,126.212248,0.625091,59.591355,125.713005,0.571279,59.564401,124.913866,0.582926,59.601839,125.370265,0.759321,59.674796,134.595144,0.775004,59.602711,132.763857,0.660638,59.631555,126.837958,0.721077,59.732280,131.659876,0.711877,59.710645,130.005190,0.642585,59.573419,124.581726,0.643508,59.753126,139.332701,0.346407,59.181861,124.893011,0.440404,59.375592,121.382749,0.044810,49.962880,20.723855,0.134621,62.450273,-29.333380,0.882364,59.782915,137.469055,0.580327,62.551334,173.055454,0.473632,63.046355,-172.880309,0.762198,59.756165,142.461621,0.879700,59.637401,139.317135,0.781504,59.828265,138.557909,0.770999,59.834565,135.350722,0.695708,59.869492,153.682761,0.364216,61.614863,-36.976785,0.939753,59.813219,140.471567,0.996177,1.056758,1.058862,0.992439,0.992289,0.994910,1.017367,0.995244,-68.359020,0.000000,25.169559,-30.183494,-50.169244,-16.377836,117.240124,-78.265339,255.493970,340.181867,160.828898,367.766497,4.464229,240.935717,266.478873,120.665886,561.332754,230.497449,216.279294,254.977974,185.259684,46.682402,149.965951,1.157678,14.379531,6.996780,988.736388,1.906616,125.190188,57.783855,124.000594,52.380977,115.200543,26.164475,22.912362,92.069450,96.744024,73.930033,-76.176742,39.037977,5.709359,40.293921,0.155106,1.364407,3.498171,223.900077
2.260000,0.833002,59.774127,130.819440,0.655252,59.698567,126.374947,0.526422,59.602894,120.186929,0.392146,59.849379,126.638146,0.368945,60.412146,138.602047,0.360499,60.620874,142.662661,0.381815,60.360998,134.983187,0.398766,60.274387,133.080694,0.719648,59.901837,132.795269,0.318039,60.844882,151.380280,0.330555,60.727234,148.017450,0.314565,60.573239,146.212864,0.329114,60.419928,144.686437,0.374616,59.787859,130.938839,0.478704,59.406003,116.805302,0.548936,59.443500,116.407628,0.497058,59.412366,115.349810,0.505355,59.469372,116.105223,0.703910,59.619001,126.162116,0.730516,59.561881,123.837525,0.591358,59.471626,117.922165,0.660464,59.549824,123.504469,0.651623,59.551492,121.728595,0.568578,59.428454,115.193809,0.591255,59.688680,131.348235,0.292538,58.777039,111.480947,0.378252,59.153913,110.181212,0.115016,59.413575,-0.965014,0.203323,61.476459,-23.011545,0.852989,59.749678,129.793941,0.425545,63.680178,-169.703881,0.322462,64.716765,-149.958038,0.720055,59.732966,134.720843,0.847735,59.617787,130.694318,0.732141,59.586247,131.031082,0.725698,59.711405,128.053464,0.659105,59.852951,146.727127,0.415228,61.499782,-31.964379,0.926144,59.796393,133.064049,0.996119,1.056517,1.058885,0.992602,0.992340,0.995031,1.019558,0.995338,-94.476854,0.000000,26.127826,-57.871115,-77.945611,-43.008664,100.758825,-104.753657,220.933018,215.194199,95.392422,232.311302,2.077052,194.138274,236.612268,103.114689,553.951294,212.012143,206.410971,230.126256,173.296771,33.292345,112.520859,7.626868,32.801400,4.629153,988.742731,1.646706,79.191465,34.272726,78.327182,24.370742,92.822362,23.229715,19.578738,90.855069,88.983199,70.555023,-68.754507,36.516105,4.071726,30.232473,1.021852,3.112373,2.314576,223.900075
2.280000,0.804503,59.674365,122.626509,0.604830,59.464599,117.046933,0.450408,59.079612,108.938521,0.273752,58.315018,113.457894,0.221820,58.632614,129.046201,0.204415,58.873912,134.892291,0.242933,58.809440,125.820445,0.266476,58.875863,123.779643,0.656657,59.587033,124.649460,0.148497,58.618938,143.990084,0.166756,58.595285,139.905937,0.161448,58.180014,135.992378,0.172380,57.810244,132.487453,0.248789,57.843353,115.738534,0.395602,58.674387,103.152446,0.479733,58.967105,104.051293,0.430457,58.887081,102.603631,0.435096,58.950439,103.840158,0.648964,59.417834,116.336712,0.685028,59.417659,113.856718,0.528057,59.011051,105.738261,0.603683,59.086359,111.793674,0.594804,59.118014,110.191989,0.500887,58.968565,102.770715,0.540187,59.452946,121.946292,0.252853,57.901952,92.584997,0.326453,58.480642,94.926708,0.194547,60.267822,-6.963098,0.279206,61.200498,-19.946988,0.823775,59.638007,121.372516,0.286929,66.025895,-139.973614,0.222431,68.202502,-107.276516,0.677257,59.607937,126.082762,0.813167,59.535600,121.417267,0.683768,59.076841,119.269860,0.679884,59.348168,117.995976,0.620283,59.751406,139.104610,0.473565,61.450220,-27.535818,0.912015,59.745358,125.249666,0.996063,1.056801,1.059563,0.992817,0.992435,0.995258,1.021836,0.995416,-120.618757,0.000000,27.234236,-85.474799,-105.688046,-69.562301,85.244118,-131.202295,178.243890,104.869409,38.617379,103.741463,0.547128,140.162457,200.206163,82.623481,539.203928,188.683213,192.495140,199.108764,158.295511,24.872220,83.813020,21.821235,61.853944,2.119831,988.742731,1.328526,38.591943,13.874507,34.977965,6.419630,67.015175,19.655499,15.688003,88.436313,79.191860,65.798339,-59.487453,33.355126,3.041926,22.519157,2.923622,5.869034,1.059915,223.900075
2.300000,0.779511,59.572540,113.439666,0.563308,59.232778,105.699621,0.394585,58.542807,93.287822,0.202738,55.579447,82.197442,0.124468,51.488318,83.753108,0.098327,48.582701,81.216415,0.144603,53.371878,88.709228,0.170513,54.741150,92.115859,0.604158,59.206989,113.571450,0.074198,41.643480,46.808705,0.079490,43.568819,60.854419,0.086774,46.017766,61.837115,0.102433,47.912591,62.853160,0.185466,54.645520,78.046110,0.342795,58.073037,83.866287,0.428657,58.711535,88.536945,0.383849,58.528800,86.122579,0.385129,58.530781,87.638615,0.601714,59.311632,105.075080,0.644601,59.357639,102.858998,0.478153,58.926316,91.108400,0.555467,59.129924,98.095984,0.546941,59.131230,96.683761,0.449715,58.772996,87.490988,0.497060,59.203141,110.446127,0.244185,57.601759,68.854783,0.298923,58.074904,75.178961,0.279403,60.652313,-9.635833,0.359895,61.158230,-17.969214,0.798431,59.519765,111.846213,0.231853,68.882267,-87.904442,0.251037,67.461710,-53.037523,0.639119,59.524783,116.399588,0.780790,59.494962,111.439700,0.638912,59.277124,105.908837,0.639136,59.384855,106.339190,0.582865,59.614395,130.335840,0.537196,61.438870,-23.535237,0.898983,59.686982,116.792162,0.995990,1.057791,1.060905,0.993026,0.992511,0.995527,1.024152,0.995398,-147.059940,0.000000,28.507888,-113.257156,-133.663606,-96.278335,70.451572,-157.906912,140.313890,57.518116,13.682458,42.476610,0.158054,105.240811,167.679638,65.589389,519.992479,165.959225,177.301775,170.407238,143.080411,23.196131,70.273031,45.008332,102.770608,1.384133,988.742731,1.045818,21.166667,4.915853,14.321616,1.854502,50.318263,16.462165,12.453681,85.285391,69.654419,60.604970,-50.912337,30.149087,2.836937,18.881188,6.030243,9.751426,0.692066,223.900075
2.320000,0.763849,59.462313,103.210550,0.542331,58.980584,92.346846,0.379747,58.179601,74.177586,0.237777,56.756124,45.836123,0.198589,56.760937,31.880037,0.193707,57.413978,25.104429,0.194274,56.040660,38.038595,0.201871,55.797007,45.817245,0.579127,58.940167,99.879527,0.223078,59.797096,14.766755,0.211976,59.041528,18.163080,0.207175,58.812577,20.488576,0.222687,58.629801,22.980725,0.243062,57.171240,41.388299,0.340025,57.921022,62.107061,0.409967,58.410047,71.097537,0.373207,58.249296,67.371348,0.373044,58.220981,68.732098,0.571936,59.100049,92.524582,0.617235,59.225975,91.001799,0.452177,58.600875,75.217820,0.523565,58.786098,83.658354,0.516380,58.786522,82.252744,0.428609,58.467313,70.516775,0.473074,58.899988,96.677902,0.278348,58.119452,46.788347,0.310614,58.073704,54.244304,0.368382,60.933144,-10.399206,0.444020,61.273420,-15.922528,0.783345,59.377611,101.102808,0.314030,65.992073,-41.921159,0.366234,64.444561,-20.689506,0.612608,59.347209,105.561868,0.756874,59.401897,100.754319,0.602060,58.944074,92.618986,0.609795,59.011900,93.665027,0.553549,59.399701,119.980345,0.604265,61.509365,-19.594787,0.890010,59.632733,107.643850,0.995882,1.059457,1.062734,0.993186,0.992530,0.995758,1.026454,0.995208,-174.118343,0.000000,29.897127,-141.536615,-162.195790,-123.461914,56.079755,174.767617,129.960061,79.117672,24.696762,59.536141,0.900949,103.546382,154.576600,61.537588,503.727523,152.619408,165.940692,157.251826,133.608743,30.140754,75.877211,78.240082,153.355785,2.539181,988.742731,0.968646,29.115303,8.873088,20.073488,10.571140,49.508114,15.175757,11.684352,82.617729,64.055591,56.721546,-46.981913,28.153271,3.686279,20.386937,10.482652,14.551219,1.269590,223.900075
2.340000,0.761157,59.402503,92.074601,0.549631,58.925823,77.647639,0.413007,58.565955,55.440495,0.338413,59.274538,27.789380,0.333327,60.113510,19.544271,0.337924,60.478625,16.331785,0.318682,59.741232,21.923751,0.315421,59.372088,26.648901,0.589194,58.993841,85.340879,0.373025,61.128816,13.682705,0.359947,60.916412,14.627234,0.345563,60.797930,15.822504,0.364616,60.685157,17.286075,0.355549,59.641387,26.478751,0.387902,58.669224,43.198913,0.433375,58.606360,53.211837,0.406863,58.599672,48.998556,0.406382,58.586673,50.216037,0.566802,58.988395,78.472675,0.608350,59.151421,78.068225,0.464912,58.604763,57.883623,0.526910,58.631336,67.011024,0.519886,58.626843,65.578025,0.449004,58.606190,52.788648,0.476760,58.776554,81.083950,0.353664,59.154666,30.869440,0.366026,58.795152,36.361209,0.469492,61.297249,-9.111026,0.538852,61.517631,-12.685339,0.783071,59.279559,89.182540,0.446552,63.777619,-16.847594,0.489275,63.181886,-1.984531,0.602777,59.184880,93.133844,0.745410,59.317805,89.091133,0.597175,58.702516,76.793604,0.603865,58.679528,77.895617,0.537612,59.181140,107.700653,0.679338,61.666376,-15.030538,0.886871,59.600665,97.884098,0.995729,1.061575,1.064748,0.993222,0.992426,0.995850,1.028710,0.994771,157.938938,0.000000,31.300288,-170.598698,168.428078,-151.400100,41.864575,146.480757,153.416884,160.261439,66.454223,145.350370,2.506577,134.758957,170.885426,72.992150,497.880519,159.288653,167.310050,169.976400,135.111187,48.658623,105.364470,121.514675,199.791205,5.022877,988.742731,1.143480,58.976210,23.875769,49.007021,29.410504,64.431626,16.776897,13.859269,81.658748,66.854727,57.189617,-50.783617,28.469857,5.951055,28.309671,16.280607,18.957261,2.511439,223.900075
2.360000,0.776466,59.407368,80.547127,0.593991,59.151198,63.580907,0.490133,59.436452,41.654978,0.454002,60.563950,21.281255,0.463614,61.100434,17.701213,0.471456,61.288961,16.231759,0.445581,60.928069,18.378152,0.439190,60.712447,21.230576,0.631943,59.266169,72.069639,0.503638,61.563368,16.387644,0.491198,61.468706,16.388084,0.470552,61.402134,16.994759,0.492965,61.331968,17.872006,0.474614,60.733918,21.732016,0.474780,59.727757,31.018622,0.503398,59.332040,38.958888,0.485623,59.477716,35.391555,0.484210,59.478875,36.607060,0.599481,59.082983,64.284872,0.629776,59.211329,64.920663,0.527729,59.129142,42.691574,0.581901,58.895153,50.888433,0.573131,58.881146,49.378699,0.517285,59.293216,38.337252,0.520415,58.988870,65.845497,0.463665,60.223756,22.239334,0.461565,59.885416,25.105865,0.586232,61.728162,-5.261477,0.647113,61.844413,-7.712748,0.804722,59.262023,76.658037,0.570714,63.032790,-0.938338,0.592942,62.753687,11.323376,0.620994,59.081852,79.570756,0.756271,59.268865,76.718247,0.644463,58.764987,60.345258,0.637533,58.539790,60.451676,0.546969,59.010908,93.827336,0.764314,61.895815,-9.369140,0.890891,59.590393,87.722209,0.995529,1.063807,1.066615,0.993045,0.992134,0.995692,1.030930,0.994050,128.967476,0.000000,32.600398,159.359683,138.016129,179.699681,27.662956,116.991644,201.852731,280.274913,127.196745,277.311376,4.438761,191.866004,213.648151,97.407018,511.508163,188.546188,186.008548,207.348979,151.609624,80.481347,161.585130,158.147410,235.356446,6.885868,988.742731,1.504492,103.141168,45.699429,93.499621,52.081459,91.735933,20.975183,18.495003,83.893855,79.134349,63.581104,-61.949371,31.946314,9.843042,43.415222,21.188682,22.331882,3.442934,223.900075
2.380000,0.827079,59.566922,69.425308,0.703656,59.841519,52.933965,0.633741,60.726775,36.062634,0.609053,61.793749,23.783767,0.619918,62.059362,22.807292,0.626901,62.155583,22.245928,0.603738,62.000427,22.822858,0.598464,61.853281,24.453420,0.723817,59.738338,61.313884,0.650163,62.245841,23.443771,0.640697,62.211716,23.067684,0.619669,62.175540,23.335101,0.641437,62.129997,23.818590,0.626237,61.833626,24.813876,0.619973,61.237629,28.693232,0.641392,60.838819,33.685363,0.630695,60.963245,31.076654,0.628951,60.916708,32.053492,0.707442,59.819824,53.406404,0.716992,59.799258,54.256432,0.655670,60.720133,36.408639,0.696731,60.471066,42.966977,0.689280,60.429622,41.123599,0.652752,60.853985,33.034413,0.636893,59.763381,54.377270,0.626300,61.467027,22.240809,0.617382,61.354500,23.713710,0.732621,62.428758,2.908802,0.780948,62.446367,0.809936,0.869219,59.455975,64.602787,0.694028,63.100998,13.679484,0.696549,62.855899,24.135386,0.701625,59.356477,66.569519,0.819873,59.499893,64.893387,0.739163,60.374328,51.942377,0.733215,59.822949,48.342821,0.614446,59.119001,79.463382,0.867489,62.344566,-1.200041,0.907742,59.614076,77.390755,0.995288,1.065904,1.068124,0.992557,0.991602,0.995105,1.033210,0.993069,98.961131,0.000000,33.694010,128.237559,106.486941,149.707571,13.487112,86.192579,263.472380,396.777911,184.186628,408.164180,6.034404,257.566065,271.488654,128.567026,550.326321,229.419900,213.169471,257.655773,183.935896,112.750867,225.436098,181.876230,253.614670,7.950368,988.742731,1.963769,146.014271,66.174837,137.618574,70.803671,123.148775,26.653749,24.411461,90.260528,96.289374,72.865201,-76.979463,38.757921,13.789674,60.570909,24.367883,24.064320,3.975184,223.900075
2.400000,0.910106,59.899828,60.149633,0.863358,60.496658,47.248648,0.824649,61.320534,36.666664,0.799303,62.077636,30.739744,0.803100,62.223587,31.099766,0.807311,62.278983,31.028664,0.790280,62.203625,30.915390,0.786906,62.108625,31.732267,0.849842,60.301007,54.427671,0.820358,62.313313,32.538908,0.814662,62.298843,32.033280,0.798625,62.275065,32.089460,0.816388,62.242475,32.292269,0.811419,62.069396,31.737441,0.816104,61.689407,32.191435,0.835778,61.378287,34.554373,0.828655,61.488037,32.958246,0.825044,61.464913,33.771092,0.881653,60.380925,46.991761,0.866259,60.284318,47.461583,0.843436,61.252650,35.909767,0.870083,60.970442,39.893338,0.861159,61.026986,38.429383,0.843925,61.401128,33.979450,0.813395,60.482946,48.462173,0.831485,61.784064,27.042371,0.822371,61.766613,28.105978,0.908366,62.427298,13.293299,0.940771,62.459405,11.338710,0.970841,59.872140,54.876838,0.826104,62.911064,27.739669,0.810408,62.722358,36.590973,0.843213,59.802604,56.150382,0.937714,59.844541,55.181482,0.889723,60.637187,46.164787,0.873292,60.667503,42.186975,0.747584,59.675580,67.866096,0.989630,62.429581,8.804309,0.937526,59.718966,67.462228,0.995028,1.067765,1.069188,0.991808,0.990932,0.993897,1.035757,0.992039,67.985234,0.000000,34.488005,95.980394,73.830157,118.470244,-0.511184,54.086142,288.389326,447.794564,209.321431,467.235748,6.714761,286.596054,294.658522,141.507684,562.443410,245.398842,221.664546,276.388265,200.618758,124.490905,251.668206,184.493734,253.902016,8.239290,988.731561,2.151032,164.800391,75.211465,157.547928,78.811636,137.033717,28.930397,26.869823,92.238861,102.996922,75.768801,-82.574106,42.270323,15.227669,67.623508,24.723658,24.097946,4.119952,223.892140
2.420000,0.969628,60.006083,52.263226,0.968823,60.464641,42.715856,0.938986,60.944629,35.932415,0.905433,61.415569,33.923609,0.904145,61.552959,35.465336,0.906523,61.603480,35.793695,0.893815,61.519647,35.082887,0.891795,61.456832,35.402819,0.928504,60.364797,49.252958,0.910387,61.685419,37.797351,0.907937,61.655337,37.105040,0.894719,61.636565,36.984656,0.909498,61.614624,36.982108,0.911812,61.448019,35.060558,0.923917,61.163209,32.898013,0.943750,60.983005,33.690708,0.944848,61.043399,32.719394,0.940999,61.021419,33.479790,0.990414,60.327075,41.270185,0.963764,60.205923,40.932078,0.937542,60.978024,34.581690,0.946692,60.886985,37.679555,0.940908,60.902931,36.443017,0.947672,61.005401,33.174128,0.937935,60.444782,43.793959,0.970319,61.264868,28.700332,0.952812,61.212774,29.292174,1.038033,61.816627,19.163914,1.062069,61.913182,17.868003,1.041662,60.027057,46.976933,0.901136,62.188733,37.178540,0.864007,62.224553,45.752921,0.938103,59.970910,47.641520,1.021285,59.901393,46.432493,0.939548,60.763466,42.867225,0.939103,60.724867,39.316967,0.861236,59.897761,59.021959,1.087630,62.062500,16.261454,0.961361,59.789060,58.141705,0.994795,1.069133,1.069618,0.991217,0.990452,0.992277,1.038428,0.991361,36.189200,0.000000,34.902215,62.704375,40.201472,85.892396,-14.074759,20.887728,288.385344,447.801707,209.391685,467.504554,6.716482,286.594272,294.655059,141.506069,562.437137,245.397008,221.663158,276.384413,200.616013,124.489744,251.666169,184.494056,253.902621,8.239409,988.728309,2.148671,164.793247,75.231847,157.628513,78.813019,137.028150,28.927446,26.868001,92.239380,102.994394,75.767676,-82.575571,42.270167,15.225764,67.619005,24.721026,24.095103,4.119812,223.892316
2.440000,1.011447,60.047364,44.867062,1.042561,60.425026,38.244338,1.015475,60.749630,34.163533,0.964004,61.090025,34.893291,0.953720,61.225011,37.394962,0.954135,61.275576,38.082192,0.944011,61.182108,36.727594,0.942971,61.129911,36.650638,0.970729,60.336856,44.120115,0.949856,61.380907,40.793236,0.950185,61.342532,39.843521,0.938934,61.325145,39.598916,0.953342,61.307229,39.462070,0.967199,61.140169,36.354454,1.002689,60.905595,32.413711,1.031596,60.790822,32.238635,1.033855,60.831224,31.588859,1.025585,60.806391,32.172102,1.070795,60.305476,35.885758,1.036365,60.180652,34.649736,1.032783,60.824878,33.319262,1.047661,60.817649,36.211059,1.039854,60.857422,35.239414,1.036876,60.816392,31.912837,1.030069,60.408799,39.190754,1.075739,61.034815,29.046526,1.051890,60.964032,29.183246,1.139979,61.531628,23.208050,1.158881,61.650256,22.715857,1.091304,60.105618,39.907869,0.936462,61.866483,43.633161,0.871873,62.023631,53.071338,1.004545,60.058135,40.187109,1.085203,59.949948,38.300758,1.046228,60.746590,40.756519,1.036570,60.923009,38.192253,0.953505,59.984438,51.069734,1.168378,61.874628,22.550806,0.977937,59.825588,49.144068,0.994618,1.069760,1.069236,0.991083,0.990386,0.990668,1.040764,0.991192,3.871533,0.000000,34.895865,28.833300,6.015893,52.173520,-26.980296,-12.929093,288.383297,447.800150,209.391350,467.503357,6.717002,286.592096,294.652499,141.504847,562.436988,245.394482,221.661074,276.382253,200.614467,124.488442,251.663684,184.493662,253.902685,8.239523,988.742731,2.149441,164.790455,75.230425,157.625653,78.812826,137.026846,28.927890,26.868009,92.246831,102.994034,75.767785,-82.574348,42.272334,15.225205,67.617823,24.718568,24.091648,4.119761,223.900075
2.460000,1.026234,60.005676,37.407678,1.066664,60.282789,33.068533,1.027704,60.479051,30.748093,0.948148,60.754939,33.625803,0.928651,60.940248,37.294449,0.926973,61.007317,38.407858,0.920019,60.878188,36.244582,0.920785,60.824336,35.791920,0.969307,60.225589,38.443458,0.910800,61.132291,41.960503,0.914999,61.085301,40.698566,0.903163,61.058624,40.293206,0.918896,61.034580,40.004920,0.946064,60.820950,35.512380,1.007988,60.554794,29.764100,1.049293,60.471427,28.906211,1.054680,60.524703,28.595523,1.043247,60.505827,29.028692,1.091741,60.166193,29.866220,1.058878,60.050547,27.767506,1.055935,60.492138,30.176244,1.076238,60.517625,33.164277,1.069914,60.534414,32.379892,1.056238,60.478127,28.682552,1.069515,60.282261,33.960289,1.117743,60.781723,27.723224,1.084522,60.667440,27.169089,1.185753,61.275865,25.417488,1.203833,61.417573,25.878456,1.110372,60.073692,32.929856,0.915833,61.843427,49.133112,0.808472,62.031965,59.887242,1.022567,60.047610,32.954986,1.110058,59.908458,30.146036,1.077385,60.516828,37.509213,1.078570,60.629087,35.945166,1.005343,59.975292,43.303586,1.208816,61.707551,27.620569,0.984005,59.823744,40.240220,0.994506,1.069579,1.068098,0.991482,0.990829,0.989399,1.042430,0.991539,-28.607111,0.000000,34.455460,-5.077268,-28.186569,17.723253,-39.107400,-46.803150,288.383297,447.800150,209.391350,467.503356,6.717002,286.592096,294.652499,141.504847,562.436988,245.394482,221.661074,276.382253,200.614467,124.488442,251.663684,184.493662,253.906416,8.239523,988.742731,2.149441,164.790455,75.230425,157.625653,78.812826,137.026846,28.927890,26.868009,92.246830,102.994034,75.767785,-82.574348,42.272334,15.225205,67.617823,24.718568,24.092002,4.119761,223.900075
2.480000,1.005721,59.809512,29.062861,1.024686,59.893648,25.970432,0.950114,59.858666,24.182532,0.820389,59.960622,28.447101,0.786755,60.269090,33.939355,0.781384,60.391491,35.743983,0.780815,60.130676,32.167677,0.786018,60.059385,31.260208,0.909194,59.851555,31.019621,0.749490,60.585159,40.434971,0.758627,60.509094,38.732096,0.742432,60.455612,38.030828,0.763588,60.414280,37.501243,0.809492,60.076810,30.993651,0.906486,59.789166,23.200042,0.966150,59.787507,22.037706,0.978502,59.883349,22.264189,0.966349,59.859473,22.546645,1.037352,59.752898,21.865404,1.018880,59.677592,19.076661,0.970337,59.801655,23.426946,0.990096,59.891722,26.846298,0.984578,59.887727,26.093180,0.972875,59.770702,21.767751,1.039063,59.932935,27.014921,1.070789,60.331577,23.940956,1.023268,60.108925,22.157670,1.147999,60.923045,25.530812,1.169832,61.115818,27.206558,1.090586,59.846028,24.967798,0.788986,62.088560,55.709498,0.635103,62.353342,68.011287,0.983209,59.817169,24.844220,1.086408,59.684099,21.018463,0.992393,59.989710,31.579667,0.997576,60.094957,30.744825,1.000957,59.809752,34.882905,1.184861,61.516869,31.470922,0.975997,59.747605,31.044433,0.994445,1.068631,1.066632,0.992219,0.991652,0.988673,1.043142,0.992242,-60.870839,0.000000,33.679267,-38.479607,-61.855162,-16.909394,-50.462636,-80.190408,288.383297,447.800150,209.150501,467.217754,6.647439,286.592096,294.652499,141.504847,562.436989,245.394482,221.661074,276.382253,200.614467,124.488442,251.663684,184.493662,253.902685,8.236399,988.742731,2.149441,164.790456,75.143893,157.529358,77.996614,137.026846,28.927890,26.868009,92.246831,102.994035,75.767786,-82.574347,42.272334,15.225205,67.617823,24.718568,24.091648,4.118200,223.900075
