Results,Bus 01,Bus 01,Bus 01,Bus 02,Bus 02,Bus 02,Bus 03,Bus 03,Bus 03,Bus 04,Bus 04,Bus 04,Bus 05,Bus 05,Bus 05,Bus 06,Bus 06,Bus 06,Bus 07,Bus 07,Bus 07,Bus 08,Bus 08,Bus 08,Bus 09,Bus 09,Bus 09,Bus 10,Bus 10,Bus 10,Bus 11,Bus 11,Bus 11,Bus 12,Bus 12,Bus 12,Bus 13,Bus 13,Bus 13,Bus 14,Bus 14,Bus 14,Bus 15,Bus 15,Bus 15,Bus 16,Bus 16,Bus 16,Bus 17,Bus 17,Bus 17,Bus 18,Bus 18,Bus 18,Bus 19,Bus 19,Bus 19,Bus 20,Bus 20,Bus 20,Bus 21,Bus 21,Bus 21,Bus 22,Bus 22,Bus 22,Bus 23,Bus 23,Bus 23,Bus 24,Bus 24,Bus 24,Bus 25,Bus 25,Bus 25,Bus 26,Bus 26,Bus 26,Bus 27,Bus 27,Bus 27,Bus 28,Bus 28,Bus 28,Bus 29,Bus 29,Bus 29,Bus 30,Bus 30,Bus 30,Bus 31,Bus 31,Bus 31,Bus 32,Bus 32,Bus 32,Bus 33,Bus 33,Bus 33,Bus 34,Bus 34,Bus 34,Bus 35,Bus 35,Bus 35,Bus 36,Bus 36,Bus 36,Bus 37,Bus 37,Bus 37,Bus 38,Bus 38,Bus 38,Bus 39,Bus 39,Bus 39,G 01,G 02,G 03,G 04,G 05,G 08,G 09,G 10,G 01,G 02,G 03,G 04,G 05,G 08,G 09,G 10,Load 03,Load 04,Load 07,Load 08,Load 12,Load 15,Load 16,Load 18,Load 20,Load 21,Load 23,Load 24,Load 25,Load 26,Load 27,Load 28,Load 29,Load 31,Load 39,Load 03,Load 04,Load 07,Load 08,Load 12,Load 15,Load 16,Load 18,Load 20,Load 21,Load 23,Load 24,Load 25,Load 26,Load 27,Load 28,Load 29,Load 31,Load 39
"Time in s","u1, Magnitude in p.u.","Electrical Frequency in Hz","U, rel.Angle in deg","u1, Magnitude in p.u.","Electrical Frequency in Hz","U, rel.Angle in deg","u1, Magnitude in p.u.","Electrical Frequency in Hz","U, rel.Angle in deg","u1, Magnitude in p.u.","Electrical Frequency in Hz","U, rel.Angle in deg","u1, Magnitude in p.u.","Electrical Frequency in Hz","U, rel.Angle in deg","u1, Magnitude in p.u.","Electrical Frequency in Hz","U, rel.Angle in deg","u1, Magnitude in p.u.","Electrical Frequency in Hz","U, rel.Angle in deg","u1, Magnitude in p.u.","Electrical Frequency in Hz","U, rel.Angle in deg","u1, Magnitude in p.u.","Electrical Frequency in Hz","U, rel.Angle in deg","u1, Magnitude in p.u.","Electrical Frequency in Hz","U, rel.Angle in deg","u1, Magnitude in p.u.","Electrical Frequency in Hz","U, rel.Angle in deg","u1, Magnitude in p.u.","Electrical Frequency in Hz","U, rel.Angle in deg","u1, Magnitude in p.u.","Electrical Frequency in Hz","U, rel.Angle in deg","u1, Magnitude in p.u.","Electrical Frequency in Hz","U, rel.Angle in deg","u1, Magnitude in p.u.","Electrical Frequency in Hz","U, rel.Angle in deg","u1, Magnitude in p.u.","Electrical Frequency in Hz","U, rel.Angle in deg","u1, Magnitude in p.u.","Electrical Frequency in Hz","U, rel.Angle in deg","u1, Magnitude in p.u.","Electrical Frequency in Hz","U, rel.Angle in deg","u1, Magnitude in p.u.","Electrical Frequency in Hz","U, rel.Angle in deg","u1, Magnitude in p.u.","Electrical Frequency in Hz","U, rel.Angle in deg","u1, Magnitude in p.u.","Electrical Frequency in Hz","U, rel.Angle in deg","u1, Magnitude in p.u.","Electrical Frequency in Hz","U, rel.Angle in deg","u1, Magnitude in p.u.","Electrical Frequency in Hz","U, rel.Angle in deg","u1, Magnitude in p.u.","Electrical Frequency in Hz","U, rel.Angle in deg","u1, Magnitude in p.u.","Electrical Frequency in Hz","U, rel.Angle in deg","u1, Magnitude in p.u.","Electrical Frequency in Hz","U, rel.Angle in deg","u1, Magnitude in p.u.","Electrical Frequency in Hz","U, rel.Angle in deg","u1, Magnitude in p.u.","Electrical Frequency in Hz","U, rel.Angle in deg","u1, Magnitude in p.u.","Electrical Frequency in Hz","U, rel.Angle in deg","u1, Magnitude in p.u.","Electrical Frequency in Hz","U, rel.Angle in deg","u1, Magnitude in p.u.","Electrical Frequency in Hz","U, rel.Angle in deg","u1, Magnitude in p.u.","Electrical Frequency in Hz","U, rel.Angle in deg","u1, Magnitude in p.u.","Electrical Frequency in Hz","U, rel.Angle in deg","u1, Magnitude in p.u.","Electrical Frequency in Hz","U, rel.Angle in deg","u1, Magnitude in p.u.","Electrical Frequency in Hz","U, rel.Angle in deg","u1, Magnitude in p.u.","Electrical Frequency in Hz","U, rel.Angle in deg","u1, Magnitude in p.u.","Electrical Frequency in Hz","U, rel.Angle in deg","u1, Magnitude in p.u.","Electrical Frequency in Hz","U, rel.Angle in deg","u1, Magnitude in p.u.","Electrical Frequency in Hz","U, rel.Angle in deg","Speed in p.u.","Speed in p.u.","Speed in p.u.","Speed in p.u.","Speed in p.u.","Speed in p.u.","Speed in p.u.","Speed in p.u.","firel in deg","firel in deg","firel in deg","firel in deg","firel in deg","firel in deg","firel in deg","firel in deg","Total Active Power in MW","Total Active Power in MW","Total Active Power in MW","Total Active Power in MW","Total Active Power in MW","Total Active Power in MW","Total Active Power in MW","Total Active Power in MW","Total Active Power in MW","Total Active Power in MW","Total Active Power in MW","Total Active Power in MW","Total Active Power in MW","Total Active Power in MW","Total Active Power in MW","Total Active Power in MW","Total Active Power in MW","Total Active Power in MW","Total Active Power in MW","Total Reactive Power in Mvar","Total Reactive Power in Mvar","Total Reactive Power in Mvar","Total Reactive Power in Mvar","Total Reactive Power in Mvar","Total Reactive Power in Mvar","Total Reactive Power in Mvar","Total Reactive Power in Mvar","Total Reactive Power in Mvar","Total Reactive Power in Mvar","Total Reactive Power in Mvar","Total Reactive Power in Mvar","Total Reactive Power in Mvar","Total Reactive Power in Mvar","Total Reactive Power in Mvar","Total Reactive Power in Mvar","Total Reactive Power in Mvar","Total Reactive Power in Mvar","Total Reactive Power in Mvar"
0.000000,1.049431,60.000000,-7.361122,1.053541,60.000000,-4.984819,1.038509,60.000000,-7.513561,1.014809,60.000000,-8.418431,1.015250,60.000000,-7.559474,1.017135,60.000000,-6.980149,1.007760,60.000000,-8.887101,1.006832,60.000000,-9.316986,1.032682,60.000000,-9.046517,1.025403,60.000000,-4.748821,1.021568,60.000000,-5.507734,1.011373,60.000000,-5.469254,1.023325,60.000000,-5.338341,1.021904,60.000000,-6.704352,1.026077,60.000000,-6.755404,1.040657,60.000000,-5.385268,1.042630,60.000000,-6.367046,1.039992,60.000000,-7.181192,1.054456,60.000000,-0.802378,0.995187,60.000000,-1.680508,1.040364,60.000000,-3.260966,1.055231,60.000000,0.675524,1.050688,60.000000,0.501145,1.045590,60.000000,-5.279291,1.061415,60.000000,-3.746059,1.059794,60.000000,-4.791923,1.047051,60.000000,-6.532845,1.056666,60.000000,-1.672815,1.054939,60.000000,0.781358,1.047500,60.000000,-2.827688,0.982000,60.000000,-0.000000,0.983100,60.000000,2.349955,0.997200,60.000000,3.857337,1.012300,60.000000,2.950924,1.049630,60.000000,5.093842,1.063500,60.000000,7.495099,1.027800,60.000000,2.312208,1.026500,60.000000,7.089511,1.030000,60.000000,-8.796257,1.000000,1.000000,1.000000,1.000000,1.000000,1.000000,1.000000,1.000000,-42.642226,0.000000,5.266508,11.685834,3.989094,13.039518,20.310015,-38.263628,288.383297,447.800150,209.391350,467.503357,6.717002,286.592096,294.652499,141.504847,562.436988,245.394482,221.661074,276.382253,200.614467,124.488442,251.663684,184.493662,253.902685,8.239523,988.742731,2.149441,164.790455,75.230425,157.625653,78.812826,137.026846,28.927890,26.868009,92.246831,102.994034,75.767785,-82.574348,42.272334,15.225205,67.617823,24.718568,24.091648,4.119761,223.900075
0.020000,1.049431,60.000000,-7.361122,1.053541,60.000000,-4.984819,1.038509,60.000000,-7.513561,1.014809,60.000000,-8.418431,1.015250,60.000000,-7.559474,1.017135,60.000000,-6.980149,1.007760,60.000000,-8.887101,1.006832,60.000000,-9.316986,1.032682,60.000000,-9.046517,1.025403,60.000000,-4.748821,1.021568,60.000000,-5.507734,1.011373,60.000000,-5.469254,1.023325,60.000000,-5.338341,1.021904,60.000000,-6.704352,1.026077,60.000000,-6.755404,1.040657,60.000000,-5.385268,1.042630,60.000000,-6.367045,1.039992,60.000000,-7.181192,1.054456,60.000000,-0.802378,0.995187,60.000000,-1.680508,1.040364,60.000000,-3.260966,1.055231,60.000000,0.675524,1.050688,60.000000,0.501145,1.045590,60.000000,-5.279291,1.061415,60.000000,-3.746059,1.059794,60.000000,-4.791923,1.047051,60.000000,-6.532845,1.056666,60.000000,-1.672815,1.054939,60.000000,0.781358,1.047500,60.000000,-2.827688,0.982000,60.000000,0.000000,0.983100,60.000000,2.349955,0.997200,60.000000,3.857337,1.012300,60.000000,2.950924,1.049630,60.000000,5.093842,1.063500,60.000000,7.495099,1.027800,60.000000,2.312208,1.026500,60.000000,7.089511,1.030000,60.000000,-8.796257,1.000000,1.000000,1.000000,1.000000,1.000000,1.000000,1.000000,1.000000,-42.642226,0.000000,5.266508,11.685834,3.989094,13.039518,20.310015,-38.263628,288.383297,447.800150,209.391350,467.503357,6.717002,286.592096,294.652499,141.504847,562.436988,245.394482,221.661074,276.382253,200.614467,124.488442,251.663684,184.493662,253.902685,8.239523,988.742731,2.149441,164.790455,75.230425,157.625653,78.812826,137.026846,28.927890,26.868009,92.246831,102.994034,75.767785,-82.574348,42.272334,15.225205,67.617823,24.718568,24.091648,4.119761,223.900075
0.040000,1.049431,60.000000,-7.361122,1.053541,60.000000,-4.984819,1.038509,60.000000,-7.513561,1.014809,60.000000,-8.418431,1.015250,60.000000,-7.559474,1.017135,60.000000,-6.980149,1.007760,60.000000,-8.887101,1.006832,60.000000,-9.316986,1.032682,60.000000,-9.046517,1.025403,60.000000,-4.748821,1.021568,60.000000,-5.507734,1.011373,60.000000,-5.469254,1.023325,60.000000,-5.338341,1.021904,60.000000,-6.704352,1.026077,60.000000,-6.755404,1.040657,60.000000,-5.385268,1.042630,60.000000,-6.367045,1.039992,60.000000,-7.181192,1.054456,60.000000,-0.802378,0.995187,60.000000,-1.680508,1.040364,60.000000,-3.260966,1.055231,60.000000,0.675524,1.050688,60.000000,0.501145,1.045590,60.000000,-5.279291,1.061415,60.000000,-3.746059,1.059794,60.000000,-4.791923,1.047051,60.000000,-6.532845,1.056666,60.000000,-1.672815,1.054939,60.000000,0.781358,1.047500,60.000000,-2.827688,0.982000,60.000000,0.000000,0.983100,60.000000,2.349955,0.997200,60.000000,3.857337,1.012300,60.000000,2.950924,1.049630,60.000000,5.093842,1.063500,60.000000,7.495099,1.027800,60.000000,2.312208,1.026500,60.000000,7.089511,1.030000,60.000000,-8.796257,1.000000,1.000000,1.000000,1.000000,1.000000,1.000000,1.000000,1.000000,-42.642226,0.000000,5.266508,11.685834,3.989094,13.039518,20.310015,-38.263628,288.383297,447.800150,209.391350,467.503357,6.717002,286.592096,294.652499,141.504847,562.436988,245.394482,221.661074,276.382253,200.614467,124.488442,251.663684,184.493662,253.902685,8.239523,988.742731,2.149441,164.790455,75.230425,157.625653,78.812826,137.026846,28.927890,26.868009,92.246831,102.994034,75.767785,-82.574348,42.272334,15.225205,67.617823,24.718568,24.091648,4.119761,223.900075
0.060000,1.049431,60.000000,-7.361122,1.053541,60.000000,-4.984819,1.038509,60.000000,-7.513561,1.014809,60.000000,-8.418431,1.015250,60.000000,-7.559474,1.017135,60.000000,-6.980149,1.007760,60.000000,-8.887101,1.006832,60.000000,-9.316986,1.032682,60.000000,-9.046517,1.025403,60.000000,-4.748821,1.021568,60.000000,-5.507734,1.011373,60.000000,-5.469254,1.023325,60.000000,-5.338341,1.021904,60.000000,-6.704352,1.026077,60.000000,-6.755404,1.040657,60.000000,-5.385268,1.042630,60.000000,-6.367045,1.039992,60.000000,-7.181192,1.054456,60.000000,-0.802378,0.995187,60.000000,-1.680508,1.040364,60.000000,-3.260966,1.055231,60.000000,0.675524,1.050688,60.000000,0.501145,1.045590,60.000000,-5.279291,1.061415,60.000000,-3.746059,1.059794,60.000000,-4.791923,1.047051,60.000000,-6.532845,1.056666,60.000000,-1.672815,1.054939,60.000000,0.781358,1.047500,60.000000,-2.827688,0.982000,60.000000,0.000000,0.983100,60.000000,2.349955,0.997200,60.000000,3.857337,1.012300,60.000000,2.950924,1.049630,60.000000,5.093842,1.063500,60.000000,7.495099,1.027800,60.000000,2.312208,1.026500,60.000000,7.089511,1.030000,60.000000,-8.796257,1.000000,1.000000,1.000000,1.000000,1.000000,1.000000,1.000000,1.000000,-42.642226,0.000000,5.266508,11.685834,3.989094,13.039518,20.310015,-38.263628,288.383297,447.800150,209.391350,467.503357,6.717002,286.592096,294.652499,141.504847,562.436988,245.394482,221.661074,276.382253,200.614467,124.488442,251.663684,184.493662,253.902685,8.239523,988.742731,2.149441,164.790455,75.230425,157.625653,78.812826,137.026846,28.927890,26.868009,92.246831,102.994034,75.767785,-82.574348,42.272334,15.225205,67.617823,24.718568,24.091648,4.119761,223.900075
0.080000,1.049431,60.000000,-7.361122,1.053541,60.000000,-4.984819,1.038509,60.000000,-7.513561,1.014809,60.000000,-8.418431,1.015250,60.000000,-7.559474,1.017135,60.000000,-6.980149,1.007760,60.000000,-8.887101,1.006832,60.000000,-9.316986,1.032682,60.000000,-9.046517,1.025403,60.000000,-4.748821,1.021568,60.000000,-5.507734,1.011373,60.000000,-5.469254,1.023325,60.000000,-5.338341,1.021904,60.000000,-6.704352,1.026077,60.000000,-6.755404,1.040657,60.000000,-5.385268,1.042630,60.000000,-6.367045,1.039992,60.000000,-7.181192,1.054456,60.000000,-0.802378,0.995187,60.000000,-1.680508,1.040364,60.000000,-3.260966,1.055231,60.000000,0.675524,1.050688,60.000000,0.501145,1.045590,60.000000,-5.279291,1.061415,60.000000,-3.746059,1.059794,60.000000,-4.791923,1.047051,60.000000,-6.532845,1.056666,60.000000,-1.672815,1.054939,60.000000,0.781358,1.047500,60.000000,-2.827688,0.982000,60.000000,0.000000,0.983100,60.000000,2.349955,0.997200,60.000000,3.857337,1.012300,60.000000,2.950924,1.049630,60.000000,5.093842,1.063500,60.000000,7.495099,1.027800,60.000000,2.312208,1.026500,60.000000,7.089511,1.030000,60.000000,-8.796257,1.000000,1.000000,1.000000,1.000000,1.000000,1.000000,1.000000,1.000000,-42.642226,0.000000,5.266508,11.685834,3.989094,13.039518,20.310015,-38.263628,288.383297,447.800150,209.391350,467.503357,6.717002,286.592096,294.652499,141.504847,562.436988,245.394482,221.661074,276.382253,200.614467,124.488442,251.663684,184.493662,253.902685,8.239523,988.742731,2.149441,164.790455,75.230425,157.625653,78.812826,137.026846,28.927890,26.868009,92.246831,102.994034,75.767785,-82.574348,42.272334,15.225205,67.617823,24.718568,24.091648,4.119761,223.900075
0.100000,1.049431,60.000000,-7.361122,1.053541,60.000000,-4.984819,1.038509,60.000000,-7.513561,1.014809,60.000000,-8.418431,1.015250,60.000000,-7.559474,1.017135,60.000000,-6.980149,1.007760,60.000000,-8.887101,1.006832,60.000000,-9.316986,1.032682,60.000000,-9.046517,1.025403,60.000000,-4.748821,1.021568,60.000000,-5.507734,1.011373,60.000000,-5.469254,1.023325,60.000000,-5.338341,1.021904,60.000000,-6.704352,1.026077,60.000000,-6.755404,1.040657,60.000000,-5.385268,1.042630,60.000000,-6.367045,1.039992,60.000000,-7.181192,1.054456,60.000000,-0.802378,0.995187,60.000000,-1.680508,1.040364,60.000000,-3.260966,1.055231,60.000000,0.675524,1.050688,60.000000,0.501145,1.045590,60.000000,-5.279291,1.061415,60.000000,-3.746059,1.059794,60.000000,-4.791923,1.047051,60.000000,-6.532845,1.056666,60.000000,-1.672815,1.054939,60.000000,0.781358,1.047500,60.000000,-2.827688,0.982000,60.000000,0.000000,0.983100,60.000000,2.349955,0.997200,60.000000,3.857337,1.012300,60.000000,2.950924,1.049630,60.000000,5.093842,1.063500,60.000000,7.495099,1.027800,60.000000,2.312208,1.026500,60.000000,7.089511,1.030000,60.000000,-8.796257,1.000000,1.000000,1.000000,1.000000,1.000000,1.000000,1.000000,1.000000,-42.642226,0.000000,5.266508,11.685834,3.989094,13.039518,20.310015,-38.263628,288.383297,447.800150,209.391350,467.503357,6.717002,286.592096,294.652499,141.504847,562.436988,245.394482,221.661074,276.382253,200.614467,124.488442,251.663684,184.493662,253.902685,8.239523,988.742731,2.149441,164.790455,75.230425,157.625653,78.812826,137.026846,28.927890,26.868009,92.246831,102.994034,75.767785,-82.574348,42.272334,15.225205,67.617823,24.718568,24.091648,4.119761,223.900075
0.120000,1.049431,60.000000,-7.361122,1.053541,60.000000,-4.984819,1.038509,60.000000,-7.513561,1.014809,60.000000,-8.418431,1.015250,60.000000,-7.559474,1.017135,60.000000,-6.980149,1.007760,60.000000,-8.887101,1.006832,60.000000,-9.316986,1.032682,60.000000,-9.046517,1.025403,60.000000,-4.748821,1.021568,60.000000,-5.507734,1.011373,60.000000,-5.469254,1.023325,60.000000,-5.338341,1.021904,60.000000,-6.704352,1.026077,60.000000,-6.755404,1.040657,60.000000,-5.385268,1.042630,60.000000,-6.367045,1.039992,60.000000,-7.181192,1.054456,60.000000,-0.802378,0.995187,60.000000,-1.680508,1.040364,60.000000,-3.260966,1.055231,60.000000,0.675524,1.050688,60.000000,0.501145,1.045590,60.000000,-5.279291,1.061415,60.000000,-3.746059,1.059794,60.000000,-4.791923,1.047051,60.000000,-6.532845,1.056666,60.000000,-1.672815,1.054939,60.000000,0.781358,1.047500,60.000000,-2.827688,0.982000,60.000000,0.000000,0.983100,60.000000,2.349955,0.997200,60.000000,3.857337,1.012300,60.000000,2.950924,1.049630,60.000000,5.093842,1.063500,60.000000,7.495099,1.027800,60.000000,2.312208,1.026500,60.000000,7.089511,1.030000,60.000000,-8.796257,1.000000,1.000000,1.000000,1.000000,1.000000,1.000000,1.000000,1.000000,-42.642226,0.000000,5.266508,11.685834,3.989094,13.039518,20.310015,-38.263628,288.383297,447.800150,209.391350,467.503357,6.717002,286.592096,294.652499,141.504847,562.436988,245.394482,221.661074,276.382253,200.614467,124.488442,251.663684,184.493662,253.902685,8.239523,988.742731,2.149441,164.790455,75.230425,157.625653,78.812826,137.026846,28.927890,26.868009,92.246831,102.994034,75.767785,-82.574348,42.272334,15.225205,67.617823,24.718568,24.091648,4.119761,223.900075
0.140000,1.049431,60.000000,-7.361122,1.053541,60.000000,-4.984819,1.038509,60.000000,-7.513561,1.014809,60.000000,-8.418431,1.015250,60.000000,-7.559474,1.017135,60.000000,-6.980149,1.007760,60.000000,-8.887101,1.006832,60.000000,-9.316986,1.032682,60.000000,-9.046517,1.025403,60.000000,-4.748821,1.021568,60.000000,-5.507734,1.011373,60.000000,-5.469254,1.023325,60.000000,-5.338341,1.021904,60.000000,-6.704352,1.026077,60.000000,-6.755404,1.040657,60.000000,-5.385268,1.042630,60.000000,-6.367045,1.039992,60.000000,-7.181192,1.054456,60.000000,-0.802378,0.995187,60.000000,-1.680508,1.040364,60.000000,-3.260966,1.055231,60.000000,0.675524,1.050688,60.000000,0.501145,1.045590,60.000000,-5.279291,1.061415,60.000000,-3.746059,1.059794,60.000000,-4.791923,1.047051,60.000000,-6.532845,1.056666,60.000000,-1.672815,1.054939,60.000000,0.781358,1.047500,60.000000,-2.827688,0.982000,60.000000,0.000000,0.983100,60.000000,2.349955,0.997200,60.000000,3.857337,1.012300,60.000000,2.950924,1.049630,60.000000,5.093842,1.063500,60.000000,7.495099,1.027800,60.000000,2.312208,1.026500,60.000000,7.089511,1.030000,60.000000,-8.796257,1.000000,1.000000,1.000000,1.000000,1.000000,1.000000,1.000000,1.000000,-42.642226,0.000000,5.266508,11.685834,3.989094,13.039518,20.310015,-38.263628,288.383297,447.800150,209.391350,467.503357,6.717002,286.592096,294.652499,141.504847,562.436988,245.394482,221.661074,276.382253,200.614467,124.488442,251.663684,184.493662,253.902685,8.239523,988.742731,2.149441,164.790455,75.230425,157.625653,78.812826,137.026846,28.927890,26.868009,92.246831,102.994034,75.767785,-82.574348,42.272334,15.225205,67.617823,24.718568,24.091648,4.119761,223.900075
0.160000,1.049431,60.000000,-7.361122,1.053541,60.000000,-4.984819,1.038509,60.000000,-7.513561,1.014809,60.000000,-8.418431,1.015250,60.000000,-7.559474,1.017135,60.000000,-6.980149,1.007760,60.000000,-8.887101,1.006832,60.000000,-9.316986,1.032682,60.000000,-9.046517,1.025403,60.000000,-4.748821,1.021568,60.000000,-5.507734,1.011373,60.000000,-5.469254,1.023325,60.000000,-5.338341,1.021904,60.000000,-6.704352,1.026077,60.000000,-6.755404,1.040657,60.000000,-5.385268,1.042630,60.000000,-6.367045,1.039992,60.000000,-7.181192,1.054456,60.000000,-0.802378,0.995187,60.000000,-1.680508,1.040364,60.000000,-3.260966,1.055231,60.000000,0.675524,1.050688,60.000000,0.501145,1.045590,60.000000,-5.279291,1.061415,60.000000,-3.746059,1.059794,60.000000,-4.791923,1.047051,60.000000,-6.532845,1.056666,60.000000,-1.672815,1.054939,60.000000,0.781358,1.047500,60.000000,-2.827688,0.982000,60.000000,0.000000,0.983100,60.000000,2.349955,0.997200,60.000000,3.857337,1.012300,60.000000,2.950924,1.049630,60.000000,5.093842,1.063500,60.000000,7.495099,1.027800,60.000000,2.312208,1.026500,60.000000,7.089511,1.030000,60.000000,-8.796257,1.000000,1.000000,1.000000,1.000000,1.000000,1.000000,1.000000,1.000000,-42.642226,0.000000,5.266508,11.685834,3.989094,13.039518,20.310015,-38.263628,288.383297,447.800150,209.391350,467.503357,6.717002,286.592096,294.652499,141.504847,562.436988,245.394482,221.661074,276.382253,200.614467,124.488442,251.663684,184.493662,253.902685,8.239523,988.742731,2.149441,164.790455,75.230425,157.625653,78.812826,137.026846,28.927890,26.868009,92.246831,102.994034,75.767785,-82.574348,42.272334,15.225205,67.617823,24.718568,24.091648,4.119761,223.900075
0.180000,1.049431,60.000000,-7.361122,1.053541,60.000000,-4.984819,1.038509,60.000000,-7.513561,1.014809,60.000000,-8.418431,1.015250,60.000000,-7.559474,1.017135,60.000000,-6.980149,1.007760,60.000000,-8.887101,1.006832,60.000000,-9.316986,1.032682,60.000000,-9.046517,1.025403,60.000000,-4.748821,1.021568,60.000000,-5.507734,1.011373,60.000000,-5.469254,1.023325,60.000000,-5.338341,1.021904,60.000000,-6.704352,1.026077,60.000000,-6.755404,1.040657,60.000000,-5.385268,1.042630,60.000000,-6.367045,1.039992,60.000000,-7.181192,1.054456,60.000000,-0.802378,0.995187,60.000000,-1.680508,1.040364,60.000000,-3.260966,1.055231,60.000000,0.675524,1.050688,60.000000,0.501145,1.045590,60.000000,-5.279291,1.061415,60.000000,-3.746059,1.059794,60.000000,-4.791923,1.047051,60.000000,-6.532845,1.056666,60.000000,-1.672815,1.054939,60.000000,0.781358,1.047500,60.000000,-2.827688,0.982000,60.000000,0.000000,0.983100,60.000000,2.349955,0.997200,60.000000,3.857337,1.012300,60.000000,2.950924,1.049630,60.000000,5.093842,1.063500,60.000000,7.495099,1.027800,60.000000,2.312208,1.026500,60.000000,7.089511,1.030000,60.000000,-8.796257,1.000000,1.000000,1.000000,1.000000,1.000000,1.000000,1.000000,1.000000,-42.642226,0.000000,5.266508,11.685834,3.989094,13.039518,20.310015,-38.263628,288.383297,447.800150,209.391350,467.503357,6.717002,286.592096,294.652499,141.504847,562.436988,245.394482,221.661074,276.382253,200.614467,124.488442,251.663684,184.493662,253.902685,8.239523,988.742731,2.149441,164.790455,75.230425,157.625653,78.812826,137.026846,28.927890,26.868009,92.246831,102.994034,75.767785,-82.574348,42.272334,15.225205,67.617823,24.718568,24.091648,4.119761,223.900075
0.200000,1.049431,60.000000,-7.361122,1.053541,60.000000,-4.984819,1.038509,60.000000,-7.513561,1.014809,60.000000,-8.418431,1.015250,60.000000,-7.559474,1.017135,60.000000,-6.980149,1.007760,60.000000,-8.887101,1.006832,60.000000,-9.316986,1.032682,60.000000,-9.046517,1.025403,60.000000,-4.748821,1.021568,60.000000,-5.507734,1.011373,60.000000,-5.469254,1.023325,60.000000,-5.338341,1.021904,60.000000,-6.704352,1.026077,60.000000,-6.755404,1.040657,60.000000,-5.385268,1.042630,60.000000,-6.367045,1.039992,60.000000,-7.181192,1.054456,60.000000,-0.802378,0.995187,60.000000,-1.680508,1.040364,60.000000,-3.260966,1.055231,60.000000,0.675524,1.050688,60.000000,0.501145,1.045590,60.000000,-5.279291,1.061415,60.000000,-3.746059,1.059794,60.000000,-4.791923,1.047051,60.000000,-6.532845,1.056666,60.000000,-1.672815,1.054939,60.000000,0.781358,1.047500,60.000000,-2.827688,0.982000,60.000000,0.000000,0.983100,60.000000,2.349955,0.997200,60.000000,3.857337,1.012300,60.000000,2.950924,1.049630,60.000000,5.093842,1.063500,60.000000,7.495099,1.027800,60.000000,2.312208,1.026500,60.000000,7.089511,1.030000,60.000000,-8.796257,1.000000,1.000000,1.000000,1.000000,1.000000,1.000000,1.000000,1.000000,-42.642226,0.000000,5.266508,11.685834,3.989094,13.039518,20.310015,-38.263628,288.383297,447.800150,209.391350,467.503357,6.717002,286.592096,294.652499,141.504847,562.436988,245.394482,221.661074,276.382253,200.614467,124.488442,251.663684,184.493662,253.902685,8.239523,988.742731,2.149441,164.790455,75.230425,157.625653,78.812826,137.026846,28.927890,26.868009,92.246831,102.994034,75.767785,-82.574348,42.272334,15.225205,67.617823,24.718568,24.091648,4.119761,223.900075
0.220000,1.049431,60.000000,-7.361122,1.053541,60.000000,-4.984819,1.038509,60.000000,-7.513561,1.014809,60.000000,-8.418431,1.015250,60.000000,-7.559474,1.017135,60.000000,-6.980149,1.007760,60.000000,-8.887101,1.006832,60.000000,-9.316986,1.032682,60.000000,-9.046517,1.025403,60.000000,-4.748821,1.021568,60.000000,-5.507734,1.011373,60.000000,-5.469254,1.023325,60.000000,-5.338341,1.021904,60.000000,-6.704352,1.026077,60.000000,-6.755404,1.040657,60.000000,-5.385268,1.042630,60.000000,-6.367045,1.039992,60.000000,-7.181192,1.054456,60.000000,-0.802378,0.995187,60.000000,-1.680508,1.040364,60.000000,-3.260966,1.055231,60.000000,0.675524,1.050688,60.000000,0.501145,1.045590,60.000000,-5.279291,1.061415,60.000000,-3.746059,1.059794,60.000000,-4.791923,1.047051,60.000000,-6.532845,1.056666,60.000000,-1.672815,1.054939,60.000000,0.781358,1.047500,60.000000,-2.827688,0.982000,60.000000,0.000000,0.983100,60.000000,2.349955,0.997200,60.000000,3.857337,1.012300,60.000000,2.950924,1.049630,60.000000,5.093842,1.063500,60.000000,7.495099,1.027800,60.000000,2.312208,1.026500,60.000000,7.089511,1.030000,60.000000,-8.796257,1.000000,1.000000,1.000000,1.000000,1.000000,1.000000,1.000000,1.000000,-42.642226,0.000000,5.266508,11.685834,3.989094,13.039518,20.310015,-38.263628,288.383297,447.800150,209.391350,467.503357,6.717002,286.592096,294.652499,141.504847,562.436988,245.394482,221.661074,276.382253,200.614467,124.488442,251.663684,184.493662,253.902685,8.239523,988.742731,2.149441,164.790455,75.230425,157.625653,78.812826,137.026846,28.927890,26.868009,92.246831,102.994034,75.767785,-82.574348,42.272334,15.225205,67.617823,24.718568,24.091648,4.119761,223.900075
0.240000,1.049431,60.000000,-7.361122,1.053541,60.000000,-4.984819,1.038509,60.000000,-7.513561,1.014809,60.000000,-8.418431,1.015250,60.000000,-7.559474,1.017135,60.000000,-6.980149,1.007760,60.000000,-8.887101,1.006832,60.000000,-9.316986,1.032682,60.000000,-9.046517,1.025403,60.000000,-4.748821,1.021568,60.000000,-5.507734,1.011373,60.000000,-5.469254,1.023325,60.000000,-5.338341,1.021904,60.000000,-6.704352,1.026077,60.000000,-6.755404,1.040657,60.000000,-5.385268,1.042630,60.000000,-6.367045,1.039992,60.000000,-7.181192,1.054456,60.000000,-0.802378,0.995187,60.000000,-1.680508,1.040364,60.000000,-3.260966,1.055231,60.000000,0.675524,1.050688,60.000000,0.501145,1.045590,60.000000,-5.279291,1.061415,60.000000,-3.746059,1.059794,60.000000,-4.791923,1.047051,60.000000,-6.532845,1.056666,60.000000,-1.672815,1.054939,60.000000,0.781358,1.047500,60.000000,-2.827688,0.982000,60.000000,0.000000,0.983100,60.000000,2.349955,0.997200,60.000000,3.857337,1.012300,60.000000,2.950924,1.049630,60.000000,5.093842,1.063500,60.000000,7.495099,1.027800,60.000000,2.312208,1.026500,60.000000,7.089511,1.030000,60.000000,-8.796257,1.000000,1.000000,1.000000,1.000000,1.000000,1.000000,1.000000,1.000000,-42.642226,0.000000,5.266508,11.685834,3.989094,13.039518,20.310015,-38.263628,288.383297,447.800150,209.391350,467.503357,6.717002,286.592096,294.652499,141.504847,562.436988,245.394482,221.661074,276.382253,200.614467,124.488442,251.663684,184.493662,253.902685,8.239523,988.742731,2.149441,164.790455,75.230425,157.625653,78.812826,137.026846,28.927890,26.868009,92.246831,102.994034,75.767785,-82.574348,42.272334,15.225205,67.617823,24.718568,24.091648,4.119761,223.900075
0.260000,1.049431,60.000000,-7.361122,1.053541,60.000000,-4.984819,1.038509,60.000000,-7.513561,1.014809,60.000000,-8.418431,1.015250,60.000000,-7.559474,1.017135,60.000000,-6.980149,1.007760,60.000000,-8.887101,1.006832,60.000000,-9.316986,1.032682,60.000000,-9.046517,1.025403,60.000000,-4.748821,1.021568,60.000000,-5.507734,1.011373,60.000000,-5.469254,1.023325,60.000000,-5.338341,1.021904,60.000000,-6.704352,1.026077,60.000000,-6.755404,1.040657,60.000000,-5.385268,1.042630,60.000000,-6.367045,1.039992,60.000000,-7.181192,1.054456,60.000000,-0.802378,0.995187,60.000000,-1.680508,1.040364,60.000000,-3.260966,1.055231,60.000000,0.675524,1.050688,60.000000,0.501145,1.045590,60.000000,-5.279291,1.061415,60.000000,-3.746059,1.059794,60.000000,-4.791923,1.047051,60.000000,-6.532845,1.056666,60.000000,-1.672815,1.054939,60.000000,0.781358,1.047500,60.000000,-2.827688,0.982000,60.000000,0.000000,0.983100,60.000000,2.349955,0.997200,60.000000,3.857337,1.012300,60.000000,2.950924,1.049630,60.000000,5.093842,1.063500,60.000000,7.495099,1.027800,60.000000,2.312208,1.026500,60.000000,7.089511,1.030000,60.000000,-8.796257,1.000000,1.000000,1.000000,1.000000,1.000000,1.000000,1.000000,1.000000,-42.642226,0.000000,5.266508,11.685834,3.989094,13.039518,20.310015,-38.263628,288.383297,447.800150,209.391350,467.503357,6.717002,286.592096,294.652499,141.504847,562.436988,245.394482,221.661074,276.382253,200.614467,124.488442,251.663684,184.493662,253.902685,8.239523,988.742731,2.149441,164.790455,75.230425,157.625653,78.812826,137.026846,28.927890,26.868009,92.246831,102.994034,75.767785,-82.574348,42.272334,15.225205,67.617823,24.718568,24.091648,4.119761,223.900075
0.280000,1.049431,60.000000,-7.361122,1.053541,60.000000,-4.984819,1.038509,60.000000,-7.513561,1.014809,60.000000,-8.418431,1.015250,60.000000,-7.559474,1.017135,60.000000,-6.980149,1.007760,60.000000,-8.887101,1.006832,60.000000,-9.316986,1.032682,60.000000,-9.046517,1.025403,60.000000,-4.748821,1.021568,60.000000,-5.507734,1.011373,60.000000,-5.469254,1.023325,60.000000,-5.338341,1.021904,60.000000,-6.704352,1.026077,60.000000,-6.755404,1.040657,60.000000,-5.385268,1.042630,60.000000,-6.367045,1.039992,60.000000,-7.181192,1.054456,60.000000,-0.802378,0.995187,60.000000,-1.680508,1.040364,60.000000,-3.260966,1.055231,60.000000,0.675524,1.050688,60.000000,0.501145,1.045590,60.000000,-5.279291,1.061415,60.000000,-3.746059,1.059794,60.000000,-4.791923,1.047051,60.000000,-6.532845,1.056666,60.000000,-1.672815,1.054939,60.000000,0.781358,1.047500,60.000000,-2.827688,0.982000,60.000000,0.000000,0.983100,60.000000,2.349955,0.997200,60.000000,3.857337,1.012300,60.000000,2.950924,1.049630,60.000000,5.093842,1.063500,60.000000,7.495099,1.027800,60.000000,2.312208,1.026500,60.000000,7.089511,1.030000,60.000000,-8.796257,1.000000,1.000000,1.000000,1.000000,1.000000,1.000000,1.000000,1.000000,-42.642226,0.000000,5.266508,11.685834,3.989094,13.039518,20.310015,-38.263628,288.383297,447.800150,209.391350,467.503357,6.717002,286.592096,294.652499,141.504847,562.436988,245.394482,221.661074,276.382253,200.614467,124.488442,251.663684,184.493662,253.902685,8.239523,988.742731,2.149441,164.790455,75.230425,157.625653,78.812826,137.026846,28.927890,26.868009,92.246831,102.994034,75.767785,-82.574348,42.272334,15.225205,67.617823,24.718568,24.091648,4.119761,223.900075
0.300000,1.049431,60.000000,-7.361122,1.053541,60.000000,-4.984819,1.038509,60.000000,-7.513561,1.014809,60.000000,-8.418431,1.015250,60.000000,-7.559474,1.017135,60.000000,-6.980149,1.007760,60.000000,-8.887101,1.006832,60.000000,-9.316986,1.032682,60.000000,-9.046517,1.025403,60.000000,-4.748821,1.021568,60.000000,-5.507734,1.011373,60.000000,-5.469254,1.023325,60.000000,-5.338341,1.021904,60.000000,-6.704352,1.026077,60.000000,-6.755404,1.040657,60.000000,-5.385268,1.042630,60.000000,-6.367045,1.039992,60.000000,-7.181192,1.054456,60.000000,-0.802378,0.995187,60.000000,-1.680508,1.040364,60.000000,-3.260966,1.055231,60.000000,0.675524,1.050688,60.000000,0.501145,1.045590,60.000000,-5.279291,1.061415,60.000000,-3.746059,1.059794,60.000000,-4.791923,1.047051,60.000000,-6.532845,1.056666,60.000000,-1.672815,1.054939,60.000000,0.781358,1.047500,60.000000,-2.827688,0.982000,60.000000,0.000000,0.983100,60.000000,2.349955,0.997200,60.000000,3.857337,1.012300,60.000000,2.950924,1.049630,60.000000,5.093842,1.063500,60.000000,7.495099,1.027800,60.000000,2.312208,1.026500,60.000000,7.089511,1.030000,60.000000,-8.796257,1.000000,1.000000,1.000000,1.000000,1.000000,1.000000,1.000000,1.000000,-42.642226,0.000000,5.266508,11.685834,3.989094,13.039518,20.310015,-38.263628,288.383297,447.800150,209.391350,467.503357,6.717002,286.592096,294.652499,141.504847,562.436988,245.394482,221.661074,276.382253,200.614467,124.488442,251.663684,184.493662,253.902685,8.239523,988.742731,2.149441,164.790455,75.230425,157.625653,78.812826,137.026846,28.927890,26.868009,92.246831,102.994034,75.767785,-82.574348,42.272334,15.225205,67.617823,24.718568,24.091648,4.119761,223.900075
0.320000,1.049431,60.000000,-7.361122,1.053541,60.000000,-4.984819,1.038509,60.000000,-7.513561,1.014809,60.000000,-8.418431,1.015250,60.000000,-7.559474,1.017135,60.000000,-6.980149,1.007760,60.000000,-8.887101,1.006832,60.000000,-9.316986,1.032682,60.000000,-9.046517,1.025403,60.000000,-4.748821,1.021568,60.000000,-5.507734,1.011373,60.000000,-5.469254,1.023325,60.000000,-5.338341,1.021904,60.000000,-6.704352,1.026077,60.000000,-6.755404,1.040657,60.000000,-5.385268,1.042630,60.000000,-6.367045,1.039992,60.000000,-7.181192,1.054456,60.000000,-0.802378,0.995187,60.000000,-1.680508,1.040364,60.000000,-3.260966,1.055231,60.000000,0.675524,1.050688,60.000000,0.501145,1.045590,60.000000,-5.279291,1.061415,60.000000,-3.746059,1.059794,60.000000,-4.791923,1.047051,60.000000,-6.532845,1.056666,60.000000,-1.672815,1.054939,60.000000,0.781358,1.047500,60.000000,-2.827688,0.982000,60.000000,0.000000,0.983100,60.000000,2.349955,0.997200,60.000000,3.857337,1.012300,60.000000,2.950924,1.049630,60.000000,5.093842,1.063500,60.000000,7.495099,1.027800,60.000000,2.312208,1.026500,60.000000,7.089511,1.030000,60.000000,-8.796257,1.000000,1.000000,1.000000,1.000000,1.000000,1.000000,1.000000,1.000000,-42.642226,0.000000,5.266508,11.685834,3.989094,13.039518,20.310015,-38.263628,288.383297,447.800150,209.391350,467.503357,6.717002,286.592096,294.652499,141.504847,562.436988,245.394482,221.661074,276.382253,200.614467,124.488442,251.663684,184.493662,253.902685,8.239523,988.742731,2.149441,164.790455,75.230425,157.625653,78.812826,137.026846,28.927890,26.868009,92.246831,102.994034,75.767785,-82.574348,42.272334,15.225205,67.617823,24.718568,24.091648,4.119761,223.900075
0.340000,1.049431,60.000000,-7.361122,1.053541,60.000000,-4.984819,1.038509,60.000000,-7.513561,1.014809,60.000000,-8.418431,1.015250,60.000000,-7.559474,1.017135,60.000000,-6.980149,1.007760,60.000000,-8.887101,1.006832,60.000000,-9.316986,1.032682,60.000000,-9.046517,1.025403,60.000000,-4.748821,1.021568,60.000000,-5.507734,1.011373,60.000000,-5.469254,1.023325,60.000000,-5.338341,1.021904,60.000000,-6.704352,1.026077,60.000000,-6.755404,1.040657,60.000000,-5.385268,1.042630,60.000000,-6.367045,1.039992,60.000000,-7.181192,1.054456,60.000000,-0.802378,0.995187,60.000000,-1.680508,1.040364,60.000000,-3.260966,1.055231,60.000000,0.675524,1.050688,60.000000,0.501145,1.045590,60.000000,-5.279291,1.061415,60.000000,-3.746059,1.059794,60.000000,-4.791923,1.047051,60.000000,-6.532845,1.056666,60.000000,-1.672815,1.054939,60.000000,0.781358,1.047500,60.000000,-2.827688,0.982000,60.000000,0.000000,0.983100,60.000000,2.349955,0.997200,60.000000,3.857337,1.012300,60.000000,2.950924,1.049630,60.000000,5.093842,1.063500,60.000000,7.495099,1.027800,60.000000,2.312208,1.026500,60.000000,7.089511,1.030000,60.000000,-8.796257,1.000000,1.000000,1.000000,1.000000,1.000000,1.000000,1.000000,1.000000,-42.642226,0.000000,5.266508,11.685834,3.989094,13.039518,20.310015,-38.263628,288.383297,447.800150,209.391350,467.503357,6.717002,286.592096,294.652499,141.504847,562.436988,245.394482,221.661074,276.382253,200.614467,124.488442,251.663684,184.493662,253.902685,8.239523,988.742731,2.149441,164.790455,75.230425,157.625653,78.812826,137.026846,28.927890,26.868009,92.246831,102.994034,75.767785,-82.574348,42.272334,15.225205,67.617823,24.718568,24.091648,4.119761,223.900075
0.360000,1.049431,60.000000,-7.361122,1.053541,60.000000,-4.984819,1.038509,60.000000,-7.513561,1.014809,60.000000,-8.418431,1.015250,60.000000,-7.559474,1.017135,60.000000,-6.980149,1.007760,60.000000,-8.887101,1.006832,60.000000,-9.316986,1.032682,60.000000,-9.046517,1.025403,60.000000,-4.748821,1.021568,60.000000,-5.507734,1.011373,60.000000,-5.469254,1.023325,60.000000,-5.338341,1.021904,60.000000,-6.704352,1.026077,60.000000,-6.755404,1.040657,60.000000,-5.385268,1.042630,60.000000,-6.367045,1.039992,60.000000,-7.181192,1.054456,60.000000,-0.802378,0.995187,60.000000,-1.680508,1.040364,60.000000,-3.260966,1.055231,60.000000,0.675524,1.050688,60.000000,0.501145,1.045590,60.000000,-5.279291,1.061415,60.000000,-3.746059,1.059794,60.000000,-4.791923,1.047051,60.000000,-6.532845,1.056666,60.000000,-1.672815,1.054939,60.000000,0.781358,1.047500,60.000000,-2.827688,0.982000,60.000000,0.000000,0.983100,60.000000,2.349955,0.997200,60.000000,3.857337,1.012300,60.000000,2.950924,1.049630,60.000000,5.093842,1.063500,60.000000,7.495099,1.027800,60.000000,2.312208,1.026500,60.000000,7.089511,1.030000,60.000000,-8.796257,1.000000,1.000000,1.000000,1.000000,1.000000,1.000000,1.000000,1.000000,-42.642226,0.000000,5.266508,11.685834,3.989094,13.039518,20.310015,-38.263628,288.383297,447.800150,209.391350,467.503357,6.717002,286.592096,294.652499,141.504847,562.436988,245.394482,221.661074,276.382253,200.614467,124.488442,251.663684,184.493662,253.902685,8.239523,988.742731,2.149441,164.790455,75.230425,157.625653,78.812826,137.026846,28.927890,26.868009,92.246831,102.994034,75.767785,-82.574348,42.272334,15.225205,67.617823,24.718568,24.091648,4.119761,223.900075
0.380000,1.049431,60.000000,-7.361122,1.053541,60.000000,-4.984819,1.038509,60.000000,-7.513561,1.014809,60.000000,-8.418431,1.015250,60.000000,-7.559474,1.017135,60.000000,-6.980149,1.007760,60.000000,-8.887101,1.006832,60.000000,-9.316986,1.032682,60.000000,-9.046517,1.025403,60.000000,-4.748821,1.021568,60.000000,-5.507734,1.011373,60.000000,-5.469254,1.023325,60.000000,-5.338341,1.021904,60.000000,-6.704352,1.026077,60.000000,-6.755404,1.040657,60.000000,-5.385268,1.042630,60.000000,-6.367045,1.039992,60.000000,-7.181192,1.054456,60.000000,-0.802378,0.995187,60.000000,-1.680508,1.040364,60.000000,-3.260966,1.055231,60.000000,0.675524,1.050688,60.000000,0.501145,1.045590,60.000000,-5.279291,1.061415,60.000000,-3.746059,1.059794,60.000000,-4.791923,1.047051,60.000000,-6.532845,1.056666,60.000000,-1.672815,1.054939,60.000000,0.781358,1.047500,60.000000,-2.827688,0.982000,60.000000,0.000000,0.983100,60.000000,2.349955,0.997200,60.000000,3.857337,1.012300,60.000000,2.950924,1.049630,60.000000,5.093842,1.063500,60.000000,7.495099,1.027800,60.000000,2.312208,1.026500,60.000000,7.089511,1.030000,60.000000,-8.796257,1.000000,1.000000,1.000000,1.000000,1.000000,1.000000,1.000000,1.000000,-42.642226,0.000000,5.266508,11.685834,3.989094,13.039518,20.310015,-38.263628,288.383297,447.800150,209.391350,467.503357,6.717002,286.592096,294.652499,141.504847,562.436988,245.394482,221.661074,276.382253,200.614467,124.488442,251.663684,184.493662,253.902685,8.239523,988.742731,2.149441,164.790455,75.230425,157.625653,78.812826,137.026846,28.927890,26.868009,92.246831,102.994034,75.767785,-82.574348,42.272334,15.225205,67.617823,24.718568,24.091648,4.119761,223.900075
0.400000,1.049431,60.000000,-7.361122,1.053541,60.000000,-4.984819,1.038509,60.000000,-7.513561,1.014809,60.000000,-8.418431,1.015250,60.000000,-7.559474,1.017135,60.000000,-6.980149,1.007760,60.000000,-8.887101,1.006832,60.000000,-9.316986,1.032682,60.000000,-9.046517,1.025403,60.000000,-4.748821,1.021568,60.000000,-5.507734,1.011373,60.000000,-5.469254,1.023325,60.000000,-5.338341,1.021904,60.000000,-6.704352,1.026077,60.000000,-6.755404,1.040657,60.000000,-5.385268,1.042630,60.000000,-6.367045,1.039992,60.000000,-7.181192,1.054456,60.000000,-0.802378,0.995187,60.000000,-1.680508,1.040364,60.000000,-3.260966,1.055231,60.000000,0.675524,1.050688,60.000000,0.501145,1.045590,60.000000,-5.279291,1.061415,60.000000,-3.746059,1.059794,60.000000,-4.791923,1.047051,60.000000,-6.532845,1.056666,60.000000,-1.672815,1.054939,60.000000,0.781358,1.047500,60.000000,-2.827688,0.982000,60.000000,0.000000,0.983100,60.000000,2.349955,0.997200,60.000000,3.857337,1.012300,60.000000,2.950924,1.049630,60.000000,5.093842,1.063500,60.000000,7.495099,1.027800,60.000000,2.312208,1.026500,60.000000,7.089511,1.030000,60.000000,-8.796257,1.000000,1.000000,1.000000,1.000000,1.000000,1.000000,1.000000,1.000000,-42.642226,0.000000,5.266508,11.685834,3.989094,13.039518,20.310015,-38.263628,288.383297,447.800150,209.391350,467.503357,6.717002,286.592096,294.652499,141.504847,562.436988,245.394482,221.661074,276.382253,200.614467,124.488442,251.663684,184.493662,253.902685,8.239523,988.742731,2.149441,164.790455,75.230425,157.625653,78.812826,137.026846,28.927890,26.868009,92.246831,102.994034,75.767785,-82.574348,42.272334,15.225205,67.617823,24.718568,24.091648,4.119761,223.900075
0.420000,1.049431,60.000000,-7.361122,1.053541,60.000000,-4.984819,1.038509,60.000000,-7.513561,1.014809,60.000000,-8.418431,1.015250,60.000000,-7.559474,1.017135,60.000000,-6.980149,1.007760,60.000000,-8.887101,1.006832,60.000000,-9.316986,1.032682,60.000000,-9.046517,1.025403,60.000000,-4.748821,1.021568,60.000000,-5.507734,1.011373,60.000000,-5.469254,1.023325,60.000000,-5.338341,1.021904,60.000000,-6.704352,1.026077,60.000000,-6.755404,1.040657,60.000000,-5.385268,1.042630,60.000000,-6.367045,1.039992,60.000000,-7.181192,1.054456,60.000000,-0.802378,0.995187,60.000000,-1.680508,1.040364,60.000000,-3.260966,1.055231,60.000000,0.675524,1.050688,60.000000,0.501145,1.045590,60.000000,-5.279291,1.061415,60.000000,-3.746059,1.059794,60.000000,-4.791923,1.047051,60.000000,-6.532845,1.056666,60.000000,-1.672815,1.054939,60.000000,0.781358,1.047500,60.000000,-2.827688,0.982000,60.000000,0.000000,0.983100,60.000000,2.349955,0.997200,60.000000,3.857337,1.012300,60.000000,2.950924,1.049630,60.000000,5.093842,1.063500,60.000000,7.495099,1.027800,60.000000,2.312208,1.026500,60.000000,7.089511,1.030000,60.000000,-8.796257,1.000000,1.000000,1.000000,1.000000,1.000000,1.000000,1.000000,1.000000,-42.642226,0.000000,5.266508,11.685834,3.989094,13.039518,20.310015,-38.263628,288.383297,447.800150,209.391350,467.503357,6.717002,286.592096,294.652499,141.504847,562.436988,245.394482,221.661074,276.382253,200.614467,124.488442,251.663684,184.493662,253.902685,8.239523,988.742731,2.149441,164.790455,75.230425,157.625653,78.812826,137.026846,28.927890,26.868009,92.246831,102.994034,75.767785,-82.574348,42.272334,15.225205,67.617823,24.718568,24.091648,4.119761,223.900075
0.440000,1.049431,60.000000,-7.361122,1.053541,60.000000,-4.984819,1.038509,60.000000,-7.513561,1.014809,60.000000,-8.418431,1.015250,60.000000,-7.559474,1.017135,60.000000,-6.980149,1.007760,60.000000,-8.887101,1.006832,60.000000,-9.316986,1.032682,60.000000,-9.046517,1.025403,60.000000,-4.748821,1.021568,60.000000,-5.507734,1.011373,60.000000,-5.469254,1.023325,60.000000,-5.338341,1.021904,60.000000,-6.704352,1.026077,60.000000,-6.755404,1.040657,60.000000,-5.385268,1.042630,60.000000,-6.367045,1.039992,60.000000,-7.181192,1.054456,60.000000,-0.802378,0.995187,60.000000,-1.680508,1.040364,60.000000,-3.260966,1.055231,60.000000,0.675524,1.050688,60.000000,0.501145,1.045590,60.000000,-5.279291,1.061415,60.000000,-3.746059,1.059794,60.000000,-4.791923,1.047051,60.000000,-6.532845,1.056666,60.000000,-1.672815,1.054939,60.000000,0.781358,1.047500,60.000000,-2.827688,0.982000,60.000000,0.000000,0.983100,60.000000,2.349955,0.997200,60.000000,3.857337,1.012300,60.000000,2.950924,1.049630,60.000000,5.093842,1.063500,60.000000,7.495099,1.027800,60.000000,2.312208,1.026500,60.000000,7.089511,1.030000,60.000000,-8.796257,1.000000,1.000000,1.000000,1.000000,1.000000,1.000000,1.000000,1.000000,-42.642226,0.000000,5.266508,11.685834,3.989094,13.039518,20.310015,-38.263628,288.383297,447.800150,209.391350,467.503357,6.717002,286.592096,294.652499,141.504847,562.436988,245.394482,221.661074,276.382253,200.614467,124.488442,251.663684,184.493662,253.902685,8.239523,988.742731,2.149441,164.790455,75.230425,157.625653,78.812826,137.026846,28.927890,26.868009,92.246831,102.994034,75.767785,-82.574348,42.272334,15.225205,67.617823,24.718568,24.091648,4.119761,223.900075
0.460000,1.049431,60.000000,-7.361122,1.053541,60.000000,-4.984819,1.038509,60.000000,-7.513561,1.014809,60.000000,-8.418431,1.015250,60.000000,-7.559474,1.017135,60.000000,-6.980149,1.007760,60.000000,-8.887101,1.006832,60.000000,-9.316986,1.032682,60.000000,-9.046517,1.025403,60.000000,-4.748821,1.021568,60.000000,-5.507734,1.011373,60.000000,-5.469254,1.023325,60.000000,-5.338341,1.021904,60.000000,-6.704352,1.026077,60.000000,-6.755404,1.040657,60.000000,-5.385268,1.042630,60.000000,-6.367045,1.039992,60.000000,-7.181192,1.054456,60.000000,-0.802378,0.995187,60.000000,-1.680508,1.040364,60.000000,-3.260966,1.055231,60.000000,0.675524,1.050688,60.000000,0.501145,1.045590,60.000000,-5.279291,1.061415,60.000000,-3.746059,1.059794,60.000000,-4.791923,1.047051,60.000000,-6.532845,1.056666,60.000000,-1.672815,1.054939,60.000000,0.781358,1.047500,60.000000,-2.827688,0.982000,60.000000,0.000000,0.983100,60.000000,2.349955,0.997200,60.000000,3.857337,1.012300,60.000000,2.950924,1.049630,60.000000,5.093842,1.063500,60.000000,7.495099,1.027800,60.000000,2.312208,1.026500,60.000000,7.089511,1.030000,60.000000,-8.796257,1.000000,1.000000,1.000000,1.000000,1.000000,1.000000,1.000000,1.000000,-42.642226,0.000000,5.266508,11.685834,3.989094,13.039518,20.310015,-38.263628,288.383297,447.800150,209.391350,467.503357,6.717002,286.592096,294.652499,141.504847,562.436988,245.394482,221.661074,276.382253,200.614467,124.488442,251.663684,184.493662,253.902685,8.239523,988.742731,2.149441,164.790455,75.230425,157.625653,78.812826,137.026846,28.927890,26.868009,92.246831,102.994034,75.767785,-82.574348,42.272334,15.225205,67.617823,24.718568,24.091648,4.119761,223.900075
0.480000,1.049431,60.000000,-7.361122,1.053541,60.000000,-4.984819,1.038509,60.000000,-7.513561,1.014809,60.000000,-8.418431,1.015250,60.000000,-7.559474,1.017135,60.000000,-6.980149,1.007760,60.000000,-8.887101,1.006832,60.000000,-9.316986,1.032682,60.000000,-9.046517,1.025403,60.000000,-4.748821,1.021568,60.000000,-5.507734,1.011373,60.000000,-5.469254,1.023325,60.000000,-5.338341,1.021904,60.000000,-6.704352,1.026077,60.000000,-6.755404,1.040657,60.000000,-5.385268,1.042630,60.000000,-6.367045,1.039992,60.000000,-7.181192,1.054456,60.000000,-0.802378,0.995187,60.000000,-1.680508,1.040364,60.000000,-3.260966,1.055231,60.000000,0.675524,1.050688,60.000000,0.501145,1.045590,60.000000,-5.279291,1.061415,60.000000,-3.746059,1.059794,60.000000,-4.791923,1.047051,60.000000,-6.532845,1.056666,60.000000,-1.672815,1.054939,60.000000,0.781358,1.047500,60.000000,-2.827688,0.982000,60.000000,0.000000,0.983100,60.000000,2.349955,0.997200,60.000000,3.857337,1.012300,60.000000,2.950924,1.049630,60.000000,5.093842,1.063500,60.000000,7.495099,1.027800,60.000000,2.312208,1.026500,60.000000,7.089511,1.030000,60.000000,-8.796257,1.000000,1.000000,1.000000,1.000000,1.000000,1.000000,1.000000,1.000000,-42.642226,0.000000,5.266508,11.685834,3.989094,13.039518,20.310015,-38.263628,288.383297,447.800150,209.391350,467.503357,6.717002,286.592096,294.652499,141.504847,562.436988,245.394482,221.661074,276.382253,200.614467,124.488442,251.663684,184.493662,253.902685,8.239523,988.742731,2.149441,164.790455,75.230425,157.625653,78.812826,137.026846,28.927890,26.868009,92.246831,102.994034,75.767785,-82.574348,42.272334,15.225205,67.617823,24.718568,24.091648,4.119761,223.900075
0.500000,1.049431,60.000000,-7.361122,1.053541,60.000000,-4.984819,1.038509,60.000000,-7.513561,1.014809,60.000000,-8.418431,1.015250,60.000000,-7.559474,1.017135,60.000000,-6.980149,1.007760,60.000000,-8.887101,1.006832,60.000000,-9.316986,1.032682,60.000000,-9.046517,1.025403,60.000000,-4.748821,1.021568,60.000000,-5.507734,1.011373,60.000000,-5.469254,1.023325,60.000000,-5.338341,1.021904,60.000000,-6.704352,1.026077,60.000000,-6.755404,1.040657,60.000000,-5.385268,1.042630,60.000000,-6.367045,1.039992,60.000000,-7.181192,1.054456,60.000000,-0.802378,0.995187,60.000000,-1.680508,1.040364,60.000000,-3.260966,1.055231,60.000000,0.675524,1.050688,60.000000,0.501145,1.045590,60.000000,-5.279291,1.061415,60.000000,-3.746059,1.059794,60.000000,-4.791923,1.047051,60.000000,-6.532845,1.056666,60.000000,-1.672815,1.054939,60.000000,0.781358,1.047500,60.000000,-2.827688,0.982000,60.000000,0.000000,0.983100,60.000000,2.349955,0.997200,60.000000,3.857337,1.012300,60.000000,2.950924,1.049630,60.000000,5.093842,1.063500,60.000000,7.495099,1.027800,60.000000,2.312208,1.026500,60.000000,7.089511,1.030000,60.000000,-8.796257,1.000000,1.000000,1.000000,1.000000,1.000000,1.000000,1.000000,1.000000,-42.642226,0.000000,5.266508,11.685834,3.989094,13.039518,20.310015,-38.263628,288.383297,447.800150,209.391350,467.503357,6.717002,286.592096,294.652499,141.504847,562.436988,245.394482,221.661074,276.382253,200.614467,124.488442,251.663684,184.493662,253.902685,8.239523,988.742731,2.149441,164.790455,75.230425,157.625653,78.812826,137.026846,28.927890,26.868009,92.246831,102.994034,75.767785,-82.574348,42.272334,15.225205,67.617823,24.718568,24.091648,4.119761,223.900075
0.520000,1.049431,60.000000,-7.361122,1.053541,60.000000,-4.984819,1.038509,60.000000,-7.513561,1.014809,60.000000,-8.418431,1.015250,60.000000,-7.559474,1.017135,60.000000,-6.980149,1.007760,60.000000,-8.887101,1.006832,60.000000,-9.316986,1.032682,60.000000,-9.046517,1.025403,60.000000,-4.748821,1.021568,60.000000,-5.507734,1.011373,60.000000,-5.469254,1.023325,60.000000,-5.338341,1.021904,60.000000,-6.704352,1.026077,60.000000,-6.755404,1.040657,60.000000,-5.385268,1.042630,60.000000,-6.367045,1.039992,60.000000,-7.181192,1.054456,60.000000,-0.802378,0.995187,60.000000,-1.680508,1.040364,60.000000,-3.260966,1.055231,60.000000,0.675524,1.050688,60.000000,0.501145,1.045590,60.000000,-5.279291,1.061415,60.000000,-3.746059,1.059794,60.000000,-4.791923,1.047051,60.000000,-6.532845,1.056666,60.000000,-1.672815,1.054939,60.000000,0.781358,1.047500,60.000000,-2.827688,0.982000,60.000000,-0.000000,0.983100,60.000000,2.349955,0.997200,60.000000,3.857337,1.012300,60.000000,2.950924,1.049630,60.000000,5.093842,1.063500,60.000000,7.495099,1.027800,60.000000,2.312208,1.026500,60.000000,7.089511,1.030000,60.000000,-8.796257,1.000000,1.000000,1.000000,1.000000,1.000000,1.000000,1.000000,1.000000,-42.642226,0.000000,5.266508,11.685834,3.989094,13.039518,20.310015,-38.263628,288.383297,447.800150,209.391350,467.503357,6.717002,286.592096,294.652499,141.504847,562.436988,245.394482,221.661074,276.382253,200.614467,124.488442,251.663684,184.493662,253.902685,8.239523,988.742731,2.149441,164.790455,75.230425,157.625653,78.812826,137.026846,28.927890,26.868009,92.246831,102.994034,75.767785,-82.574348,42.272334,15.225205,67.617823,24.718568,24.091648,4.119761,223.900075
0.540000,1.049431,60.000000,-7.361122,1.053541,60.000000,-4.984819,1.038509,60.000000,-7.513561,1.014809,60.000000,-8.418431,1.015250,60.000000,-7.559474,1.017135,60.000000,-6.980149,1.007760,60.000000,-8.887101,1.006832,60.000000,-9.316986,1.032682,60.000000,-9.046517,1.025403,60.000000,-4.748821,1.021568,60.000000,-5.507734,1.011373,60.000000,-5.469254,1.023325,60.000000,-5.338341,1.021904,60.000000,-6.704352,1.026077,60.000000,-6.755404,1.040657,60.000000,-5.385268,1.042630,60.000000,-6.367045,1.039992,60.000000,-7.181192,1.054456,60.000000,-0.802378,0.995187,60.000000,-1.680508,1.040364,60.000000,-3.260966,1.055231,60.000000,0.675524,1.050688,60.000000,0.501145,1.045590,60.000000,-5.279291,1.061415,60.000000,-3.746059,1.059794,60.000000,-4.791923,1.047051,60.000000,-6.532845,1.056666,60.000000,-1.672815,1.054939,60.000000,0.781358,1.047500,60.000000,-2.827688,0.982000,60.000000,-0.000000,0.983100,60.000000,2.349955,0.997200,60.000000,3.857337,1.012300,60.000000,2.950924,1.049630,60.000000,5.093842,1.063500,60.000000,7.495099,1.027800,60.000000,2.312208,1.026500,60.000000,7.089511,1.030000,60.000000,-8.796257,1.000000,1.000000,1.000000,1.000000,1.000000,1.000000,1.000000,1.000000,-42.642226,0.000000,5.266508,11.685834,3.989094,13.039518,20.310015,-38.263628,288.383297,447.800150,209.391350,467.503357,6.717002,286.592096,294.652499,141.504847,562.436988,245.394482,221.661074,276.382253,200.614467,124.488442,251.663684,184.493662,253.902685,8.239523,988.742731,2.149441,164.790455,75.230425,157.625653,78.812826,137.026846,28.927890,26.868009,92.246831,102.994034,75.767785,-82.574348,42.272334,15.225205,67.617823,24.718568,24.091648,4.119761,223.900075
0.560000,1.049431,60.000000,-7.361122,1.053541,60.000000,-4.984819,1.038509,60.000000,-7.513561,1.014809,60.000000,-8.418431,1.015250,60.000000,-7.559474,1.017135,60.000000,-6.980149,1.007760,60.000000,-8.887101,1.006832,60.000000,-9.316986,1.032682,60.000000,-9.046517,1.025403,60.000000,-4.748821,1.021568,60.000000,-5.507734,1.011373,60.000000,-5.469254,1.023325,60.000000,-5.338341,1.021904,60.000000,-6.704352,1.026077,60.000000,-6.755404,1.040657,60.000000,-5.385268,1.042630,60.000000,-6.367045,1.039992,60.000000,-7.181192,1.054456,60.000000,-0.802378,0.995187,60.000000,-1.680508,1.040364,60.000000,-3.260966,1.055231,60.000000,0.675524,1.050688,60.000000,0.501145,1.045590,60.000000,-5.279291,1.061415,60.000000,-3.746059,1.059794,60.000000,-4.791923,1.047051,60.000000,-6.532845,1.056666,60.000000,-1.672815,1.054939,60.000000,0.781358,1.047500,60.000000,-2.827688,0.982000,60.000000,-0.000000,0.983100,60.000000,2.349955,0.997200,60.000000,3.857337,1.012300,60.000000,2.950924,1.049630,60.000000,5.093842,1.063500,60.000000,7.495099,1.027800,60.000000,2.312208,1.026500,60.000000,7.089511,1.030000,60.000000,-8.796257,1.000000,1.000000,1.000000,1.000000,1.000000,1.000000,1.000000,1.000000,-42.642226,0.000000,5.266508,11.685834,3.989094,13.039518,20.310015,-38.263628,288.383297,447.800150,209.391350,467.503357,6.717002,286.592096,294.652499,141.504847,562.436988,245.394482,221.661074,276.382253,200.614467,124.488442,251.663684,184.493662,253.902685,8.239523,988.742731,2.149441,164.790455,75.230425,157.625653,78.812826,137.026846,28.927890,26.868009,92.246831,102.994034,75.767785,-82.574348,42.272334,15.225205,67.617823,24.718568,24.091648,4.119761,223.900075
0.580000,1.049431,60.000000,-7.361122,1.053541,60.000000,-4.984819,1.038509,60.000000,-7.513561,1.014809,60.000000,-8.418431,1.015250,60.000000,-7.559474,1.017135,60.000000,-6.980149,1.007760,60.000000,-8.887101,1.006832,60.000000,-9.316986,1.032682,60.000000,-9.046517,1.025403,60.000000,-4.748821,1.021568,60.000000,-5.507734,1.011373,60.000000,-5.469254,1.023325,60.000000,-5.338341,1.021904,60.000000,-6.704352,1.026077,60.000000,-6.755404,1.040657,60.000000,-5.385268,1.042630,60.000000,-6.367045,1.039992,60.000000,-7.181192,1.054456,60.000000,-0.802378,0.995187,60.000000,-1.680508,1.040364,60.000000,-3.260966,1.055231,60.000000,0.675524,1.050688,60.000000,0.501145,1.045590,60.000000,-5.279291,1.061415,60.000000,-3.746059,1.059794,60.000000,-4.791923,1.047051,60.000000,-6.532845,1.056666,60.000000,-1.672815,1.054939,60.000000,0.781358,1.047500,60.000000,-2.827688,0.982000,60.000000,-0.000000,0.983100,60.000000,2.349955,0.997200,60.000000,3.857337,1.012300,60.000000,2.950924,1.049630,60.000000,5.093842,1.063500,60.000000,7.495099,1.027800,60.000000,2.312208,1.026500,60.000000,7.089511,1.030000,60.000000,-8.796257,1.000000,1.000000,1.000000,1.000000,1.000000,1.000000,1.000000,1.000000,-42.642226,0.000000,5.266508,11.685834,3.989094,13.039518,20.310015,-38.263628,288.383297,447.800150,209.391350,467.503357,6.717002,286.592096,294.652499,141.504847,562.436988,245.394482,221.661074,276.382253,200.614467,124.488442,251.663684,184.493662,253.902685,8.239523,988.742731,2.149441,164.790455,75.230425,157.625653,78.812826,137.026846,28.927890,26.868009,92.246831,102.994034,75.767785,-82.574348,42.272334,15.225205,67.617823,24.718568,24.091648,4.119761,223.900075
0.600000,1.049431,60.000000,-7.361122,1.053541,60.000000,-4.984819,1.038509,60.000000,-7.513561,1.014809,60.000000,-8.418431,1.015250,60.000000,-7.559474,1.017135,60.000000,-6.980149,1.007760,60.000000,-8.887101,1.006832,60.000000,-9.316986,1.032682,60.000000,-9.046517,1.025403,60.000000,-4.748821,1.021568,60.000000,-5.507734,1.011373,60.000000,-5.469254,1.023325,60.000000,-5.338341,1.021904,60.000000,-6.704352,1.026077,60.000000,-6.755404,1.040657,60.000000,-5.385268,1.042630,60.000000,-6.367045,1.039992,60.000000,-7.181192,1.054456,60.000000,-0.802378,0.995187,60.000000,-1.680508,1.040364,60.000000,-3.260966,1.055231,60.000000,0.675524,1.050688,60.000000,0.501145,1.045590,60.000000,-5.279291,1.061415,60.000000,-3.746059,1.059794,60.000000,-4.791923,1.047051,60.000000,-6.532845,1.056666,60.000000,-1.672815,1.054939,60.000000,0.781358,1.047500,60.000000,-2.827688,0.982000,60.000000,-0.000000,0.983100,60.000000,2.349955,0.997200,60.000000,3.857337,1.012300,60.000000,2.950924,1.049630,60.000000,5.093842,1.063500,60.000000,7.495099,1.027800,60.000000,2.312208,1.026500,60.000000,7.089511,1.030000,60.000000,-8.796257,1.000000,1.000000,1.000000,1.000000,1.000000,1.000000,1.000000,1.000000,-42.642226,0.000000,5.266508,11.685834,3.989094,13.039518,20.310015,-38.263628,288.383297,447.800150,209.391350,467.503357,6.717002,286.592096,294.652499,141.504847,562.436988,245.394482,221.661074,276.382253,200.614467,124.488442,251.663684,184.493662,253.902685,8.239523,988.742731,2.149441,164.790455,75.230425,157.625653,78.812826,137.026846,28.927890,26.868009,92.246831,102.994034,75.767785,-82.574348,42.272334,15.225205,67.617823,24.718568,24.091648,4.119761,223.900075
0.620000,1.049431,60.000000,-7.361122,1.053541,60.000000,-4.984819,1.038509,60.000000,-7.513561,1.014809,60.000000,-8.418431,1.015250,60.000000,-7.559474,1.017135,60.000000,-6.980149,1.007760,60.000000,-8.887101,1.006832,60.000000,-9.316986,1.032682,60.000000,-9.046517,1.025403,60.000000,-4.748821,1.021568,60.000000,-5.507734,1.011373,60.000000,-5.469254,1.023325,60.000000,-5.338341,1.021904,60.000000,-6.704352,1.026077,60.000000,-6.755404,1.040657,60.000000,-5.385268,1.042630,60.000000,-6.367045,1.039992,60.000000,-7.181192,1.054456,60.000000,-0.802378,0.995187,60.000000,-1.680508,1.040364,60.000000,-3.260966,1.055231,60.000000,0.675524,1.050688,60.000000,0.501145,1.045590,60.000000,-5.279291,1.061415,60.000000,-3.746059,1.059794,60.000000,-4.791923,1.047051,60.000000,-6.532845,1.056666,60.000000,-1.672815,1.054939,60.000000,0.781358,1.047500,60.000000,-2.827688,0.982000,60.000000,-0.000000,0.983100,60.000000,2.349955,0.997200,60.000000,3.857337,1.012300,60.000000,2.950924,1.049630,60.000000,5.093842,1.063500,60.000000,7.495099,1.027800,60.000000,2.312208,1.026500,60.000000,7.089511,1.030000,60.000000,-8.796257,1.000000,1.000000,1.000000,1.000000,1.000000,1.000000,1.000000,1.000000,-42.642226,0.000000,5.266508,11.685834,3.989094,13.039518,20.310015,-38.263628,288.383297,447.800150,209.391350,467.503357,6.717002,286.592096,294.652499,141.504847,562.436988,245.394482,221.661074,276.382253,200.614467,124.488442,251.663684,184.493662,253.902685,8.239523,988.742731,2.149441,164.790455,75.230425,157.625653,78.812826,137.026846,28.927890,26.868009,92.246831,102.994034,75.767785,-82.574348,42.272334,15.225205,67.617823,24.718568,24.091648,4.119761,223.900075
0.640000,1.049431,60.000000,-7.361122,1.053541,60.000000,-4.984819,1.038509,60.000000,-7.513561,1.014809,60.000000,-8.418431,1.015250,60.000000,-7.559474,1.017135,60.000000,-6.980149,1.007760,60.000000,-8.887101,1.006832,60.000000,-9.316986,1.032682,60.000000,-9.046517,1.025403,60.000000,-4.748821,1.021568,60.000000,-5.507734,1.011373,60.000000,-5.469254,1.023325,60.000000,-5.338341,1.021904,60.000000,-6.704352,1.026077,60.000000,-6.755404,1.040657,60.000000,-5.385268,1.042630,60.000000,-6.367045,1.039992,60.000000,-7.181192,1.054456,60.000000,-0.802378,0.995187,60.000000,-1.680508,1.040364,60.000000,-3.260966,1.055231,60.000000,0.675524,1.050688,60.000000,0.501145,1.045590,60.000000,-5.279291,1.061415,60.000000,-3.746059,1.059794,60.000000,-4.791923,1.047051,60.000000,-6.532845,1.056666,60.000000,-1.672815,1.054939,60.000000,0.781358,1.047500,60.000000,-2.827688,0.982000,60.000000,0.000000,0.983100,60.000000,2.349955,0.997200,60.000000,3.857337,1.012300,60.000000,2.950924,1.049630,60.000000,5.093842,1.063500,60.000000,7.495099,1.027800,60.000000,2.312208,1.026500,60.000000,7.089511,1.030000,60.000000,-8.796257,1.000000,1.000000,1.000000,1.000000,1.000000,1.000000,1.000000,1.000000,-42.642226,0.000000,5.266508,11.685834,3.989094,13.039518,20.310015,-38.263628,288.383297,447.800150,209.391350,467.503357,6.717002,286.592096,294.652499,141.504847,562.436988,245.394482,221.661074,276.382253,200.614467,124.488442,251.663684,184.493662,253.902685,8.239523,988.742731,2.149441,164.790455,75.230425,157.625653,78.812826,137.026846,28.927890,26.868009,92.246831,102.994034,75.767785,-82.574348,42.272334,15.225205,67.617823,24.718568,24.091648,4.119761,223.900075
0.660000,1.049431,60.000000,-7.361122,1.053541,60.000000,-4.984819,1.038509,60.000000,-7.513561,1.014809,60.000000,-8.418431,1.015250,60.000000,-7.559474,1.017135,60.000000,-6.980149,1.007760,60.000000,-8.887101,1.006832,60.000000,-9.316986,1.032682,60.000000,-9.046517,1.025403,60.000000,-4.748821,1.021568,60.000000,-5.507734,1.011373,60.000000,-5.469254,1.023325,60.000000,-5.338341,1.021904,60.000000,-6.704352,1.026077,60.000000,-6.755404,1.040657,60.000000,-5.385268,1.042630,60.000000,-6.367045,1.039992,60.000000,-7.181192,1.054456,60.000000,-0.802378,0.995187,60.000000,-1.680508,1.040364,60.000000,-3.260966,1.055231,60.000000,0.675524,1.050688,60.000000,0.501145,1.045590,60.000000,-5.279291,1.061415,60.000000,-3.746059,1.059794,60.000000,-4.791923,1.047051,60.000000,-6.532845,1.056666,60.000000,-1.672815,1.054939,60.000000,0.781358,1.047500,60.000000,-2.827688,0.982000,60.000000,0.000000,0.983100,60.000000,2.349955,0.997200,60.000000,3.857337,1.012300,60.000000,2.950924,1.049630,60.000000,5.093842,1.063500,60.000000,7.495099,1.027800,60.000000,2.312208,1.026500,60.000000,7.089511,1.030000,60.000000,-8.796257,1.000000,1.000000,1.000000,1.000000,1.000000,1.000000,1.000000,1.000000,-42.642226,0.000000,5.266508,11.685834,3.989094,13.039518,20.310015,-38.263628,288.383297,447.800150,209.391350,467.503357,6.717002,286.592096,294.652499,141.504847,562.436988,245.394482,221.661074,276.382253,200.614467,124.488442,251.663684,184.493662,253.902685,8.239523,988.742731,2.149441,164.790455,75.230425,157.625653,78.812826,137.026846,28.927890,26.868009,92.246831,102.994034,75.767785,-82.574348,42.272334,15.225205,67.617823,24.718568,24.091648,4.119761,223.900075
0.680000,1.049431,60.000000,-7.361122,1.053541,60.000000,-4.984819,1.038509,60.000000,-7.513561,1.014809,60.000000,-8.418431,1.015250,60.000000,-7.559474,1.017135,60.000000,-6.980149,1.007760,60.000000,-8.887101,1.006832,60.000000,-9.316986,1.032682,60.000000,-9.046517,1.025403,60.000000,-4.748821,1.021568,60.000000,-5.507734,1.011373,60.000000,-5.469254,1.023325,60.000000,-5.338341,1.021904,60.000000,-6.704352,1.026077,60.000000,-6.755404,1.040657,60.000000,-5.385268,1.042630,60.000000,-6.367045,1.039992,60.000000,-7.181192,1.054456,60.000000,-0.802378,0.995187,60.000000,-1.680508,1.040364,60.000000,-3.260966,1.055231,60.000000,0.675524,1.050688,60.000000,0.501145,1.045590,60.000000,-5.279291,1.061415,60.000000,-3.746059,1.059794,60.000000,-4.791923,1.047051,60.000000,-6.532845,1.056666,60.000000,-1.672815,1.054939,60.000000,0.781358,1.047500,60.000000,-2.827688,0.982000,60.000000,0.000000,0.983100,60.000000,2.349955,0.997200,60.000000,3.857337,1.012300,60.000000,2.950924,1.049630,60.000000,5.093842,1.063500,60.000000,7.495099,1.027800,60.000000,2.312208,1.026500,60.000000,7.089511,1.030000,60.000000,-8.796257,1.000000,1.000000,1.000000,1.000000,1.000000,1.000000,1.000000,1.000000,-42.642226,0.000000,5.266508,11.685834,3.989094,13.039518,20.310015,-38.263628,288.383297,447.800150,209.391350,467.503357,6.717002,286.592096,294.652499,141.504847,562.436988,245.394482,221.661074,276.382253,200.614467,124.488442,251.663684,184.493662,253.902685,8.239523,988.742731,2.149441,164.790455,75.230425,157.625653,78.812826,137.026846,28.927890,26.868009,92.246831,102.994034,75.767785,-82.574348,42.272334,15.225205,67.617823,24.718568,24.091648,4.119761,223.900075
0.700000,1.049431,60.000000,-7.361122,1.053541,60.000000,-4.984819,1.038509,60.000000,-7.513561,1.014809,60.000000,-8.418431,1.015250,60.000000,-7.559474,1.017135,60.000000,-6.980149,1.007760,60.000000,-8.887101,1.006832,60.000000,-9.316986,1.032682,60.000000,-9.046517,1.025403,60.000000,-4.748821,1.021568,60.000000,-5.507734,1.011373,60.000000,-5.469254,1.023325,60.000000,-5.338341,1.021904,60.000000,-6.704352,1.026077,60.000000,-6.755404,1.040657,60.000000,-5.385268,1.042630,60.000000,-6.367045,1.039992,60.000000,-7.181192,1.054456,60.000000,-0.802378,0.995187,60.000000,-1.680508,1.040364,60.000000,-3.260966,1.055231,60.000000,0.675524,1.050688,60.000000,0.501145,1.045590,60.000000,-5.279291,1.061415,60.000000,-3.746059,1.059794,60.000000,-4.791923,1.047051,60.000000,-6.532845,1.056666,60.000000,-1.672815,1.054939,60.000000,0.781358,1.047500,60.000000,-2.827688,0.982000,60.000000,0.000000,0.983100,60.000000,2.349955,0.997200,60.000000,3.857337,1.012300,60.000000,2.950924,1.049630,60.000000,5.093842,1.063500,60.000000,7.495099,1.027800,60.000000,2.312208,1.026500,60.000000,7.089511,1.030000,60.000000,-8.796257,1.000000,1.000000,1.000000,1.000000,1.000000,1.000000,1.000000,1.000000,-42.642226,0.000000,5.266508,11.685834,3.989094,13.039518,20.310015,-38.263628,288.383297,447.800150,209.391350,467.503357,6.717002,286.592096,294.652499,141.504847,562.436988,245.394482,221.661074,276.382253,200.614467,124.488442,251.663684,184.493662,253.902685,8.239523,988.742731,2.149441,164.790455,75.230425,157.625653,78.812826,137.026846,28.927890,26.868009,92.246831,102.994034,75.767785,-82.574348,42.272334,15.225205,67.617823,24.718568,24.091648,4.119761,223.900075
0.720000,1.049431,60.000000,-7.361122,1.053541,60.000000,-4.984819,1.038509,60.000000,-7.513561,1.014809,60.000000,-8.418431,1.015250,60.000000,-7.559474,1.017135,60.000000,-6.980149,1.007760,60.000000,-8.887101,1.006832,60.000000,-9.316986,1.032682,60.000000,-9.046517,1.025403,60.000000,-4.748821,1.021568,60.000000,-5.507734,1.011373,60.000000,-5.469254,1.023325,60.000000,-5.338341,1.021904,60.000000,-6.704352,1.026077,60.000000,-6.755404,1.040657,60.000000,-5.385268,1.042630,60.000000,-6.367045,1.039992,60.000000,-7.181192,1.054456,60.000000,-0.802378,0.995187,60.000000,-1.680508,1.040364,60.000000,-3.260966,1.055231,60.000000,0.675524,1.050688,60.000000,0.501145,1.045590,60.000000,-5.279291,1.061415,60.000000,-3.746059,1.059794,60.000000,-4.791923,1.047051,60.000000,-6.532845,1.056666,60.000000,-1.672815,1.054939,60.000000,0.781358,1.047500,60.000000,-2.827688,0.982000,60.000000,0.000000,0.983100,60.000000,2.349955,0.997200,60.000000,3.857337,1.012300,60.000000,2.950924,1.049630,60.000000,5.093842,1.063500,60.000000,7.495099,1.027800,60.000000,2.312208,1.026500,60.000000,7.089511,1.030000,60.000000,-8.796257,1.000000,1.000000,1.000000,1.000000,1.000000,1.000000,1.000000,1.000000,-42.642226,0.000000,5.266508,11.685834,3.989094,13.039518,20.310015,-38.263628,288.383297,447.800150,209.391350,467.503357,6.717002,286.592096,294.652499,141.504847,562.436988,245.394482,221.661074,276.382253,200.614467,124.488442,251.663684,184.493662,253.902685,8.239523,988.742731,2.149441,164.790455,75.230425,157.625653,78.812826,137.026846,28.927890,26.868009,92.246831,102.994034,75.767785,-82.574348,42.272334,15.225205,67.617823,24.718568,24.091648,4.119761,223.900075
0.740000,1.049431,60.000000,-7.361122,1.053541,60.000000,-4.984819,1.038509,60.000000,-7.513561,1.014809,60.000000,-8.418431,1.015250,60.000000,-7.559474,1.017135,60.000000,-6.980149,1.007760,60.000000,-8.887101,1.006832,60.000000,-9.316986,1.032682,60.000000,-9.046517,1.025403,60.000000,-4.748821,1.021568,60.000000,-5.507734,1.011373,60.000000,-5.469254,1.023325,60.000000,-5.338341,1.021904,60.000000,-6.704352,1.026077,60.000000,-6.755404,1.040657,60.000000,-5.385268,1.042630,60.000000,-6.367045,1.039992,60.000000,-7.181192,1.054456,60.000000,-0.802378,0.995187,60.000000,-1.680508,1.040364,60.000000,-3.260966,1.055231,60.000000,0.675524,1.050688,60.000000,0.501145,1.045590,60.000000,-5.279291,1.061415,60.000000,-3.746059,1.059794,60.000000,-4.791923,1.047051,60.000000,-6.532845,1.056666,60.000000,-1.672815,1.054939,60.000000,0.781358,1.047500,60.000000,-2.827688,0.982000,60.000000,0.000000,0.983100,60.000000,2.349955,0.997200,60.000000,3.857337,1.012300,60.000000,2.950924,1.049630,60.000000,5.093842,1.063500,60.000000,7.495099,1.027800,60.000000,2.312208,1.026500,60.000000,7.089511,1.030000,60.000000,-8.796257,1.000000,1.000000,1.000000,1.000000,1.000000,1.000000,1.000000,1.000000,-42.642226,0.000000,5.266508,11.685834,3.989094,13.039518,20.310015,-38.263628,288.383297,447.800150,209.391350,467.503357,6.717002,286.592096,294.652499,141.504847,562.436988,245.394482,221.661074,276.382253,200.614467,124.488442,251.663684,184.493662,253.902685,8.239523,988.742731,2.149441,164.790455,75.230425,157.625653,78.812826,137.026846,28.927890,26.868009,92.246831,102.994034,75.767785,-82.574348,42.272334,15.225205,67.617823,24.718568,24.091648,4.119761,223.900075
0.760000,1.049431,60.000000,-7.361122,1.053541,60.000000,-4.984819,1.038509,60.000000,-7.513561,1.014809,60.000000,-8.418431,1.015250,60.000000,-7.559474,1.017135,60.000000,-6.980149,1.007760,60.000000,-8.887101,1.006832,60.000000,-9.316986,1.032682,60.000000,-9.046517,1.025403,60.000000,-4.748821,1.021568,60.000000,-5.507734,1.011373,60.000000,-5.469254,1.023325,60.000000,-5.338341,1.021904,60.000000,-6.704352,1.026077,60.000000,-6.755404,1.040657,60.000000,-5.385268,1.042630,60.000000,-6.367045,1.039992,60.000000,-7.181192,1.054456,60.000000,-0.802378,0.995187,60.000000,-1.680508,1.040364,60.000000,-3.260966,1.055231,60.000000,0.675524,1.050688,60.000000,0.501145,1.045590,60.000000,-5.279291,1.061415,60.000000,-3.746059,1.059794,60.000000,-4.791923,1.047051,60.000000,-6.532845,1.056666,60.000000,-1.672815,1.054939,60.000000,0.781358,1.047500,60.000000,-2.827688,0.982000,60.000000,0.000000,0.983100,60.000000,2.349955,0.997200,60.000000,3.857337,1.012300,60.000000,2.950924,1.049630,60.000000,5.093842,1.063500,60.000000,7.495099,1.027800,60.000000,2.312208,1.026500,60.000000,7.089511,1.030000,60.000000,-8.796257,1.000000,1.000000,1.000000,1.000000,1.000000,1.000000,1.000000,1.000000,-42.642226,0.000000,5.266508,11.685834,3.989094,13.039518,20.310015,-38.263628,288.383297,447.800150,209.391350,467.503357,6.717002,286.592096,294.652499,141.504847,562.436988,245.394482,221.661074,276.382253,200.614467,124.488442,251.663684,184.493662,253.902685,8.239523,988.742731,2.149441,164.790455,75.230425,157.625653,78.812826,137.026846,28.927890,26.868009,92.246831,102.994034,75.767785,-82.574348,42.272334,15.225205,67.617823,24.718568,24.091648,4.119761,223.900075
0.780000,1.049431,60.000000,-7.361122,1.053541,60.000000,-4.984819,1.038509,60.000000,-7.513561,1.014809,60.000000,-8.418431,1.015250,60.000000,-7.559474,1.017135,60.000000,-6.980149,1.007760,60.000000,-8.887101,1.006832,60.000000,-9.316986,1.032682,60.000000,-9.046517,1.025403,60.000000,-4.748821,1.021568,60.000000,-5.507734,1.011373,60.000000,-5.469254,1.023325,60.000000,-5.338341,1.021904,60.000000,-6.704352,1.026077,60.000000,-6.755404,1.040657,60.000000,-5.385268,1.042630,60.000000,-6.367045,1.039992,60.000000,-7.181192,1.054456,60.000000,-0.802378,0.995187,60.000000,-1.680508,1.040364,60.000000,-3.260966,1.055231,60.000000,0.675524,1.050688,60.000000,0.501145,1.045590,60.000000,-5.279291,1.061415,60.000000,-3.746059,1.059794,60.000000,-4.791923,1.047051,60.000000,-6.532845,1.056666,60.000000,-1.672815,1.054939,60.000000,0.781358,1.047500,60.000000,-2.827688,0.982000,60.000000,0.000000,0.983100,60.000000,2.349955,0.997200,60.000000,3.857337,1.012300,60.000000,2.950924,1.049630,60.000000,5.093842,1.063500,60.000000,7.495099,1.027800,60.000000,2.312208,1.026500,60.000000,7.089511,1.030000,60.000000,-8.796257,1.000000,1.000000,1.000000,1.000000,1.000000,1.000000,1.000000,1.000000,-42.642226,0.000000,5.266508,11.685834,3.989094,13.039518,20.310015,-38.263628,288.383297,447.800150,209.391350,467.503357,6.717002,286.592096,294.652499,141.504847,562.436988,245.394482,221.661074,276.382253,200.614467,124.488442,251.663684,184.493662,253.902685,8.239523,988.742731,2.149441,164.790455,75.230425,157.625653,78.812826,137.026846,28.927890,26.868009,92.246831,102.994034,75.767785,-82.574348,42.272334,15.225205,67.617823,24.718568,24.091648,4.119761,223.900075
0.800000,1.049431,60.000000,-7.361122,1.053541,60.000000,-4.984819,1.038509,60.000000,-7.513561,1.014809,60.000000,-8.418431,1.015250,60.000000,-7.559474,1.017135,60.000000,-6.980149,1.007760,60.000000,-8.887101,1.006832,60.000000,-9.316986,1.032682,60.000000,-9.046517,1.025403,60.000000,-4.748821,1.021568,60.000000,-5.507734,1.011373,60.000000,-5.469254,1.023325,60.000000,-5.338341,1.021904,60.000000,-6.704352,1.026077,60.000000,-6.755404,1.040657,60.000000,-5.385268,1.042630,60.000000,-6.367045,1.039992,60.000000,-7.181192,1.054456,60.000000,-0.802378,0.995187,60.000000,-1.680508,1.040364,60.000000,-3.260966,1.055231,60.000000,0.675524,1.050688,60.000000,0.501145,1.045590,60.000000,-5.279291,1.061415,60.000000,-3.746059,1.059794,60.000000,-4.791923,1.047051,60.000000,-6.532845,1.056666,60.000000,-1.672815,1.054939,60.000000,0.781358,1.047500,60.000000,-2.827688,0.982000,60.000000,0.000000,0.983100,60.000000,2.349955,0.997200,60.000000,3.857337,1.012300,60.000000,2.950924,1.049630,60.000000,5.093842,1.063500,60.000000,7.495099,1.027800,60.000000,2.312208,1.026500,60.000000,7.089511,1.030000,60.000000,-8.796257,1.000000,1.000000,1.000000,1.000000,1.000000,1.000000,1.000000,1.000000,-42.642226,0.000000,5.266508,11.685834,3.989094,13.039518,20.310015,-38.263628,288.383297,447.800150,209.391350,467.503357,6.717002,286.592096,294.652499,141.504847,562.436988,245.394482,221.661074,276.382253,200.614467,124.488442,251.663684,184.493662,253.902685,8.239523,988.742731,2.149441,164.790455,75.230425,157.625653,78.812826,137.026846,28.927890,26.868009,92.246831,102.994034,75.767785,-82.574348,42.272334,15.225205,67.617823,24.718568,24.091648,4.119761,223.900075
0.820000,1.049431,60.000000,-7.361122,1.053541,60.000000,-4.984819,1.038509,60.000000,-7.513561,1.014809,60.000000,-8.418431,1.015250,60.000000,-7.559474,1.017135,60.000000,-6.980149,1.007760,60.000000,-8.887101,1.006832,60.000000,-9.316986,1.032682,60.000000,-9.046517,1.025403,60.000000,-4.748821,1.021568,60.000000,-5.507734,1.011373,60.000000,-5.469254,1.023325,60.000000,-5.338341,1.021904,60.000000,-6.704352,1.026077,60.000000,-6.755404,1.040657,60.000000,-5.385268,1.042630,60.000000,-6.367045,1.039992,60.000000,-7.181192,1.054456,60.000000,-0.802378,0.995187,60.000000,-1.680508,1.040364,60.000000,-3.260966,1.055231,60.000000,0.675524,1.050688,60.000000,0.501145,1.045590,60.000000,-5.279291,1.061415,60.000000,-3.746059,1.059794,60.000000,-4.791923,1.047051,60.000000,-6.532845,1.056666,60.000000,-1.672815,1.054939,60.000000,0.781358,1.047500,60.000000,-2.827688,0.982000,60.000000,0.000000,0.983100,60.000000,2.349955,0.997200,60.000000,3.857337,1.012300,60.000000,2.950924,1.049630,60.000000,5.093842,1.063500,60.000000,7.495099,1.027800,60.000000,2.312208,1.026500,60.000000,7.089511,1.030000,60.000000,-8.796257,1.000000,1.000000,1.000000,1.000000,1.000000,1.000000,1.000000,1.000000,-42.642226,0.000000,5.266508,11.685834,3.989094,13.039518,20.310015,-38.263628,288.383297,447.800150,209.391350,467.503357,6.717002,286.592096,294.652499,141.504847,562.436988,245.394482,221.661074,276.382253,200.614467,124.488442,251.663684,184.493662,253.902685,8.239523,988.742731,2.149441,164.790455,75.230425,157.625653,78.812826,137.026846,28.927890,26.868009,92.246831,102.994034,75.767785,-82.574348,42.272334,15.225205,67.617823,24.718568,24.091648,4.119761,223.900075
0.840000,1.049431,60.000000,-7.361122,1.053541,60.000000,-4.984819,1.038509,60.000000,-7.513561,1.014809,60.000000,-8.418431,1.015250,60.000000,-7.559474,1.017135,60.000000,-6.980149,1.007760,60.000000,-8.887101,1.006832,60.000000,-9.316986,1.032682,60.000000,-9.046517,1.025403,60.000000,-4.748821,1.021568,60.000000,-5.507734,1.011373,60.000000,-5.469254,1.023325,60.000000,-5.338341,1.021904,60.000000,-6.704352,1.026077,60.000000,-6.755404,1.040657,60.000000,-5.385268,1.042630,60.000000,-6.367045,1.039992,60.000000,-7.181192,1.054456,60.000000,-0.802378,0.995187,60.000000,-1.680508,1.040364,60.000000,-3.260966,1.055231,60.000000,0.675524,1.050688,60.000000,0.501145,1.045590,60.000000,-5.279291,1.061415,60.000000,-3.746059,1.059794,60.000000,-4.791923,1.047051,60.000000,-6.532845,1.056666,60.000000,-1.672815,1.054939,60.000000,0.781358,1.047500,60.000000,-2.827688,0.982000,60.000000,0.000000,0.983100,60.000000,2.349955,0.997200,60.000000,3.857337,1.012300,60.000000,2.950924,1.049630,60.000000,5.093842,1.063500,60.000000,7.495099,1.027800,60.000000,2.312208,1.026500,60.000000,7.089511,1.030000,60.000000,-8.796257,1.000000,1.000000,1.000000,1.000000,1.000000,1.000000,1.000000,1.000000,-42.642226,0.000000,5.266508,11.685834,3.989094,13.039518,20.310015,-38.263628,288.383297,447.800150,209.391350,467.503357,6.717002,286.592096,294.652499,141.504847,562.436988,245.394482,221.661074,276.382253,200.614467,124.488442,251.663684,184.493662,253.902685,8.239523,988.742731,2.149441,164.790455,75.230425,157.625653,78.812826,137.026846,28.927890,26.868009,92.246831,102.994034,75.767785,-82.574348,42.272334,15.225205,67.617823,24.718568,24.091648,4.119761,223.900075
0.860000,1.049431,60.000000,-7.361122,1.053541,60.000000,-4.984819,1.038509,60.000000,-7.513561,1.014809,60.000000,-8.418431,1.015250,60.000000,-7.559474,1.017135,60.000000,-6.980149,1.007760,60.000000,-8.887101,1.006832,60.000000,-9.316986,1.032682,60.000000,-9.046517,1.025403,60.000000,-4.748821,1.021568,60.000000,-5.507734,1.011373,60.000000,-5.469254,1.023325,60.000000,-5.338341,1.021904,60.000000,-6.704352,1.026077,60.000000,-6.755404,1.040657,60.000000,-5.385268,1.042630,60.000000,-6.367045,1.039992,60.000000,-7.181192,1.054456,60.000000,-0.802378,0.995187,60.000000,-1.680508,1.040364,60.000000,-3.260966,1.055231,60.000000,0.675524,1.050688,60.000000,0.501145,1.045590,60.000000,-5.279291,1.061415,60.000000,-3.746059,1.059794,60.000000,-4.791923,1.047051,60.000000,-6.532845,1.056666,60.000000,-1.672815,1.054939,60.000000,0.781358,1.047500,60.000000,-2.827688,0.982000,60.000000,0.000000,0.983100,60.000000,2.349955,0.997200,60.000000,3.857337,1.012300,60.000000,2.950924,1.049630,60.000000,5.093842,1.063500,60.000000,7.495099,1.027800,60.000000,2.312208,1.026500,60.000000,7.089511,1.030000,60.000000,-8.796257,1.000000,1.000000,1.000000,1.000000,1.000000,1.000000,1.000000,1.000000,-42.642226,0.000000,5.266508,11.685834,3.989094,13.039518,20.310015,-38.263628,288.383297,447.800150,209.391350,467.503357,6.717002,286.592096,294.652499,141.504847,562.436988,245.394482,221.661074,276.382253,200.614467,124.488442,251.663684,184.493662,253.902685,8.239523,988.742731,2.149441,164.790455,75.230425,157.625653,78.812826,137.026846,28.927890,26.868009,92.246831,102.994034,75.767785,-82.574348,42.272334,15.225205,67.617823,24.718568,24.091648,4.119761,223.900075
0.880000,1.049431,60.000000,-7.361122,1.053541,60.000000,-4.984819,1.038509,60.000000,-7.513561,1.014809,60.000000,-8.418431,1.015250,60.000000,-7.559474,1.017135,60.000000,-6.980149,1.007760,60.000000,-8.887101,1.006832,60.000000,-9.316986,1.032682,60.000000,-9.046517,1.025403,60.000000,-4.748821,1.021568,60.000000,-5.507734,1.011373,60.000000,-5.469254,1.023325,60.000000,-5.338341,1.021904,60.000000,-6.704352,1.026077,60.000000,-6.755404,1.040657,60.000000,-5.385268,1.042630,60.000000,-6.367045,1.039992,60.000000,-7.181192,1.054456,60.000000,-0.802378,0.995187,60.000000,-1.680508,1.040364,60.000000,-3.260966,1.055231,60.000000,0.675524,1.050688,60.000000,0.501145,1.045590,60.000000,-5.279291,1.061415,60.000000,-3.746059,1.059794,60.000000,-4.791923,1.047051,60.000000,-6.532845,1.056666,60.000000,-1.672815,1.054939,60.000000,0.781358,1.047500,60.000000,-2.827688,0.982000,60.000000,0.000000,0.983100,60.000000,2.349955,0.997200,60.000000,3.857337,1.012300,60.000000,2.950924,1.049630,60.000000,5.093842,1.063500,60.000000,7.495099,1.027800,60.000000,2.312208,1.026500,60.000000,7.089511,1.030000,60.000000,-8.796257,1.000000,1.000000,1.000000,1.000000,1.000000,1.000000,1.000000,1.000000,-42.642226,0.000000,5.266508,11.685834,3.989094,13.039518,20.310015,-38.263628,288.383297,447.800150,209.391350,467.503357,6.717002,286.592096,294.652499,141.504847,562.436988,245.394482,221.661074,276.382253,200.614467,124.488442,251.663684,184.493662,253.902685,8.239523,988.742731,2.149441,164.790455,75.230425,157.625653,78.812826,137.026846,28.927890,26.868009,92.246831,102.994034,75.767785,-82.574348,42.272334,15.225205,67.617823,24.718568,24.091648,4.119761,223.900075
0.900000,1.049431,60.000000,-7.361122,1.053541,60.000000,-4.984819,1.038509,60.000000,-7.513561,1.014809,60.000000,-8.418431,1.015250,60.000000,-7.559474,1.017135,60.000000,-6.980149,1.007760,60.000000,-8.887101,1.006832,60.000000,-9.316986,1.032682,60.000000,-9.046517,1.025403,60.000000,-4.748821,1.021568,60.000000,-5.507734,1.011373,60.000000,-5.469254,1.023325,60.000000,-5.338341,1.021904,60.000000,-6.704352,1.026077,60.000000,-6.755404,1.040657,60.000000,-5.385268,1.042630,60.000000,-6.367045,1.039992,60.000000,-7.181192,1.054456,60.000000,-0.802378,0.995187,60.000000,-1.680508,1.040364,60.000000,-3.260966,1.055231,60.000000,0.675524,1.050688,60.000000,0.501145,1.045590,60.000000,-5.279291,1.061415,60.000000,-3.746059,1.059794,60.000000,-4.791923,1.047051,60.000000,-6.532845,1.056666,60.000000,-1.672815,1.054939,60.000000,0.781358,1.047500,60.000000,-2.827688,0.982000,60.000000,0.000000,0.983100,60.000000,2.349955,0.997200,60.000000,3.857337,1.012300,60.000000,2.950924,1.049630,60.000000,5.093842,1.063500,60.000000,7.495099,1.027800,60.000000,2.312208,1.026500,60.000000,7.089511,1.030000,60.000000,-8.796257,1.000000,1.000000,1.000000,1.000000,1.000000,1.000000,1.000000,1.000000,-42.642226,0.000000,5.266508,11.685834,3.989094,13.039518,20.310015,-38.263628,288.383297,447.800150,209.391350,467.503357,6.717002,286.592096,294.652499,141.504847,562.436988,245.394482,221.661074,276.382253,200.614467,124.488442,251.663684,184.493662,253.902685,8.239523,988.742731,2.149441,164.790455,75.230425,157.625653,78.812826,137.026846,28.927890,26.868009,92.246831,102.994034,75.767785,-82.574348,42.272334,15.225205,67.617823,24.718568,24.091648,4.119761,223.900075
0.920000,1.049431,60.000000,-7.361122,1.053541,60.000000,-4.984819,1.038509,60.000000,-7.513561,1.014809,60.000000,-8.418431,1.015250,60.000000,-7.559474,1.017135,60.000000,-6.980149,1.007760,60.000000,-8.887101,1.006832,60.000000,-9.316986,1.032682,60.000000,-9.046517,1.025403,60.000000,-4.748821,1.021568,60.000000,-5.507734,1.011373,60.000000,-5.469254,1.023325,60.000000,-5.338341,1.021904,60.000000,-6.704352,1.026077,60.000000,-6.755404,1.040657,60.000000,-5.385268,1.042630,60.000000,-6.367045,1.039992,60.000000,-7.181192,1.054456,60.000000,-0.802378,0.995187,60.000000,-1.680508,1.040364,60.000000,-3.260966,1.055231,60.000000,0.675524,1.050688,60.000000,0.501145,1.045590,60.000000,-5.279291,1.061415,60.000000,-3.746059,1.059794,60.000000,-4.791923,1.047051,60.000000,-6.532845,1.056666,60.000000,-1.672815,1.054939,60.000000,0.781358,1.047500,60.000000,-2.827688,0.982000,60.000000,0.000000,0.983100,60.000000,2.349955,0.997200,60.000000,3.857337,1.012300,60.000000,2.950924,1.049630,60.000000,5.093842,1.063500,60.000000,7.495099,1.027800,60.000000,2.312208,1.026500,60.000000,7.089511,1.030000,60.000000,-8.796257,1.000000,1.000000,1.000000,1.000000,1.000000,1.000000,1.000000,1.000000,-42.642226,0.000000,5.266508,11.685834,3.989094,13.039518,20.310015,-38.263628,288.383297,447.800150,209.391350,467.503357,6.717002,286.592096,294.652499,141.504847,562.436988,245.394482,221.661074,276.382253,200.614467,124.488442,251.663684,184.493662,253.902685,8.239523,988.742731,2.149441,164.790455,75.230425,157.625653,78.812826,137.026846,28.927890,26.868009,92.246831,102.994034,75.767785,-82.574348,42.272334,15.225205,67.617823,24.718568,24.091648,4.119761,223.900075
0.940000,1.049431,60.000000,-7.361122,1.053541,60.000000,-4.984819,1.038509,60.000000,-7.513561,1.014809,60.000000,-8.418431,1.015250,60.000000,-7.559474,1.017135,60.000000,-6.980149,1.007760,60.000000,-8.887101,1.006832,60.000000,-9.316986,1.032682,60.000000,-9.046517,1.025403,60.000000,-4.748821,1.021568,60.000000,-5.507734,1.011373,60.000000,-5.469254,1.023325,60.000000,-5.338341,1.021904,60.000000,-6.704352,1.026077,60.000000,-6.755404,1.040657,60.000000,-5.385268,1.042630,60.000000,-6.367045,1.039992,60.000000,-7.181192,1.054456,60.000000,-0.802378,0.995187,60.000000,-1.680508,1.040364,60.000000,-3.260966,1.055231,60.000000,0.675524,1.050688,60.000000,0.501145,1.045590,60.000000,-5.279291,1.061415,60.000000,-3.746059,1.059794,60.000000,-4.791923,1.047051,60.000000,-6.532845,1.056666,60.000000,-1.672815,1.054939,60.000000,0.781358,1.047500,60.000000,-2.827688,0.982000,60.000000,0.000000,0.983100,60.000000,2.349955,0.997200,60.000000,3.857337,1.012300,60.000000,2.950924,1.049630,60.000000,5.093842,1.063500,60.000000,7.495099,1.027800,60.000000,2.312208,1.026500,60.000000,7.089511,1.030000,60.000000,-8.796257,1.000000,1.000000,1.000000,1.000000,1.000000,1.000000,1.000000,1.000000,-42.642226,0.000000,5.266508,11.685834,3.989094,13.039518,20.310015,-38.263628,288.383297,447.800150,209.391350,467.503357,6.717002,286.592096,294.652499,141.504847,562.436988,245.394482,221.661074,276.382253,200.614467,124.488442,251.663684,184.493662,253.902685,8.239523,988.742731,2.149441,164.790455,75.230425,157.625653,78.812826,137.026846,28.927890,26.868009,92.246831,102.994034,75.767785,-82.574348,42.272334,15.225205,67.617823,24.718568,24.091648,4.119761,223.900075
0.960000,1.049431,60.000000,-7.361122,1.053541,60.000000,-4.984819,1.038509,60.000000,-7.513561,1.014809,60.000000,-8.418431,1.015250,60.000000,-7.559474,1.017135,60.000000,-6.980149,1.007760,60.000000,-8.887101,1.006832,60.000000,-9.316986,1.032682,60.000000,-9.046517,1.025403,60.000000,-4.748821,1.021568,60.000000,-5.507734,1.011373,60.000000,-5.469254,1.023325,60.000000,-5.338341,1.021904,60.000000,-6.704352,1.026077,60.000000,-6.755404,1.040657,60.000000,-5.385268,1.042630,60.000000,-6.367045,1.039992,60.000000,-7.181192,1.054456,60.000000,-0.802378,0.995187,60.000000,-1.680508,1.040364,60.000000,-3.260966,1.055231,60.000000,0.675524,1.050688,60.000000,0.501145,1.045590,60.000000,-5.279291,1.061415,60.000000,-3.746059,1.059794,60.000000,-4.791923,1.047051,60.000000,-6.532845,1.056666,60.000000,-1.672815,1.054939,60.000000,0.781358,1.047500,60.000000,-2.827688,0.982000,60.000000,0.000000,0.983100,60.000000,2.349955,0.997200,60.000000,3.857337,1.012300,60.000000,2.950924,1.049630,60.000000,5.093842,1.063500,60.000000,7.495099,1.027800,60.000000,2.312208,1.026500,60.000000,7.089511,1.030000,60.000000,-8.796257,1.000000,1.000000,1.000000,1.000000,1.000000,1.000000,1.000000,1.000000,-42.642226,0.000000,5.266508,11.685834,3.989094,13.039518,20.310015,-38.263628,288.383297,447.800150,209.391350,467.503357,6.717002,286.592096,294.652499,141.504847,562.436988,245.394482,221.661074,276.382253,200.614467,124.488442,251.663684,184.493662,253.902685,8.239523,988.742731,2.149441,164.790455,75.230425,157.625653,78.812826,137.026846,28.927890,26.868009,92.246831,102.994034,75.767785,-82.574348,42.272334,15.225205,67.617823,24.718568,24.091648,4.119761,223.900075
0.980000,1.049431,60.000000,-7.361122,1.053541,60.000000,-4.984819,1.038509,60.000000,-7.513561,1.014809,60.000000,-8.418431,1.015250,60.000000,-7.559474,1.017135,60.000000,-6.980149,1.007760,60.000000,-8.887101,1.006832,60.000000,-9.316986,1.032682,60.000000,-9.046517,1.025403,60.000000,-4.748821,1.021568,60.000000,-5.507734,1.011373,60.000000,-5.469254,1.023325,60.000000,-5.338341,1.021904,60.000000,-6.704352,1.026077,60.000000,-6.755404,1.040657,60.000000,-5.385268,1.042630,60.000000,-6.367045,1.039992,60.000000,-7.181192,1.054456,60.000000,-0.802378,0.995187,60.000000,-1.680508,1.040364,60.000000,-3.260966,1.055231,60.000000,0.675524,1.050688,60.000000,0.501145,1.045590,60.000000,-5.279291,1.061415,60.000000,-3.746059,1.059794,60.000000,-4.791923,1.047051,60.000000,-6.532845,1.056666,60.000000,-1.672815,1.054939,60.000000,0.781358,1.047500,60.000000,-2.827688,0.982000,60.000000,0.000000,0.983100,60.000000,2.349955,0.997200,60.000000,3.857337,1.012300,60.000000,2.950924,1.049630,60.000000,5.093842,1.063500,60.000000,7.495099,1.027800,60.000000,2.312208,1.026500,60.000000,7.089511,1.030000,60.000000,-8.796257,1.000000,1.000000,1.000000,1.000000,1.000000,1.000000,1.000000,1.000000,-42.642226,0.000000,5.266508,11.685834,3.989094,13.039518,20.310015,-38.263628,288.383297,447.800150,209.391350,467.503357,6.717002,286.592096,294.652499,141.504847,562.436988,245.394482,221.661074,276.382253,200.614467,124.488442,251.663684,184.493662,253.902685,8.239523,988.742731,2.149441,164.790455,75.230425,157.625653,78.812826,137.026846,28.927890,26.868009,92.246831,102.994034,75.767785,-82.574348,42.272334,15.225205,67.617823,24.718568,24.091648,4.119761,223.900075
1.000000,1.049431,60.000000,-7.361122,1.053541,60.000000,-4.984819,1.038509,60.000000,-7.513561,1.014809,60.000000,-8.418431,1.015250,60.000000,-7.559474,1.017135,60.000000,-6.980149,1.007760,60.000000,-8.887101,1.006832,60.000000,-9.316986,1.032682,60.000000,-9.046517,1.025403,60.000000,-4.748821,1.021568,60.000000,-5.507734,1.011373,60.000000,-5.469254,1.023325,60.000000,-5.338341,1.021904,60.000000,-6.704352,1.026077,60.000000,-6.755404,1.040657,60.000000,-5.385268,1.042630,60.000000,-6.367045,1.039992,60.000000,-7.181192,1.054456,60.000000,-0.802378,0.995187,60.000000,-1.680508,1.040364,60.000000,-3.260966,1.055231,60.000000,0.675524,1.050688,60.000000,0.501145,1.045590,60.000000,-5.279291,1.061415,60.000000,-3.746059,1.059794,60.000000,-4.791923,1.047051,60.000000,-6.532845,1.056666,60.000000,-1.672815,1.054939,60.000000,0.781358,1.047500,60.000000,-2.827688,0.982000,60.000000,0.000000,0.983100,60.000000,2.349955,0.997200,60.000000,3.857337,1.012300,60.000000,2.950924,1.049630,60.000000,5.093842,1.063500,60.000000,7.495099,1.027800,60.000000,2.312208,1.026500,60.000000,7.089511,1.030000,60.000000,-8.796257,1.000000,1.000000,1.000000,1.000000,1.000000,1.000000,1.000000,1.000000,-42.642226,0.000000,5.266508,11.685834,3.989094,13.039518,20.310015,-38.263628,288.383297,447.800150,209.391350,467.503357,6.717002,286.592096,294.652499,141.504847,562.436988,245.394482,221.661074,276.382253,200.614467,124.488442,251.663684,184.493662,253.902685,8.239523,988.742731,2.149441,164.790455,75.230425,157.625653,78.812826,137.026846,28.927890,26.868009,92.246831,102.994034,75.767785,-82.574348,42.272334,15.225205,67.617823,24.718568,24.091648,4.119761,223.900075
1.020000,0.000000,59.919716,-97.181343,0.665810,59.837635,-10.338659,0.711426,59.728670,-17.197582,0.735868,59.732479,-18.055569,0.759757,59.787741,-15.413492,0.766110,59.801858,-14.368186,0.754680,59.774890,-17.234469,0.754380,59.772871,-17.747501,0.822773,59.894834,-13.172193,0.781204,59.825718,-11.272815,0.774381,59.817323,-12.328424,0.755393,59.809239,-12.494855,0.772913,59.803191,-12.498655,0.759216,59.746716,-15.481579,0.769375,59.647527,-17.809735,0.792231,59.634332,-16.358314,0.764905,59.662640,-17.247227,0.742473,59.678814,-17.955326,0.857430,59.781565,-6.676436,0.829060,59.786562,-7.382283,0.808849,59.580300,-15.034072,0.845795,59.552852,-10.922524,0.838120,59.506764,-12.297958,0.803452,59.601992,-17.008978,0.714679,59.870194,-10.741442,0.763147,59.747702,-14.206053,0.755401,59.685820,-17.547064,0.802424,59.780453,-9.445450,0.819301,59.818843,-5.594970,0.818000,59.931212,-4.747411,0.797165,59.959907,-2.272309,0.806665,59.965991,0.098967,0.842566,59.875572,1.247287,0.881439,59.872114,-0.271857,0.874915,59.588553,-4.741909,0.868534,59.345627,-7.957349,0.774496,60.031189,0.602955,0.842160,59.906942,3.779875,0.855331,59.960615,-10.279328,0.999927,0.999932,1.000021,0.999703,0.999779,1.000089,1.000079,0.999842,-42.645523,0.000000,5.285957,11.642298,3.954524,13.073509,20.340534,-38.285950,281.313107,442.044665,208.047411,464.462872,6.675235,285.752144,294.596916,140.041437,562.436989,245.394482,221.661074,276.382253,196.050703,123.960101,250.099389,184.493662,253.902685,8.239316,988.742731,2.096744,162.672437,74.747573,156.600509,78.322762,136.625244,28.922433,26.590146,92.246832,102.994035,75.767786,-82.574347,41.310684,15.160588,67.197523,24.718568,24.091648,4.119658,223.900075
1.040000,0.000000,59.940503,-97.607134,0.644938,59.893923,-11.187481,0.687212,59.833455,-18.592448,0.708586,59.834087,-19.436601,0.731734,59.864628,-16.517902,0.737944,59.872934,-15.399801,0.726645,59.855608,-18.411339,0.726605,59.854187,-18.935541,0.801343,59.926027,-13.725420,0.753192,59.891266,-12.160396,0.746255,59.884929,-13.266144,0.726538,59.880984,-13.470742,0.744976,59.878325,-13.501802,0.731893,59.846180,-16.772586,0.744180,59.796947,-19.572633,0.768614,59.793885,-18.170290,0.740441,59.803821,-18.942756,0.718017,59.809680,-19.583050,0.832823,59.861388,-7.815201,0.805304,59.856392,-8.530873,0.788329,59.778574,-17.052581,0.828892,59.777712,-13.021618,0.821317,59.767858,-14.557822,0.780964,59.781992,-18.955856,0.690312,59.916588,-11.404418,0.736487,59.844808,-15.504430,0.729330,59.811359,-19.150908,0.774809,59.861547,-10.588371,0.792024,59.886274,-6.528080,0.800595,59.941795,-5.145457,0.770692,59.959448,-2.522921,0.782021,59.978179,-0.038656,0.820998,59.912169,0.576744,0.858637,59.906930,-0.974661,0.862139,59.786264,-6.722008,0.856776,59.749366,-10.726725,0.745756,60.017925,0.807296,0.817315,59.945147,3.339806,0.839248,59.963171,-10.497662,0.999855,0.999857,1.000028,0.999340,0.999549,1.000164,1.000172,0.999684,-42.646557,0.000000,5.342511,11.481948,3.855864,13.174387,20.440013,-38.341520,276.918954,436.106267,205.870312,459.633403,6.603723,283.801508,293.745461,138.532706,562.436989,245.290035,221.661074,276.069275,193.071764,122.919141,247.735931,184.127794,253.852214,8.217407,988.742731,2.063993,160.487107,73.965382,154.972183,77.483685,135.692597,28.838841,26.303679,92.246832,102.950198,75.767786,-82.480839,40.682979,15.033276,66.562502,24.669549,24.086859,4.108703,223.900075
1.060000,0.000000,59.949189,-97.899494,0.630620,59.916414,-11.746663,0.670717,59.873722,-19.498667,0.690130,59.874180,-20.340103,0.712821,59.895901,-17.245650,0.718938,59.901827,-16.079453,0.707738,59.889355,-19.192451,0.707870,59.888357,-19.724906,0.786773,59.939485,-14.099019,0.734187,59.915958,-12.727596,0.727209,59.911078,-13.872155,0.707029,59.908367,-14.098799,0.726033,59.906588,-14.144351,0.713376,59.883345,-17.602108,0.727063,59.848616,-20.681715,0.752530,59.846968,-19.292502,0.723727,59.853789,-20.011472,0.701329,59.857426,-20.621790,0.815657,59.885328,-8.596910,0.788461,59.879606,-9.355177,0.774484,59.840513,-18.236721,0.817734,59.844305,-14.184105,0.809861,59.842806,-15.745725,0.765607,59.840500,-20.135124,0.673631,59.935443,-11.819126,0.718013,59.885070,-16.330626,0.711397,59.859790,-20.175837,0.755286,59.900303,-11.304098,0.772609,59.920005,-7.090867,0.788528,59.946463,-5.447597,0.753011,59.961094,-2.714798,0.765104,59.979907,-0.092788,0.805631,59.916839,0.067503,0.842109,59.916366,-1.502351,0.854571,59.846068,-7.858411,0.848006,59.854286,-11.878642,0.726199,60.011882,0.998902,0.799384,59.966705,3.140515,0.828213,59.964915,-10.661306,0.999782,0.999801,1.000045,0.998985,0.999318,1.000245,1.000289,0.999517,-42.650430,0.000000,5.432608,11.194115,3.685536,13.337161,20.613288,-38.439323,273.320584,430.907686,203.821389,455.103033,6.535568,281.827657,292.577562,137.199594,562.202975,244.895218,221.661074,275.360626,190.603140,121.873482,245.489633,183.340941,253.307410,8.182670,988.742731,2.037172,158.574029,73.229242,153.444701,76.683998,134.748849,28.724180,26.050556,92.208450,102.784489,75.767785,-82.269118,40.162805,14.905390,65.958958,24.564126,24.035165,4.091335,223.900075
1.080000,0.000000,59.953531,-98.116148,0.619810,59.928093,-12.164478,0.658328,59.894469,-20.180480,0.676370,59.895598,-21.015715,0.698775,59.913152,-17.784995,0.704822,59.917833,-16.582122,0.693736,59.908258,-19.771069,0.694011,59.907514,-20.309466,0.776215,59.946798,-14.371515,0.719977,59.929052,-13.142342,0.713000,59.925159,-14.317344,0.692485,59.922913,-14.561228,0.711873,59.921388,-14.618312,0.699541,59.902373,-18.222974,0.714261,59.872962,-21.526453,0.740485,59.870735,-20.151474,0.711148,59.877774,-20.820876,0.688780,59.881018,-21.407070,0.802735,59.893669,-9.252729,0.775676,59.889231,-10.046416,0.764147,59.866221,-19.132296,0.809443,59.869584,-15.053817,0.801246,59.869642,-16.617931,0.754095,59.866033,-21.031957,0.661044,59.946360,-12.104377,0.703848,59.907624,-16.923133,0.697756,59.885167,-20.936208,0.740046,59.924410,-11.780653,0.757385,59.941875,-7.436570,0.779543,59.947844,-5.697539,0.739965,59.963693,-2.855532,0.752327,59.980912,-0.105298,0.793962,59.913121,-0.418080,0.829417,59.918103,-1.966221,0.849148,59.869459,-8.725218,0.841136,59.883378,-12.653706,0.711443,60.010937,1.206194,0.785234,59.982802,3.102879,0.820431,59.965601,-10.782106,0.999709,0.999764,1.000072,0.998653,0.999094,1.000333,1.000425,0.999350,-42.665758,0.000000,5.552297,10.777729,3.436941,13.556548,20.861444,-38.589324,270.295324,426.411484,202.002470,451.091482,6.474362,280.008425,291.390979,136.034848,561.397116,244.408738,221.661074,274.562207,188.509325,120.891838,243.442224,182.421296,252.461780,8.146720,988.742731,2.014624,156.919426,72.575738,152.092147,75.965852,133.879028,28.607686,25.829401,92.076279,102.580310,75.767785,-82.030575,39.721608,14.785333,65.408854,24.440912,23.954927,4.073360,223.900075
1.100000,0.000000,59.955660,-98.281166,0.611169,59.935396,-12.488562,0.648487,59.907716,-20.718734,0.665513,59.909565,-21.542576,0.687734,59.924606,-18.197395,0.693722,59.928542,-16.964369,0.682766,59.920736,-20.213809,0.683169,59.920102,-20.757002,0.768213,59.951018,-14.575231,0.708720,59.937939,-13.452520,0.701774,59.934659,-14.652622,0.680998,59.932674,-14.911438,0.700662,59.931274,-14.978907,0.688604,59.914748,-18.708610,0.704178,59.888218,-22.210100,0.731009,59.885343,-20.854144,0.701165,59.892944,-21.470334,0.678818,59.896006,-22.034003,0.792678,59.897222,-9.841687,0.765685,59.893794,-10.662551,0.756014,59.881860,-19.862692,0.802915,59.884723,-15.762447,0.794429,59.885188,-17.324064,0.745030,59.881654,-21.763713,0.650968,59.954141,-12.295226,0.692327,59.923276,-17.356043,0.686770,59.901978,-21.525011,0.727423,59.942384,-12.082504,0.744726,59.958837,-7.617735,0.772557,59.947496,-5.914876,0.729766,59.966567,-2.944992,0.742088,59.982695,-0.076084,0.784854,59.907757,-0.908437,0.819440,59.916944,-2.401028,0.844915,59.884125,-9.437328,0.835585,59.897910,-13.265164,0.699530,60.012398,1.449764,0.773428,59.996898,3.202285,0.814775,59.965184,-10.872092,0.999636,0.999742,1.000107,0.998349,0.998876,1.000425,1.000575,0.999186,-42.700069,0.000000,5.698017,10.236312,3.105522,13.827477,21.184238,-38.798391,267.695210,422.489903,200.398119,447.562032,6.419742,278.368821,290.269779,135.011086,560.367306,243.910777,221.639577,273.772458,186.690248,119.978260,241.580626,181.456782,251.478543,8.112509,988.742731,1.995244,155.476284,71.999324,150.902141,75.324975,133.095092,28.497611,25.635016,91.907377,102.371312,75.760437,-81.794623,39.338302,14.673600,64.908673,24.311685,23.861632,4.056254,223.900075
1.120000,0.981584,59.980626,-9.091613,0.965367,59.976448,-7.929644,0.941798,60.001924,-11.931302,0.914744,60.009798,-12.860524,0.917260,59.997619,-11.293463,0.919235,59.991691,-10.553630,0.910793,60.009205,-12.696878,0.910860,60.012549,-13.127693,0.959616,59.993037,-11.109463,0.926478,59.976751,-8.078310,0.922781,59.981774,-8.928162,0.909538,59.982438,-9.017414,0.923486,59.982136,-8.992623,0.920896,59.995013,-11.157108,0.922895,59.998075,-12.944824,0.938350,59.985981,-11.991884,0.940813,59.998636,-12.112868,0.939889,60.003345,-12.505302,0.957260,59.932759,-5.589351,0.904047,59.950921,-6.323440,0.937486,59.971095,-11.136052,0.952128,59.941294,-8.096296,0.945938,59.930263,-9.253124,0.943785,59.984441,-12.513245,0.966543,59.965103,-6.139339,0.956166,60.008942,-8.670714,0.942747,60.013238,-11.498068,0.953534,60.027959,-4.720652,0.954014,60.024011,-1.684689,0.980983,59.943892,-4.934548,0.894558,59.911037,-1.716010,0.897005,59.926129,1.121519,0.912927,59.871888,0.325625,0.926626,59.928061,-0.324653,0.950995,59.928712,-3.120591,0.949658,59.834178,-6.227421,0.926113,59.904433,2.188247,0.935532,60.011737,6.049312,0.974348,59.981831,-9.721049,0.999608,0.999671,1.000010,0.998195,0.998764,1.000178,1.000575,0.999078,-42.735374,0.000000,5.851686,9.613400,2.725448,14.085407,21.562461,-39.045715,288.383409,447.800328,209.391438,467.503549,6.716998,286.592198,294.652613,141.504898,562.437190,245.394566,221.661145,276.382368,200.614545,124.488482,251.663764,184.493703,253.902739,8.239528,988.742915,2.149487,164.790626,75.230504,157.625828,78.812868,137.026955,28.927938,26.868044,92.246842,102.994094,75.767803,-82.574345,42.272353,15.225232,67.617899,24.718614,24.091701,4.119762,223.900153
1.140000,0.997114,59.985401,-8.960331,0.982823,59.988452,-7.782210,0.960484,60.007733,-11.620867,0.934651,60.013296,-12.504994,0.937366,60.006192,-11.004438,0.939377,60.003157,-10.293358,0.930933,60.011810,-12.355102,0.930877,60.013159,-12.772284,0.976359,59.994515,-10.903154,0.946167,59.994441,-7.894788,0.942664,59.997397,-8.718627,0.929899,59.997914,-8.802871,0.943248,59.997899,-8.777918,0.940649,60.006197,-10.867522,0.942077,60.012254,-12.603866,0.956880,60.007347,-11.696987,0.959424,60.011491,-11.777975,0.958588,60.012009,-12.162110,0.975566,59.962524,-5.652298,0.920975,59.966452,-6.332352,0.955317,60.008165,-10.854409,0.968788,60.000785,-7.902982,0.962056,60.001578,-9.067959,0.961935,60.010172,-12.200984,0.985425,59.984246,-6.037545,0.974233,60.014777,-8.310727,0.961241,60.018426,-11.103172,0.969742,60.027781,-4.259191,0.969450,60.026049,-1.243472,0.994916,59.963931,-4.991042,0.913868,59.965698,-1.824254,0.913670,59.962816,1.024079,0.929393,59.923648,-0.071984,0.942287,59.943845,-0.507530,0.966694,59.992577,-3.000303,0.962019,59.983991,-6.283299,0.947025,59.949689,1.977960,0.948851,60.019888,6.425850,0.988456,59.982990,-9.605324,0.999580,0.999611,0.999893,0.998104,0.998622,0.999924,1.000521,0.998986,-42.755754,0.000000,5.986196,8.967565,2.316353,14.262941,21.955954,-39.309770,288.383296,447.800149,209.391350,467.503356,6.717002,286.592096,294.652498,141.504847,562.436988,245.394482,221.661074,276.382252,200.614467,124.488442,251.663684,184.493662,253.902685,8.239523,988.742731,2.149441,164.790455,75.230425,157.625653,78.812826,137.026846,28.927890,26.868009,92.246831,102.994034,75.767785,-82.574347,42.272334,15.225205,67.617823,24.718568,24.091648,4.119761,223.900075
1.160000,1.009034,60.007734,-8.673958,0.997915,60.035924,-7.344135,0.977892,60.076186,-10.935460,0.952715,60.080264,-11.790364,0.954833,60.062804,-10.393868,0.956781,60.058716,-9.709279,0.948210,60.065458,-11.722082,0.947991,60.065506,-12.136869,0.989415,60.018583,-10.543350,0.963675,60.052712,-7.354774,0.960179,60.054947,-8.162637,0.948039,60.057884,-8.229895,0.961085,60.060198,-8.192020,0.959111,60.079033,-10.167457,0.962190,60.118590,-11.678088,0.977300,60.124103,-10.742013,0.978736,60.108479,-10.905843,0.977229,60.098898,-11.344585,0.993828,60.038561,-5.236664,0.937713,60.031820,-5.953337,0.977395,60.158614,-9.693360,0.992307,60.174976,-6.628599,0.986068,60.201776,-7.633362,0.982759,60.142564,-11.137859,1.001622,60.032224,-5.625048,0.991559,60.077619,-7.599707,0.979712,60.098341,-10.276576,0.985271,60.075090,-3.535531,0.984184,60.066905,-0.563562,1.006453,59.998239,-4.800795,0.928942,60.009695,-1.561876,0.927942,60.004883,1.258516,0.944294,59.981289,-0.030217,0.957444,59.987296,-0.402744,0.990310,60.150088,-1.855126,0.989348,60.285194,-4.289771,0.963126,59.987914,2.096328,0.961326,60.046768,6.993591,0.998378,59.988842,-9.419572,0.999554,0.999550,0.999769,0.998068,0.998488,0.999669,1.000431,0.998922,-42.761354,0.000000,6.094610,8.319591,1.872729,14.356236,22.344152,-39.581526,288.383297,447.800150,209.391350,467.503357,6.717002,286.592096,294.652499,141.504847,562.436988,245.394482,221.661074,276.382253,200.614467,124.488442,251.663684,184.493662,253.902685,8.239523,988.742731,2.149441,164.790455,75.230425,157.625653,78.812826,137.026846,28.927890,26.868009,92.246831,102.994035,75.767785,-82.574348,42.272334,15.225205,67.617823,24.718568,24.091648,4.119761,223.900075
1.180000,1.018298,59.997733,-8.342725,1.010747,60.016419,-6.850056,0.993267,60.042720,-10.214524,0.968512,60.044916,-11.049867,0.969800,60.033727,-9.751428,0.971666,60.031170,-9.089320,0.962895,60.035154,-11.066709,0.962497,60.035115,-11.481702,0.999685,60.004775,-10.152061,0.978843,60.027563,-6.766335,0.975291,60.028915,-7.562376,0.963768,60.030879,-7.612636,0.976648,60.032463,-7.561119,0.975491,60.044688,-9.430251,0.980993,60.070951,-10.713504,0.996793,60.075587,-9.739940,0.996674,60.064913,-9.995757,0.994237,60.058080,-10.492059,1.010914,60.012887,-4.752327,0.953342,60.005895,-5.519704,0.999278,60.102440,-8.472511,1.016455,60.119845,-5.278858,1.011523,60.139583,-6.119262,1.002984,60.088864,-10.024606,1.015336,60.013162,-5.155734,1.006987,60.045706,-6.861580,0.996509,60.058488,-9.424344,0.999040,60.047175,-2.798810,0.997223,60.043034,0.132345,1.015982,59.992366,-4.515267,0.941424,60.000551,-1.211787,0.940083,59.996402,1.577765,0.958033,59.971293,0.108227,0.971561,59.973362,-0.236453,1.014201,60.107397,-0.626827,1.022185,60.213821,-2.194949,0.976182,59.980538,2.299415,0.972297,60.032291,7.586552,1.005470,59.985170,-9.197586,0.999533,0.999498,0.999650,0.998109,0.998388,0.999428,1.000315,0.998898,-42.752787,0.000000,6.174750,7.697030,1.402759,14.366522,22.712034,-39.847611,288.383297,447.800150,209.391350,467.503356,6.717002,286.592096,294.652499,141.504847,562.436988,245.394482,221.661074,276.382252,200.614467,124.488442,251.663684,184.493662,253.902685,8.239523,988.742731,2.149441,164.790455,75.230425,157.625653,78.812826,137.026846,28.927890,26.868009,92.246831,102.994034,75.767785,-82.574348,42.272334,15.225205,67.617823,24.718568,24.091648,4.119761,223.900075
1.200000,1.024424,59.988478,-8.055707,1.019057,59.999660,-6.464022,1.002843,60.017575,-9.679743,0.978345,60.019232,-10.502066,0.979226,60.012229,-9.264064,0.981057,60.010646,-8.615675,0.972170,60.013051,-10.572011,0.971663,60.012996,-10.987370,1.006356,59.993573,-9.823856,0.988367,60.008333,-6.312397,0.984792,60.009200,-7.101051,0.973617,60.010485,-7.140435,0.986363,60.011537,-7.080069,0.985583,60.019469,-8.881875,0.992141,60.037001,-10.018249,1.008195,60.040679,-9.015905,1.007406,60.033209,-9.332933,1.004554,60.028220,-9.869503,1.021650,59.995243,-4.397765,0.963610,59.988087,-5.216219,1.011430,60.061266,-7.585026,1.029352,60.077141,-4.272868,1.025082,60.091633,-4.996365,1.014600,60.050245,-9.222790,1.024245,59.996641,-4.791886,1.016610,60.021177,-6.301948,1.006770,60.029133,-8.796194,1.007749,60.025069,-2.216548,1.005531,60.023408,0.696854,1.022418,59.983425,-4.264582,0.949569,59.991910,-0.901434,0.947919,59.987857,1.858788,0.966840,59.966658,0.224693,0.981432,59.963440,-0.129362,1.026588,60.071455,0.322620,1.039198,60.153605,-0.595388,0.985123,59.971181,2.463110,0.979461,60.018537,8.102192,1.010266,59.980879,-8.977503,0.999515,0.999451,0.999535,0.998216,0.998320,0.999207,1.000178,0.998902,-42.731386,0.000000,6.225694,7.128343,0.917999,14.298299,23.046602,-40.096366,288.383297,447.800150,209.391350,467.503357,6.717002,286.592096,294.652499,141.504847,562.436988,245.394482,221.661074,276.382252,200.614467,124.488442,251.663684,184.493662,253.902685,8.239523,988.742731,2.149441,164.790455,75.230425,157.625653,78.812826,137.026846,28.927890,26.868009,92.246831,102.994034,75.767785,-82.574348,42.272334,15.225205,67.617823,24.718568,24.091648,4.119761,223.900075
1.220000,1.028586,59.981385,-7.802701,1.024672,59.987567,-6.154116,1.009036,60.000786,-9.263416,0.984674,60.002280,-10.074635,0.985354,59.997713,-8.875364,0.987172,59.996681,-8.235714,0.978213,59.998235,-10.178871,0.977639,59.998195,-10.594571,1.010788,59.985445,-9.539151,0.994543,59.995039,-5.945795,0.990961,59.995652,-6.729452,0.979987,59.996538,-6.761493,0.992628,59.997273,-6.695066,0.992003,60.002769,-8.451492,0.998932,60.015387,-9.485277,1.015026,60.018467,-8.459278,1.014025,60.012679,-8.821950,1.011025,60.008753,-9.389369,1.028576,59.984450,-4.114470,0.970566,59.977260,-4.984711,1.018242,60.034945,-6.899504,1.036195,60.049136,-3.480548,1.032253,60.060412,-4.114953,1.021404,60.025760,-8.608083,1.030278,59.984470,-4.503919,1.022843,60.004182,-5.860248,1.013262,60.009659,-8.309304,1.013467,60.008888,-1.742462,1.011024,60.008460,1.165062,1.026958,59.975894,-4.049851,0.955025,59.984743,-0.623635,0.953139,59.980605,2.107124,0.972576,59.964700,0.343791,0.988532,59.957380,-0.052596,1.032868,60.046781,1.090328,1.047869,60.113250,0.690005,0.991529,59.962807,2.586232,0.984311,60.006589,8.550070,1.013535,59.977057,-8.763738,0.999498,0.999407,0.999425,0.998374,0.998282,0.999007,1.000023,0.998925,-42.697802,0.000000,6.247774,6.636974,0.429981,14.158613,23.337430,-40.319482,288.383297,447.800150,209.391350,467.503357,6.717002,286.592096,294.652499,141.504847,562.436988,245.394482,221.661074,276.382253,200.614467,124.488442,251.663684,184.493662,253.902685,8.239523,988.742731,2.149441,164.790455,75.230425,157.625653,78.812826,137.026846,28.927890,26.868009,92.246831,102.994034,75.767785,-82.574348,42.272334,15.225205,67.617823,24.718568,24.091648,4.119761,223.900075
1.240000,1.031520,59.976009,-7.575586,1.028691,59.978821,-5.898404,1.013273,59.989241,-8.925894,0.988967,59.990648,-9.726749,0.989540,59.987504,-8.553525,0.991355,59.986777,-7.919824,0.982345,59.987900,-9.853910,0.981724,59.987897,-10.269740,1.013830,59.979439,-9.285790,0.998758,59.985426,-5.640259,0.995175,59.985926,-6.420071,0.984325,59.986570,-6.446887,0.996883,59.987111,-6.376095,0.996308,59.991231,-8.099592,1.003283,60.001017,-9.056149,1.019323,60.003699,-8.009857,1.018330,59.998830,-8.409755,1.015313,59.995581,-9.002236,1.033293,59.977801,-3.872064,0.975531,59.970759,-4.793499,1.022186,60.017200,-6.345315,1.039859,60.029632,-2.832088,1.036069,60.038723,-3.395560,1.025567,60.009480,-8.113271,1.034588,59.975430,-4.271738,1.027121,59.991915,-5.501294,1.017609,59.996188,-7.916864,1.017451,59.996417,-1.350083,1.014882,59.996466,1.556839,1.030331,59.970186,-3.863917,0.958842,59.978680,-0.375164,0.956795,59.974280,2.324719,0.976524,59.964285,0.473170,0.993867,59.953928,0.009913,1.036001,60.028861,1.729651,1.052223,60.083922,1.754821,0.996362,59.955718,2.671964,0.987797,59.995824,8.934695,1.015792,59.973854,-8.557507,0.999484,0.999364,0.999320,0.998569,0.998272,0.998832,0.999851,0.998963,-42.652228,0.000000,6.242153,6.240886,-0.049774,13.956456,23.576139,-40.510608,288.383297,447.800150,209.391350,467.503357,6.717002,286.592096,294.652499,141.504847,562.436988,245.394482,221.661074,276.382253,200.614467,124.488442,251.663684,184.493662,253.902685,8.239523,988.742731,2.149441,164.790455,75.230425,157.625653,78.812826,137.026846,28.927890,26.868009,92.246831,102.994034,75.767785,-82.574348,42.272334,15.225205,67.617823,24.718568,24.091648,4.119761,223.900075
1.260000,1.033687,59.971971,-7.368383,1.031775,59.972533,-5.681610,1.016399,59.981206,-8.642379,0.992097,59.982506,-9.433561,0.992603,59.980168,-8.279079,0.994418,59.979601,-7.649827,0.985365,59.980530,-9.576799,0.984707,59.980574,-9.992444,1.016013,59.974957,-9.055960,1.001848,59.978317,-5.379597,0.998261,59.978786,-6.155982,0.987496,59.979285,-6.178855,0.999988,59.979707,-6.104742,0.999416,59.983088,-7.802176,1.006302,59.991276,-8.696002,1.022254,59.993705,-7.631611,1.021369,59.989312,-8.064228,1.018390,59.986521,-8.677946,1.036757,59.974033,-3.651463,0.979317,59.967282,-4.622361,1.024649,60.004906,-5.880513,1.041930,60.015609,-2.285595,1.038199,60.023097,-2.791079,1.028329,59.998410,-7.698431,1.037871,59.968740,-4.081130,1.030305,59.982837,-5.203080,1.020769,59.986649,-7.590281,1.020480,59.986448,-1.023145,1.017839,59.986490,1.884317,1.032990,59.966139,-3.698878,0.961676,59.973598,-0.153295,0.959538,59.968791,2.513145,0.979472,59.965176,0.618113,0.998087,59.952527,0.069611,1.037605,60.015514,2.273993,1.054429,60.061623,2.654235,1.000211,59.950002,2.725407,0.990527,59.985931,9.258443,1.017378,59.971242,-8.359056,0.999470,0.999323,0.999221,0.998789,0.998288,0.998683,0.999666,0.999012,-42.594661,0.000000,6.210521,5.953050,-0.509958,13.702301,23.755949,-40.664779,288.383297,447.800150,209.391350,467.503357,6.717002,286.592096,294.652499,141.504847,562.436988,245.394482,221.661074,276.382253,200.614467,124.488442,251.663684,184.493662,253.902685,8.239523,988.742731,2.149441,164.790455,75.230425,157.625653,78.812826,137.026846,28.927890,26.868009,92.246831,102.994034,75.767785,-82.574348,42.272334,15.225205,67.617823,24.718568,24.091648,4.119761,223.900075
1.280000,1.035381,59.968967,-7.176915,1.034326,59.968094,-5.492944,1.018917,59.975634,-8.396626,0.994588,59.976776,-9.179131,0.995035,59.974855,-8.039434,0.996853,59.974358,-7.413908,0.987758,59.975226,-9.334518,0.987066,59.975318,-9.749633,1.017674,59.971596,-8.844628,1.004315,59.973021,-5.153114,1.000722,59.973505,-5.926074,0.990023,59.973921,-5.945755,1.002461,59.974273,-5.868942,1.001876,59.977309,-7.543760,1.008631,59.984676,-8.382674,1.024491,59.986967,-7.301474,1.023751,59.982769,-7.764711,1.020828,59.980293,-8.397046,1.039536,59.972386,-3.439558,0.982416,59.966042,-4.457290,1.026409,59.996320,-5.478252,1.043284,60.005393,-1.813678,1.039561,60.011638,-2.271007,1.030393,59.990869,-7.338154,1.040553,59.963865,-3.921735,1.032915,59.976023,-4.951090,1.023312,59.979829,-7.311075,1.023041,59.978264,-0.751098,1.020363,59.977979,2.155345,1.035220,59.963468,-3.548085,0.963937,59.969400,0.044561,0.961769,59.964097,2.674192,0.981890,59.967197,0.783205,1.001608,59.952818,0.135557,1.038566,60.005497,2.746307,1.055654,60.044263,3.424737,1.003442,59.945636,2.752341,0.992898,59.976735,9.522712,1.018523,59.969132,-8.168557,0.999456,0.999281,0.999127,0.999024,0.998330,0.998562,0.999471,0.999068,-42.525072,0.000000,6.154960,5.781932,-0.939696,13.407713,23.871427,-40.778205,288.383297,447.800150,209.391350,467.503357,6.717002,286.592096,294.652499,141.504847,562.436988,245.394482,221.661074,276.382253,200.614467,124.488442,251.663684,184.493662,253.902685,8.239523,988.742731,2.149441,164.790455,75.230425,157.625653,78.812826,137.026846,28.927890,26.868009,92.246831,102.994034,75.767785,-82.574348,42.272334,15.225205,67.617823,24.718568,24.091648,4.119761,223.900075
1.300000,1.036790,59.966762,-6.998398,1.036592,59.965067,-5.324711,1.021130,59.971846,-8.177686,0.996755,59.972775,-8.952901,0.997139,59.971016,-7.826192,0.998959,59.970537,-7.204138,0.989820,59.971412,-9.118492,0.989095,59.971548,-9.532747,1.019024,59.969068,-8.648643,1.006464,59.969087,-4.953458,1.002862,59.969608,-5.722777,0.992221,59.969984,-5.739664,1.004614,59.970302,-5.660482,1.004014,59.973241,-7.313986,1.010645,59.980291,-8.101514,1.026419,59.982537,-7.004071,1.025833,59.978346,-7.497411,1.022963,59.976088,-8.146551,1.041964,59.972323,-3.227153,0.985127,59.966488,-4.288327,1.027901,59.990368,-5.120511,1.044402,59.997946,-1.397420,1.040660,60.003192,-1.814399,1.032162,59.985815,-7.015547,1.042897,59.960422,-3.785845,1.035272,59.970881,-4.735401,1.025579,59.974963,-7.066865,1.025444,59.971408,-0.526825,1.022752,59.970582,2.375231,1.037200,59.961899,-3.406454,0.965880,59.965976,0.220701,0.963737,59.960151,2.809803,0.984055,59.970130,0.972047,1.004692,59.954508,0.215014,1.039360,59.998005,3.163203,1.056524,60.030599,4.092398,1.006284,59.942547,2.758601,0.995173,59.968132,9.728451,1.019380,59.967428,-7.986404,0.999443,0.999240,0.999039,0.999266,0.998395,0.998471,0.999267,0.999130,-42.443510,0.000000,6.077874,5.731915,-1.328720,13.084998,23.918365,-40.848184,288.383297,447.800150,209.391350,467.503357,6.717002,286.592096,294.652499,141.504847,562.436988,245.394482,221.661074,276.382253,200.614467,124.488442,251.663684,184.493662,253.902685,8.239523,988.742731,2.149441,164.790455,75.230425,157.625653,78.812826,137.026846,28.927890,26.868009,92.246831,102.994034,75.767785,-82.574348,42.272334,15.225205,67.617823,24.718568,24.091648,4.119761,223.900075
1.320000,1.037977,59.963879,-6.844304,1.038582,59.960499,-5.199351,1.023036,59.965796,-8.019680,0.998599,59.966731,-8.787382,0.998921,59.965494,-7.666382,1.000742,59.965045,-7.046987,0.991561,59.966117,-8.953947,0.990807,59.966359,-9.366400,1.020122,59.965872,-8.480600,1.008288,59.963219,-4.809447,1.004677,59.963860,-5.574209,0.994085,59.964075,-5.590230,1.006440,59.964235,-5.510537,1.005828,59.966683,-7.149916,1.012345,59.971846,-7.909653,1.028043,59.973230,-6.805077,1.027610,59.970169,-7.314909,1.024793,59.968730,-7.972017,1.044041,59.968765,-3.057189,0.987448,59.964307,-4.149752,1.029139,59.976777,-4.904377,1.045246,59.979701,-1.165934,1.041467,59.985248,-1.536221,1.033646,59.975334,-6.803432,1.044905,59.955567,-3.695072,1.037336,59.963546,-4.588729,1.027539,59.967252,-6.899540,1.027626,59.962839,-0.376391,1.024942,59.961581,2.520268,1.038956,59.959086,-3.287885,0.967516,59.961104,0.356581,0.965418,59.954706,2.899783,0.985983,59.969815,1.151039,1.007342,59.954293,0.284717,1.039823,59.974428,3.341245,1.056951,60.007267,4.550467,1.008744,59.938782,2.731841,0.997296,59.958173,9.857208,1.020034,59.965562,-7.817134,0.999430,0.999200,0.998958,0.999504,0.998480,0.998409,0.999058,0.999195,-42.350107,0.000000,5.981962,5.803530,-1.667621,12.746845,23.893749,-40.873068,288.383297,447.800150,209.391350,467.503357,6.717002,286.592096,294.652499,141.504847,562.436988,245.394482,221.661074,276.382253,200.614467,124.488442,251.663684,184.493662,253.902685,8.239523,988.742731,2.149441,164.790455,75.230425,157.625653,78.812826,137.026846,28.927890,26.868009,92.246831,102.994034,75.767785,-82.574348,42.272334,15.225205,67.617823,24.718568,24.091648,4.119761,223.900075
1.340000,1.039162,59.963485,-6.690774,1.040735,59.960981,-5.064373,1.025213,59.966623,-7.843067,1.000715,59.967089,-8.606436,1.000935,59.965333,-7.497627,1.002754,59.964805,-6.881933,0.993517,59.965854,-8.781432,0.992723,59.966085,-9.192279,1.021249,59.965191,-8.313827,1.010374,59.963000,-4.657106,1.006743,59.963642,-5.417349,0.996220,59.963975,-5.431036,1.008543,59.964251,-5.349417,1.007948,59.967273,-6.967571,1.014465,59.974044,-7.679578,1.030131,59.976109,-6.560585,1.029794,59.971967,-7.099437,1.026978,59.970161,-7.769694,1.046432,59.973493,-2.840482,0.989972,59.969152,-3.965906,1.030999,59.980744,-4.624391,1.046897,59.984747,-0.854870,1.043069,59.988837,-1.193533,1.035636,59.978316,-6.542103,1.047073,59.955700,-3.597275,1.039791,59.962838,-4.435466,1.029910,59.967721,-6.712775,1.030282,59.959507,-0.241201,1.027612,59.957275,2.641563,1.040772,59.960118,-3.162118,0.969301,59.960003,0.487805,0.967308,59.953261,2.983706,0.988186,59.975910,1.379574,1.010068,59.959461,0.396099,1.041318,59.982777,3.637178,1.058335,60.007276,5.036311,1.011232,59.938851,2.707057,0.999852,59.951632,9.942882,1.020595,59.964608,-7.655159,0.999417,0.999159,0.998884,0.999730,0.998581,0.998376,0.998847,0.999260,-42.244733,0.000000,5.870129,5.993031,-1.948549,12.405816,23.795805,-40.852333,288.383297,447.800150,209.391350,467.503357,6.717002,286.592096,294.652499,141.504847,562.436988,245.394482,221.661074,276.382253,200.614467,124.488442,251.663684,184.493662,253.902685,8.239523,988.742731,2.149441,164.790455,75.230425,157.625653,78.812826,137.026846,28.927890,26.868009,92.246831,102.994034,75.767785,-82.574348,42.272334,15.225205,67.617823,24.718568,24.091648,4.119761,223.900075
1.360000,1.040294,59.962707,-6.545827,1.042876,59.960484,-4.936301,1.027397,59.965746,-7.676121,1.002836,59.965864,-8.437698,1.002946,59.963937,-7.342274,1.004764,59.963369,-6.730560,0.995465,59.964461,-8.622312,0.994630,59.964715,-9.031389,1.022327,59.964064,-8.158168,1.012468,59.961457,-4.519222,1.008815,59.962137,-5.274666,0.998362,59.962489,-5.285879,1.010655,59.962784,-5.202192,1.010081,59.965992,-6.797763,1.016614,59.973067,-7.459693,1.032256,59.975243,-6.325338,1.032021,59.970875,-6.895020,1.029192,59.969155,-7.577879,1.048790,59.975815,-2.609530,0.992419,59.972222,-3.762902,1.032939,59.978948,-4.360026,1.048660,59.981926,-0.566352,1.044776,59.985422,-0.878306,1.037677,59.977101,-6.292569,1.049211,59.954984,-3.508275,1.042352,59.960549,-4.302147,1.032360,59.966009,-6.541715,1.033160,59.955032,-0.141683,1.030524,59.951980,2.721336,1.042553,59.960608,-3.035707,0.971067,59.958229,0.603153,0.969213,59.951121,3.048782,0.990382,59.980040,1.636277,1.012665,59.963642,0.534296,1.042959,59.979783,3.910771,1.059803,60.000398,5.468447,1.013617,59.938854,2.677835,1.002664,59.944450,9.973575,1.021082,59.963644,-7.502888,0.999403,0.999120,0.998819,0.999940,0.998700,0.998372,0.998636,0.999325,-42.127776,0.000000,5.745466,6.294251,-2.164368,12.074226,23.623777,-40.786189,288.383297,447.800150,209.391350,467.503357,6.717002,286.592096,294.652499,141.504847,562.436988,245.394482,221.661074,276.382253,200.614467,124.488442,251.663684,184.493662,253.902685,8.239523,988.742731,2.149441,164.790455,75.230425,157.625653,78.812826,137.026846,28.927890,26.868009,92.246831,102.994034,75.767785,-82.574348,42.272334,15.225205,67.617823,24.718568,24.091648,4.119761,223.900075
1.380000,1.041403,59.962170,-6.409861,1.045036,59.960418,-4.814314,1.029625,59.965346,-7.517771,1.005003,59.965110,-8.280088,1.004994,59.962975,-7.199457,1.006809,59.962362,-6.592036,0.997445,59.963493,-8.475744,0.996566,59.963761,-8.882927,1.023391,59.963178,-8.013997,1.014607,59.960375,-4.394818,1.010929,59.961084,-5.145232,1.000549,59.961463,-5.153792,1.012815,59.961784,-5.067867,1.012267,59.965193,-6.639439,1.018839,59.972618,-7.248869,1.034465,59.974916,-6.098301,1.034333,59.970308,-6.700508,1.031476,59.968660,-7.395421,1.051161,59.978351,-2.365314,0.994829,59.975590,-3.540852,1.035011,59.977816,-4.110004,1.050590,59.979884,-0.299052,1.046650,59.982884,-0.588114,1.039817,59.976480,-6.053506,1.051361,59.954803,-3.426462,1.045061,59.958787,-4.187374,1.034933,59.964831,-6.384998,1.036300,59.951064,-0.076562,1.033721,59.947179,2.760733,1.044327,59.961352,-2.909100,0.972851,59.956800,0.702800,0.971160,59.949470,3.096171,0.992607,59.984031,1.917646,1.015173,59.968180,0.699801,1.044790,59.977536,4.161719,1.061445,59.994858,5.852707,1.015935,59.939644,2.647740,1.005768,59.937730,9.950118,1.021523,59.962803,-7.361479,0.999390,0.999082,0.998763,1.000129,0.998834,0.998397,0.998429,0.999388,-41.999968,0.000000,5.611277,6.698508,-2.308986,11.763858,23.378071,-40.675741,288.383297,447.800150,209.391350,467.503357,6.717002,286.592096,294.652499,141.504847,562.436988,245.394482,221.661074,276.382253,200.614467,124.488442,251.663684,184.493662,253.902685,8.239523,988.742731,2.149441,164.790455,75.230425,157.625653,78.812826,137.026846,28.927890,26.868009,92.246831,102.994034,75.767785,-82.574348,42.272334,15.225205,67.617823,24.718568,24.091648,4.119761,223.900075
1.400000,1.042504,59.961825,-6.283146,1.047226,59.960698,-4.697471,1.031909,59.965307,-7.366889,1.007227,59.964715,-8.132507,1.007090,59.962357,-7.068248,1.008904,59.961702,-6.465433,0.999469,59.962857,-8.340882,0.998545,59.963132,-8.746097,1.024455,59.962481,-7.881603,1.016802,59.959676,-4.282716,1.013096,59.960400,-5.027952,1.002795,59.960811,-5.033640,1.015033,59.961163,-4.945265,1.014517,59.964765,-6.491418,1.021148,59.972546,-7.045772,1.036768,59.974969,-5.878098,1.036741,59.970124,-6.514552,1.033841,59.968539,-7.221047,1.053553,59.980950,-2.108744,0.997215,59.979085,-3.300158,1.037218,59.977179,-3.872088,1.052689,59.978461,-0.049855,1.048694,59.981042,-0.319237,1.042065,59.976283,-5.823192,1.053540,59.955065,-3.350181,1.047931,59.957453,-4.089587,1.037639,59.964059,-6.241146,1.039715,59.947555,-0.044196,1.037215,59.942851,2.761425,1.046104,59.962305,-2.782437,0.974667,59.955687,0.787320,0.973157,59.948281,3.127493,0.994862,59.987767,2.220404,1.017608,59.972914,0.892680,1.046808,59.975923,4.393142,1.063270,59.990435,6.195955,1.018207,59.941122,2.620214,1.009179,59.931514,9.874244,1.021938,59.962060,-7.231948,0.999377,0.999047,0.998718,1.000293,0.998979,0.998448,0.998230,0.999448,-41.862282,0.000000,5.471022,7.194723,-2.377679,11.485582,23.060286,-40.522957,288.383297,447.800150,209.391350,467.503357,6.717002,286.592096,294.652499,141.504847,562.436988,245.394482,221.661074,276.382253,200.614467,124.488442,251.663684,184.493662,253.902685,8.239523,988.742731,2.149441,164.790455,75.230425,157.625653,78.812826,137.026846,28.927890,26.868009,92.246831,102.994034,75.767785,-82.574348,42.272334,15.225205,67.617823,24.718568,24.091648,4.119761,223.900075
1.420000,1.043603,59.961627,-6.166005,1.049443,59.961236,-4.585180,1.034244,59.965525,-7.222850,1.009503,59.964586,-7.994299,1.009233,59.962007,-6.948018,1.011044,59.961313,-6.350098,1.001536,59.962476,-8.217186,1.000564,59.962751,-8.620414,1.025528,59.961932,-7.761314,1.019049,59.959288,-4.181987,1.015314,59.960014,-4.921993,1.005093,59.960459,-4.924570,1.017305,59.960843,-4.833514,1.016824,59.964613,-6.352958,1.023532,59.972716,-6.849809,1.039152,59.975254,-5.664167,1.039236,59.970194,-6.336488,1.036279,59.968672,-7.054115,1.055958,59.983464,-1.841539,0.999574,59.982544,-3.042152,1.039545,59.976881,-3.644929,1.054934,59.977499,0.183483,1.050888,59.979722,-0.068958,1.044407,59.976356,-5.600775,1.055754,59.955676,-3.278167,1.050957,59.956458,-4.007607,1.040473,59.963582,-6.109241,1.043398,59.944465,-0.042965,1.040996,59.938980,2.725241,1.047888,59.963399,-2.656012,0.976518,59.954859,0.857353,0.975201,59.947528,3.144458,0.997133,59.991112,2.540602,1.019973,59.977679,1.112099,1.048988,59.974808,4.607494,1.065261,59.986920,6.503783,1.020443,59.943177,2.598213,1.012890,59.925847,9.748285,1.022337,59.961397,-7.115173,0.999363,0.999016,0.998685,1.000427,0.999133,0.998523,0.998042,0.999504,-41.715930,0.000000,5.328243,7.769802,-2.367233,11.249038,22.673213,-40.330586,288.383297,447.800150,209.391350,467.503357,6.717002,286.592096,294.652499,141.504847,562.436988,245.394482,221.661074,276.382253,200.614467,124.488442,251.663684,184.493662,253.902685,8.239523,988.742731,2.149441,164.790455,75.230425,157.625653,78.812826,137.026846,28.927890,26.868009,92.246831,102.994034,75.767785,-82.574348,42.272334,15.225205,67.617823,24.718568,24.091648,4.119761,223.900075
1.440000,1.044698,59.961535,-6.058782,1.051678,59.961951,-4.477166,1.036616,59.965908,-7.085443,1.011816,59.964642,-7.865139,1.011410,59.961859,-6.838356,1.013219,59.961135,-6.245572,1.003635,59.962288,-8.104322,1.002615,59.962556,-8.505596,1.026607,59.961497,-7.653441,1.021334,59.959150,-4.091884,1.017568,59.959865,-4.826707,1.007429,59.960341,-4.825936,1.019616,59.960758,-4.731968,1.019173,59.964658,-6.223658,1.025969,59.973016,-6.660974,1.041595,59.975651,-5.456606,1.041797,59.970409,-6.166203,1.038772,59.968955,-6.894489,1.058358,59.985758,-1.566142,1.001893,59.985815,-2.768997,1.041961,59.976789,-3.427910,1.057292,59.976861,0.402435,1.053199,59.978775,0.164584,1.046818,59.976572,-5.386114,1.057997,59.956548,-3.209522,1.054119,59.955731,-3.940539,1.043412,59.963308,-5.988799,1.047322,59.941770,-0.071187,1.045041,59.935563,2.654241,1.049674,59.964565,-2.530338,0.978397,59.954286,0.913600,0.977279,59.947180,3.148847,0.999397,59.993939,2.873626,1.022265,59.982317,1.356347,1.051291,59.974065,4.806570,1.067384,59.984125,6.780648,1.022645,59.945689,2.584142,1.016878,59.920779,9.575200,1.022727,59.960798,-7.011869,0.999350,0.998988,0.998663,1.000530,0.999292,0.998619,0.997869,0.999555,-41.562368,0.000000,5.186502,8.409031,-2.276053,11.062368,22.220825,-40.102090,288.383297,447.800150,209.391350,467.503357,6.717002,286.592096,294.652499,141.504847,562.436988,245.394482,221.661074,276.382253,200.614467,124.488442,251.663684,184.493662,253.902685,8.239523,988.742731,2.149441,164.790455,75.230425,157.625653,78.812826,137.026846,28.927890,26.868009,92.246831,102.994034,75.767785,-82.574348,42.272334,15.225205,67.617823,24.718568,24.091648,4.119761,223.900075
1.460000,1.045787,59.961514,-5.961811,1.053916,59.962771,-4.373421,1.039003,59.966380,-6.954765,1.014147,59.964819,-7.744927,1.013604,59.961862,-6.738980,1.015410,59.961117,-6.151511,1.005749,59.962242,-8.002076,1.004679,59.962497,-8.401475,1.027687,59.961148,-7.558231,1.023636,59.959211,-4.011780,1.019839,59.959900,-4.741565,1.009783,59.960406,-4.737231,1.021945,59.960850,-4.640136,1.021542,59.964831,-6.103353,1.028432,59.973353,-6.479695,1.044067,59.976058,-5.256021,1.044397,59.970680,-6.004001,1.041295,59.969304,-6.742414,1.060729,59.987721,-1.285589,1.004156,59.988770,-2.483571,1.044432,59.976792,-3.220997,1.059724,59.976426,0.607842,1.055588,59.978072,0.382543,1.049268,59.976824,-5.179612,1.060260,59.957600,-3.143677,1.057389,59.955211,-3.887675,1.046430,59.963163,-5.879638,1.051452,59.939455,-0.127029,1.049312,59.932606,2.550776,1.051454,59.965741,-2.406122,0.980292,59.953942,0.956837,0.979375,59.947205,3.142499,1.001630,59.996143,3.214326,1.024473,59.986680,1.622903,1.053674,59.973577,4.991574,1.069599,59.981883,7.030037,1.024814,59.948539,2.579820,1.021109,59.916359,9.358584,1.023109,59.960250,-6.922570,0.999337,0.998964,0.998654,1.000599,0.999454,0.998731,0.997713,0.999601,-41.403282,0.000000,5.049305,9.096496,-2.104243,10.931986,21.708256,-39.841563,288.383297,447.800150,209.391350,467.503357,6.717002,286.592096,294.652499,141.504847,562.436988,245.394482,221.661074,276.382253,200.614467,124.488442,251.663684,184.493662,253.902685,8.239523,988.742731,2.149441,164.790455,75.230425,157.625653,78.812826,137.026846,28.927890,26.868009,92.246831,102.994034,75.767785,-82.574348,42.272334,15.225205,67.617823,24.718568,24.091648,4.119761,223.900075
1.480000,1.046862,59.961535,-5.875381,1.056140,59.963633,-4.274143,1.041385,59.966880,-6.831127,1.016473,59.965064,-7.633701,1.015792,59.961973,-6.649670,1.017595,59.961218,-6.067619,1.007858,59.962297,-7.910279,1.006737,59.962533,-8.307924,1.028762,59.960863,-7.475825,1.025932,59.959427,-3.941112,1.022105,59.960078,-4.666100,1.012131,59.960606,-4.658021,1.024269,59.961074,-4.557616,1.023905,59.965079,-5.992032,1.030892,59.973655,-6.306704,1.046539,59.976394,-5.063382,1.047007,59.970937,-5.850468,1.043822,59.969651,-6.598392,1.063047,59.989259,-1.003365,1.006344,59.991298,-2.189330,1.046920,59.976800,-3.024589,1.062188,59.976094,0.800035,1.058012,59.977506,0.585519,1.051724,59.977028,-4.982063,1.062527,59.958759,-3.080334,1.060734,59.954853,-3.848395,1.049493,59.963089,-5.781768,1.055742,59.937518,-0.208433,1.053761,59.930123,2.417546,1.053218,59.966869,-2.284218,0.982187,59.953800,0.987924,0.981467,59.947572,3.127295,1.003805,59.997641,3.557162,1.026585,59.990637,1.908523,1.056095,59.973241,5.163206,1.071865,59.980053,7.254616,1.026944,59.951608,2.586476,1.025538,59.912640,9.102676,1.023485,59.959746,-6.847608,0.999325,0.998946,0.998658,1.000633,0.999614,0.998857,0.997577,0.999640,-41.240572,0.000000,4.920030,9.815517,-1.853662,10.862407,21.141769,-39.553647,288.383297,447.800150,209.391350,467.503357,6.717002,286.592096,294.652499,141.504847,562.436988,245.394482,221.661074,276.382253,200.614467,124.488442,251.663684,184.493662,253.902685,8.239523,988.742731,2.149441,164.790455,75.230425,157.625653,78.812826,137.026846,28.927890,26.868009,92.246831,102.994035,75.767785,-82.574348,42.272334,15.225205,67.617823,24.718568,24.091648,4.119761,223.900075
1.500000,1.047917,59.961572,-5.799707,1.058331,59.964485,-4.179675,1.043737,59.967356,-6.714966,1.018770,59.965337,-7.531562,1.017953,59.962158,-6.570208,1.019755,59.961403,-5.993600,1.009940,59.962422,-7.828750,1.008770,59.962635,-8.224800,1.029822,59.960628,-7.406235,1.028200,59.959761,-3.879336,1.024343,59.960362,-4.599855,1.014450,59.960906,-4.587899,1.026563,59.961391,-4.484041,1.026238,59.965359,-5.889755,1.033320,59.973866,-6.142917,1.048979,59.976597,-4.879886,1.049596,59.971127,-5.706358,1.046326,59.969945,-6.463079,1.065288,59.990304,-0.723248,1.008440,59.993309,-1.890166,1.049391,59.976741,-2.839383,1.064645,59.975781,0.978971,1.060434,59.976990,0.773693,1.054154,59.977119,-4.794517,1.064784,59.959961,-3.019412,1.064116,59.954626,-3.822083,1.052567,59.963044,-5.695279,1.060141,59.935965,-0.313055,1.058336,59.928132,2.257645,1.054956,59.967905,-2.165579,0.984068,59.953840,1.007824,0.983537,59.948246,3.105139,1.005898,59.998378,3.896390,1.028590,59.994069,2.209337,1.058510,59.972971,5.321768,1.074140,59.978512,7.456386,1.029028,59.954780,2.604759,1.030114,59.909671,8.812345,1.023854,59.959278,-6.787106,0.999313,0.998932,0.998674,1.000634,0.999769,0.998992,0.997465,0.999672,-41.076323,0.000000,4.801858,10.549090,-1.527933,10.856122,20.528691,-39.243443,288.383297,447.800150,209.391350,467.503357,6.717002,286.592096,294.652499,141.504847,562.436988,245.394482,221.661074,276.382253,200.614467,124.488442,251.663684,184.493662,253.902685,8.239523,988.742731,2.149441,164.790455,75.230425,157.625653,78.812826,137.026846,28.927890,26.868009,92.246831,102.994035,75.767785,-82.574348,42.272334,15.225205,67.617823,24.718568,24.091648,4.119761,223.900075
1.520000,1.048943,59.961608,-5.734907,1.060472,59.965282,-4.090440,1.046038,59.967772,-6.606772,1.021015,59.965606,-7.438601,1.020067,59.962389,-6.500336,1.021867,59.961647,-5.929112,1.011976,59.962592,-7.757251,1.010758,59.962777,-8.151895,1.030858,59.960428,-7.349317,1.030417,59.960181,-3.825895,1.026530,59.960722,-4.542351,1.016716,59.961274,-4.526438,1.028805,59.961769,-4.419037,1.028518,59.965637,-5.796595,1.035690,59.973947,-5.989320,1.051360,59.976625,-4.706841,1.052137,59.971210,-5.572488,1.048779,59.970148,-6.337186,1.067434,59.990808,-0.449163,1.010427,59.994736,-1.590263,1.051811,59.976564,-2.666251,1.067059,59.975425,1.144345,1.062817,59.976456,0.946958,1.056530,59.977051,-4.618152,1.067011,59.961153,-2.960993,1.067497,59.954508,-3.808050,1.055617,59.962999,-5.620244,1.064595,59.934810,-0.438219,1.062980,59.926659,2.074581,1.056657,59.968809,-2.051200,0.985916,59.954040,1.017600,0.985562,59.949194,3.077949,1.007890,59.998326,4.226242,1.030476,59.996879,2.520970,1.060884,59.972696,5.467257,1.076389,59.977160,7.636819,1.031060,59.957945,2.634765,1.034781,59.907501,8.493064,1.024214,59.958841,-6.740975,0.999301,0.998925,0.998702,1.000602,0.999916,0.999131,0.997380,0.999697,-40.912769,0.000000,4.697696,11.280324,-1.132418,10.913550,19.877344,-38.916415,288.383297,447.800150,209.391350,467.503357,6.717002,286.592096,294.652499,141.504847,562.436988,245.394482,221.661074,276.382253,200.614467,124.488442,251.663684,184.493662,253.902685,8.239523,988.742731,2.149441,164.790455,75.230425,157.625653,78.812826,137.026846,28.927890,26.868009,92.246831,102.994035,75.767785,-82.574348,42.272334,15.225205,67.617823,24.718568,24.091648,4.119761,223.900075
1.540000,1.049933,59.961625,-5.680978,1.062545,59.965992,-4.006895,1.048266,59.968101,-6.507015,1.023187,59.965850,-7.354858,1.022114,59.962648,-6.439718,1.023912,59.961930,-5.873736,1.013948,59.962789,-7.695448,1.012683,59.962942,-8.088903,1.031861,59.960255,-7.304765,1.032561,59.960664,-3.780184,1.028647,59.961136,-4.493052,1.018909,59.961687,-4.473163,1.030974,59.962184,-4.362185,1.030722,59.965891,-5.712581,1.037978,59.973873,-5.846879,1.053658,59.976449,-4.545551,1.054604,59.971165,-5.449639,1.051159,59.970236,-6.221393,1.069466,59.990748,-0.185029,1.012292,59.995531,-1.293959,1.054154,59.976233,-2.506124,1.069400,59.974976,1.295711,1.065131,59.975852,1.105034,1.058825,59.976795,-4.454161,1.069193,59.962290,-2.905268,1.070840,59.954488,-3.805473,1.058611,59.962939,-5.556646,1.069049,59.934071,-0.580886,1.067636,59.925728,1.872285,1.058310,59.969552,-1.942072,0.987716,59.954384,1.018423,0.987526,59.950381,3.047626,1.009763,59.997485,4.541109,1.032234,59.998987,2.838660,1.063185,59.972362,5.599476,1.078579,59.975916,7.796996,1.033033,59.961004,2.676085,1.039482,59.906169,8.150859,1.024564,59.958432,-6.708912,0.999290,0.998923,0.998742,1.000539,1.000051,0.999269,0.997322,0.999714,-40.752259,0.000000,4.610116,11.992874,-0.674145,11.033041,19.196931,-38.578289,288.383297,447.800150,209.391350,467.503357,6.717002,286.592096,294.652499,141.504847,562.436988,245.394482,221.661074,276.382253,200.614467,124.488442,251.663684,184.493662,253.902685,8.239523,988.742731,2.149441,164.790455,75.230425,157.625653,78.812826,137.026846,28.927890,26.868009,92.246831,102.994035,75.767785,-82.574348,42.272334,15.225205,67.617823,24.718568,24.091648,4.119761,223.900075
1.560000,1.050882,59.961613,-5.637786,1.064537,59.966588,-3.929476,1.050405,59.968325,-6.416091,1.025270,59.966053,-7.280271,1.024078,59.962918,-6.387915,1.025875,59.962235,-5.826952,1.015840,59.963000,-7.642896,1.014530,59.963120,-8.035398,1.032825,59.960102,-7.272101,1.034617,59.961188,-3.741538,1.030676,59.961584,-4.451346,1.021010,59.962126,-4.427525,1.033052,59.962616,-4.312997,1.032832,59.966104,-5.637656,1.040165,59.973632,-5.716458,1.055854,59.976058,-4.397227,1.056976,59.970979,-5.338485,1.053446,59.970194,-6.116282,1.071373,59.990121,0.065380,1.014026,59.995672,-1.005601,1.056397,59.975727,-2.359898,1.071644,59.974406,1.432573,1.067352,59.975145,1.247579,1.061021,59.976337,-4.303659,1.071314,59.963336,-2.852487,1.074109,59.954564,-3.813346,1.061519,59.962859,-5.504307,1.073450,59.933769,-0.737658,1.072246,59.925365,1.655092,1.059906,59.970114,-1.839134,0.989455,59.954854,1.011560,0.989412,59.951769,3.016038,1.011508,59.995881,4.835728,1.033857,60.000335,3.157398,1.065386,59.971929,5.718123,1.080687,59.974720,7.937723,1.034937,59.963867,2.727858,1.044159,59.905710,7.792241,1.024902,59.958049,-6.690411,0.999279,0.998928,0.998792,1.000448,1.000170,0.999404,0.997295,0.999724,-40.597202,0.000000,4.541288,12.671343,-0.161694,11.210944,18.497411,-38.234947,288.383297,447.800150,209.391350,467.503357,6.717002,286.592096,294.652499,141.504847,562.436988,245.394482,221.661074,276.382253,200.614467,124.488442,251.663684,184.493662,253.902685,8.239523,988.742731,2.149441,164.790455,75.230425,157.625653,78.812826,137.026846,28.927890,26.868009,92.246831,102.994035,75.767785,-82.574348,42.272334,15.225205,67.617823,24.718568,24.091648,4.119761,223.900075
1.580000,1.051782,59.961566,-5.605055,1.066434,59.967054,-3.858562,1.052440,59.968437,-6.334277,1.027250,59.966208,-7.214655,1.025945,59.963190,-6.344371,1.027741,59.962552,-5.788132,1.017638,59.963216,-7.599018,1.016285,59.963300,-7.990821,1.033744,59.959966,-7.250679,1.036569,59.961737,-3.709218,1.032604,59.962052,-4.416535,1.023005,59.962576,-4.388890,1.035025,59.963051,-4.270897,1.034836,59.966265,-5.571644,1.042237,59.973222,-5.598752,1.057934,59.975454,-4.262903,1.059235,59.970653,-5.239521,1.055624,59.970022,-6.022277,1.073148,59.988944,0.298565,1.015625,59.995154,-0.729417,1.058523,59.975041,-2.228345,1.073772,59.973695,1.554483,1.069461,59.974317,1.374278,1.063101,59.975675,-4.167594,1.073360,59.964263,-2.802918,1.077274,59.954737,-3.830457,1.064316,59.962762,-5.462842,1.077747,59.933921,-0.904791,1.076757,59.925589,1.427701,1.061437,59.970482,-1.743238,0.991122,59.955435,0.998369,0.991205,59.953323,2.984994,1.013119,59.993565,5.105338,1.035344,60.000886,3.472052,1.067471,59.971371,5.822883,1.082692,59.973525,8.059642,1.036768,59.966457,2.788834,1.048757,59.906146,7.424117,1.025226,59.957691,-6.684772,0.999269,0.998939,0.998852,1.000333,1.000271,0.999530,0.997299,0.999727,-40.450022,0.000000,4.492930,13.301650,0.394963,11.441748,17.789331,-37.892319,288.383297,447.800150,209.391350,467.503357,6.717002,286.592096,294.652499,141.504847,562.436988,245.394482,221.661074,276.382253,200.614467,124.488442,251.663684,184.493662,253.902685,8.239523,988.742731,2.149441,164.790455,75.230425,157.625653,78.812826,137.026846,28.927890,26.868009,92.246831,102.994035,75.767785,-82.574348,42.272334,15.225205,67.617823,24.718568,24.091648,4.119761,223.900075
1.600000,1.052631,59.961478,-5.582367,1.068229,59.967379,-3.794443,1.054361,59.968433,-6.261698,1.029115,59.966311,-7.157680,1.027705,59.963457,-6.308409,1.029501,59.962872,-5.756530,1.019334,59.963431,-7.563107,1.017941,59.963477,-7.954475,1.034611,59.959844,-7.239695,1.038407,59.962297,-3.682408,1.034420,59.962528,-4.387832,1.024884,59.963026,-4.356530,1.036882,59.963478,-4.235216,1.036721,59.966372,-5.514236,1.044185,59.972653,-5.494242,1.059888,59.974646,-4.143375,1.061368,59.970195,-5.153023,1.057681,59.969724,-5.939604,1.074790,59.987252,0.511410,1.017087,59.993993,-0.469392,1.060523,59.974179,-2.112048,1.075773,59.972840,1.661106,1.071446,59.973361,1.484915,1.065058,59.974820,-4.046693,1.075319,59.965051,-2.756811,1.080305,59.955015,-3.855374,1.066981,59.962657,-5.431639,1.081896,59.934543,-1.078239,1.081121,59.926416,1.195111,1.062897,59.970648,-1.655121,0.992707,59.956112,0.980281,0.992897,59.955006,2.956219,1.014593,59.990611,5.345834,1.036692,60.000626,3.777507,1.069427,59.970678,5.913501,1.084584,59.972302,8.163326,1.038520,59.968708,2.857445,1.053224,59.907485,7.053671,1.025534,59.957358,-6.691121,0.999260,0.998956,0.998920,1.000197,1.000351,0.999643,0.997334,0.999722,-40.313106,0.000000,4.466264,13.871358,0.984662,11.718262,17.083646,-37.556276,288.383297,447.800150,209.391350,467.503357,6.717002,286.592096,294.652499,141.504847,562.436988,245.394482,221.661074,276.382253,200.614467,124.488442,251.663684,184.493662,253.902685,8.239523,988.742731,2.149441,164.790455,75.230425,157.625653,78.812826,137.026846,28.927890,26.868009,92.246831,102.994035,75.767785,-82.574348,42.272334,15.225205,67.617823,24.718568,24.091648,4.119761,223.900075
1.620000,1.053426,59.961349,-5.569162,1.069913,59.967561,-3.737295,1.056162,59.968319,-6.198312,1.030861,59.966361,-7.108870,1.029352,59.963714,-6.279235,1.031149,59.963191,-5.731295,1.020921,59.963641,-7.534336,1.019490,59.963650,-7.925539,1.035425,59.959734,-7.238203,1.040125,59.962858,-3.660224,1.036117,59.963003,-4.364368,1.026639,59.963467,-4.329632,1.038618,59.963889,-4.205197,1.038484,59.966423,-5.464977,1.046004,59.971939,-5.403161,1.061712,59.973657,-4.039161,1.063370,59.969621,-5.079020,1.059610,59.969311,-5.868269,1.076299,59.985094,0.701279,1.018415,59.992221,-0.229164,1.062389,59.973156,-2.011357,1.077640,59.971847,1.752281,1.073301,59.972280,1.579436,1.066884,59.973791,-3.941409,1.077182,59.965687,-2.714376,1.083182,59.955404,-3.886461,1.069497,59.962557,-5.409846,1.085857,59.935643,-1.253728,1.085295,59.927849,0.962536,1.064281,59.970613,-1.575380,0.994204,59.956870,0.958776,0.994479,59.956780,2.931322,1.015934,59.987110,5.553878,1.037907,59.999561,4.068788,1.071248,59.969849,5.989847,1.086356,59.971037,8.249353,1.040188,59.970570,2.931870,1.057516,59.909720,6.688242,1.025826,59.957050,-6.708426,0.999251,0.998980,0.998996,1.000044,1.000408,0.999741,0.997402,0.999711,-40.188748,0.000000,4.461981,14.369937,1.595291,12.031864,16.391511,-37.232522,288.383297,447.800150,209.391350,467.503357,6.717002,286.592096,294.652499,141.504847,562.436988,245.394482,221.661074,276.382253,200.614467,124.488442,251.663684,184.493662,253.902685,8.239523,988.742731,2.149441,164.790455,75.230425,157.625653,78.812826,137.026846,28.927890,26.868009,92.246831,102.994035,75.767785,-82.574348,42.272334,15.225205,67.617823,24.718568,24.091648,4.119761,223.900075
1.640000,1.054165,59.961180,-5.564756,1.071484,59.967598,-3.687176,1.057839,59.968102,-6.143904,1.032482,59.966361,-7.067610,1.030883,59.963958,-6.255956,1.032680,59.963502,-5.711485,1.022396,59.963844,-7.511769,1.020929,59.963815,-7.903081,1.036182,59.959636,-7.245133,1.041718,59.963408,-3.641730,1.037692,59.963469,-4.345207,1.028268,59.963893,-4.307309,1.040228,59.964277,-4.180003,1.040119,59.966421,-5.423277,1.047694,59.971100,-5.325479,1.063407,59.972511,-3.950476,1.065235,59.968951,-5.017284,1.061407,59.968799,-5.808050,1.077682,59.982534,0.866079,1.019616,59.989888,-0.011936,1.064123,59.971994,-1.926356,1.079374,59.970731,1.828053,1.075026,59.971089,1.657983,1.068581,59.972613,-3.851905,1.078943,59.966163,-2.675761,1.085887,59.955911,-3.921906,1.071854,59.962475,-5.396387,1.089596,59.937219,-1.426838,1.089241,59.929881,0.735293,1.065588,59.970383,-1.504460,0.995609,59.957696,0.935358,0.995947,59.958607,2.911773,1.017148,59.983169,5.726986,1.038994,59.997716,4.341183,1.072934,59.968893,6.051957,1.088007,59.969723,8.318365,1.041771,59.972004,3.010109,1.061591,59.912828,6.335167,1.026101,59.956767,-6.735524,0.999244,0.999008,0.999076,0.999881,1.000440,0.999821,0.997500,0.999692,-40.079100,0.000000,4.480224,14.788972,2.214057,12.372781,15.724050,-36.926489,288.383297,447.800150,209.391350,467.503357,6.717002,286.592096,294.652499,141.504847,562.436988,245.394482,221.661074,276.382253,200.614467,124.488442,251.663684,184.493662,253.902685,8.239523,988.742731,2.149441,164.790455,75.230425,157.625653,78.812826,137.026846,28.927890,26.868009,92.246831,102.994035,75.767785,-82.574348,42.272334,15.225205,67.617823,24.718568,24.091648,4.119761,223.900075
1.660000,1.054848,59.960972,-5.568351,1.072941,59.967498,-3.644019,1.059393,59.967792,-6.098092,1.033981,59.966316,-7.033162,1.032297,59.964185,-6.237600,1.034093,59.963801,-5.696091,1.023757,59.964037,-7.494393,1.022258,59.963970,-7.886084,1.036884,59.959550,-7.259321,1.043186,59.963940,-3.625957,1.039145,59.963918,-4.329371,1.029770,59.964296,-4.288626,1.041711,59.964638,-4.158738,1.041628,59.966370,-5.388422,1.049256,59.970161,-5.260908,1.064974,59.971241,-3.877225,1.066963,59.968204,-4.967335,1.063073,59.968205,-5.758504,1.078946,59.979643,1.004308,1.020699,59.987054,0.179595,1.065727,59.970719,-1.856852,1.080977,59.969510,1.888700,1.076623,59.969805,1.720919,1.070152,59.971316,-3.778040,1.080598,59.966477,-2.641054,1.088407,59.956538,-3.959765,1.074045,59.962424,-5.389991,1.093089,59.939258,-1.593114,1.092931,59.932489,0.518682,1.066816,59.969966,-1.442651,0.996919,59.958575,0.911527,0.997299,59.960451,2.898867,1.018244,59.978903,5.863580,1.039963,59.995135,4.590345,1.074489,59.967825,6.100064,1.089539,59.968365,8.371109,1.043267,59.972988,3.090051,1.065415,59.916766,6.001625,1.026358,59.956510,-6.771149,0.999237,0.999042,0.999160,0.999711,1.000447,0.999881,0.997629,0.999668,-39.986120,0.000000,4.520583,15.122299,2.827790,12.730409,15.092125,-36.643242,288.383297,447.800150,209.391350,467.503357,6.717002,286.592096,294.652499,141.504847,562.436988,245.394482,221.661074,276.382253,200.614467,124.488442,251.663684,184.493662,253.902685,8.239523,988.742731,2.149441,164.790455,75.230425,157.625653,78.812826,137.026846,28.927890,26.868009,92.246831,102.994035,75.767785,-82.574348,42.272334,15.225205,67.617823,24.718568,24.091648,4.119761,223.900075
1.680000,1.055477,59.960730,-5.579056,1.074285,59.967266,-3.607641,1.060824,59.967400,-6.060344,1.035357,59.966228,-7.004694,1.033594,59.964394,-6.223148,1.035391,59.964085,-5.684067,1.025007,59.964217,-7.481144,1.023478,59.964113,-7.873480,1.037530,59.959475,-7.279539,1.044531,59.964444,-3.611931,1.040475,59.964344,-4.315862,1.031146,59.964671,-4.272620,1.043071,59.964967,-4.140477,1.043014,59.966273,-5.359603,1.050697,59.969144,-5.208920,1.066421,59.969877,-3.819018,1.068559,59.967405,-4.928468,1.064610,59.967548,-5.718988,1.080103,59.976498,1.115073,1.021674,59.983791,0.343289,1.067207,59.969360,-1.802383,1.082456,59.968211,1.934732,1.078098,59.968452,1.768829,1.071602,59.969932,-3.719385,1.082147,59.966630,-2.610271,1.090735,59.957285,-3.998027,1.076067,59.962415,-5.389235,1.096313,59.941734,-1.748183,1.096340,59.935637,0.317847,1.067965,59.969377,-1.390084,0.998135,59.959491,0.888740,0.998534,59.962273,2.893703,1.019233,59.974431,5.963006,1.040824,59.991879,4.812394,1.075918,59.966668,6.134611,1.090959,59.966974,8.408460,1.044677,59.973510,3.169543,1.068960,59.921471,5.694471,1.026598,59.956280,-6.813961,0.999231,0.999080,0.999246,0.999539,1.000428,0.999919,0.997785,0.999638,-39.911527,0.000000,4.582096,15.366075,3.423258,13.093656,14.506092,-36.387385,288.383297,447.800150,209.391350,467.503357,6.717002,286.592096,294.652499,141.504847,562.436988,245.394482,221.661074,276.382253,200.614467,124.488442,251.663684,184.493662,253.902685,8.239523,988.742731,2.149441,164.790455,75.230425,157.625653,78.812826,137.026846,28.927890,26.868009,92.246831,102.994035,75.767785,-82.574348,42.272334,15.225205,67.617823,24.718568,24.091648,4.119761,223.900075
1.700000,1.056053,59.960458,-5.595913,1.075519,59.966913,-3.577754,1.062139,59.966938,-6.030009,1.036617,59.966101,-6.981308,1.034780,59.964580,-6.211564,1.036576,59.964348,-5.674361,1.026148,59.964380,-7.470943,1.024592,59.964242,-7.864179,1.038122,59.959409,-7.304523,1.045756,59.964912,-3.598709,1.041688,59.964737,-4.303700,1.032400,59.965012,-4.258337,1.044311,59.965257,-4.124293,1.044282,59.966135,-5.335939,1.052024,59.968076,-5.168770,1.067756,59.968453,-3.775189,1.070027,59.966574,-4.899782,1.066023,59.966844,-5.688692,1.081163,59.973178,1.198091,1.022556,59.980177,0.477592,1.068571,59.967946,-1.762233,1.083820,59.966858,1.966881,1.079460,59.967055,1.802514,1.072940,59.968490,-3.675244,1.083588,59.966626,-2.583371,1.092866,59.958144,-4.034675,1.077920,59.962454,-5.392600,1.099255,59.944608,-1.887878,1.099451,59.939275,0.137643,1.069038,59.968631,-1.346746,0.999258,59.960428,0.868382,0.999654,59.964038,2.897150,1.020125,59.969873,6.025510,1.041590,59.988025,5.003990,1.077232,59.965446,6.156248,1.092275,59.965564,8.431430,1.046005,59.973574,3.246458,1.072206,59.926863,5.420065,1.026822,59.956078,-6.862575,0.999225,0.999123,0.999332,0.999371,1.000383,0.999935,0.997966,0.999603,-39.856760,0.000000,4.663281,15.518769,3.987496,13.451294,13.975563,-36.162978,288.383297,447.800150,209.391350,467.503357,6.717002,286.592096,294.652499,141.504847,562.436988,245.394482,221.661074,276.382253,200.614467,124.488442,251.663684,184.493662,253.902685,8.239523,988.742731,2.149441,164.790455,75.230425,157.625653,78.812826,137.026846,28.927890,26.868009,92.246831,102.994035,75.767785,-82.574348,42.272334,15.225205,67.617823,24.718568,24.091648,4.119761,223.900075
1.720000,1.056579,59.960160,-5.617924,1.076650,59.966450,-3.553985,1.063342,59.966418,-6.006343,1.037765,59.965936,-6.962080,1.035857,59.964739,-6.201836,1.037653,59.964584,-5.665954,1.027185,59.964522,-7.462733,1.025604,59.964351,-7.857112,1.038661,59.959353,-7.333012,1.046866,59.965332,-3.585402,1.042788,59.965091,-4.291955,1.033537,59.965310,-4.244864,1.045435,59.965502,-4.109291,1.045436,59.965958,-5.316522,1.053243,59.966977,-5.139537,1.068986,59.966999,-3.744839,1.071373,59.965729,-4.880226,1.067319,59.966111,-5.666676,1.082139,59.969763,1.253662,1.023357,59.976296,0.581550,1.069830,59.966506,-1.735471,1.085077,59.965479,1.986081,1.080718,59.965639,1.822962,1.074174,59.967023,-3.644689,1.084926,59.966471,-2.560257,1.094800,59.959101,-4.067759,1.079607,59.962544,-5.398532,1.101904,59.947827,-2.008368,1.102252,59.943334,-0.017507,1.070038,59.967747,-1.312486,1.000290,59.961369,0.851725,1.000663,59.965709,2.909830,1.020932,59.965345,6.052193,1.042276,59.983659,5.162405,1.078440,59.964184,6.165819,1.093496,59.964154,8.441163,1.047253,59.973196,3.318755,1.075134,59.932843,5.184113,1.027028,59.955903,-6.915596,0.999221,0.999168,0.999415,0.999209,1.000313,0.999930,0.998168,0.999564,-39.822939,0.000000,4.762161,15.581100,4.508130,13.792318,13.509183,-35.973467,288.383297,447.800150,209.391350,467.503357,6.717002,286.592096,294.652499,141.504847,562.436988,245.394482,221.661074,276.382253,200.614467,124.488442,251.663684,184.493662,253.902685,8.239523,988.742731,2.149441,164.790455,75.230425,157.625653,78.812826,137.026846,28.927890,26.868009,92.246831,102.994035,75.767785,-82.574348,42.272334,15.225205,67.617823,24.718568,24.091648,4.119761,223.900075
1.740000,1.057059,59.959841,-5.644075,1.077681,59.965888,-3.535898,1.064439,59.965849,-5.988546,1.038806,59.965736,-6.946094,1.036831,59.964865,-6.193006,1.038627,59.964786,-5.657894,1.028122,59.964636,-7.455518,1.026520,59.964435,-7.851266,1.039152,59.959302,-7.363780,1.047866,59.965695,-3.571217,1.043780,59.965395,-4.279780,1.034563,59.965558,-4.231364,1.046450,59.965697,-4.094644,1.046483,59.965743,-5.300447,1.054365,59.965868,-5.120171,1.070121,59.965544,-3.726878,1.072606,59.964887,-4.868645,1.068503,59.965362,-5.651914,1.083042,59.966331,1.282626,1.024091,59.972234,0.654803,1.070991,59.965067,-1.720984,1.086237,59.964098,1.993432,1.081881,59.964227,1.831324,1.075312,59.965556,-3.626608,1.086164,59.966177,-2.540788,1.096537,59.960140,-4.095470,1.081132,59.962681,-5.405501,1.104255,59.951328,-2.106272,1.104735,59.947735,-0.143742,1.070968,59.966744,-1.287035,1.001233,59.962297,0.839897,1.001564,59.967254,2.932091,1.021667,59.960952,6.044929,1.042896,59.978880,5.285572,1.079553,59.962910,6.164335,1.094631,59.962762,8.438917,1.048427,59.972403,3.384545,1.077733,59.939296,4.991516,1.027220,59.955756,-6.971645,0.999218,0.999215,0.999495,0.999059,1.000221,0.999903,0.998389,0.999521,-39.810840,0.000000,4.876322,15.555902,4.973702,14.106288,13.114420,-35.821623,288.383297,447.800150,209.391350,467.503357,6.717002,286.592096,294.652499,141.504847,562.436988,245.394482,221.661074,276.382253,200.614467,124.488442,251.663684,184.493662,253.902685,8.239523,988.742731,2.149441,164.790455,75.230425,157.625653,78.812826,137.026846,28.927890,26.868009,92.246831,102.994035,75.767785,-82.574348,42.272334,15.225205,67.617823,24.718568,24.091648,4.119761,223.900075
1.760000,1.057495,59.959505,-5.673365,1.078619,59.965241,-3.523012,1.065438,59.965239,-5.975799,1.039748,59.965499,-6.932483,1.037708,59.964951,-6.184211,1.039502,59.964946,-5.649332,1.028966,59.964716,-7.448398,1.027343,59.964487,-7.845721,1.039595,59.959254,-7.395666,1.048762,59.965991,-3.555482,1.044670,59.965640,-4.266440,1.035484,59.965747,-4.217105,1.047362,59.965832,-4.079625,1.047431,59.965491,-5.286852,1.055395,59.964766,-5.109532,1.071168,59.964112,-3.720070,1.073730,59.964061,-4.863830,1.069584,59.964608,-5.643342,1.083883,59.962953,1.286314,1.024771,59.968077,0.697567,1.072064,59.963654,-1.717523,1.087310,59.962740,1.990166,1.082958,59.962844,1.828872,1.076364,59.964116,-3.619748,1.087304,59.965754,-2.524792,1.098081,59.961235,-4.116204,1.082499,59.962858,-5.412066,1.106304,59.955034,-2.178768,1.106894,59.952386,-0.237875,1.071832,59.965645,-1.270019,1.002092,59.963193,0.833850,1.002363,59.968638,2.964004,1.022339,59.956792,6.006268,1.043463,59.973794,5.372118,1.080579,59.961647,6.152948,1.095688,59.961409,8.426046,1.049530,59.971235,3.442144,1.079995,59.946094,4.846240,1.027396,59.955637,-7.029395,0.999215,0.999264,0.999569,0.998923,1.000108,0.999857,0.998624,0.999476,-39.820869,0.000000,5.002965,15.447942,5.373967,14.383657,12.797394,-35.709496,288.383297,447.800150,209.391350,467.503357,6.717002,286.592096,294.652499,141.504847,562.436988,245.394482,221.661074,276.382253,200.614467,124.488442,251.663684,184.493662,253.902685,8.239523,988.742731,2.149441,164.790455,75.230425,157.625653,78.812826,137.026846,28.927890,26.868009,92.246831,102.994034,75.767785,-82.574348,42.272334,15.225205,67.617823,24.718568,24.091648,4.119761,223.900075
1.780000,1.057866,59.958992,-5.705386,1.079416,59.964237,-3.515776,1.066263,59.964159,-5.968764,1.040516,59.964746,-6.922065,1.038424,59.964584,-6.176081,1.040218,59.964669,-5.640853,1.029655,59.964323,-7.442052,1.028016,59.964066,-7.841143,1.039963,59.958990,-7.428326,1.049488,59.965869,-3.538820,1.045392,59.965461,-4.252549,1.036230,59.965506,-4.202715,1.048099,59.965536,-4.064864,1.048195,59.964766,-5.276414,1.056212,59.963174,-5.108151,1.071992,59.962282,-3.724557,1.074636,59.962790,-4.866132,1.070461,59.963377,-5.641501,1.084573,59.959500,1.265788,1.025330,59.963659,0.709729,1.072866,59.961975,-1.724772,1.088068,59.961488,1.977853,1.083692,59.961531,1.817230,1.077174,59.962260,-3.624281,1.088295,59.964946,-2.512978,1.099355,59.961964,-4.129935,1.083615,59.962590,-5.418512,1.107986,59.958519,-2.224838,1.108670,59.956897,-0.298464,1.072601,59.964317,-1.261478,1.002824,59.963896,0.833822,1.003014,59.969710,3.004908,1.022890,59.952956,5.939257,1.043933,59.968410,5.421015,1.081299,59.960971,6.134595,1.096259,59.961062,8.407964,1.050530,59.969629,3.489742,1.081870,59.952933,4.750658,1.027552,59.955484,-7.087787,0.999213,0.999313,0.999636,0.998804,0.999977,0.999794,0.998868,0.999430,-39.853046,0.000000,5.138981,15.263693,5.700169,14.616060,12.562722,-35.638382,288.383297,447.800150,209.391350,467.503357,6.717002,286.592096,294.652499,141.504847,562.436988,245.394482,221.661074,276.382253,200.614467,124.488442,251.663684,184.493662,253.902685,8.239523,988.742731,2.149441,164.790455,75.230425,157.625653,78.812826,137.026846,28.927890,26.868009,92.246831,102.994034,75.767785,-82.574348,42.272334,15.225205,67.617823,24.718568,24.091648,4.119761,223.900075
1.800000,1.058168,59.958637,-5.739320,1.080063,59.963482,-3.513707,1.066902,59.963535,-5.966665,1.041096,59.964477,-6.914134,1.038967,59.964612,-6.167971,1.040761,59.964765,-5.631820,1.030178,59.964347,-7.435849,1.028527,59.964067,-7.836895,1.040250,59.958943,-7.460882,1.050031,59.966053,-3.520729,1.045934,59.965611,-4.237557,1.036788,59.965605,-4.187628,1.048648,59.965587,-4.049776,1.048763,59.964494,-5.268343,1.056801,59.962213,-5.114662,1.072575,59.961055,-3.738689,1.075306,59.962093,-4.874223,1.071122,59.962699,-5.645282,1.085089,59.956535,1.223741,1.025751,59.959660,0.693002,1.073379,59.960797,-1.740853,1.088496,59.960384,1.958643,1.084070,59.960401,1.798166,1.077728,59.961036,-3.638556,1.089125,59.964345,-2.505084,1.100345,59.963126,-4.135610,1.084464,59.962865,-5.423677,1.109287,59.962409,-2.243056,1.110046,59.961766,-0.323958,1.073271,59.963090,-1.260981,1.003415,59.964738,0.840668,1.003508,59.970758,3.054615,1.023294,59.949652,5.848497,1.044292,59.963145,5.432861,1.081699,59.959978,6.112280,1.096338,59.959943,8.385474,1.051415,59.967915,3.526428,1.083343,59.960021,4.706603,1.027685,59.955404,-7.145769,0.999212,0.999362,0.999695,0.998705,0.999831,0.999715,0.999117,0.999382,-39.906997,0.000000,5.281041,15.011080,5.945305,14.796577,12.413434,-35.608821,288.383297,447.800150,209.391350,467.503357,6.717002,286.592096,294.652499,141.504847,562.436988,245.394482,221.661074,276.382253,200.614467,124.488442,251.663684,184.493662,253.902685,8.239523,988.742731,2.149441,164.790455,75.230425,157.625653,78.812826,137.026846,28.927890,26.868009,92.246831,102.994034,75.767785,-82.574348,42.272334,15.225205,67.617823,24.718568,24.091648,4.119761,223.900075
1.820000,1.058432,59.958280,-5.773711,1.080630,59.962672,-3.515229,1.067456,59.962873,-5.967149,1.041590,59.964144,-6.906341,1.039423,59.964558,-6.157937,1.041217,59.964771,-5.620412,1.030616,59.964296,-7.427714,1.028956,59.963999,-7.830855,1.040495,59.958884,-7.491721,1.050482,59.966112,-3.499789,1.046386,59.965648,-4.219903,1.037254,59.965594,-4.170237,1.049107,59.965529,-4.032726,1.049244,59.964152,-5.260468,1.057316,59.961250,-5.126052,1.073090,59.959851,-3.759518,1.075884,59.961395,-4.885278,1.071694,59.962006,-5.651943,1.085559,59.953719,1.163029,1.026138,59.955751,0.649903,1.073831,59.959621,-1.763411,1.088871,59.959255,1.933325,1.084401,59.959267,1.772947,1.078217,59.959833,-3.659519,1.089863,59.963649,-2.499860,1.101146,59.964238,-4.131038,1.085167,59.963114,-5.424891,1.110281,59.966236,-2.231402,1.111092,59.966564,-0.312553,1.073881,59.961834,-1.267346,1.003924,59.965448,0.855072,1.003909,59.971534,3.112742,1.023651,59.946655,5.737306,1.044620,59.957861,5.408719,1.082047,59.958900,6.084276,1.096404,59.958850,8.357147,1.052234,59.965976,3.551822,1.084463,59.967017,4.715353,1.027804,59.955351,-7.202082,0.999212,0.999409,0.999744,0.998626,0.999675,0.999625,0.999365,0.999335,-39.981951,0.000000,5.425690,14.699177,6.104338,14.919939,12.350906,-35.620585,288.383297,447.800150,209.391350,467.503357,6.717002,286.592096,294.652499,141.504847,562.436988,245.394482,221.661074,276.382253,200.614467,124.488442,251.663684,184.493662,253.902685,8.239523,988.742731,2.149441,164.790455,75.230425,157.625653,78.812826,137.026846,28.927890,26.868009,92.246831,102.994034,75.767785,-82.574348,42.272334,15.225205,67.617823,24.718568,24.091648,4.119761,223.900075
1.840000,1.058663,59.957925,-5.807814,1.081122,59.961832,-3.519875,1.067932,59.962197,-5.969621,1.042005,59.963766,-6.898302,1.039802,59.964434,-6.145757,1.041595,59.964700,-5.606458,1.030980,59.964180,-7.417387,1.029311,59.963870,-7.822728,1.040702,59.958815,-7.520181,1.050852,59.966061,-3.476071,1.046758,59.965588,-4.199572,1.037637,59.965488,-4.150505,1.049486,59.965380,-4.013655,1.049648,59.963762,-5.252421,1.057768,59.960332,-5.141332,1.073547,59.958729,-3.785811,1.076379,59.960731,-4.898359,1.072184,59.961330,-5.660672,1.085996,59.951159,1.086010,1.026507,59.952052,0.582403,1.074231,59.958523,-1.791248,1.089202,59.958198,1.903036,1.084693,59.958205,1.742723,1.078650,59.958711,-3.685938,1.090514,59.962890,-2.497092,1.101767,59.965285,-4.115888,1.085730,59.963345,-5.421534,1.110975,59.969922,-2.189932,1.111811,59.971194,-0.264451,1.074437,59.960572,-1.279942,1.004358,59.966044,0.876923,1.004226,59.972045,3.178115,1.023978,59.944100,5.609338,1.044931,59.952709,5.349904,1.082352,59.957888,6.051638,1.096460,59.957826,8.324094,1.052992,59.963897,3.565433,1.085232,59.973786,4.776385,1.027910,59.955323,-7.255814,0.999213,0.999454,0.999783,0.998568,0.999512,0.999527,0.999608,0.999288,-40.076752,0.000000,5.569408,14.337900,6.174314,14.982667,12.374837,-35.672669,288.383297,447.800150,209.391350,467.503357,6.717002,286.592096,294.652499,141.504847,562.436988,245.394482,221.661074,276.382253,200.614467,124.488442,251.663684,184.493662,253.902685,8.239523,988.742731,2.149441,164.790455,75.230425,157.625653,78.812826,137.026846,28.927890,26.868009,92.246831,102.994034,75.767785,-82.574348,42.272334,15.225205,67.617823,24.718568,24.091648,4.119761,223.900075
1.860000,1.058863,59.957579,-5.840998,1.081546,59.960978,-3.527203,1.068335,59.961513,-5.973559,1.042349,59.963343,-6.889748,1.040109,59.964239,-6.131351,1.041901,59.964550,-5.589928,1.031275,59.963996,-7.404759,1.029600,59.963678,-7.812370,1.040874,59.958732,-7.545761,1.051147,59.965900,-3.449776,1.047055,59.965428,-4.176686,1.037945,59.965287,-4.128524,1.049790,59.965140,-3.992628,1.049982,59.963328,-5.243941,1.058158,59.959467,-5.159548,1.073947,59.957700,-3.816330,1.076794,59.960106,-4.912609,1.072597,59.960675,-5.670736,1.086406,59.948899,0.995328,1.026862,59.948634,0.492938,1.074582,59.957518,-1.823142,1.089492,59.957231,1.868973,1.084949,59.957235,1.708698,1.079030,59.957684,-3.716575,1.091081,59.962092,-2.496541,1.102210,59.966238,-4.090169,1.086158,59.963544,-5.413213,1.111373,59.973381,-2.119459,1.112207,59.975555,-0.180731,1.074940,59.959325,-1.298131,1.004723,59.966520,0.905971,1.004468,59.972287,3.249399,1.024285,59.942030,5.468585,1.045234,59.947808,5.258502,1.082620,59.956962,6.015527,1.096511,59.956888,8.287486,1.053692,59.961757,3.567194,1.085655,59.980192,4.888033,1.028005,59.955316,-7.306211,0.999214,0.999495,0.999810,0.998532,0.999346,0.999424,0.999842,0.999243,-40.189879,0.000000,5.708702,13.937712,6.154440,14.983163,12.483258,-35.763325,288.383297,447.800150,209.391350,467.503357,6.717002,286.592096,294.652499,141.504847,562.436988,245.394482,221.661074,276.382253,200.614467,124.488442,251.663684,184.493662,253.902685,8.239523,988.742731,2.149441,164.790455,75.230425,157.625653,78.812826,137.026846,28.927890,26.868009,92.246831,102.994034,75.767785,-82.574348,42.272334,15.225205,67.617823,24.718568,24.091648,4.119761,223.900075
1.880000,1.059034,59.957244,-5.872746,1.081902,59.960125,-3.536806,1.068668,59.960830,-5.978540,1.042623,59.962875,-6.880559,1.040350,59.963969,-6.114804,1.042140,59.964318,-5.570964,1.031505,59.963740,-7.389897,1.029826,59.963419,-7.799815,1.041014,59.958633,-7.568127,1.051372,59.965626,-3.421269,1.047283,59.965166,-4.151529,1.038182,59.964989,-4.104545,1.050025,59.964807,-3.969865,1.050248,59.962850,-5.234904,1.058490,59.958661,-5.179848,1.074294,59.956774,-3.849915,1.077130,59.959520,-4.927303,1.072933,59.960045,-5.681523,1.086790,59.946968,0.893723,1.027208,59.945559,0.384257,1.074885,59.956615,-1.857937,1.089743,59.956365,1.832280,1.085171,59.956365,1.672014,1.079358,59.956759,-3.750273,1.091564,59.961275,-2.497953,1.102477,59.967070,-4.054235,1.086450,59.963694,-5.399792,1.111478,59.976535,-2.021529,1.112286,59.979551,-0.063322,1.075394,59.958116,-1.321258,1.005023,59.966866,0.941750,1.004641,59.972256,3.325082,1.024574,59.940460,5.319056,1.045531,59.943264,5.137244,1.082851,59.956135,5.977073,1.096556,59.956050,8.248453,1.054332,59.959629,3.557440,1.085735,59.986105,5.047534,1.028090,59.955329,-7.352685,0.999216,0.999533,0.999826,0.998517,0.999182,0.999320,1.000061,0.999200,-40.319466,0.000000,5.840191,13.509334,6.046114,14.921739,12.672607,-35.890096,288.383297,447.800150,209.391350,467.503357,6.717002,286.592096,294.652499,141.504847,562.436988,245.394482,221.661074,276.382253,200.614467,124.488442,251.663684,184.493662,253.902685,8.239523,988.742731,2.149441,164.790455,75.230425,157.625653,78.812826,137.026846,28.927890,26.868009,92.246831,102.994034,75.767785,-82.574348,42.272334,15.225205,67.617823,24.718568,24.091648,4.119761,223.900075
1.900000,1.059177,59.956926,-5.902655,1.082192,59.959288,-3.548311,1.068931,59.960153,-5.984242,1.042832,59.962365,-6.870752,1.040527,59.963623,-6.096363,1.042315,59.964002,-5.549869,1.031674,59.963411,-7.373031,1.029991,59.963091,-7.785260,1.041124,59.958515,-7.587112,1.051531,59.965239,-3.391062,1.047447,59.964801,-4.124541,1.038352,59.964594,-4.078973,1.050194,59.964383,-3.945734,1.050450,59.962329,-5.225326,1.058763,59.957917,-5.201497,1.074584,59.955955,-3.885511,1.077387,59.958975,-4.941855,1.073194,59.959443,-5.692547,1.087147,59.945385,0.783949,1.027542,59.942875,0.259346,1.075140,59.955819,-1.894578,1.089955,59.955607,1.794012,1.085359,59.955603,1.633727,1.079634,59.955941,-3.785975,1.091962,59.960463,-2.501060,1.102569,59.967760,-4.008762,1.086610,59.963784,-5.381376,1.111294,59.979315,-1.898363,1.112052,59.983099,0.085063,1.075800,59.956966,-1.348661,1.005261,59.967073,0.983577,1.004753,59.971954,3.403496,1.024850,59.939387,5.164640,1.045821,59.939172,4.989431,1.083045,59.955418,5.937332,1.096597,59.955320,8.208042,1.054911,59.957585,3.536881,1.085478,59.991408,5.251103,1.028165,59.955359,-7.394812,0.999218,0.999566,0.999829,0.998521,0.999024,0.999219,1.000263,0.999160,-40.463331,0.000000,5.960692,13.063461,5.852906,14.800588,12.937831,-36.049869,288.383297,447.800150,209.391350,467.503357,6.717002,286.592096,294.652499,141.504847,562.436988,245.394482,221.661074,276.382253,200.614467,124.488442,251.663684,184.493662,253.902685,8.239523,988.742731,2.149441,164.790455,75.230425,157.625653,78.812826,137.026846,28.927890,26.868009,92.246831,102.994034,75.767785,-82.574348,42.272334,15.225205,67.617823,24.718568,24.091648,4.119761,223.900075
1.920000,1.059291,59.956630,-5.930431,1.082415,59.958484,-3.561374,1.069125,59.959490,-5.990431,1.042976,59.961816,-6.860471,1.040643,59.963204,-6.076419,1.042429,59.963604,-5.527096,1.031785,59.963008,-7.354540,1.030100,59.962694,-7.769049,1.041204,59.958379,-7.602698,1.051629,59.964744,-3.359805,1.047549,59.964337,-4.096300,1.038459,59.964104,-4.052346,1.050302,59.963870,-3.920733,1.050589,59.961770,-5.215349,1.058977,59.957240,-5.223877,1.074817,59.955249,-3.922173,1.077563,59.958472,-4.955818,1.073378,59.958872,-5.703444,1.087474,59.944162,0.668718,1.027860,59.940625,0.121369,1.075345,59.955136,-1.932116,1.090125,59.954963,1.755125,1.085511,59.954955,1.594791,1.079855,59.955235,-3.822738,1.092273,59.959676,-2.505585,1.102489,59.968289,-3.954714,1.086636,59.963806,-5.358288,1.110830,59.981661,-1.752776,1.111514,59.986127,0.261017,1.076156,59.955895,-1.379674,1.005439,59.967133,1.030559,1.004808,59.971385,3.482858,1.025111,59.938799,5.009016,1.046100,59.935617,4.818854,1.083202,59.954816,5.897267,1.096633,59.954703,8.167210,1.055424,59.955691,3.506574,1.084895,59.996004,5.494050,1.028231,59.955404,-7.432327,0.999221,0.999593,0.999821,0.998544,0.998876,0.999123,1.000442,0.999124,-40.619012,0.000000,6.067301,12.610506,5.580476,14.623691,13.272535,-36.238938,288.383297,447.800150,209.391350,467.503357,6.717002,286.592096,294.652499,141.504847,562.436988,245.394482,221.661074,276.382253,200.614467,124.488442,251.663684,184.493662,253.902685,8.239523,988.742731,2.149441,164.790455,75.230425,157.625653,78.812826,137.026846,28.927890,26.868009,92.246831,102.994035,75.767785,-82.574348,42.272334,15.225205,67.617823,24.718568,24.091648,4.119761,223.900075
1.940000,1.059378,59.956361,-5.955883,1.082571,59.957730,-3.575675,1.069249,59.958852,-5.996949,1.043059,59.961233,-6.849963,1.040702,59.962714,-6.055477,1.042486,59.963126,-5.503214,1.031840,59.962537,-7.334924,1.030155,59.962233,-7.751648,1.041257,59.958225,-7.615011,1.051670,59.964146,-3.328245,1.047594,59.963779,-4.067490,1.038507,59.963527,-4.025304,1.050350,59.963275,-3.895464,1.050667,59.961177,-5.205218,1.059130,59.956634,-5.246479,1.074990,59.954658,-3.959068,1.077659,59.958014,-4.968867,1.073485,59.958338,-5.713952,1.087766,59.943304,0.550658,1.028156,59.938841,-0.026391,1.075498,59.954569,-1.969714,1.090254,59.954438,1.716468,1.085625,59.954424,1.556052,1.080020,59.954645,-3.859729,1.092496,59.958938,-2.511231,1.102240,59.968647,-3.893286,1.086531,59.963754,-5.331035,1.110094,59.983532,-1.588077,1.110681,59.988581,0.460552,1.076465,59.954923,-1.413623,1.005560,59.967041,1.081629,1.004813,59.970562,3.561309,1.025357,59.938673,4.855591,1.046361,59.932669,4.629712,1.083320,59.954334,5.857742,1.096664,59.954207,8.126811,1.055867,59.954007,3.467882,1.083996,59.999810,5.770909,1.028288,59.955464,-7.465114,0.999224,0.999614,0.999802,0.998582,0.998741,0.999035,1.000597,0.999093,-40.783805,0.000000,6.157467,12.160371,5.236441,14.396672,13.669159,-36.453073,288.383297,447.800150,209.391350,467.503357,6.717002,286.592096,294.652499,141.504847,562.436988,245.394482,221.661074,276.382253,200.614467,124.488442,251.663684,184.493662,253.902685,8.239523,988.742731,2.149441,164.790455,75.230425,157.625653,78.812826,137.026846,28.927890,26.868009,92.246831,102.994035,75.767785,-82.574348,42.272334,15.225205,67.617823,24.718568,24.091648,4.119761,223.900075
1.960000,1.059436,59.956126,-5.978907,1.082661,59.957041,-3.590906,1.069304,59.958249,-6.003696,1.043081,59.960626,-6.839547,1.040706,59.962161,-6.034134,1.042489,59.962577,-5.478883,1.031843,59.962003,-7.314770,1.030159,59.961715,-7.733615,1.041284,59.958055,-7.624291,1.051657,59.963455,-3.297201,1.047585,59.963136,-4.038872,1.038500,59.962871,-3.998564,1.050344,59.962607,-3.870597,1.050688,59.960559,-5.195256,1.059221,59.956104,-5.268890,1.075101,59.954186,-3.995466,1.077672,59.957605,-4.980782,1.073515,59.957847,-5.723896,1.088018,59.942810,0.432277,1.028423,59.937547,-0.180583,1.075597,59.954123,-2.006635,1.090337,59.954034,1.678788,1.085701,59.954016,1.518256,1.080126,59.954174,-3.896218,1.092630,59.958267,-2.517687,1.101827,59.968829,-3.825854,1.086297,59.963630,-5.300266,1.109099,59.984897,-1.407957,1.109570,59.990421,0.679225,1.076725,59.954069,-1.449834,1.005626,59.966798,1.135571,1.004775,59.969503,3.636974,1.025585,59.938982,4.707449,1.046596,59.930387,4.426528,1.083396,59.953975,5.819517,1.096688,59.953833,8.087603,1.056237,59.952583,3.422424,1.082799,60.002766,6.075591,1.028336,59.955537,-7.493198,0.999228,0.999628,0.999771,0.998635,0.998624,0.998960,1.000725,0.999066,-40.954814,0.000000,6.229053,11.722250,4.830183,14.126599,14.119180,-36.687601,288.383297,447.800150,209.391350,467.503357,6.717002,286.592096,294.652499,141.504847,562.436988,245.394482,221.661074,276.382253,200.614467,124.488442,251.663684,184.493662,253.902685,8.239523,988.742731,2.149441,164.790455,75.230425,157.625653,78.812826,137.026846,28.927890,26.868009,92.246831,102.994035,75.767785,-82.574348,42.272334,15.225205,67.617823,24.718568,24.091648,4.119761,223.900075
1.980000,1.059466,59.955930,-5.999474,1.082685,59.956433,-3.606764,1.069291,59.957691,-6.010611,1.043046,59.960005,-6.829595,1.040660,59.961555,-6.013039,1.042442,59.961965,-5.454817,1.031799,59.961416,-7.294728,1.030117,59.961147,-7.715567,1.041287,59.957872,-7.630880,1.051595,59.962684,-3.267525,1.047527,59.962419,-4.011247,1.038441,59.962147,-3.972883,1.050288,59.961878,-3.846845,1.050653,59.959927,-5.185836,1.059250,59.955656,-5.290775,1.075150,59.953838,-4.030730,1.077606,59.957250,-4.991424,1.073469,59.957409,-5.733167,1.088226,59.942675,0.315937,1.028652,59.936759,-0.337846,1.075641,59.953801,-2.042237,1.090376,59.953754,1.642735,1.085737,59.953731,1.482052,1.080173,59.953826,-3.931567,1.092677,59.957681,-2.524623,1.101259,59.968839,-3.753913,1.085941,59.963438,-5.266725,1.107864,59.985741,-1.216376,1.108200,59.991625,0.912266,1.076938,59.953348,-1.487628,1.005642,59.966405,1.191062,1.004702,59.968229,3.708008,1.025793,59.939689,4.567321,1.046794,59.928812,4.214053,1.083431,59.953743,5.783253,1.096705,59.953585,8.050247,1.056530,59.951458,3.372015,1.081325,60.004833,6.401551,1.028376,59.955622,-7.516726,0.999232,0.999636,0.999730,0.998698,0.998527,0.998897,1.000824,0.999044,-41.128998,0.000000,6.280391,11.304467,4.372619,13.821748,14.613328,-36.937497,288.383297,447.800150,209.391350,467.503357,6.717002,286.592096,294.652499,141.504847,562.436988,245.394482,221.661074,276.382253,200.614467,124.488442,251.663684,184.493662,253.902685,8.239523,988.742731,2.149441,164.790455,75.230425,157.625653,78.812826,137.026846,28.927890,26.868009,92.246831,102.994035,75.767785,-82.574348,42.272334,15.225205,67.617823,24.718568,24.091648,4.119761,223.900075
2.000000,1.059470,59.955778,-6.017621,1.082645,59.955920,-3.622945,1.069212,59.957192,-6.017649,1.042959,59.959383,-6.820495,1.040568,59.960908,-5.992867,1.042350,59.961303,-5.431757,1.031711,59.960788,-7.275471,1.030032,59.960541,-7.698149,1.041268,59.957681,-7.635191,1.051490,59.961848,-3.240064,1.047426,59.961644,-3.985423,1.038338,59.961372,-3.949021,1.050186,59.961103,-3.824923,1.050568,59.959292,-5.177352,1.059219,59.955295,-5.311860,1.075135,59.953615,-4.064305,1.077460,59.956956,-5.000716,1.073349,59.957030,-5.741699,1.088385,59.942888,0.203830,1.028836,59.936480,-0.494858,1.075630,59.953604,-2.075963,1.090368,59.953601,1.608870,1.085732,59.953573,1.448001,1.080159,59.953604,-3.965221,1.092639,59.957197,-2.531694,1.100547,59.968683,-3.679018,1.085469,59.963185,-5.231214,1.106412,59.986063,-1.017436,1.106597,59.992187,1.154721,1.077104,59.952774,-1.526326,1.005612,59.965869,1.246709,1.004600,59.966770,3.772652,1.025976,59.940756,4.437561,1.046945,59.927969,3.997158,1.083422,59.953636,5.749515,1.096713,59.953465,8.015316,1.056744,59.950660,3.318597,1.079603,60.005993,6.741950,1.028409,59.955719,-7.535953,0.999236,0.999637,0.999681,0.998771,0.998452,0.998850,1.000892,0.999028,-41.303229,0.000000,6.310320,10.914356,3.875917,13.491321,15.141820,-37.197475,288.383297,447.800150,209.391350,467.503357,6.717002,286.592096,294.652499,141.504847,562.436988,245.394482,221.661074,276.382253,200.614467,124.488442,251.663684,184.493662,253.902685,8.239523,988.742731,2.149441,164.790455,75.230425,157.625653,78.812826,137.026846,28.927890,26.868009,92.246831,102.994035,75.767785,-82.574348,42.272334,15.225205,67.617823,24.718568,24.091648,4.119761,223.900075
2.020000,1.059448,59.955677,-6.033431,1.082544,59.955515,-3.639137,1.069072,59.956762,-6.024773,1.042825,59.958771,-6.812631,1.040437,59.960233,-5.974284,1.042219,59.960604,-5.410433,1.031585,59.960131,-7.257668,1.029911,59.959911,-7.682006,1.041230,59.957487,-7.637688,1.051350,59.960966,-3.215634,1.047288,59.960825,-3.962183,1.038195,59.960559,-3.927715,1.050046,59.960298,-3.805522,1.050437,59.958668,-5.170196,1.059129,59.955028,-5.331919,1.075058,59.953520,-4.095707,1.077242,59.956730,-5.008619,1.073160,59.956719,-5.749449,1.088489,59.943430,0.097954,1.028967,59.936705,-0.648398,1.075564,59.953534,-2.107330,1.090315,59.953573,1.577672,1.085687,59.953541,1.416584,1.080087,59.953510,-3.996696,1.092520,59.956825,-2.538545,1.099707,59.968375,-3.602731,1.084892,59.962883,-5.194548,1.104771,59.985876,-0.815270,1.104792,59.992118,1.401577,1.077225,59.952358,-1.565244,1.005542,59.965198,1.301089,1.004478,59.965156,3.829279,1.026132,59.942139,4.320135,1.047041,59.927867,3.780732,1.083372,59.953654,5.718779,1.096711,59.953472,7.983297,1.056879,59.950204,3.264173,1.077665,60.006249,7.089828,1.028434,59.955828,-7.551222,0.999240,0.999630,0.999623,0.998849,0.998401,0.998819,1.000930,0.999017,-41.474350,0.000000,6.318219,10.558168,3.353191,13.145151,15.694589,-37.462092,288.383297,447.800150,209.391350,467.503357,6.717002,286.592096,294.652499,141.504847,562.436988,245.394482,221.661074,276.382253,200.614467,124.488442,251.663684,184.493662,253.902685,8.239523,988.742731,2.149441,164.790455,75.230425,157.625653,78.812826,137.026846,28.927890,26.868009,92.246831,102.994035,75.767785,-82.574348,42.272334,15.225205,67.617823,24.718568,24.091648,4.119761,223.900075
2.040000,1.059401,59.955629,-6.047024,1.082387,59.955225,-3.655020,1.068877,59.956410,-6.031936,1.042650,59.958184,-6.806360,1.040273,59.959544,-5.957925,1.042056,59.959883,-5.391539,1.031430,59.959461,-7.241955,1.029759,59.959269,-7.667749,1.041177,59.957296,-7.638861,1.051181,59.960056,-3.194984,1.047120,59.959980,-3.942254,1.038022,59.959727,-3.909646,1.049875,59.959479,-3.789278,1.050268,59.958066,-5.164733,1.058986,59.954858,-5.350758,1.074923,59.953551,-4.124514,1.076956,59.956576,-5.015120,1.072908,59.956485,-5.756389,1.088539,59.944281,0.000095,1.029040,59.937419,-0.795397,1.075447,59.953590,-2.135925,1.090218,59.953669,1.549545,1.085603,59.953633,1.388208,1.079960,59.953542,-4.025568,1.092328,59.956575,-2.544819,1.098758,59.967932,-3.526572,1.084224,59.962544,-5.157519,1.102976,59.985205,-0.613936,1.102822,59.991441,1.647893,1.077305,59.952108,-1.603708,1.005438,59.964405,1.352791,1.004346,59.963423,3.876441,1.026257,59.943791,4.216615,1.047072,59.928493,3.569568,1.083281,59.953794,5.691433,1.096700,59.953603,7.954598,1.056939,59.950093,3.210730,1.075548,60.005621,7.438262,1.028452,59.955949,-7.562942,0.999245,0.999617,0.999559,0.998931,0.998375,0.998804,1.000938,0.999012,-41.639231,0.000000,6.304010,10.241025,2.818162,12.793389,16.261510,-37.725841,288.383297,447.800150,209.391350,467.503357,6.717002,286.592096,294.652499,141.504847,562.436988,245.394482,221.661074,276.382253,200.614467,124.488442,251.663684,184.493662,253.902685,8.239523,988.742731,2.149441,164.790455,75.230425,157.625653,78.812826,137.026846,28.927890,26.868009,92.246831,102.994035,75.767785,-82.574348,42.272334,15.225205,67.617823,24.718568,24.091648,4.119761,223.900075
2.060000,1.059334,59.955637,-6.058542,1.082181,59.955058,-3.670271,1.068634,59.956145,-6.039078,1.042442,59.957633,-6.801991,1.040085,59.958855,-5.944366,1.041870,59.959155,-5.375711,1.031251,59.958790,-7.228914,1.029586,59.958630,-7.655942,1.041111,59.957114,-7.639209,1.050993,59.959136,-3.178772,1.046932,59.959128,-3.926284,1.037827,59.958894,-3.895417,1.049681,59.958664,-3.776753,1.050067,59.957499,-5.161285,1.058796,59.954787,-5.368207,1.074735,59.953707,-4.150363,1.076611,59.956499,-5.020217,1.072601,59.956331,-5.762489,1.088531,59.945412,-0.088191,1.029050,59.938593,-0.932998,1.075283,59.953768,-2.161395,1.090082,59.953885,1.524819,1.085484,59.953846,1.363206,1.079782,59.953700,-4.051475,1.092073,59.956449,-2.550166,1.097722,59.967371,-3.451977,1.083483,59.962181,-5.120878,1.101063,59.984083,-0.417316,1.100726,59.990193,1.888911,1.077347,59.952026,-1.641046,1.005307,59.963503,1.400455,1.004211,59.961609,3.912906,1.026349,59.945664,4.128180,1.047034,59.929820,3.368252,1.083153,59.954049,5.667781,1.096679,59.953853,7.929548,1.056928,59.950317,3.160170,1.073297,60.004150,7.780523,1.028465,59.956082,-7.571568,0.999250,0.999597,0.999490,0.999015,0.998375,0.998806,1.000916,0.999012,-41.794832,0.000000,6.268169,9.966900,2.284811,12.446184,16.832612,-37.983260,288.383297,447.800150,209.391350,467.503357,6.717002,286.592096,294.652499,141.504847,562.436988,245.394482,221.661074,276.382253,200.614467,124.488442,251.663684,184.493662,253.902685,8.239523,988.742731,2.149441,164.790455,75.230425,157.625653,78.812826,137.026846,28.927890,26.868009,92.246831,102.994035,75.767785,-82.574348,42.272334,15.225205,67.617823,24.718568,24.091648,4.119761,223.900075
2.080000,1.059250,59.955703,-6.068145,1.081934,59.955016,-3.684566,1.068352,59.955972,-6.046121,1.042211,59.957130,-6.799781,1.039881,59.958181,-5.934107,1.041670,59.958434,-5.363500,1.031058,59.958133,-7.219049,1.029398,59.958007,-7.647074,1.041037,59.956945,-7.639214,1.050794,59.958227,-3.167548,1.046732,59.958285,-3.914820,1.037619,59.958075,-3.885535,1.049474,59.957870,-3.768413,1.049845,59.956979,-5.160114,1.058566,59.954816,-5.384120,1.074501,59.953983,-4.172950,1.076220,59.956500,-5.023920,1.072250,59.956262,-5.767717,1.088468,59.946792,-0.165598,1.028996,59.940193,-1.058609,1.075077,59.954063,-2.183454,1.089911,59.954213,1.503751,1.085334,59.954171,1.341843,1.079560,59.953976,-4.074112,1.091765,59.956448,-2.554262,1.096626,59.966713,-3.380272,1.082687,59.961807,-5.085308,1.099076,59.982553,-0.229040,1.098551,59.988421,2.120153,1.077357,59.952115,-1.676607,1.005158,59.962510,1.442803,1.004082,59.959752,3.937692,1.026407,59.947708,4.055622,1.046922,59.931801,3.181063,1.082993,59.954410,5.648048,1.096647,59.954214,7.908401,1.056853,59.950854,3.114244,1.070957,60.001890,8.110206,1.028473,59.956227,-7.577585,0.999254,0.999570,0.999417,0.999097,0.998400,0.998824,1.000866,0.999019,-41.938262,0.000000,6.211703,9.738630,1.767019,12.113378,17.398280,-38.229031,288.383297,447.800150,209.391350,467.503357,6.717002,286.592096,294.652499,141.504847,562.436988,245.394482,221.661074,276.382253,200.614467,124.488442,251.663684,184.493662,253.902685,8.239523,988.742731,2.149441,164.790455,75.230425,157.625653,78.812826,137.026846,28.927890,26.868009,92.246831,102.994035,75.767785,-82.574348,42.272334,15.225205,67.617823,24.718568,24.091648,4.119761,223.900075
2.100000,1.059151,59.955825,-6.076000,1.081656,59.955095,-3.697594,1.068042,59.955891,-6.052973,1.041965,59.956684,-6.799920,1.039671,59.957535,-5.927561,1.041464,59.957735,-5.355367,1.030860,59.957503,-7.212780,1.029205,59.957412,-7.641552,1.040959,59.956795,-7.639331,1.050594,59.957345,-3.161736,1.046530,59.957468,-3.908296,1.037408,59.957287,-3.880395,1.049263,59.957112,-3.764619,1.049610,59.956514,-5.161423,1.058304,59.954941,-5.398370,1.074229,59.954368,-4.192033,1.075793,59.956579,-5.026242,1.071866,59.956278,-5.772040,1.088353,59.948381,-0.231085,1.028877,59.942170,-1.169957,1.074838,59.954466,-2.201879,1.089712,59.954642,1.486528,1.085157,59.954599,1.324312,1.079303,59.954363,-4.093235,1.091419,59.956563,-2.556816,1.095497,59.965976,-3.312651,1.081858,59.961433,-5.051417,1.097057,59.980660,-0.052420,1.096344,59.986178,2.337507,1.077340,59.952368,-1.709769,1.005000,59.961443,1.478675,1.003969,59.957891,3.950089,1.026430,59.949870,3.999363,1.046735,59.934375,3.011865,1.082807,59.954867,5.632372,1.096607,59.954675,7.891329,1.056724,59.951672,3.074490,1.068578,59.998910,8.421357,1.028478,59.956384,-7.581485,0.999259,0.999538,0.999342,0.999175,0.998450,0.998856,1.000790,0.999031,-42.066837,0.000000,6.136126,9.557959,1.278223,11.804215,17.949426,-38.458074,288.383297,447.800150,209.391350,467.503357,6.717002,286.592096,294.652499,141.504847,562.436988,245.394482,221.661074,276.382253,200.614467,124.488442,251.663684,184.493662,253.902685,8.239523,988.742731,2.149441,164.790455,75.230425,157.625653,78.812826,137.026846,28.927890,26.868009,92.246831,102.994035,75.767785,-82.574348,42.272334,15.225205,67.617823,24.718568,24.091648,4.119761,223.900075
2.120000,1.059044,59.956001,-6.082278,1.081357,59.955291,-3.709071,1.067715,59.955902,-6.059535,1.041716,59.956301,-6.802536,1.039464,59.956928,-5.925044,1.041262,59.957070,-5.351667,1.030666,59.956911,-7.210428,1.029016,59.956856,-7.639691,1.040883,59.956668,-7.639971,1.050403,59.956508,-3.161629,1.046336,59.956692,-3.907024,1.037204,59.956545,-3.880277,1.049058,59.956403,-3.765616,1.049373,59.956113,-5.165344,1.058021,59.955156,-5.410858,1.073930,59.954852,-4.207436,1.075343,59.956730,-5.027211,1.071462,59.956374,-5.775430,1.088189,59.950140,-0.283885,1.028697,59.944469,-1.265130,1.074574,59.954962,-2.216519,1.089491,59.955160,1.473254,1.084961,59.955116,1.310728,1.079018,59.954848,-4.108670,1.091049,59.956786,-2.557595,1.094364,59.965178,-3.250163,1.081017,59.961065,-5.019740,1.095054,59.978457,0.109599,1.094154,59.983525,2.537286,1.077302,59.952777,-1.739946,1.004840,59.960320,1.507057,1.003880,59.956065,3.949678,1.026418,59.952102,3.959466,1.046473,59.937466,2.864028,1.082601,59.955404,5.620810,1.096558,59.955221,7.878422,1.056551,59.952730,3.042185,1.066210,59.995289,8.708574,1.028482,59.956552,-7.583749,0.999264,0.999500,0.999267,0.999249,0.998522,0.998901,1.000690,0.999048,-42.178129,0.000000,6.043420,9.425598,0.831080,11.527078,18.477640,-38.665646,288.383297,447.800150,209.391350,467.503357,6.717002,286.592096,294.652499,141.504847,562.436988,245.394482,221.661074,276.382253,200.614467,124.488442,251.663684,184.493662,253.902685,8.239523,988.742731,2.149441,164.790455,75.230425,157.625653,78.812826,137.026846,28.927890,26.868009,92.246831,102.994034,75.767785,-82.574348,42.272334,15.225205,67.617823,24.718568,24.091648,4.119761,223.900075
2.140000,1.058932,59.956226,-6.087150,1.081049,59.955590,-3.718747,1.067382,59.955999,-6.065713,1.041474,59.955985,-6.807691,1.039269,59.956369,-5.926773,1.041074,59.956450,-5.352645,1.030485,59.956366,-7.212216,1.028839,59.956347,-7.641708,1.040811,59.956567,-7.641493,1.050230,59.955728,-3.167381,1.046158,59.955970,-3.911188,1.037015,59.955860,-3.885337,1.048868,59.955754,-3.771537,1.049143,59.955777,-5.171943,1.057727,59.955451,-5.421516,1.073612,59.955418,-4.219059,1.074886,59.956947,-5.026874,1.071050,59.956545,-5.777868,1.087982,59.952024,-0.323519,1.028459,59.947030,-1.342621,1.074293,59.955538,-2.227303,1.089255,59.955749,1.463957,1.084751,59.955707,1.301125,1.078716,59.955416,-4.120315,1.090669,59.957100,-2.556433,1.093255,59.964335,-3.193717,1.080187,59.960710,-4.990739,1.093110,59.975994,0.254471,1.092027,59.980525,2.716280,1.077250,59.953328,-1.766611,1.004688,59.959162,1.527104,1.003821,59.954311,3.936338,1.026374,59.954352,3.935663,1.046140,59.940986,2.740344,1.082381,59.956005,5.613331,1.096502,59.955836,7.869685,1.056347,59.953979,3.018304,1.063902,59.991113,8.967085,1.028484,59.956731,-7.584839,0.999269,0.999458,0.999194,0.999317,0.998615,0.998957,1.000569,0.999070,-42.270021,0.000000,5.935980,9.341310,0.437159,11.289260,18.975314,-38.847429,288.383297,447.800150,209.391350,467.503357,6.717002,286.592096,294.652499,141.504847,562.436988,245.394482,221.661074,276.382253,200.614467,124.488442,251.663684,184.493662,253.902685,8.239523,988.742731,2.149441,164.790455,75.230425,157.625653,78.812826,137.026846,28.927890,26.868009,92.246831,102.994034,75.767785,-82.574348,42.272334,15.225205,67.617823,24.718568,24.091648,4.119761,223.900075
2.160000,1.058821,59.956493,-6.090786,1.080742,59.955980,-3.726431,1.067055,59.956172,-6.071424,1.041247,59.955737,-6.815393,1.039096,59.955865,-5.932862,1.040908,59.955882,-5.358437,1.030324,59.955875,-7.218264,1.028682,59.955893,-7.647726,1.040749,59.956494,-7.644195,1.050083,59.955020,-3.179010,1.046004,59.955312,-3.920847,1.036852,59.955242,-3.895611,1.048702,59.955175,-3.782397,1.048930,59.955511,-5.181227,1.057432,59.955813,-5.430316,1.073286,59.956048,-4.226886,1.074434,59.957218,-5.025305,1.070644,59.956780,-5.779363,1.087739,59.953986,-0.349792,1.028169,59.949783,-1.401350,1.074005,59.956174,-2.234240,1.089013,59.956392,1.458577,1.084535,59.956352,1.295451,1.078406,59.956047,-4.128153,1.090294,59.957487,-2.553250,1.092198,59.963458,-3.144081,1.079389,59.960368,-4.964814,1.091268,59.973323,0.380067,1.090011,59.977242,2.871784,1.077190,59.954006,-1.789303,1.004553,59.957990,1.538156,1.003799,59.952662,3.910247,1.026301,59.956574,3.927383,1.045742,59.944839,2.642982,1.082156,59.956652,5.609819,1.096441,59.956501,7.865032,1.056124,59.955365,3.003487,1.061701,59.986476,9.192821,1.028487,59.956919,-7.585179,0.999273,0.999411,0.999123,0.999378,0.998727,0.999022,1.000429,0.999096,-42.340748,0.000000,5.816555,9.304004,0.106668,11.096776,19.435739,-38.999607,288.383297,447.800150,209.391350,467.503357,6.717002,286.592096,294.652499,141.504847,562.436988,245.394482,221.661074,276.382253,200.614467,124.488442,251.663684,184.493662,253.902685,8.239523,988.742731,2.149441,164.790455,75.230425,157.625653,78.812826,137.026846,28.927890,26.868009,92.246831,102.994034,75.767785,-82.574348,42.272334,15.225205,67.617823,24.718568,24.091648,4.119761,223.900075
2.180000,1.058715,59.956795,-6.093354,1.080448,59.956442,-3.731993,1.066744,59.956409,-6.076612,1.041046,59.955556,-6.825597,1.038951,59.955421,-5.943329,1.040771,59.955374,-5.369070,1.030192,59.955445,-7.228596,1.028553,59.955497,-7.657773,1.040700,59.956450,-7.648311,1.049970,59.954391,-3.196406,1.045884,59.954728,-3.935934,1.036721,59.954698,-3.911020,1.048567,59.954672,-3.798105,1.048742,59.955312,-5.193143,1.057145,59.956229,-5.437277,1.072963,59.956722,-4.230986,1.074001,59.957529,-5.022618,1.070256,59.957064,-5.779955,1.087468,59.955978,-0.362795,1.027833,59.952658,-1.440685,1.073719,59.956849,-2.237429,1.088771,59.957068,1.456968,1.084319,59.957031,1.293568,1.078098,59.956722,-4.132255,1.089937,59.957924,-2.548061,1.091218,59.962556,-3.101891,1.078645,59.960038,-4.942315,1.089568,59.970495,0.484682,1.088146,59.973742,3.001619,1.077130,59.954790,-1.807645,1.004441,59.956822,1.539760,1.003817,59.951152,3.871872,1.026200,59.958724,3.933781,1.045283,59.948923,2.573438,1.081932,59.957325,5.610072,1.096377,59.957194,7.864287,1.055894,59.956832,2.998028,1.059651,59.981473,9.382451,1.028492,59.957115,-7.585146,0.999278,0.999362,0.999057,0.999431,0.998853,0.999093,1.000275,0.999126,-42.388932,0.000000,5.688178,9.311840,-0.151786,10.954223,19.853175,-39.118942,288.383297,447.800150,209.391350,467.503357,6.717002,286.592096,294.652499,141.504847,562.436988,245.394482,221.661074,276.382253,200.614467,124.488442,251.663684,184.493662,253.902685,8.239523,988.742731,2.149441,164.790455,75.230425,157.625653,78.812826,137.026846,28.927890,26.868009,92.246831,102.994034,75.767785,-82.574348,42.272334,15.225205,67.617823,24.718568,24.091648,4.119761,223.900075
2.200000,1.058618,59.957122,-6.095022,1.080176,59.956954,-3.735385,1.066460,59.956695,-6.081257,1.040877,59.955438,-6.838215,1.038842,59.955041,-5.958098,1.040670,59.954930,-5.384469,1.030095,59.955076,-7.243142,1.028457,59.955162,-7.671790,1.040667,59.956435,-7.654006,1.049895,59.953850,-3.219332,1.045801,59.954222,-3.956270,1.036629,59.954235,-3.931377,1.048469,59.954250,-3.818466,1.048586,59.955178,-5.207592,1.056876,59.956680,-5.442466,1.072651,59.957416,-4.231523,1.073597,59.957863,-5.018969,1.069896,59.957384,-5.779724,1.087175,59.957955,-0.362891,1.027459,59.955583,-1.460449,1.073442,59.957541,-2.237058,1.088537,59.957755,1.458895,1.084109,59.957722,1.295247,1.077801,59.957418,-4.132783,1.089611,59.958388,-2.540983,1.090338,59.961637,-3.067667,1.077970,59.959715,-4.923551,1.088043,59.967559,0.567030,1.086469,59.970088,3.104130,1.077075,59.955655,-1.821358,1.004359,59.955681,1.531668,1.003880,59.949807,3.821956,1.026076,59.960762,3.953782,1.044771,59.953131,2.532522,1.081716,59.958002,5.613806,1.096310,59.957895,7.867187,1.055669,59.958322,3.001872,1.057790,59.976205,9.533420,1.028501,59.957317,-7.585066,0.999282,0.999312,0.998997,0.999476,0.998991,0.999167,1.000109,0.999160,-42.413614,0.000000,5.554092,9.362337,-0.331376,10.864677,20.222900,-39.202837,288.383297,447.800150,209.391350,467.503357,6.717002,286.592096,294.652499,141.504847,562.436988,245.394482,221.661074,276.382253,200.614467,124.488442,251.663684,184.493662,253.902685,8.239523,988.742731,2.149441,164.790455,75.230425,157.625653,78.812826,137.026846,28.927890,26.868009,92.246831,102.994034,75.767785,-82.574348,42.272334,15.225205,67.617823,24.718568,24.091648,4.119761,223.900075
2.220000,1.058535,59.957465,-6.095957,1.079934,59.957495,-3.736642,1.066211,59.957014,-6.085378,1.040745,59.955376,-6.853123,1.038772,59.954725,-5.977010,1.040610,59.954553,-5.404460,1.030036,59.954772,-7.261746,1.028400,59.954890,-7.689633,1.040653,59.956448,-7.661381,1.049863,59.953401,-3.247438,1.045760,59.953801,-3.981564,1.036580,59.953855,-3.956391,1.048414,59.953910,-3.843193,1.048467,59.955103,-5.224429,1.056631,59.957150,-5.446009,1.072358,59.958109,-4.228749,1.073233,59.958205,-5.014566,1.069574,59.957720,-5.778802,1.086866,59.959871,-0.350697,1.027052,59.958486,-1.460905,1.073181,59.958229,-2.233406,1.088316,59.958432,1.464041,1.083909,59.958404,1.300177,1.077522,59.958112,-4.129993,1.089326,59.958853,-2.532241,1.089575,59.960704,-3.041820,1.077380,59.959392,-4.908804,1.086720,59.964560,0.626233,1.085009,59.966342,3.178188,1.077030,59.956577,-1.830269,1.004312,59.954584,1.513851,1.003988,59.948650,3.761498,1.025932,59.962652,3.986114,1.044215,59.957359,2.520359,1.081512,59.958663,5.620659,1.096244,59.958581,7.873384,1.055459,59.959776,3.014616,1.056149,59.970769,9.643951,1.028514,59.957524,-7.585206,0.999287,0.999260,0.998944,0.999512,0.999138,0.999242,0.999935,0.999197,-42.414271,0.000000,5.417667,9.452480,-0.427205,10.829652,20.541235,-39.249389,288.383297,447.800150,209.391350,467.503357,6.717002,286.592096,294.652499,141.504847,562.436988,245.394482,221.661074,276.382253,200.614467,124.488442,251.663684,184.493662,253.902685,8.239523,988.742731,2.149441,164.790455,75.230425,157.625653,78.812826,137.026846,28.927890,26.868009,92.246831,102.994034,75.767785,-82.574348,42.272334,15.225205,67.617823,24.718568,24.091648,4.119761,223.900075
2.240000,1.058468,59.957811,-6.096324,1.079730,59.958041,-3.735887,1.066002,59.957348,-6.089047,1.040656,59.955363,-6.870171,1.038745,59.954475,-5.999823,1.040592,59.954244,-5.428779,1.030019,59.954532,-7.284173,1.028382,59.954678,-7.711085,1.040659,59.956487,-7.670466,1.049875,59.953047,-3.280271,1.045763,59.953465,-4.011430,1.036575,59.953559,-3.985685,1.048402,59.953653,-3.871915,1.048389,59.955083,-5.243477,1.056415,59.957620,-5.448080,1.072091,59.958778,-4.223006,1.072916,59.958535,-5.009665,1.069297,59.958057,-5.777369,1.086549,59.961685,-0.327066,1.026620,59.961300,-1.442743,1.072943,59.958890,-2.226831,1.088113,59.959078,1.472014,1.083726,59.959055,1.307968,1.077267,59.958782,-4.124225,1.089089,59.959294,-2.522164,1.088943,59.959761,-3.024661,1.076885,59.959062,-4.898333,1.085621,59.961541,0.661809,1.083789,59.962563,3.223176,1.077000,59.957527,-1.834322,1.004303,59.953550,1.486491,1.004140,59.947702,3.691721,1.025772,59.964366,4.029358,1.043620,59.961505,2.536405,1.081325,59.959289,5.630204,1.096178,59.959232,7.882452,1.055272,59.961141,3.035537,1.054752,59.965263,9.713051,1.028533,59.957732,-7.585769,0.999291,0.999209,0.998899,0.999540,0.999289,0.999316,0.999757,0.999235,-42.390831,0.000000,5.282320,9.578832,-0.436385,10.849093,20.805548,-39.257427,288.383297,447.800150,209.391350,467.503357,6.717002,286.592096,294.652499,141.504847,562.436988,245.394482,221.661074,276.382253,200.614467,124.488442,251.663684,184.493662,253.902685,8.239523,988.742731,2.149441,164.790455,75.230425,157.625653,78.812826,137.026846,28.927890,26.868009,92.246831,102.994034,75.767785,-82.574348,42.272334,15.225205,67.617823,24.718568,24.091648,4.119761,223.900075
2.260000,1.058420,59.958151,-6.096288,1.079569,59.958570,-3.733333,1.065838,59.957681,-6.092378,1.040611,59.955393,-6.889183,1.038762,59.954287,-6.026226,1.040618,59.954004,-5.457080,1.030043,59.954354,-7.310116,1.028406,59.954526,-7.735858,1.040685,59.956550,-7.681232,1.049932,59.952789,-3.317291,1.045811,59.953215,-4.045394,1.036616,59.953347,-4.018801,1.048434,59.953477,-3.904189,1.048354,59.955109,-5.264527,1.056233,59.958073,-5.448904,1.071853,59.959401,-4.214710,1.072651,59.958838,-5.004570,1.069070,59.958375,-5.775652,1.086227,59.963360,-0.293049,1.026169,59.963961,-1.407045,1.072730,59.959504,-2.217770,1.087932,59.959674,1.482353,1.083560,59.959656,1.318161,1.077040,59.959406,-4.115898,1.088906,59.959688,-2.511181,1.088450,59.958807,-3.016411,1.076493,59.958715,-4.892378,1.084759,59.958544,0.673655,1.082824,59.958809,3.238970,1.076987,59.958478,-1.833580,1.004334,59.952598,1.449978,1.004335,59.946977,3.614045,1.025598,59.965880,4.081986,1.042994,59.965473,2.579484,1.081157,59.959861,5.641954,1.096115,59.959829,7.893905,1.055115,59.962366,3.063617,1.053617,59.959780,9.740493,1.028557,59.957940,-7.586901,0.999295,0.999159,0.998863,0.999561,0.999441,0.999385,0.999577,0.999275,-42.343674,0.000000,5.151431,9.737629,-0.358076,10.921422,21.014249,-39.226541,288.383297,447.800150,209.391350,467.503357,6.717002,286.592096,294.652499,141.504847,562.436988,245.394482,221.661074,276.382253,200.614467,124.488442,251.663684,184.493662,253.902685,8.239523,988.742731,2.149441,164.790455,75.230425,157.625653,78.812826,137.026846,28.927890,26.868009,92.246831,102.994034,75.767785,-82.574348,42.272334,15.225205,67.617823,24.718568,24.091648,4.119761,223.900075
2.280000,1.058393,59.958475,-6.096010,1.079454,59.959060,-3.729275,1.065722,59.957994,-6.095533,1.040610,59.955457,-6.909963,1.038822,59.954160,-6.055843,1.040687,59.953831,-5.488946,1.030110,59.954237,-7.339204,1.028470,59.954432,-7.763605,1.040732,59.956634,-7.693587,1.050032,59.952626,-3.357878,1.045901,59.953051,-4.082910,1.036701,59.953217,-4.055213,1.048509,59.953380,-3.939512,1.048360,59.955175,-5.287345,1.056086,59.958492,-5.448750,1.071648,59.959960,-4.204348,1.072441,59.959097,-4.999623,1.068894,59.958660,-5.773925,1.085905,59.964863,-0.249871,1.025703,59.966411,-1.355247,1.072545,59.960051,-2.206717,1.087773,59.960202,1.494545,1.083415,59.960189,1.330242,1.076843,59.959965,-4.105500,1.088779,59.960012,-2.499802,1.088101,59.957846,-3.017200,1.076207,59.958346,-4.891156,1.084139,59.955606,0.662027,1.082120,59.955134,3.225918,1.076993,59.959403,-1.828232,1.004405,59.951743,1.404898,1.004567,59.946483,3.530044,1.025414,59.967177,4.142405,1.042343,59.969175,2.647843,1.081012,59.960365,5.655384,1.096054,59.960354,7.907202,1.054993,59.963410,3.097583,1.052749,59.954413,9.726790,1.028587,59.958146,-7.588685,0.999299,0.999111,0.998837,0.999574,0.999590,0.999448,0.999399,0.999315,-42.273623,0.000000,5.028260,9.924871,-0.193464,11.043622,21.166762,-39.157099,288.383297,447.800150,209.391350,467.503357,6.717002,286.592096,294.652499,141.504847,562.436988,245.394482,221.661074,276.382253,200.614467,124.488442,251.663684,184.493662,253.902685,8.239523,988.742731,2.149441,164.790455,75.230425,157.625653,78.812826,137.026846,28.927890,26.868009,92.246831,102.994034,75.767785,-82.574348,42.272334,15.225205,67.617823,24.718568,24.091648,4.119761,223.900075
2.300000,1.058387,59.958773,-6.095648,1.079386,59.959491,-3.724082,1.065654,59.958274,-6.098712,1.040651,59.955546,-6.932303,1.038922,59.954092,-6.088246,1.040797,59.953725,-5.523894,1.030215,59.954178,-7.371012,1.028572,59.954391,-7.793927,1.040799,59.956737,-7.707385,1.050171,59.952556,-3.401354,1.046032,59.952971,-4.123367,1.036826,59.953166,-4.094338,1.048624,59.953359,-3.977329,1.048407,59.955273,-5.311675,1.055975,59.958865,-5.447915,1.071476,59.960438,-4.192453,1.072287,59.959299,-4.995196,1.068772,59.958897,-5.772492,1.085586,59.966167,-0.198889,1.025226,59.968601,-1.289089,1.072389,59.960518,-2.194214,1.087638,59.960648,1.508042,1.083290,59.960639,1.343661,1.076678,59.960444,-4.093565,1.088709,59.960249,-2.488610,1.087893,59.956881,-3.027067,1.076027,59.957947,-4.894860,1.083759,59.952765,0.627523,1.081674,59.951588,3.184822,1.077020,59.960275,-1.818586,1.004513,59.951000,1.352020,1.004832,59.946226,3.441414,1.025220,59.968244,4.208994,1.041672,59.972533,2.739211,1.080887,59.960786,5.669937,1.095998,59.960795,7.921769,1.054908,59.964234,3.135958,1.052151,59.949247,9.673164,1.028624,59.958346,-7.591147,0.999302,0.999066,0.998821,0.999581,0.999733,0.999503,0.999226,0.999356,-42.181932,0.000000,4.915872,10.136409,0.054298,11.211359,21.263493,-39.050243,288.383297,447.800150,209.391350,467.503357,6.717002,286.592096,294.652499,141.504847,562.436988,245.394482,221.661074,276.382253,200.614467,124.488442,251.663684,184.493662,253.902685,8.239523,988.742731,2.149441,164.790455,75.230425,157.625653,78.812826,137.026846,28.927890,26.868009,92.246831,102.994034,75.767785,-82.574348,42.272334,15.225205,67.617823,24.718568,24.091648,4.119761,223.900075
2.320000,1.058402,59.959037,-6.095355,1.079366,59.959846,-3.718184,1.065632,59.958507,-6.102144,1.040732,59.955655,-6.955975,1.039058,59.954079,-6.122958,1.040943,59.953681,-5.561390,1.030355,59.954173,-7.405067,1.028708,59.954401,-7.826379,1.040884,59.956857,-7.722431,1.050345,59.952576,-3.446992,1.046197,59.952971,-4.166107,1.036988,59.953191,-4.135552,1.048774,59.953408,-4.017047,1.048490,59.955398,-5.337243,1.055897,59.959180,-5.446719,1.071337,59.960823,-4.179595,1.072187,59.959435,-4.991674,1.068701,59.959075,-5.771682,1.085270,59.967252,-0.141562,1.024740,59.970490,-1.210566,1.072262,59.960892,-2.180832,1.087526,59.961002,1.522271,1.083187,59.960996,1.357841,1.076544,59.960829,-4.080664,1.088692,59.960383,-2.478235,1.087823,59.955915,-3.045956,1.075947,59.957516,-4.903645,1.083612,59.950055,0.571069,1.081479,59.948221,3.116909,1.077067,59.961070,-1.805063,1.004657,59.950380,1.292273,1.005123,59.946204,3.349925,1.025019,59.969075,4.280138,1.040986,59.975480,2.850876,1.080784,59.961115,5.685047,1.095946,59.961140,7.937017,1.054861,59.964812,3.177104,1.051814,59.944363,9.581500,1.028668,59.958540,-7.594263,0.999306,0.999026,0.998815,0.999582,0.999866,0.999548,0.999062,0.999395,-42.070262,0.000000,4.817061,10.368012,0.380211,11.419139,21.305781,-38.907879,288.383297,447.800150,209.391350,467.503357,6.717002,286.592096,294.652499,141.504847,562.436988,245.394482,221.661074,276.382253,200.614467,124.488442,251.663684,184.493662,253.902685,8.239523,988.742731,2.149441,164.790455,75.230425,157.625653,78.812826,137.026846,28.927890,26.868009,92.246831,102.994034,75.767785,-82.574348,42.272334,15.225205,67.617823,24.718568,24.091648,4.119761,223.900075
2.340000,1.058437,59.959262,-6.095272,1.079391,59.960113,-3.712058,1.065654,59.958685,-6.106077,1.040847,59.955776,-6.980740,1.039226,59.954118,-6.159463,1.041120,59.953700,-5.600854,1.030526,59.954220,-7.440858,1.028874,59.954459,-7.860478,1.040984,59.956990,-7.738489,1.050548,59.952682,-3.494033,1.046392,59.953047,-4.210436,1.037179,59.953288,-4.178198,1.048954,59.953524,-4.058046,1.048604,59.955542,-5.363759,1.055849,59.959428,-5.445489,1.071227,59.961106,-4.166354,1.072136,59.959496,-4.989443,1.068677,59.959185,-5.771828,1.084959,59.968103,-0.079405,1.024249,59.972045,-1.121866,1.072161,59.961163,-2.167150,1.087436,59.961254,1.536659,1.083102,59.961252,1.372205,1.076438,59.961112,-4.067381,1.088725,59.960405,-2.469332,1.087879,59.954956,-3.073709,1.075962,59.957052,-4.917619,1.083680,59.947512,0.493900,1.081518,59.945079,3.023804,1.077133,59.961765,-1.788192,1.004832,59.949895,1.226727,1.005433,59.946412,3.257381,1.024811,59.969669,4.354264,1.040288,59.977963,2.979762,1.080701,59.961346,5.700151,1.095900,59.961382,7.952354,1.054851,59.965124,3.219286,1.051723,59.939836,9.454300,1.028717,59.958724,-7.597960,0.999310,0.998990,0.998819,0.999578,0.999987,0.999583,0.998909,0.999432,-41.940644,0.000000,4.734284,10.615429,0.777579,11.660485,21.295850,-38.732644,288.383297,447.800150,209.391350,467.503357,6.717002,286.592096,294.652499,141.504847,562.436988,245.394482,221.661074,276.382253,200.614467,124.488442,251.663684,184.493662,253.902685,8.239523,988.742731,2.149441,164.790455,75.230425,157.625653,78.812826,137.026846,28.927890,26.868009,92.246831,102.994034,75.767785,-82.574348,42.272334,15.225205,67.617823,24.718568,24.091648,4.119761,223.900075
2.360000,1.058493,59.959440,-6.095532,1.079459,59.960281,-3.706204,1.065714,59.958800,-6.110764,1.040991,59.955905,-7.006349,1.039419,59.954206,-6.197219,1.041322,59.953776,-5.641677,1.030721,59.954315,-7.477845,1.029064,59.954561,-7.895715,1.041098,59.957135,-7.755287,1.050772,59.952868,-3.541703,1.046610,59.953197,-4.255637,1.037394,59.953451,-4.221601,1.049157,59.953700,-4.099688,1.048744,59.955701,-5.390921,1.055829,59.959604,-5.444547,1.071145,59.961282,-4.153310,1.072131,59.959481,-4.988870,1.068696,59.959223,-5.773261,1.084652,59.968711,-0.013965,1.023754,59.973243,-1.025319,1.072083,59.961329,-2.153742,1.087366,59.961403,1.550643,1.083035,59.961403,1.386185,1.076358,59.961288,-4.054294,1.088803,59.960309,-2.462556,1.088049,59.954013,-3.110054,1.076061,59.956558,-4.936826,1.083946,59.945168,0.397546,1.081771,59.942205,2.907505,1.077216,59.962341,-1.768594,1.005033,59.949551,1.156566,1.005754,59.946840,3.165580,1.024597,59.970029,4.429856,1.039581,59.979940,3.122512,1.080634,59.961475,5.714706,1.095858,59.961519,7.967207,1.054876,59.965161,3.260729,1.051859,59.935733,9.294622,1.028772,59.958899,-7.602128,0.999313,0.998961,0.998833,0.999570,1.000093,0.999605,0.998770,0.999466,-41.795442,0.000000,4.669604,10.874436,1.238202,11.928149,21.236738,-38.527867,288.383297,447.800150,209.391350,467.503357,6.717002,286.592096,294.652499,141.504847,562.436988,245.394482,221.661074,276.382253,200.614467,124.488442,251.663684,184.493662,253.902685,8.239523,988.742731,2.149441,164.790455,75.230425,157.625653,78.812826,137.026846,28.927890,26.868009,92.246831,102.994034,75.767785,-82.574348,42.272334,15.225205,67.617823,24.718568,24.091648,4.119761,223.900075
2.380000,1.058566,59.959571,-6.096252,1.079564,59.960345,-3.701137,1.065809,59.958849,-6.116453,1.041157,59.956039,-7.032537,1.039631,59.954340,-6.235663,1.041541,59.953909,-5.683227,1.030933,59.954456,-7.515469,1.029272,59.954704,-7.931562,1.041222,59.957290,-7.772527,1.051011,59.953129,-3.589226,1.046843,59.953413,-4.300988,1.037625,59.953676,-4.265078,1.049375,59.953933,-4.141334,1.048903,59.955871,-5.418418,1.055830,59.959707,-5.444197,1.071086,59.961350,-4.141019,1.072164,59.959387,-4.990293,1.068752,59.959186,-5.776285,1.084348,59.969074,0.053219,1.023255,59.974071,-0.923338,1.072025,59.961387,-2.141156,1.087311,59.961446,1.563691,1.082983,59.961448,1.399243,1.076299,59.961355,-4.041963,1.088917,59.960094,-2.458537,1.088318,59.953098,-3.154603,1.076234,59.956039,-4.961238,1.084382,59.943056,0.283808,1.082211,59.939640,2.770348,1.077314,59.962784,-1.746969,1.005254,59.949355,1.083060,1.006079,59.947475,3.076269,1.024378,59.970162,4.505482,1.038868,59.981384,3.275578,1.080582,59.961502,5.728201,1.095821,59.961549,7.981034,1.054932,59.964924,3.299671,1.052194,59.932115,9.106024,1.028832,59.959061,-7.606625,0.999316,0.998937,0.998857,0.999560,1.000182,0.999615,0.998646,0.999497,-41.637307,0.000000,4.624641,11.140883,1.752598,12.214323,21.132232,-38.297506,288.383297,447.800150,209.391350,467.503357,6.717002,286.592096,294.652499,141.504847,562.436988,245.394482,221.661074,276.382253,200.614467,124.488442,251.663684,184.493662,253.902685,8.239523,988.742731,2.149441,164.790455,75.230425,157.625653,78.812826,137.026846,28.927890,26.868009,92.246831,102.994034,75.767785,-82.574348,42.272334,15.225205,67.617823,24.718568,24.091648,4.119761,223.900075
2.400000,1.058654,59.959646,-6.097552,1.079701,59.960295,-3.697392,1.065928,59.958816,-6.123422,1.041336,59.956159,-7.059089,1.039852,59.954505,-6.274269,1.041770,59.954082,-5.724907,1.031155,59.954627,-7.553212,1.029488,59.954872,-7.967529,1.041352,59.957446,-7.789920,1.051254,59.953447,-3.635880,1.047082,59.953682,-4.345812,1.037862,59.953946,-4.307999,1.049600,59.954205,-4.182395,1.049072,59.956035,-5.445983,1.055844,59.959720,-5.444777,1.071039,59.961297,-4.130050,1.072224,59.959205,-4.994053,1.068835,59.959063,-5.781226,1.084043,59.969187,0.120615,1.022751,59.974515,-0.818394,1.071977,59.961331,-2.129938,1.087262,59.961389,1.575318,1.082935,59.961389,1.410887,1.076253,59.961301,-4.030959,1.089058,59.959758,-2.457886,1.088665,59.952213,-3.206883,1.076463,59.955490,-4.990792,1.084961,59.941195,0.154709,1.082806,59.937411,2.614944,1.077421,59.963078,-1.724094,1.005487,59.949304,1.007520,1.006397,59.948294,2.991094,1.024149,59.970077,4.579797,1.038150,59.982275,3.435280,1.080533,59.961448,5.740225,1.095775,59.961503,7.993467,1.055014,59.964418,3.334412,1.052700,59.929030,8.892475,1.028896,59.959209,-7.611295,0.999319,0.998921,0.998890,0.999546,1.000253,0.999613,0.998540,0.999523,-41.469125,0.000000,4.600536,11.410722,2.310246,12.510870,20.986790,-38.046081,288.383297,447.800150,209.391350,467.503357,6.717002,286.592096,294.652499,141.504847,562.436988,245.394482,221.661074,276.382253,200.614467,124.488442,251.663684,184.493662,253.902685,8.239523,988.742731,2.149441,164.790455,75.230425,157.625653,78.812826,137.026846,28.927890,26.868009,92.246831,102.994035,75.767785,-82.574348,42.272334,15.225205,67.617823,24.718568,24.091648,4.119761,223.900075
2.420000,1.058755,59.959682,-6.099498,1.079865,59.960159,-3.695410,1.066069,59.958745,-6.131817,1.041525,59.956306,-7.085666,1.040078,59.954732,-6.312419,1.042003,59.954326,-5.766032,1.031381,59.954861,-7.590454,1.029708,59.955101,-8.003027,1.041485,59.957620,-7.807118,1.051497,59.953846,-3.680886,1.047322,59.954027,-4.389366,1.038100,59.954288,-4.349663,1.049825,59.954542,-4.222211,1.049246,59.956230,-5.473240,1.055869,59.959693,-5.446458,1.071007,59.961171,-4.120809,1.072308,59.958984,-5.000320,1.068941,59.958901,-5.788248,1.083739,59.969079,0.186824,1.022245,59.974605,-0.712858,1.071940,59.961196,-2.120490,1.087223,59.961236,1.585103,1.082896,59.961238,1.420683,1.076219,59.961175,-4.021686,1.089220,59.959332,-2.461077,1.089076,59.951407,-3.266202,1.076738,59.954964,-5.025217,1.085653,59.939642,0.012568,1.083526,59.935575,2.444232,1.077536,59.963228,-1.700760,1.005727,59.949413,0.931330,1.006704,59.949289,2.911616,1.023915,59.969792,4.651604,1.037430,59.982625,3.597962,1.080492,59.961275,5.750352,1.095735,59.961317,8.003916,1.055119,59.963673,3.363414,1.053344,59.926533,8.658331,1.028963,59.959346,-7.615955,0.999322,0.998911,0.998930,0.999531,1.000304,0.999599,0.998454,0.999545,-41.293955,0.000000,4.597922,11.680031,2.899856,12.809557,20.805451,-37.778589,288.383297,447.800150,209.391350,467.503357,6.717002,286.592096,294.652499,141.504847,562.436988,245.394482,221.661074,276.382253,200.614467,124.488442,251.663684,184.493662,253.902685,8.239523,988.742731,2.149441,164.790455,75.230425,157.625653,78.812826,137.026846,28.927890,26.868009,92.246831,102.994034,75.767785,-82.574348,42.272334,15.225205,67.617823,24.718568,24.091648,4.119761,223.900075
2.440000,1.058869,59.959669,-6.102134,1.080051,59.959922,-3.695591,1.066227,59.958608,-6.141750,1.041718,59.956447,-7.111938,1.040305,59.954991,-6.349512,1.042236,59.954610,-5.805943,1.031607,59.955125,-7.626597,1.029929,59.955356,-8.037483,1.041621,59.957796,-7.823776,1.051736,59.954292,-3.723527,1.047559,59.954417,-4.430954,1.038335,59.954668,-4.389414,1.050048,59.954913,-4.260168,1.049423,59.956422,-5.499833,1.055905,59.959594,-5.449390,1.070988,59.960944,-4.113664,1.072413,59.958696,-5.009211,1.069066,59.958673,-5.797468,1.083440,59.968741,0.250483,1.021742,59.974328,-0.609062,1.071919,59.960962,-2.113194,1.087199,59.960990,1.592630,1.082873,59.960993,1.428230,1.076200,59.960948,-4.014510,1.089397,59.958811,-2.468496,1.089534,59.950671,-3.331743,1.077049,59.954441,-5.064153,1.086431,59.938399,-0.140098,1.084342,59.934140,2.261367,1.077656,59.963222,-1.677772,1.005971,59.949665,0.855842,1.006994,59.950424,2.839218,1.023678,59.969311,4.719732,1.036714,59.982431,3.759975,1.080465,59.961017,5.758099,1.095716,59.961048,8.011918,1.055242,59.962703,3.385298,1.054094,59.924648,8.408222,1.029033,59.959469,-7.620417,0.999325,0.998909,0.998978,0.999515,1.000335,0.999574,0.998388,0.999561,-41.114978,0.000000,4.616914,11.945037,3.509637,13.102277,20.593750,-37.500407,288.383297,447.800150,209.391350,467.503357,6.717002,286.592096,294.652499,141.504847,562.436988,245.394482,221.661074,276.382253,200.614467,124.488442,251.663684,184.493662,253.902685,8.239523,988.742731,2.149441,164.790455,75.230425,157.625653,78.812826,137.026846,28.927890,26.868009,92.246831,102.994034,75.767785,-82.574348,42.272334,15.225205,67.617823,24.718568,24.091648,4.119761,223.900075
2.460000,1.058991,59.959611,-6.105518,1.080254,59.959596,-3.698336,1.066396,59.958415,-6.153376,1.041910,59.956583,-7.137666,1.040525,59.955280,-6.385052,1.042461,59.954932,-5.844084,1.031826,59.955419,-7.661148,1.030144,59.955637,-8.070432,1.041754,59.957975,-7.839602,1.051962,59.954782,-3.763205,1.047785,59.954848,-4.469995,1.038559,59.955084,-4.426713,1.050260,59.955314,-4.295765,1.049595,59.956613,-5.525497,1.055945,59.959432,-5.453773,1.070977,59.960631,-4.108993,1.072529,59.958357,-5.020860,1.069203,59.958390,-5.809033,1.083144,59.968193,0.310302,1.021243,59.973707,-0.509272,1.071905,59.960645,-2.108411,1.087183,59.960667,1.597585,1.082860,59.960669,1.433202,1.076188,59.960635,-4.009813,1.089580,59.958213,-2.480473,1.090019,59.950024,-3.402641,1.077381,59.953937,-5.107224,1.087262,59.937490,-0.300672,1.085218,59.933131,2.069626,1.077777,59.963061,-1.655976,1.006211,59.950058,0.782360,1.007259,59.951675,2.775077,1.023437,59.968656,4.783152,1.036005,59.981715,3.917776,1.080444,59.960688,5.763212,1.095708,59.960709,8.017212,1.055378,59.961546,3.398886,1.054918,59.923400,8.146947,1.029105,59.959578,-7.624505,0.999328,0.998914,0.999031,0.999497,1.000345,0.999538,0.998344,0.999571,-40.935428,0.000000,4.657105,12.202135,4.127577,13.381269,20.357607,-37.217184,288.383297,447.800150,209.391350,467.503357,6.717002,286.592096,294.652499,141.504847,562.436988,245.394482,221.661074,276.382253,200.614467,124.488442,251.663684,184.493662,253.902685,8.239523,988.742731,2.149441,164.790455,75.230425,157.625653,78.812826,137.026846,28.927890,26.868009,92.246831,102.994034,75.767785,-82.574348,42.272334,15.225205,67.617823,24.718568,24.091648,4.119761,223.900075
2.480000,1.059118,59.959513,-6.109690,1.080466,59.959192,-3.703974,1.066567,59.958175,-6.166795,1.042092,59.956716,-7.162614,1.040731,59.955596,-6.418575,1.042671,59.955288,-5.879936,1.032031,59.955740,-7.693650,1.030345,59.955941,-8.101439,1.041883,59.958154,-7.854327,1.052168,59.955305,-3.799388,1.047993,59.955313,-4.505965,1.038765,59.955528,-4.461073,1.050455,59.955739,-4.328552,1.049754,59.956802,-5.549980,1.055982,59.959217,-5.459753,1.070966,59.960245,-4.107097,1.072647,59.957980,-5.035316,1.069341,59.958065,-5.823018,1.082848,59.967453,0.365115,1.020748,59.972766,-0.415596,1.071892,59.960258,-2.106419,1.087168,59.960279,1.599726,1.082847,59.960280,1.435354,1.076177,59.960248,-4.007895,1.089759,59.957558,-2.497212,1.090512,59.949484,-3.477913,1.077719,59.953470,-5.153951,1.088116,59.936930,-0.466417,1.086122,59.932561,1.872405,1.077895,59.962750,-1.636204,1.006440,59.950586,0.712134,1.007494,59.953015,2.720172,1.023194,59.967845,4.840959,1.035305,59.980510,4.068017,1.080422,59.960301,5.765504,1.095703,59.960312,8.019611,1.055522,59.960239,3.403257,1.055779,59.922801,7.879415,1.029178,59.959672,-7.628062,0.999330,0.998926,0.999089,0.999480,1.000335,0.999494,0.998321,0.999575,-40.758532,0.000000,4.717577,12.447898,4.741720,13.639320,20.103230,-36.934734,288.383297,447.800150,209.391350,467.503357,6.717002,286.592096,294.652499,141.504847,562.436988,245.394482,221.661074,276.382253,200.614467,124.488442,251.663684,184.493662,253.902685,8.239523,988.742731,2.149441,164.790455,75.230425,157.625653,78.812826,137.026846,28.927890,26.868009,92.246831,102.994034,75.767785,-82.574348,42.272334,15.225205,67.617823,24.718568,24.091648,4.119761,223.900075
2.500000,1.059248,59.959380,-6.114675,1.080679,59.958725,-3.712757,1.066734,59.957899,-6.182058,1.042257,59.956847,-7.186565,1.040917,59.955936,-6.449662,1.042861,59.955674,-5.913036,1.032216,59.956082,-7.723693,1.030527,59.956264,-8.130115,1.042003,59.958333,-7.867711,1.052349,59.955854,-3.831631,1.048177,59.955804,-4.538414,1.038946,59.955995,-4.492077,1.050626,59.956182,-4.358145,1.049895,59.956990,-5.573056,1.056011,59.958959,-5.467429,1.070950,59.959800,-4.108201,1.072759,59.957578,-5.052556,1.069475,59.957709,-5.839435,1.082552,59.966545,0.413882,1.020259,59.971536,-0.329959,1.071873,59.959814,-2.107427,1.087147,59.959839,1.598884,1.082830,59.959838,1.434508,1.076161,59.959802,-4.008984,1.089928,59.956867,-2.518789,1.090996,59.949066,-3.556478,1.078048,59.953054,-5.203769,1.088963,59.936730,-0.634523,1.087022,59.932441,1.673155,1.078005,59.962299,-1.619255,1.006653,59.951238,0.646323,1.007693,59.954415,2.675256,1.022946,59.966897,4.892353,1.034616,59.978858,4.207597,1.080395,59.959869,5.764851,1.095696,59.959871,8.018997,1.055668,59.958827,3.397775,1.056644,59.922853,7.610554,1.029251,59.959752,-7.630953,0.999333,0.998946,0.999150,0.999462,1.000305,0.999443,0.998321,0.999572,-40.587450,0.000000,4.796926,12.679097,5.340432,13.869945,19.837000,-36.658915,288.383297,447.800150,209.391350,467.503357,6.717002,286.592096,294.652499,141.504847,562.436988,245.394482,221.661074,276.382253,200.614467,124.488442,251.663684,184.493662,253.902685,8.239523,988.742731,2.149441,164.790455,75.230425,157.625653,78.812826,137.026846,28.927890,26.868009,92.246831,102.994034,75.767785,-82.574348,42.272334,15.225205,67.617823,24.718568,24.091648,4.119761,223.900075
2.520000,1.059377,59.959220,-6.120486,1.080887,59.958212,-3.724862,1.066888,59.957597,-6.199174,1.042400,59.956976,-7.209323,1.041077,59.956294,-6.477962,1.043023,59.956084,-5.942991,1.032376,59.956442,-7.750931,1.030684,59.956603,-8.156132,1.042112,59.958509,-7.879560,1.052499,59.956419,-3.859584,1.048330,59.956314,-4.566979,1.039096,59.956476,-4.519394,1.050767,59.956635,-4.384240,1.050011,59.957175,-5.594535,1.056025,59.958667,-5.476864,1.070923,59.959310,-4.112462,1.072857,59.957164,-5.072494,1.069595,59.957337,-5.858236,1.082255,59.965490,0.455693,1.019776,59.970052,-0.254082,1.071844,59.959327,-2.111575,1.087115,59.959361,1.594953,1.082802,59.959357,1.430555,1.076134,59.959311,-4.013236,1.090079,59.956164,-2.545151,1.091453,59.948786,-3.637183,1.078355,59.952704,-5.256035,1.089776,59.936896,-0.802163,1.087888,59.932770,1.475320,1.078103,59.961720,-1.605879,1.006845,59.952002,0.585976,1.007852,59.955847,2.640838,1.022695,59.965831,4.936638,1.033942,59.976806,4.333711,1.080356,59.959404,5.761191,1.095680,59.959399,8.015318,1.055809,59.957358,3.382098,1.057483,59.923547,7.345221,1.029323,59.959819,-7.633070,0.999335,0.998972,0.999213,0.999444,1.000258,0.999387,0.998342,0.999563,-40.425211,0.000000,4.893299,12.892710,5.912653,14.067542,19.565365,-36.395505,288.383297,447.800150,209.391350,467.503357,6.717002,286.592096,294.652499,141.504847,562.436988,245.394482,221.661074,276.382253,200.614467,124.488442,251.663684,184.493662,253.902685,8.239523,988.742731,2.149441,164.790455,75.230425,157.625653,78.812826,137.026846,28.927890,26.868009,92.246831,102.994034,75.767785,-82.574348,42.272334,15.225205,67.617823,24.718568,24.091648,4.119761,223.900075
2.540000,1.059503,59.959039,-6.127126,1.081082,59.957669,-3.740384,1.067025,59.957282,-6.218106,1.042516,59.957105,-7.230729,1.041205,59.956667,-6.503190,1.043154,59.956511,-5.969489,1.032505,59.956815,-7.775091,1.030812,59.956953,-8.179234,1.042208,59.958683,-7.889726,1.052612,59.956992,-3.883006,1.048448,59.956834,-4.591397,1.039211,59.956965,-4.542785,1.050872,59.957093,-4.406624,1.050097,59.957357,-5.614270,1.056020,59.958351,-5.488088,1.070881,59.958789,-4.119975,1.072935,59.956753,-5.094984,1.069696,59.956960,-5.879324,1.081955,59.964314,0.489772,1.019303,59.968352,-0.189462,1.071798,59.958812,-2.118941,1.087068,59.958859,1.587888,1.082758,59.958852,1.423447,1.076092,59.958789,-4.020746,1.090206,59.955471,-2.576116,1.091869,59.948653,-3.718827,1.078631,59.952432,-5.310055,1.090529,59.937426,-0.966546,1.088693,59.933541,1.282271,1.078185,59.961029,-1.596764,1.007009,59.952864,0.532000,1.007965,59.957281,2.617181,1.022439,59.964666,4.973214,1.033285,59.974411,4.443897,1.080302,59.958920,5.754513,1.095649,59.958910,8.008578,1.055941,59.955879,3.356193,1.058268,59.924861,7.088115,1.029392,59.959872,-7.634345,0.999337,0.999004,0.999276,0.999426,1.000194,0.999328,0.998383,0.999547,-40.274660,0.000000,5.004437,13.085946,6.448134,14.227525,19.294721,-36.150086,288.383297,447.800150,209.391350,467.503357,6.717002,286.592096,294.652499,141.504847,562.436988,245.394482,221.661074,276.382253,200.614467,124.488442,251.663684,184.493662,253.902685,8.239523,988.742731,2.149441,164.790455,75.230425,157.625653,78.812826,137.026846,28.927890,26.868009,92.246831,102.994034,75.767785,-82.574348,42.272334,15.225205,67.617823,24.718568,24.091648,4.119761,223.900075
2.560000,1.059621,59.958844,-6.134592,1.081259,59.957113,-3.759340,1.067138,59.956963,-6.238786,1.042598,59.957234,-7.250665,1.041298,59.957048,-6.525150,1.043248,59.956950,-5.992310,1.032600,59.957196,-7.795984,1.030906,59.957310,-8.199242,1.042288,59.958851,-7.898122,1.052684,59.957561,-3.901772,1.048527,59.957357,-4.611511,1.039285,59.957453,-4.562113,1.050939,59.957548,-4.425178,1.050149,59.957535,-5.632171,1.055991,59.958022,-5.501108,1.070820,59.958251,-4.130780,1.072987,59.956355,-5.119838,1.069772,59.956590,-5.902558,1.081653,59.963042,0.515480,1.018839,59.966477,-0.137350,1.071733,59.958282,-2.129551,1.087000,59.958346,1.577691,1.082695,59.958335,1.413184,1.076030,59.958251,-4.031554,1.090303,59.954813,-2.611384,1.092230,59.948675,-3.800190,1.078863,59.952248,-5.365098,1.091201,59.938309,-1.124973,1.089412,59.934737,1.097241,1.078248,59.960243,-1.592520,1.007142,59.953808,0.485151,1.008030,59.958690,2.604293,1.022180,59.963422,5.001576,1.032649,59.971733,4.536072,1.080229,59.958429,5.744853,1.095599,59.958417,7.998833,1.056059,59.954438,3.320329,1.058970,59.926765,6.843688,1.029459,59.959913,-7.634750,0.999339,0.999042,0.999339,0.999407,1.000115,0.999267,0.998445,0.999525,-40.138401,0.000000,5.127731,13.256258,6.937640,14.346413,19.031300,-35.927919,288.383297,447.800150,209.391350,467.503357,6.717002,286.592096,294.652499,141.504847,562.436988,245.394482,221.661074,276.382253,200.614467,124.488442,251.663684,184.493662,253.902685,8.239523,988.742731,2.149441,164.790455,75.230425,157.625653,78.812826,137.026846,28.927890,26.868009,92.246831,102.994034,75.767785,-82.574348,42.272334,15.225205,67.617823,24.718568,24.091648,4.119761,223.900075
2.580000,1.059730,59.958643,-6.142883,1.081411,59.956562,-3.781675,1.067222,59.956652,-6.261119,1.042644,59.957362,-7.269066,1.041352,59.957433,-6.543733,1.043302,59.957394,-6.011334,1.032656,59.957579,-7.813514,1.030963,59.957667,-8.216068,1.042351,59.959013,-7.904722,1.052712,59.958119,-3.915875,1.048563,59.957873,-4.627277,1.039316,59.957933,-4.577349,1.050964,59.957992,-4.439889,1.050164,59.957707,-5.648205,1.055936,59.957687,-5.515919,1.070736,59.957709,-4.144873,1.073007,59.955983,-5.146832,1.069817,59.956238,-5.927770,1.081349,59.961701,0.532314,1.018387,59.964470,-0.098749,1.071644,59.957749,-2.143384,1.086909,59.957834,1.564410,1.082608,59.957821,1.399814,1.075945,59.957708,-4.045656,1.090366,59.954210,-2.650546,1.092526,59.948856,-3.880066,1.079044,59.952160,-5.420425,1.091771,59.939530,-1.274898,1.090025,59.936335,0.923256,1.078288,59.959383,-1.593665,1.007240,59.954816,0.446011,1.008045,59.960045,2.601932,1.021917,59.962118,5.021309,1.032036,59.968837,4.608558,1.080132,59.957944,5.732289,1.095525,59.957933,7.986182,1.056158,59.953084,3.275066,1.059569,59.929215,6.616065,1.029522,59.959942,-7.634305,0.999340,0.999084,0.999399,0.999389,1.000024,0.999207,0.998524,0.999497,-40.018755,0.000000,5.260289,13.401369,7.373136,14.421898,18.781069,-35.733830,288.383297,447.800150,209.391350,467.503357,6.717002,286.592096,294.652499,141.504847,562.436988,245.394482,221.661074,276.382253,200.614467,124.488442,251.663684,184.493662,253.902685,8.239523,988.742731,2.149441,164.790455,75.230425,157.625653,78.812826,137.026846,28.927890,26.868009,92.246831,102.994034,75.767785,-82.574348,42.272334,15.225205,67.617823,24.718568,24.091648,4.119761,223.900075
2.600000,1.059826,59.958442,-6.152001,1.081532,59.956032,-3.807269,1.067271,59.956358,-6.284995,1.042649,59.957489,-7.285923,1.041363,59.957815,-6.558929,1.043313,59.957835,-6.026547,1.032671,59.957957,-7.827681,1.030980,59.958019,-8.229718,1.042393,59.959166,-7.909570,1.052693,59.958654,-3.925434,1.048553,59.958373,-4.638768,1.039300,59.958396,-4.588575,1.050942,59.958419,-4.450848,1.050136,59.957872,-5.662408,1.055850,59.957355,-5.532507,1.070625,59.957176,-4.162214,1.072989,59.955646,-5.175728,1.069825,59.955914,-5.954770,1.081041,59.960316,0.539909,1.017947,59.962374,-0.074399,1.071528,59.957227,-2.160384,1.086790,59.957337,1.548129,1.082493,59.957320,1.383419,1.075834,59.957174,-4.063007,1.090389,59.953681,-2.693100,1.092745,59.949197,-3.957295,1.079165,59.952173,-5.475307,1.092223,59.941065,-1.413980,1.090512,59.938301,0.763079,1.078302,59.958472,-1.600623,1.007300,59.955872,0.414980,1.008007,59.961322,2.609617,1.021650,59.960775,5.032091,1.031446,59.965791,4.660106,1.080009,59.957477,5.716934,1.095423,59.957470,7.970762,1.056232,59.951858,3.221233,1.060043,59.932160,6.408968,1.029581,59.959959,-7.633078,0.999341,0.999130,0.999456,0.999371,0.999923,0.999150,0.998620,0.999464,-39.917711,0.000000,5.399004,13.519295,7.747931,14.452867,18.549619,-35.572104,288.383297,447.800150,209.391350,467.503357,6.717002,286.592096,294.652499,141.504847,562.436988,245.394482,221.661074,276.382253,200.614467,124.488442,251.663684,184.493662,253.902685,8.239523,988.742731,2.149441,164.790455,75.230425,157.625653,78.812826,137.026846,28.927890,26.868009,92.246831,102.994034,75.767785,-82.574348,42.272334,15.225205,67.617823,24.718568,24.091648,4.119761,223.900075
2.620000,1.059906,59.958247,-6.161956,1.081616,59.955538,-3.835942,1.067280,59.956090,-6.310293,1.042610,59.957614,-7.301289,1.041328,59.958188,-6.570828,1.043278,59.958266,-6.038041,1.032642,59.958324,-7.838589,1.030953,59.958360,-8.240296,1.042415,59.959309,-7.912779,1.052625,59.959159,-3.930688,1.048494,59.958850,-4.646174,1.039234,59.958835,-4.595987,1.050872,59.958822,-4.458255,1.050065,59.958027,-5.674883,1.055729,59.957033,-5.550863,1.070484,59.956661,-4.182733,1.072930,59.955352,-5.206278,1.069792,59.955625,-5.983364,1.080727,59.958916,0.538033,1.017518,59.960234,-0.064778,1.071380,59.956727,-2.180470,1.086639,59.956865,1.528959,1.082345,59.956844,1.364110,1.075692,59.956659,-4.083541,1.090370,59.953245,-2.738471,1.092879,59.949691,-4.030793,1.079219,59.952288,-5.529056,1.092541,59.942883,-1.540133,1.090858,59.940597,0.619152,1.078286,59.957530,-1.613707,1.007317,59.956955,0.392267,1.007916,59.962498,2.626635,1.021378,59.959413,5.033692,1.030880,59.962665,4.689907,1.079855,59.957040,5.698928,1.095288,59.957040,7.952738,1.056278,59.950802,3.159900,1.060374,59.935540,6.225650,1.029634,59.959966,-7.631187,0.999342,0.999180,0.999509,0.999352,0.999815,0.999098,0.998731,0.999427,-39.836901,0.000000,5.540627,13.608372,8.056793,14.439403,18.342079,-35.446389,288.383297,447.800150,209.391350,467.503357,6.717002,286.592096,294.652499,141.504847,562.436988,245.394482,221.661074,276.382253,200.614467,124.488442,251.663684,184.493662,253.902685,8.239523,988.742731,2.149441,164.790455,75.230425,157.625653,78.812826,137.026846,28.927890,26.868009,92.246831,102.994034,75.767785,-82.574348,42.272334,15.225205,67.617823,24.718568,24.091648,4.119761,223.900075
2.640000,1.059968,59.958065,-6.172770,1.081657,59.955094,-3.867468,1.067246,59.955854,-6.336894,1.042523,59.957736,-7.315284,1.041245,59.958546,-6.579621,1.043193,59.958679,-6.046021,1.032565,59.958673,-7.846442,1.030881,59.958683,-8.248006,1.042413,59.959438,-7.914532,1.052505,59.959623,-3.931997,1.048385,59.959295,-4.649800,1.039116,59.959242,-4.599890,1.050751,59.959193,-4.462414,1.049945,59.958170,-5.685806,1.055571,59.956726,-5.570985,1.070308,59.956175,-4.206345,1.072824,59.955107,-5.238244,1.069714,59.955379,-6.013361,1.080407,59.957525,0.526587,1.017100,59.958094,-0.070101,1.071197,59.956257,-2.203537,1.086453,59.956428,1.507030,1.082162,59.956404,1.342018,1.075515,59.956173,-4.107170,1.090305,59.952914,-2.786027,1.092920,59.950332,-4.099580,1.079199,59.952503,-5.581039,1.092714,59.944949,-1.651574,1.091049,59.943177,0.493547,1.078238,59.956583,-1.633121,1.007290,59.958047,0.377891,1.007771,59.963552,2.652068,1.021098,59.958053,5.025972,1.030338,59.959528,4.697600,1.079667,59.956642,5.678433,1.095116,59.956654,7.932297,1.056289,59.949948,3.092339,1.060549,59.939286,6.068839,1.029680,59.959963,-7.628804,0.999343,0.999231,0.999555,0.999332,0.999703,0.999052,0.998853,0.999386,-39.777562,0.000000,5.681851,13.667285,8.296031,14.382739,18.163032,-35.359606,288.383297,447.800150,209.391350,467.503357,6.717002,286.592096,294.652499,141.504847,562.436988,245.394482,221.661074,276.382253,200.614467,124.488442,251.663684,184.493662,253.902685,8.239523,988.742731,2.149441,164.790455,75.230425,157.625653,78.812826,137.026846,28.927890,26.868009,92.246831,102.994034,75.767785,-82.574348,42.272334,15.225205,67.617823,24.718568,24.091648,4.119761,223.900075
2.660000,1.060008,59.957901,-6.184481,1.081650,59.954711,-3.901583,1.067162,59.955657,-6.364687,1.042386,59.957851,-7.328094,1.041111,59.958882,-6.585597,1.043057,59.959068,-6.050796,1.032439,59.958999,-7.851544,1.030760,59.958984,-8.253147,1.042388,59.959553,-7.915083,1.052331,59.960041,-3.929831,1.048222,59.959700,-4.650061,1.038944,59.959611,-4.600693,1.050577,59.959527,-4.463727,1.049776,59.958299,-5.695423,1.055371,59.956441,-5.592883,1.070095,59.955728,-4.232951,1.072667,59.954915,-5.271400,1.069585,59.955181,-6.044583,1.080076,59.956169,0.505606,1.016690,59.955997,-0.090326,1.070975,59.955828,-2.229471,1.086226,59.956036,1.482491,1.081937,59.956009,1.317289,1.075300,59.955725,-4.133792,1.090190,59.952701,-2.835102,1.092862,59.951106,-4.162811,1.079100,59.952814,-5.630702,1.092731,59.947220,-1.746856,1.091073,59.945989,0.387926,1.078155,59.955654,-1.658951,1.007216,59.959129,0.371678,1.007572,59.964466,2.684808,1.020809,59.956717,5.008892,1.029818,59.956448,4.683259,1.079442,59.956294,5.655630,1.094901,59.956321,7.909646,1.056263,59.949323,3.019983,1.060554,59.943324,5.940695,1.029720,59.959951,-7.626149,0.999344,0.999284,0.999596,0.999312,0.999588,0.999014,0.998985,0.999341,-39.740527,0.000000,5.819386,13.695098,8.463533,14.285192,18.016442,-35.313883,288.383297,447.800150,209.391350,467.503357,6.717002,286.592096,294.652499,141.504847,562.436988,245.394482,221.661074,276.382253,200.614467,124.488442,251.663684,184.493662,253.902685,8.239523,988.742731,2.149441,164.790455,75.230425,157.625653,78.812826,137.026846,28.927890,26.868009,92.246831,102.994034,75.767785,-82.574348,42.272334,15.225205,67.617823,24.718568,24.091648,4.119761,223.900075
2.680000,1.060024,59.957759,-6.197143,1.081590,59.954401,-3.937995,1.067025,59.955503,-6.393573,1.042194,59.957960,-7.339966,1.040923,59.959190,-6.589141,1.042868,59.959425,-6.052775,1.032261,59.959296,-7.854294,1.030589,59.959257,-8.256110,1.042337,59.959651,-7.914748,1.052101,59.960405,-3.924762,1.048004,59.960059,-4.647472,1.038716,59.959936,-4.598900,1.050348,59.959819,-4.462689,1.049553,59.958413,-5.704044,1.055125,59.956182,-5.616583,1.069839,59.955325,-4.262445,1.072455,59.954780,-5.305549,1.069401,59.955033,-6.076872,1.079731,59.954872,0.475248,1.016283,59.953984,-0.125159,1.070708,59.955447,-2.258147,1.085954,59.955697,1.455498,1.081667,59.955666,1.290080,1.075042,59.955323,-4.163302,1.090023,59.952613,-2.885017,1.092699,59.951999,-4.219788,1.078917,59.953214,-5.677586,1.092583,59.949652,-1.824899,1.090922,59.948977,0.303515,1.078033,59.954765,-1.691167,1.007093,59.960182,0.373269,1.007319,59.965228,2.723589,1.020507,59.955424,4.982510,1.029314,59.953490,4.647392,1.079173,59.956004,5.630712,1.094638,59.956049,7.885003,1.056194,59.948947,2.944376,1.060379,59.947578,5.842777,1.029752,59.959930,-7.623487,0.999344,0.999337,0.999629,0.999292,0.999475,0.998984,0.999124,0.999296,-39.726204,0.000000,5.950038,13.691279,8.558773,14.150062,17.905608,-35.310503,288.383297,447.800150,209.391350,467.503357,6.717002,286.592096,294.652499,141.504847,562.436988,245.394482,221.661074,276.382253,200.614467,124.488442,251.663684,184.493662,253.902685,8.239523,988.742731,2.149441,164.790455,75.230425,157.625653,78.812826,137.026846,28.927890,26.868009,92.246831,102.994034,75.767785,-82.574348,42.272334,15.225205,67.617823,24.718568,24.091648,4.119761,223.900075
2.700000,1.060013,59.957642,-6.210829,1.081471,59.954172,-3.976393,1.066829,59.955395,-6.423472,1.041946,59.958059,-7.351208,1.040681,59.959466,-6.590718,1.042623,59.959745,-6.052456,1.032031,59.959557,-7.855174,1.030367,59.959497,-8.257367,1.042259,59.959730,-7.913904,1.051815,59.960710,-3.917448,1.047731,59.960367,-4.642636,1.038430,59.960211,-4.595100,1.050062,59.960063,-4.459874,1.049275,59.958508,-5.712039,1.054830,59.955953,-5.642126,1.069536,59.954975,-4.294714,1.072181,59.954703,-5.340520,1.069158,59.954939,-6.110097,1.079367,59.953657,0.435799,1.015875,59.952094,-0.174064,1.070392,59.955121,-2.289435,1.085633,59.955418,1.426217,1.081346,59.955382,1.260554,1.074737,59.954973,-4.195586,1.089801,59.952654,-2.935100,1.092425,59.952992,-4.269985,1.078644,59.953694,-5.721333,1.092265,59.952198,-1.885004,1.090589,59.952086,0.241081,1.077871,59.953940,-1.729621,1.006917,59.961188,0.382128,1.007012,59.965828,2.767017,1.020188,59.954196,4.946988,1.028823,59.950716,4.590910,1.078857,59.955779,5.603884,1.094323,59.955846,7.858598,1.056078,59.948833,2.867124,1.060018,59.951966,5.776026,1.029775,59.959900,-7.621128,0.999344,0.999389,0.999655,0.999271,0.999364,0.998964,0.999268,0.999249,-39.734582,0.000000,6.070789,13.655735,8.582784,13.981511,17.833117,-35.349864,288.383297,447.800150,209.391350,467.503357,6.717002,286.592096,294.652499,141.504847,562.436988,245.394482,221.661074,276.382253,200.614467,124.488442,251.663684,184.493662,253.902685,8.239523,988.742731,2.149441,164.790455,75.230425,157.625653,78.812826,137.026846,28.927890,26.868009,92.246831,102.994034,75.767785,-82.574348,42.272334,15.225205,67.617823,24.718568,24.091648,4.119761,223.900075
2.720000,1.059972,59.957553,-6.225630,1.081289,59.954028,-4.016458,1.066571,59.955337,-6.454322,1.041639,59.958149,-7.362179,1.040382,59.959705,-6.590872,1.042322,59.960024,-6.050418,1.031745,59.959780,-7.854741,1.030090,59.959699,-8.257462,1.042154,59.959789,-7.912976,1.051472,59.960951,-3.908620,1.047399,59.960620,-4.636231,1.038085,59.960434,-4.589951,1.049719,59.960258,-4.455920,1.048939,59.958586,-5.719826,1.054481,59.955758,-5.669565,1.069181,59.954683,-4.329645,1.071843,59.954685,-5.376177,1.068850,59.954900,-6.144151,1.078978,59.952547,0.387663,1.015460,59.950363,-0.236282,1.070022,59.954855,-2.323201,1.085257,59.955204,1.394820,1.080970,59.955164,1.228882,1.074379,59.954682,-4.230530,1.089522,59.952824,-2.984705,1.092037,59.954067,-4.313050,1.078277,59.954245,-5.761696,1.091771,59.954807,-1.926865,1.090069,59.955255,0.200935,1.077665,59.953198,-1.774052,1.006689,59.962130,0.397556,1.006653,59.966258,2.813602,1.019848,59.953053,4.902597,1.028337,59.948182,4.515106,1.078489,59.955626,5.575357,1.093949,59.955718,7.830666,1.055911,59.948984,2.789845,1.059463,59.956410,5.740765,1.029789,59.959863,-7.619417,0.999344,0.999440,0.999673,0.999249,0.999260,0.998955,0.999413,0.999203,-39.765229,0.000000,6.178864,13.588828,8.538094,13.784424,17.800826,-35.431466,288.383297,447.800150,209.391350,467.503357,6.717002,286.592096,294.652499,141.504847,562.436988,245.394482,221.661074,276.382253,200.614467,124.488442,251.663684,184.493662,253.902685,8.239523,988.742731,2.149441,164.790455,75.230425,157.625653,78.812826,137.026846,28.927890,26.868009,92.246831,102.994034,75.767785,-82.574348,42.272334,15.225205,67.617823,24.718568,24.091648,4.119761,223.900075
2.740000,1.059900,59.957495,-6.241652,1.081039,59.953975,-4.057870,1.066247,59.955330,-6.486083,1.041270,59.958227,-7.373277,1.040024,59.959904,-6.590200,1.041962,59.960256,-6.047302,1.031403,59.959961,-7.853610,1.029759,59.959862,-8.256995,1.042020,59.959828,-7.912433,1.051069,59.961128,-3.899062,1.047009,59.960814,-4.628988,1.037679,59.960602,-4.584162,1.049316,59.960401,-4.451514,1.048543,59.958644,-5.727861,1.054073,59.955601,-5.698960,1.068769,59.954454,-4.367118,1.071436,59.954727,-5.412414,1.068473,59.954916,-6.178957,1.078560,59.951561,0.331362,1.015030,59.948823,-0.310841,1.069593,59.954656,-2.359305,1.084821,59.955062,1.361482,1.080532,59.955017,1.195236,1.073963,59.954453,-4.268011,1.089182,59.953121,-3.033233,1.091531,59.955202,-4.348814,1.077812,59.954855,-5.798543,1.091098,59.957432,-1.950559,1.089358,59.958426,0.182927,1.077414,59.952559,-1.824091,1.006406,59.962995,0.418709,1.006244,59.966517,2.861794,1.019481,59.952015,4.849718,1.027850,59.945938,4.421614,1.078064,59.955549,5.545348,1.093511,59.955669,7.801445,1.055691,59.949397,2.714117,1.058713,59.960828,5.736707,1.029793,59.959818,-7.618729,0.999343,0.999488,0.999684,0.999228,0.999163,0.998956,0.999557,0.999159,-39.817309,0.000000,6.271800,13.491398,8.428629,13.564250,17.809855,-35.553911,288.383297,447.800150,209.391350,467.503357,6.717002,286.592096,294.652499,141.504847,562.436988,245.394482,221.661074,276.382253,200.614467,124.488442,251.663684,184.493662,253.902685,8.239523,988.742731,2.149441,164.790455,75.230425,157.625653,78.812826,137.026846,28.927890,26.868009,92.246831,102.994034,75.767785,-82.574348,42.272334,15.225205,67.617823,24.718568,24.091648,4.119761,223.900075
2.760000,1.059794,59.957468,-6.259018,1.080719,59.954015,-4.100313,1.065854,59.955374,-6.518730,1.040839,59.958294,-7.384930,1.039608,59.960062,-6.589348,1.041544,59.960440,-6.043795,1.031005,59.960098,-7.852439,1.029373,59.959984,-8.256610,1.041857,59.959846,-7.912772,1.050608,59.961240,-3.889593,1.046561,59.960949,-4.621680,1.037214,59.960715,-4.578479,1.048853,59.960493,-4.447373,1.048085,59.958685,-5.736624,1.053603,59.955484,-5.730373,1.068296,59.954293,-4.407006,1.070955,59.954827,-5.449158,1.068025,59.954988,-6.214463,1.078104,59.950717,0.267527,1.014579,59.947503,-0.396579,1.069100,59.954526,-2.397601,1.084319,59.954994,1.326384,1.080028,59.954945,1.159798,1.073486,59.954293,-4.307902,1.088782,59.953539,-3.080139,1.090905,59.956376,-4.377284,1.077246,59.955512,-5.831849,1.090244,59.960025,-1.956539,1.088455,59.961543,0.186474,1.077117,59.952041,-1.879263,1.006068,59.963768,0.444616,1.005786,59.966606,2.910018,1.019082,59.951101,4.788843,1.027354,59.944026,4.312373,1.077576,59.955552,5.514077,1.093006,59.955704,7.771178,1.055414,59.950061,2.641432,1.057765,59.965146,5.762985,1.029787,59.959767,-7.619460,0.999342,0.999532,0.999686,0.999206,0.999076,0.998967,0.999698,0.999117,-39.889602,0.000000,6.347501,13.364776,8.259592,13.326838,17.860595,-35.714933,288.383297,447.800150,209.391350,467.503357,6.717002,286.592096,294.652499,141.504847,562.436988,245.394482,221.661074,276.382253,200.614467,124.488442,251.663684,184.493662,253.902685,8.239523,988.742731,2.149441,164.790455,75.230425,157.625653,78.812826,137.026846,28.927890,26.868009,92.246831,102.994034,75.767785,-82.574348,42.272334,15.225205,67.617823,24.718568,24.091648,4.119761,223.900075
2.780000,1.059652,59.957474,-6.277864,1.080327,59.954148,-4.143484,1.065388,59.955471,-6.552257,1.040343,59.958350,-7.397583,1.039132,59.960177,-6.588986,1.041067,59.960575,-6.040616,1.030549,59.960191,-7.851913,1.028931,59.960063,-8.256974,1.041664,59.959843,-7.914508,1.050089,59.961288,-3.881040,1.046054,59.961026,-4.615095,1.036688,59.960774,-4.573661,1.048331,59.960536,-4.444229,1.047565,59.958708,-5.746606,1.053069,59.955412,-5.763863,1.067758,59.954203,-4.449170,1.070397,59.954984,-5.486359,1.067502,59.955115,-6.250637,1.077606,59.950033,0.196892,1.014098,59.946427,-0.492168,1.068539,59.954470,-2.437934,1.083749,59.955004,1.289714,1.079454,59.954950,1.122752,1.072942,59.954203,-4.350065,1.088318,59.954070,-3.124954,1.090159,59.957568,-4.398641,1.076578,59.956204,-5.861695,1.089211,59.962541,-1.945605,1.087361,59.964553,0.210579,1.076771,59.951657,-1.939004,1.005674,59.964439,0.474201,1.005281,59.966532,2.956713,1.018647,59.950328,4.720580,1.026840,59.942483,4.189575,1.077022,59.955638,5.481768,1.092427,59.955823,7.740107,1.055078,59.950957,2.573152,1.056622,59.969292,5.818182,1.029770,59.959709,-7.622023,0.999341,0.999572,0.999680,0.999186,0.999001,0.998988,0.999832,0.999079,-39.980535,0.000000,6.404289,13.210790,8.037314,13.078268,17.952732,-35.911433,288.383297,447.800150,209.391350,467.503357,6.717002,286.592096,294.652499,141.504847,562.436988,245.394482,221.661074,276.382253,200.614467,124.488442,251.663684,184.493662,253.902685,8.239523,988.742731,2.149441,164.790455,75.230425,157.625653,78.812826,137.026846,28.927890,26.868009,92.246831,102.994034,75.767785,-82.574348,42.272334,15.225205,67.617823,24.718568,24.091648,4.119761,223.900075
2.800000,1.059474,59.957513,-6.298330,1.079859,59.954373,-4.187093,1.064850,59.955619,-6.586667,1.039783,59.958397,-7.411681,1.038598,59.960251,-6.589792,1.040531,59.960662,-6.038491,1.030037,59.960241,-7.852723,1.028433,59.960102,-8.258759,1.041442,59.959821,-7.918163,1.049513,59.961275,-3.874226,1.045490,59.961047,-4.610021,1.036103,59.960781,-4.570463,1.047751,59.960531,-4.442804,1.046983,59.958718,-5.758290,1.052466,59.955387,-5.799472,1.067150,59.954187,-4.493459,1.069761,59.955196,-5.523986,1.066901,59.955295,-6.287465,1.077060,59.949521,0.120287,1.013582,59.945615,-0.596136,1.067906,59.954491,-2.480136,1.083106,59.955095,1.251669,1.078807,59.955035,1.084295,1.072329,59.954189,-4.394345,1.087791,59.954704,-3.167286,1.089291,59.958759,-4.413221,1.075806,59.956920,-5.888253,1.088001,59.964939,-1.918877,1.086079,59.967408,0.253875,1.076377,59.951420,-2.002663,1.005224,59.964999,0.506309,1.004734,59.966304,3.000363,1.018170,59.949714,4.645648,1.026300,59.941333,4.055615,1.076399,59.955809,5.448647,1.091772,59.956029,7.708476,1.054682,59.952063,2.510473,1.055285,59.973200,5.900386,1.029742,59.959647,-7.626832,0.999340,0.999607,0.999668,0.999166,0.998939,0.999019,0.999959,0.999046,-40.088213,0.000000,6.440940,13.031759,7.769086,12.824682,18.085289,-36.139550,288.383297,447.800150,209.391350,467.503357,6.717002,286.592096,294.652499,141.504847,562.436988,245.394482,221.661074,276.382253,200.614467,124.488442,251.663684,184.493662,253.902685,8.239523,988.742731,2.149441,164.790455,75.230425,157.625653,78.812826,137.026846,28.927890,26.868009,92.246831,102.994034,75.767785,-82.574348,42.272334,15.225205,67.617823,24.718568,24.091648,4.119761,223.900075
2.820000,1.059259,59.957583,-6.320563,1.079317,59.954686,-4.230872,1.064237,59.955818,-6.621966,1.039160,59.958438,-7.427660,1.038006,59.960285,-6.592435,1.039939,59.960702,-6.038139,1.029470,59.960250,-7.855550,1.027882,59.960102,-8.262629,1.041191,59.959780,-7.924250,1.048882,59.961208,-3.869942,1.044870,59.961015,-4.607221,1.035459,59.960742,-4.569613,1.047113,59.960484,-4.443792,1.046339,59.958717,-5.772141,1.051795,59.955413,-5.837222,1.066472,59.954249,-4.539700,1.069044,59.955463,-5.562025,1.066223,59.955529,-6.324940,1.076461,59.949192,0.038626,1.013023,59.945081,-0.706893,1.067199,59.954590,-2.524022,1.082387,59.955266,1.212455,1.078083,59.955202,1.044631,1.071644,59.954252,-4.440570,1.087201,59.955428,-3.206831,1.088305,59.959928,-4.421504,1.074931,59.957649,-5.911776,1.086619,59.967182,-1.877750,1.084616,59.970064,0.314663,1.075934,59.951339,-2.069517,1.004720,59.965440,0.539730,1.004147,59.965933,3.039535,1.017648,59.949272,4.564873,1.025728,59.940596,3.913039,1.075704,59.956063,5.414943,1.091040,59.956321,7.676528,1.054226,59.953348,2.454394,1.053763,59.976813,6.007244,1.029702,59.959580,-7.634299,0.999338,0.999636,0.999649,0.999147,0.998891,0.999058,1.000077,0.999018,-40.210465,0.000000,6.456714,12.830480,7.462970,12.572124,18.256667,-36.394731,288.383297,447.800150,209.391350,467.503357,6.717002,286.592096,294.652499,141.504847,562.436988,245.394482,221.661074,276.382253,200.614467,124.488442,251.663684,184.493662,253.902685,8.239523,988.742731,2.149441,164.790455,75.230425,157.625653,78.812826,137.026846,28.927890,26.868009,92.246831,102.994034,75.767785,-82.574348,42.272334,15.225205,67.617823,24.718568,24.091648,4.119761,223.900075
2.840000,1.059008,59.957684,-6.344708,1.078702,59.955084,-4.274571,1.063551,59.956067,-6.658166,1.038475,59.958474,-7.445926,1.037359,59.960283,-6.597558,1.039292,59.960700,-6.040253,1.028850,59.960221,-7.861045,1.027278,59.960067,-8.269216,1.040911,59.959723,-7.933263,1.048199,59.961091,-3.868930,1.044197,59.960938,-4.607417,1.034761,59.960661,-4.571799,1.046421,59.960401,-4.447844,1.045634,59.958711,-5.788586,1.051053,59.955492,-5.877106,1.065721,59.954391,-4.587698,1.068248,59.955783,-5.600461,1.065467,59.955814,-6.363058,1.075805,59.949055,-0.047101,1.012416,59.944834,-0.822766,1.066417,59.954771,-2.569389,1.081593,59.955520,1.172287,1.077282,59.955451,1.003978,1.070886,59.954395,-4.488542,1.086549,59.956228,-3.243373,1.087203,59.961059,-4.424089,1.073954,59.958383,-5.932584,1.085072,59.969238,-1.823860,1.082979,59.972483,0.390970,1.075443,59.951420,-2.138787,1.004164,59.965760,0.573223,1.003525,59.965438,3.072909,1.017077,59.949015,4.479187,1.025116,59.940279,3.764485,1.074936,59.956400,5.380885,1.090228,59.956698,7.644504,1.053711,59.954782,2.405696,1.052063,59.980081,6.136028,1.029651,59.959509,-7.644823,0.999337,0.999660,0.999623,0.999131,0.998857,0.999103,1.000182,0.998997,-40.344885,0.000000,6.451366,12.610207,7.127604,12.326386,18.464710,-36.671836,288.383297,447.800150,209.391350,467.503357,6.717002,286.592096,294.652499,141.504847,562.436988,245.394482,221.661074,276.382253,200.614467,124.488442,251.663684,184.493662,253.902685,8.239523,988.742731,2.149441,164.790455,75.230425,157.625653,78.812826,137.026846,28.927890,26.868009,92.246831,102.994034,75.767785,-82.574348,42.272334,15.225205,67.617823,24.718568,24.091648,4.119761,223.900075
2.860000,1.058720,59.957816,-6.370906,1.078015,59.955561,-4.317960,1.062795,59.956365,-6.695267,1.037730,59.958511,-7.466848,1.036660,59.960249,-6.605757,1.038594,59.960659,-6.045479,1.028180,59.960159,-7.869814,1.026626,59.960002,-8.279107,1.040605,59.959653,-7.945666,1.047466,59.960934,-3.871862,1.043474,59.960821,-4.611271,1.034011,59.960545,-4.577644,1.045677,59.960289,-4.455548,1.044872,59.958702,-5.808007,1.050243,59.955628,-5.919081,1.064898,59.954613,-4.637230,1.067373,59.956154,-5.639281,1.064635,59.956150,-6.401811,1.075091,59.949116,-0.135843,1.011758,59.944879,-0.942021,1.065560,59.955032,-2.616010,1.080722,59.955856,1.131397,1.076404,59.955782,0.962569,1.070055,59.954619,-4.538037,1.085837,59.957090,-3.276785,1.085992,59.962138,-4.421671,1.072880,59.959112,-5.951044,1.083371,59.971082,-1.759024,1.081179,59.974637,0.480598,1.074905,59.951667,-2.209646,1.003559,59.965956,0.605548,1.002872,59.964835,3.099305,1.016456,59.948955,4.389612,1.024459,59.940383,3.612629,1.074095,59.956818,5.346705,1.089338,59.957156,7.612647,1.053137,59.956327,2.364924,1.050196,59.982962,6.283705,1.029589,59.959437,-7.658781,0.999335,0.999677,0.999593,0.999117,0.998838,0.999155,1.000274,0.998984,-40.488891,0.000000,6.425153,12.374609,6.771995,12.092874,18.706769,-36.965241,288.383297,447.800150,209.391350,467.503357,6.717002,286.592096,294.652499,141.504847,562.436988,245.394482,221.661074,276.382253,200.614467,124.488442,251.663684,184.493662,253.902685,8.239523,988.742731,2.149441,164.790455,75.230425,157.625653,78.812826,137.026846,28.927890,26.868009,92.246831,102.994034,75.767785,-82.574348,42.272334,15.225205,67.617823,24.718568,24.091648,4.119761,223.900075
2.880000,1.058398,59.957975,-6.399283,1.077260,59.956112,-4.360835,1.061970,59.956711,-6.733262,1.036930,59.958551,-7.490745,1.035914,59.960190,-6.617573,1.037848,59.960585,-6.054403,1.027464,59.960072,-7.882401,1.025929,59.959913,-8.292831,1.040273,59.959572,-7.961878,1.046689,59.960745,-3.879328,1.042706,59.960672,-4.619368,1.033215,59.960404,-4.587696,1.044886,59.960155,-4.467415,1.044057,59.958699,-5.830722,1.049367,59.955824,-5.963064,1.064005,59.954918,-4.688044,1.066422,59.956574,-5.678461,1.063730,59.956535,-6.441179,1.074316,59.949376,-0.226504,1.011044,59.945214,-1.062900,1.064630,59.955375,-2.663634,1.079778,59.956271,1.090029,1.075452,59.956193,0.920650,1.069154,59.954925,-4.588802,1.085068,59.957998,-3.307026,1.084678,59.963153,-4.415024,1.071714,59.959829,-5.967556,1.081528,59.972693,-1.685202,1.079229,59.976501,0.581184,1.074324,59.952078,-2.281239,1.002908,59.966031,0.635486,1.002193,59.964147,3.117710,1.015783,59.949097,4.297255,1.023754,59.940899,3.460131,1.073184,59.957315,5.312635,1.088373,59.957694,7.581195,1.052508,59.957947,2.332383,1.048177,59.985426,6.447011,1.029516,59.959363,-7.676522,0.999333,0.999688,0.999558,0.999106,0.998833,0.999210,1.000353,0.998977,-40.639771,0.000000,6.378822,12.127727,6.405316,11.876484,18.979770,-37.268960,288.383297,447.800150,209.391350,467.503357,6.717002,286.592096,294.652499,141.504847,562.436988,245.394482,221.661074,276.382253,200.614467,124.488442,251.663684,184.493662,253.902685,8.239523,988.742731,2.149441,164.790455,75.230425,157.625653,78.812826,137.026846,28.927890,26.868009,92.246831,102.994034,75.767785,-82.574348,42.272334,15.225205,67.617823,24.718568,24.091648,4.119761,223.900075
2.900000,1.058043,59.958161,-6.429956,1.076442,59.956728,-4.403009,1.061083,59.957102,-6.772126,1.036080,59.958601,-7.517874,1.035124,59.960111,-6.633468,1.037061,59.960487,-6.067534,1.026707,59.959964,-7.899276,1.025191,59.959807,-8.310841,1.039919,59.959484,-7.982268,1.045874,59.960535,-3.891818,1.041898,59.960501,-4.632202,1.032376,59.960245,-4.602412,1.044054,59.960009,-4.483865,1.043193,59.958706,-5.856980,1.048429,59.956081,-6.008924,1.063046,59.955304,-4.739858,1.065401,59.957042,-5.717961,1.062758,59.956967,-6.481125,1.073482,59.949836,-0.317954,1.010276,59.945833,-1.183648,1.063631,59.955799,-2.711987,1.078764,59.956764,1.048440,1.074429,59.956682,0.878483,1.068185,59.955314,-4.640555,1.084245,59.958939,-3.334135,1.083271,59.964093,-4.404966,1.070464,59.960530,-5.982536,1.079558,59.974060,-1.604436,1.077146,59.978059,0.690260,1.073701,59.952653,-2.352696,1.002215,59.965989,0.661869,1.001494,59.963395,3.127296,1.015061,59.949447,4.203294,1.022998,59.941811,3.309578,1.072206,59.957884,5.278909,1.087337,59.958305,7.550383,1.051828,59.959605,2.308138,1.046022,59.987450,6.622522,1.029433,59.959289,-7.698356,0.999330,0.999692,0.999520,0.999100,0.998843,0.999268,1.000416,0.998979,-40.794746,0.000000,6.313589,11.873911,6.036703,11.681510,19.280291,-37.576776,288.383297,447.800150,209.391350,467.503357,6.717002,286.592096,294.652499,141.504847,562.436988,245.394482,221.661074,276.382253,200.614467,124.488442,251.663684,184.493662,253.902685,8.239523,988.742731,2.149441,164.790455,75.230425,157.625653,78.812826,137.026846,28.927890,26.868009,92.246831,102.994034,75.767785,-82.574348,42.272334,15.225205,67.617823,24.718568,24.091648,4.119761,223.900075
2.920000,1.057658,59.958371,-6.463017,1.075568,59.957402,-4.444318,1.060140,59.957536,-6.811815,1.035186,59.958665,-7.548421,1.034297,59.960020,-6.653825,1.036237,59.960371,-6.085297,1.025915,59.959844,-7.920822,1.024419,59.959691,-8.333503,1.039544,59.959393,-8.007143,1.045025,59.960314,-3.909710,1.041056,59.960318,-4.650166,1.031501,59.960079,-4.622147,1.043186,59.959861,-4.505218,1.042286,59.958730,-5.886951,1.047433,59.956402,-6.056485,1.062025,59.955772,-4.792361,1.064315,59.957556,-5.757722,1.061724,59.957445,-6.521591,1.072592,59.950491,-0.409050,1.009453,59.946724,-1.302546,1.062568,59.956302,-2.760769,1.077686,59.957332,1.006902,1.073342,59.957247,0.836343,1.067154,59.955783,-4.692981,1.083375,59.959896,-3.358227,1.081782,59.964951,-4.392343,1.069139,59.961210,-5.996402,1.077478,59.975172,-1.518810,1.074947,59.979303,0.805306,1.073040,59.953383,-2.423149,1.001487,59.965835,0.683605,1.000780,59.962603,3.127437,1.014290,59.950006,4.108957,1.022192,59.943095,3.163444,1.071166,59.958523,5.245760,1.086236,59.958984,7.520444,1.051100,59.961265,2.292023,1.043750,59.989021,6.806734,1.029340,59.959217,-7.724551,0.999328,0.999689,0.999480,0.999097,0.998867,0.999327,1.000464,0.998989,-40.951022,0.000000,6.231110,11.617755,5.675055,11.511557,19.604637,-37.882371,288.383297,447.800150,209.391350,467.503357,6.717002,286.592096,294.652499,141.504847,562.436988,245.394482,221.661074,276.382253,200.614467,124.488442,251.663684,184.493662,253.902685,8.239523,988.742731,2.149441,164.790455,75.230425,157.625653,78.812826,137.026846,28.927890,26.868009,92.246831,102.994034,75.767785,-82.574348,42.272334,15.225205,67.617823,24.718568,24.091648,4.119761,223.900075
2.940000,1.057247,59.958603,-6.498541,1.074644,59.958127,-4.484617,1.059147,59.958012,-6.852261,1.034255,59.958748,-7.582501,1.033439,59.959926,-6.678931,1.035383,59.960245,-6.108017,1.025093,59.959721,-7.947326,1.023618,59.959572,-8.361094,1.039153,59.959304,-8.036744,1.044150,59.960095,-3.933266,1.040186,59.960133,-4.673540,1.030598,59.959915,-4.647147,1.042289,59.959720,-4.531685,1.041343,59.958777,-5.920724,1.046387,59.956786,-6.105526,1.060949,59.956319,-4.845212,1.063173,59.958114,-5.797661,1.060636,59.957966,-6.562497,1.071649,59.951334,-0.498652,1.008577,59.947871,-1.417938,1.061448,59.956881,-2.809659,1.076550,59.957970,0.965696,1.072196,59.957883,0.794519,1.066068,59.956333,-4.745740,1.082462,59.960856,-3.379483,1.080224,59.965722,-4.378005,1.067748,59.961865,-6.009560,1.075308,59.976029,-1.430397,1.072655,59.980229,0.923805,1.072347,59.954261,-2.491746,1.000730,59.965579,0.699693,1.000057,59.961796,3.117720,1.013475,59.950773,4.015506,1.021336,59.944721,3.024036,1.070071,59.959225,5.213422,1.085076,59.959725,7.491604,1.050330,59.962892,2.283652,1.041383,59.990135,6.996128,1.029239,59.959148,-7.755326,0.999325,0.999680,0.999438,0.999099,0.998903,0.999385,1.000497,0.999007,-41.105851,0.000000,6.133434,11.364013,5.328858,11.369496,19.948905,-38.179467,288.383297,447.800150,209.391350,467.503357,6.717002,286.592096,294.652499,141.504847,562.436988,245.394482,221.661074,276.382253,200.614467,124.488442,251.663684,184.493662,253.902685,8.239523,988.742731,2.149441,164.790455,75.230425,157.625653,78.812826,137.026846,28.927890,26.868009,92.246831,102.994034,75.767785,-82.574348,42.272334,15.225205,67.617823,24.718568,24.091648,4.119761,223.900075
2.960000,1.056812,59.958855,-6.536574,1.073680,59.958892,-4.523780,1.058113,59.958527,-6.893375,1.033294,59.958855,-7.620148,1.032559,59.959836,-6.708975,1.034508,59.960120,-6.135917,1.024250,59.959602,-7.978977,1.022795,59.959459,-8.393791,1.038748,59.959219,-8.071243,1.043256,59.959888,-3.962626,1.039297,59.959955,-4.702491,1.029674,59.959765,-4.677544,1.041370,59.959597,-4.563366,1.040372,59.958854,-5.958299,1.045299,59.957235,-6.155778,1.059825,59.956943,-4.898049,1.061984,59.958712,-5.837671,1.059502,59.958528,-6.603736,1.070659,59.952356,-0.585643,1.007654,59.949256,-1.528261,1.060280,59.957534,-2.858318,1.075365,59.958674,0.925113,1.071001,59.958586,0.753307,1.064934,59.956959,-4.798470,1.081514,59.961805,-3.398138,1.078610,59.966404,-4.362784,1.066306,59.962493,-6.022389,1.073069,59.976634,-1.341223,1.070291,59.980843,1.043293,1.071625,59.955276,-2.557671,0.999949,59.965233,0.709255,0.999330,59.960998,3.097949,1.012619,59.951742,3.924220,1.020434,59.946654,2.893465,1.068929,59.959983,5.182122,1.083868,59.960522,7.464083,1.049523,59.964453,2.282446,1.038943,59.990798,7.187237,1.029129,59.959084,-7.790849,0.999323,0.999665,0.999397,0.999107,0.998951,0.999442,1.000514,0.999033,-41.256587,0.000000,6.022954,11.117517,5.006015,11.257425,20.309062,-38.461960,288.383297,447.800150,209.391350,467.503357,6.717002,286.592096,294.652499,141.504847,562.436988,245.394482,221.661074,276.382253,200.614467,124.488442,251.663684,184.493662,253.902685,8.239523,988.742731,2.149441,164.790455,75.230425,157.625653,78.812826,137.026846,28.927890,26.868009,92.246831,102.994034,75.767785,-82.574348,42.272334,15.225205,67.617823,24.718568,24.091648,4.119761,223.900075
2.980000,1.056358,59.959124,-6.577137,1.072683,59.959690,-4.561703,1.057048,59.959078,-6.935042,1.032312,59.958991,-7.661319,1.031663,59.959757,-6.744042,1.033617,59.960002,-6.169111,1.023391,59.959495,-8.015857,1.021957,59.959359,-8.431667,1.038333,59.959144,-8.110732,1.042350,59.959704,-3.997801,1.038394,59.959796,-4.737064,1.028735,59.959636,-4.713354,1.040438,59.959499,-4.600249,1.039381,59.958965,-5.999593,1.044177,59.957747,-6.206936,1.058664,59.957638,-4.950491,1.060756,59.959349,-5.877621,1.058333,59.959128,-6.645176,1.069628,59.953544,-0.668944,1.006688,59.950853,-1.632066,1.059072,59.958254,-2.906392,1.074140,59.959437,0.885447,1.069766,59.959350,0.713010,1.063762,59.957657,-4.850787,1.080537,59.962731,-3.414478,1.076957,59.966997,-4.347477,1.064823,59.963094,-6.035239,1.070783,59.976994,-1.253222,1.067879,59.981154,1.161407,1.070880,59.956412,-2.620158,0.999154,59.964809,0.711541,0.998606,59.960234,3.068150,1.011730,59.952905,3.836365,1.019490,59.948852,2.773605,1.067749,59.960790,5.152086,1.082622,59.961365,7.438089,1.048687,59.965921,2.287651,1.036454,59.991022,7.376713,1.029014,59.959026,-7.831232,0.999320,0.999645,0.999356,0.999119,0.999008,0.999494,1.000516,0.999066,-41.400736,0.000000,5.902350,10.883080,4.713699,11.176660,20.681007,-38.724049,288.383297,447.800150,209.391350,467.503357,6.717002,286.592096,294.652499,141.504847,562.436988,245.394482,221.661074,276.382253,200.614467,124.488442,251.663684,184.493662,253.902685,8.239523,988.742731,2.149441,164.790455,75.230425,157.625653,78.812826,137.026846,28.927890,26.868009,92.246831,102.994034,75.767785,-82.574348,42.272334,15.225205,67.617823,24.718568,24.091648,4.119761,223.900075
3.000000,1.055889,59.959408,-6.620224,1.071664,59.960511,-4.598299,1.055960,59.959660,-6.977128,1.031317,59.959160,-7.705893,1.030759,59.959699,-6.784116,1.032719,59.959902,-6.207607,1.022526,59.959409,-8.057946,1.021112,59.959281,-8.474694,1.037912,59.959082,-8.155234,1.041440,59.959553,-4.038682,1.037487,59.959666,-4.777186,1.027791,59.959540,-4.754477,1.039500,59.959437,-4.642207,1.038378,59.959116,-6.044436,1.043030,59.958321,-6.258657,1.057473,59.958401,-5.002148,1.059502,59.960019,-5.917359,1.057139,59.959763,-6.686667,1.068563,59.954882,-0.747538,1.005686,59.952636,-1.728049,1.057834,59.959037,-2.953523,1.072886,59.960254,0.846994,1.068502,59.960167,0.673930,1.062561,59.958422,-4.902302,1.079540,59.963623,-3.428825,1.075280,59.967500,-4.332833,1.063316,59.963666,-6.048421,1.068475,59.977122,-1.168210,1.065444,59.981175,1.275920,1.070117,59.957654,-2.678505,0.998350,59.964322,0.705955,0.997890,59.959526,3.028560,1.010813,59.954249,3.753180,1.018508,59.951273,2.666072,1.066542,59.961640,5.123529,1.081347,59.962247,7.413819,1.047829,59.967269,2.298371,1.033942,59.990827,7.561373,1.028893,59.958975,-7.876527,0.999318,0.999619,0.999317,0.999138,0.999075,0.999543,1.000503,0.999106,-41.536010,0.000000,5.774516,10.665397,4.458227,11.127750,21.060628,-38.960366,288.383297,447.800150,209.391350,467.503357,6.717002,286.592096,294.652499,141.504847,562.436988,245.394482,221.661074,276.382253,200.614467,124.488442,251.663684,184.493662,253.902685,8.239523,988.742731,2.149441,164.790455,75.230425,157.625653,78.812826,137.026846,28.927890,26.868009,92.246831,102.994034,75.767785,-82.574348,42.272334,15.225205,67.617823,24.718568,24.091648,4.119761,223.900075
3.020000,1.055410,59.959703,-6.665799,1.070632,59.961346,-4.633504,1.054860,59.960270,-7.019479,1.030318,59.959365,-7.753677,1.029855,59.959668,-6.829078,1.031822,59.959827,-6.251302,1.021660,59.959350,-8.105119,1.020267,59.959232,-8.522747,1.037488,59.959037,-8.204691,1.040534,59.959447,-4.085039,1.036582,59.959572,-4.822672,1.026850,59.959484,-4.800704,1.038563,59.959418,-4.689009,1.037372,59.959311,-6.092584,1.041869,59.958952,-6.310577,1.056264,59.959224,-5.052625,1.058232,59.960720,-5.956718,1.055931,59.960427,-6.728036,1.067474,59.956351,-0.820480,1.004654,59.954574,-1.815062,1.056577,59.959875,-2.999352,1.071614,59.961116,0.810041,1.067219,59.961031,0.636362,1.061341,59.959247,-4.952620,1.078532,59.964471,-3.441532,1.073596,59.967918,-4.319541,1.061797,59.964209,-6.062201,1.066168,59.977032,-1.087855,1.063012,59.980927,1.384775,1.069343,59.958983,-2.732095,0.997545,59.963789,0.692058,0.997186,59.958895,2.979621,1.009875,59.955759,3.675845,1.017497,59.953870,2.572203,1.065318,59.962523,5.096657,1.080055,59.963160,7.391456,1.046955,59.968478,2.313594,1.031434,59.990238,7.738254,1.028768,59.958934,-7.926732,0.999315,0.999589,0.999281,0.999162,0.999148,0.999585,1.000477,0.999152,-41.660369,0.000000,5.642501,10.468954,4.244960,11.110504,21.443856,-39.166087,288.383297,447.800150,209.391350,467.503357,6.717002,286.592096,294.652499,141.504847,562.436988,245.394482,221.661074,276.382253,200.614467,124.488442,251.663684,184.493662,253.902685,8.239523,988.742731,2.149441,164.790455,75.230425,157.625653,78.812826,137.026846,28.927890,26.868009,92.246831,102.994034,75.767785,-82.574348,42.272334,15.225205,67.617823,24.718568,24.091648,4.119761,223.900075
3.040000,1.054926,59.960008,-6.713801,1.069597,59.962184,-4.667274,1.053757,59.960904,-7.061928,1.029323,59.959609,-7.804409,1.028958,59.959670,-6.878715,1.030933,59.959785,-6.299993,1.020802,59.959327,-8.157156,1.019428,59.959217,-8.575601,1.037066,59.959013,-8.258977,1.039637,59.959393,-4.136530,1.035687,59.959525,-4.873226,1.025917,59.959476,-4.851719,1.037636,59.959449,-4.740323,1.036371,59.959552,-6.143720,1.040703,59.959636,-6.362310,1.055047,59.960099,-5.101536,1.056959,59.961445,-5.995517,1.054719,59.961117,-6.769103,1.066368,59.957933,-0.886925,1.003602,59.956638,-1.892138,1.055312,59.960760,-3.043530,1.070334,59.962015,0.774867,1.065929,59.961933,0.600591,1.060112,59.960124,-5.001355,1.077519,59.965265,-3.452971,1.071921,59.968251,-4.308221,1.060283,59.964722,-6.076804,1.063886,59.976742,-1.013658,1.060607,59.980430,1.486112,1.068563,59.960379,-2.780400,0.996748,59.963226,0.669582,0.996499,59.958361,2.921970,1.008925,59.957418,3.605464,1.016463,59.956596,2.493042,1.064087,59.963431,5.071661,1.078757,59.964093,7.371162,1.046073,59.969531,2.332230,1.028953,59.989287,7.904649,1.028640,59.958904,-7.981785,0.999313,0.999555,0.999249,0.999192,0.999226,0.999621,1.000438,0.999203,-41.772062,0.000000,5.509428,10.297923,4.078224,11.124038,21.826717,-39.337037,288.383297,447.800150,209.391350,467.503357,6.717002,286.592096,294.652499,141.504847,562.436988,245.394482,221.661074,276.382253,200.614467,124.488442,251.663684,184.493662,253.902685,8.239523,988.742731,2.149441,164.790455,75.230425,157.625653,78.812826,137.026846,28.927890,26.868009,92.246831,102.994034,75.767785,-82.574348,42.272334,15.225205,67.617823,24.718568,24.091648,4.119761,223.900075
3.060000,1.054441,59.960319,-6.764144,1.068569,59.963017,-4.699593,1.052662,59.961554,-7.104302,1.028341,59.959893,-7.857770,1.028076,59.959713,-6.932720,1.030059,59.959782,-6.353381,1.019958,59.959345,-8.213746,1.018604,59.959242,-8.632949,1.036648,59.959013,-8.317896,1.038758,59.959398,-4.192713,1.034808,59.959530,-4.928453,1.025001,59.959523,-4.907114,1.036724,59.959537,-4.795725,1.035383,59.959842,-6.197465,1.039541,59.960367,-6.413469,1.053831,59.961017,-5.148511,1.055692,59.962189,-6.033572,1.053514,59.961826,-6.809678,1.065255,59.959604,-0.946133,1.002536,59.958792,-1.958496,1.054050,59.961683,-3.085724,1.069057,59.962941,0.741729,1.064642,59.962863,0.566882,1.058887,59.961045,-5.048138,1.076511,59.965999,-3.463526,1.070272,59.968506,-4.299421,1.058785,59.965205,-6.092414,1.061652,59.976272,-0.946936,1.058255,59.979710,1.578288,1.067783,59.961820,-2.823005,0.995964,59.962653,0.638432,0.995834,59.957941,2.856414,1.007970,59.959202,3.543037,1.015413,59.959403,2.429333,1.062859,59.964354,5.048711,1.077465,59.965038,7.353079,1.045190,59.970418,2.353140,1.026527,59.988009,8.058140,1.028511,59.958885,-8.041569,0.999310,0.999519,0.999221,0.999227,0.999308,0.999650,1.000388,0.999258,-41.869661,0.000000,5.378425,10.156070,3.961255,11.166836,22.205365,-39.469779,288.383297,447.800150,209.391350,467.503357,6.717002,286.592096,294.652499,141.504847,562.436988,245.394482,221.661074,276.382253,200.614467,124.488442,251.663684,184.493662,253.902685,8.239523,988.742731,2.149441,164.790455,75.230425,157.625653,78.812826,137.026846,28.927890,26.868009,92.246831,102.994034,75.767785,-82.574348,42.272334,15.225205,67.617823,24.718568,24.091648,4.119761,223.900075
3.080000,1.053958,59.960634,-6.816720,1.067556,59.963835,-4.730465,1.051584,59.962217,-7.146422,1.027379,59.960218,-7.913390,1.027216,59.959800,-6.990711,1.029206,59.959824,-6.411077,1.019134,59.959408,-8.274496,1.017799,59.959313,-8.694400,1.036239,59.959039,-8.381186,1.037902,59.959469,-4.253055,1.033951,59.959594,-4.987870,1.024109,59.959629,-4.966397,1.035835,59.959685,-4.854716,1.034414,59.960181,-6.253390,1.038394,59.961138,-6.463666,1.052628,59.961969,-5.193208,1.054443,59.962945,-6.070701,1.052327,59.962548,-6.849575,1.064143,59.961340,-0.997490,1.001465,59.961002,-2.013558,1.052801,59.962634,-3.125629,1.067794,59.963885,0.710858,1.063369,59.963812,0.535472,1.057673,59.961998,-5.092628,1.075514,59.966665,-3.473586,1.068664,59.968686,-4.293613,1.057320,59.965657,-6.109175,1.059488,59.975642,-0.888818,1.055978,59.978793,1.659888,1.067008,59.963284,-2.859607,0.995200,59.962086,0.598685,0.995193,59.957649,2.783914,1.007017,59.961088,3.489440,1.014355,59.962243,2.381519,1.061646,59.965284,5.027958,1.076189,59.965984,7.337323,1.044314,59.971131,2.375170,1.024177,59.986443,8.196622,1.028382,59.958881,-8.105912,0.999308,0.999481,0.999198,0.999267,0.999391,0.999672,1.000327,0.999317,-41.952084,0.000000,5.252549,10.046666,3.896177,11.236825,22.576121,-39.561685,288.383297,447.800150,209.391350,467.503357,6.717002,286.592096,294.652499,141.504847,562.436988,245.394482,221.661074,276.382253,200.614467,124.488442,251.663684,184.493662,253.902685,8.239523,988.742731,2.149441,164.790455,75.230425,157.625653,78.812826,137.026846,28.927890,26.868009,92.246831,102.994034,75.767785,-82.574348,42.272334,15.225205,67.617823,24.718568,24.091648,4.119761,223.900075
3.100000,1.053483,59.960949,-6.871397,1.066568,59.964628,-4.759924,1.050531,59.962884,-7.188117,1.026443,59.960583,-7.970861,1.026382,59.959935,-7.052231,1.028381,59.959916,-6.472617,1.018336,59.959520,-8.338943,1.017018,59.959432,-8.759497,1.035840,59.959094,-8.448531,1.037073,59.959609,-4.316947,1.033122,59.959720,-5.050919,1.023244,59.959798,-5.029003,1.034974,59.959896,-4.916730,1.033473,59.960569,-6.311026,1.037269,59.961941,-6.512533,1.051445,59.962942,-5.235322,1.053222,59.963705,-6.106735,1.051166,59.963275,-6.888616,1.063039,59.963117,-1.040517,1.000397,59.963236,-2.056952,1.051574,59.963601,-3.162978,1.066554,59.964837,0.682456,1.062120,59.964769,0.506565,1.056480,59.962973,-5.134521,1.074538,59.967260,-3.483535,1.067111,59.968797,-4.291193,1.055897,59.966077,-6.127194,1.057415,59.974875,-0.840234,1.053798,59.977706,1.729736,1.066242,59.964746,-2.890033,0.994461,59.961544,0.550590,0.994578,59.957496,2.705559,1.006073,59.963049,3.445407,1.013296,59.965069,2.349746,1.060455,59.966211,5.009522,1.074939,59.966923,7.323981,1.043451,59.971670,2.397182,1.021927,59.984630,8.318322,1.028254,59.958891,-8.174592,0.999306,0.999441,0.999180,0.999312,0.999474,0.999687,1.000257,0.999377,-42.018619,0.000000,5.134723,9.972412,3.883995,11.331456,22.935503,-39.610994,288.383297,447.800150,209.391350,467.503357,6.717002,286.592096,294.652499,141.504847,562.436988,245.394482,221.661074,276.382253,200.614467,124.488442,251.663684,184.493662,253.902685,8.239523,988.742731,2.149441,164.790455,75.230425,157.625653,78.812826,137.026846,28.927890,26.868009,92.246831,102.994034,75.767785,-82.574348,42.272334,15.225205,67.617823,24.718568,24.091648,4.119761,223.900075
3.120000,1.053019,59.961261,-6.928030,1.065611,59.965387,-4.788034,1.049511,59.963549,-7.229225,1.025540,59.960985,-8.029745,1.025580,59.960120,-7.116766,1.027587,59.960061,-6.537470,1.017568,59.959684,-8.406562,1.016267,59.959601,-8.827725,1.035454,59.959178,-8.519562,1.036277,59.959821,-4.383720,1.032325,59.959912,-5.116978,1.022412,59.960031,-5.094315,1.034144,59.960171,-4.981150,1.032563,59.961002,-6.369876,1.036173,59.962766,-6.559725,1.050291,59.963924,-5.274592,1.052037,59.964461,-6.141523,1.050040,59.964000,-6.926638,1.061952,59.964909,-1.074880,0.999339,59.965457,-2.088515,1.050377,59.964574,-3.197543,1.065346,59.965785,0.656684,1.060902,59.965723,0.480329,1.055317,59.963957,-5.173558,1.073587,59.967779,-3.493752,1.065626,59.968843,-4.292485,1.054530,59.966463,-6.146552,1.055450,59.973992,-0.801919,1.051735,59.976479,1.786899,1.065491,59.966184,-2.914242,0.993753,59.961045,0.494564,0.993991,59.957489,2.622542,1.005145,59.965058,3.411511,1.012244,59.967837,2.333875,1.059295,59.967125,4.993496,1.073723,59.967843,7.313108,1.042607,59.972037,2.418082,1.019796,59.982612,8.421808,1.028128,59.958917,-8.247340,0.999304,0.999402,0.999168,0.999360,0.999556,0.999694,1.000181,0.999439,-42.068932,0.000000,5.027662,9.935361,3.924613,11.447791,23.280249,-39.616843,288.383297,447.800150,209.391350,467.503357,6.717002,286.592096,294.652499,141.504847,562.436988,245.394482,221.661074,276.382253,200.614467,124.488442,251.663684,184.493662,253.902685,8.239523,988.742731,2.149441,164.790455,75.230425,157.625653,78.812826,137.026846,28.927890,26.868009,92.246831,102.994034,75.767785,-82.574348,42.272334,15.225205,67.617823,24.718568,24.091648,4.119761,223.900075
3.140000,1.052569,59.961568,-6.986455,1.064693,59.966103,-4.814886,1.048530,59.964205,-7.269602,1.024674,59.961423,-8.089588,1.024812,59.960356,-7.183756,1.026828,59.960260,-6.605055,1.016834,59.959900,-8.476785,1.015549,59.959821,-8.898526,1.035084,59.959294,-8.593865,1.035515,59.960105,-4.452662,1.031563,59.960170,-5.185378,1.021616,59.960330,-5.161671,1.033351,59.960509,-5.047322,1.031690,59.961478,-6.429429,1.035114,59.963604,-6.604931,1.049174,59.964904,-5.310813,1.050896,59.965205,-6.174937,1.048957,59.964714,-6.963505,1.060889,59.966689,-1.100399,0.998297,59.967633,-2.108290,1.049219,59.965539,-3.229150,1.064176,59.966719,0.633661,1.059725,59.966662,0.456884,1.054190,59.964938,-5.209536,1.072668,59.968221,-3.504598,1.064219,59.968828,-4.297739,1.053228,59.966814,-6.167306,1.053610,59.973016,-0.774412,1.049804,59.975138,1.830681,1.064758,59.967572,-2.932325,0.993079,59.960603,0.431174,0.993433,59.957632,2.536130,1.004239,59.967083,3.388149,1.011205,59.970506,2.333493,1.058172,59.968017,4.979935,1.072548,59.968736,7.304726,1.041788,59.972238,2.436853,1.017801,59.980432,8.505994,1.028005,59.958960,-8.323845,0.999303,0.999363,0.999163,0.999412,0.999635,0.999694,1.000098,0.999500,-42.103070,0.000000,4.933818,9.936867,4.016877,11.582591,23.607336,-39.579291,288.383297,447.800150,209.391350,467.503357,6.717002,286.592096,294.652499,141.504847,562.436988,245.394482,221.661074,276.382253,200.614467,124.488442,251.663684,184.493662,253.902685,8.239523,988.742731,2.149441,164.790455,75.230425,157.625653,78.812826,137.026846,28.927890,26.868009,92.246831,102.994034,75.767785,-82.574348,42.272334,15.225205,67.617823,24.718568,24.091648,4.119761,223.900075
3.160000,1.052135,59.961866,-7.046500,1.063817,59.966768,-4.840599,1.047592,59.964843,-7.309126,1.023848,59.961892,-8.149931,1.024082,59.960644,-7.252606,1.026107,59.960514,-6.674750,1.016136,59.960168,-8.549008,1.014866,59.960092,-8.971306,1.034731,59.959439,-8.670994,1.034791,59.960460,-4.523029,1.030838,59.960492,-5.255421,1.020859,59.960692,-5.230384,1.032595,59.960909,-5.114573,1.030857,59.961993,-6.489170,1.034095,59.964443,-6.647887,1.048097,59.965867,-5.343838,1.049805,59.965926,-6.206883,1.047921,59.965409,-6.999105,1.059853,59.968432,-1.117046,0.997278,59.969731,-2.116522,1.048104,59.966485,-3.257681,1.063051,59.967626,0.613457,1.058592,59.967576,0.436301,1.053105,59.965902,-5.242311,1.071786,59.968583,-3.516413,1.062900,59.968758,-4.307141,1.051997,59.967128,-6.189492,1.051907,59.971966,-0.758067,1.048020,59.973713,1.860623,1.064046,59.968890,-2.944510,0.992441,59.960235,0.361134,0.992904,59.957925,2.447634,1.003360,59.969094,3.375531,1.010185,59.973037,2.347933,1.057093,59.968876,4.968860,1.071421,59.969592,7.298820,1.040999,59.972283,2.452572,1.015956,59.978134,8.570138,1.027886,59.959020,-8.403755,0.999301,0.999326,0.999164,0.999466,0.999709,0.999688,1.000010,0.999559,-42.121456,0.000000,4.855328,9.977544,4.158630,11.732410,23.914002,-39.499312,288.383297,447.800150,209.391350,467.503357,6.717002,286.592096,294.652499,141.504847,562.436988,245.394482,221.661074,276.382253,200.614467,124.488442,251.663684,184.493662,253.902685,8.239523,988.742731,2.149441,164.790455,75.230425,157.625653,78.812826,137.026846,28.927890,26.868009,92.246831,102.994034,75.767785,-82.574348,42.272334,15.225205,67.617823,24.718568,24.091648,4.119761,223.900075
3.180000,1.051721,59.962153,-7.107981,1.062990,59.967374,-4.865324,1.046703,59.965455,-7.347701,1.023064,59.962386,-8.210316,1.023392,59.960980,-7.322703,1.025424,59.960822,-6.745905,1.015475,59.960487,-8.622606,1.014219,59.960411,-9.045454,1.034395,59.959616,-8.750470,1.034104,59.960883,-4.594070,1.030151,59.960878,-5.326391,1.020141,59.961113,-5.299756,1.031878,59.961365,-5.182222,1.030064,59.962539,-6.548597,1.033122,59.965271,-6.688378,1.047067,59.966801,-5.373589,1.048769,59.966617,-6.237303,1.046938,59.966075,-7.033364,1.058851,59.970111,-1.124955,0.996286,59.971721,-2.113652,1.047036,59.967398,-3.283078,1.061975,59.968497,0.596092,1.057509,59.968452,0.418600,1.052067,59.966837,-5.271805,1.070944,59.968866,-3.529511,1.061675,59.968638,-4.320812,1.050845,59.967402,-6.213133,1.050350,59.970865,-0.753057,1.046392,59.972230,1.876492,1.063357,59.970113,-2.951156,0.991841,59.959952,0.285282,0.992402,59.958367,2.358387,1.002510,59.971061,3.373675,1.009190,59.975394,2.376295,1.056061,59.969693,4.960251,1.070344,59.970402,7.295338,1.040243,59.972187,2.464435,1.014274,59.975761,8.613839,1.027772,59.959098,-8.486684,0.999300,0.999292,0.999171,0.999521,0.999778,0.999676,0.999920,0.999616,-42.124878,0.000000,4.793964,10.057232,4.346793,11.893684,24.197756,-39.378773,288.383297,447.800150,209.391350,467.503357,6.717002,286.592096,294.652499,141.504847,562.436988,245.394482,221.661074,276.382253,200.614467,124.488442,251.663684,184.493662,253.902685,8.239523,988.742731,2.149441,164.790455,75.230425,157.625653,78.812826,137.026846,28.927890,26.868009,92.246831,102.994034,75.767785,-82.574348,42.272334,15.225205,67.617823,24.718568,24.091648,4.119761,223.900075
3.200000,1.051326,59.962427,-7.170706,1.062212,59.967913,-4.889234,1.045865,59.966035,-7.385261,1.022323,59.962900,-8.270303,1.022740,59.961362,-7.393423,1.024781,59.961182,-6.817862,1.014851,59.960854,-8.696944,1.013609,59.960775,-9.120350,1.034077,59.959821,-8.831796,1.033455,59.961368,-4.665032,1.029501,59.961322,-5.397570,1.019462,59.961590,-5.369092,1.031201,59.961874,-5.249597,1.029314,59.963111,-6.607224,1.032195,59.966079,-6.726244,1.046086,59.967692,-5.400052,1.047791,59.967267,-6.266180,1.046009,59.966704,-7.066242,1.057885,59.971702,-1.124411,0.995324,59.973575,-2.100301,1.046020,59.968266,-3.305346,1.060951,59.969319,0.581530,1.056478,59.969280,0.403744,1.051078,59.967728,-5.298009,1.070146,59.969071,-3.544176,1.060549,59.968471,-4.338812,1.049775,59.967633,-6.238243,1.048947,59.969732,-0.759383,1.044929,59.970715,1.878274,1.062693,59.971223,-2.952746,0.991279,59.959765,0.204568,0.991926,59.958950,2.269709,1.001694,59.972951,3.382403,1.008223,59.977546,2.417470,1.055079,59.970459,4.954048,1.069321,59.971156,7.294189,1.039523,59.971964,2.471773,1.012761,59.973353,8.637019,1.027663,59.959195,-8.572218,0.999300,0.999261,0.999184,0.999576,0.999840,0.999659,0.999829,0.999669,-42.114465,0.000000,4.751100,10.174993,4.577449,12.062808,24.456396,-39.220395,288.383297,447.800150,209.391350,467.503357,6.717002,286.592096,294.652499,141.504847,562.436988,245.394482,221.661074,276.382253,200.614467,124.488442,251.663684,184.493662,253.902685,8.239523,988.742731,2.149441,164.790455,75.230425,157.625653,78.812826,137.026846,28.927890,26.868009,92.246831,102.994034,75.767785,-82.574348,42.272334,15.225205,67.617823,24.718568,24.091648,4.119761,223.900075
3.220000,1.050953,59.962684,-7.234480,1.061486,59.968381,-4.912527,1.045077,59.966574,-7.421770,1.021626,59.963427,-8.329473,1.022127,59.961785,-7.464148,1.024175,59.961589,-6.889960,1.014264,59.961263,-8.771392,1.013034,59.961181,-9.195378,1.033777,59.960055,-8.914462,1.032841,59.961910,-4.735187,1.028889,59.961820,-5.468252,1.018821,59.962116,-5.437715,1.030561,59.962428,-5.316049,1.028606,59.963700,-6.664597,1.031316,59.966853,-6.761388,1.045155,59.968528,-5.423286,1.046872,59.967868,-6.293535,1.045137,59.967287,-7.097738,1.056957,59.973181,-1.115849,0.994397,59.975268,-2.077260,1.045056,59.969078,-3.324555,1.059980,59.970083,0.569685,1.055500,59.970049,0.391644,1.050140,59.968564,-5.320982,1.069392,59.969200,-3.560656,1.059524,59.968263,-4.361147,1.048789,59.967821,-6.264830,1.047701,59.968585,-0.776887,1.043633,59.969194,1.866161,1.062055,59.972200,-2.949878,0.990755,59.959683,0.120030,0.991473,59.959666,2.182885,1.000912,59.974736,3.401338,1.007287,59.979467,2.470170,1.054148,59.971164,4.950148,1.068354,59.971847,7.295246,1.038841,59.971632,2.474063,1.011423,59.970950,8.639918,1.027559,59.959311,-8.659915,0.999300,0.999234,0.999203,0.999631,0.999895,0.999637,0.999737,0.999716,-42.091663,0.000000,4.727682,10.329112,4.845950,12.236224,24.688020,-39.027697,288.383297,447.800150,209.391350,467.503357,6.717002,286.592096,294.652499,141.504847,562.436988,245.394482,221.661074,276.382253,200.614467,124.488442,251.663684,184.493662,253.902685,8.239523,988.742731,2.149441,164.790455,75.230425,157.625653,78.812826,137.026846,28.927890,26.868009,92.246831,102.994034,75.767785,-82.574348,42.272334,15.225205,67.617823,24.718568,24.091648,4.119761,223.900075
3.240000,1.050602,59.962923,-7.299101,1.060811,59.968770,-4.935420,1.044341,59.967066,-7.457227,1.020970,59.963959,-8.387437,1.021551,59.962246,-7.534274,1.023605,59.962039,-6.961551,1.013712,59.961711,-8.845334,1.012493,59.961623,-9.269934,1.033494,59.960314,-8.997949,1.032262,59.962501,-4.803834,1.028311,59.962363,-5.537760,1.018216,59.962684,-5.504977,1.029957,59.963019,-5.380961,1.027938,59.964299,-6.720299,1.030485,59.967582,-6.793772,1.044274,59.969297,-5.443416,1.046013,59.968412,-6.319433,1.044322,59.967816,-7.127890,1.056068,59.974526,-1.099847,0.993505,59.976776,-2.045468,1.044144,59.969822,-3.340838,1.059062,59.970778,0.560416,1.054576,59.970749,0.382156,1.049253,59.969333,-5.340853,1.068683,59.969255,-3.579159,1.058601,59.968018,-4.387769,1.047887,59.967962,-6.292893,1.046613,59.967442,-0.805258,1.042507,59.967689,1.840536,1.061443,59.973029,-2.943251,0.990266,59.959711,0.032776,0.991041,59.960500,2.099138,1.000165,59.976386,3.429915,1.006387,59.981134,2.532952,1.053268,59.971802,4.948408,1.067440,59.972467,7.298344,1.038197,59.971212,2.470936,1.010261,59.968590,8.623072,1.027460,59.959445,-8.749315,0.999300,0.999212,0.999227,0.999684,0.999942,0.999613,0.999647,0.999758,-42.058200,0.000000,4.724215,10.517126,5.147026,12.410482,24.891033,-38.804915,288.383297,447.800150,209.391350,467.503357,6.717002,286.592096,294.652499,141.504847,562.436988,245.394482,221.661074,276.382253,200.614467,124.488442,251.663684,184.493662,253.902685,8.239523,988.742731,2.149441,164.790455,75.230425,157.625653,78.812826,137.026846,28.927890,26.868009,92.246831,102.994034,75.767785,-82.574348,42.272334,15.225205,67.617823,24.718568,24.091648,4.119761,223.900075
3.260000,1.050272,59.963142,-7.364362,1.060186,59.969079,-4.958143,1.043655,59.967504,-7.491655,1.020353,59.964490,-8.443842,1.021008,59.962736,-7.603221,1.023069,59.962525,-7.032010,1.013191,59.962191,-8.918176,1.011983,59.962096,-9.343440,1.033227,59.960596,-9.081739,1.031714,59.963131,-4.870320,1.027765,59.962945,-5.605450,1.017644,59.963285,-5.570271,1.029385,59.963638,-5.443759,1.027307,59.964897,-6.773958,1.029700,59.968256,-6.823418,1.043443,59.969987,-5.460632,1.045212,59.968891,-6.343977,1.043562,59.968285,-7.156774,1.055218,59.975718,-1.077112,0.992650,59.978080,-2.005998,1.043284,59.970487,-3.354387,1.058195,59.971395,0.553533,1.053704,59.971370,0.375086,1.048415,59.970023,-5.357811,1.068018,59.969241,-3.599852,1.057777,59.967740,-4.418579,1.047068,59.968055,-6.322429,1.045679,59.966320,-0.844047,1.041546,59.966223,1.801966,1.060856,59.973697,-2.933648,0.989811,59.959852,-0.056040,0.990626,59.961440,2.019609,0.999452,59.977874,3.467384,1.005523,59.982530,2.604251,1.052436,59.972363,4.948648,1.066579,59.973009,7.303284,1.037592,59.970721,2.462183,1.009273,59.966308,8.587292,1.027367,59.959598,-8.839937,0.999301,0.999195,0.999256,0.999734,0.999980,0.999587,0.999560,0.999794,-42.016044,0.000000,4.740754,10.735856,5.474906,12.582306,25.064165,-38.556918,288.383297,447.800150,209.391350,467.503357,6.717002,286.592096,294.652499,141.504847,562.436988,245.394482,221.661074,276.382253,200.614467,124.488442,251.663684,184.493662,253.902685,8.239523,988.742731,2.149441,164.790455,75.230425,157.625653,78.812826,137.026846,28.927890,26.868009,92.246831,102.994034,75.767785,-82.574348,42.272334,15.225205,67.617823,24.718568,24.091648,4.119761,223.900075
3.280000,1.049963,59.963340,-7.430053,1.059609,59.969304,-4.980932,1.043017,59.967882,-7.525111,1.019773,59.965012,-8.498376,1.020495,59.963249,-7.670444,1.022563,59.963041,-7.100744,1.012700,59.962696,-8.989358,1.011502,59.962592,-9.415348,1.032974,59.960898,-9.165319,1.031193,59.963790,-4.934045,1.027246,59.963556,-5.670729,1.017102,59.963909,-5.633040,1.028844,59.964275,-5.503926,1.026711,59.965488,-6.825251,1.028959,59.968866,-6.850409,1.042659,59.970589,-5.475183,1.044466,59.969298,-6.367306,1.042854,59.968686,-7.184496,1.054407,59.976739,-1.048466,0.991831,59.979165,-1.960030,1.042472,59.971065,-3.365449,1.057376,59.971926,0.548798,1.052882,59.971905,0.370193,1.047625,59.970624,-5.372111,1.067396,59.969162,-3.622856,1.057049,59.967435,-4.453429,1.046328,59.968099,-6.353426,1.044895,59.965234,-0.892675,1.040746,59.964816,1.751181,1.060293,59.974192,-2.921922,0.989385,59.960107,-0.145239,0.990223,59.962466,1.945332,0.998773,59.979176,3.512828,1.004696,59.983641,2.682410,1.051651,59.972842,4.950648,1.065767,59.973466,7.309836,1.037024,59.970181,2.447748,1.008454,59.964136,8.533646,1.027279,59.959769,-8.931291,0.999302,0.999183,0.999289,0.999780,1.000009,0.999560,0.999476,0.999822,-41.967360,0.000000,4.776904,10.981471,5.823436,12.748643,25.206474,-38.289103,288.383297,447.800150,209.391350,467.503357,6.717002,286.592096,294.652499,141.504847,562.436988,245.394482,221.661074,276.382253,200.614467,124.488442,251.663684,184.493662,253.902685,8.239523,988.742731,2.149441,164.790455,75.230425,157.625653,78.812826,137.026846,28.927890,26.868009,92.246831,102.994034,75.767785,-82.574348,42.272334,15.225205,67.617823,24.718568,24.091648,4.119761,223.900075
3.300000,1.049674,59.963516,-7.495960,1.059077,59.969444,-5.004026,1.042422,59.968196,-7.557671,1.019225,59.965516,-8.550768,1.020010,59.963778,-7.735439,1.022082,59.963578,-7.167201,1.012233,59.963219,-9.058359,1.011045,59.963104,-9.485149,1.032735,59.961217,-9.248184,1.030694,59.964468,-4.994472,1.026752,59.964186,-5.733057,1.016585,59.964547,-5.692786,1.028327,59.964921,-5.561000,1.026146,59.966061,-6.873908,1.028258,59.969401,-6.874881,1.041919,59.971094,-5.487373,1.043773,59.969628,-6.389590,1.042196,59.969015,-7.211195,1.053633,59.977575,-1.014833,0.991049,59.980017,-1.908833,1.041705,59.971546,-3.374320,1.056604,59.972365,0.545935,1.052105,59.972347,0.367192,1.046880,59.971128,-5.384055,1.066814,59.969023,-3.648242,1.056411,59.967106,-4.492126,1.045663,59.968094,-6.385866,1.044253,59.964198,-0.950443,1.040100,59.963486,1.689063,1.059752,59.974509,-2.908970,0.988985,59.960474,-0.233639,0.989830,59.963561,1.877224,0.998125,59.980269,3.565175,1.003908,59.984458,2.765710,1.050908,59.973232,4.954158,1.065001,59.973834,7.317741,1.036492,59.969609,2.427730,1.007797,59.962104,8.463434,1.027195,59.959958,-9.022875,0.999303,0.999178,0.999326,0.999821,1.000029,0.999532,0.999398,0.999842,-41.914460,0.000000,4.831838,11.249555,6.186206,12.906708,25.317354,-38.007279,288.383297,447.800150,209.391350,467.503357,6.717002,286.592096,294.652499,141.504847,562.436988,245.394482,221.661074,276.382253,200.614467,124.488442,251.663684,184.493662,253.902685,8.239523,988.742731,2.149441,164.790455,75.230425,157.625653,78.812826,137.026846,28.927890,26.868009,92.246831,102.994034,75.767785,-82.574348,42.272334,15.225205,67.617823,24.718568,24.091648,4.119761,223.900075
3.320000,1.049403,59.963669,-7.561863,1.058586,59.969498,-5.027655,1.041868,59.968442,-7.589433,1.018706,59.965996,-8.600793,1.019546,59.964314,-7.797746,1.021622,59.964129,-7.230879,1.011787,59.963752,-9.124705,1.010609,59.963625,-9.552377,1.032506,59.961550,-9.329847,1.030215,59.965153,-5.051137,1.026277,59.964825,-5.791959,1.016088,59.965189,-5.749074,1.027831,59.965564,-5.614588,1.025607,59.966607,-6.919713,1.027594,59.969855,-6.897018,1.041220,59.971495,-5.497548,1.043128,59.969876,-6.411024,1.041583,59.969266,-7.237030,1.052892,59.978214,-0.977220,0.990303,59.980628,-1.853739,1.040980,59.971926,-3.381337,1.055872,59.972704,0.544628,1.051369,59.972689,0.365767,1.046175,59.971528,-5.393992,1.066270,59.968829,-3.676035,1.055858,59.966760,-4.534428,1.045067,59.968040,-6.419721,1.043743,59.963226,-1.016547,1.039596,59.962251,1.616631,1.059232,59.974643,-2.895717,0.988607,59.960946,-0.320077,0.989441,59.964703,1.816065,0.997506,59.981134,3.623221,1.003157,59.984978,2.852399,1.050204,59.973528,4.958898,1.064276,59.974108,7.326715,1.035992,59.969023,2.402366,1.007292,59.960236,8.378161,1.027117,59.960163,-9.114181,0.999305,0.999179,0.999366,0.999856,1.000040,0.999505,0.999325,0.999854,-41.859752,0.000000,4.904316,11.535192,6.556676,13.054013,25.396548,-37.717550,288.383297,447.800150,209.391350,467.503357,6.717002,286.592096,294.652499,141.504847,562.436988,245.394482,221.661074,276.382253,200.614467,124.488442,251.663684,184.493662,253.902685,8.239523,988.742731,2.149441,164.790455,75.230425,157.625653,78.812826,137.026846,28.927890,26.868009,92.246831,102.994034,75.767785,-82.574348,42.272334,15.225205,67.617823,24.718568,24.091648,4.119761,223.900075
3.340000,1.049150,59.963798,-7.627536,1.058131,59.969468,-5.052039,1.041348,59.968617,-7.620508,1.018209,59.966444,-8.648270,1.019099,59.964849,-7.856962,1.021179,59.964685,-7.291329,1.011358,59.964286,-9.187969,1.010188,59.964146,-9.616616,1.032286,59.961892,-9.409834,1.029749,59.965834,-5.103648,1.025817,59.965463,-5.847026,1.015607,59.965823,-5.801538,1.027351,59.966194,-5.664366,1.025089,59.967118,-6.962507,1.026963,59.970221,-6.917049,1.040557,59.971787,-5.506092,1.042526,59.970039,-6.431821,1.041010,59.969438,-7.262178,1.052184,59.978647,-0.936695,0.989590,59.980993,-1.796118,1.040291,59.972197,-3.386871,1.055176,59.972940,0.544538,1.050671,59.972926,0.365571,1.045506,59.971818,-5.402306,1.065760,59.968587,-3.706210,1.055380,59.966401,-4.580050,1.044533,59.967938,-6.454947,1.043354,59.962329,-1.090084,1.039223,59.961125,1.535023,1.058730,59.974594,-2.883091,0.988245,59.961517,-0.403430,0.989053,59.965871,1.762493,0.996913,59.981758,3.685651,1.002443,59.985201,2.940726,1.049534,59.973726,4.964562,1.063587,59.974284,7.336458,1.035521,59.968440,2.372022,1.006928,59.958557,8.279510,1.027042,59.960385,-9.204700,0.999308,0.999186,0.999407,0.999885,1.000042,0.999480,0.999259,0.999857,-41.805686,0.000000,4.992717,11.833066,6.928295,13.188388,25.444144,-37.426183,288.383297,447.800150,209.391350,467.503357,6.717002,286.592096,294.652499,141.504847,562.436988,245.394482,221.661074,276.382253,200.614467,124.488442,251.663684,184.493662,253.902685,8.239523,988.742731,2.149441,164.790455,75.230425,157.625653,78.812826,137.026846,28.927890,26.868009,92.246831,102.994034,75.767785,-82.574348,42.272334,15.225205,67.617823,24.718568,24.091648,4.119761,223.900075
3.360000,1.048911,59.963906,-7.692746,1.057707,59.969357,-5.077375,1.040860,59.968720,-7.651015,1.017731,59.966853,-8.693063,1.018665,59.965374,-7.912733,1.020748,59.965238,-7.348157,1.010940,59.964814,-9.247781,1.009779,59.964660,-9.677499,1.032072,59.962241,-9.487697,1.029293,59.966499,-5.151694,1.025366,59.966088,-5.897922,1.015136,59.966439,-5.849883,1.026882,59.966800,-5.710077,1.024589,59.967585,-7.002181,1.026359,59.970493,-6.935235,1.039926,59.971965,-5.513413,1.041962,59.970115,-6.452203,1.040472,59.969528,-7.286828,1.051504,59.978869,-0.894370,0.988909,59.981110,-1.737353,1.039635,59.972358,-3.391314,1.054512,59.973070,0.545302,1.050004,59.973057,0.366238,1.044870,59.971996,-5.409405,1.065281,59.968303,-3.738692,1.054970,59.966034,-4.628664,1.044055,59.967790,-6.491484,1.043074,59.961518,-1.170069,1.038968,59.960121,1.445480,1.058242,59.974365,-2.872000,0.987896,59.962178,-0.482633,0.988661,59.967044,1.716992,0.996342,59.982128,3.751066,1.001766,59.985130,3.028965,1.048893,59.973823,4.970831,1.062929,59.974361,7.346652,1.035077,59.967873,2.337175,1.006691,59.957084,8.169317,1.026971,59.960622,-9.293922,0.999311,0.999199,0.999450,0.999907,1.000036,0.999457,0.999201,0.999852,-41.754698,0.000000,5.095078,12.137565,7.294620,13.307996,25.460581,-37.139482,288.383297,447.800150,209.391350,467.503357,6.717002,286.592096,294.652499,141.504847,562.436988,245.394482,221.661074,276.382253,200.614467,124.488442,251.663684,184.493662,253.902685,8.239523,988.742731,2.149441,164.790455,75.230425,157.625653,78.812826,137.026846,28.927890,26.868009,92.246831,102.994034,75.767785,-82.574348,42.272334,15.225205,67.617823,24.718568,24.091648,4.119761,223.900075
3.380000,1.048685,59.963991,-7.757251,1.057309,59.969168,-5.103833,1.040397,59.968750,-7.681076,1.017267,59.967217,-8.735077,1.018240,59.965882,-7.964765,1.020325,59.965776,-7.401034,1.010529,59.965327,-9.303825,1.009377,59.965159,-9.734714,1.031864,59.962591,-9.563009,1.028841,59.967135,-5.195041,1.024922,59.966690,-5.944383,1.014672,59.967026,-5.893886,1.026420,59.967372,-5.751542,1.024101,59.968002,-7.038681,1.025779,59.970668,-6.951862,1.039323,59.972029,-5.519933,1.041429,59.970104,-6.472396,1.039964,59.969536,-7.311168,1.050850,59.978878,-0.851375,0.988258,59.980982,-1.678819,1.039005,59.972407,-3.395074,1.053875,59.973092,0.546546,1.049363,59.973079,0.367389,1.044261,59.972058,-5.415713,1.064827,59.967982,-3.773361,1.054619,59.965665,-4.679900,1.043624,59.967599,-6.529254,1.042888,59.960801,-1.255443,1.038815,59.959250,1.349333,1.057768,59.973962,-2.863311,0.987554,59.962915,-0.556699,0.988262,59.968197,1.679891,0.995791,59.982237,3.818005,1.001123,59.984776,3.115444,1.048276,59.973818,4.977371,1.062295,59.974336,7.356974,1.034655,59.967334,2.298398,1.006566,59.955833,8.049540,1.026903,59.960873,-9.381341,0.999315,0.999218,0.999493,0.999921,1.000021,0.999437,0.999151,0.999839,-41.709157,0.000000,5.209141,12.442896,7.649425,13.411335,25.446649,-36.863651,288.383297,447.800150,209.391350,467.503357,6.717002,286.592096,294.652499,141.504847,562.436988,245.394482,221.661074,276.382253,200.614467,124.488442,251.663684,184.493662,253.902685,8.239523,988.742731,2.149441,164.790455,75.230425,157.625653,78.812826,137.026846,28.927890,26.868009,92.246831,102.994034,75.767785,-82.574348,42.272334,15.225205,67.617823,24.718568,24.091648,4.119761,223.900075
3.400000,1.048470,59.964055,-7.820804,1.056933,59.968906,-5.131551,1.039954,59.968709,-7.710808,1.016813,59.967532,-8.774257,1.017818,59.966363,-8.012823,1.019904,59.966293,-7.449692,1.010122,59.965816,-9.355843,1.008979,59.965635,-9.788003,1.031658,59.962940,-9.635368,1.028390,59.967734,-5.233536,1.024478,59.967259,-5.986219,1.014210,59.967574,-5.933396,1.025961,59.967900,-5.788646,1.023620,59.968362,-7.072001,1.025218,59.970745,-6.967236,1.038742,59.971978,-5.526079,1.040924,59.970008,-6.492621,1.039480,59.969462,-7.335384,1.050219,59.978674,-0.808840,0.987635,59.980615,-1.621853,1.038399,59.972342,-3.398560,1.053259,59.973006,0.547895,1.048745,59.972993,0.368646,1.043674,59.972006,-5.421656,1.064395,59.967630,-3.810049,1.054316,59.965299,-4.733352,1.043232,59.967367,-6.568153,1.042782,59.960187,-1.345086,1.038750,59.958520,1.247978,1.057303,59.973396,-2.857830,0.987215,59.963715,-0.624732,0.987853,59.969311,1.651362,0.995255,59.982084,3.884984,1.000514,59.984149,3.198569,1.047679,59.973710,4.983846,1.061682,59.974211,7.367097,1.034251,59.966832,2.256334,1.006539,59.954814,7.922230,1.026837,59.961138,-9.466459,0.999319,0.999242,0.999536,0.999927,0.999999,0.999420,0.999109,0.999818,-41.671312,0.000000,5.332403,12.743209,7.986806,13.497237,25.403478,-36.604668,288.383297,447.800150,209.391350,467.503357,6.717002,286.592096,294.652499,141.504847,562.436988,245.394482,221.661074,276.382253,200.614467,124.488442,251.663684,184.493662,253.902685,8.239523,988.742731,2.149441,164.790455,75.230425,157.625653,78.812826,137.026846,28.927890,26.868009,92.246831,102.994034,75.767785,-82.574348,42.272334,15.225205,67.617823,24.718568,24.091648,4.119761,223.900075
3.420000,1.048264,59.964100,-7.883146,1.056571,59.968576,-5.160628,1.039527,59.968598,-7.740319,1.016363,59.967791,-8.810584,1.017396,59.966811,-8.056726,1.019482,59.966780,-7.493925,1.009714,59.966276,-9.403632,1.008580,59.966081,-9.837161,1.031452,59.963284,-9.704401,1.027936,59.968283,-5.267103,1.024032,59.967785,-6.023311,1.013746,59.968075,-5.968331,1.025500,59.968376,-5.821344,1.023143,59.968658,-7.102177,1.024671,59.970723,-6.981668,1.038180,59.971814,-5.532268,1.040440,59.969827,-6.513086,1.039015,59.969310,-7.359649,1.049609,59.978264,-0.767871,0.987038,59.980018,-1.567737,1.037811,59.972167,-3.402174,1.052660,59.972813,0.548977,1.048143,59.972800,0.369633,1.043106,59.971840,-5.427651,1.063982,59.967253,-3.848549,1.054054,59.964940,-4.788577,1.042872,59.967098,-6.608055,1.042741,59.959680,-1.437835,1.038757,59.957938,1.142864,1.056846,59.972678,-2.856280,0.986875,59.964564,-0.685942,0.987431,59.970364,1.631425,0.994733,59.981670,3.950518,0.999938,59.983265,3.276850,1.047096,59.973501,4.989921,1.061085,59.973985,7.376702,1.033862,59.966373,2.211679,1.006593,59.954036,7.789498,1.026773,59.961414,-9.548785,0.999324,0.999272,0.999577,0.999925,0.999969,0.999407,0.999077,0.999789,-41.643240,0.000000,5.462173,13.032713,8.301272,13.564855,25.332532,-36.368163,288.383297,447.800150,209.391350,467.503357,6.717002,286.592096,294.652499,141.504847,562.436988,245.394482,221.661074,276.382253,200.614467,124.488442,251.663684,184.493662,253.902685,8.239523,988.742731,2.149441,164.790455,75.230425,157.625653,78.812826,137.026846,28.927890,26.868009,92.246831,102.994034,75.767785,-82.574348,42.272334,15.225205,67.617823,24.718568,24.091648,4.119761,223.900075
3.440000,1.048066,59.964128,-7.944011,1.056221,59.968186,-5.191122,1.039111,59.968419,-7.769703,1.015914,59.967992,-8.844070,1.016971,59.967217,-8.096354,1.019056,59.967228,-7.533590,1.009302,59.966697,-9.447047,1.008178,59.966490,-9.882039,1.031246,59.963619,-9.769765,1.027475,59.968774,-5.295740,1.023580,59.968259,-6.055611,1.013277,59.968519,-5.998679,1.025034,59.968790,-5.849656,1.022667,59.968887,-7.129287,1.024136,59.970603,-6.995467,1.037634,59.971540,-5.538903,1.039973,59.969567,-6.533977,1.038565,59.969083,-7.384118,1.049016,59.977654,-0.729529,0.986465,59.979204,-1.517673,1.037237,59.971885,-3.406303,1.052074,59.972517,0.549435,1.047555,59.972503,0.369993,1.042553,59.971565,-5.434099,1.063583,59.966858,-3.888615,1.053822,59.964593,-4.845102,1.042537,59.966797,-6.648805,1.042751,59.959286,-1.532496,1.038820,59.957506,1.035467,1.056394,59.971824,-2.859287,0.986529,59.965444,-0.739656,0.986992,59.971336,1.619950,0.994221,59.981002,4.013154,0.999392,59.982143,3.348917,1.046525,59.973192,4.995272,1.060498,59.973663,7.385478,1.033483,59.965961,2.165162,1.006712,59.953500,7.653488,1.026710,59.961700,-9.627844,0.999329,0.999306,0.999617,0.999915,0.999933,0.999397,0.999053,0.999754,-41.626802,0.000000,5.595635,13.305805,8.587832,13.613653,25.235596,-36.159298,288.383297,447.800150,209.391350,467.503357,6.717002,286.592096,294.652499,141.504847,562.436988,245.394482,221.661074,276.382253,200.614467,124.488442,251.663684,184.493662,253.902685,8.239523,988.742731,2.149441,164.790455,75.230425,157.625653,78.812826,137.026846,28.927890,26.868009,92.246831,102.994034,75.767785,-82.574348,42.272334,15.225205,67.617823,24.718568,24.091648,4.119761,223.900075
3.460000,1.047873,59.964140,-8.003123,1.055877,59.967743,-5.223042,1.038701,59.968177,-7.799033,1.015464,59.968132,-8.874759,1.016538,59.967576,-8.131640,1.018623,59.967630,-7.568607,1.008883,59.967074,-9.485998,1.007769,59.966855,-9.922537,1.031037,59.963941,-9.831145,1.027004,59.969197,-5.319517,1.023120,59.968673,-6.083140,1.012799,59.968899,-6.024488,1.024561,59.969137,-5.873661,1.022188,59.969045,-7.153443,1.023609,59.970388,-7.008936,1.037099,59.971162,-5.546356,1.039518,59.969232,-6.555458,1.038126,59.968784,-7.408922,1.048439,59.976855,-0.694809,0.985915,59.978188,-1.472762,1.036674,59.971500,-3.411305,1.051498,59.972121,0.548936,1.046977,59.972106,0.369389,1.042012,59.971186,-5.441373,1.063195,59.966449,-3.929968,1.053611,59.964262,-4.902428,1.042220,59.966469,-6.690224,1.042798,59.959006,-1.627858,1.038925,59.957228,0.927278,1.055944,59.970852,-2.867361,0.986175,59.966340,-0.785325,0.986537,59.972210,1.616666,0.993718,59.980090,4.071503,0.998875,59.980804,3.413542,1.045963,59.972788,4.999596,1.059920,59.973247,7.393136,1.033113,59.965597,2.117519,1.006880,59.953208,7.516344,1.026648,59.961996,-9.703173,0.999335,0.999344,0.999653,0.999896,0.999892,0.999390,0.999038,0.999712,-41.623599,0.000000,5.729904,13.557183,8.842062,13.643383,25.114751,-35.982668,288.383297,447.800150,209.391350,467.503357,6.717002,286.592096,294.652499,141.504847,562.436988,245.394482,221.661074,276.382253,200.614467,124.488442,251.663684,184.493662,253.902685,8.239523,988.742731,2.149441,164.790455,75.230425,157.625653,78.812826,137.026846,28.927890,26.868009,92.246831,102.994034,75.767785,-82.574348,42.272334,15.225205,67.617823,24.718568,24.091648,4.119761,223.900075
3.480000,1.047684,59.964138,-8.060201,1.055535,59.967254,-5.256353,1.038295,59.967877,-7.828360,1.015009,59.968208,-8.902717,1.016097,59.967882,-8.162569,1.018180,59.967979,-7.598952,1.008455,59.967401,-9.520445,1.007351,59.967173,-9.958606,1.030825,59.964249,-9.888259,1.026523,59.969546,-5.338566,1.022648,59.969020,-6.105978,1.012310,59.969208,-6.045867,1.024078,59.969409,-5.893494,1.021704,59.969129,-7.174785,1.023087,59.970082,-7.022356,1.036573,59.970686,-5.554963,1.039071,59.968827,-6.577658,1.037693,59.968420,-7.434164,1.047877,59.975883,-0.664619,0.985387,59.976989,-1.433989,1.036119,59.971019,-3.417505,1.050929,59.971633,0.547176,1.046405,59.971617,0.367518,1.041479,59.970710,-5.449808,1.062816,59.966031,-3.972298,1.053415,59.963951,-4.960036,1.041913,59.966117,-6.732104,1.042868,59.958840,-1.722714,1.039056,59.957100,0.819775,1.055495,59.969780,-2.880886,0.985809,59.967233,-0.822535,0.986063,59.972968,1.621171,0.993221,59.978951,4.124265,0.998387,59.979272,3.469655,1.045406,59.972294,5.002611,1.059346,59.972743,7.399409,1.032748,59.965280,2.069478,1.007082,59.953153,7.380176,1.026587,59.962298,-9.774331,0.999341,0.999384,0.999686,0.999871,0.999845,0.999387,0.999032,0.999665,-41.634937,0.000000,5.862097,13.781966,9.060168,13.654067,24.972355,-35.842198,288.383297,447.800150,209.391350,467.503357,6.717002,286.592096,294.652499,141.504847,562.436988,245.394482,221.661074,276.382253,200.614467,124.488442,251.663684,184.493662,253.902685,8.239523,988.742731,2.149441,164.790455,75.230425,157.625653,78.812826,137.026846,28.927890,26.868009,92.246831,102.994034,75.767785,-82.574348,42.272334,15.225205,67.617823,24.718568,24.091648,4.119761,223.900075
3.500000,1.047497,59.964126,-8.114958,1.055191,59.966729,-5.290969,1.037889,59.967524,-7.857709,1.014547,59.968220,-8.928031,1.015645,59.968129,-8.189177,1.017725,59.968270,-7.624660,1.008016,59.967673,-9.550401,1.006923,59.967437,-9.990245,1.030609,59.964538,-9.940855,1.026029,59.969814,-5.353081,1.022165,59.969293,-6.124266,1.011810,59.969441,-6.062976,1.023584,59.969602,-5.909336,1.021212,59.969137,-7.193477,1.022569,59.969690,-7.035985,1.036054,59.970122,-5.565017,1.038630,59.968360,-6.600673,1.037263,59.967997,-7.459916,1.047329,59.974753,-0.639765,0.984879,59.975629,-1.402206,1.035570,59.970450,-3.425185,1.050365,59.971058,0.543892,1.045839,59.971042,0.364115,1.040953,59.970144,-5.459695,1.062441,59.965609,-4.015277,1.053225,59.963664,-5.017397,1.041612,59.965748,-6.774215,1.042949,59.958786,-1.815873,1.039200,59.957120,0.714404,1.055046,59.968630,-2.900110,0.985430,59.968107,-0.851008,0.985570,59.973597,1.632945,0.992729,59.977605,4.170264,0.997926,59.977573,3.516354,1.044852,59.971716,5.004070,1.058776,59.972157,7.404064,1.032385,59.965007,2.021740,1.007304,59.953328,7.247037,1.026526,59.962607,-9.840898,0.999347,0.999428,0.999715,0.999837,0.999794,0.999388,0.999034,0.999614,-41.661795,0.000000,5.989388,13.975792,9.239030,13.645973,24.811011,-35.741071,288.383297,447.800150,209.391350,467.503357,6.717002,286.592096,294.652499,141.504847,562.436988,245.394482,221.661074,276.382253,200.614467,124.488442,251.663684,184.493662,253.902685,8.239523,988.742731,2.149441,164.790455,75.230425,157.625653,78.812826,137.026846,28.927890,26.868009,92.246831,102.994034,75.767785,-82.574348,42.272334,15.225205,67.617823,24.718568,24.091648,4.119761,223.900075
3.520000,1.047313,59.964105,-8.167102,1.054844,59.966176,-5.326756,1.037480,59.967123,-7.887077,1.014076,59.968168,-8.950805,1.015182,59.968313,-8.211546,1.017258,59.968497,-7.645816,1.007566,59.967885,-9.575924,1.006484,59.967643,-10.017498,1.030388,59.964807,-9.988717,1.025522,59.969997,-5.363307,1.021669,59.969488,-6.138194,1.011297,59.969594,-6.076026,1.023078,59.969713,-5.921414,1.020713,59.969071,-7.209704,1.022053,59.969220,-7.050048,1.035540,59.969477,-5.576758,1.038191,59.967839,-6.624559,1.036834,59.967521,-7.486211,1.046793,59.973486,-0.620934,0.984391,59.974129,-1.378118,1.035025,59.969802,-3.434577,1.049805,59.970407,0.538862,1.045276,59.970389,0.358960,1.040432,59.969500,-5.471274,1.062069,59.965187,-4.058554,1.053034,59.963401,-5.073973,1.041312,59.965366,-6.816302,1.043028,59.958842,-1.906179,1.039344,59.957282,0.612562,1.054594,59.967424,-2.925136,0.985035,59.968944,-0.870604,0.985059,59.974085,1.651362,0.992242,59.976074,4.208467,0.997491,59.975734,3.552916,1.044301,59.971063,5.003766,1.058206,59.971497,7.406904,1.032022,59.964774,1.974963,1.007530,59.953720,7.118885,1.026465,59.962920,-9.902480,0.999354,0.999472,0.999738,0.999798,0.999740,0.999390,0.999045,0.999560,-41.704800,0.000000,6.109071,14.134920,9.376239,13.619594,24.633537,-35.681664,288.383297,447.800150,209.391350,467.503357,6.717002,286.592096,294.652499,141.504847,562.436988,245.394482,221.661074,276.382253,200.614467,124.488442,251.663684,184.493662,253.902685,8.239523,988.742731,2.149441,164.790455,75.230425,157.625653,78.812826,137.026846,28.927890,26.868009,92.246831,102.994034,75.767785,-82.574348,42.272334,15.225205,67.617823,24.718568,24.091648,4.119761,223.900075
3.540000,1.047128,59.964078,-8.216341,1.054489,59.965603,-5.363534,1.037067,59.966682,-7.916431,1.013597,59.968052,-8.971157,1.014705,59.968431,-8.229801,1.016778,59.968656,-7.662557,1.007103,59.968035,-9.597116,1.006033,59.967789,-10.040450,1.030162,59.965053,-10.031662,1.025001,59.970090,-5.369537,1.021159,59.969601,-6.148002,1.010771,59.969663,-6.085265,1.022559,59.969739,-5.929990,1.020205,59.968930,-7.223661,1.021537,59.968679,-7.064736,1.035030,59.968764,-5.590368,1.037753,59.967271,-6.649329,1.036404,59.967002,-7.513049,1.046269,59.972102,-0.608680,0.983922,59.972515,-1.362274,1.034484,59.969087,-3.445860,1.049247,59.969688,0.531916,1.044715,59.969670,0.351885,1.039914,59.968786,-5.484727,1.061698,59.964769,-4.101770,1.052837,59.963167,-5.129232,1.041007,59.964976,-6.858092,1.043096,59.959002,-1.992530,1.039476,59.957577,0.515572,1.054140,59.966185,-2.955925,0.984623,59.969727,-0.881322,0.984530,59.974423,1.675706,0.991760,59.974386,4.238010,0.997082,59.973784,3.578805,1.043752,59.970342,5.001534,1.057638,59.970772,7.407777,1.031659,59.964575,1.929748,1.007750,59.954315,6.997562,1.026404,59.963235,-9.958713,0.999361,0.999517,0.999757,0.999753,0.999684,0.999396,0.999063,0.999504,-41.764214,0.000000,6.218618,14.256302,9.470114,13.575626,24.442922,-35.665498,288.383297,447.800150,209.391350,467.503357,6.717002,286.592096,294.652499,141.504847,562.436988,245.394482,221.661074,276.382253,200.614467,124.488442,251.663684,184.493662,253.902685,8.239523,988.742731,2.149441,164.790455,75.230425,157.625653,78.812826,137.026846,28.927890,26.868009,92.246831,102.994034,75.767785,-82.574348,42.272334,15.225205,67.617823,24.718568,24.091648,4.119761,223.900075
3.560000,1.046944,59.964047,-8.262388,1.054126,59.965021,-5.401077,1.036647,59.966208,-7.945711,1.013108,59.967876,-8.989213,1.014217,59.968481,-8.244105,1.016285,59.968745,-7.675062,1.006628,59.968119,-9.614120,1.005570,59.967873,-10.059224,1.029931,59.965274,-10.069540,1.024467,59.970092,-5.372098,1.020636,59.969630,-6.153969,1.010232,59.969648,-6.090980,1.022029,59.969680,-5.935355,1.019688,59.968717,-7.235552,1.021022,59.968077,-7.080197,1.034525,59.967994,-5.605973,1.037314,59.966665,-6.674957,1.035971,59.966446,-7.540390,1.045759,59.970626,-0.603414,0.983473,59.970813,-1.355057,1.033947,59.968314,-3.459153,1.048691,59.968913,0.522940,1.044157,59.968894,0.342773,1.039401,59.968015,-5.500178,1.061326,59.964358,-4.144557,1.052628,59.962960,-5.182649,1.040696,59.964584,-6.899297,1.043141,59.959257,-2.073892,1.039585,59.957994,0.424665,1.053682,59.964935,-2.992290,0.984194,59.970441,-0.883299,0.983985,59.974605,1.705188,0.991282,59.972571,4.258215,0.996699,59.971753,3.593676,1.043205,59.969565,4.997261,1.057070,59.969991,7.406577,1.031292,59.964403,1.886630,1.007950,59.955093,6.884761,1.026342,59.963552,-10.009265,0.999368,0.999562,0.999771,0.999703,0.999625,0.999403,0.999088,0.999447,-41.839924,0.000000,6.315732,14.337657,9.519717,13.514944,24.242290,-35.693212,288.383297,447.800150,209.391350,467.503357,6.717002,286.592096,294.652499,141.504847,562.436988,245.394482,221.661074,276.382253,200.614467,124.488442,251.663684,184.493662,253.902685,8.239523,988.742731,2.149441,164.790455,75.230425,157.625653,78.812826,137.026846,28.927890,26.868009,92.246831,102.994034,75.767785,-82.574348,42.272334,15.225205,67.617823,24.718568,24.091648,4.119761,223.900075
3.580000,1.046759,59.964016,-8.304958,1.053753,59.964438,-5.439121,1.036222,59.965707,-7.974825,1.012610,59.967640,-9.005107,1.013717,59.968462,-8.254656,1.015780,59.968762,-7.683552,1.006142,59.968137,-9.627115,1.005097,59.967894,-10.073979,1.029696,59.965470,-10.102240,1.023922,59.970003,-5.371353,1.020102,59.969574,-6.156407,1.009682,59.969549,-6.093484,1.021488,59.969537,-5.937825,1.019164,59.968436,-7.245586,1.020508,59.967422,-7.096534,1.034023,59.967179,-5.623631,1.036873,59.966032,-6.701375,1.035534,59.965863,-7.568158,1.045262,59.969081,-0.605400,0.983043,59.969050,-1.356683,1.033412,59.967497,-3.474515,1.048139,59.968093,0.511875,1.043601,59.968074,0.331570,1.038891,59.967200,-5.517684,1.060953,59.963959,-4.186549,1.052403,59.962783,-5.233722,1.040374,59.964194,-6.939620,1.043157,59.959600,-2.149314,1.039663,59.958521,0.340962,1.053220,59.963699,-3.033905,0.983746,59.971072,-0.876804,0.983426,59.974627,1.738961,0.990810,59.970661,4.268607,0.996341,59.969670,3.597374,1.042661,59.968743,4.990883,1.056504,59.969166,7.403250,1.030922,59.964251,1.846070,1.008121,59.956034,6.782009,1.026279,59.963867,-10.053841,0.999376,0.999605,0.999778,0.999649,0.999566,0.999411,0.999120,0.999390,-41.931437,0.000000,6.398391,14.377514,9.524844,13.438591,24.034855,-35.764555,288.383297,447.800150,209.391350,467.503357,6.717002,286.592096,294.652499,141.504847,562.436988,245.394482,221.661074,276.382253,200.614467,124.488442,251.663684,184.493662,253.902685,8.239523,988.742731,2.149441,164.790455,75.230425,157.625653,78.812826,137.026846,28.927890,26.868009,92.246831,102.994034,75.767785,-82.574348,42.272334,15.225205,67.617823,24.718568,24.091648,4.119761,223.900075
3.600000,1.046574,59.963986,-8.343779,1.053370,59.963863,-5.477364,1.035789,59.965189,-8.003657,1.012103,59.967350,-9.018977,1.013206,59.968375,-8.261683,1.015264,59.968705,-7.688281,1.005646,59.968088,-9.636313,1.004613,59.967850,-10.084904,1.029456,59.965638,-10.129684,1.023366,59.969824,-5.367686,1.019558,59.969435,-6.155655,1.009122,59.969366,-6.093112,1.020937,59.969311,-5.937732,1.018632,59.968090,-7.253969,1.019995,59.966726,-7.113809,1.033524,59.966332,-5.643340,1.036429,59.965380,-6.728472,1.035093,59.965262,-7.596241,1.044779,59.967494,-0.614744,0.982633,59.967254,-1.367198,1.032882,59.966648,-3.491943,1.047590,59.967240,0.498720,1.043048,59.967221,0.318276,1.038384,59.966353,-5.537243,1.060577,59.963575,-4.227383,1.052159,59.962634,-5.281973,1.040039,59.963810,-6.978756,1.043136,59.960019,-2.217948,1.039701,59.959143,0.265459,1.052755,59.962497,-3.080307,0.983281,59.971605,-0.862232,0.982856,59.974488,1.776138,0.990345,59.968690,4.268921,0.996007,59.967566,3.589934,1.042119,59.967887,4.982396,1.055940,59.968307,7.397794,1.030548,59.964113,1.808450,1.008254,59.957114,6.690640,1.026216,59.964181,-10.092185,0.999383,0.999646,0.999780,0.999592,0.999506,0.999420,0.999156,0.999335,-42.037893,0.000000,6.464893,14.375248,9.486011,13.347752,23.823874,-35.878389,288.383297,447.800150,209.391350,467.503357,6.717002,286.592096,294.652499,141.504847,562.436988,245.394482,221.661074,276.382253,200.614467,124.488442,251.663684,184.493662,253.902685,8.239523,988.742731,2.149441,164.790455,75.230425,157.625653,78.812826,137.026846,28.927890,26.868009,92.246831,102.994034,75.767785,-82.574348,42.272334,15.225205,67.617823,24.718568,24.091648,4.119761,223.900075
3.620000,1.046387,59.963960,-8.378592,1.052976,59.963304,-5.515472,1.035349,59.964661,-8.032065,1.011589,59.967009,-9.030961,1.012686,59.968220,-8.265440,1.014738,59.968576,-7.689539,1.005141,59.967974,-9.641952,1.004122,59.967745,-10.092218,1.029213,59.965779,-10.151833,1.022803,59.969558,-5.361498,1.019005,59.969213,-6.152075,1.008553,59.969102,-6.090217,1.020379,59.969006,-5.935417,1.018096,59.967685,-7.260906,1.019485,59.965999,-7.132033,1.033031,59.965467,-5.665033,1.035983,59.964719,-6.756103,1.034648,59.964652,-7.624494,1.044310,59.965890,-0.631400,0.982242,59.965452,-1.386481,1.032355,59.965780,-3.511371,1.047045,59.966368,0.483535,1.042500,59.966348,0.302952,1.037882,59.965487,-5.558788,1.060197,59.963207,-4.266706,1.051892,59.962514,-5.326962,1.039690,59.963438,-7.016402,1.043072,59.960504,-2.279055,1.039693,59.959844,0.199007,1.052286,59.961352,-3.130911,0.982800,59.972029,-0.840099,0.982277,59.974191,1.815807,0.989887,59.966692,4.259108,0.995698,59.965471,3.571573,1.041582,59.967010,4.971849,1.055379,59.967428,7.390260,1.030170,59.963981,1.774073,1.008342,59.958308,6.611780,1.026153,59.964490,-10.124088,0.999391,0.999684,0.999776,0.999534,0.999447,0.999429,0.999197,0.999282,-42.158073,0.000000,6.513887,14.331088,9.404431,13.243746,23.612599,-36.032722,288.383297,447.800150,209.391350,467.503357,6.717002,286.592096,294.652499,141.504847,562.436988,245.394482,221.661074,276.382253,200.614467,124.488442,251.663684,184.493662,253.902685,8.239523,988.742731,2.149441,164.790455,75.230425,157.625653,78.812826,137.026846,28.927890,26.868009,92.246831,102.994034,75.767785,-82.574348,42.272334,15.225205,67.617823,24.718568,24.091648,4.119761,223.900075
3.640000,1.046200,59.963941,-8.409157,1.052571,59.962770,-5.553090,1.034903,59.964130,-8.059885,1.011070,59.966623,-9.041197,1.012159,59.967999,-8.266203,1.014205,59.968377,-7.687635,1.004629,59.967795,-9.644298,1.003623,59.967578,-10.096163,1.028967,59.965893,-10.168683,1.022235,59.969208,-5.353198,1.018447,59.968912,-6.146042,1.007980,59.968762,-6.085159,1.019817,59.968627,-5.931228,1.017555,59.967228,-7.266591,1.018977,59.965254,-7.151174,1.032542,59.964596,-5.688581,1.035535,59.964060,-6.784084,1.034199,59.964041,-7.652742,1.043858,59.964296,-0.655167,0.981872,59.963672,-1.414245,1.031835,59.964906,-3.532675,1.046506,59.965488,0.466438,1.041957,59.965469,0.285718,1.037386,59.964616,-5.582188,1.059814,59.962860,-4.304176,1.051601,59.962420,-5.368287,1.039326,59.963080,-7.052260,1.042961,59.961042,-2.332020,1.039634,59.960609,0.142308,1.051813,59.960284,-3.185019,0.982303,59.972336,-0.811028,0.981693,59.973741,1.857054,0.989437,59.964702,4.239335,0.995413,59.963413,3.542687,1.041052,59.966124,4.959346,1.054823,59.966539,7.380756,1.029788,59.963850,1.743161,1.008377,59.959588,6.546329,1.026090,59.964793,-10.149383,0.999399,0.999718,0.999767,0.999475,0.999389,0.999438,0.999241,0.999233,-42.290425,0.000000,6.544400,14.246113,9.281973,13.128011,23.404231,-36.224750,288.383297,447.800150,209.391350,467.503357,6.717002,286.592096,294.652499,141.504847,562.436988,245.394482,221.661074,276.382253,200.614467,124.488442,251.663684,184.493662,253.902685,8.239523,988.742731,2.149441,164.790455,75.230425,157.625653,78.812826,137.026846,28.927890,26.868009,92.246831,102.994034,75.767785,-82.574348,42.272334,15.225205,67.617823,24.718568,24.091648,4.119761,223.900075
3.660000,1.046012,59.963929,-8.435258,1.052156,59.962268,-5.589842,1.034452,59.963605,-8.086934,1.010547,59.966198,-9.049821,1.011628,59.967716,-8.264266,1.013667,59.968110,-7.682903,1.004113,59.967556,-9.643633,1.003121,59.967353,-10.096998,1.028720,59.965979,-10.180271,1.021663,59.968781,-5.343199,1.017885,59.968537,-6.137939,1.007403,59.968351,-6.078302,1.019252,59.968179,-5.925510,1.017014,59.966725,-7.271208,1.018474,59.964500,-7.171155,1.032060,59.963733,-5.713799,1.035085,59.963410,-6.812202,1.033748,59.963439,-7.680782,1.043421,59.962736,-0.685701,0.981522,59.961940,-1.450051,1.031321,59.964040,-3.555672,1.045974,59.964615,0.447599,1.041422,59.964597,0.266747,1.036896,59.963753,-5.607260,1.059427,59.962536,-4.339475,1.051286,59.962353,-5.405596,1.038947,59.962741,-7.086041,1.042799,59.961619,-2.376359,1.039519,59.961419,0.095897,1.051338,59.959310,-3.241835,0.981792,59.972516,-0.775746,0.981108,59.973146,1.898972,0.988998,59.962755,4.209980,0.995152,59.961421,3.503837,1.040528,59.965242,4.945044,1.054274,59.965655,7.369437,1.029402,59.963715,1.715858,1.008356,59.960929,6.494954,1.026026,59.965089,-10.167956,0.999407,0.999747,0.999752,0.999418,0.999333,0.999445,0.999288,0.999187,-42.433091,0.000000,6.555854,14.122227,9.121123,13.002096,23.201873,-36.450915,288.383297,447.800150,209.391350,467.503357,6.717002,286.592096,294.652499,141.504847,562.436988,245.394482,221.661074,276.382253,200.614467,124.488442,251.663684,184.493662,253.902685,8.239523,988.742731,2.149441,164.790455,75.230425,157.625653,78.812826,137.026846,28.927890,26.868009,92.246831,102.994034,75.767785,-82.574348,42.272334,15.225205,67.617823,24.718568,24.091648,4.119761,223.900075
3.680000,1.045823,59.963928,-8.456704,1.051732,59.961806,-5.625339,1.033996,59.963093,-8.113016,1.010023,59.965741,-9.056962,1.011095,59.967376,-8.259933,1.013127,59.967779,-7.675690,1.003595,59.967260,-9.640257,1.002618,59.967075,-10.095004,1.028473,59.966038,-10.186668,1.021093,59.968283,-5.331907,1.017324,59.968095,-6.128151,1.006827,59.967875,-6.070007,1.018688,59.967671,-5.918601,1.016473,59.966184,-7.274929,1.017977,59.963751,-7.191858,1.031586,59.962892,-5.740447,1.034634,59.962781,-6.840217,1.033294,59.962854,-7.708389,1.043002,59.961236,-0.722516,0.981194,59.960283,-1.493314,1.030816,59.963195,-3.580129,1.045452,59.963761,0.427242,1.040895,59.963743,0.246263,1.036414,59.962912,-5.633763,1.059036,59.962238,-4.372300,1.050944,59.962310,-5.438589,1.038553,59.962424,-7.117474,1.042585,59.962222,-2.411727,1.039347,59.962256,0.060143,1.050862,59.958446,-3.300486,0.981270,59.972565,-0.735062,0.980525,59.972415,1.940681,0.988569,59.960884,4.171619,0.994915,59.959522,3.455737,1.040015,59.964376,4.929153,1.053734,59.964787,7.356509,1.029013,59.963571,1.692239,1.008275,59.962301,6.458082,1.025963,59.965376,-10.179745,0.999415,0.999771,0.999731,0.999361,0.999279,0.999452,0.999336,0.999148,-42.583939,0.000000,6.548078,13.962114,8.924924,12.867647,23.008480,-36.706987,288.383297,447.800150,209.391350,467.503357,6.717002,286.592096,294.652499,141.504847,562.436988,245.394482,221.661074,276.382253,200.614467,124.488442,251.663684,184.493662,253.902685,8.239523,988.742731,2.149441,164.790455,75.230425,157.625653,78.812826,137.026846,28.927890,26.868009,92.246831,102.994034,75.767785,-82.574348,42.272334,15.225205,67.617823,24.718568,24.091648,4.119761,223.900075
3.700000,1.045635,59.963939,-8.473337,1.051301,59.961390,-5.659190,1.033538,59.962603,-8.137922,1.009501,59.965258,-9.062746,1.010562,59.966984,-8.253520,1.012588,59.967391,-7.666354,1.003078,59.966912,-9.634480,1.002115,59.966748,-10.090468,1.028227,59.966072,-10.187984,1.020527,59.967722,-5.319721,1.016765,59.967591,-6.117061,1.006255,59.967343,-6.060629,1.018127,59.967109,-5.910828,1.015937,59.965615,-7.277910,1.017487,59.963017,-7.213126,1.031120,59.962084,-5.768239,1.034184,59.962181,-6.867868,1.032840,59.962296,-7.735323,1.042600,59.959819,-0.765004,0.980886,59.958722,-1.543319,1.030320,59.962382,-3.605764,1.044940,59.962937,0.405635,1.040379,59.962921,0.224537,1.035940,59.962104,-5.661411,1.058642,59.961968,-4.402376,1.050576,59.962289,-5.467022,1.038144,59.962133,-7.146306,1.042318,59.962838,-2.437919,1.039117,59.963103,0.035240,1.050385,59.957706,-3.360036,0.980740,59.972479,-0.689863,0.979950,59.971562,1.981340,0.988154,59.959119,4.125014,0.994703,59.957739,3.399239,1.039513,59.963540,4.911923,1.053205,59.963947,7.342219,1.028621,59.963418,1.672313,1.008133,59.963678,6.435892,1.025900,59.965653,-10.184743,0.999422,0.999790,0.999706,0.999308,0.999228,0.999456,0.999385,0.999114,-42.740609,0.000000,6.521303,13.769179,8.696920,12.726401,22.826823,-36.988144,288.383297,447.800150,209.391350,467.503357,6.717002,286.592096,294.652499,141.504847,562.436988,245.394482,221.661074,276.382253,200.614467,124.488442,251.663684,184.493662,253.902685,8.239523,988.742731,2.149441,164.790455,75.230425,157.625653,78.812826,137.026846,28.927890,26.868009,92.246831,102.994034,75.767785,-82.574348,42.272334,15.225205,67.617823,24.718568,24.091648,4.119761,223.900075
3.720000,1.045447,59.963963,-8.485035,1.050865,59.961027,-5.691004,1.033078,59.962141,-8.161436,1.008982,59.964758,-9.067289,1.010034,59.966546,-8.245341,1.012053,59.966950,-7.655258,1.002566,59.966519,-9.626619,1.001617,59.966377,-10.083688,1.027984,59.966082,-10.184367,1.019968,59.967108,-5.307018,1.016214,59.967035,-6.105038,1.005690,59.966763,-6.050506,1.017575,59.966504,-5.902501,1.015408,59.965025,-7.280288,1.017007,59.962309,-7.234768,1.030665,59.961323,-5.796847,1.033736,59.961619,-6.894877,1.032387,59.961773,-7.761328,1.042218,59.958505,-0.812443,0.980600,59.957282,-1.599234,1.029836,59.961615,-3.632255,1.044441,59.962157,0.383087,1.039876,59.962142,0.201878,1.035478,59.961343,-5.689874,1.058245,59.961730,-4.429455,1.050184,59.962289,-5.490712,1.037721,59.961870,-7.172308,1.041997,59.963454,-2.454872,1.038827,59.963943,0.021213,1.049908,59.957102,-3.419510,0.980203,59.972258,-0.641093,0.979385,59.970602,2.020166,0.987753,59.957489,4.071090,0.994514,59.956095,3.335318,1.039024,59.962744,4.893645,1.052689,59.963147,7.326854,1.028228,59.963254,1.656034,1.007929,59.965032,6.428324,1.025837,59.965919,-10.182998,0.999430,0.999802,0.999677,0.999259,0.999181,0.999459,0.999433,0.999087,-42.900555,0.000000,6.476159,13.547474,8.441084,12.580179,22.659439,-37.289083,288.383297,447.800150,209.391350,467.503357,6.717002,286.592096,294.652499,141.504847,562.436988,245.394482,221.661074,276.382253,200.614467,124.488442,251.663684,184.493662,253.902685,8.239523,988.742731,2.149441,164.790455,75.230425,157.625653,78.812826,137.026846,28.927890,26.868009,92.246831,102.994034,75.767785,-82.574348,42.272334,15.225205,67.617823,24.718568,24.091648,4.119761,223.900075
3.740000,1.045261,59.964002,-8.491714,1.050425,59.960721,-5.720402,1.032621,59.961715,-8.183342,1.008471,59.964249,-9.070699,1.009514,59.966070,-8.235714,1.011526,59.966464,-7.642762,1.002061,59.966086,-9.616994,1.001127,59.965970,-10.074966,1.027745,59.966071,-10.175997,1.019420,59.966451,-5.294158,1.015672,59.966436,-6.092440,1.005135,59.966144,-6.039963,1.017033,59.965866,-5.893908,1.014888,59.964425,-7.282184,1.016539,59.961639,-7.256562,1.030221,59.960619,-5.825909,1.033291,59.961103,-6.920954,1.031936,59.961291,-7.786141,1.041855,59.957315,-0.864017,0.980335,59.955980,-1.660129,1.029366,59.960903,-3.659246,1.043956,59.961431,0.359938,1.039387,59.961418,0.178628,1.035027,59.960639,-5.718792,1.057846,59.961526,-4.453317,1.049768,59.962309,-5.509534,1.037287,59.961640,-7.195276,1.041625,59.964057,-2.462663,1.038481,59.964760,0.017916,1.049434,59.956642,-3.477912,0.979664,59.971903,-0.589739,0.978836,59.969551,2.056436,0.987367,59.956019,4.010914,0.994348,59.954612,3.265051,1.038551,59.962000,4.874642,1.052187,59.962398,7.310730,1.027834,59.963081,1.643308,1.007664,59.966337,6.435080,1.025776,59.966172,-10.174618,0.999437,0.999807,0.999644,0.999214,0.999137,0.999460,0.999479,0.999066,-43.061092,0.000000,6.413655,13.301605,8.161751,12.430871,22.508602,-37.604117,288.383297,447.800150,209.391350,467.503357,6.717002,286.592096,294.652499,141.504847,562.436988,245.394482,221.661074,276.382253,200.614467,124.488442,251.663684,184.493662,253.902685,8.239523,988.742731,2.149441,164.790455,75.230425,157.625653,78.812826,137.026846,28.927890,26.868009,92.246831,102.994034,75.767785,-82.574348,42.272334,15.225205,67.617823,24.718568,24.091648,4.119761,223.900075
3.760000,1.045077,59.964058,-8.493332,1.049984,59.960477,-5.747018,1.032167,59.961331,-8.203424,1.007970,59.963740,-9.073076,1.009004,59.965564,-8.224949,1.011010,59.965943,-7.629223,1.001568,59.965622,-9.605920,1.000647,59.965534,-10.064602,1.027512,59.966040,-10.163093,1.018888,59.965762,-5.281471,1.015145,59.965804,-6.079604,1.004596,59.965497,-6.029299,1.016506,59.965205,-5.885314,1.014382,59.963825,-7.283699,1.016084,59.961017,-7.278263,1.029791,59.959982,-5.855035,1.032853,59.960640,-6.945805,1.031491,59.960859,-7.809496,1.041513,59.956265,-0.918832,0.980093,59.954835,-1.724993,1.028911,59.960259,-3.686358,1.043488,59.960770,0.336554,1.038914,59.960758,0.155155,1.034591,59.960002,-5.747776,1.057446,59.961360,-4.473773,1.049331,59.962346,-5.523427,1.036843,59.961445,-7.215040,1.041205,59.964636,-2.461504,1.038081,59.965538,0.025039,1.048963,59.956332,-3.534244,0.979127,59.971419,-0.536818,0.978306,59.968428,2.089510,0.986999,59.954731,3.945669,0.994206,59.953306,3.189599,1.038096,59.961318,4.855261,1.051704,59.961710,7.294186,1.027440,59.962900,1.634004,1.007341,59.967572,6.455635,1.025716,59.966412,-10.159767,0.999444,0.999806,0.999607,0.999175,0.999098,0.999458,0.999523,0.999053,-43.219455,0.000000,6.335156,13.036632,7.863538,12.280434,22.376284,-37.927304,288.383297,447.800150,209.391350,467.503357,6.717002,286.592096,294.652499,141.504847,562.436988,245.394482,221.661074,276.382253,200.614467,124.488442,251.663684,184.493662,253.902685,8.239523,988.742731,2.149441,164.790455,75.230425,157.625653,78.812826,137.026846,28.927890,26.868009,92.246831,102.994034,75.767785,-82.574348,42.272334,15.225205,67.617823,24.718568,24.091648,4.119761,223.900075
3.780000,1.044897,59.964130,-8.489891,1.049544,59.960300,-5.770510,1.031719,59.960995,-8.221472,1.007483,59.963238,-9.074506,1.008510,59.965036,-8.213345,1.010509,59.965394,-7.614984,1.001089,59.965136,-9.593708,1.000182,59.965077,-10.052892,1.027286,59.965992,-10.145905,1.018375,59.965053,-5.269257,1.014636,59.965149,-6.066842,1.004074,59.964834,-6.018789,1.015997,59.964532,-5.876956,1.013892,59.963235,-7.284914,1.015645,59.960452,-7.299608,1.029376,59.959422,-5.883819,1.032422,59.960237,-6.969138,1.031053,59.960482,-7.831130,1.041191,59.955369,-0.975939,0.979873,59.953861,-1.792758,1.028473,59.959690,-3.713191,1.043039,59.960182,0.313316,1.038461,59.960172,0.131841,1.034170,59.959442,-5.776419,1.057047,59.961233,-4.490665,1.048876,59.962401,-5.532388,1.036392,59.961287,-7.231459,1.040741,59.965182,-2.451735,1.037631,59.966264,0.042120,1.048497,59.956176,-3.587531,0.978595,59.970813,-0.483352,0.977800,59.967251,2.118827,0.986648,59.953643,3.876625,0.994088,59.952192,3.110185,1.037660,59.960706,4.835863,1.051240,59.961090,7.277576,1.027049,59.962716,1.627966,1.006964,59.968712,6.489251,1.025658,59.966638,-10.138669,0.999451,0.999798,0.999568,0.999142,0.999063,0.999455,0.999563,0.999048,-43.372849,0.000000,6.242351,12.757963,7.551268,12.130870,22.264132,-38.252555,288.383297,447.800150,209.391350,467.503357,6.717002,286.592096,294.652499,141.504847,562.436988,245.394482,221.661074,276.382253,200.614467,124.488442,251.663684,184.493662,253.902685,8.239523,988.742731,2.149441,164.790455,75.230425,157.625653,78.812826,137.026846,28.927890,26.868009,92.246831,102.994034,75.767785,-82.574348,42.272334,15.225205,67.617823,24.718568,24.091648,4.119761,223.900075
3.800000,1.044720,59.964220,-8.481439,1.049109,59.960191,-5.790564,1.031281,59.960714,-8.237286,1.007013,59.962753,-9.075069,1.008034,59.964497,-8.201190,1.010027,59.964827,-7.600375,1.000629,59.964636,-9.580657,0.999735,59.964608,-10.040126,1.027069,59.965931,-10.124713,1.017884,59.964337,-5.257779,1.014148,59.964484,-6.054439,1.003576,59.964165,-6.008677,1.015510,59.963859,-5.869041,1.013422,59.962664,-7.285890,1.015224,59.959953,-7.320317,1.028979,59.958948,-5.911846,1.032001,59.959901,-6.990664,1.030625,59.960168,-7.850788,1.040892,59.954638,-1.034347,0.979675,59.953069,-1.862312,1.028054,59.959205,-3.739338,1.042611,59.959675,0.290616,1.038028,59.959667,0.109078,1.033767,59.958967,-5.804305,1.056649,59.961150,-4.503867,1.048407,59.962472,-5.536471,1.035937,59.961170,-7.244425,1.040237,59.965685,-2.433817,1.037137,59.966926,0.068555,1.048038,59.956175,-3.636836,0.978073,59.970093,-0.430361,0.977320,59.966042,2.143924,0.986318,59.952768,3.805111,0.993993,59.951283,3.028076,1.037247,59.960173,4.816818,1.050798,59.960549,7.261263,1.026662,59.962534,1.625019,1.006537,59.969741,6.534993,1.025601,59.966848,-10.111604,0.999457,0.999783,0.999527,0.999115,0.999033,0.999449,0.999599,0.999049,-43.518506,0.000000,6.137213,12.471232,7.229886,11.984217,22.173437,-38.573765,288.383297,447.800150,209.391350,467.503357,6.717002,286.592096,294.652499,141.504847,562.436988,245.394482,221.661074,276.382253,200.614467,124.488442,251.663684,184.493662,253.902685,8.239523,988.742731,2.149441,164.790455,75.230425,157.625653,78.812826,137.026846,28.927890,26.868009,92.246831,102.994034,75.767785,-82.574348,42.272334,15.225205,67.617823,24.718568,24.091648,4.119761,223.900075
3.820000,1.044549,59.964329,-8.468073,1.048681,59.960153,-5.806899,1.030855,59.960491,-8.250682,1.006563,59.962293,-9.074832,1.007580,59.963955,-8.188753,1.009568,59.964252,-7.585704,1.000190,59.964131,-9.567052,0.999309,59.964135,-10.026579,1.026863,59.965859,-10.099827,1.017420,59.963624,-5.247266,1.013685,59.963819,-6.042647,1.003103,59.963502,-5.999177,1.015049,59.963197,-5.861743,1.012976,59.962122,-7.286668,1.014824,59.959528,-7.340108,1.028600,59.958565,-5.938697,1.031593,59.959636,-7.010108,1.030210,59.959921,-7.868227,1.040616,59.954082,-1.093052,0.979501,59.952468,-1.932526,1.027658,59.958810,-3.764390,1.042207,59.959256,0.268841,1.037619,59.959251,0.087258,1.033384,59.958584,-5.831019,1.056255,59.961111,-4.513288,1.047927,59.962559,-5.535789,1.035482,59.961094,-7.253865,1.039701,59.966138,-2.408315,1.036605,59.967513,0.103609,1.047587,59.956325,-3.681284,0.977566,59.969271,-0.378834,0.976872,59.964821,2.164433,0.986008,59.952116,3.732481,0.993921,59.950587,2.944559,1.036858,59.959724,4.798495,1.050381,59.960091,7.245605,1.026280,59.962361,1.624979,1.006068,59.970640,6.591751,1.025547,59.967044,-10.078907,0.999463,0.999762,0.999486,0.999095,0.999008,0.999442,0.999631,0.999058,-43.653740,0.000000,6.021957,12.182183,6.904378,11.842530,22.105124,-38.884929,288.383297,447.800150,209.391350,467.503357,6.717002,286.592096,294.652499,141.504847,562.436988,245.394482,221.661074,276.382253,200.614467,124.488442,251.663684,184.493662,253.902685,8.239523,988.742731,2.149441,164.790455,75.230425,157.625653,78.812826,137.026846,28.927890,26.868009,92.246831,102.994034,75.767785,-82.574348,42.272334,15.225205,67.617823,24.718568,24.091648,4.119761,223.900075
3.840000,1.044383,59.964456,-8.449935,1.048264,59.960188,-5.819275,1.030444,59.960332,-8.261492,1.006137,59.961868,-9.073849,1.007152,59.963421,-8.176282,1.009135,59.963681,-7.571257,0.999777,59.963631,-9.553160,0.998908,59.963667,-10.012514,1.026670,59.965781,-10.071583,1.016986,59.962929,-5.237905,1.013252,59.963168,-6.031685,1.002660,59.962858,-5.990468,1.014617,59.962559,-5.855202,1.012556,59.961619,-7.287273,1.014447,59.959184,-7.358696,1.028244,59.958279,-5.963965,1.031201,59.959448,-7.027213,1.029810,59.959745,-7.883221,1.040364,59.953705,-1.151053,0.979350,59.952065,-2.002273,1.027285,59.958512,-3.787949,1.041829,59.958931,0.248375,1.037236,59.958928,0.066763,1.033024,59.958298,-5.856150,1.055867,59.961120,-4.518866,1.047441,59.962662,-5.530505,1.035031,59.961064,-7.259743,1.039139,59.966536,-2.375893,1.036042,59.968019,0.146437,1.047147,59.956624,-3.720073,0.977077,59.968362,-0.329723,0.976458,59.963610,2.180088,0.985721,59.951693,3.660090,0.993873,59.950110,2.860920,1.036497,59.959366,4.781254,1.049991,59.959722,7.230953,1.025905,59.962203,1.627664,1.005563,59.971398,6.658258,1.025496,59.967223,-10.040969,0.999469,0.999735,0.999443,0.999082,0.998988,0.999433,0.999657,0.999074,-43.776003,0.000000,5.898990,11.896546,6.579692,11.707861,22.059732,-39.180263,288.383297,447.800150,209.391350,467.503357,6.717002,286.592096,294.652499,141.504847,562.436988,245.394482,221.661074,276.382253,200.614467,124.488442,251.663684,184.493662,253.902685,8.239523,988.742731,2.149441,164.790455,75.230425,157.625653,78.812826,137.026846,28.927890,26.868009,92.246831,102.994034,75.767785,-82.574348,42.272334,15.225205,67.617823,24.718568,24.091648,4.119761,223.900075
3.860000,1.044225,59.964602,-8.427219,1.047859,59.960295,-5.827493,1.030051,59.960239,-8.269570,1.005739,59.961484,-9.072167,1.006754,59.962904,-8.164003,1.008732,59.963123,-7.557291,0.999393,59.963146,-9.539226,0.998536,59.963214,-9.998174,1.026491,59.965699,-10.040341,1.016585,59.962264,-5.229840,1.012851,59.962540,-6.021733,1.002251,59.962243,-5.982692,1.014218,59.961956,-5.849526,1.012165,59.961164,-7.287708,1.014095,59.958925,-7.375802,1.027911,59.958095,-5.987255,1.030827,59.959338,-7.041742,1.029428,59.959644,-7.895567,1.040137,59.953510,-1.207369,0.979223,59.951861,-2.070448,1.026939,59.958313,-3.809631,1.041478,59.958703,0.229580,1.036881,59.958702,0.047958,1.032688,59.958114,-5.879306,1.055486,59.961179,-4.520578,1.046955,59.962781,-5.520829,1.034587,59.961079,-7.262055,1.038559,59.966874,-2.337294,1.035459,59.968438,0.196097,1.046717,59.957063,-3.752494,0.976612,59.967380,-0.283915,0.976081,59.962429,2.190726,0.985458,59.951499,3.589262,0.993848,59.949855,2.778426,1.036164,59.959103,4.765436,1.049631,59.959446,7.217640,1.025540,59.962070,1.632899,1.005032,59.972003,6.733121,1.025449,59.967388,-9.998226,0.999474,0.999702,0.999401,0.999076,0.998974,0.999423,0.999677,0.999096,-43.882935,0.000000,5.770858,11.619923,6.260659,11.582234,22.037411,-39.454314,288.383297,447.800150,209.391350,467.503357,6.717002,286.592096,294.652499,141.504847,562.436988,245.394482,221.661074,276.382253,200.614467,124.488442,251.663684,184.493662,253.902685,8.239523,988.742731,2.149441,164.790455,75.230425,157.625653,78.812826,137.026846,28.927890,26.868009,92.246831,102.994034,75.767785,-82.574348,42.272334,15.225205,67.617823,24.718568,24.091648,4.119761,223.900075
3.880000,1.044075,59.964766,-8.400161,1.047472,59.960475,-5.831406,1.029679,59.960216,-8.274797,1.005371,59.961150,-9.069821,1.006389,59.962416,-8.152114,1.008362,59.962589,-7.544031,0.999042,59.962685,-9.525473,0.998195,59.962785,-9.983784,1.026327,59.965618,-10.006479,1.016221,59.961641,-5.223175,1.012486,59.961949,-6.012935,1.001878,59.961669,-5.975959,1.013854,59.961399,-5.844785,1.011808,59.960765,-7.287963,1.013772,59.958756,-7.391159,1.027604,59.958015,-6.008197,1.030475,59.959310,-7.053487,1.029068,59.959620,-7.905087,1.039936,59.953497,-1.261065,0.979121,59.951857,-2.135985,1.026621,59.958217,-3.829076,1.041159,59.958574,0.212798,1.036557,59.958577,0.031186,1.032378,59.958033,-5.900117,1.055116,59.961289,-4.518429,1.046474,59.962916,-5.507016,1.034156,59.961142,-7.260836,1.037971,59.967150,-2.293331,1.034863,59.968765,0.251567,1.046302,59.957635,-3.777943,0.976176,59.966343,-0.242226,0.975743,59.961299,2.196288,0.985221,59.951530,3.521264,0.993848,59.949822,2.698302,1.035863,59.958935,4.751361,1.049303,59.959265,7.205975,1.025185,59.961969,1.640521,1.004485,59.972450,6.814841,1.025404,59.967536,-9.951166,0.999479,0.999664,0.999361,0.999077,0.998965,0.999413,0.999691,0.999125,-43.972415,0.000000,5.640194,11.357666,5.951915,11.467620,22.037922,-39.702066,288.383297,447.800150,209.391350,467.503357,6.717002,286.592096,294.652499,141.504847,562.436988,245.394482,221.661074,276.382253,200.614467,124.488442,251.663684,184.493662,253.902685,8.239523,988.742731,2.149441,164.790455,75.230425,157.625653,78.812826,137.026846,28.927890,26.868009,92.246831,102.994034,75.767785,-82.574348,42.272334,15.225205,67.617823,24.718568,24.091648,4.119761,223.900075
3.900000,1.043935,59.964948,-8.369048,1.047103,59.960725,-5.830915,1.029332,59.960264,-8.277080,1.005037,59.960872,-9.066838,1.006059,59.961965,-8.140787,1.008029,59.962090,-7.531672,0.998725,59.962258,-9.512097,0.997887,59.962389,-9.969545,1.026179,59.965541,-9.970392,1.015896,59.961071,-5.217973,1.012159,59.961404,-6.005397,1.001544,59.961147,-5.970338,1.013529,59.960897,-5.841017,1.011486,59.960430,-7.288012,1.013479,59.958681,-7.404516,1.027326,59.958039,-6.026455,1.030147,59.959364,-7.062270,1.028733,59.959674,-7.911634,1.039763,59.953661,-1.311262,0.979044,59.952048,-2.197879,1.026335,59.958224,-3.845956,1.040873,59.958546,0.198337,1.036265,59.958552,0.016755,1.032098,59.958056,-5.918247,1.054759,59.961451,-4.512461,1.046004,59.963068,-5.489362,1.033742,59.961253,-7.256153,1.037383,59.967363,-2.244869,1.034265,59.968999,0.311770,1.045900,59.958327,-3.795935,0.975771,59.965271,-0.205378,0.975447,59.960240,2.196816,0.985010,59.951782,3.457280,0.993871,59.950006,2.621715,1.035596,59.958866,4.739317,1.049008,59.959181,7.196236,1.024844,59.961908,1.650386,1.003931,59.972735,6.901841,1.025364,59.967669,-9.900315,0.999483,0.999622,0.999322,0.999085,0.998961,0.999402,0.999699,0.999158,-44.042605,0.000000,5.509657,11.114775,5.657828,11.365906,22.060635,-39.919034,288.383297,447.800150,209.391350,467.503357,6.717002,286.592096,294.652499,141.504847,562.436988,245.394482,221.661074,276.382253,200.614467,124.488442,251.663684,184.493662,253.902685,8.239523,988.742731,2.149441,164.790455,75.230425,157.625653,78.812826,137.026846,28.927890,26.868009,92.246831,102.994034,75.767785,-82.574348,42.272334,15.225205,67.617823,24.718568,24.091648,4.119761,223.900075
3.920000,1.043805,59.965147,-8.334207,1.046757,59.961043,-5.825976,1.029011,59.960383,-8.276359,1.004739,59.960657,-9.063237,1.005768,59.961560,-8.130162,1.007735,59.961635,-7.520371,0.998446,59.961874,-9.499269,0.997617,59.962035,-9.955636,1.026050,59.965471,-9.932489,1.015612,59.960565,-5.214252,1.011873,59.960918,-5.999183,1.001252,59.960686,-5.965865,1.013244,59.960462,-5.838228,1.011202,59.960166,-7.287817,1.013219,59.958701,-7.415650,1.027079,59.958167,-6.041728,1.029847,59.959501,-7.067952,1.028425,59.959807,-7.915097,1.039618,59.953997,-1.357157,0.978994,59.952428,-2.255199,1.026082,59.958333,-3.859981,1.040622,59.958619,0.186470,1.036010,59.958628,0.004941,1.031849,59.958184,-5.933395,1.054418,59.961666,-4.502748,1.045551,59.963237,-5.468195,1.033350,59.961413,-7.248111,1.036807,59.967515,-2.192810,1.033676,59.969141,0.375584,1.045516,59.959127,-3.806108,0.975404,59.964183,-0.173990,0.975194,59.959270,2.192449,0.984828,59.952242,3.398391,0.993918,59.950402,2.549753,1.035365,59.958895,4.729556,1.048750,59.959193,7.188665,1.024517,59.961895,1.662365,1.003381,59.972857,6.992498,1.025328,59.967786,-9.846235,0.999486,0.999575,0.999285,0.999099,0.998962,0.999392,0.999701,0.999196,-44.091990,0.000000,5.381883,10.895798,5.382433,11.278866,22.104547,-40.101351,288.383297,447.800150,209.391350,467.503357,6.717002,286.592096,294.652499,141.504847,562.436988,245.394482,221.661074,276.382253,200.614467,124.488442,251.663684,184.493662,253.902685,8.239523,988.742731,2.149441,164.790455,75.230425,157.625653,78.812826,137.026846,28.927890,26.868009,92.246831,102.994034,75.767785,-82.574348,42.272334,15.225205,67.617823,24.718568,24.091648,4.119761,223.900075
3.940000,1.043686,59.965362,-8.296008,1.046435,59.961425,-5.816602,1.028720,59.960573,-8.272608,1.004479,59.960509,-9.059032,1.005518,59.961211,-8.120352,1.007483,59.961235,-7.510252,0.998207,59.961540,-9.487128,0.997385,59.961729,-9.942208,1.025939,59.965412,-9.893187,1.015372,59.960133,-5.211993,1.011630,59.960498,-5.994321,1.001004,59.960296,-5.962540,1.013002,59.960101,-5.836391,1.010958,59.959978,-7.287331,1.012994,59.958815,-7.424361,1.026864,59.958398,-6.053762,1.029578,59.959718,-7.070431,1.028147,59.960018,-7.915401,1.039502,59.954497,-1.398036,0.978970,59.952990,-2.307105,1.025864,59.958544,-3.870907,1.040408,59.958790,0.177425,1.035791,59.958802,-0.004029,1.031634,59.958414,-5.945308,1.054094,59.961933,-4.489400,1.045121,59.963424,-5.443876,1.032985,59.961621,-7.236847,1.036251,59.967606,-2.138078,1.033106,59.969193,0.441866,1.045148,59.960021,-3.808235,0.975076,59.963101,-0.148566,0.974985,59.958406,2.183420,0.984674,59.952897,3.345558,0.993990,59.951001,2.483415,1.035172,59.959020,4.722290,1.048531,59.959300,7.183464,1.024207,59.961938,1.676352,1.002847,59.972819,7.085165,1.025297,59.967889,-9.789520,0.999489,0.999527,0.999251,0.999119,0.998969,0.999383,0.999696,0.999238,-44.119410,0.000000,5.259422,10.704741,5.129369,11.208125,22.168288,-40.245832,288.383297,447.800150,209.391350,467.503357,6.717002,286.592096,294.652499,141.504847,562.436988,245.394482,221.661074,276.382253,200.614467,124.488442,251.663684,184.493662,253.902685,8.239523,988.742731,2.149441,164.790455,75.230425,157.625653,78.812826,137.026846,28.927890,26.868009,92.246831,102.994034,75.767785,-82.574348,42.272334,15.225205,67.617823,24.718568,24.091648,4.119761,223.900075
3.960000,1.043579,59.965591,-8.254856,1.046140,59.961867,-5.802864,1.028461,59.960832,-8.265837,1.004259,59.960433,-9.054229,1.005310,59.960925,-8.111439,1.007273,59.960897,-7.501399,0.998008,59.961266,-9.475789,0.997193,59.961480,-9.929391,1.025848,59.965368,-9.852907,1.015177,59.959783,-5.211140,1.011431,59.960155,-5.990802,1.000800,59.959986,-5.960330,1.012804,59.959821,-5.835452,1.010755,59.959871,-7.286498,1.012806,59.959023,-7.430487,1.026684,59.958727,-6.062350,1.029341,59.960015,-7.069649,1.027902,59.960303,-7.912510,1.039417,59.955149,-1.433283,0.978972,59.953721,-2.352861,1.025684,59.958852,-3.878535,1.040233,59.959057,0.171385,1.035611,59.959072,-0.009970,1.031453,59.958743,-5.953781,1.053791,59.962251,-4.472560,1.044721,59.963629,-5.416789,1.032651,59.961876,-7.222533,1.035726,59.967640,-2.081609,1.032567,59.969159,0.509469,1.044799,59.960993,-3.802229,0.974790,59.962046,-0.129487,0.974820,59.957663,2.170047,0.984551,59.953732,3.299600,0.994086,59.951790,2.423591,1.035018,59.959238,4.717685,1.048351,59.959500,7.180792,1.023916,59.962042,1.692258,1.002341,59.972626,7.178198,1.025270,59.967978,-9.730787,0.999492,0.999476,0.999221,0.999145,0.998981,0.999375,0.999685,0.999283,-44.124092,0.000000,5.144693,10.544997,4.901828,11.155127,22.250152,-40.350037,288.383297,447.800150,209.391350,467.503357,6.717002,286.592096,294.652499,141.504847,562.436988,245.394482,221.661074,276.382253,200.614467,124.488442,251.663684,184.493662,253.902685,8.239523,988.742731,2.149441,164.790455,75.230425,157.625653,78.812826,137.026846,28.927890,26.868009,92.246831,102.994034,75.767785,-82.574348,42.272334,15.225205,67.617823,24.718568,24.091648,4.119761,223.900075
3.980000,1.043484,59.965833,-8.211193,1.045874,59.962364,-5.784891,1.028235,59.961158,-8.256092,1.004081,59.960432,-9.048834,1.005145,59.960708,-8.103475,1.007108,59.960629,-7.493864,0.997853,59.961056,-9.465334,0.997042,59.961294,-9.917286,1.025777,59.965340,-9.812070,1.015026,59.959524,-5.211598,1.011276,59.959895,-5.988582,1.000643,59.959761,-5.959173,1.012651,59.959630,-5.835328,1.010595,59.959848,-7.285257,1.012656,59.959322,-7.433900,1.026540,59.959149,-6.067344,1.029140,59.960386,-7.065591,1.027692,59.960661,-7.906433,1.039363,59.955941,-1.462395,0.979003,59.954607,-2.391844,1.025542,59.959253,-3.882722,1.040099,59.959415,0.168482,1.035472,59.959433,-0.012751,1.031309,59.959164,-5.958664,1.053511,59.962618,-4.452406,1.044357,59.963852,-5.387342,1.032354,59.962177,-7.205373,1.035242,59.967621,-2.024334,1.032069,59.969043,0.577260,1.044470,59.962026,-3.788138,0.974550,59.961038,-0.117000,0.974699,59.957055,2.152727,0.984459,59.954728,3.261190,0.994207,59.952756,2.371055,1.034904,59.959547,4.715863,1.048212,59.959787,7.180759,1.023644,59.962212,1.710010,1.001873,59.972288,7.269988,1.025248,59.968054,-9.670671,0.999494,0.999424,0.999195,0.999174,0.998997,0.999368,0.999668,0.999329,-44.105663,0.000000,5.039930,10.419281,4.702501,11.121104,22.348112,-40.412308,288.383297,447.800150,209.391350,467.503357,6.717002,286.592096,294.652499,141.504847,562.436988,245.394482,221.661074,276.382253,200.614467,124.488442,251.663684,184.493662,253.902685,8.239523,988.742731,2.149441,164.790455,75.230425,157.625653,78.812826,137.026846,28.927890,26.868009,92.246831,102.994034,75.767785,-82.574348,42.272334,15.225205,67.617823,24.718568,24.091648,4.119761,223.900075
4.000000,1.043402,59.966086,-8.165487,1.045638,59.962909,-5.762873,1.028045,59.961548,-8.243460,1.003944,59.960508,-9.042850,1.005024,59.960567,-8.096481,1.006987,59.960439,-7.487659,0.997739,59.960918,-9.455819,0.996933,59.961175,-9.905971,1.025725,59.965332,-9.771094,1.014921,59.959360,-5.213246,1.011167,59.959725,-5.987583,1.000532,59.959627,-5.958978,1.012543,59.959531,-5.835916,1.010478,59.959911,-7.283546,1.012545,59.959709,-7.434515,1.026432,59.959659,-6.068649,1.028977,59.960827,-7.058290,1.027518,59.961087,-7.897221,1.039340,59.956858,-1.484984,0.979060,59.955634,-2.423554,1.025440,59.959740,-3.883381,1.040006,59.959859,0.168795,1.035374,59.959880,-0.012294,1.031203,59.959673,-5.959864,1.053256,59.963031,-4.429149,1.044033,59.964093,-5.355960,1.032096,59.962521,-7.185600,1.034809,59.967554,-1.967164,1.031623,59.968854,0.644132,1.044160,59.963103,-3.766153,0.974357,59.960100,-0.111218,0.974620,59.956592,2.131927,0.984398,59.955863,3.230838,0.994352,59.953882,2.326451,1.034831,59.959939,4.716894,1.048115,59.960159,7.183428,1.023394,59.962451,1.729545,1.001455,59.971814,7.358976,1.025231,59.968117,-9.609816,0.999495,0.999373,0.999173,0.999208,0.999018,0.999364,0.999645,0.999377,-44.064168,0.000000,4.947143,10.329591,4.533546,11.107034,22.459861,-40.431797,288.383297,447.800150,209.391350,467.503357,6.717002,286.592096,294.652499,141.504847,562.436988,245.394482,221.661074,276.382253,200.614467,124.488442,251.663684,184.493662,253.902685,8.239523,988.742731,2.149441,164.790455,75.230425,157.625653,78.812826,137.026846,28.927890,26.868009,92.246831,102.994034,75.767785,-82.574348,42.272334,15.225205,67.617823,24.718568,24.091648,4.119761,223.900075
4.020000,1.043333,59.966348,-8.118232,1.045433,59.963494,-5.737053,1.027890,59.961996,-8.228067,1.003850,59.960662,-9.036282,1.004947,59.960507,-8.090454,1.006910,59.960332,-7.482766,0.997668,59.960855,-9.447272,0.996864,59.961129,-9.895497,1.025694,59.965346,-9.730390,1.014860,59.959297,-5.215932,1.011102,59.959649,-5.987698,1.000465,59.959588,-5.959630,1.012479,59.959529,-5.837091,1.010404,59.960060,-7.281302,1.012473,59.960177,-7.432287,1.026363,59.960248,-6.066232,1.028852,59.961334,-7.047827,1.027382,59.961575,-7.884970,1.039348,59.957884,-1.500781,0.979145,59.956783,-2.447619,1.025379,59.960307,-3.880481,1.039954,59.960381,0.172348,1.035318,59.960405,-0.008573,1.031136,59.960262,-5.957348,1.053028,59.963487,-4.403036,1.043755,59.964350,-5.323080,1.031881,59.962905,-7.163481,1.034435,59.967444,-1.910984,1.031239,59.968598,0.709025,1.043871,59.964206,-3.736597,0.974210,59.959250,-0.112116,0.974583,59.956283,2.108171,0.984368,59.957117,3.208896,0.994522,59.955149,2.290288,1.034799,59.960411,4.720799,1.048060,59.960608,7.188813,1.023167,59.962760,1.750808,1.001097,59.971219,7.443686,1.025219,59.968169,-9.548869,0.999496,0.999322,0.999156,0.999244,0.999043,0.999361,0.999618,0.999425,-44.000072,0.000000,4.868070,10.277169,4.396556,11.113620,22.582838,-40.408475,288.383297,447.800150,209.391350,467.503357,6.717002,286.592096,294.652499,141.504847,562.436988,245.394482,221.661074,276.382253,200.614467,124.488442,251.663684,184.493662,253.902685,8.239523,988.742731,2.149441,164.790455,75.230425,157.625653,78.812826,137.026846,28.927890,26.868009,92.246831,102.994034,75.767785,-82.574348,42.272334,15.225205,67.617823,24.718568,24.091648,4.119761,223.900075
4.040000,1.043278,59.966615,-8.069935,1.045260,59.964114,-5.707731,1.027772,59.962498,-8.210071,1.003797,59.960892,-9.029132,1.004913,59.960529,-8.085359,1.006877,59.960311,-7.479130,0.997639,59.960872,-9.439693,0.996836,59.961158,-9.885889,1.025682,59.965384,-9.690350,1.014842,59.959338,-5.219477,1.011080,59.959671,-5.988792,1.000443,59.959648,-5.960989,1.012457,59.959625,-5.838710,1.010372,59.960296,-7.278463,1.012441,59.960721,-7.427214,1.026332,59.960909,-6.060117,1.028767,59.961898,-7.034326,1.027284,59.962119,-7.869818,1.039388,59.959002,-1.509640,0.979256,59.958037,-2.463799,1.025357,59.960944,-3.874048,1.039944,59.960974,0.179115,1.035304,59.961001,-0.001618,1.031107,59.960921,-5.951141,1.052828,59.963979,-4.374342,1.043527,59.964623,-5.289146,1.031713,59.963325,-7.139305,1.034129,59.967298,-1.856634,1.030926,59.968284,0.770939,1.043603,59.965317,-3.699924,0.974111,59.958507,-0.119531,0.974586,59.956133,2.082035,0.984369,59.958465,3.195549,0.994714,59.956537,2.262937,1.034809,59.960954,4.727553,1.048047,59.961127,7.196880,1.022962,59.963140,1.773743,1.000809,59.970515,7.522742,1.025212,59.968210,-9.488468,0.999496,0.999273,0.999144,0.999283,0.999071,0.999362,0.999585,0.999472,-43.914259,0.000000,4.804154,10.262497,4.292539,11.141257,22.714272,-40.343125,288.383297,447.800150,209.391350,467.503357,6.717002,286.592096,294.652499,141.504847,562.436988,245.394482,221.661074,276.382253,200.614467,124.488442,251.663684,184.493662,253.902685,8.239523,988.742731,2.149441,164.790455,75.230425,157.625653,78.812826,137.026846,28.927890,26.868009,92.246831,102.994034,75.767785,-82.574348,42.272334,15.225205,67.617823,24.718568,24.091648,4.119761,223.900075
4.060000,1.043235,59.966886,-8.021123,1.045119,59.964758,-5.675261,1.027690,59.963047,-8.189676,1.003784,59.961198,-9.021408,1.004919,59.960638,-8.081144,1.006885,59.960380,-7.476669,0.997649,59.960969,-9.433059,0.996846,59.961264,-9.877154,1.025688,59.965446,-9.651358,1.014865,59.959483,-5.223688,1.011100,59.959792,-5.990711,1.000464,59.959806,-5.962902,1.012477,59.959820,-5.840623,1.010380,59.960616,-7.274974,1.012447,59.961333,-7.419343,1.026338,59.961631,-6.050392,1.028722,59.962512,-7.017961,1.027226,59.962713,-7.851949,1.039458,59.960192,-1.511543,0.979393,59.959375,-2.471989,1.025376,59.961643,-3.864171,1.039975,59.961630,0.189009,1.035330,59.961659,0.008484,1.031116,59.961642,-5.941332,1.052658,59.964504,-4.343382,1.043354,59.964910,-5.254612,1.031594,59.963776,-7.113390,1.033898,59.967120,-1.804910,1.030691,59.967922,0.828941,1.043355,59.966419,-3.656708,0.974058,59.957889,-0.133173,0.974625,59.956147,2.054130,0.984400,59.959885,3.190819,0.994930,59.958026,2.244621,1.034859,59.961560,4.737077,1.048075,59.961709,7.207547,1.022782,59.963587,1.798288,1.000599,59.969720,7.594884,1.025210,59.968242,-9.429243,0.999496,0.999228,0.999137,0.999323,0.999103,0.999365,0.999549,0.999518,-43.808019,0.000000,4.756507,10.285292,4.221908,11.190005,22.851222,-40.237320,288.383297,447.800150,209.391350,467.503357,6.717002,286.592096,294.652499,141.504847,562.436988,245.394482,221.661074,276.382253,200.614467,124.488442,251.663684,184.493662,253.902685,8.239523,988.742731,2.149441,164.790455,75.230425,157.625653,78.812826,137.026846,28.927890,26.868009,92.246831,102.994034,75.767785,-82.574348,42.272334,15.225205,67.617823,24.718568,24.091648,4.119761,223.900075
4.080000,1.043206,59.967158,-7.972325,1.045009,59.965419,-5.640044,1.027644,59.963636,-8.167120,1.003809,59.961577,-9.013125,1.004965,59.960833,-8.077732,1.006933,59.960539,-7.475278,0.997697,59.961149,-9.427327,0.996893,59.961448,-9.869278,1.025712,59.965535,-9.613771,1.014927,59.959732,-5.228358,1.011158,59.960013,-5.993280,1.000524,59.960063,-5.965204,1.012536,59.960112,-5.842667,1.010427,59.961017,-7.270787,1.012491,59.962005,-7.408764,1.026381,59.962404,-6.037203,1.028717,59.963169,-6.998951,1.027205,59.963348,-7.831589,1.039557,59.961438,-1.506588,0.979556,59.960777,-2.472217,1.025433,59.962394,-3.850994,1.040046,59.962338,0.201895,1.035397,59.962370,0.021595,1.031162,59.962415,-5.928066,1.052519,59.965054,-4.310498,1.043237,59.965209,-5.219929,1.031524,59.964254,-7.086075,1.033749,59.966919,-1.756547,1.030541,59.967520,0.882180,1.043127,59.967495,-3.607638,0.974049,59.957409,-0.152626,0.974697,59.956325,2.025090,0.984460,59.961353,3.194568,0.995167,59.959593,2.235415,1.034947,59.962221,4.749246,1.048143,59.962346,7.220682,1.022626,59.964096,1.824362,1.000475,59.968851,7.658987,1.025212,59.968265,-9.371801,0.999496,0.999186,0.999135,0.999364,0.999137,0.999371,0.999509,0.999561,-43.683028,0.000000,4.725897,10.344527,4.184481,11.259577,22.990625,-40.093390,288.383297,447.800150,209.391350,467.503357,6.717002,286.592096,294.652499,141.504847,562.436988,245.394482,221.661074,276.382253,200.614467,124.488442,251.663684,184.493662,253.902685,8.239523,988.742731,2.149441,164.790455,75.230425,157.625653,78.812826,137.026846,28.927890,26.868009,92.246831,102.994034,75.767785,-82.574348,42.272334,15.225205,67.617823,24.718568,24.091648,4.119761,223.900075
4.100000,1.043188,59.967429,-7.924073,1.044930,59.966087,-5.602528,1.027632,59.964257,-8.142671,1.003871,59.962024,-9.004301,1.005046,59.961113,-8.075029,1.007017,59.960790,-7.474823,0.997780,59.961410,-9.422430,0.996974,59.961709,-9.862224,1.025752,59.965649,-9.577926,1.015025,59.960084,-5.233267,1.011252,59.960332,-5.996314,1.000620,59.960417,-5.967717,1.012631,59.960499,-5.844678,1.010510,59.961494,-7.265864,1.012570,59.962727,-7.395610,1.026459,59.963219,-6.020753,1.028752,59.963859,-6.977553,1.027222,59.964016,-7.809002,1.039685,59.962719,-1.494993,0.979742,59.962222,-2.464642,1.025527,59.963187,-3.834715,1.040154,59.963090,0.217585,1.035501,59.963124,0.037525,1.031244,59.963228,-5.911549,1.052410,59.965623,-4.276062,1.043180,59.965517,-5.185547,1.031506,59.964753,-7.057719,1.033685,59.966700,-1.712213,1.030483,59.967091,0.929900,1.042918,59.968529,-3.553498,0.974082,59.957079,-0.177359,0.974799,59.956665,1.995563,0.984547,59.962845,3.206509,0.995425,59.961215,2.235255,1.035072,59.962928,4.763888,1.048250,59.963028,7.236112,1.022494,59.964663,1.851869,1.000443,59.967927,7.714078,1.025219,59.968281,-9.316721,0.999495,0.999149,0.999139,0.999405,0.999174,0.999380,0.999467,0.999601,-43.541322,0.000000,4.712734,10.438464,4.179489,11.349320,23.129343,-39.914365,288.383297,447.800150,209.391350,467.503357,6.717002,286.592096,294.652499,141.504847,562.436988,245.394482,221.661074,276.382253,200.614467,124.488442,251.663684,184.493662,253.902685,8.239523,988.742731,2.149441,164.790455,75.230425,157.625653,78.812826,137.026846,28.927890,26.868009,92.246831,102.994034,75.767785,-82.574348,42.272334,15.225205,67.617823,24.718568,24.091648,4.119761,223.900075
4.120000,1.043182,59.967694,-7.876887,1.044880,59.966754,-5.563194,1.027652,59.964902,-8.116629,1.003966,59.962536,-8.994959,1.005161,59.961477,-8.072924,1.007134,59.961130,-7.475153,0.997894,59.961751,-9.418286,0.997085,59.962046,-9.855942,1.025807,59.965791,-9.544129,1.015154,59.960534,-5.238194,1.011378,59.960746,-5.999613,1.000750,59.960863,-5.970259,1.012758,59.960976,-5.846489,1.010626,59.962043,-7.260175,1.012683,59.963492,-7.380055,1.026572,59.964062,-6.001297,1.028825,59.964573,-6.954065,1.027276,59.964708,-7.784485,1.039838,59.964016,-1.477083,0.979949,59.963690,-2.449545,1.025657,59.964010,-3.815581,1.040298,59.963874,0.235845,1.035641,59.963910,0.056038,1.031360,59.964070,-5.892034,1.052332,59.966203,-4.240470,1.043182,59.965833,-5.151907,1.031539,59.965266,-7.028695,1.033710,59.966470,-1.672502,1.030518,59.966642,0.971442,1.042727,59.969506,-3.495158,0.974154,59.956911,-0.206738,0.974928,59.957162,1.966199,0.984660,59.964337,3.226213,0.995702,59.962869,2.243933,1.035232,59.963670,4.780791,1.048392,59.963745,7.253623,1.022386,59.965278,1.880683,1.000508,59.966966,7.759345,1.025230,59.968291,-9.264549,0.999494,0.999118,0.999148,0.999445,0.999213,0.999391,0.999423,0.999638,-43.385266,0.000000,4.717063,10.564700,4.205595,11.458209,23.264212,-39.703917,288.383297,447.800150,209.391350,467.503357,6.717002,286.592096,294.652499,141.504847,562.436988,245.394482,221.661074,276.382253,200.614467,124.488442,251.663684,184.493662,253.902685,8.239523,988.742731,2.149441,164.790455,75.230425,157.625653,78.812826,137.026846,28.927890,26.868009,92.246831,102.994034,75.767785,-82.574348,42.272334,15.225205,67.617823,24.718568,24.091648,4.119761,223.900075
4.140000,1.043187,59.967953,-7.831278,1.044858,59.967411,-5.522557,1.027704,59.965564,-8.089318,1.004091,59.963105,-8.985130,1.005304,59.961921,-8.071293,1.007280,59.961557,-7.476101,0.998036,59.962169,-9.414796,0.997224,59.962456,-9.850363,1.025876,59.965958,-9.512655,1.015311,59.961077,-5.242914,1.011533,59.961251,-6.002975,1.000908,59.961397,-5.972649,1.012913,59.961538,-5.847938,1.010772,59.962655,-7.253702,1.012827,59.964287,-7.362309,1.026715,59.964924,-5.979136,1.028933,59.965303,-6.928816,1.027363,59.965415,-7.758368,1.040016,59.965313,-1.453283,0.980177,59.965158,-2.427324,1.025819,59.964852,-3.793888,1.040475,59.964681,0.256402,1.035815,59.964717,0.076856,1.031508,59.964930,-5.869823,1.052285,59.966786,-4.204141,1.043245,59.966152,-5.119435,1.031622,59.965789,-6.999385,1.033826,59.966236,-1.637928,1.030651,59.966186,1.006256,1.042555,59.970411,-3.433555,0.974260,59.956909,-0.240039,0.975078,59.957809,1.937636,0.984796,59.965809,3.253127,0.995997,59.964530,2.261109,1.035423,59.964438,4.799705,1.048566,59.964489,7.272966,1.022302,59.965931,1.910647,1.000672,59.965988,7.794149,1.025244,59.968296,-9.215787,0.999492,0.999092,0.999161,0.999484,0.999252,0.999405,0.999378,0.999670,-43.217511,0.000000,4.738571,10.720226,4.260927,11.584852,23.392096,-39.466280,288.383297,447.800150,209.391350,467.503357,6.717002,286.592096,294.652499,141.504847,562.436988,245.394482,221.661074,276.382253,200.614467,124.488442,251.663684,184.493662,253.902685,8.239523,988.742731,2.149441,164.790455,75.230425,157.625653,78.812826,137.026846,28.927890,26.868009,92.246831,102.994034,75.767785,-82.574348,42.272334,15.225205,67.617823,24.718568,24.091648,4.119761,223.900075
4.160000,1.043202,59.968201,-7.787734,1.044863,59.968048,-5.481155,1.027784,59.966234,-8.061083,1.004242,59.963725,-8.974850,1.005473,59.962440,-8.070005,1.007452,59.962065,-7.477488,0.998202,59.962660,-9.411849,0.997386,59.962934,-9.845406,1.025955,59.966150,-9.483745,1.015492,59.961707,-5.247207,1.011711,59.961841,-6.006196,1.001092,59.962012,-5.974705,1.013093,59.962178,-5.848865,1.010943,59.963325,-7.246438,1.012999,59.965103,-7.342615,1.026888,59.965793,-5.954614,1.029076,59.966039,-6.902161,1.027483,59.966129,-7.731003,1.040216,59.966589,-1.424109,0.980423,59.966608,-2.398483,1.026011,59.965702,-3.769967,1.040682,59.965499,0.278942,1.036019,59.965536,0.099665,1.031685,59.965798,-5.845261,1.052268,59.967365,-4.167511,1.043368,59.966472,-5.088539,1.031754,59.966315,-6.970174,1.034034,59.966003,-1.608916,1.030882,59.965732,1.033908,1.042398,59.971235,-3.369677,0.974398,59.957079,-0.276465,0.975246,59.958597,1.910491,0.984953,59.967240,3.286583,0.996307,59.966178,2.286317,1.035642,59.965222,4.820346,1.048771,59.965248,7.293857,1.022240,59.966613,1.941568,1.000938,59.965012,7.818028,1.025262,59.968297,-9.170890,0.999490,0.999073,0.999180,0.999520,0.999293,0.999421,0.999332,0.999698,-43.040947,0.000000,4.776593,10.901497,4.343110,11.727493,23.509937,-39.206167,288.383297,447.800150,209.391350,467.503357,6.717002,286.592096,294.652499,141.504847,562.436988,245.394482,221.661074,276.382253,200.614467,124.488442,251.663684,184.493662,253.902685,8.239523,988.742731,2.149441,164.790455,75.230425,157.625653,78.812826,137.026846,28.927890,26.868009,92.246831,102.994034,75.767785,-82.574348,42.272334,15.225205,67.617823,24.718568,24.091648,4.119761,223.900075
4.180000,1.043225,59.968437,-7.746716,1.044891,59.968659,-5.439538,1.027890,59.966903,-8.032283,1.004416,59.964389,-8.964161,1.005662,59.963029,-8.068918,1.007644,59.962650,-7.479124,0.998388,59.963217,-9.409324,0.997566,59.963475,-9.840979,1.026044,59.966366,-9.457603,1.015693,59.962416,-5.250863,1.011909,59.962509,-6.009073,1.001296,59.962701,-5.976253,1.013293,59.962888,-5.849123,1.011137,59.964043,-7.238389,1.013196,59.965931,-7.321248,1.027086,59.966657,-5.928108,1.029250,59.966771,-6.874477,1.027631,59.966841,-7.702763,1.040435,59.967830,-1.390155,0.980685,59.968020,-2.363624,1.026230,59.966550,-3.744186,1.040916,59.966318,0.303124,1.036249,59.966355,0.124117,1.031888,59.966661,-5.818726,1.052279,59.967930,-4.131028,1.043548,59.966790,-5.059606,1.031933,59.966838,-6.941447,1.034332,59.965779,-1.585804,1.031209,59.965290,1.054081,1.042257,59.971965,-3.304545,0.974561,59.957419,-0.315159,0.975428,59.959514,1.885348,0.985128,59.968610,3.325819,0.996631,59.967788,2.318973,1.035887,59.966012,4.842402,1.049003,59.966013,7.315990,1.022200,59.967310,1.973217,1.001305,59.964057,7.830706,1.025283,59.968295,-9.130257,0.999488,0.999062,0.999203,0.999554,0.999333,0.999438,0.999287,0.999720,-42.858657,0.000000,4.830133,11.104515,4.449314,11.884034,23.614807,-38.928678,288.383297,447.800150,209.391350,467.503357,6.717002,286.592096,294.652499,141.504847,562.436988,245.394482,221.661074,276.382253,200.614467,124.488442,251.663684,184.493662,253.902685,8.239523,988.742731,2.149441,164.790455,75.230425,157.625653,78.812826,137.026846,28.927890,26.868009,92.246831,102.994034,75.767785,-82.574348,42.272334,15.225205,67.617823,24.718568,24.091648,4.119761,223.900075
4.200000,1.043256,59.968658,-7.708651,1.044941,59.969234,-5.398265,1.028019,59.967564,-8.003285,1.004608,59.965089,-8.953111,1.005868,59.963681,-8.067889,1.007853,59.963305,-7.480817,0.998589,59.963836,-9.407091,0.997762,59.964073,-9.836980,1.026140,59.966604,-9.434394,1.015907,59.963195,-5.253682,1.012123,59.963246,-6.011412,1.001515,59.963455,-5.977127,1.013509,59.963659,-5.848575,1.011348,59.964801,-7.229571,1.013414,59.966759,-7.298500,1.027308,59.967507,-5.900024,1.029453,59.967492,-6.846156,1.027806,59.967541,-7.674032,1.040670,59.969019,-1.352080,0.980961,59.969375,-2.323428,1.026472,59.967386,-3.716937,1.041172,59.967128,0.328582,1.036503,59.967165,0.149846,1.032114,59.967509,-5.790621,1.052317,59.968476,-4.095144,1.043785,59.967103,-5.032988,1.032156,59.967351,-6.913581,1.034718,59.965569,-1.568831,1.031632,59.964869,1.066577,1.042129,59.972594,-3.239193,0.974746,59.957928,-0.355227,0.975618,59.960547,1.862751,0.985319,59.969903,3.369992,0.996967,59.969341,2.358389,1.036152,59.966796,4.865540,1.049258,59.966775,7.339036,1.022181,59.968011,2.005325,1.001771,59.963142,7.832089,1.025306,59.968291,-9.094232,0.999486,0.999057,0.999230,0.999584,0.999373,0.999458,0.999244,0.999737,-42.673856,0.000000,4.897885,11.324914,4.576310,12.052058,23.703960,-38.639195,288.383297,447.800150,209.391350,467.503357,6.717002,286.592096,294.652499,141.504847,562.436988,245.394482,221.661074,276.382253,200.614467,124.488442,251.663684,184.493662,253.902685,8.239523,988.742731,2.149441,164.790455,75.230425,157.625653,78.812826,137.026846,28.927890,26.868009,92.246831,102.994034,75.767785,-82.574348,42.272334,15.225205,67.617823,24.718568,24.091648,4.119761,223.900075
4.220000,1.043293,59.968862,-7.673926,1.045009,59.969769,-5.357890,1.028168,59.968208,-7.974459,1.004815,59.965816,-8.941753,1.006085,59.964388,-8.066773,1.008073,59.964021,-7.482374,0.998801,59.964508,-9.405017,0.997969,59.964722,-9.833302,1.026241,59.966861,-9.414242,1.016133,59.964033,-5.255480,1.012347,59.964043,-6.013027,1.001746,59.964265,-5.977174,1.013736,59.964481,-5.847098,1.011572,59.965589,-7.220014,1.013650,59.967578,-7.274686,1.027548,59.968332,-5.870785,1.029681,59.968192,-6.817594,1.028004,59.968223,-7.645198,1.040920,59.970141,-1.310594,0.981247,59.970658,-2.278648,1.026733,59.968198,-3.688630,1.041448,59.967919,0.354933,1.036777,59.967956,0.176463,1.032360,59.968333,-5.761372,1.052380,59.968994,-4.060313,1.044073,59.967409,-5.009008,1.032420,59.967850,-6.886938,1.035189,59.965380,-1.558142,1.032145,59.964481,1.071326,1.042013,59.973116,-3.174649,0.974947,59.958600,-0.395751,0.975814,59.961680,1.843192,0.985523,59.971102,3.418204,0.997312,59.970816,2.403787,1.036435,59.967567,4.889410,1.049532,59.967523,7.362651,1.022182,59.968703,2.037585,1.002332,59.962284,7.822269,1.025331,59.968287,-9.063094,0.999483,0.999061,0.999260,0.999611,0.999412,0.999478,0.999202,0.999749,-42.489839,0.000000,4.978263,11.558054,4.720529,12.228861,23.774877,-38.343282,288.383297,447.800150,209.391350,467.503357,6.717002,286.592096,294.652499,141.504847,562.436988,245.394482,221.661074,276.382253,200.614467,124.488442,251.663684,184.493662,253.902685,8.239523,988.742731,2.149441,164.790455,75.230425,157.625653,78.812826,137.026846,28.927890,26.868009,92.246831,102.994034,75.767785,-82.574348,42.272334,15.225205,67.617823,24.718568,24.091648,4.119761,223.900075
4.240000,1.043336,59.969049,-7.642883,1.045094,59.970255,-5.318954,1.028333,59.968829,-7.946169,1.005032,59.966563,-8.930141,1.006310,59.965141,-8.065428,1.008301,59.964790,-7.483605,0.999020,59.965226,-9.402968,0.998183,59.965413,-9.829834,1.026346,59.967136,-9.397231,1.016364,59.964920,-5.256092,1.012577,59.964890,-6.013747,1.001983,59.965120,-5.976254,1.013969,59.965344,-5.844585,1.011806,59.966398,-7.209756,1.013901,59.968378,-7.250126,1.027805,59.969124,-5.840826,1.029930,59.968864,-6.789186,1.028222,59.968877,-7.616648,1.041180,59.971186,-1.266445,0.981543,59.971854,-2.230091,1.027010,59.968979,-3.659685,1.041739,59.968682,0.381784,1.037066,59.968718,0.203574,1.032621,59.969123,-5.731412,1.052466,59.969477,-4.026978,1.044410,59.967705,-4.987944,1.032721,59.968330,-6.861859,1.035738,59.965216,-1.553778,1.032743,59.964132,1.068378,1.041908,59.973527,-3.111920,0.975159,59.959427,-0.435810,0.976009,59.962897,1.827104,0.985737,59.972197,3.469514,0.997666,59.972195,2.454309,1.036732,59.968314,4.913655,1.049822,59.968250,7.386486,1.022200,59.969372,2.069655,1.002985,59.961499,7.801517,1.025357,59.968284,-9.037057,0.999481,0.999072,0.999294,0.999635,0.999449,0.999499,0.999163,0.999755,-42.309920,0.000000,5.069441,11.799118,4.878125,12.411497,23.825311,-38.046576,288.383297,447.800150,209.391350,467.503357,6.717002,286.592096,294.652499,141.504847,562.436988,245.394482,221.661074,276.382253,200.614467,124.488442,251.663684,184.493662,253.902685,8.239523,988.742731,2.149441,164.790455,75.230425,157.625653,78.812826,137.026846,28.927890,26.868009,92.246831,102.994034,75.767785,-82.574348,42.272334,15.225205,67.617823,24.718568,24.091648,4.119761,223.900075
4.260000,1.043383,59.969216,-7.615813,1.045193,59.970690,-5.281975,1.028512,59.969420,-7.918770,1.005255,59.967319,-8.918336,1.006539,59.965932,-8.063716,1.008532,59.965602,-7.484328,0.999242,59.965980,-9.400811,0.998399,59.966138,-9.826462,1.026452,59.967425,-9.383404,1.016596,59.965844,-5.255373,1.012809,59.965776,-6.013417,1.002223,59.966010,-5.974247,1.014205,59.966237,-5.840949,1.012045,59.967219,-7.198845,1.014162,59.969152,-7.225149,1.028075,59.969873,-5.810582,1.030197,59.969501,-6.761321,1.028456,59.969499,-7.588761,1.041450,59.972141,-1.220401,0.981845,59.972949,-2.178600,1.027300,59.969719,-3.630525,1.042042,59.969409,0.408743,1.037367,59.969443,0.230783,1.032895,59.969871,-5.701177,1.052574,59.969921,-3.995569,1.044791,59.967989,-4.970030,1.033055,59.968787,-6.838657,1.036361,59.965083,-1.555685,1.033421,59.963833,1.057907,1.041813,59.973825,-3.051967,0.975378,59.960396,-0.474496,0.976201,59.964180,1.814859,0.985958,59.973176,3.522961,0.998025,59.973462,2.509037,1.037038,59.969030,4.937915,1.050124,59.968946,7.410191,1.022234,59.970006,2.101166,1.003721,59.960803,7.770280,1.025385,59.968282,-9.016269,0.999478,0.999090,0.999330,0.999655,0.999484,0.999519,0.999127,0.999756,-42.137369,0.000000,5.169384,12.043214,5.045051,12.596822,23.853334,-37.754681,288.383297,447.800150,209.391350,467.503357,6.717002,286.592096,294.652499,141.504847,562.436988,245.394482,221.661074,276.382253,200.614467,124.488442,251.663684,184.493662,253.902685,8.239523,988.742731,2.149441,164.790455,75.230425,157.625653,78.812826,137.026846,28.927890,26.868009,92.246831,102.994034,75.767785,-82.574348,42.272334,15.225205,67.617823,24.718568,24.091648,4.119761,223.900075
4.280000,1.043434,59.969363,-7.592954,1.045303,59.971068,-5.247439,1.028701,59.969974,-7.892597,1.005481,59.968077,-8.906395,1.006767,59.966749,-8.061508,1.008761,59.966448,-7.484368,0.999463,59.966762,-9.398413,0.998614,59.966888,-9.823073,1.026558,59.967726,-9.372762,1.016826,59.966793,-5.253204,1.013039,59.966689,-6.011899,1.002460,59.966922,-5.971050,1.014439,59.967148,-5.836118,1.012285,59.968040,-7.187340,1.014429,59.969890,-7.200079,1.028353,59.970573,-5.780484,1.030479,59.970098,-6.734369,1.028703,59.970081,-7.561895,1.041725,59.972998,-1.173236,0.982151,59.973932,-2.125043,1.027599,59.970413,-3.601565,1.042352,59.970092,0.435420,1.037677,59.970125,0.257700,1.033178,59.970570,-5.671096,1.052700,59.970319,-3.966489,1.045210,59.968260,-4.955451,1.033417,59.969216,-6.817612,1.037048,59.964988,-1.563705,1.034169,59.963589,1.040205,1.041725,59.974011,-2.995693,0.975599,59.961495,-0.510933,0.976387,59.965511,1.806755,0.986184,59.974032,3.577583,0.998389,59.974604,2.567010,1.037351,59.969707,4.961834,1.050434,59.969604,7.433420,1.022284,59.970595,2.131722,1.004535,59.960211,7.729170,1.025412,59.968282,-9.000807,0.999476,0.999115,0.999368,0.999670,0.999516,0.999540,0.999096,0.999751,-41.975355,0.000000,5.275900,12.285467,5.217128,12.781553,23.857366,-37.473062,288.383297,447.800150,209.391350,467.503357,6.717002,286.592096,294.652499,141.504847,562.436988,245.394482,221.661074,276.382253,200.614467,124.488442,251.663684,184.493662,253.902685,8.239523,988.742731,2.149441,164.790455,75.230425,157.625653,78.812826,137.026846,28.927890,26.868009,92.246831,102.994034,75.767785,-82.574348,42.272334,15.225205,67.617823,24.718568,24.091648,4.119761,223.900075
4.300000,1.043486,59.969489,-7.574483,1.045421,59.971389,-5.215792,1.028897,59.970489,-7.867963,1.005706,59.968827,-8.894381,1.006990,59.967584,-8.058682,1.008986,59.967316,-7.483568,0.999679,59.967562,-9.395652,0.998824,59.967655,-9.819556,1.026661,59.968036,-9.365264,1.017050,59.967755,-5.249488,1.013263,59.967619,-6.009079,1.002692,59.967845,-5.966580,1.014669,59.968066,-5.830043,1.012523,59.968853,-7.175303,1.014701,59.970586,-7.175232,1.028638,59.971217,-5.750947,1.030772,59.970649,-6.708677,1.028960,59.970618,-7.536387,1.042003,59.973751,-1.125720,0.982460,59.974795,-2.070296,1.027902,59.971052,-3.573205,1.042667,59.970725,0.461443,1.037991,59.970756,0.283948,1.033468,59.971213,-5.641583,1.052842,59.970668,-3.940112,1.045663,59.968517,-4.944335,1.033803,59.969615,-6.798965,1.037794,59.964933,-1.577584,1.034981,59.963409,1.015680,1.041644,59.974088,-2.943925,0.975817,59.962708,-0.544290,0.976561,59.966870,1.803020,0.986413,59.974759,3.632437,0.998755,59.975608,2.627235,1.037666,59.970338,4.985071,1.050749,59.970219,7.455843,1.022346,59.971126,2.160912,1.005417,59.959733,7.678951,1.025440,59.968286,-8.990681,0.999473,0.999148,0.999407,0.999682,0.999546,0.999559,0.999069,0.999742,-41.826888,0.000000,5.386678,12.521121,5.390124,12.962325,23.836208,-37.206945,288.383297,447.800150,209.391350,467.503357,6.717002,286.592096,294.652499,141.504847,562.436988,245.394482,221.661074,276.382253,200.614467,124.488442,251.663684,184.493662,253.902685,8.239523,988.742731,2.149441,164.790455,75.230425,157.625653,78.812826,137.026846,28.927890,26.868009,92.246831,102.994034,75.767785,-82.574348,42.272334,15.225205,67.617823,24.718568,24.091648,4.119761,223.900075
4.320000,1.043539,59.969594,-7.560518,1.045545,59.971649,-5.187430,1.029097,59.970958,-7.845149,1.005927,59.969562,-8.882352,1.007205,59.968426,-8.055130,1.009201,59.968195,-7.481783,0.999887,59.968370,-9.392411,0.999026,59.968428,-9.815805,1.026761,59.968350,-9.360834,1.017264,59.968718,-5.244155,1.013478,59.968552,-6.004864,1.002915,59.968769,-5.960775,1.014889,59.968980,-5.822692,1.012756,59.969649,-7.162805,1.014973,59.971234,-7.150910,1.028926,59.971801,-5.722361,1.031072,59.971150,-6.684564,1.029222,59.971108,-7.512544,1.042283,59.974394,-1.078598,0.982770,59.975531,-2.015225,1.028208,59.971633,-3.545825,1.042984,59.971303,0.486459,1.038308,59.971332,0.309173,1.033759,59.971796,-5.613031,1.052998,59.970965,-3.916776,1.046144,59.968760,-4.936754,1.034208,59.969982,-6.782910,1.038587,59.964924,-1.596974,1.035846,59.963299,0.984846,1.041568,59.974061,-2.897398,0.976029,59.964015,-0.573799,0.976723,59.968239,1.803806,0.986642,59.975354,3.686612,0.999122,59.976464,2.688709,1.037980,59.970917,5.007301,1.051066,59.970784,7.477147,1.022420,59.971593,2.188318,1.006359,59.959381,7.620533,1.025467,59.968294,-8.985831,0.999471,0.999186,0.999447,0.999689,0.999572,0.999576,0.999046,0.999728,-41.694763,0.000000,5.499344,12.745629,5.559830,13.135759,23.789069,-36.961219,288.383297,447.800150,209.391350,467.503357,6.717002,286.592096,294.652499,141.504847,562.436988,245.394482,221.661074,276.382253,200.614467,124.488442,251.663684,184.493662,253.902685,8.239523,988.742731,2.149441,164.790455,75.230425,157.625653,78.812826,137.026846,28.927890,26.868009,92.246831,102.994034,75.767785,-82.574348,42.272334,15.225205,67.617823,24.718568,24.091648,4.119761,223.900075
4.340000,1.043592,59.969680,-7.551114,1.045673,59.971850,-5.162691,1.029299,59.971379,-7.824402,1.006140,59.970273,-8.870363,1.007409,59.969264,-8.050756,1.009406,59.969075,-7.478887,1.000083,59.969176,-9.388585,0.999217,59.969199,-9.811722,1.026856,59.968667,-9.359356,1.017465,59.969670,-5.237164,1.013680,59.969478,-5.999183,1.003125,59.969681,-5.953596,1.015098,59.969878,-5.814056,1.012980,59.970419,-7.149919,1.015243,59.971827,-7.127395,1.029213,59.972320,-5.695091,1.031376,59.971598,-6.662309,1.029488,59.971546,-7.490637,1.042562,59.974925,-1.032581,0.983078,59.976136,-1.960673,1.028513,59.972151,-3.519774,1.043298,59.971822,0.510141,1.038622,59.971848,0.333048,1.034051,59.972314,-5.585800,1.053164,59.971209,-3.896768,1.046646,59.968988,-4.932720,1.034627,59.970315,-6.769594,1.039421,59.964964,-1.621438,1.036755,59.963263,0.948321,1.041496,59.973935,-2.856743,0.976230,59.965400,-0.598767,0.976868,59.969599,1.809186,0.986870,59.975817,3.739250,0.999488,59.977168,2.750435,1.038290,59.971441,5.028227,1.051382,59.971294,7.497049,1.022503,59.971986,2.213527,1.007349,59.959163,7.554947,1.025494,59.968306,-8.986132,0.999469,0.999230,0.999487,0.999693,0.999594,0.999592,0.999030,0.999710,-41.581508,0.000000,5.611504,12.954736,5.722133,13.298524,23.715577,-36.740348,288.383297,447.800150,209.391350,467.503357,6.717002,286.592096,294.652499,141.504847,562.436988,245.394482,221.661074,276.382253,200.614467,124.488442,251.663684,184.493662,253.902685,8.239523,988.742731,2.149441,164.790455,75.230425,157.625653,78.812826,137.026846,28.927890,26.868009,92.246831,102.994034,75.767785,-82.574348,42.272334,15.225205,67.617823,24.718568,24.091648,4.119761,223.900075
4.360000,1.043645,59.969746,-7.546261,1.045802,59.971992,-5.141852,1.029500,59.971749,-7.805928,1.006344,59.970953,-8.858470,1.007599,59.970089,-8.045481,1.009595,59.969944,-7.474776,1.000265,59.969971,-9.384080,0.999395,59.969958,-9.807217,1.026944,59.968983,-9.360680,1.017651,59.970598,-5.228497,1.013867,59.970386,-5.991993,1.003320,59.970570,-5.945026,1.015292,59.970750,-5.804145,1.013192,59.971154,-7.136721,1.015507,59.972363,-7.104942,1.029498,59.972773,-5.669461,1.031680,59.971991,-6.642152,1.029753,59.971931,-7.470894,1.042839,59.975342,-0.988332,0.983384,59.976607,-1.907447,1.028814,59.972603,-3.495365,1.043607,59.972278,0.532200,1.038932,59.972302,0.355280,1.034340,59.972766,-5.560217,1.053338,59.971399,-3.880328,1.047164,59.969203,-4.932182,1.035056,59.970614,-6.759111,1.040284,59.965057,-1.650456,1.037697,59.963305,0.906807,1.041427,59.973721,-2.822478,0.976417,59.966839,-0.618586,0.976995,59.970930,1.819157,0.987094,59.976151,3.789559,0.999853,59.977714,2.811439,1.038594,59.971906,5.047581,1.051693,59.971748,7.515293,1.022594,59.972301,2.236136,1.008377,59.959084,7.483333,1.025519,59.968325,-8.991395,0.999467,0.999279,0.999527,0.999694,0.999613,0.999606,0.999018,0.999688,-41.489337,0.000000,5.720792,13.144561,5.873097,13.447412,23.615796,-36.548293,288.383297,447.800150,209.391350,467.503357,6.717002,286.592096,294.652499,141.504847,562.436988,245.394482,221.661074,276.382253,200.614467,124.488442,251.663684,184.493662,253.902685,8.239523,988.742731,2.149441,164.790455,75.230425,157.625653,78.812826,137.026846,28.927890,26.868009,92.246831,102.994034,75.767785,-82.574348,42.272334,15.225205,67.617823,24.718568,24.091648,4.119761,223.900075
4.380000,1.043696,59.969794,-7.545888,1.045931,59.972078,-5.125118,1.029697,59.972069,-7.789890,1.006534,59.971595,-8.846721,1.007773,59.970891,-8.039240,1.009768,59.970793,-7.469367,1.000431,59.970745,-9.378817,0.999556,59.970696,-9.802208,1.027024,59.969294,-9.364625,1.017819,59.971493,-5.218167,1.014036,59.971263,-5.983273,1.003498,59.971427,-5.935069,1.015470,59.971586,-5.792987,1.013391,59.971848,-7.123289,1.015764,59.972838,-7.083779,1.029778,59.973157,-5.645756,1.031982,59.972329,-6.624287,1.030016,59.972261,-7.453499,1.043112,59.975647,-0.946457,0.983687,59.976946,-1.856302,1.029109,59.972989,-3.472872,1.043909,59.972671,0.552381,1.039235,59.972691,0.375616,1.034623,59.973149,-5.536564,1.053518,59.971536,-3.867635,1.047691,59.969405,-4.935031,1.035488,59.970879,-6.751502,1.041167,59.965205,-1.683435,1.038662,59.963429,0.861090,1.041360,59.973427,-2.794996,0.976588,59.968314,-0.632746,0.977102,59.972215,1.833643,0.987314,59.976358,3.836823,1.000216,59.978100,2.870781,1.038889,59.972310,5.065133,1.051998,59.972142,7.531662,1.022691,59.972534,2.255772,1.009433,59.959148,7.406919,1.025543,59.968350,-9.001372,0.999465,0.999333,0.999566,0.999691,0.999627,0.999616,0.999013,0.999663,-41.420112,0.000000,5.824923,13.311660,6.009023,13.579402,23.490223,-36.388441,288.383297,447.800150,209.391350,467.503357,6.717002,286.592096,294.652499,141.504847,562.436988,245.394482,221.661074,276.382253,200.614467,124.488442,251.663684,184.493662,253.902685,8.239523,988.742731,2.149441,164.790455,75.230425,157.625653,78.812826,137.026846,28.927890,26.868009,92.246831,102.994034,75.767785,-82.574348,42.272334,15.225205,67.617823,24.718568,24.091648,4.119761,223.900075
4.400000,1.043745,59.969826,-7.549861,1.046056,59.972111,-5.112626,1.029888,59.972337,-7.776404,1.006710,59.972194,-8.835159,1.007928,59.971660,-8.031988,1.009921,59.971611,-7.462601,1.000578,59.971489,-9.372732,0.999700,59.971406,-9.796628,1.027096,59.969598,-9.370982,1.017967,59.972343,-5.206211,1.014185,59.972100,-5.973031,1.003656,59.972240,-5.923754,1.015628,59.972376,-5.780631,1.013574,59.972493,-7.109698,1.016011,59.973250,-7.064099,1.030050,59.973472,-5.624214,1.032279,59.972612,-6.608860,1.030273,59.972537,-7.438590,1.043379,59.975844,-0.907497,0.983985,59.977153,-1.807932,1.029395,59.973308,-3.452523,1.044201,59.972998,0.570476,1.039529,59.973016,0.393846,1.034898,59.973464,-5.515079,1.053700,59.971621,-3.858808,1.048223,59.969596,-4.941093,1.035920,59.971112,-6.746751,1.042060,59.965409,-1.719715,1.039640,59.963636,0.812018,1.041294,59.973065,-2.774562,0.976739,59.969801,-0.640840,0.977188,59.973438,1.852493,0.987529,59.976446,3.880417,1.000575,59.978330,2.927579,1.039173,59.972652,5.080693,1.052293,59.972476,7.545979,1.022793,59.972684,2.272093,1.010505,59.959357,7.326999,1.025565,59.968382,-9.015759,0.999464,0.999389,0.999603,0.999685,0.999637,0.999624,0.999013,0.999636,-41.375302,0.000000,5.921731,13.453092,6.126528,13.691728,23.339784,-36.263547,288.383297,447.800150,209.391350,467.503357,6.717002,286.592096,294.652499,141.504847,562.436988,245.394482,221.661074,276.382253,200.614467,124.488442,251.663684,184.493662,253.902685,8.239523,988.742731,2.149441,164.790455,75.230425,157.625653,78.812826,137.026846,28.927890,26.868009,92.246831,102.994034,75.767785,-82.574348,42.272334,15.225205,67.617823,24.718568,24.091648,4.119761,223.900075
4.420000,1.043791,59.969844,-7.557984,1.046178,59.972096,-5.104433,1.030071,59.972554,-7.765538,1.006869,59.972743,-8.823823,1.008063,59.972388,-8.023696,1.010053,59.972388,-7.454442,1.000705,59.972194,-9.365777,0.999824,59.972078,-9.790420,1.027158,59.969891,-9.379515,1.018095,59.973138,-5.192692,1.014314,59.972888,-5.961295,1.003792,59.973002,-5.911128,1.015767,59.973112,-5.767141,1.013739,59.973083,-7.096024,1.016247,59.973597,-7.046062,1.030313,59.973720,-5.605023,1.032568,59.972839,-6.595963,1.030522,59.972760,-7.426251,1.043639,59.975935,-0.871915,0.984278,59.977234,-1.762960,1.029670,59.973560,-3.434497,1.044481,59.973261,0.586321,1.039812,59.973276,0.409807,1.035164,59.973711,-5.495950,1.053883,59.971659,-3.853900,1.048752,59.969778,-4.950142,1.036348,59.971313,-6.744787,1.042955,59.965671,-1.758585,1.040620,59.963926,0.760490,1.041228,59.972648,-2.761307,0.976868,59.971279,-0.642573,0.977251,59.974583,1.875486,0.987737,59.976421,3.919813,1.000930,59.978405,2.981014,1.039444,59.972931,5.094114,1.052578,59.972750,7.558111,1.022897,59.972752,2.284809,1.011583,59.959709,7.244912,1.025586,59.968421,-9.034201,0.999462,0.999448,0.999638,0.999676,0.999643,0.999629,0.999019,0.999607,-41.355961,0.000000,6.009218,13.566460,6.222593,13.781943,23.165818,-36.175693,288.383297,447.800150,209.391350,467.503357,6.717002,286.592096,294.652499,141.504847,562.436988,245.394482,221.661074,276.382253,200.614467,124.488442,251.663684,184.493662,253.902685,8.239523,988.742731,2.149441,164.790455,75.230425,157.625653,78.812826,137.026846,28.927890,26.868009,92.246831,102.994034,75.767785,-82.574348,42.272334,15.225205,67.617823,24.718568,24.091648,4.119761,223.900075
4.440000,1.043833,59.969851,-7.570007,1.046293,59.972037,-5.100522,1.030244,59.972721,-7.757310,1.007010,59.973239,-8.812745,1.008177,59.973067,-8.014356,1.010164,59.973116,-7.444880,1.000811,59.972853,-9.357922,0.999928,59.972706,-9.783544,1.027211,59.970171,-9.389971,1.018199,59.973871,-5.177698,1.014420,59.973617,-5.948122,1.003906,59.973703,-5.897260,1.015884,59.973786,-5.752601,1.013885,59.973614,-7.082340,1.016469,59.973880,-7.029789,1.030565,59.973902,-5.588321,1.032847,59.973015,-6.585640,1.030761,59.972931,-7.416518,1.043892,59.975928,-0.840097,0.984565,59.977194,-1.721927,1.029933,59.973748,-3.418923,1.044748,59.973462,0.599802,1.040081,59.973474,0.423384,1.035418,59.973893,-5.479313,1.054064,59.971653,-3.852896,1.049273,59.969951,-4.961894,1.036766,59.971484,-6.745487,1.043841,59.965989,-1.799293,1.041591,59.964297,0.707443,1.041161,59.972188,-2.755229,0.976973,59.972727,-0.637764,0.977291,59.975636,1.902339,0.987937,59.976292,3.954583,1.001281,59.978333,3.030348,1.039700,59.973149,5.105295,1.052850,59.972964,7.567971,1.023003,59.972742,2.293683,1.012655,59.960201,7.162017,1.025604,59.968468,-9.056300,0.999462,0.999508,0.999670,0.999665,0.999645,0.999631,0.999031,0.999577,-41.362707,0.000000,6.085589,13.649948,6.294626,13.847979,22.970059,-36.126249,288.383297,447.800150,209.391350,467.503357,6.717002,286.592096,294.652499,141.504847,562.436988,245.394482,221.661074,276.382253,200.614467,124.488442,251.663684,184.493662,253.902685,8.239523,988.742731,2.149441,164.790455,75.230425,157.625653,78.812826,137.026846,28.927890,26.868009,92.246831,102.994034,75.767785,-82.574348,42.272334,15.225205,67.617823,24.718568,24.091648,4.119761,223.900075
4.460000,1.043872,59.969848,-7.585627,1.046401,59.971942,-5.100798,1.030406,59.972841,-7.751689,1.007132,59.973678,-8.801951,1.008268,59.973689,-8.003977,1.010251,59.973786,-7.433932,1.000895,59.973459,-9.349156,1.000010,59.973282,-9.775974,1.027252,59.970435,-9.402077,1.018281,59.974533,-5.161339,1.014503,59.974280,-5.933589,1.003997,59.974338,-5.882238,1.015978,59.974392,-5.737108,1.014011,59.974081,-7.068716,1.016676,59.974100,-7.015362,1.030804,59.974021,-5.574193,1.033113,59.973140,-6.577881,1.030988,59.973053,-7.409375,1.044137,59.975830,-0.812344,0.984845,59.977042,-1.685287,1.030182,59.973873,-3.405878,1.045000,59.973601,0.610853,1.040336,59.973611,0.434512,1.035660,59.974011,-5.465252,1.054241,59.971608,-3.855713,1.049782,59.970120,-4.976020,1.037172,59.971628,-6.748676,1.044710,59.966363,-1.841057,1.042546,59.964747,0.653829,1.041093,59.971700,-2.756194,0.977053,59.974123,-0.626351,0.977308,59.976584,1.932708,0.988130,59.976071,3.984407,1.001628,59.978121,3.074933,1.039941,59.973308,5.114183,1.053108,59.973121,7.575516,1.023109,59.972657,2.298546,1.013713,59.960827,7.079673,1.025619,59.968524,-9.081619,0.999461,0.999568,0.999699,0.999652,0.999642,0.999630,0.999048,0.999546,-41.395705,0.000000,6.149286,13.702348,6.340503,13.888197,22.754607,-36.115862,288.383297,447.800150,209.391350,467.503357,6.717002,286.592096,294.652499,141.504847,562.436988,245.394482,221.661074,276.382253,200.614467,124.488442,251.663684,184.493662,253.902685,8.239523,988.742731,2.149441,164.790455,75.230425,157.625653,78.812826,137.026846,28.927890,26.868009,92.246831,102.994034,75.767785,-82.574348,42.272334,15.225205,67.617823,24.718568,24.091648,4.119761,223.900075
4.480000,1.043907,59.969838,-7.604492,1.046500,59.971816,-5.105095,1.030556,59.972917,-7.748596,1.007234,59.974056,-8.791462,1.008335,59.974248,-7.992590,1.010314,59.974391,-7.421638,1.000956,59.974005,-9.339487,1.000070,59.973802,-9.767699,1.027283,59.970682,-9.415550,1.018339,59.975118,-5.143749,1.014563,59.974871,-5.917799,1.004064,59.974898,-5.866169,1.016049,59.974924,-5.720774,1.014117,59.974482,-7.055217,1.016868,59.974258,-7.002827,1.031029,59.974080,-5.562670,1.033365,59.973218,-6.572627,1.031201,59.973129,-7.404756,1.044374,59.975648,-0.788870,0.985119,59.976787,-1.653402,1.030416,59.973940,-3.395389,1.045236,59.973684,0.619459,1.040575,59.973691,0.443175,1.035887,59.974071,-5.453799,1.054411,59.971530,-3.862199,1.050274,59.970284,-4.992146,1.037561,59.971747,-6.754133,1.045553,59.966789,-1.883084,1.043474,59.965272,0.600603,1.041024,59.971197,-2.763940,0.977106,59.975447,-0.608389,0.977302,59.977416,1.966196,0.988315,59.975768,4.009072,1.001969,59.977781,3.114217,1.040165,59.973411,5.120770,1.053351,59.973224,7.580752,1.023214,59.972505,2.299302,1.014746,59.961578,6.999212,1.025633,59.968588,-9.109691,0.999461,0.999627,0.999725,0.999638,0.999636,0.999626,0.999070,0.999516,-41.454670,0.000000,6.199020,13.723064,6.358608,13.901430,22.521891,-36.144443,288.383297,447.800150,209.391350,467.503357,6.717002,286.592096,294.652499,141.504847,562.436988,245.394482,221.661074,276.382253,200.614467,124.488442,251.663684,184.493662,253.902685,8.239523,988.742731,2.149441,164.790455,75.230425,157.625653,78.812826,137.026846,28.927890,26.868009,92.246831,102.994034,75.767785,-82.574348,42.272334,15.225205,67.617823,24.718568,24.091648,4.119761,223.900075
4.500000,1.043937,59.969825,-7.626208,1.046590,59.971666,-5.113173,1.030691,59.972952,-7.747907,1.007316,59.974372,-8.781291,1.008380,59.974740,-7.980243,1.010354,59.974926,-7.408064,1.000994,59.974486,-9.328941,1.000107,59.974259,-9.758725,1.027303,59.970909,-9.430100,1.018374,59.975621,-5.125078,1.014599,59.975383,-5.900873,1.004107,59.975381,-5.849176,1.016098,59.975378,-5.703725,1.014201,59.974814,-7.041907,1.017043,59.974356,-6.992190,1.031240,59.974085,-5.553735,1.033601,59.973252,-6.569772,1.031399,59.973162,-7.402550,1.044601,59.975393,-0.769805,0.985386,59.976440,-1.626538,1.030634,59.973952,-3.387431,1.045455,59.973713,0.625650,1.040798,59.973718,0.449407,1.036100,59.974075,-5.444934,1.054574,59.971424,-3.872138,1.050743,59.970446,-5.009865,1.037931,59.971845,-6.761596,1.046364,59.967265,-1.924581,1.044368,59.965866,0.548707,1.040952,59.970693,-2.778084,0.977131,59.976682,-0.584050,0.977274,59.978125,2.002360,0.988491,59.975395,4.028470,1.002306,59.977325,3.147758,1.040371,59.973462,5.125096,1.053577,59.973275,7.583730,1.023316,59.972296,2.295936,1.015746,59.962444,6.921916,1.025644,59.968661,-9.140026,0.999461,0.999684,0.999747,0.999623,0.999625,0.999619,0.999097,0.999487,-41.538864,0.000000,6.233793,13.712118,6.347857,13.887023,22.274628,-36.211184,288.383297,447.800150,209.391350,467.503357,6.717002,286.592096,294.652499,141.504847,562.436988,245.394482,221.661074,276.382253,200.614467,124.488442,251.663684,184.493662,253.902685,8.239523,988.742731,2.149441,164.790455,75.230425,157.625653,78.812826,137.026846,28.927890,26.868009,92.246831,102.994034,75.767785,-82.574348,42.272334,15.225205,67.617823,24.718568,24.091648,4.119761,223.900075
4.520000,1.043962,59.969810,-7.650348,1.046670,59.971500,-5.124728,1.030813,59.972950,-7.749456,1.007377,59.974625,-8.771448,1.008401,59.975158,-7.967005,1.010370,59.975385,-7.393300,1.001009,59.974898,-9.317562,1.000122,59.974650,-9.749075,1.027312,59.971115,-9.445430,1.018386,59.976037,-5.105496,1.014611,59.975812,-5.882953,1.004127,59.975781,-5.831399,1.016124,59.975750,-5.686095,1.014265,59.975076,-7.028842,1.017202,59.974397,-6.983425,1.031435,59.974038,-5.547320,1.033820,59.973248,-6.569166,1.031581,59.973157,-7.402600,1.044819,59.975074,-0.755193,0.985647,59.976012,-1.604867,1.030835,59.973914,-3.381935,1.045657,59.973693,0.629505,1.041003,59.973695,0.453285,1.036297,59.974028,-5.438590,1.054726,59.971299,-3.885249,1.051187,59.970607,-5.028741,1.038279,59.971923,-6.770766,1.047136,59.967785,-1.964771,1.045220,59.966522,0.499049,1.040877,59.970201,-2.798131,0.977129,59.977808,-0.553619,0.977224,59.978703,2.040721,0.988659,59.974965,4.042595,1.002638,59.976766,3.175222,1.040559,59.973464,5.127243,1.053786,59.973279,7.584543,1.023415,59.972038,2.288514,1.016703,59.963411,6.848998,1.025652,59.968743,-9.172114,0.999462,0.999739,0.999765,0.999606,0.999612,0.999609,0.999129,0.999459,-41.647114,0.000000,6.252915,13.670130,6.307721,13.844854,22.015781,-36.314575,288.383297,447.800150,209.391350,467.503357,6.717002,286.592096,294.652499,141.504847,562.436988,245.394482,221.661074,276.382253,200.614467,124.488442,251.663684,184.493662,253.902685,8.239523,988.742731,2.149441,164.790455,75.230425,157.625653,78.812826,137.026846,28.927890,26.868009,92.246831,102.994035,75.767785,-82.574348,42.272334,15.225205,67.617823,24.718568,24.091648,4.119761,223.900075
4.540000,1.043983,59.969798,-7.676452,1.046738,59.971325,-5.139394,1.030919,59.972916,-7.753036,1.007417,59.974815,-8.761939,1.008399,59.975501,-7.952962,1.010362,59.975764,-7.377460,1.001001,59.975236,-9.305415,1.000116,59.974972,-9.738788,1.027311,59.971298,-9.461249,1.018375,59.976364,-5.085187,1.014601,59.976155,-5.864199,1.004124,59.976097,-5.812990,1.016127,59.976039,-5.668031,1.014307,59.975267,-7.016077,1.017342,59.974386,-6.976470,1.031614,59.973947,-5.543313,1.034021,59.973209,-6.570617,1.031746,59.973118,-7.404712,1.045028,59.974701,-0.744994,0.985901,59.975516,-1.588459,1.031019,59.973832,-3.378783,1.045840,59.973628,0.631143,1.041191,59.973629,0.454931,1.036477,59.973937,-5.434654,1.054868,59.971161,-3.901192,1.051602,59.970770,-5.048320,1.038603,59.971985,-6.781314,1.047862,59.968344,-2.002905,1.046023,59.967231,0.452489,1.040799,59.969735,-2.823481,0.977099,59.978811,-0.517496,0.977154,59.979145,2.080764,0.988819,59.974489,4.051541,1.002965,59.976120,3.196392,1.040729,59.973422,5.127332,1.053978,59.973241,7.583325,1.023508,59.971743,2.277195,1.017612,59.964466,6.781580,1.025658,59.968835,-9.205438,0.999462,0.999790,0.999778,0.999590,0.999595,0.999598,0.999164,0.999433,-41.777829,0.000000,6.256019,13.598300,6.238231,13.775350,21.748502,-36.452442,288.383297,447.800150,209.391350,467.503357,6.717002,286.592096,294.652499,141.504847,562.436988,245.394482,221.661074,276.382253,200.614467,124.488442,251.663684,184.493662,253.902685,8.239523,988.742731,2.149441,164.790455,75.230425,157.625653,78.812826,137.026846,28.927890,26.868009,92.246831,102.994035,75.767785,-82.574348,42.272334,15.225205,67.617823,24.718568,24.091648,4.119761,223.900075
4.560000,1.043998,59.969791,-7.704041,1.046795,59.971147,-5.156752,1.031009,59.972853,-7.758409,1.007438,59.974942,-8.752765,1.008376,59.975766,-7.938217,1.010332,59.976060,-7.360680,1.000972,59.975500,-9.292581,1.000088,59.975223,-9.727918,1.027299,59.971458,-9.477266,1.018343,59.976601,-5.064348,1.014569,59.976410,-5.844785,1.004098,59.976326,-5.794113,1.016110,59.976243,-5.649686,1.014330,59.975390,-7.003661,1.017466,59.974326,-6.971231,1.031777,59.973816,-5.541560,1.034203,59.973141,-6.573902,1.031894,59.973049,-7.408656,1.045227,59.974286,-0.739094,0.986148,59.974965,-1.577294,1.031186,59.973710,-3.377821,1.046006,59.973525,0.630725,1.041360,59.973523,0.454506,1.036641,59.973807,-5.432972,1.054996,59.971017,-3.919575,1.051985,59.970934,-5.068138,1.038899,59.972035,-6.792890,1.048537,59.968936,-2.038278,1.046773,59.967985,0.409824,1.040719,59.969305,-2.853449,0.977041,59.979677,-0.476180,0.977065,59.979449,2.121957,0.988971,59.973980,4.055490,1.003287,59.975403,3.211166,1.040881,59.973340,5.125525,1.054151,59.973166,7.580244,1.023596,59.971423,2.262218,1.018466,59.965593,6.720674,1.025662,59.968935,-9.239480,0.999464,0.999836,0.999787,0.999573,0.999576,0.999584,0.999202,0.999409,-41.929028,0.000000,6.243062,13.498367,6.139976,13.679490,21.476086,-36.621988,288.383297,447.800150,209.391350,467.503357,6.717002,286.592096,294.652499,141.504847,562.436988,245.394482,221.661074,276.382253,200.614467,124.488442,251.663684,184.493662,253.902685,8.239523,988.742731,2.149441,164.790455,75.230425,157.625653,78.812826,137.026846,28.927890,26.868009,92.246831,102.994035,75.767785,-82.574348,42.272334,15.225205,67.617823,24.718568,24.091648,4.119761,223.900075
4.580000,1.044009,59.969790,-7.732621,1.046840,59.970975,-5.176338,1.031083,59.972768,-7.765305,1.007439,59.975007,-8.743923,1.008331,59.975951,-7.922890,1.010280,59.976272,-7.343114,1.000923,59.975688,-9.279158,1.000040,59.975401,-9.716537,1.027277,59.971595,-9.493205,1.018291,59.976746,-5.043185,1.014517,59.976577,-5.824900,1.004052,59.976469,-5.774941,1.016072,59.976362,-5.631220,1.014333,59.975444,-6.991639,1.017572,59.974223,-6.967591,1.031923,59.973652,-5.541872,1.034366,59.973047,-6.578766,1.032023,59.972957,-7.414172,1.045417,59.973838,-0.737303,0.986389,59.974372,-1.571259,1.031335,59.973555,-3.378856,1.046153,59.973388,0.628441,1.041511,59.973385,0.452202,1.036788,59.973642,-5.433354,1.055111,59.970875,-3.939961,1.052334,59.971101,-5.087729,1.039168,59.972073,-6.805127,1.049158,59.969553,-2.070241,1.047464,59.968772,0.371773,1.040635,59.968922,-2.887272,0.976956,59.980393,-0.430263,0.976960,59.979615,2.163752,0.989116,59.973450,4.054705,1.003605,59.974632,3.219556,1.041015,59.973226,5.122011,1.054307,59.973058,7.575501,1.023676,59.971091,2.243910,1.019260,59.966773,6.667163,1.025663,59.969045,-9.273724,0.999465,0.999876,0.999792,0.999557,0.999554,0.999570,0.999242,0.999388,-42.098372,0.000000,6.214327,13.372569,6.014093,13.558792,21.201909,-36.819859,288.383297,447.800150,209.391350,467.503357,6.717002,286.592096,294.652499,141.504847,562.436988,245.394482,221.661074,276.382253,200.614467,124.488442,251.663684,184.493662,253.902685,8.239523,988.742731,2.149441,164.790455,75.230425,157.625653,78.812826,137.026846,28.927890,26.868009,92.246831,102.994035,75.767785,-82.574348,42.272334,15.225205,67.617823,24.718568,24.091648,4.119761,223.900075
4.600000,1.044014,59.969800,-7.761689,1.046872,59.970813,-5.197653,1.031142,59.972663,-7.773433,1.007421,59.975013,-8.735409,1.008267,59.976058,-7.907112,1.010208,59.976399,-7.324934,1.000854,59.975799,-9.265257,0.999974,59.975507,-9.704726,1.027246,59.971708,-9.508796,1.018220,59.976801,-5.021911,1.014446,59.976655,-5.804742,1.003987,59.976526,-5.755655,1.016016,59.976399,-5.612795,1.014318,59.975433,-6.980051,1.017661,59.974080,-6.965404,1.032053,59.973459,-5.544027,1.034509,59.972932,-6.584931,1.032134,59.972844,-7.420977,1.045598,59.973369,-0.739368,0.986624,59.973751,-1.570158,1.031466,59.973372,-3.381666,1.046283,59.973224,0.624515,1.041645,59.973219,0.448244,1.036919,59.973450,-5.435576,1.055212,59.970740,-3.961872,1.052647,59.971271,-5.106636,1.039408,59.972104,-6.817654,1.049720,59.970186,-2.098213,1.048092,59.969581,0.338968,1.040547,59.968596,-2.924130,0.976846,59.980951,-0.380425,0.976840,59.979645,2.205594,0.989253,59.972910,4.049525,1.003918,59.973823,3.221686,1.041131,59.973082,5.117010,1.054444,59.972922,7.569323,1.023749,59.970760,2.222678,1.019989,59.967990,6.621794,1.025662,59.969163,-9.307668,0.999467,0.999911,0.999792,0.999541,0.999531,0.999554,0.999284,0.999371,-42.283211,0.000000,6.170412,13.223588,5.862237,13.415297,20.929376,-37.042204,288.383297,447.800150,209.391350,467.503357,6.717002,286.592096,294.652499,141.504847,562.436988,245.394482,221.661074,276.382253,200.614467,124.488442,251.663684,184.493662,253.902685,8.239523,988.742731,2.149441,164.790455,75.230425,157.625653,78.812826,137.026846,28.927890,26.868009,92.246831,102.994035,75.767785,-82.574348,42.272334,15.225205,67.617823,24.718568,24.091648,4.119761,223.900075
4.620000,1.044015,59.969821,-7.790746,1.046893,59.970668,-5.220167,1.031184,59.972546,-7.782484,1.007387,59.974962,-8.727217,1.008185,59.976086,-7.891029,1.010119,59.976442,-7.306327,1.000768,59.975835,-9.251004,0.999891,59.975542,-9.692582,1.027206,59.971797,-9.523788,1.018133,59.976769,-5.000744,1.014358,59.976648,-5.784514,1.003905,59.976501,-5.736439,1.015944,59.976356,-5.594576,1.014286,59.975359,-6.968935,1.017734,59.973904,-6.964508,1.032167,59.973245,-5.547777,1.034633,59.972802,-6.592101,1.032227,59.972717,-7.428770,1.045770,59.972888,-0.744977,0.986853,59.973115,-1.573711,1.031581,59.973167,-3.386005,1.046395,59.973037,0.619190,1.041761,59.973030,0.442878,1.037033,59.973236,-5.439391,1.055298,59.970619,-3.984803,1.052923,59.971444,-5.124414,1.039618,59.972129,-6.830095,1.050223,59.970829,-2.121688,1.048656,59.970402,0.311940,1.040456,59.968335,-2.963156,0.976712,59.981344,-0.327418,0.976708,59.979540,2.246936,0.989383,59.972372,4.040348,1.004226,59.972995,3.217788,1.041231,59.972916,5.110761,1.054564,59.972764,7.561958,1.023814,59.970442,2.199003,1.020651,59.969223,6.585158,1.025659,59.969291,-9.340827,0.999470,0.999939,0.999788,0.999527,0.999506,0.999538,0.999328,0.999357,-42.480624,0.000000,6.112218,13.054489,5.686556,13.251532,20.661859,-37.284755,288.383297,447.800150,209.391350,467.503357,6.717002,286.592096,294.652499,141.504847,562.436988,245.394482,221.661074,276.382253,200.614467,124.488442,251.663684,184.493662,253.902685,8.239523,988.742731,2.149441,164.790455,75.230425,157.625653,78.812826,137.026846,28.927890,26.868009,92.246831,102.994035,75.767785,-82.574348,42.272334,15.225205,67.617823,24.718568,24.091648,4.119761,223.900075
4.640000,1.044010,59.969856,-7.819298,1.046901,59.970546,-5.243336,1.031212,59.972419,-7.792136,1.007337,59.974859,-8.719337,1.008087,59.976039,-7.874793,1.010013,59.976403,-7.287490,1.000667,59.975797,-9.236534,0.999794,59.975507,-9.680211,1.027159,59.971864,-9.537948,1.018032,59.976652,-4.979899,1.014255,59.976557,-5.764426,1.003808,59.976395,-5.717479,1.015857,59.976236,-5.576725,1.014240,59.975228,-6.958323,1.017792,59.973699,-6.964723,1.032266,59.973015,-5.552853,1.034738,59.972661,-6.599971,1.032302,59.972579,-7.437239,1.045934,59.972406,-0.753769,0.987075,59.972477,-1.581570,1.031680,59.972946,-3.391603,1.046491,59.972833,0.612731,1.041860,59.972825,0.436368,1.037132,59.973007,-5.444529,1.055368,59.970518,-4.008225,1.053161,59.971619,-5.140647,1.039798,59.972150,-6.842083,1.050663,59.971470,-2.140246,1.049154,59.971221,0.291111,1.040362,59.968145,-3.003456,0.976557,59.981567,-0.272056,0.976567,59.979309,2.287240,0.989507,59.971844,4.027626,1.004531,59.972164,3.208194,1.041314,59.972732,5.103522,1.054667,59.972589,7.553668,1.023870,59.970148,2.173432,1.021244,59.970453,6.557692,1.025654,59.969427,-9.372741,0.999472,0.999959,0.999780,0.999513,0.999481,0.999523,0.999371,0.999347,-42.687473,0.000000,6.040926,12.868656,5.489644,13.070463,20.402645,-37.542909,288.383297,447.800150,209.391350,467.503357,6.717002,286.592096,294.652499,141.504847,562.436988,245.394482,221.661074,276.382253,200.614467,124.488442,251.663684,184.493662,253.902685,8.239523,988.742731,2.149441,164.790455,75.230425,157.625653,78.812826,137.026846,28.927890,26.868009,92.246831,102.994034,75.767785,-82.574348,42.272334,15.225205,67.617823,24.718568,24.091648,4.119761,223.900075
4.660000,1.044001,59.969907,-7.846866,1.046899,59.970450,-5.266605,1.031226,59.972287,-7.802061,1.007273,59.974707,-8.711760,1.007976,59.975919,-7.858565,1.009894,59.976285,-7.268628,1.000553,59.975690,-9.221990,0.999684,59.975407,-9.667726,1.027106,59.971909,-9.551063,1.017920,59.976457,-4.959590,1.014141,59.976387,-5.744687,1.003699,59.976214,-5.698958,1.015759,59.976044,-5.559401,1.014180,59.975042,-6.948240,1.017836,59.973471,-6.965856,1.032350,59.972775,-5.558972,1.034825,59.972513,-6.608227,1.032361,59.972436,-7.446065,1.046089,59.971931,-0.765339,0.987293,59.971849,-1.593319,1.031764,59.972714,-3.398181,1.046571,59.972618,0.605413,1.041944,59.972609,0.428993,1.037217,59.972767,-5.450707,1.055423,59.970443,-4.031598,1.053362,59.971796,-5.154944,1.039949,59.972170,-6.853263,1.051043,59.972103,-2.153557,1.049584,59.972028,0.276793,1.040264,59.968030,-3.044127,0.976383,59.981618,-0.215197,0.976419,59.978956,2.325990,0.989625,59.971335,4.011849,1.004830,59.971346,3.193331,1.041382,59.972534,5.095557,1.054754,59.972402,7.544724,1.023916,59.969891,2.146567,1.021766,59.971663,6.539665,1.025647,59.969571,-9.402977,0.999475,0.999973,0.999768,0.999500,0.999456,0.999508,0.999415,0.999342,-42.900459,0.000000,5.957975,12.669720,5.274492,12.875445,20.154881,-37.811814,288.383297,447.800150,209.391350,467.503357,6.717002,286.592096,294.652499,141.504847,562.436988,245.394482,221.661074,276.382253,200.614467,124.488442,251.663684,184.493662,253.902685,8.239523,988.742731,2.149441,164.790455,75.230425,157.625653,78.812826,137.026846,28.927890,26.868009,92.246831,102.994034,75.767785,-82.574348,42.272334,15.225205,67.617823,24.718568,24.091648,4.119761,223.900075
4.680000,1.043988,59.969974,-7.872994,1.046885,59.970385,-5.289422,1.031226,59.972156,-7.811931,1.007199,59.974511,-8.704474,1.007855,59.975730,-7.842508,1.009765,59.976092,-7.249950,1.000429,59.975516,-9.207516,0.999564,59.975244,-9.655244,1.027049,59.971934,-9.562941,1.017799,59.976187,-4.940024,1.014017,59.976144,-5.725501,1.003581,59.975963,-5.681055,1.015651,59.975786,-5.542758,1.014110,59.974808,-6.938710,1.017867,59.973226,-6.967706,1.032421,59.972530,-5.565841,1.034894,59.972363,-6.616557,1.032404,59.972290,-7.454928,1.046238,59.971473,-0.779252,0.987505,59.971243,-1.608493,1.031834,59.972478,-3.405448,1.046637,59.972396,0.597518,1.042013,59.972387,0.421036,1.037288,59.972522,-5.457632,1.055462,59.970397,-4.054382,1.053526,59.971975,-5.166955,1.040071,59.972189,-6.863299,1.051360,59.972717,-2.161386,1.049949,59.972809,0.269181,1.040164,59.967993,-3.084268,0.976193,59.981499,-0.157732,0.976268,59.978492,2.362700,0.989738,59.970855,3.993537,1.005125,59.970557,3.173706,1.041437,59.972329,5.087137,1.054826,59.972208,7.535402,1.023952,59.969679,2.119053,1.022218,59.972833,6.531182,1.025638,59.969722,-9.431137,0.999478,0.999978,0.999753,0.999488,0.999431,0.999494,0.999457,0.999340,-43.116179,0.000000,5.865027,12.461488,5.044430,12.670154,19.921523,-38.086463,288.383297,447.800150,209.391350,467.503357,6.717002,286.592096,294.652499,141.504847,562.436988,245.394482,221.661074,276.382253,200.614467,124.488442,251.663684,184.493662,253.902685,8.239523,988.742731,2.149441,164.790455,75.230425,157.625653,78.812826,137.026846,28.927890,26.868009,92.246831,102.994034,75.767785,-82.574348,42.272334,15.225205,67.617823,24.718568,24.091648,4.119761,223.900075
4.700000,1.043970,59.970058,-7.897249,1.046860,59.970353,-5.311247,1.031215,59.972028,-7.821425,1.007115,59.974276,-8.697465,1.007726,59.975479,-7.826783,1.009628,59.975830,-7.231664,1.000298,59.975281,-9.193262,0.999437,59.975023,-9.642886,1.026987,59.971940,-9.573414,1.017672,59.975850,-4.921394,1.013887,59.975832,-5.707067,1.003456,59.975648,-5.663940,1.015537,59.975467,-5.526939,1.014032,59.974532,-6.929747,1.017887,59.972969,-6.970068,1.032481,59.972285,-5.573163,1.034947,59.972214,-6.624654,1.032432,59.972148,-7.463516,1.046379,59.971039,-0.795047,0.987712,59.970670,-1.626576,1.031891,59.972241,-3.413112,1.046690,59.972173,0.589329,1.042069,59.972164,0.412782,1.037346,59.972278,-5.465005,1.055487,59.970383,-4.076042,1.053655,59.972153,-5.176370,1.040167,59.972209,-6.871882,1.051619,59.973305,-2.163595,1.050249,59.973555,0.268350,1.040060,59.968037,-3.123002,0.975992,59.981213,-0.100568,0.976117,59.977927,2.396917,0.989846,59.970409,3.973230,1.005416,59.969812,3.149899,1.041479,59.972121,5.078534,1.054883,59.972010,7.525974,1.023978,59.969521,2.091565,1.022601,59.973945,6.532184,1.025628,59.969881,-9.456860,0.999482,0.999976,0.999734,0.999478,0.999407,0.999482,0.999497,0.999342,-43.331183,0.000000,5.763931,12.247863,4.803059,12.458512,19.705284,-38.361788,288.383297,447.800150,209.391350,467.503357,6.717002,286.592096,294.652499,141.504847,562.436988,245.394482,221.661074,276.382253,200.614467,124.488442,251.663684,184.493662,253.902685,8.239523,988.742731,2.149441,164.790455,75.230425,157.625653,78.812826,137.026846,28.927890,26.868009,92.246831,102.994034,75.767785,-82.574348,42.272334,15.225205,67.617823,24.718568,24.091648,4.119761,223.900075
4.720000,1.043950,59.970160,-7.919235,1.046827,59.970357,-5.331560,1.031193,59.971906,-7.830230,1.007026,59.974008,-8.690718,1.007592,59.975170,-7.811548,1.009487,59.975505,-7.213971,1.000163,59.974990,-9.179372,0.999306,59.974751,-9.630772,1.026924,59.971930,-9.582336,1.017543,59.975453,-4.903883,1.013754,59.975460,-5.689572,1.003328,59.975276,-5.647773,1.015419,59.975095,-5.512076,1.013949,59.974219,-6.921362,1.017898,59.972705,-6.972732,1.032529,59.972046,-5.580642,1.034986,59.972069,-6.632223,1.032448,59.972011,-7.471525,1.046515,59.970636,-0.812250,0.987914,59.970139,-1.647020,1.031937,59.972008,-3.420882,1.046732,59.971952,0.581125,1.042114,59.971943,0.404513,1.037394,59.972040,-5.472532,1.055498,59.970404,-4.096064,1.053749,59.972329,-5.182927,1.040236,59.972232,-6.878729,1.051820,59.973857,-2.160146,1.050487,59.974253,0.274263,1.039955,59.968159,-3.159486,0.975781,59.980767,-0.044608,0.975968,59.977272,2.428236,0.989951,59.970004,3.951474,1.005703,59.969122,3.122551,1.041511,59.971913,5.070011,1.054929,59.971814,7.516708,1.023995,59.969424,2.064792,1.022918,59.974984,6.542454,1.025618,59.970047,-9.479825,0.999485,0.999966,0.999712,0.999470,0.999384,0.999472,0.999535,0.999348,-43.542039,0.000000,5.656690,12.032776,4.554187,12.244612,19.508600,-38.632749,288.383297,447.800150,209.391350,467.503357,6.717002,286.592096,294.652499,141.504847,562.436988,245.394482,221.661074,276.382253,200.614467,124.488442,251.663684,184.493662,253.902685,8.239523,988.742731,2.149441,164.790455,75.230425,157.625653,78.812826,137.026846,28.927890,26.868009,92.246831,102.994034,75.767785,-82.574348,42.272334,15.225205,67.617823,24.718568,24.091648,4.119761,223.900075
4.740000,1.043926,59.970280,-7.938592,1.046785,59.970397,-5.349868,1.031162,59.971796,-7.838050,1.006933,59.973713,-8.684214,1.007458,59.974811,-7.796954,1.009345,59.975123,-7.197066,1.000028,59.974651,-9.165984,0.999175,59.974433,-9.619015,1.026860,59.971905,-9.589585,1.017415,59.975005,-4.887653,1.013622,59.975035,-5.673186,1.003200,59.974855,-5.632696,1.015302,59.974678,-5.498285,1.013863,59.973876,-6.913556,1.017902,59.972439,-6.975494,1.032569,59.971817,-5.587989,1.035013,59.971933,-6.638982,1.032453,59.971883,-7.478667,1.046646,59.970270,-0.830379,0.988113,59.969659,-1.669253,1.031974,59.971785,-3.428474,1.046765,59.971739,0.573177,1.042149,59.971731,0.396501,1.037434,59.971811,-5.479922,1.055497,59.970462,-4.113957,1.053813,59.972503,-5.186414,1.040282,59.972256,-6.883593,1.051968,59.974367,-2.151092,1.050666,59.974895,0.286766,1.039848,59.968358,-3.192930,0.975567,59.980169,0.009263,0.975825,59.976540,2.456300,0.990052,59.969644,3.928813,1.005985,59.968501,3.092352,1.041535,59.971709,5.061822,1.054964,59.971621,7.507857,1.024002,59.969393,2.039425,1.023172,59.975933,6.561621,1.025606,59.970219,-9.499754,0.999489,0.999949,0.999688,0.999462,0.999363,0.999464,0.999570,0.999357,-43.745389,0.000000,5.545411,11.820107,4.301752,12.032632,19.333581,-38.894431,288.383297,447.800150,209.391350,467.503357,6.717002,286.592096,294.652499,141.504847,562.436988,245.394482,221.661074,276.382253,200.614467,124.488442,251.663684,184.493662,253.902685,8.239523,988.742731,2.149441,164.790455,75.230425,157.625653,78.812826,137.026846,28.927890,26.868009,92.246831,102.994034,75.767785,-82.574348,42.272334,15.225205,67.617823,24.718568,24.091648,4.119761,223.900075
4.760000,1.043899,59.970418,-7.955000,1.046736,59.970474,-5.365720,1.031124,59.971698,-7.844609,1.006839,59.973397,-8.677932,1.007326,59.974409,-7.783141,1.009207,59.974693,-7.181128,0.999895,59.974270,-9.153228,0.999047,59.974076,-9.607722,1.026798,59.971869,-9.595065,1.017291,59.974514,-4.872845,1.013493,59.974565,-5.658063,1.003076,59.974393,-5.618837,1.015188,59.974224,-5.485665,1.013778,59.973510,-6.906325,1.017901,59.972177,-6.978151,1.032602,59.971601,-5.594924,1.035029,59.971808,-6.644671,1.032448,59.971767,-7.484674,1.046772,59.969946,-0.848954,0.988308,59.969236,-1.692686,1.032004,59.971574,-3.435617,1.046791,59.971537,0.565743,1.042176,59.971529,0.389006,1.037466,59.971596,-5.486895,1.055484,59.970556,-4.129270,1.053848,59.972671,-5.186673,1.040308,59.972284,-6.886263,1.052066,59.974828,-2.136583,1.050792,59.975471,0.305601,1.039739,59.968630,-3.222606,0.975353,59.979431,0.060196,0.975692,59.975746,2.480810,0.990152,59.969333,3.905782,1.006262,59.967956,3.060024,1.041552,59.971514,5.054206,1.054991,59.971437,7.499658,1.024000,59.969429,2.016139,1.023368,59.976780,6.589176,1.025595,59.970397,-9.516415,0.999493,0.999924,0.999662,0.999456,0.999345,0.999458,0.999602,0.999371,-43.938011,0.000000,5.432267,11.613619,4.049744,11.826746,19.181987,-39.142133,288.383297,447.800150,209.391350,467.503357,6.717002,286.592096,294.652499,141.504847,562.436988,245.394482,221.661074,276.382253,200.614467,124.488442,251.663684,184.493662,253.902685,8.239523,988.742731,2.149441,164.790455,75.230425,157.625653,78.812826,137.026846,28.927890,26.868009,92.246831,102.994034,75.767785,-82.574348,42.272334,15.225205,67.617823,24.718568,24.091648,4.119761,223.900075
4.780000,1.043871,59.970573,-7.968187,1.046681,59.970587,-5.378706,1.031082,59.971614,-7.849656,1.006749,59.973065,-8.671848,1.007200,59.973972,-7.770232,1.009074,59.974223,-7.166317,0.999768,59.973856,-9.141218,0.998924,59.973688,-9.596990,1.026738,59.971823,-9.598700,1.017175,59.973989,-4.859577,1.013372,59.974060,-5.644333,1.002959,59.973899,-5.606299,1.015081,59.973741,-5.474296,1.013697,59.973127,-6.899656,1.017898,59.971923,-6.980510,1.032631,59.971403,-5.601184,1.035037,59.971696,-6.649053,1.032437,59.971666,-7.489302,1.046896,59.969668,-0.867506,0.988500,59.968876,-1.716730,1.032029,59.971380,-3.442053,1.046812,59.971348,0.559062,1.042199,59.971341,0.382271,1.037494,59.971399,-5.493188,1.055461,59.970685,-4.141594,1.053858,59.972832,-5.183598,1.040316,59.972315,-6.886567,1.052120,59.975233,-2.116852,1.050868,59.975973,0.330409,1.039631,59.968970,-3.247863,0.975144,59.978568,0.107397,0.975571,59.974903,2.501524,0.990250,59.969073,3.882893,1.006536,59.967498,3.026309,1.041565,59.971330,5.047384,1.055012,59.971263,7.492330,1.023989,59.969534,1.995576,1.023510,59.977514,6.624476,1.025583,59.970580,-9.529620,0.999498,0.999893,0.999634,0.999452,0.999328,0.999455,0.999630,0.999387,-44.116870,0.000000,5.319450,11.416888,3.802132,11.631038,19.055198,-39.371446,288.383297,447.800150,209.391350,467.503357,6.717002,286.592096,294.652499,141.504847,562.436988,245.394482,221.661074,276.382253,200.614467,124.488442,251.663684,184.493662,253.902685,8.239523,988.742731,2.149441,164.790455,75.230425,157.625653,78.812826,137.026846,28.927890,26.868009,92.246831,102.994034,75.767785,-82.574348,42.272334,15.225205,67.617823,24.718568,24.091648,4.119761,223.900075
4.800000,1.043842,59.970744,-7.977926,1.046622,59.970733,-5.388471,1.031037,59.971548,-7.852968,1.006664,59.972725,-8.665934,1.007084,59.973508,-7.758333,1.008952,59.973723,-7.152774,0.999652,59.973415,-9.130055,0.998811,59.973277,-9.586903,1.026683,59.971770,-9.600438,1.017070,59.973441,-4.847939,1.013261,59.973529,-5.632102,1.002853,59.973383,-5.595164,1.014983,59.973239,-5.464237,1.013622,59.972736,-6.893525,1.017895,59.971681,-6.982388,1.032657,59.971225,-5.606522,1.035040,59.971598,-6.651917,1.032422,59.971580,-7.492333,1.047018,59.969439,-0.885581,0.988689,59.968584,-1.740800,1.032052,59.971204,-3.447546,1.046830,59.971176,0.553356,1.042219,59.971170,0.376517,1.037519,59.971221,-5.498554,1.055430,59.970848,-4.150573,1.053846,59.972985,-5.177142,1.040309,59.972349,-6.884376,1.052135,59.975578,-2.092215,1.050902,59.976396,0.360741,1.039522,59.969371,-3.268136,0.974945,59.977595,0.150139,0.975465,59.974026,2.518269,0.990348,59.968867,3.860634,1.006805,59.967130,2.991957,1.041577,59.971159,5.041554,1.055029,59.971102,7.486068,1.023971,59.969706,1.978333,1.023604,59.978124,6.666769,1.025573,59.970768,-9.539226,0.999502,0.999856,0.999606,0.999449,0.999315,0.999455,0.999653,0.999406,-44.279174,0.000000,5.209127,11.233241,3.562787,11.449415,18.954195,-39.578338,288.383297,447.800150,209.391350,467.503357,6.717002,286.592096,294.652499,141.504847,562.436988,245.394482,221.661074,276.382253,200.614467,124.488442,251.663684,184.493662,253.902685,8.239523,988.742731,2.149441,164.790455,75.230425,157.625653,78.812826,137.026846,28.927890,26.868009,92.246831,102.994034,75.767785,-82.574348,42.272334,15.225205,67.617823,24.718568,24.091648,4.119761,223.900075
4.820000,1.043813,59.970929,-7.984042,1.046562,59.970910,-5.394715,1.030992,59.971499,-7.854351,1.006588,59.972382,-8.660158,1.006980,59.973027,-7.747532,1.008843,59.973200,-7.140613,0.999548,59.972957,-9.119818,0.998711,59.972850,-9.577526,1.026634,59.971714,-9.600244,1.016979,59.972878,-4.837992,1.013165,59.972982,-5.621449,1.002760,59.972852,-5.585489,1.014899,59.972726,-5.455523,1.013558,59.972342,-6.887902,1.017895,59.971454,-6.983614,1.032682,59.971069,-5.610714,1.035039,59.971517,-6.653082,1.032404,59.971511,-7.493580,1.047140,59.969261,-0.902752,0.988877,59.968363,-1.764327,1.032075,59.971050,-3.451881,1.046849,59.971022,0.548819,1.042238,59.971017,0.371943,1.037544,59.971066,-5.502771,1.055393,59.971042,-4.155909,1.053818,59.973126,-5.167310,1.040291,59.972385,-6.879605,1.052118,59.975857,-2.063061,1.050900,59.976735,0.396066,1.039415,59.969824,-3.282954,0.974759,59.976530,0.187780,0.975377,59.973131,2.530937,0.990447,59.968714,3.839458,1.007070,59.966857,2.957711,1.041590,59.971004,5.036891,1.055045,59.970956,7.481039,1.023946,59.969942,1.964947,1.023657,59.978605,6.715201,1.025563,59.970959,-9.545138,0.999506,0.999814,0.999576,0.999447,0.999304,0.999458,0.999672,0.999428,-44.422420,0.000000,5.103395,11.065703,3.335406,11.285525,18.879545,-39.759219,288.383297,447.800150,209.391350,467.503357,6.717002,286.592096,294.652499,141.504847,562.436988,245.394482,221.661074,276.382253,200.614467,124.488442,251.663684,184.493662,253.902685,8.239523,988.742731,2.149441,164.790455,75.230425,157.625653,78.812826,137.026846,28.927890,26.868009,92.246831,102.994034,75.767785,-82.574348,42.272334,15.225205,67.617823,24.718568,24.091648,4.119761,223.900075
4.840000,1.043784,59.971128,-7.986410,1.046500,59.971115,-5.397202,1.030950,59.971469,-7.853650,1.006524,59.972042,-8.654486,1.006893,59.972536,-7.737890,1.008751,59.972665,-7.129918,0.999460,59.972491,-9.110567,0.998626,59.972415,-9.568908,1.026593,59.971656,-9.598108,1.016906,59.972311,-4.829766,1.013086,59.972427,-5.612421,1.002685,59.972318,-5.577303,1.014831,59.972210,-5.448164,1.013505,59.971952,-6.882747,1.017900,59.971247,-6.984031,1.032711,59.970938,-5.613564,1.035039,59.971453,-6.652400,1.032387,59.971459,-7.492890,1.047262,59.969134,-0.918620,0.989063,59.968214,-1.786771,1.032100,59.970919,-3.454869,1.046871,59.970889,0.545623,1.042260,59.970886,0.368721,1.037571,59.970936,-5.505639,1.055352,59.971263,-4.157369,1.053776,59.973254,-5.154163,1.040265,59.972423,-6.872209,1.052074,59.976069,-2.029844,1.050868,59.976984,0.435785,1.039309,59.970321,-3.291949,0.974592,59.975394,0.219773,0.975309,59.972232,2.539488,0.990548,59.968615,3.819777,1.007332,59.966681,2.924290,1.041606,59.970866,5.033542,1.055063,59.970826,7.477385,1.023916,59.970237,1.955882,1.023676,59.978949,6.768838,1.025554,59.971154,-9.547303,0.999511,0.999767,0.999547,0.999447,0.999297,0.999463,0.999686,0.999452,-44.544437,0.000000,5.004240,10.916948,3.123444,11.142674,18.831397,-39.911006,288.383297,447.800150,209.391350,467.503357,6.717002,286.592096,294.652499,141.504847,562.436988,245.394482,221.661074,276.382253,200.614467,124.488442,251.663684,184.493662,253.902685,8.239523,988.742731,2.149441,164.790455,75.230425,157.625653,78.812826,137.026846,28.927890,26.868009,92.246831,102.994034,75.767785,-82.574348,42.272334,15.225205,67.617823,24.718568,24.091648,4.119761,223.900075
4.860000,1.043757,59.971336,-7.984957,1.046440,59.971343,-5.395761,1.030911,59.971456,-7.850741,1.006474,59.971711,-8.648876,1.006824,59.972044,-7.729445,1.008679,59.972128,-7.120747,0.999392,59.972024,-9.102338,0.998560,59.971980,-9.561080,1.026561,59.971601,-9.594034,1.016852,59.971749,-4.823261,1.013027,59.971875,-5.605036,1.002630,59.971787,-5.570607,1.014782,59.971701,-5.442146,1.013469,59.971572,-6.878009,1.017913,59.971061,-6.983501,1.032744,59.970832,-5.614899,1.035041,59.971407,-6.649755,1.032374,59.971426,-7.490142,1.047387,59.969059,-0.932823,0.989250,59.968136,-1.807624,1.032130,59.970812,-3.456348,1.046898,59.970777,0.543910,1.042288,59.970776,0.366994,1.037603,59.970831,-5.506989,1.055309,59.971506,-4.154790,1.053727,59.973367,-5.137815,1.040236,59.972462,-6.862189,1.052012,59.976210,-1.993072,1.050814,59.977143,0.479239,1.039207,59.970853,-3.294859,0.974448,59.974205,0.245683,0.975263,59.971344,2.543954,0.990652,59.968568,3.801964,1.007591,59.966602,2.892383,1.041628,59.970746,5.031628,1.055085,59.970714,7.475218,1.023882,59.970582,1.951514,1.023668,59.979156,6.826684,1.025547,59.971350,-9.545712,0.999515,0.999717,0.999518,0.999447,0.999293,0.999471,0.999696,0.999477,-44.643421,0.000000,4.913496,10.789256,2.930048,11.023760,18.809482,-40.031172,288.383297,447.800150,209.391350,467.503357,6.717002,286.592096,294.652499,141.504847,562.436988,245.394482,221.661074,276.382253,200.614467,124.488442,251.663684,184.493662,253.902685,8.239523,988.742731,2.149441,164.790455,75.230425,157.625653,78.812826,137.026846,28.927890,26.868009,92.246831,102.994034,75.767785,-82.574348,42.272334,15.225205,67.617823,24.718568,24.091648,4.119761,223.900075
4.880000,1.043732,59.971554,-7.979661,1.046382,59.971590,-5.390289,1.030880,59.971461,-7.845543,1.006441,59.971395,-8.643285,1.006778,59.971561,-7.722208,1.008629,59.971597,-7.113121,0.999345,59.971564,-9.095141,0.998515,59.971554,-9.554048,1.026539,59.971549,-9.588043,1.016821,59.971201,-4.818443,1.012990,59.971334,-5.599280,1.002596,59.971270,-5.565373,1.014754,59.971207,-5.437428,1.013450,59.971209,-6.873632,1.017936,59.970899,-6.981902,1.032783,59.970753,-5.614578,1.035048,59.971377,-6.645068,1.032367,59.971410,-7.485254,1.047515,59.969034,-0.945039,0.989437,59.968128,-1.826419,1.032168,59.970729,-3.456188,1.046933,59.970688,0.543791,1.042322,59.970689,0.366877,1.037642,59.970751,-5.506678,1.055267,59.971767,-4.148080,1.053674,59.973463,-5.118428,1.040207,59.972500,-6.849590,1.051937,59.976281,-1.953301,1.050746,59.977211,0.525728,1.039108,59.971407,-3.291533,0.974330,59.972987,0.265190,0.975242,59.970481,2.544432,0.990760,59.968571,3.786340,1.007847,59.966617,2.862632,1.041658,59.970646,5.031240,1.055114,59.970619,7.474619,1.023846,59.970970,1.952128,1.023642,59.979225,6.887697,1.025542,59.971549,-9.540397,0.999520,0.999663,0.999489,0.999449,0.999292,0.999481,0.999701,0.999503,-44.717964,0.000000,4.832812,10.684480,2.757995,10.931209,18.813120,-40.117785,288.383297,447.800150,209.391350,467.503357,6.717002,286.592096,294.652499,141.504847,562.436988,245.394482,221.661074,276.382253,200.614467,124.488442,251.663684,184.493662,253.902685,8.239523,988.742731,2.149441,164.790455,75.230425,157.625653,78.812826,137.026846,28.927890,26.868009,92.246831,102.994034,75.767785,-82.574348,42.272334,15.225205,67.617823,24.718568,24.091648,4.119761,223.900075
4.900000,1.043710,59.971777,-7.970552,1.046330,59.971850,-5.380755,1.030858,59.971483,-7.838010,1.006427,59.971098,-8.637667,1.006755,59.971093,-7.716163,1.008604,59.971081,-7.107032,0.999322,59.971121,-9.088963,0.998493,59.971143,-9.547799,1.026529,59.971505,-9.580171,1.016814,59.970677,-4.815246,1.012977,59.970814,-5.595105,1.002588,59.970775,-5.561545,1.014749,59.970736,-5.433946,1.013451,59.970869,-6.869550,1.017971,59.970763,-6.979132,1.032833,59.970699,-5.612491,1.035064,59.971365,-6.638294,1.032368,59.971412,-7.478179,1.047648,59.969058,-0.954990,0.989626,59.968188,-1.842743,1.032216,59.970672,-3.454288,1.046978,59.970621,0.545351,1.042367,59.970624,0.368453,1.037691,59.970698,-5.504598,1.055227,59.972038,-4.137221,1.053621,59.973540,-5.096213,1.040183,59.972537,-6.834497,1.051858,59.976280,-1.911120,1.050671,59.977188,0.574516,1.039013,59.971974,-3.281930,0.974240,59.971761,0.278099,0.975246,59.969657,2.541087,0.990873,59.968622,3.773179,1.008101,59.966722,2.835621,1.041699,59.970565,5.032439,1.055153,59.970542,7.475640,1.023809,59.971389,1.957905,1.023605,59.979157,6.950811,1.025539,59.971748,-9.531428,0.999525,0.999608,0.999462,0.999451,0.999294,0.999493,0.999701,0.999529,-44.767079,0.000000,4.763618,10.604026,2.609648,10.866919,18.841231,-40.169543,288.383297,447.800150,209.391350,467.503357,6.717002,286.592096,294.652499,141.504847,562.436988,245.394482,221.661074,276.382253,200.614467,124.488442,251.663684,184.493662,253.902685,8.239523,988.742731,2.149441,164.790455,75.230425,157.625653,78.812826,137.026846,28.927890,26.868009,92.246831,102.994034,75.767785,-82.574348,42.272334,15.225205,67.617823,24.718568,24.091648,4.119761,223.900075
4.920000,1.043691,59.972003,-7.957706,1.046284,59.972118,-5.367196,1.030846,59.971520,-7.828136,1.006435,59.970824,-8.631971,1.006757,59.970650,-7.711268,1.008605,59.970590,-7.102437,0.999324,59.970700,-9.083765,0.998495,59.970754,-9.542298,1.026530,59.971469,-9.570467,1.016833,59.970184,-4.813574,1.012991,59.970324,-5.592433,1.002605,59.970310,-5.559040,1.014770,59.970295,-5.431611,1.013474,59.970555,-6.865687,1.018021,59.970653,-6.975112,1.032893,59.970671,-5.608561,1.035089,59.971368,-6.629425,1.032379,59.971429,-7.468907,1.047787,59.969128,-0.962445,0.989817,59.968311,-1.856234,1.032276,59.970639,-3.450578,1.047036,59.970575,0.548640,1.042424,59.970581,0.371775,1.037751,59.970671,-5.500671,1.055193,59.972314,-4.122270,1.053575,59.973596,-5.071422,1.040166,59.972572,-6.817036,1.051781,59.976210,-1.867144,1.050597,59.977076,0.624849,1.038925,59.972542,-3.266120,0.974183,59.970549,0.284344,0.975276,59.968885,2.534149,0.990992,59.968718,3.762703,1.008353,59.966913,2.811872,1.041754,59.970504,5.035258,1.055203,59.970483,7.478303,1.023774,59.971831,1.968922,1.023565,59.978957,7.014952,1.025539,59.971947,-9.518910,0.999529,0.999552,0.999437,0.999454,0.999299,0.999507,0.999696,0.999556,-44.790210,0.000000,4.707101,10.548830,2.486906,10.832226,18.892360,-40.185786,288.383297,447.800150,209.391350,467.503357,6.717002,286.592096,294.652499,141.504847,562.436988,245.394482,221.661074,276.382253,200.614467,124.488442,251.663684,184.493662,253.902685,8.239523,988.742731,2.149441,164.790455,75.230425,157.625653,78.812826,137.026846,28.927890,26.868009,92.246831,102.994034,75.767785,-82.574348,42.272334,15.225205,67.617823,24.718568,24.091648,4.119761,223.900075
4.940000,1.043678,59.972230,-7.941248,1.046246,59.972388,-5.349719,1.030848,59.971571,-7.815956,1.006465,59.970578,-8.626145,1.006787,59.970237,-7.707453,1.008634,59.970131,-7.099258,0.999353,59.970311,-9.079482,0.998524,59.970395,-9.537487,1.026545,59.971445,-9.558991,1.016878,59.969730,-4.813301,1.013032,59.969869,-5.591156,1.002650,59.969881,-5.557747,1.014816,59.969891,-5.430311,1.013520,59.970273,-6.861964,1.018086,59.970571,-6.969782,1.032966,59.970668,-5.602742,1.035127,59.971386,-6.618488,1.032404,59.971461,-7.457468,1.047934,59.969241,-0.967223,0.990011,59.968493,-1.866594,1.032350,59.970629,-3.445023,1.047108,59.970552,0.553679,1.042496,59.970560,0.376864,1.037824,59.970668,-5.494852,1.055166,59.972588,-4.103359,1.053538,59.973631,-5.044347,1.040160,59.972601,-6.797370,1.051714,59.976071,-1.822006,1.050531,59.976878,0.675966,1.038842,59.973100,-3.244285,0.974159,59.969372,0.283989,0.975333,59.968175,2.523903,0.991118,59.968855,3.755079,1.008603,59.967182,2.791828,1.041822,59.970462,5.039701,1.055268,59.970442,7.482598,1.023740,59.972281,1.985142,1.023529,59.978631,7.079059,1.025541,59.972146,-9.502984,0.999534,0.999497,0.999414,0.999458,0.999307,0.999522,0.999687,0.999582,-44.787240,0.000000,4.664180,10.519358,2.391174,10.827866,18.964700,-40.166507,288.383297,447.800150,209.391350,467.503357,6.717002,286.592096,294.652499,141.504847,562.436988,245.394482,221.661074,276.382253,200.614467,124.488442,251.663684,184.493662,253.902685,8.239523,988.742731,2.149441,164.790455,75.230425,157.625653,78.812826,137.026846,28.927890,26.868009,92.246831,102.994034,75.767785,-82.574348,42.272334,15.225205,67.617823,24.718568,24.091648,4.119761,223.900075
4.960000,1.043670,59.972455,-7.921347,1.046219,59.972653,-5.328496,1.030864,59.971633,-7.801540,1.006518,59.970363,-8.620134,1.006844,59.969862,-7.704623,1.008692,59.969712,-7.097390,0.999409,59.969957,-9.076025,0.998579,59.970071,-9.533288,1.026572,59.971434,-9.545812,1.016952,59.969322,-4.814275,1.013101,59.969459,-5.591136,1.002722,59.969496,-5.557532,1.014889,59.969530,-5.429913,1.013590,59.970026,-6.858297,1.018169,59.970515,-6.963105,1.033055,59.970688,-5.595021,1.035180,59.971417,-6.605543,1.032443,59.971505,-7.443924,1.048088,59.969392,-0.969196,0.990208,59.968727,-1.873586,1.032439,59.970642,-3.437617,1.047197,59.970549,0.560459,1.042584,59.970559,0.383712,1.037912,59.970689,-5.487130,1.055147,59.972854,-4.080688,1.053515,59.973641,-5.015315,1.040169,59.972625,-6.775696,1.051661,59.975868,-1.776339,1.050480,59.976600,0.727113,1.038767,59.973636,-3.216706,0.974169,59.968253,0.277226,0.975416,59.967539,2.510690,0.991251,59.969028,3.750426,1.008853,59.967520,2.775853,1.041908,59.970438,5.045743,1.055348,59.970417,7.488489,1.023711,59.972730,2.006425,1.023504,59.978186,7.142096,1.025547,59.972343,-9.483817,0.999538,0.999442,0.999393,0.999463,0.999318,0.999538,0.999674,0.999607,-44.758493,0.000000,4.635493,10.515601,2.323341,10.853968,19.056122,-40.112341,288.383297,447.800150,209.391350,467.503357,6.717002,286.592096,294.652499,141.504847,562.436988,245.394482,221.661074,276.382253,200.614467,124.488442,251.663684,184.493662,253.902685,8.239523,988.742731,2.149441,164.790455,75.230425,157.625653,78.812826,137.026846,28.927890,26.868009,92.246831,102.994034,75.767785,-82.574348,42.272334,15.225205,67.617823,24.718568,24.091648,4.119761,223.900075
4.980000,1.043668,59.972674,-7.898211,1.046202,59.972909,-5.303765,1.030895,59.971704,-7.784997,1.006596,59.970182,-8.613881,1.006929,59.969531,-7.702659,1.008779,59.969340,-7.096695,0.999493,59.969647,-9.073285,0.998661,59.969788,-9.529605,1.026613,59.971438,-9.531009,1.017053,59.968966,-4.816318,1.013197,59.969099,-5.592211,1.002823,59.969159,-5.558236,1.014989,59.969216,-5.430266,1.013684,59.969818,-6.854594,1.018271,59.970487,-6.955066,1.033159,59.970730,-5.585419,1.035249,59.971459,-6.590687,1.032498,59.971560,-7.428373,1.048252,59.969578,-0.968285,0.990410,59.969007,-1.877042,1.032546,59.970675,-3.428388,1.047303,59.970565,0.568940,1.042689,59.970577,0.392278,1.038016,59.970730,-5.477525,1.055140,59.973105,-4.054527,1.053511,59.973627,-4.984679,1.040195,59.972642,-6.752243,1.051631,59.975604,-1.730774,1.050451,59.976246,0.777550,1.038699,59.974140,-3.183765,0.974215,59.967209,0.264372,0.975526,59.966985,2.494899,0.991392,59.969234,3.748806,1.009102,59.967918,2.764228,1.042011,59.970432,5.053334,1.055447,59.970408,7.495914,1.023688,59.973165,2.032518,1.023498,59.977633,7.203075,1.025556,59.972537,-9.461603,0.999542,0.999390,0.999374,0.999468,0.999331,0.999554,0.999657,0.999631,-44.704718,0.000000,4.621387,10.537088,2.283763,10.910047,19.164214,-40.024552,288.383297,447.800150,209.391350,467.503357,6.717002,286.592096,294.652499,141.504847,562.436988,245.394482,221.661074,276.382253,200.614467,124.488442,251.663684,184.493662,253.902685,8.239523,988.742731,2.149441,164.790455,75.230425,157.625653,78.812826,137.026846,28.927890,26.868009,92.246831,102.994034,75.767785,-82.574348,42.272334,15.225205,67.617823,24.718568,24.091648,4.119761,223.900075
5.000000,1.043673,59.972886,-7.872085,1.046198,59.973149,-5.275820,1.030944,59.971782,-7.766467,1.006697,59.970037,-8.607333,1.007042,59.969249,-7.701420,1.008893,59.969019,-7.097010,0.999604,59.969383,-9.071130,0.998769,59.969549,-9.526322,1.026667,59.971458,-9.514665,1.017181,59.968667,-4.819231,1.013322,59.968794,-5.594194,1.002951,59.968876,-5.559682,1.015115,59.968955,-5.431202,1.013803,59.969651,-6.850765,1.018392,59.970485,-6.945671,1.033280,59.970791,-5.573987,1.035336,59.971511,-6.574042,1.032571,59.971624,-7.410947,1.048425,59.969792,-0.964464,0.990617,59.969326,-1.876863,1.032671,59.970727,-3.417391,1.047428,59.970598,0.579058,1.042814,59.970613,0.402496,1.038138,59.970792,-5.466089,1.055145,59.973335,-4.025208,1.053527,59.973587,-4.952817,1.040241,59.972650,-6.727269,1.051628,59.975283,-1.685928,1.050450,59.975823,0.826568,1.038640,59.974603,-3.145935,0.974296,59.966260,0.245859,0.975661,59.966520,2.476956,0.991543,59.969466,3.750233,1.009351,59.968366,2.757140,1.042133,59.970443,5.062397,1.055564,59.970414,7.504783,1.023673,59.973573,2.063070,1.023517,59.976982,7.261064,1.025568,59.972729,-9.436559,0.999547,0.999340,0.999358,0.999474,0.999346,0.999569,0.999637,0.999652,-44.627078,0.000000,4.621913,10.582903,2.272265,10.995013,19.286322,-39.905001,288.383297,447.800150,209.391350,467.503357,6.717002,286.592096,294.652499,141.504847,562.436988,245.394482,221.661074,276.382253,200.614467,124.488442,251.663684,184.493662,253.902685,8.239523,988.742731,2.149441,164.790455,75.230425,157.625653,78.812826,137.026846,28.927890,26.868009,92.246831,102.994034,75.767785,-82.574348,42.272334,15.225205,67.617823,24.718568,24.091648,4.119761,223.900075
5.020000,1.043684,59.973088,-7.843244,1.046207,59.973367,-5.245009,1.031010,59.971865,-7.746123,1.006823,59.969929,-8.600432,1.007181,59.969020,-7.700746,1.009036,59.968756,-7.098145,0.999742,59.969171,-9.069410,0.998903,59.969359,-9.523308,1.026734,59.971495,-9.496869,1.017335,59.968428,-4.822796,1.013473,59.968548,-5.596878,1.003106,59.968651,-5.561678,1.015267,59.968749,-5.432539,1.013946,59.969527,-6.846714,1.018533,59.970508,-6.934947,1.033419,59.970869,-5.560804,1.035442,59.971569,-6.555763,1.032662,59.971693,-7.391803,1.048609,59.970031,-0.957757,0.990829,59.969675,-1.873015,1.032815,59.970796,-3.404713,1.047573,59.970647,0.590718,1.042958,59.970664,0.414274,1.038278,59.970870,-5.452902,1.055164,59.973539,-3.993118,1.053567,59.973523,-4.920121,1.040309,59.972648,-6.701049,1.051657,59.974912,-1.642391,1.050481,59.975340,0.873494,1.038590,59.975014,-3.103768,0.974411,59.965421,0.222230,0.975819,59.966150,2.457323,0.991702,59.969722,3.754671,1.009601,59.968853,2.754691,1.042274,59.970468,5.072833,1.055702,59.970433,7.514987,1.023666,59.973945,2.097636,1.023566,59.976245,7.315206,1.025584,59.972917,-9.408920,0.999551,0.999295,0.999346,0.999480,0.999363,0.999585,0.999614,0.999671,-44.527125,0.000000,4.636831,10.651709,2.288144,11.107201,19.419593,-39.756108,288.383297,447.800150,209.391350,467.503357,6.717002,286.592096,294.652499,141.504847,562.436988,245.394482,221.661074,276.382253,200.614467,124.488442,251.663684,184.493662,253.902685,8.239523,988.742731,2.149441,164.790455,75.230425,157.625653,78.812826,137.026846,28.927890,26.868009,92.246831,102.994034,75.767785,-82.574348,42.272334,15.225205,67.617823,24.718568,24.091648,4.119761,223.900075
5.040000,1.043704,59.973278,-7.811995,1.046231,59.973560,-5.211726,1.031094,59.971949,-7.724165,1.006972,59.969859,-8.593125,1.007347,59.968847,-7.700461,1.009205,59.968554,-7.099892,0.999905,59.969014,-9.067960,0.999062,59.969221,-9.520418,1.026813,59.971550,-9.477716,1.017515,59.968253,-4.826782,1.013649,59.968364,-5.600041,1.003287,59.968486,-5.564016,1.015444,59.968602,-5.434086,1.014112,59.969447,-6.842349,1.018693,59.970554,-6.922942,1.033576,59.970962,-5.545979,1.035568,59.971633,-6.536027,1.032772,59.971767,-7.371129,1.048803,59.970287,-0.948236,0.991047,59.970048,-1.865533,1.032978,59.970879,-3.390463,1.047738,59.970710,0.603805,1.043122,59.970729,0.427492,1.038436,59.970963,-5.438074,1.055197,59.973710,-3.958694,1.053634,59.973432,-4.886996,1.040400,59.972635,-6.673882,1.051721,59.974495,-1.600724,1.050549,59.974803,0.917707,1.038549,59.975367,-3.057888,0.974558,59.964706,0.194122,0.976001,59.965880,2.436484,0.991870,59.969994,3.762038,1.009851,59.969367,2.756889,1.042435,59.970506,5.084523,1.055860,59.970464,7.526393,1.023668,59.974270,2.135685,1.023650,59.975437,7.364727,1.025603,59.973100,-9.378937,0.999555,0.999254,0.999336,0.999486,0.999381,0.999599,0.999589,0.999688,-44.406768,0.000000,4.665616,10.741781,2.330193,11.244398,19.561020,-39.580804,288.383297,447.800150,209.391350,467.503357,6.717002,286.592096,294.652499,141.504847,562.436988,245.394482,221.661074,276.382253,200.614467,124.488442,251.663684,184.493662,253.902685,8.239523,988.742731,2.149441,164.790455,75.230425,157.625653,78.812826,137.026846,28.927890,26.868009,92.246831,102.994034,75.767785,-82.574348,42.272334,15.225205,67.617823,24.718568,24.091648,4.119761,223.900075
5.060000,1.043731,59.973452,-7.778663,1.046270,59.973723,-5.176403,1.031196,59.972033,-7.700818,1.007143,59.969829,-8.585360,1.007536,59.968732,-7.700375,1.009398,59.968415,-7.102027,1.000091,59.968914,-9.066604,0.999243,59.969137,-9.517500,1.026904,59.971623,-9.457301,1.017718,59.968144,-4.830949,1.013849,59.968246,-5.603449,1.003492,59.968383,-5.566481,1.015644,59.968513,-5.435647,1.014301,59.969411,-6.837577,1.018873,59.970622,-6.909722,1.033751,59.971068,-5.529645,1.035713,59.971699,-6.515035,1.032902,59.971842,-7.349133,1.049007,59.970557,-0.936019,0.991270,59.970434,-1.854519,1.033160,59.970973,-3.374779,1.047923,59.970784,0.618180,1.043307,59.970805,0.442013,1.038613,59.971068,-5.421738,1.055246,59.973846,-3.922411,1.053729,59.973317,-4.853849,1.040517,59.972610,-6.646077,1.051825,59.974041,-1.561448,1.050658,59.974223,0.958637,1.038518,59.975654,-3.008980,0.974736,59.964127,0.162257,0.976202,59.965711,2.414938,0.992048,59.970279,3.772208,1.010103,59.969898,2.763654,1.042617,59.970557,5.097328,1.056040,59.970505,7.538853,1.023682,59.974539,2.176611,1.023773,59.974572,7.408947,1.025625,59.973278,-9.346874,0.999559,0.999219,0.999330,0.999492,0.999400,0.999611,0.999561,0.999702,-44.268233,0.000000,4.707472,10.851041,2.396727,11.403901,19.707499,-39.382473,288.383297,447.800150,209.391350,467.503357,6.717002,286.592096,294.652499,141.504847,562.436988,245.394482,221.661074,276.382253,200.614467,124.488442,251.663684,184.493662,253.902685,8.239523,988.742731,2.149441,164.790455,75.230425,157.625653,78.812826,137.026846,28.927890,26.868009,92.246831,102.994034,75.767785,-82.574348,42.272334,15.225205,67.617823,24.718568,24.091648,4.119761,223.900075
5.080000,1.043766,59.973611,-7.743591,1.046324,59.973853,-5.139505,1.031316,59.972114,-7.676324,1.007335,59.969837,-8.577088,1.007748,59.968678,-7.700293,1.009614,59.968342,-7.104313,1.000300,59.968872,-9.065157,0.999446,59.969107,-9.514391,1.027006,59.971715,-9.435724,1.017942,59.968101,-4.835051,1.014072,59.968194,-5.606861,1.003719,59.968343,-5.568852,1.015866,59.968485,-5.437022,1.014510,59.969420,-6.832312,1.019073,59.970710,-6.895370,1.033945,59.971182,-5.511958,1.035879,59.971767,-6.493003,1.033051,59.971917,-7.326042,1.049223,59.970835,-0.921269,0.991499,59.970828,-1.840133,1.033362,59.971078,-3.357816,1.048128,59.970868,0.633686,1.043512,59.970890,0.457676,1.038808,59.971182,-5.404051,1.055311,59.973942,-3.884778,1.053853,59.973179,-4.821084,1.040659,59.972574,-6.617951,1.051970,59.973555,-1.525036,1.050810,59.973608,0.995781,1.038498,59.975869,-2.957771,0.974942,59.963692,0.127421,0.976422,59.965645,2.393192,0.992235,59.970570,3.785013,1.010355,59.970435,2.774825,1.042818,59.970617,5.111091,1.056240,59.970555,7.552203,1.023708,59.974746,2.219752,1.023938,59.973664,7.447287,1.025651,59.973451,-9.313001,0.999562,0.999189,0.999327,0.999499,0.999419,0.999622,0.999532,0.999712,-44.114028,0.000000,4.761355,10.977104,2.485619,11.582564,19.855874,-39.164884,288.383297,447.800150,209.391350,467.503357,6.717002,286.592096,294.652499,141.504847,562.436988,245.394482,221.661074,276.382253,200.614467,124.488442,251.663684,184.493662,253.902685,8.239523,988.742731,2.149441,164.790455,75.230425,157.625653,78.812826,137.026846,28.927890,26.868009,92.246831,102.994034,75.767785,-82.574348,42.272334,15.225205,67.617823,24.718568,24.091648,4.119761,223.900075
5.100000,1.043810,59.973752,-7.707137,1.046394,59.973946,-5.101517,1.031455,59.972191,-7.650943,1.007547,59.969883,-8.568265,1.007980,59.968684,-7.700012,1.009851,59.968335,-7.106508,1.000528,59.968888,-9.063429,0.999668,59.969133,-9.510927,1.027117,59.971825,-9.413085,1.018185,59.968125,-4.838842,1.014313,59.968207,-5.610033,1.003966,59.968365,-5.570909,1.016107,59.968517,-5.438011,1.014739,59.969472,-6.826470,1.019290,59.970815,-6.879985,1.034156,59.971304,-5.493092,1.036065,59.971835,-6.470165,1.033219,59.971990,-7.302099,1.049449,59.971115,-0.904188,0.991734,59.971220,-1.822595,1.033583,59.971189,-3.339751,1.048353,59.970959,0.650150,1.043737,59.970983,0.474307,1.039021,59.971303,-5.385189,1.055392,59.973995,-3.846323,1.054008,59.973019,-4.789096,1.040827,59.972525,-6.589823,1.052158,59.973046,-1.491909,1.051007,59.972969,1.028704,1.038487,59.976010,-2.905026,0.975173,59.963409,0.090455,0.976658,59.965681,2.371750,0.992431,59.970864,3.800248,1.010610,59.970965,2.790158,1.043038,59.970685,5.125646,1.056462,59.970612,7.566264,1.023746,59.974885,2.264396,1.024146,59.972729,7.479279,1.025680,59.973617,-9.277594,0.999566,0.999166,0.999327,0.999505,0.999439,0.999631,0.999503,0.999719,-43.946891,0.000000,4.825991,11.117322,2.594348,11.776874,20.002991,-38.932122,288.383297,447.800150,209.391350,467.503357,6.717002,286.592096,294.652499,141.504847,562.436988,245.394482,221.661074,276.382253,200.614467,124.488442,251.663684,184.493662,253.902685,8.239523,988.742731,2.149441,164.790455,75.230425,157.625653,78.812826,137.026846,28.927890,26.868009,92.246831,102.994034,75.767785,-82.574348,42.272334,15.225205,67.617823,24.718568,24.091648,4.119761,223.900075
5.120000,1.043861,59.973874,-7.669663,1.046479,59.974001,-5.062938,1.031611,59.972263,-7.624943,1.007776,59.969967,-8.558853,1.008230,59.968750,-7.699327,1.010105,59.968395,-7.108366,1.000773,59.968963,-9.061229,0.999907,59.969213,-9.506943,1.027238,59.971952,-9.389484,1.018446,59.968214,-4.842080,1.014572,59.968286,-5.612723,1.004230,59.968450,-5.572434,1.016364,59.968607,-5.438422,1.014985,59.969566,-6.819975,1.019525,59.970936,-6.863681,1.034384,59.971430,-5.473240,1.036270,59.971900,-6.446761,1.033406,59.972060,-7.277556,1.049685,59.971392,-0.885012,0.991975,59.971604,-1.802177,1.033822,59.971305,-3.320772,1.048597,59.971056,0.667385,1.043980,59.971080,0.491718,1.039251,59.971429,-5.365343,1.055490,59.974006,-3.807586,1.054193,59.972838,-4.758264,1.041022,59.972465,-6.562010,1.052390,59.972522,-1.462429,1.051249,59.972316,1.057048,1.038487,59.976073,-2.851528,0.975426,59.963280,0.052231,0.976907,59.965816,2.351103,0.992636,59.971154,3.817675,1.010866,59.971480,2.809335,1.043276,59.970760,5.140811,1.056704,59.970675,7.580851,1.023797,59.974951,2.309802,1.024400,59.971782,7.504565,1.025712,59.973776,-9.240933,0.999569,0.999150,0.999330,0.999511,0.999458,0.999638,0.999473,0.999723,-43.769740,0.000000,4.899911,11.268837,2.720053,11.983020,20.145751,-38.688511,288.383297,447.800150,209.391350,467.503357,6.717002,286.592096,294.652499,141.504847,562.436988,245.394482,221.661074,276.382253,200.614467,124.488442,251.663684,184.493662,253.902685,8.239523,988.742731,2.149441,164.790455,75.230425,157.625653,78.812826,137.026846,28.927890,26.868009,92.246831,102.994034,75.767785,-82.574348,42.272334,15.225205,67.617823,24.718568,24.091648,4.119761,223.900075
5.140000,1.043921,59.973978,-7.631532,1.046581,59.974018,-5.024273,1.031783,59.972327,-7.598599,1.008021,59.970085,-8.548819,1.008495,59.968874,-7.698041,1.010375,59.968518,-7.109644,1.001033,59.969095,-9.058372,1.000160,59.969347,-9.502276,1.027365,59.972097,-9.365026,1.018720,59.968366,-4.844531,1.014845,59.968428,-5.614697,1.004509,59.968594,-5.573218,1.016636,59.968753,-5.438068,1.015246,59.969700,-6.812760,1.019775,59.971070,-6.846584,1.034629,59.971559,-5.452605,1.036493,59.971962,-6.423041,1.033611,59.972124,-7.252673,1.049930,59.971662,-0.864010,0.992222,59.971973,-1.779197,1.034078,59.971424,-3.301083,1.048858,59.971156,0.685196,1.044242,59.971181,0.509710,1.039498,59.971557,-5.344719,1.055604,59.973973,-3.769109,1.054407,59.972641,-4.728946,1.041241,59.972393,-6.534819,1.052665,59.971991,-1.436897,1.051537,59.971660,1.080530,1.038497,59.976058,-2.798065,0.975697,59.963306,0.013637,0.977166,59.966047,2.331724,0.992849,59.971438,3.837025,1.011123,59.971970,2.831975,1.043532,59.970840,5.156401,1.056964,59.970742,7.595771,1.023862,59.974943,2.355216,1.024699,59.970839,7.522906,1.025746,59.973929,-9.203294,0.999572,0.999140,0.999337,0.999518,0.999477,0.999642,0.999443,0.999723,-43.585620,0.000000,4.981478,11.428635,2.859587,12.196975,20.281159,-38.438533,288.383297,447.800150,209.391350,467.503357,6.717002,286.592096,294.652499,141.504847,562.436988,245.394482,221.661074,276.382253,200.614467,124.488442,251.663684,184.493662,253.902685,8.239523,988.742731,2.149441,164.790455,75.230425,157.625653,78.812826,137.026846,28.927890,26.868009,92.246831,102.994034,75.767785,-82.574348,42.272334,15.225205,67.617823,24.718568,24.091648,4.119761,223.900075
5.160000,1.043989,59.974061,-7.593104,1.046697,59.973996,-4.986019,1.031971,59.972383,-7.572188,1.008280,59.970237,-8.538137,1.008772,59.969055,-7.695963,1.010657,59.968704,-7.110110,1.001305,59.969281,-9.054678,1.000425,59.969532,-9.496773,1.027499,59.972258,-9.339812,1.019006,59.968577,-4.845977,1.015131,59.968631,-5.615732,1.004801,59.968796,-5.573062,1.016921,59.968952,-5.436776,1.015520,59.969871,-6.804768,1.020040,59.971216,-6.828827,1.034888,59.971687,-5.431402,1.036735,59.972020,-6.399251,1.033833,59.972183,-7.227708,1.050185,59.971920,-0.841474,0.992473,59.972320,-1.754014,1.034350,59.971543,-3.280893,1.049136,59.971258,0.703379,1.044521,59.971284,0.528079,1.039760,59.971685,-5.323530,1.055733,59.973897,-3.731422,1.054651,59.972430,-4.701471,1.041485,59.972312,-6.508546,1.052983,59.971461,-1.415546,1.051870,59.971010,1.098953,1.038518,59.975966,-2.745416,0.975983,59.963485,-0.024439,0.977434,59.966368,2.314056,0.993070,59.971709,3.858007,1.011383,59.972427,2.857639,1.043804,59.970923,5.172223,1.057243,59.970812,7.610829,1.023940,59.974862,2.399883,1.025042,59.969915,7.534176,1.025784,59.974073,-9.164952,0.999575,0.999138,0.999346,0.999524,0.999495,0.999643,0.999414,0.999720,-43.397651,0.000000,5.068921,11.593598,3.009589,12.414581,20.406376,-38.186742,288.383297,447.800150,209.391350,467.503357,6.717002,286.592096,294.652499,141.504847,562.436988,245.394482,221.661074,276.382253,200.614467,124.488442,251.663684,184.493662,253.902685,8.239523,988.742731,2.149441,164.790455,75.230425,157.625653,78.812826,137.026846,28.927890,26.868009,92.246831,102.994034,75.767785,-82.574348,42.272334,15.225205,67.617823,24.718568,24.091648,4.119761,223.900075
5.180000,1.044065,59.974126,-7.554732,1.046828,59.973937,-4.948663,1.032174,59.972431,-7.545981,1.008550,59.970420,-8.526792,1.009059,59.969289,-7.692912,1.010949,59.968948,-7.109543,1.001586,59.969519,-9.049979,1.000699,59.969765,-9.490289,1.027639,59.972433,-9.313946,1.019302,59.968845,-4.846215,1.015425,59.968890,-5.615622,1.005102,59.969050,-5.571786,1.017214,59.969202,-5.434392,1.015805,59.970078,-6.795953,1.020318,59.971370,-6.810554,1.035161,59.971814,-5.409849,1.036992,59.972072,-6.375640,1.034070,59.972235,-7.202920,1.050448,59.972162,-0.817719,0.992730,59.972641,-1.727019,1.034637,59.971661,-3.260419,1.049429,59.971360,0.721727,1.044816,59.971386,0.546616,1.040036,59.971811,-5.301997,1.055878,59.973780,-3.695039,1.054923,59.972208,-4.676136,1.041752,59.972223,-6.483466,1.053341,59.970941,-1.398542,1.052246,59.970377,1.112196,1.038548,59.975799,-2.694339,0.976281,59.963811,-0.061129,0.977708,59.966772,2.298509,0.993298,59.971965,3.880307,1.011643,59.972843,2.885841,1.044090,59.971008,5.188083,1.057539,59.970884,7.625827,1.024031,59.974708,2.443067,1.025428,59.969024,7.538364,1.025824,59.974210,-9.126176,0.999578,0.999143,0.999358,0.999529,0.999512,0.999642,0.999386,0.999713,-43.208968,0.000000,5.160378,11.760563,3.166545,12.631634,20.518761,-37.937689,288.383297,447.800150,209.391350,467.503357,6.717002,286.592096,294.652499,141.504847,562.436988,245.394482,221.661074,276.382253,200.614467,124.488442,251.663684,184.493662,253.902685,8.239523,988.742731,2.149441,164.790455,75.230425,157.625653,78.812826,137.026846,28.927890,26.868009,92.246831,102.994034,75.767785,-82.574348,42.272334,15.225205,67.617823,24.718568,24.091648,4.119761,223.900075
5.200000,1.044148,59.974171,-7.516754,1.046974,59.973842,-4.912667,1.032391,59.972470,-7.520243,1.008829,59.970631,-8.514774,1.009354,59.969572,-7.688725,1.011248,59.969248,-7.107740,1.001874,59.969805,-9.044123,1.000980,59.970043,-9.482696,1.027782,59.972621,-9.287534,1.019603,59.969164,-4.845066,1.015727,59.969202,-5.614179,1.005410,59.969354,-5.569227,1.017515,59.969497,-5.430775,1.016098,59.970315,-6.786282,1.020608,59.971531,-6.791913,1.035446,59.971938,-5.388168,1.037265,59.972119,-6.352446,1.034323,59.972281,-7.178558,1.050719,59.972386,-0.793077,0.992990,59.972930,-1.698628,1.034937,59.971777,-3.239877,1.049736,59.971461,0.740035,1.045124,59.971488,0.565113,1.040325,59.971934,-5.280342,1.056036,59.973625,-3.660444,1.055220,59.971981,-4.653200,1.042041,59.972127,-6.459833,1.053738,59.970439,-1.385980,1.052662,59.969771,1.120226,1.038589,59.975562,-2.645557,0.976587,59.964279,-0.095602,0.977984,59.967253,2.285449,0.993533,59.972203,3.903595,1.011906,59.973212,2.916055,1.044390,59.971095,5.203788,1.057850,59.970956,7.640573,1.024135,59.974487,2.484066,1.025855,59.968181,7.535571,1.025866,59.974338,-9.087225,0.999581,0.999155,0.999372,0.999535,0.999527,0.999638,0.999360,0.999703,-43.022666,0.000000,5.253927,11.926376,3.326862,12.843969,20.615920,-37.695830,288.383297,447.800150,209.391350,467.503357,6.717002,286.592096,294.652499,141.504847,562.436988,245.394482,221.661074,276.382253,200.614467,124.488442,251.663684,184.493662,253.902685,8.239523,988.742731,2.149441,164.790455,75.230425,157.625653,78.812826,137.026846,28.927890,26.868009,92.246831,102.994034,75.767785,-82.574348,42.272334,15.225205,67.617823,24.718568,24.091648,4.119761,223.900075
5.220000,1.044239,59.974199,-7.479491,1.047133,59.973715,-4.878464,1.032619,59.972501,-7.495223,1.009115,59.970867,-8.502086,1.009653,59.969900,-7.683259,1.011551,59.969596,-7.104520,1.002167,59.970134,-9.036978,1.001265,59.970361,-9.473882,1.027928,59.972820,-9.260679,1.019908,59.969529,-4.842374,1.016032,59.969561,-5.611242,1.005722,59.969701,-5.565246,1.017820,59.969833,-5.425810,1.016397,59.970581,-6.775735,1.020907,59.971696,-6.773056,1.035741,59.972057,-5.366580,1.037551,59.972161,-6.329900,1.034588,59.972320,-7.154861,1.050995,59.972587,-0.767886,0.993255,59.973184,-1.669276,1.035248,59.971889,-3.219482,1.050055,59.971561,0.758099,1.045445,59.971587,0.583365,1.040624,59.972053,-5.258784,1.056208,59.973436,-3.628083,1.055542,59.971751,-4.632880,1.042350,59.972027,-6.437876,1.054170,59.969963,-1.377886,1.053116,59.969202,1.123087,1.038639,59.975259,-2.599746,0.976898,59.964878,-0.127076,0.978261,59.967801,2.275193,0.993773,59.972418,3.927530,1.012169,59.973529,2.947732,1.044701,59.971181,5.219152,1.058174,59.971029,7.654879,1.024253,59.974204,2.522226,1.026319,59.967398,7.526005,1.025910,59.974458,-9.048352,0.999583,0.999173,0.999388,0.999540,0.999540,0.999631,0.999336,0.999690,-42.841752,0.000000,5.347631,12.087946,3.486938,13.047549,20.695739,-37.465451,288.383297,447.800150,209.391350,467.503357,6.717002,286.592096,294.652499,141.504847,562.436988,245.394482,221.661074,276.382253,200.614467,124.488442,251.663684,184.493662,253.902685,8.239523,988.742731,2.149441,164.790455,75.230425,157.625653,78.812826,137.026846,28.927890,26.868009,92.246831,102.994034,75.767785,-82.574348,42.272334,15.225205,67.617823,24.718568,24.091648,4.119761,223.900075
5.240000,1.044336,59.974211,-7.443243,1.047304,59.973559,-4.846451,1.032859,59.972524,-7.471158,1.009406,59.971125,-8.488740,1.009954,59.970268,-7.676394,1.011856,59.969989,-7.099728,1.002461,59.970501,-9.028432,1.001551,59.970715,-9.463755,1.028076,59.973028,-9.233490,1.020215,59.969934,-4.838012,1.016338,59.969961,-5.606675,1.006036,59.970087,-5.559731,1.018127,59.970205,-5.419406,1.016701,59.970871,-6.764309,1.021214,59.971864,-6.754137,1.036046,59.972171,-5.345300,1.037848,59.972198,-6.308217,1.034864,59.972353,-7.132054,1.051278,59.972765,-0.742492,0.993523,59.973400,-1.639408,1.035569,59.971996,-3.199444,1.050383,59.971657,0.775722,1.045775,59.971682,0.601173,1.040933,59.972166,-5.237541,1.056391,59.973218,-3.598356,1.055885,59.971523,-4.615348,1.042675,59.971925,-6.417789,1.054633,59.969520,-1.374217,1.053602,59.968678,1.120905,1.038698,59.974899,-2.557520,0.977210,59.965596,-0.154836,0.978536,59.968406,2.268005,0.994019,59.972609,3.951766,1.012434,59.973791,2.980303,1.045021,59.971267,5.233992,1.058509,59.971102,7.668566,1.024382,59.973866,2.556954,1.026816,59.966687,7.509976,1.025956,59.974570,-9.009793,0.999585,0.999197,0.999407,0.999544,0.999552,0.999622,0.999315,0.999674,-42.669084,0.000000,5.439572,12.242300,3.643231,13.238545,20.756420,-37.250593,288.383297,447.800150,209.391350,467.503357,6.717002,286.592096,294.652499,141.504847,562.436988,245.394482,221.661074,276.382253,200.614467,124.488442,251.663684,184.493662,253.902685,8.239523,988.742731,2.149441,164.790455,75.230425,157.625653,78.812826,137.026846,28.927890,26.868009,92.246831,102.994034,75.767785,-82.574348,42.272334,15.225205,67.617823,24.718568,24.091648,4.119761,223.900075
5.260000,1.044440,59.974208,-7.408287,1.047487,59.973379,-4.816978,1.033107,59.972541,-7.448263,1.009699,59.971402,-8.474760,1.010254,59.970669,-7.668033,1.012160,59.970421,-7.093240,1.002754,59.970901,-9.018400,1.001837,59.971099,-9.452248,1.028224,59.973244,-9.206075,1.020520,59.970373,-4.831885,1.016644,59.970396,-5.600373,1.006349,59.970505,-5.552597,1.018434,59.970606,-5.411497,1.017006,59.971180,-6.752015,1.021526,59.972034,-6.735309,1.036358,59.972279,-5.324537,1.038155,59.972231,-6.287595,1.035150,59.972380,-7.110342,1.051565,59.972918,-0.717239,0.993793,59.973576,-1.609470,1.035898,59.972098,-3.179965,1.050720,59.971750,0.792717,1.046115,59.971775,0.618348,1.041249,59.972272,-5.216820,1.056585,59.972977,-3.571613,1.056246,59.971304,-4.600731,1.043016,59.971825,-6.399739,1.055124,59.969118,-1.374862,1.054118,59.968207,1.113878,1.038765,59.974488,-2.519427,0.977520,59.966421,-0.178243,0.978808,59.969060,2.264093,0.994268,59.972774,3.975954,1.012699,59.973996,3.013195,1.045349,59.971352,5.248138,1.058854,59.971174,7.681468,1.024522,59.973483,2.587732,1.027344,59.966058,7.487886,1.026003,59.974673,-8.971777,0.999587,0.999228,0.999426,0.999548,0.999562,0.999611,0.999296,0.999656,-42.507332,0.000000,5.527889,12.386630,3.792328,13.413411,20.796511,-37.054976,288.383297,447.800150,209.391350,467.503357,6.717002,286.592096,294.652499,141.504847,562.436988,245.394482,221.661074,276.382253,200.614467,124.488442,251.663684,184.493662,253.902685,8.239523,988.742731,2.149441,164.790455,75.230425,157.625653,78.812826,137.026846,28.927890,26.868009,92.246831,102.994035,75.767785,-82.574348,42.272334,15.225205,67.617823,24.718568,24.091648,4.119761,223.900075
5.280000,1.044549,59.974192,-7.374870,1.047679,59.973180,-4.790348,1.033363,59.972553,-7.426729,1.009993,59.971693,-8.460182,1.010552,59.971099,-7.658111,1.012460,59.970883,-7.084961,1.003044,59.971327,-9.006825,1.002120,59.971509,-9.439318,1.028371,59.973465,-9.178542,1.020822,59.970839,-4.823929,1.016946,59.970860,-5.592266,1.006659,59.970950,-5.543788,1.018737,59.971032,-5.402046,1.017310,59.971505,-6.738878,1.021843,59.972203,-6.716721,1.036676,59.972380,-5.304489,1.038470,59.972260,-6.268214,1.035443,59.972404,-7.089912,1.051855,59.973044,-0.692464,0.994066,59.973712,-1.579904,1.036232,59.972195,-3.161235,1.051063,59.971840,0.808907,1.046460,59.971863,0.634712,1.041571,59.972373,-5.196820,1.056788,59.972720,-3.548142,1.056623,59.971096,-4.589103,1.043370,59.971728,-6.383853,1.055637,59.968764,-1.379648,1.054658,59.967798,1.102276,1.038841,59.974038,-2.485934,0.977826,59.967338,-0.196749,0.979073,59.969751,2.263604,0.994520,59.972912,3.999749,1.012964,59.974142,3.045841,1.045683,59.971436,5.261432,1.059206,59.971247,7.693433,1.024673,59.973064,2.614126,1.027895,59.965522,7.460223,1.026052,59.974768,-8.934515,0.999589,0.999263,0.999447,0.999551,0.999570,0.999598,0.999280,0.999635,-42.358927,0.000000,5.610817,12.518343,3.931010,13.568952,20.814928,-36.881938,288.383297,447.800150,209.391350,467.503357,6.717002,286.592096,294.652499,141.504847,562.436988,245.394482,221.661074,276.382253,200.614467,124.488442,251.663684,184.493662,253.902685,8.239523,988.742731,2.149441,164.790455,75.230425,157.625653,78.812826,137.026846,28.927890,26.868009,92.246831,102.994035,75.767785,-82.574348,42.272334,15.225205,67.617823,24.718568,24.091648,4.119761,223.900075
5.300000,1.044664,59.974166,-7.343211,1.047880,59.972968,-4.766810,1.033625,59.972561,-7.406723,1.010286,59.971995,-8.445050,1.010845,59.971550,-7.646591,1.012755,59.971370,-7.074834,1.003329,59.971775,-8.993678,1.002399,59.971937,-9.424950,1.028517,59.973688,-9.151005,1.021118,59.971326,-4.814117,1.017242,59.971345,-5.582313,1.006964,59.971414,-5.533283,1.019036,59.971475,-5.391044,1.017612,59.971842,-6.724942,1.022161,59.972370,-6.698519,1.036997,59.972474,-5.285340,1.038790,59.972287,-6.250230,1.035742,59.972424,-7.070925,1.052147,59.973144,-0.668493,0.994339,59.973807,-1.551138,1.036571,59.972286,-3.143430,1.051409,59.971926,0.824132,1.046810,59.971949,0.650103,1.041896,59.972466,-5.177723,1.056999,59.972453,-3.528170,1.057013,59.970905,-4.580493,1.043732,59.971640,-6.370225,1.056169,59.968464,-1.388338,1.055217,59.967457,1.086433,1.038924,59.973557,-2.457423,0.978124,59.968330,-0.209902,0.979330,59.970470,2.266622,0.994775,59.973022,4.022815,1.013229,59.974232,3.077688,1.046020,59.971519,5.273731,1.059563,59.971319,7.704323,1.024833,59.972621,2.635794,1.028467,59.965086,7.427549,1.026101,59.974854,-8.898205,0.999591,0.999303,0.999469,0.999554,0.999575,0.999584,0.999267,0.999613,-42.226024,0.000000,5.686718,12.635098,4.056309,13.702391,20.810970,-36.734376,288.383297,447.800150,209.391350,467.503357,6.717002,286.592096,294.652499,141.504847,562.436988,245.394482,221.661074,276.382253,200.614467,124.488442,251.663684,184.493662,253.902685,8.239523,988.742731,2.149441,164.790455,75.230425,157.625653,78.812826,137.026846,28.927890,26.868009,92.246831,102.994035,75.767785,-82.574348,42.272334,15.225205,67.617823,24.718568,24.091648,4.119761,223.900075
5.320000,1.044782,59.974131,-7.313499,1.048088,59.972749,-4.746553,1.033890,59.972568,-7.388383,1.010574,59.972305,-8.429423,1.011130,59.972017,-7.633466,1.013043,59.971875,-7.062835,1.003607,59.972236,-8.978961,1.002670,59.972378,-9.409157,1.028660,59.973911,-9.123577,1.021407,59.971827,-4.802453,1.017530,59.971846,-5.570512,1.007261,59.971892,-5.521089,1.019328,59.971930,-5.378512,1.017909,59.972186,-6.710265,1.022480,59.972535,-6.680842,1.037319,59.972562,-5.267257,1.039114,59.972313,-6.233775,1.036044,59.972443,-7.053517,1.052440,59.973219,-0.645636,0.994612,59.973864,-1.523581,1.036910,59.972372,-3.126711,1.051758,59.972010,0.838247,1.047161,59.972031,0.664375,1.042223,59.972554,-5.159699,1.057215,59.972183,-3.511857,1.057411,59.970737,-4.574877,1.044102,59.971562,-6.358907,1.056713,59.968224,-1.400642,1.055789,59.967189,1.066742,1.039013,59.973057,-2.434185,0.978412,59.969381,-0.217356,0.979577,59.971204,2.273169,0.995030,59.973104,4.044828,1.013494,59.974266,3.108208,1.046358,59.971602,5.284910,1.059923,59.971393,7.714022,1.025001,59.972167,2.652495,1.029052,59.964756,7.390490,1.026151,59.974932,-8.863028,0.999592,0.999346,0.999491,0.999556,0.999579,0.999569,0.999258,0.999589,-42.110470,0.000000,5.754111,12.734848,4.165566,13.811417,20.784329,-36.614696,288.383297,447.800150,209.391350,467.503357,6.717002,286.592096,294.652499,141.504847,562.436988,245.394482,221.661074,276.382253,200.614467,124.488442,251.663684,184.493662,253.902685,8.239523,988.742731,2.149441,164.790455,75.230425,157.625653,78.812826,137.026846,28.927890,26.868009,92.246831,102.994035,75.767785,-82.574348,42.272334,15.225205,67.617823,24.718568,24.091648,4.119761,223.900075
5.340000,1.044903,59.974092,-7.285888,1.048302,59.972529,-4.729708,1.034158,59.972575,-7.371820,1.010857,59.972620,-8.413368,1.011406,59.972493,-7.618764,1.013320,59.972390,-7.048979,1.003875,59.972706,-8.962708,1.002931,59.972826,-9.391980,1.028799,59.974133,-9.096373,1.021685,59.972334,-4.788980,1.017809,59.972354,-5.556896,1.007548,59.972376,-5.507248,1.019610,59.972391,-5.364500,1.018200,59.972534,-6.694920,1.022796,59.972696,-6.663821,1.037641,59.972645,-5.250391,1.039438,59.972340,-6.218955,1.036348,59.972463,-7.037798,1.052732,59.973269,-0.624180,0.994885,59.973883,-1.497615,1.037250,59.972454,-3.111219,1.052105,59.972091,0.851129,1.047512,59.972111,0.677404,1.042549,59.972636,-5.142897,1.057436,59.971918,-3.499294,1.057814,59.970595,-4.572184,1.044475,59.971498,-6.349919,1.057265,59.968047,-1.416221,1.056370,59.966999,1.043646,1.039108,59.972550,-2.416414,0.978687,59.970473,-0.218874,0.979813,59.971943,2.283204,0.995284,59.973160,4.065486,1.013756,59.974247,3.136908,1.046696,59.971686,5.294864,1.060282,59.971469,7.722433,1.025175,59.971712,2.664090,1.029646,59.964537,7.349725,1.026201,59.975003,-8.829152,0.999594,0.999393,0.999514,0.999557,0.999580,0.999553,0.999253,0.999565,-42.013772,0.000000,5.811702,12.815867,4.256478,13.894226,20.735097,-36.524776,288.383297,447.800150,209.391350,467.503357,6.717002,286.592096,294.652499,141.504847,562.436988,245.394482,221.661074,276.382253,200.614467,124.488442,251.663684,184.493662,253.902685,8.239523,988.742731,2.149441,164.790455,75.230425,157.625653,78.812826,137.026846,28.927890,26.868009,92.246831,102.994035,75.767785,-82.574348,42.272334,15.225205,67.617823,24.718568,24.091648,4.119761,223.900075
5.360000,1.045027,59.974049,-7.260498,1.048519,59.972315,-4.716345,1.034425,59.972586,-7.357113,1.011132,59.972935,-8.396965,1.011671,59.972971,-7.602541,1.013585,59.972909,-7.033316,1.004132,59.973177,-8.944984,1.003183,59.973275,-9.373489,1.028934,59.974351,-9.069512,1.021952,59.972841,-4.773772,1.018076,59.972864,-5.541532,1.007824,59.972861,-5.491834,1.019882,59.972852,-5.349086,1.018481,59.972881,-6.678993,1.023107,59.972853,-6.647578,1.037961,59.972723,-5.234872,1.039761,59.972370,-6.205851,1.036650,59.972485,-7.023848,1.053022,59.973296,-0.604390,0.995155,59.973867,-1.473589,1.037586,59.972532,-3.097076,1.052450,59.972172,0.862671,1.047861,59.972190,0.689082,1.042872,59.972713,-5.127447,1.057658,59.971667,-3.490501,1.058219,59.970484,-4.572298,1.044848,59.971451,-6.343237,1.057819,59.967938,-1.434690,1.056953,59.966891,1.017630,1.039208,59.972046,-2.404205,0.978947,59.971589,-0.214333,0.980036,59.972678,2.296626,0.995538,59.973189,4.084503,1.014017,59.974181,3.163337,1.047030,59.971771,5.303506,1.060639,59.971548,7.729481,1.025355,59.971271,2.670543,1.030242,59.964432,7.305974,1.026252,59.975065,-8.796725,0.999595,0.999441,0.999536,0.999558,0.999580,0.999537,0.999251,0.999541,-41.937079,0.000000,5.858403,12.876782,4.327135,13.949554,20.663757,-36.465934,288.383297,447.800150,209.391350,467.503357,6.717002,286.592096,294.652499,141.504847,562.436988,245.394482,221.661074,276.382253,200.614467,124.488442,251.663684,184.493662,253.902685,8.239523,988.742731,2.149441,164.790455,75.230425,157.625653,78.812826,137.026846,28.927890,26.868009,92.246831,102.994035,75.767785,-82.574348,42.272334,15.225205,67.617823,24.718568,24.091648,4.119761,223.900075
5.380000,1.045153,59.974006,-7.237419,1.048737,59.972114,-4.706470,1.034689,59.972601,-7.344308,1.011397,59.973248,-8.380302,1.011923,59.973446,-7.584887,1.013837,59.973423,-7.015933,1.004376,59.973644,-8.925885,1.003421,59.973720,-9.353784,1.029063,59.974562,-9.043113,1.022206,59.973342,-4.756937,1.018329,59.973368,-5.524520,1.008086,59.973341,-5.474949,1.020141,59.973307,-5.332376,1.018752,59.973223,-6.662587,1.023413,59.973006,-6.632222,1.038275,59.972798,-5.220809,1.040080,59.972405,-6.194513,1.036950,59.972512,-7.011720,1.053309,59.973303,-0.586498,0.995423,59.973821,-1.451816,1.037918,59.972608,-3.084380,1.052790,59.972253,0.872793,1.048204,59.972269,0.699327,1.043191,59.972787,-5.113457,1.057881,59.971436,-3.485434,1.058621,59.970408,-4.575056,1.045219,59.971424,-6.338806,1.058371,59.967900,-1.455629,1.057533,59.966868,0.989214,1.039311,59.971559,-2.397556,0.979190,59.972711,-0.203722,0.980246,59.973397,2.313275,0.995788,59.973195,4.101626,1.014274,59.974072,3.187094,1.047359,59.971859,5.310775,1.060991,59.971631,7.735115,1.025538,59.970855,2.671926,1.030835,59.964442,7.259985,1.026302,59.975121,-8.765882,0.999596,0.999491,0.999558,0.999558,0.999578,0.999521,0.999253,0.999516,-41.881166,0.000000,5.893353,12.916587,4.376054,13.976698,20.571177,-36.438910,288.383297,447.800150,209.391350,467.503357,6.717002,286.592096,294.652499,141.504847,562.436988,245.394482,221.661074,276.382253,200.614467,124.488442,251.663684,184.493662,253.902685,8.239523,988.742731,2.149441,164.790455,75.230425,157.625653,78.812826,137.026846,28.927890,26.868009,92.246831,102.994035,75.767785,-82.574348,42.272334,15.225205,67.617823,24.718568,24.091648,4.119761,223.900075
5.400000,1.045278,59.973966,-7.216705,1.048956,59.971931,-4.700031,1.034950,59.972625,-7.333424,1.011650,59.973556,-8.363476,1.012160,59.973911,-7.565921,1.014074,59.973928,-6.996952,1.004605,59.974100,-8.905536,1.003646,59.974154,-9.332989,1.029185,59.974765,-9.017295,1.022444,59.973830,-4.738616,1.018568,59.973860,-5.505995,1.008333,59.973809,-5.456728,1.020385,59.973752,-5.314503,1.019011,59.973558,-6.645812,1.023710,59.973155,-6.617851,1.038583,59.972870,-5.208286,1.040393,59.972446,-6.184966,1.037244,59.972545,-7.001437,1.053591,59.973292,-0.570705,0.995686,59.973749,-1.432563,1.038242,59.972684,-3.073208,1.053122,59.972335,0.881435,1.048540,59.972350,0.708079,1.043503,59.972859,-5.101010,1.058102,59.971232,-3.483976,1.059019,59.970370,-4.580257,1.045584,59.971420,-6.336533,1.058914,59.967933,-1.478588,1.058104,59.966929,0.958942,1.039418,59.971099,-2.396365,0.979415,59.973821,-0.187145,0.980440,59.974093,2.332933,0.996035,59.973180,4.116630,1.014528,59.973928,3.207836,1.047681,59.971952,5.316629,1.061336,59.971720,7.739306,1.025722,59.970477,2.668410,1.031420,59.964567,7.212521,1.026351,59.975169,-8.736738,0.999597,0.999541,0.999578,0.999557,0.999574,0.999505,0.999258,0.999492,-41.846427,0.000000,5.915936,12.934662,4.402205,13.975517,20.458591,-36.443854,288.383297,447.800150,209.391350,467.503357,6.717002,286.592096,294.652499,141.504847,562.436988,245.394482,221.661074,276.382253,200.614467,124.488442,251.663684,184.493662,253.902685,8.239523,988.742731,2.149441,164.790455,75.230425,157.625653,78.812826,137.026846,28.927890,26.868009,92.246831,102.994034,75.767785,-82.574348,42.272334,15.225205,67.617823,24.718568,24.091648,4.119761,223.900075
5.420000,1.045403,59.973931,-7.198380,1.049171,59.971774,-4.696919,1.035204,59.972658,-7.324449,1.011890,59.973855,-8.346590,1.012381,59.974362,-7.545789,1.014294,59.974417,-6.976528,1.004819,59.974540,-8.884092,1.003854,59.974572,-9.311256,1.029301,59.974958,-8.992181,1.022667,59.974300,-4.718978,1.018790,59.974335,-5.486120,1.008564,59.974260,-5.437328,1.020614,59.974180,-5.295621,1.019255,59.973883,-6.628792,1.023997,59.973300,-6.604548,1.038882,59.972942,-5.197365,1.040698,59.972495,-6.177207,1.037530,59.972588,-6.992994,1.053867,59.973267,-0.557175,0.995944,59.973654,-1.416053,1.038557,59.972759,-3.063613,1.053444,59.972420,0.888560,1.048866,59.972433,0.715302,1.043807,59.972931,-5.090170,1.058319,59.971063,-3.485952,1.059406,59.970374,-4.587664,1.045940,59.971442,-6.336295,1.059443,59.968040,-1.503096,1.058661,59.967076,0.927376,1.039525,59.970678,-2.400439,0.979619,59.974903,-0.164812,0.980618,59.974755,2.355336,0.996276,59.973147,4.129322,1.014776,59.973753,3.225277,1.047993,59.972050,5.321052,1.061670,59.971816,7.742050,1.025907,59.970147,2.660261,1.031991,59.964806,7.164351,1.026400,59.975211,-8.709397,0.999597,0.999590,0.999598,0.999556,0.999569,0.999491,0.999267,0.999470,-41.832870,0.000000,5.925783,12.930776,4.405021,13.946436,20.327579,-36.480332,288.383297,447.800150,209.391350,467.503357,6.717002,286.592096,294.652499,141.504847,562.436988,245.394482,221.661074,276.382253,200.614467,124.488442,251.663684,184.493662,253.902685,8.239523,988.742731,2.149441,164.790455,75.230425,157.625653,78.812826,137.026846,28.927890,26.868009,92.246831,102.994034,75.767785,-82.574348,42.272334,15.225205,67.617823,24.718568,24.091648,4.119761,223.900075
5.440000,1.045526,59.973904,-7.182435,1.049383,59.971647,-4.696967,1.035450,59.972704,-7.317340,1.012116,59.974144,-8.329754,1.012584,59.974792,-7.524665,1.014495,59.974883,-6.954847,1.005015,59.974960,-8.861729,1.004047,59.974971,-9.288759,1.029409,59.975139,-8.967890,1.022871,59.974747,-4.698218,1.018994,59.974787,-5.465087,1.008777,59.974690,-5.416935,1.020826,59.974588,-5.275906,1.019485,59.974194,-6.611658,1.024272,59.973441,-6.592383,1.039171,59.973015,-5.188085,1.040993,59.972555,-6.171205,1.037807,59.972641,-6.986358,1.054134,59.973231,-0.546037,0.996195,59.973544,-1.402459,1.038861,59.972838,-3.055624,1.053755,59.972510,0.894158,1.049180,59.972521,0.720982,1.044099,59.973003,-5.080973,1.058532,59.970935,-3.491127,1.059782,59.970422,-4.597009,1.046285,59.971491,-6.337937,1.059955,59.968220,-1.528669,1.059199,59.967306,0.895083,1.039634,59.970306,-2.409493,0.979802,59.975941,-0.137042,0.980779,59.975378,2.380170,0.996511,59.973100,4.139550,1.015019,59.973557,3.239200,1.048294,59.972155,5.324049,1.061993,59.971921,7.743364,1.026089,59.969876,2.647834,1.032543,59.965154,7.116233,1.026447,59.975247,-8.683942,0.999598,0.999638,0.999616,0.999554,0.999563,0.999478,0.999279,0.999449,-41.840131,0.000000,5.922780,12.905089,4.384403,13.890421,20.180037,-36.547335,288.383297,447.800150,209.391350,467.503357,6.717002,286.592096,294.652499,141.504847,562.436988,245.394482,221.661074,276.382253,200.614467,124.488442,251.663684,184.493662,253.902685,8.239523,988.742731,2.149441,164.790455,75.230425,157.625653,78.812826,137.026846,28.927890,26.868009,92.246831,102.994034,75.767785,-82.574348,42.272334,15.225205,67.617823,24.718568,24.091648,4.119761,223.900075
5.460000,1.045646,59.973886,-7.168833,1.049588,59.971556,-4.699960,1.035685,59.972764,-7.312028,1.012325,59.974421,-8.313084,1.012769,59.975197,-7.502745,1.014678,59.975322,-6.932120,1.005193,59.975354,-8.838650,1.004221,59.975345,-9.265692,1.029508,59.975308,-8.944543,1.023058,59.975167,-4.676554,1.019180,59.975212,-5.443110,1.008971,59.975094,-5.395754,1.021019,59.974971,-5.255554,1.019697,59.974489,-6.594546,1.024533,59.973578,-6.581410,1.039446,59.973091,-5.180459,1.041274,59.972628,-6.166907,1.038072,59.972708,-6.981470,1.054393,59.973190,-0.537377,0.996439,59.973423,-1.391902,1.039151,59.972920,-3.049246,1.054052,59.972606,0.898237,1.049480,59.972615,0.725130,1.044378,59.973079,-5.073432,1.058736,59.970853,-3.499214,1.060142,59.970515,-4.607997,1.046615,59.971571,-6.341281,1.060443,59.968471,-1.554818,1.059713,59.967618,0.862628,1.039741,59.969992,-2.423159,0.979962,59.976919,-0.104251,0.980924,59.975952,2.407083,0.996738,59.973043,4.147199,1.015255,59.973347,3.249453,1.048581,59.972268,5.325647,1.062300,59.972036,7.743288,1.026268,59.969672,2.631563,1.033071,59.965608,7.068906,1.026493,59.975277,-8.660444,0.999598,0.999684,0.999633,0.999551,0.999556,0.999467,0.999294,0.999429,-41.867481,0.000000,5.907069,12.858147,4.340720,13.808962,20.018145,-36.643307,288.383297,447.800150,209.391350,467.503357,6.717002,286.592096,294.652499,141.504847,562.436988,245.394482,221.661074,276.382253,200.614467,124.488442,251.663684,184.493662,253.902685,8.239523,988.742731,2.149441,164.790455,75.230425,157.625653,78.812826,137.026846,28.927890,26.868009,92.246831,102.994034,75.767785,-82.574348,42.272334,15.225205,67.617823,24.718568,24.091648,4.119761,223.900075
5.480000,1.045762,59.973881,-7.157512,1.049786,59.971506,-4.705638,1.035908,59.972841,-7.308420,1.012518,59.974683,-8.296696,1.012934,59.975574,-7.480244,1.014841,59.975728,-6.908585,1.005351,59.975718,-8.815076,1.004377,59.975691,-9.242267,1.029598,59.975462,-8.922258,1.023225,59.975554,-4.654222,1.019347,59.975605,-5.420427,1.009145,59.975468,-5.374007,1.021194,59.975327,-5.234774,1.019892,59.974766,-6.577599,1.024779,59.973714,-6.571667,1.039708,59.973172,-5.174476,1.041541,59.972715,-6.164232,1.038323,59.972789,-6.978246,1.054640,59.973145,-0.531242,0.996673,59.973298,-1.384448,1.039426,59.973008,-3.044459,1.054333,59.972710,0.900833,1.049764,59.972717,0.727780,1.044643,59.973159,-5.067535,1.058932,59.970821,-3.509877,1.060483,59.970656,-4.620313,1.046928,59.971681,-6.346123,1.060905,59.968791,-1.581054,1.060199,59.968009,0.830564,1.039847,59.969746,-2.440994,0.980098,59.977824,-0.066947,0.981051,59.976474,2.435687,0.996956,59.972980,4.152196,1.015482,59.973132,3.255956,1.048852,59.972391,5.325896,1.062591,59.972164,7.741885,1.026441,59.969544,2.611953,1.033570,59.966159,7.023081,1.026536,59.975303,-8.638958,0.999598,0.999726,0.999648,0.999548,0.999549,0.999458,0.999312,0.999413,-41.913847,0.000000,5.879041,12.790866,4.274793,13.704026,19.844328,-36.766169,288.383297,447.800150,209.391350,467.503357,6.717002,286.592096,294.652499,141.504847,562.436988,245.394482,221.661074,276.382253,200.614467,124.488442,251.663684,184.493662,253.902685,8.239523,988.742731,2.149441,164.790455,75.230425,157.625653,78.812826,137.026846,28.927890,26.868009,92.246831,102.994034,75.767785,-82.574348,42.272334,15.225205,67.617823,24.718568,24.091648,4.119761,223.900075
5.500000,1.045873,59.973890,-7.148384,1.049973,59.971500,-4.713700,1.036117,59.972936,-7.306397,1.012691,59.974929,-8.280710,1.013080,59.975918,-7.457395,1.014983,59.976100,-6.884499,1.005491,59.976050,-8.791244,1.004514,59.976005,-9.218712,1.029679,59.975601,-8.901149,1.023372,59.975906,-4.631477,1.019493,59.975963,-5.397290,1.009300,59.975809,-5.351931,1.021349,59.975652,-5.213787,1.020067,59.975024,-6.560961,1.025008,59.973848,-6.563175,1.039953,59.973259,-5.170101,1.041792,59.972818,-6.163078,1.038558,59.972887,-6.976581,1.054876,59.973103,-0.527636,0.996898,59.973174,-1.380111,1.039684,59.973104,-3.041222,1.054597,59.972823,0.902000,1.050031,59.972828,0.728986,1.044892,59.973247,-5.063248,1.059118,59.970844,-3.522744,1.060802,59.970843,-4.633626,1.047222,59.971824,-6.352243,1.061337,59.969178,-1.606902,1.060653,59.968473,0.799428,1.039950,59.969575,-2.462488,0.980210,59.978645,-0.025719,0.981160,59.976937,2.465567,0.997164,59.972916,4.154514,1.015701,59.972919,3.258697,1.049106,59.972526,5.324865,1.062864,59.972304,7.739236,1.026607,59.969497,2.589562,1.034036,59.966802,6.979423,1.026578,59.975325,-8.619526,0.999598,0.999765,0.999660,0.999545,0.999541,0.999451,0.999333,0.999399,-41.977837,0.000000,5.839325,12.704518,4.187872,13.578018,19.661216,-36.913371,288.383297,447.800150,209.391350,467.503357,6.717002,286.592096,294.652499,141.504847,562.436988,245.394482,221.661074,276.382253,200.614467,124.488442,251.663684,184.493662,253.902685,8.239523,988.742731,2.149441,164.790455,75.230425,157.625653,78.812826,137.026846,28.927890,26.868009,92.246831,102.994034,75.767785,-82.574348,42.272334,15.225205,67.617823,24.718568,24.091648,4.119761,223.900075
5.520000,1.045978,59.973915,-7.141340,1.050149,59.971541,-4.723812,1.036311,59.973050,-7.305822,1.012846,59.975159,-8.265243,1.013205,59.976227,-7.434443,1.015105,59.976432,-6.860134,1.005610,59.976346,-8.767403,1.004632,59.976286,-9.195262,1.029751,59.975724,-8.881330,1.023500,59.976221,-4.608582,1.019619,59.976283,-5.373965,1.009433,59.976115,-5.329775,1.021484,59.975945,-5.192822,1.020224,59.975262,-6.544775,1.025219,59.973981,-6.555940,1.040181,59.973355,-5.167279,1.042024,59.972938,-6.163325,1.038777,59.973004,-6.976347,1.055098,59.973068,-0.526525,0.997111,59.973059,-1.378851,1.039923,59.973209,-3.039472,1.054841,59.972948,0.901814,1.050278,59.972950,0.728824,1.045123,59.973343,-5.060514,1.059292,59.970923,-3.537414,1.061098,59.971077,-4.647600,1.047494,59.972000,-6.359406,1.061735,59.969627,-1.631901,1.061071,59.969005,0.769724,1.040049,59.969484,-2.487074,0.980299,59.979369,0.018770,0.981253,59.977339,2.496290,0.997362,59.972856,4.154165,1.015909,59.972718,3.257733,1.049342,59.972673,5.322640,1.063117,59.972458,7.735439,1.026764,59.969535,2.564993,1.034467,59.967528,6.938552,1.026617,59.975343,-8.602173,0.999598,0.999800,0.999671,0.999541,0.999533,0.999447,0.999356,0.999388,-42.057770,0.000000,5.788773,12.600703,4.081611,13.433724,19.471599,-37.081933,288.383297,447.800150,209.391350,467.503357,6.717002,286.592096,294.652499,141.504847,562.436988,245.394482,221.661074,276.382253,200.614467,124.488442,251.663684,184.493662,253.902685,8.239523,988.742731,2.149441,164.790455,75.230425,157.625653,78.812826,137.026846,28.927890,26.868009,92.246831,102.994034,75.767785,-82.574348,42.272334,15.225205,67.617823,24.718568,24.091648,4.119761,223.900075
5.540000,1.046076,59.973957,-7.136253,1.050312,59.971631,-4.735618,1.036489,59.973186,-7.306542,1.012981,59.975371,-8.250411,1.013309,59.976499,-7.411640,1.015206,59.976722,-6.835774,1.005709,59.976604,-8.743809,1.004730,59.976531,-9.172161,1.029813,59.975831,-8.862905,1.023607,59.976496,-4.585807,1.019725,59.976563,-5.350727,1.009547,59.976384,-5.307793,1.021599,59.976204,-5.172114,1.020361,59.975478,-6.529184,1.025411,59.974115,-6.549954,1.040391,59.973461,-5.165933,1.042238,59.973077,-6.164834,1.038977,59.973139,-6.977401,1.055307,59.973044,-0.527831,0.997312,59.972956,-1.380576,1.040144,59.973326,-3.039126,1.055066,59.973084,0.900366,1.050505,59.973085,0.727387,1.045335,59.973449,-5.059253,1.059452,59.971061,-3.553459,1.061368,59.971356,-4.661893,1.047743,59.972208,-6.367366,1.062096,59.970133,-1.655618,1.061451,59.969600,0.741927,1.040144,59.969478,-2.514143,0.980363,59.979990,0.065803,0.981329,59.977676,2.527406,0.997547,59.972804,4.151207,1.016107,59.972535,3.253185,1.049559,59.972834,5.319324,1.063348,59.972627,7.730609,1.026912,59.969660,2.538877,1.034859,59.968326,6.901028,1.026654,59.975358,-8.586915,0.999598,0.999830,0.999680,0.999537,0.999525,0.999446,0.999381,0.999380,-42.151713,0.000000,5.728443,12.481319,3.958030,13.274248,19.278377,-37.268510,288.383297,447.800150,209.391350,467.503357,6.717002,286.592096,294.652499,141.504847,562.436988,245.394482,221.661074,276.382253,200.614467,124.488442,251.663684,184.493662,253.902685,8.239523,988.742731,2.149441,164.790455,75.230425,157.625653,78.812826,137.026846,28.927890,26.868009,92.246831,102.994034,75.767785,-82.574348,42.272334,15.225205,67.617823,24.718568,24.091648,4.119761,223.900075
5.560000,1.046167,59.974016,-7.132983,1.050460,59.971772,-4.748739,1.036649,59.973342,-7.308388,1.013097,59.975566,-8.236327,1.013394,59.976733,-7.389246,1.015287,59.976970,-6.811709,1.005789,59.976824,-8.720723,1.004809,59.976739,-9.149654,1.029866,59.975922,-8.845976,1.023695,59.976731,-4.563427,1.019811,59.976801,-5.327852,1.009640,59.976615,-5.286239,1.021695,59.976427,-5.151897,1.020478,59.975673,-6.514325,1.025584,59.974251,-6.545190,1.040582,59.973579,-5.165964,1.042431,59.973235,-6.167452,1.039158,59.973294,-6.979587,1.055501,59.973035,-0.531440,0.997500,59.972874,-1.385147,1.040344,59.973454,-3.040082,1.055269,59.973234,0.897768,1.050711,59.973233,0.724787,1.045528,59.973567,-5.059371,1.059599,59.971257,-3.570444,1.061611,59.971680,-4.676169,1.047967,59.972449,-6.375875,1.062418,59.970691,-1.677649,1.061789,59.970249,0.716466,1.040233,59.969561,-2.543051,0.980404,59.980499,0.114610,0.981388,59.977948,2.558464,0.997720,59.972766,4.145741,1.016292,59.972378,3.245238,1.049755,59.973009,5.315036,1.063557,59.972812,7.724873,1.027048,59.969872,2.511860,1.035208,59.969187,6.867347,1.026687,59.975371,-8.573754,0.999597,0.999854,0.999686,0.999533,0.999518,0.999447,0.999407,0.999375,-42.257520,0.000000,5.659576,12.348530,3.819467,13.102947,19.084514,-37.469451,288.383297,447.800150,209.391350,467.503357,6.717002,286.592096,294.652499,141.504847,562.436988,245.394482,221.661074,276.382253,200.614467,124.488442,251.663684,184.493662,253.902685,8.239523,988.742731,2.149441,164.790455,75.230425,157.625653,78.812826,137.026846,28.927890,26.868009,92.246831,102.994034,75.767785,-82.574348,42.272334,15.225205,67.617823,24.718568,24.091648,4.119761,223.900075
5.580000,1.046249,59.974093,-7.131375,1.050594,59.971964,-4.762789,1.036790,59.973520,-7.311183,1.013193,59.975742,-8.223096,1.013459,59.976927,-7.367517,1.015348,59.977173,-6.788232,1.005850,59.977004,-8.698404,1.004870,59.976910,-9.127986,1.029909,59.975997,-8.830634,1.023764,59.976925,-4.541712,1.019878,59.976998,-5.305618,1.009713,59.976808,-5.265368,1.021771,59.976615,-5.132400,1.020575,59.975847,-6.500329,1.025736,59.974389,-6.541609,1.040753,59.973710,-5.167260,1.042603,59.973413,-6.171015,1.039319,59.973470,-6.982733,1.055678,59.973045,-0.537203,0.997674,59.972816,-1.392375,1.040522,59.973597,-3.042222,1.055451,59.973399,0.894143,1.050895,59.973396,0.721146,1.045701,59.973698,-5.060750,1.059731,59.971511,-3.587925,1.061826,59.972045,-4.690100,1.048166,59.972721,-6.384679,1.062700,59.971295,-1.697626,1.062086,59.970946,0.693727,1.040316,59.969733,-2.573133,0.980424,59.980892,0.164393,0.981433,59.978154,2.589012,0.997880,59.972746,4.137910,1.016465,59.972254,3.234137,1.049930,59.973199,5.309902,1.063743,59.973013,7.718370,1.027172,59.970171,2.484590,1.035515,59.970100,6.837933,1.026718,59.975382,-8.562680,0.999597,0.999873,0.999690,0.999530,0.999512,0.999451,0.999435,0.999375,-42.372875,0.000000,5.583565,12.204721,3.668536,12.923358,18.892990,-37.680872,288.383297,447.800150,209.391350,467.503357,6.717002,286.592096,294.652499,141.504847,562.436988,245.394482,221.661074,276.382253,200.614467,124.488442,251.663684,184.493662,253.902685,8.239523,988.742731,2.149441,164.790455,75.230425,157.625653,78.812826,137.026846,28.927890,26.868009,92.246831,102.994034,75.767785,-82.574348,42.272334,15.225205,67.617823,24.718568,24.091648,4.119761,223.900075
5.600000,1.046323,59.974190,-7.131268,1.050712,59.972206,-4.777376,1.036914,59.973720,-7.314742,1.013271,59.975901,-8.210818,1.013506,59.977083,-7.346708,1.015390,59.977333,-6.765631,1.005893,59.977145,-8.677108,1.004913,59.977045,-9.107394,1.029942,59.976057,-8.816963,1.023816,59.977079,-4.520927,1.019927,59.977154,-5.284296,1.009768,59.976962,-5.245427,1.021829,59.976769,-5.113849,1.020654,59.976000,-6.487319,1.025869,59.974532,-6.539156,1.040903,59.973856,-5.169691,1.042753,59.973611,-6.175350,1.039460,59.973667,-6.986664,1.055840,59.973078,-0.544934,0.997834,59.972788,-1.402031,1.040680,59.973754,-3.045414,1.055611,59.973579,0.889626,1.051057,59.973574,0.716603,1.045854,59.973844,-5.063262,1.059847,59.971822,-3.605466,1.062011,59.972448,-4.703375,1.048339,59.973023,-6.393533,1.062941,59.971937,-1.715225,1.062338,59.971682,0.674040,1.040392,59.969995,-2.603717,0.980422,59.981167,0.214332,0.981464,59.978296,2.618606,0.998026,59.972750,4.127896,1.016624,59.972170,3.220175,1.050084,59.973405,5.304063,1.063905,59.973231,7.711244,1.027282,59.970552,2.457700,1.035776,59.971054,6.813137,1.026746,59.975392,-8.553674,0.999597,0.999886,0.999692,0.999526,0.999506,0.999457,0.999464,0.999378,-42.495337,0.000000,5.501932,12.052461,3.508068,12.739127,18.706748,-37.898725,288.383297,447.800150,209.391350,467.503357,6.717002,286.592096,294.652499,141.504847,562.436988,245.394482,221.661074,276.382253,200.614467,124.488442,251.663684,184.493662,253.902685,8.239523,988.742731,2.149441,164.790455,75.230425,157.625653,78.812826,137.026846,28.927890,26.868009,92.246831,102.994034,75.767785,-82.574348,42.272334,15.225205,67.617823,24.718568,24.091648,4.119761,223.900075
5.620000,1.046388,59.974304,-7.132498,1.050814,59.972496,-4.792115,1.037018,59.973940,-7.318878,1.013330,59.976043,-8.199585,1.013535,59.977200,-7.327062,1.015415,59.977450,-6.744185,1.005919,59.977248,-8.657079,1.004940,59.977143,-9.088109,1.029968,59.976103,-8.805039,1.023850,59.977193,-4.501325,1.019959,59.977269,-5.264147,1.009805,59.977079,-5.226654,1.021870,59.976889,-5.096456,1.020715,59.976133,-6.475407,1.025982,59.974679,-6.537766,1.041034,59.974017,-5.173115,1.042883,59.973829,-6.180280,1.039580,59.973884,-6.991199,1.055986,59.973138,-0.554418,0.997979,59.972795,-1.413847,1.040816,59.973927,-3.049514,1.055749,59.973774,0.884364,1.051196,59.973768,0.711303,1.045985,59.974006,-5.066763,1.059948,59.972185,-3.622642,1.062166,59.972885,-4.715700,1.048485,59.973353,-6.402196,1.063140,59.972610,-1.730165,1.062546,59.972448,0.657685,1.040462,59.970343,-2.634136,0.980402,59.981323,0.263604,0.981483,59.978374,2.646822,0.998159,59.972780,4.115915,1.016770,59.972130,3.203693,1.050216,59.973625,5.297661,1.064044,59.973464,7.703648,1.027380,59.971011,2.431797,1.035992,59.972036,6.793232,1.026771,59.975402,-8.546706,0.999596,0.999894,0.999692,0.999523,0.999502,0.999467,0.999493,0.999384,-42.622388,0.000000,5.416294,11.894452,3.341058,12.553934,18.528645,-38.118879,288.383297,447.800150,209.391350,467.503357,6.717002,286.592096,294.652499,141.504847,562.436988,245.394482,221.661074,276.382253,200.614467,124.488442,251.663684,184.493662,253.902685,8.239523,988.742731,2.149441,164.790455,75.230425,157.625653,78.812826,137.026846,28.927890,26.868009,92.246831,102.994034,75.767785,-82.574348,42.272334,15.225205,67.617823,24.718568,24.091648,4.119761,223.900075
5.640000,1.046444,59.974436,-7.134896,1.050899,59.972832,-4.806630,1.037104,59.974182,-7.323406,1.013372,59.976169,-8.189475,1.013548,59.977280,-7.308814,1.015424,59.977524,-6.724162,1.005929,59.977314,-8.638549,1.004951,59.977207,-9.070345,1.029985,59.976134,-8.794923,1.023869,59.977269,-4.483147,1.019975,59.977345,-5.245418,1.009826,59.977161,-5.209270,1.021896,59.976976,-5.080420,1.020759,59.976248,-6.464694,1.026075,59.974833,-6.537361,1.041144,59.974194,-5.177379,1.042991,59.974067,-6.185623,1.039680,59.974121,-6.996155,1.056115,59.973227,-0.565416,0.998109,59.972839,-1.427523,1.040931,59.974116,-3.054371,1.055866,59.973986,0.878506,1.051313,59.973979,0.705398,1.046097,59.974184,-5.071100,1.060033,59.972598,-3.639050,1.062292,59.973353,-4.726810,1.048605,59.973709,-6.410441,1.063296,59.973308,-1.742217,1.062709,59.973237,0.644879,1.040523,59.970776,-2.663736,0.980366,59.981362,0.311396,0.981490,59.978392,2.673256,0.998278,59.972842,4.102220,1.016901,59.972140,3.185073,1.050328,59.973862,5.290846,1.064161,59.973714,7.695734,1.027463,59.971541,2.407450,1.036163,59.973036,6.778413,1.026794,59.975413,-8.541736,0.999596,0.999895,0.999690,0.999521,0.999499,0.999478,0.999522,0.999395,-42.751481,0.000000,5.328329,11.733483,3.170603,12.371417,18.361409,-38.337193,288.383297,447.800150,209.391350,467.503357,6.717002,286.592096,294.652499,141.504847,562.436988,245.394482,221.661074,276.382253,200.614467,124.488442,251.663684,184.493662,253.902685,8.239523,988.742731,2.149441,164.790455,75.230425,157.625653,78.812826,137.026846,28.927890,26.868009,92.246831,102.994034,75.767785,-82.574348,42.272334,15.225205,67.617823,24.718568,24.091648,4.119761,223.900075
5.660000,1.046490,59.974586,-7.138296,1.050968,59.973210,-4.820568,1.037172,59.974442,-7.328144,1.013399,59.976280,-8.180560,1.013548,59.977326,-7.292177,1.015420,59.977560,-6.705812,1.005927,59.977346,-8.621733,1.004950,59.977239,-9.054301,1.029995,59.976154,-8.786668,1.023875,59.977310,-4.466611,1.019978,59.977385,-5.228339,1.009834,59.977209,-5.193482,1.021907,59.977034,-5.065923,1.020787,59.976346,-6.455265,1.026150,59.974993,-6.537852,1.041236,59.974388,-5.182324,1.043078,59.974324,-6.191203,1.039760,59.974377,-7.001351,1.056228,59.973348,-0.577664,0.998224,59.972924,-1.442731,1.041026,59.974322,-3.059824,1.055961,59.974213,0.872210,1.051409,59.974205,0.699047,1.046189,59.974379,-5.076115,1.060103,59.973055,-3.654316,1.062389,59.973847,-4.736464,1.048699,59.974087,-6.418055,1.063411,59.974022,-1.751200,1.062828,59.974039,0.635781,1.040578,59.971288,-2.691895,0.980315,59.981287,0.356919,0.981489,59.978355,2.697536,0.998384,59.972938,4.087089,1.017018,59.972203,3.164727,1.050419,59.974113,5.283768,1.064255,59.973980,7.687656,1.027533,59.972135,2.385178,1.036288,59.974042,6.768794,1.026813,59.975424,-8.538719,0.999595,0.999890,0.999686,0.999519,0.999497,0.999492,0.999552,0.999408,-42.880086,0.000000,5.239744,11.572379,2.999843,12.195102,18.207592,-38.549592,288.383297,447.800150,209.391350,467.503357,6.717002,286.592096,294.652499,141.504847,562.436988,245.394482,221.661074,276.382253,200.614467,124.488442,251.663684,184.493662,253.902685,8.239523,988.742731,2.149441,164.790455,75.230425,157.625653,78.812826,137.026846,28.927890,26.868009,92.246831,102.994034,75.767785,-82.574348,42.272334,15.225205,67.617823,24.718568,24.091648,4.119761,223.900075
5.680000,1.046527,59.974751,-7.142539,1.051021,59.973627,-4.833596,1.037223,59.974720,-7.332916,1.013411,59.976377,-8.172896,1.013535,59.977339,-7.277349,1.015403,59.977559,-6.689363,1.005913,59.977345,-8.606824,1.004937,59.977240,-9.040155,1.029999,59.976162,-8.780313,1.023869,59.977319,-4.451916,1.019969,59.977391,-5.213115,1.009829,59.977227,-5.179474,1.021906,59.977064,-5.053127,1.020802,59.976428,-6.447192,1.026208,59.975161,-6.539146,1.041309,59.974599,-5.187786,1.043145,59.974598,-6.196843,1.039821,59.974650,-7.006613,1.056325,59.973502,-0.590883,0.998325,59.973052,-1.459123,1.041101,59.974544,-3.065712,1.056036,59.974456,0.865630,1.051485,59.974447,0.692406,1.046263,59.974590,-5.081640,1.060158,59.973551,-3.668100,1.062457,59.974361,-4.744459,1.048767,59.974484,-6.424846,1.063485,59.974744,-1.756988,1.062905,59.974844,0.630490,1.040624,59.971872,-2.718029,0.980253,59.981104,0.399426,0.981480,59.978266,2.719321,0.998476,59.973072,4.070828,1.017120,59.972320,3.143088,1.050491,59.974379,5.276575,1.064327,59.974260,7.679566,1.027588,59.972782,2.365439,1.036368,59.975042,6.764409,1.026829,59.975438,-8.537599,0.999594,0.999880,0.999680,0.999519,0.999497,0.999508,0.999580,0.999425,-43.005741,0.000000,5.152239,11.413952,2.831899,12.028338,18.069528,-38.752143,288.383297,447.800150,209.391350,467.503357,6.717002,286.592096,294.652499,141.504847,562.436988,245.394482,221.661074,276.382253,200.614467,124.488442,251.663684,184.493662,253.902685,8.239523,988.742731,2.149441,164.790455,75.230425,157.625653,78.812826,137.026846,28.927890,26.868009,92.246831,102.994034,75.767785,-82.574348,42.272334,15.225205,67.617823,24.718568,24.091648,4.119761,223.900075
5.700000,1.046556,59.974930,-7.147471,1.051059,59.974077,-4.845415,1.037258,59.975013,-7.337561,1.013411,59.976463,-8.166529,1.013512,59.977323,-7.264501,1.015377,59.977524,-6.675017,1.005889,59.977316,-8.593990,1.004915,59.977215,-9.028061,1.029997,59.976161,-8.775882,1.023854,59.977299,-4.439233,1.019950,59.977367,-5.199929,1.009814,59.977218,-5.167405,1.021895,59.977069,-5.042171,1.020804,59.976497,-6.440532,1.026250,59.975337,-6.541140,1.041364,59.974826,-5.193598,1.043193,59.974889,-6.202377,1.039864,59.974940,-7.011774,1.056407,59.973690,-0.604780,0.998410,59.973224,-1.476338,1.041158,59.974782,-3.071872,1.056093,59.974713,0.858924,1.051541,59.974704,0.685633,1.046318,59.974818,-5.087512,1.060199,59.974080,-3.680105,1.062497,59.974890,-4.750624,1.048812,59.974898,-6.430643,1.063520,59.975468,-1.759510,1.062939,59.975646,0.629042,1.040664,59.972521,-2.741604,0.980182,59.980821,0.438218,0.981466,59.978131,2.738315,0.998556,59.973244,4.053758,1.017207,59.972495,3.120609,1.050545,59.974658,5.269414,1.064380,59.974553,7.671610,1.027631,59.973474,2.348626,1.036405,59.976027,6.765218,1.026843,59.975454,-8.538314,0.999594,0.999865,0.999673,0.999519,0.999498,0.999525,0.999608,0.999446,-43.126092,0.000000,5.067473,11.260948,2.669816,11.874231,17.949297,-38.941128,288.383297,447.800150,209.391350,467.503357,6.717002,286.592096,294.652499,141.504847,562.436988,245.394482,221.661074,276.382253,200.614467,124.488442,251.663684,184.493662,253.902685,8.239523,988.742731,2.149441,164.790455,75.230425,157.625653,78.812826,137.026846,28.927890,26.868009,92.246831,102.994034,75.767785,-82.574348,42.272334,15.225205,67.617823,24.718568,24.091648,4.119761,223.900075
5.720000,1.046575,59.975123,-7.152948,1.051082,59.974555,-4.855761,1.037277,59.975320,-7.341929,1.013401,59.976538,-8.161488,1.013482,59.977282,-7.253779,1.015343,59.977461,-6.662948,1.005858,59.977263,-8.583376,1.004886,59.977167,-9.018148,1.029991,59.976153,-8.773387,1.023832,59.977253,-4.428708,1.019924,59.977317,-5.188933,1.009791,59.977185,-5.157408,1.021876,59.977053,-5.033168,1.020797,59.976555,-6.435323,1.026276,59.975520,-6.543728,1.041403,59.975070,-5.199597,1.043224,59.975194,-6.207649,1.039891,59.975244,-7.016680,1.056475,59.973914,-0.619057,0.998481,59.973442,-1.494004,1.041198,59.975035,-3.078144,1.056132,59.974985,0.852243,1.051580,59.974975,0.678880,1.046357,59.975062,-5.093565,1.060226,59.974635,-3.690078,1.062512,59.975429,-4.754827,1.048834,59.975324,-6.435300,1.063517,59.976184,-1.758745,1.062934,59.976434,0.631416,1.040696,59.973226,-2.762145,0.980106,59.980448,0.472667,0.981448,59.977957,2.754265,0.998624,59.973457,4.036216,1.017281,59.972726,3.097745,1.050581,59.974950,5.262424,1.064414,59.974859,7.663927,1.027660,59.974200,2.335055,1.036401,59.976985,6.771106,1.026854,59.975472,-8.540799,0.999593,0.999844,0.999664,0.999520,0.999502,0.999543,0.999635,0.999468,-43.238937,0.000000,4.987036,11.116003,2.516506,11.735587,17.848691,-39.113109,288.383297,447.800150,209.391350,467.503357,6.717002,286.592096,294.652499,141.504847,562.436988,245.394482,221.661074,276.382253,200.614467,124.488442,251.663684,184.493662,253.902685,8.239523,988.742731,2.149441,164.790455,75.230425,157.625653,78.812826,137.026846,28.927890,26.868009,92.246831,102.994034,75.767785,-82.574348,42.272334,15.225205,67.617823,24.718568,24.091648,4.119761,223.900075
5.740000,1.046587,59.975326,-7.158838,1.051092,59.975055,-4.864410,1.037283,59.975637,-7.345886,1.013383,59.976604,-8.157793,1.013447,59.977219,-7.245302,1.015305,59.977372,-6.653298,1.005822,59.977188,-8.575093,1.004852,59.977100,-9.010518,1.029982,59.976139,-8.772825,1.023804,59.977187,-4.420454,1.019893,59.977244,-5.180251,1.009762,59.977131,-5.149590,1.021851,59.977020,-5.026207,1.020781,59.976603,-6.431588,1.026290,59.975713,-6.546801,1.041427,59.975328,-5.205623,1.043238,59.975511,-6.212515,1.039902,59.975560,-7.021190,1.056528,59.974173,-0.633411,0.998539,59.973704,-1.511752,1.041221,59.975303,-3.084373,1.056155,59.975270,0.845731,1.051602,59.975260,0.672295,1.046381,59.975322,-5.099639,1.060240,59.975208,-3.697816,1.062503,59.975972,-4.756975,1.048835,59.975758,-6.438699,1.063479,59.976887,-1.754729,1.062892,59.977202,0.637532,1.040722,59.973977,-2.779244,0.980028,59.979995,0.502216,0.981429,59.977751,2.766965,0.998681,59.973711,4.018546,1.017340,59.973013,3.074953,1.050603,59.975253,5.255739,1.064432,59.975175,7.656648,1.027677,59.974947,2.324967,1.036357,59.977907,6.781886,1.026863,59.975495,-8.544981,0.999593,0.999820,0.999655,0.999522,0.999507,0.999563,0.999661,0.999493,-43.342266,0.000000,4.912411,10.981591,2.374693,11.614867,17.769189,-39.264990,288.383297,447.800150,209.391350,467.503357,6.717002,286.592096,294.652499,141.504847,562.436988,245.394482,221.661074,276.382253,200.614467,124.488442,251.663684,184.493662,253.902685,8.239523,988.742731,2.149441,164.790455,75.230425,157.625653,78.812826,137.026846,28.927890,26.868009,92.246831,102.994034,75.767785,-82.574348,42.272334,15.225205,67.617823,24.718568,24.091648,4.119761,223.900075
5.760000,1.046591,59.975537,-7.165025,1.051090,59.975570,-4.871182,1.037277,59.975962,-7.349317,1.013358,59.976665,-8.155446,1.013408,59.977139,-7.239156,1.015264,59.977264,-6.646175,1.005784,59.977096,-8.569225,1.004815,59.977017,-9.005243,1.029970,59.976122,-8.774180,1.023774,59.977104,-4.414554,1.019860,59.977154,-5.173971,1.009730,59.977063,-5.144024,1.021823,59.976973,-5.021348,1.020760,59.976645,-6.429333,1.026292,59.975913,-6.550252,1.041438,59.975600,-5.211522,1.043238,59.975838,-6.216846,1.039900,59.975885,-7.025179,1.056569,59.974465,-0.647548,0.998584,59.974009,-1.529215,1.041231,59.975584,-3.090411,1.056163,59.975567,0.839525,1.051610,59.975556,0.666016,1.046392,59.975595,-5.105581,1.060243,59.975793,-3.703170,1.062471,59.976513,-4.757018,1.048817,59.976196,-6.440748,1.063409,59.977568,-1.747544,1.062814,59.977941,0.647254,1.040742,59.974763,-2.792567,0.979951,59.979476,0.526398,0.981410,59.977519,2.776262,0.998727,59.974006,4.001090,1.017386,59.973355,3.052678,1.050610,59.975565,5.249480,1.064434,59.975501,7.649891,1.027684,59.975706,2.318519,1.036277,59.978784,6.797311,1.026870,59.975521,-8.550782,0.999592,0.999791,0.999644,0.999526,0.999513,0.999582,0.999685,0.999520,-43.434296,0.000000,4.844951,10.859986,2.246867,11.514142,17.711929,-39.394072,288.383297,447.800150,209.391350,467.503357,6.717002,286.592096,294.652499,141.504847,562.436988,245.394482,221.661074,276.382253,200.614467,124.488442,251.663684,184.493662,253.902685,8.239523,988.742731,2.149441,164.790455,75.230425,157.625653,78.812826,137.026846,28.927890,26.868009,92.246831,102.994034,75.767785,-82.574348,42.272334,15.225205,67.617823,24.718568,24.091648,4.119761,223.900075
5.780000,1.046587,59.975755,-7.171405,1.051076,59.976095,-4.875944,1.037260,59.976293,-7.352129,1.013328,59.976720,-8.154437,1.013369,59.977045,-7.235398,1.015222,59.977140,-6.641651,1.005744,59.976992,-8.565821,1.004777,59.976923,-9.002364,1.029957,59.976102,-8.777417,1.023742,59.977009,-4.411055,1.019825,59.977050,-5.170151,1.009697,59.976983,-5.140753,1.021793,59.976916,-5.018621,1.020734,59.976682,-6.428545,1.026284,59.976121,-6.553973,1.041437,59.975885,-5.217152,1.043225,59.976173,-6.220531,1.039885,59.976217,-7.028542,1.056598,59.974790,-0.661177,0.998616,59.974355,-1.546043,1.041228,59.975877,-3.096121,1.056158,59.975873,0.833752,1.051604,59.975863,0.660168,1.046390,59.975880,-5.111248,1.060236,59.976380,-3.706045,1.062419,59.977047,-4.754943,1.048781,59.976634,-6.441388,1.063309,59.978221,-1.737325,1.062704,59.978645,0.660395,1.040755,59.975574,-2.801861,0.979877,59.978902,0.544843,0.981394,59.977269,2.782056,0.998763,59.974340,3.984190,1.017419,59.973748,3.031349,1.050605,59.975885,5.243761,1.064424,59.975834,7.643765,1.027679,59.976463,2.315788,1.036162,59.979608,6.817070,1.026875,59.975552,-8.558122,0.999592,0.999759,0.999633,0.999531,0.999521,0.999602,0.999707,0.999549,-43.513495,0.000000,4.785852,10.753219,2.135238,11.435063,17.677698,-39.498099,288.383297,447.800150,209.391350,467.503357,6.717002,286.592096,294.652499,141.504847,562.436988,245.394482,221.661074,276.382253,200.614467,124.488442,251.663684,184.493662,253.902685,8.239523,988.742731,2.149441,164.790455,75.230425,157.625653,78.812826,137.026846,28.927890,26.868009,92.246831,102.994034,75.767785,-82.574348,42.272334,15.225205,67.617823,24.718568,24.091648,4.119761,223.900075
5.800000,1.046578,59.975977,-7.177893,1.051052,59.976622,-4.878611,1.037234,59.976625,-7.354249,1.013296,59.976772,-8.154742,1.013330,59.976944,-7.234048,1.015182,59.977007,-6.639761,1.005706,59.976881,-8.564899,1.004741,59.976823,-9.001890,1.029943,59.976083,-8.782492,1.023712,59.976906,-4.409973,1.019792,59.976939,-5.168811,1.009665,59.976896,-5.139791,1.021763,59.976853,-5.018031,1.020706,59.976718,-6.429195,1.026268,59.976336,-6.557861,1.041425,59.976180,-5.222382,1.043200,59.976513,-6.223479,1.039860,59.976553,-7.031193,1.056617,59.975146,-0.674027,0.998637,59.974740,-1.561900,1.041215,59.976179,-3.101378,1.056143,59.976187,0.828523,1.051588,59.976177,0.654866,1.046377,59.976176,-5.116509,1.060219,59.976964,-3.706400,1.062348,59.977567,-4.750781,1.048730,59.977068,-6.440589,1.063181,59.978840,-1.724250,1.062566,59.979307,0.676721,1.040764,59.976396,-2.806955,0.979810,59.978290,0.557280,0.981381,59.977009,2.784302,0.998792,59.974713,3.968172,1.017439,59.974189,3.011369,1.050589,59.976212,5.238679,1.064401,59.976172,7.638363,1.027666,59.977209,2.316767,1.036017,59.980373,6.840803,1.026879,59.975587,-8.566917,0.999592,0.999725,0.999622,0.999537,0.999531,0.999622,0.999728,0.999579,-43.578613,0.000000,4.736132,10.663040,2.041700,11.378835,17.666914,-39.575298,288.383297,447.800150,209.391350,467.503357,6.717002,286.592096,294.652499,141.504847,562.436988,245.394482,221.661074,276.382253,200.614467,124.488442,251.663684,184.493662,253.902685,8.239523,988.742731,2.149441,164.790455,75.230425,157.625653,78.812826,137.026846,28.927890,26.868009,92.246831,102.994034,75.767785,-82.574348,42.272334,15.225205,67.617823,24.718568,24.091648,4.119761,223.900075
5.820000,1.046562,59.976201,-7.184420,1.051020,59.977145,-4.879146,1.037201,59.976956,-7.355627,1.013263,59.976823,-8.156325,1.013295,59.976838,-7.235098,1.015146,59.976869,-6.640503,1.005672,59.976766,-8.566443,1.004707,59.976719,-9.003802,1.029930,59.976066,-8.789344,1.023685,59.976802,-4.411289,1.019761,59.976824,-5.169937,1.009635,59.976806,-5.141117,1.021735,59.976789,-5.019550,1.020677,59.976753,-6.431240,1.026245,59.976558,-6.561818,1.041404,59.976483,-5.227095,1.043165,59.976855,-6.225618,1.039826,59.976889,-7.033068,1.056626,59.975528,-0.685843,0.998648,59.975159,-1.576478,1.041192,59.976488,-3.106073,1.056118,59.976507,0.823937,1.051562,59.976498,0.650210,1.046356,59.976480,-5.121249,1.060193,59.977536,-3.704249,1.062262,59.978069,-4.744599,1.048664,59.977493,-6.438352,1.063030,59.979420,-1.708539,1.062401,59.979922,0.695956,1.040768,59.977220,-2.807764,0.979751,59.977654,0.563546,0.981372,59.976746,2.783010,0.998812,59.975120,3.953348,1.017448,59.974672,2.993109,1.050565,59.976542,5.234319,1.064370,59.976513,7.633762,1.027644,59.977933,2.321374,1.035843,59.981072,6.868101,1.026881,59.975628,-8.577079,0.999591,0.999689,0.999610,0.999544,0.999542,0.999642,0.999746,0.999609,-43.628699,0.000000,4.696612,10.590896,1.967797,11.346206,17.679630,-39.624409,288.383297,447.800150,209.391350,467.503357,6.717002,286.592096,294.652499,141.504847,562.436988,245.394482,221.661074,276.382253,200.614467,124.488442,251.663684,184.493662,253.902685,8.239523,988.742731,2.149441,164.790455,75.230425,157.625653,78.812826,137.026846,28.927890,26.868009,92.246831,102.994034,75.767785,-82.574348,42.272334,15.225205,67.617823,24.718568,24.091648,4.119761,223.900075
5.840000,1.046542,59.976425,-7.190933,1.050980,59.977657,-4.877559,1.037161,59.977283,-7.356236,1.013231,59.976874,-8.159137,1.013263,59.976733,-7.238505,1.015115,59.976731,-6.643838,1.005642,59.976653,-8.570404,1.004678,59.976618,-9.008048,1.029918,59.976053,-8.797897,1.023662,59.976699,-4.414951,1.019736,59.976711,-5.173484,1.009609,59.976718,-5.144680,1.021710,59.976726,-5.023124,1.020650,59.976791,-6.434619,1.026216,59.976784,-6.565754,1.041376,59.976793,-5.231193,1.043122,59.977195,-6.226900,1.039784,59.977224,-7.034124,1.056626,59.975934,-0.696394,0.998648,59.975608,-1.589496,1.041161,59.976803,-3.110110,1.056085,59.976831,0.820076,1.051528,59.976822,0.646281,1.046327,59.976790,-5.125368,1.060161,59.978088,-3.699660,1.062161,59.978547,-4.736503,1.048588,59.977905,-6.434707,1.062857,59.979955,-1.690448,1.062214,59.980484,0.717784,1.040767,59.978031,-2.804290,0.979704,59.977009,0.563585,0.981371,59.976487,2.778241,0.998826,59.975559,3.940003,1.017446,59.975193,2.976905,1.050532,59.976875,5.230751,1.064330,59.976855,7.630025,1.027615,59.978623,2.329450,1.035645,59.981700,6.898520,1.026882,59.975674,-8.588520,0.999591,0.999653,0.999599,0.999553,0.999554,0.999660,0.999762,0.999639,-43.663111,0.000000,4.667900,10.537900,1.914705,11.337462,17.715527,-39.644700,288.383297,447.800150,209.391350,467.503357,6.717002,286.592096,294.652499,141.504847,562.436988,245.394482,221.661074,276.382253,200.614467,124.488442,251.663684,184.493662,253.902685,8.239523,988.742731,2.149441,164.790455,75.230425,157.625653,78.812826,137.026846,28.927890,26.868009,92.246831,102.994034,75.767785,-82.574348,42.272334,15.225205,67.617823,24.718568,24.091648,4.119761,223.900075
5.860000,1.046517,59.976645,-7.197398,1.050934,59.978151,-4.873911,1.037117,59.977602,-7.356073,1.013201,59.976928,-8.163116,1.013238,59.976633,-7.244195,1.015090,59.976599,-6.649690,1.005617,59.976546,-8.576703,1.004654,59.976523,-9.014547,1.029909,59.976046,-8.808064,1.023644,59.976602,-4.420876,1.019715,59.976604,-5.179369,1.009589,59.976636,-5.150399,1.021690,59.976669,-5.028674,1.020624,59.976832,-6.439258,1.026184,59.977015,-6.569588,1.041342,59.977106,-5.234593,1.043072,59.977531,-6.227295,1.039736,59.977553,-7.034344,1.056618,59.976360,-0.705477,0.998640,59.976083,-1.600710,1.041123,59.977121,-3.113415,1.056045,59.977156,0.817006,1.051487,59.977147,0.643147,1.046292,59.977104,-5.128785,1.060122,59.978615,-3.692751,1.062049,59.978998,-4.726633,1.048501,59.978301,-6.429715,1.062666,59.980442,-1.670269,1.062007,59.980989,0.741859,1.040763,59.978819,-2.796619,0.979668,59.976370,0.557451,0.981376,59.976240,2.770113,0.998834,59.976025,3.928396,1.017434,59.975745,2.963045,1.050494,59.977207,5.228027,1.064284,59.977195,7.627197,1.027580,59.979272,2.340767,1.035425,59.982254,6.931583,1.026883,59.975727,-8.601148,0.999591,0.999615,0.999588,0.999562,0.999568,0.999677,0.999776,0.999669,-43.681526,0.000000,4.650389,10.504812,1.883211,11.352428,17.773929,-39.635982,288.383297,447.800150,209.391350,467.503357,6.717002,286.592096,294.652499,141.504847,562.436988,245.394482,221.661074,276.382253,200.614467,124.488442,251.663684,184.493662,253.902685,8.239523,988.742731,2.149441,164.790455,75.230425,157.625653,78.812826,137.026846,28.927890,26.868009,92.246831,102.994034,75.767785,-82.574348,42.272334,15.225205,67.617823,24.718568,24.091648,4.119761,223.900075
5.880000,1.046489,59.976860,-7.203795,1.050884,59.978622,-4.868305,1.037069,59.977910,-7.355157,1.013174,59.976985,-8.168193,1.013220,59.976543,-7.252063,1.015072,59.976477,-6.657949,1.005600,59.976449,-8.585229,1.004637,59.976437,-9.023190,1.029901,59.976047,-8.819747,1.023633,59.976516,-4.428950,1.019702,59.976507,-5.187480,1.009574,59.976564,-5.158164,1.021676,59.976621,-5.036092,1.020601,59.976880,-6.445070,1.026149,59.977248,-6.573246,1.041302,59.977419,-5.237233,1.043017,59.977860,-6.226801,1.039683,59.977873,-7.033729,1.056603,59.976801,-0.712920,0.998624,59.976577,-1.609913,1.041081,59.977438,-3.115931,1.056001,59.977480,0.814773,1.051441,59.977471,0.640853,1.046251,59.977418,-5.131437,1.060079,59.979110,-3.683686,1.061927,59.979416,-4.715161,1.048407,59.978676,-6.423464,1.062461,59.980876,-1.648318,1.061783,59.981435,0.767808,1.040757,59.979572,-2.784924,0.979647,59.975752,0.545307,0.981389,59.976012,2.758789,0.998836,59.976514,3.918752,1.017412,59.976321,2.951775,1.050450,59.977536,5.226184,1.064234,59.977532,7.625308,1.027539,59.979871,2.355038,1.035187,59.982731,6.966789,1.026883,59.975785,-8.614869,0.999591,0.999579,0.999578,0.999573,0.999582,0.999693,0.999788,0.999698,-43.683937,0.000000,4.644245,10.492033,1.873707,11.390487,17.853814,-39.598603,288.383297,447.800150,209.391350,467.503357,6.717002,286.592096,294.652499,141.504847,562.436988,245.394482,221.661074,276.382253,200.614467,124.488442,251.663684,184.493662,253.902685,8.239523,988.742731,2.149441,164.790455,75.230425,157.625653,78.812826,137.026846,28.927890,26.868009,92.246831,102.994034,75.767785,-82.574348,42.272334,15.225205,67.617823,24.718568,24.091648,4.119761,223.900075
5.900000,1.046457,59.977068,-7.210122,1.050830,59.979063,-4.860888,1.037018,59.978205,-7.353528,1.013151,59.977047,-8.174285,1.013208,59.976465,-7.261976,1.015063,59.976369,-6.668472,1.005590,59.976365,-8.595843,1.004627,59.976365,-9.033840,1.029897,59.976057,-8.832833,1.023628,59.976444,-4.439028,1.019696,59.976424,-5.197674,1.009567,59.976505,-5.167840,1.021668,59.976586,-5.045248,1.020583,59.976934,-6.451958,1.026112,59.977482,-6.576668,1.041259,59.977731,-5.239070,1.042957,59.978178,-6.225432,1.039627,59.978182,-7.032304,1.056583,59.977252,-0.718587,0.998600,59.977085,-1.616940,1.041034,59.977753,-3.117619,1.055952,59.977799,0.813406,1.051392,59.977792,0.639429,1.046207,59.977730,-5.133282,1.060032,59.979567,-3.672674,1.061797,59.979798,-4.702288,1.048306,59.979027,-6.416065,1.062243,59.981255,-1.624935,1.061547,59.981818,0.795239,1.040747,59.980279,-2.769455,0.979640,59.975170,0.527416,0.981410,59.975809,2.744483,0.998835,59.977019,3.911256,1.017381,59.976914,2.943286,1.050402,59.977860,5.225241,1.064179,59.977863,7.624369,1.027495,59.980413,2.371918,1.034934,59.983128,7.003623,1.026883,59.975850,-8.629591,0.999592,0.999543,0.999568,0.999584,0.999597,0.999707,0.999797,0.999725,-43.670652,0.000000,4.649409,10.499596,1.886186,11.450599,17.953831,-39.533443,288.383297,447.800150,209.391350,467.503357,6.717002,286.592096,294.652499,141.504847,562.436988,245.394482,221.661074,276.382253,200.614467,124.488442,251.663684,184.493662,253.902685,8.239523,988.742731,2.149441,164.790455,75.230425,157.625653,78.812826,137.026846,28.927890,26.868009,92.246831,102.994034,75.767785,-82.574348,42.272334,15.225205,67.617823,24.718568,24.091648,4.119761,223.900075
5.920000,1.046424,59.977267,-7.216389,1.050773,59.979469,-4.851847,1.036967,59.978484,-7.351248,1.013132,59.977115,-8.181305,1.013205,59.976404,-7.273775,1.015062,59.976280,-6.681086,1.005588,59.976299,-8.608381,1.004625,59.976309,-9.046337,1.029895,59.976077,-8.847200,1.023631,59.976390,-4.450944,1.019697,59.976360,-5.209782,1.009567,59.976463,-5.179266,1.021666,59.976565,-5.055993,1.020569,59.976997,-6.459812,1.026074,59.977716,-6.579806,1.041212,59.978038,-5.240084,1.042894,59.978483,-6.223227,1.039568,59.978477,-7.030116,1.056557,59.977709,-0.722377,0.998569,59.977601,-1.621671,1.040984,59.978062,-3.118463,1.055900,59.978113,0.812915,1.051339,59.978105,0.638885,1.046159,59.978037,-5.134300,1.059981,59.979982,-3.659960,1.061661,59.980140,-4.688239,1.048200,59.979351,-6.407658,1.062016,59.981577,-1.600476,1.061300,59.982138,0.823744,1.040736,59.980931,-2.750538,0.979648,59.974635,0.504140,0.981438,59.975636,2.727447,0.998829,59.977536,3.906054,1.017343,59.977517,2.937717,1.050352,59.978176,5.225200,1.064123,59.978185,7.624373,1.027447,59.980891,2.391018,1.034669,59.983446,7.041561,1.026882,59.975921,-8.645217,0.999592,0.999510,0.999560,0.999596,0.999613,0.999719,0.999804,0.999751,-43.642279,0.000000,4.665605,10.527167,1.920251,11.531332,18.072329,-39.441888,288.383297,447.800150,209.391350,467.503357,6.717002,286.592096,294.652499,141.504847,562.436988,245.394482,221.661074,276.382253,200.614467,124.488442,251.663684,184.493662,253.902685,8.239523,988.742731,2.149441,164.790455,75.230425,157.625653,78.812826,137.026846,28.927890,26.868009,92.246831,102.994034,75.767785,-82.574348,42.272334,15.225205,67.617823,24.718568,24.091648,4.119761,223.900075
5.940000,1.046388,59.977455,-7.222621,1.050715,59.979837,-4.841401,1.036914,59.978743,-7.348396,1.013119,59.977189,-8.189156,1.013209,59.976362,-7.287276,1.015069,59.976214,-6.695590,1.005594,59.976254,-8.622653,1.004630,59.976272,-9.060500,1.029896,59.976109,-8.862719,1.023642,59.976357,-4.464504,1.019706,59.976316,-5.223610,1.009574,59.976440,-5.192259,1.021672,59.976563,-5.068154,1.020559,59.977070,-6.468517,1.026035,59.977947,-6.582621,1.041163,59.978337,-5.240271,1.042829,59.978773,-6.220245,1.039508,59.978755,-7.027231,1.056526,59.978165,-0.724226,0.998532,59.978117,-1.624031,1.040932,59.978363,-3.118465,1.055845,59.978417,0.813290,1.051284,59.978410,0.639210,1.046110,59.978337,-5.134489,1.059928,59.980349,-3.645822,1.061522,59.980441,-4.673260,1.048091,59.979646,-6.398397,1.061783,59.981841,-1.575308,1.061047,59.982393,0.852910,1.040723,59.981518,-2.728564,0.979670,59.974161,0.475931,0.981475,59.975498,2.707976,0.998821,59.978057,3.903246,1.017296,59.978122,2.935153,1.050299,59.978483,5.226044,1.064064,59.978495,7.625298,1.027398,59.981302,2.411913,1.034396,59.983685,7.080082,1.026881,59.975999,-8.661650,0.999593,0.999479,0.999552,0.999609,0.999629,0.999729,0.999809,0.999774,-43.599710,0.000000,4.692344,10.574056,1.975127,11.630894,18.207386,-39.325805,288.383297,447.800150,209.391350,467.503357,6.717002,286.592096,294.652499,141.504847,562.436988,245.394482,221.661074,276.382253,200.614467,124.488442,251.663684,184.493662,253.902685,8.239523,988.742731,2.149441,164.790455,75.230425,157.625653,78.812826,137.026846,28.927890,26.868009,92.246831,102.994034,75.767785,-82.574348,42.272334,15.225205,67.617823,24.718568,24.091648,4.119761,223.900075
5.960000,1.046351,59.977631,-7.228850,1.050656,59.980161,-4.829800,1.036862,59.978981,-7.345068,1.013109,59.977271,-8.197735,1.013221,59.976343,-7.302277,1.015085,59.976173,-6.711758,1.005608,59.976231,-8.638451,1.004642,59.976258,-9.076126,1.029901,59.976153,-8.879249,1.023659,59.976347,-4.479497,1.019723,59.976297,-5.238942,1.009589,59.976438,-5.206619,1.021683,59.976579,-5.081547,1.020555,59.977154,-6.477949,1.025996,59.978173,-6.585090,1.041112,59.978625,-5.239652,1.042762,59.979043,-6.216562,1.039446,59.979013,-7.023731,1.056491,59.978616,-0.724112,0.998489,59.978628,-1.623990,1.040878,59.978653,-3.117647,1.055789,59.978709,0.814504,1.051227,59.978702,0.640379,1.046058,59.978625,-5.133868,1.059873,59.980665,-3.630565,1.061379,59.980698,-4.657610,1.047980,59.979908,-6.388457,1.061545,59.982046,-1.549804,1.060788,59.982583,0.882321,1.040709,59.982032,-2.703987,0.979707,59.973757,0.443321,0.981519,59.975401,2.686394,0.998809,59.978575,3.902884,1.017243,59.978720,2.935621,1.050244,59.978777,5.227742,1.064005,59.978793,7.627105,1.027346,59.981642,2.434150,1.034116,59.983845,7.118667,1.026881,59.976083,-8.678793,0.999594,0.999451,0.999546,0.999622,0.999645,0.999738,0.999812,0.999795,-43.544098,0.000000,4.728940,10.639231,2.049684,11.747182,18.356840,-39.187499,288.383297,447.800150,209.391350,467.503357,6.717002,286.592096,294.652499,141.504847,562.436988,245.394482,221.661074,276.382253,200.614467,124.488442,251.663684,184.493662,253.902685,8.239523,988.742731,2.149441,164.790455,75.230425,157.625653,78.812826,137.026846,28.927890,26.868009,92.246831,102.994034,75.767785,-82.574348,42.272334,15.225205,67.617823,24.718568,24.091648,4.119761,223.900075
5.980000,1.046314,59.977793,-7.235121,1.050597,59.980439,-4.817319,1.036811,59.979197,-7.341374,1.013105,59.977361,-8.206935,1.013240,59.976348,-7.318555,1.015107,59.976159,-6.729346,1.005628,59.976233,-8.655549,1.004661,59.976267,-9.092998,1.029909,59.976212,-8.896643,1.023683,59.976363,-4.495695,1.019746,59.976303,-5.255545,1.009609,59.976461,-5.222130,1.021701,59.976617,-5.095971,1.020554,59.977248,-6.487980,1.025958,59.978394,-6.587200,1.041060,59.978899,-5.238263,1.042694,59.979292,-6.212271,1.039385,59.979249,-7.019716,1.056452,59.979055,-0.722050,0.998441,59.979127,-1.621568,1.040822,59.978929,-3.116050,1.055732,59.978987,0.816513,1.051169,59.978981,0.642344,1.046005,59.978900,-5.132475,1.059818,59.980929,-3.614513,1.061236,59.980909,-4.641562,1.047868,59.980136,-6.378026,1.061306,59.982192,-1.524334,1.060528,59.982709,0.911566,1.040694,59.982466,-2.677311,0.979757,59.973432,0.406910,0.981570,59.975346,2.663054,0.998795,59.979085,3.904976,1.017183,59.979305,2.939097,1.050187,59.979056,5.230246,1.063946,59.979075,7.629739,1.027294,59.981909,2.457261,1.033833,59.983929,7.156815,1.026880,59.976173,-8.696547,0.999595,0.999427,0.999542,0.999635,0.999661,0.999744,0.999812,0.999812,-43.476833,0.000000,4.774526,10.721338,2.142458,11.877823,18.518328,-39.029671,288.383297,447.800150,209.391350,467.503357,6.717002,286.592096,294.652499,141.504847,562.436988,245.394482,221.661074,276.382253,200.614467,124.488442,251.663684,184.493662,253.902685,8.239523,988.742731,2.149441,164.790455,75.230425,157.625653,78.812826,137.026846,28.927890,26.868009,92.246831,102.994034,75.767785,-82.574348,42.272334,15.225205,67.617823,24.718568,24.091648,4.119761,223.900075
6.000000,1.046276,59.977941,-7.241483,1.050539,59.980668,-4.804249,1.036761,59.979387,-7.337434,1.013104,59.977459,-8.216646,1.013266,59.976378,-7.335876,1.015137,59.976175,-6.748092,1.005655,59.976261,-8.673705,1.004686,59.976301,-9.110886,1.029919,59.976283,-8.914751,1.023712,59.976404,-4.512857,1.019775,59.976337,-5.273172,1.009636,59.976507,-5.238563,1.021724,59.976677,-5.111217,1.020558,59.977352,-6.498478,1.025919,59.978606,-6.588951,1.041006,59.979158,-5.236160,1.042626,59.979519,-6.207481,1.039323,59.979462,-7.015298,1.056409,59.979477,-0.718093,0.998388,59.979607,-1.616828,1.040765,59.979188,-3.113730,1.055674,59.979248,0.819255,1.051111,59.979242,0.645044,1.045950,59.979159,-5.130367,1.059761,59.981137,-3.598004,1.061093,59.981074,-4.625393,1.047756,59.980329,-6.367302,1.061068,59.982281,-1.499264,1.060267,59.982773,0.940245,1.040679,59.982816,-2.649080,0.979819,59.973194,0.367356,0.981627,59.975336,2.638329,0.998778,59.979580,3.909479,1.017117,59.979869,2.945498,1.050130,59.979318,5.233490,1.063886,59.979339,7.633129,1.027241,59.982102,2.480771,1.033549,59.983939,7.194044,1.026880,59.976270,-8.714812,0.999596,0.999406,0.999539,0.999648,0.999677,0.999748,0.999811,0.999826,-43.399508,0.000000,4.828073,10.818728,2.251689,12.020227,18.689328,-38.855361,288.383297,447.800150,209.391350,467.503357,6.717002,286.592096,294.652499,141.504847,562.436988,245.394482,221.661074,276.382253,200.614467,124.488442,251.663684,184.493662,253.902685,8.239523,988.742731,2.149441,164.790455,75.230425,157.625653,78.812826,137.026846,28.927890,26.868009,92.246831,102.994034,75.767785,-82.574348,42.272334,15.225205,67.617823,24.718568,24.091648,4.119761,223.900075
6.020000,1.046239,59.978073,-7.247989,1.050481,59.980846,-4.790895,1.036712,59.979551,-7.333378,1.013108,59.977565,-8.226754,1.013296,59.976435,-7.353995,1.015172,59.976222,-6.767723,1.005687,59.976318,-8.692670,1.004717,59.976361,-9.129550,1.029931,59.976370,-8.933415,1.023747,59.976474,-4.530733,1.019809,59.976399,-5.291568,1.009668,59.976580,-5.255684,1.021751,59.976759,-5.127070,1.020565,59.977468,-6.509311,1.025881,59.978809,-6.590353,1.040952,59.979398,-5.233417,1.042558,59.979720,-6.202310,1.039262,59.979649,-7.010600,1.056363,59.979876,-0.712332,0.998331,59.980063,-1.609876,1.040708,59.979429,-3.110764,1.055615,59.979489,0.822653,1.051052,59.979484,0.648402,1.045895,59.979399,-5.127617,1.059705,59.981290,-3.581382,1.060951,59.981193,-4.609383,1.047644,59.980486,-6.356489,1.060832,59.982313,-1.474949,1.060009,59.982776,0.967974,1.040663,59.983076,-2.619868,0.979892,59.973048,0.325362,0.981689,59.975374,2.612610,0.998759,59.980051,3.916305,1.017045,59.980404,2.954693,1.050071,59.979561,5.237398,1.063827,59.979583,7.637193,1.027189,59.982223,2.504205,1.033267,59.983881,7.229898,1.026880,59.976374,-8.733487,0.999597,0.999391,0.999537,0.999661,0.999692,0.999749,0.999808,0.999837,-43.313888,0.000000,4.888416,10.929491,2.375353,12.171644,18.867200,-38.667891,288.383297,447.800150,209.391350,467.503357,6.717002,286.592096,294.652499,141.504847,562.436988,245.394482,221.661074,276.382253,200.614467,124.488442,251.663684,184.493662,253.902685,8.239523,988.742731,2.149441,164.790455,75.230425,157.625653,78.812826,137.026846,28.927890,26.868009,92.246831,102.994034,75.767785,-82.574348,42.272334,15.225205,67.617823,24.718568,24.091648,4.119761,223.900075
6.040000,1.046202,59.978190,-7.254694,1.050426,59.980973,-4.777569,1.036664,59.979689,-7.329341,1.013114,59.977678,-8.237146,1.013332,59.976520,-7.372660,1.015212,59.976300,-6.787957,1.005724,59.976401,-8.712187,1.004751,59.976447,-9.148744,1.029946,59.976470,-8.952475,1.023785,59.976570,-4.549069,1.019847,59.976490,-5.310469,1.009703,59.976677,-5.273250,1.021782,59.976864,-5.143309,1.020574,59.977594,-6.520347,1.025843,59.979000,-6.591428,1.040897,59.979617,-5.230120,1.042490,59.979895,-6.196889,1.039202,59.979810,-7.005754,1.056313,59.980249,-0.704894,0.998269,59.980487,-1.600861,1.040650,59.979649,-3.107239,1.055555,59.979710,0.826617,1.050992,59.979705,0.652328,1.045840,59.979618,-5.124312,1.059649,59.981387,-3.564990,1.060811,59.981266,-4.593806,1.047534,59.980606,-6.345794,1.060599,59.982292,-1.451726,1.059756,59.982723,0.994390,1.040648,59.983246,-2.590271,0.979974,59.972997,0.281660,0.981754,59.975459,2.586292,0.998738,59.980494,3.925319,1.016968,59.980903,2.966503,1.050012,59.979782,5.241877,1.063768,59.979805,7.641836,1.027137,59.982272,2.527102,1.032988,59.983757,7.263953,1.026880,59.976484,-8.752470,0.999598,0.999380,0.999537,0.999673,0.999706,0.999749,0.999804,0.999844,-43.221868,0.000000,4.954276,11.051493,2.511206,12.329211,19.049230,-38.470801,288.383297,447.800150,209.391350,467.503357,6.717002,286.592096,294.652499,141.504847,562.436988,245.394482,221.661074,276.382253,200.614467,124.488442,251.663684,184.493662,253.902685,8.239523,988.742731,2.149441,164.790455,75.230425,157.625653,78.812826,137.026846,28.927890,26.868009,92.246831,102.994034,75.767785,-82.574348,42.272334,15.225205,67.617823,24.718568,24.091648,4.119761,223.900075
6.060000,1.046166,59.978290,-7.261654,1.050373,59.981049,-4.764580,1.036619,59.979799,-7.325458,1.013123,59.977799,-8.247709,1.013370,59.976631,-7.391618,1.015256,59.976409,-6.808510,1.005764,59.976513,-8.731997,1.004789,59.976559,-9.168222,1.029962,59.976584,-8.971771,1.023826,59.976694,-4.567608,1.019889,59.976609,-5.329611,1.009741,59.976800,-5.291019,1.021816,59.976991,-5.159715,1.020586,59.977729,-6.531455,1.025805,59.979178,-6.592209,1.040841,59.979813,-5.226370,1.042423,59.980042,-6.191353,1.039142,59.979943,-7.000896,1.056261,59.980589,-0.695937,0.998203,59.980876,-1.589969,1.040591,59.979845,-3.103256,1.055494,59.979908,0.831045,1.050932,59.979902,0.656718,1.045783,59.979814,-5.120553,1.059594,59.981430,-3.549165,1.060675,59.981294,-4.578929,1.047427,59.980689,-6.335422,1.060373,59.982219,-1.429911,1.059508,59.982616,1.019155,1.040633,59.983323,-2.560891,0.980063,59.973042,0.237001,0.981822,59.975591,2.559776,0.998714,59.980902,3.936346,1.016886,59.981360,2.980701,1.049952,59.979980,5.246827,1.063709,59.980004,7.646953,1.027087,59.982252,2.549021,1.032714,59.983573,7.295822,1.026881,59.976599,-8.771657,0.999600,0.999373,0.999539,0.999685,0.999720,0.999747,0.999798,0.999847,-43.125440,0.000000,5.024288,11.182413,2.656830,12.490016,19.232677,-38.267780,288.383297,447.800150,209.391350,467.503357,6.717002,286.592096,294.652499,141.504847,562.436988,245.394482,221.661074,276.382253,200.614467,124.488442,251.663684,184.493662,253.902685,8.239523,988.742731,2.149441,164.790455,75.230425,157.625653,78.812826,137.026846,28.927890,26.868009,92.246831,102.994034,75.767785,-82.574348,42.272334,15.225205,67.617823,24.718568,24.091648,4.119761,223.900075
6.080000,1.046131,59.978375,-7.268918,1.050322,59.981074,-4.752234,1.036575,59.979881,-7.321866,1.013134,59.977926,-8.258332,1.013410,59.976769,-7.410614,1.015302,59.976548,-6.829100,1.005806,59.976651,-8.751841,1.004829,59.976697,-9.187735,1.029979,59.976712,-8.991140,1.023868,59.976844,-4.586098,1.019932,59.976755,-5.348732,1.009781,59.976947,-5.308753,1.021851,59.977139,-5.176071,1.020599,59.977873,-6.542508,1.025767,59.979340,-6.592734,1.040784,59.979984,-5.222277,1.042356,59.980161,-6.185844,1.039084,59.980048,-6.996164,1.056205,59.980894,-0.685648,0.998133,59.981223,-1.577420,1.040531,59.980017,-3.098927,1.055433,59.980080,0.835826,1.050871,59.980075,0.661461,1.045726,59.979986,-5.116451,1.059540,59.981420,-3.534230,1.060543,59.981278,-4.565007,1.047322,59.980736,-6.325576,1.060153,59.982098,-1.409795,1.059267,59.982458,1.041961,1.040619,59.983308,-2.532326,0.980157,59.973183,0.192138,0.981891,59.975768,2.533456,0.998688,59.981269,3.949170,1.016800,59.981770,2.997023,1.049890,59.980154,5.252136,1.063650,59.980177,7.652428,1.027038,59.982168,2.569550,1.032447,59.983334,7.325157,1.026882,59.976721,-8.790944,0.999602,0.999372,0.999543,0.999696,0.999732,0.999743,0.999790,0.999847,-43.026650,0.000000,5.097030,11.319792,2.809673,12.651147,19.414817,-38.062597,288.383297,447.800150,209.391350,467.503357,6.717002,286.592096,294.652499,141.504847,562.436988,245.394482,221.661074,276.382253,200.614467,124.488442,251.663684,184.493662,253.902685,8.239523,988.742731,2.149441,164.790455,75.230425,157.625653,78.812826,137.026846,28.927890,26.868009,92.246831,102.994034,75.767785,-82.574348,42.272334,15.225205,67.617823,24.718568,24.091648,4.119761,223.900075
6.100000,1.046098,59.978445,-7.276533,1.050273,59.981050,-4.740821,1.036533,59.979936,-7.318696,1.013145,59.978059,-8.268905,1.013452,59.976931,-7.429402,1.015348,59.976717,-6.849448,1.005848,59.976815,-8.771466,1.004870,59.976858,-9.207042,1.029996,59.976853,-9.010423,1.023911,59.977018,-4.604292,1.019976,59.976927,-5.367576,1.009821,59.977117,-5.326218,1.021886,59.977306,-5.192166,1.020612,59.978024,-6.553386,1.025729,59.979487,-6.593051,1.040727,59.980130,-5.217959,1.042290,59.980251,-6.180501,1.039027,59.980125,-6.991695,1.056147,59.981158,-0.674240,0.998060,59.981526,-1.563463,1.040470,59.980163,-3.094370,1.055371,59.980227,0.840840,1.050809,59.980221,0.666437,1.045668,59.980131,-5.112123,1.059487,59.981359,-3.520490,1.060415,59.981221,-4.552275,1.047220,59.980747,-6.316446,1.059941,59.981934,-1.391641,1.059035,59.982256,1.062536,1.040607,59.983205,-2.505160,0.980254,59.973416,0.147815,0.981960,59.975989,2.507718,0.998660,59.981590,3.963540,1.016709,59.982128,3.015170,1.049828,59.980301,5.257685,1.063592,59.980324,7.658143,1.026991,59.982025,2.588310,1.032188,59.983046,7.351657,1.026883,59.976848,-8.810225,0.999604,0.999376,0.999548,0.999705,0.999744,0.999738,0.999782,0.999842,-42.927557,0.000000,5.171053,11.461077,2.967103,12.809750,19.592986,-37.859032,288.383297,447.800150,209.391350,467.503357,6.717002,286.592096,294.652499,141.504847,562.436988,245.394482,221.661074,276.382253,200.614467,124.488442,251.663684,184.493662,253.902685,8.239523,988.742731,2.149441,164.790455,75.230425,157.625653,78.812826,137.026846,28.927890,26.868009,92.246831,102.994034,75.767785,-82.574348,42.272334,15.225205,67.617823,24.718568,24.091648,4.119761,223.900075
6.120000,1.046067,59.978500,-7.284536,1.050228,59.980979,-4.730616,1.036492,59.979965,-7.316073,1.013156,59.978196,-8.279325,1.013493,59.977116,-7.447742,1.015394,59.976912,-6.869285,1.005891,59.977002,-8.790628,1.004910,59.977042,-9.225908,1.030014,59.977006,-9.029459,1.023953,59.977214,-4.621952,1.020018,59.977122,-5.385898,1.009861,59.977307,-5.343191,1.021920,59.977491,-5.207799,1.020624,59.978180,-6.563973,1.025689,59.979616,-6.593212,1.040669,59.980247,-5.213540,1.042225,59.980312,-6.175465,1.038970,59.980173,-6.987624,1.056086,59.981378,-0.661947,0.997983,59.981779,-1.548372,1.040409,59.980281,-3.089710,1.055308,59.980346,0.845964,1.050747,59.980340,0.671522,1.045609,59.980249,-5.107695,1.059436,59.981251,-3.508224,1.060292,59.981126,-4.540951,1.047121,59.980724,-6.308212,1.059738,59.981729,-1.375679,1.058812,59.982012,1.080641,1.040595,59.983016,-2.479949,0.980353,59.973738,0.104753,0.982028,59.976250,2.482931,0.998630,59.981861,3.979176,1.016615,59.982428,3.034812,1.049765,59.980422,5.263352,1.063533,59.980444,7.663972,1.026945,59.981827,2.604965,1.031939,59.982715,7.375063,1.026885,59.976980,-8.829391,0.999606,0.999384,0.999554,0.999714,0.999753,0.999731,0.999772,0.999834,-42.830192,0.000000,5.244907,11.603668,3.126456,12.963074,19.764624,-37.660800,288.383297,447.800150,209.391350,467.503357,6.717002,286.592096,294.652499,141.504847,562.436988,245.394482,221.661074,276.382253,200.614467,124.488442,251.663684,184.493662,253.902685,8.239523,988.742731,2.149441,164.790455,75.230425,157.625653,78.812826,137.026846,28.927890,26.868009,92.246831,102.994034,75.767785,-82.574348,42.272334,15.225205,67.617823,24.718568,24.091648,4.119761,223.900075
6.140000,1.046039,59.978541,-7.292955,1.050185,59.980864,-4.721868,1.036454,59.979967,-7.314113,1.013167,59.978336,-8.289493,1.013533,59.977321,-7.465405,1.015439,59.977131,-6.888359,1.005932,59.977211,-8.809093,1.004949,59.977245,-9.244110,1.030031,59.977170,-9.048096,1.023993,59.977431,-4.638856,1.020060,59.977339,-5.403463,1.009899,59.977516,-5.359459,1.021953,59.977691,-5.222779,1.020635,59.978341,-6.574164,1.025649,59.979727,-6.593276,1.040610,59.980337,-5.209148,1.042160,59.980344,-6.170869,1.038915,59.980194,-6.984077,1.056022,59.981553,-0.649018,0.997904,59.981980,-1.532440,1.040347,59.980371,-3.085073,1.055244,59.980437,0.851071,1.050684,59.980431,0.676589,1.045550,59.980339,-5.103292,1.059387,59.981100,-3.497682,1.060175,59.980994,-4.531228,1.047026,59.980668,-6.301041,1.059545,59.981489,-1.362103,1.058599,59.981733,1.096079,1.040585,59.982746,-2.457213,0.980452,59.974143,0.063637,0.982093,59.976548,2.459443,0.998597,59.982078,3.995774,1.016517,59.982668,3.055598,1.049700,59.980514,5.269010,1.063474,59.980536,7.669788,1.026903,59.981581,2.619225,1.031700,59.982348,7.395169,1.026887,59.977117,-8.848333,0.999609,0.999397,0.999562,0.999721,0.999762,0.999723,0.999762,0.999823,-42.736524,0.000000,5.317171,11.744967,3.285078,13.108525,19.927315,-37.471491,288.383297,447.800150,209.391350,467.503357,6.717002,286.592096,294.652499,141.504847,562.436988,245.394482,221.661074,276.382253,200.614467,124.488442,251.663684,184.493662,253.902685,8.239523,988.742731,2.149441,164.790455,75.230425,157.625653,78.812826,137.026846,28.927890,26.868009,92.246831,102.994034,75.767785,-82.574348,42.272334,15.225205,67.617823,24.718568,24.091648,4.119761,223.900075
6.160000,1.046012,59.978569,-7.301808,1.050146,59.980710,-4.714801,1.036417,59.979945,-7.312918,1.013176,59.978478,-8.299316,1.013570,59.977544,-7.482181,1.015481,59.977371,-6.906429,1.005971,59.977438,-8.826643,1.004986,59.977466,-9.261439,1.030048,59.977343,-9.066182,1.024031,59.977664,-4.654797,1.020098,59.977574,-5.420057,1.009934,59.977740,-5.374828,1.021983,59.977904,-5.236930,1.020644,59.978504,-6.583859,1.025608,59.979818,-6.593300,1.040550,59.980399,-5.204908,1.042097,59.980348,-6.166841,1.038862,59.980188,-6.981173,1.055956,59.981681,-0.635715,0.997821,59.982127,-1.515974,1.040284,59.980433,-3.080586,1.055179,59.980500,0.856034,1.050621,59.980494,0.681511,1.045489,59.980400,-5.099043,1.059340,59.980909,-3.489082,1.060063,59.980831,-4.523269,1.046935,59.980583,-6.295080,1.059362,59.981217,-1.351070,1.058398,59.981423,1.108693,1.040577,59.982403,-2.437427,0.980548,59.974623,0.025105,0.982154,59.976878,2.437573,0.998561,59.982239,4.013010,1.016417,59.982845,3.077158,1.049634,59.980578,5.274532,1.063414,59.980599,7.675466,1.026862,59.981293,2.630851,1.031472,59.981950,7.411817,1.026890,59.977258,-8.866943,0.999611,0.999415,0.999571,0.999727,0.999769,0.999714,0.999751,0.999808,-42.648417,0.000000,5.386480,11.882425,3.440382,13.243702,20.078827,-37.294497,288.383297,447.800150,209.391350,467.503357,6.717002,286.592096,294.652499,141.504847,562.436988,245.394482,221.661074,276.382253,200.614467,124.488442,251.663684,184.493662,253.902685,8.239523,988.742731,2.149441,164.790455,75.230425,157.625653,78.812826,137.026846,28.927890,26.868009,92.246831,102.994034,75.767785,-82.574348,42.272334,15.225205,67.617823,24.718568,24.091648,4.119761,223.900075
6.180000,1.045988,59.978587,-7.311097,1.050110,59.980519,-4.709604,1.036382,59.979900,-7.312578,1.013183,59.978620,-8.308709,1.013603,59.977782,-7.497874,1.015520,59.977629,-6.923280,1.006006,59.977680,-8.843078,1.005019,59.977701,-9.277703,1.030063,59.977524,-9.083575,1.024064,59.977910,-4.669586,1.020132,59.977823,-5.435482,1.009965,59.977975,-5.389119,1.022009,59.978127,-5.250095,1.020650,59.978666,-6.592971,1.025565,59.979890,-6.593348,1.040489,59.980431,-5.200946,1.042034,59.980324,-6.163499,1.038809,59.980157,-6.979018,1.055887,59.981759,-0.622307,0.997736,59.982218,-1.499289,1.040220,59.980466,-3.076374,1.055113,59.980534,0.860729,1.050556,59.980528,0.686163,1.045428,59.980433,-5.095071,1.059296,59.980684,-3.482602,1.059958,59.980638,-4.517210,1.046848,59.980469,-6.290454,1.059189,59.980920,-1.342700,1.058207,59.981087,1.118368,1.040571,59.981993,-2.421006,0.980639,59.975169,-0.010260,0.982211,59.977234,2.417611,0.998523,59.982341,4.030550,1.016313,59.982958,3.099114,1.049567,59.980613,5.279795,1.063354,59.980634,7.680881,1.026824,59.980971,2.639656,1.031256,59.981528,7.424899,1.026892,59.977403,-8.885107,0.999614,0.999436,0.999581,0.999731,0.999774,0.999705,0.999740,0.999790,-42.567598,0.000000,5.451550,12.013593,3.589882,13.366441,20.217142,-37.132954,288.383297,447.800150,209.391350,467.503357,6.717002,286.592096,294.652499,141.504847,562.436988,245.394482,221.661074,276.382253,200.614467,124.488442,251.663684,184.493662,253.902685,8.239523,988.742731,2.149441,164.790455,75.230425,157.625653,78.812826,137.026846,28.927890,26.868009,92.246831,102.994035,75.767785,-82.574348,42.272334,15.225205,67.617823,24.718568,24.091648,4.119761,223.900075
6.200000,1.045967,59.978594,-7.320812,1.050077,59.980296,-4.706431,1.036348,59.979833,-7.313164,1.013188,59.978760,-8.317592,1.013632,59.978030,-7.512310,1.015553,59.977900,-6.938717,1.006036,59.977934,-8.858220,1.005048,59.977947,-9.292729,1.030077,59.977712,-9.100139,1.024092,59.978167,-4.683058,1.020162,59.978084,-5.449563,1.009991,59.978220,-5.402175,1.022031,59.978356,-5.262131,1.020653,59.978827,-6.601424,1.025521,59.979941,-6.593478,1.040428,59.980436,-5.197380,1.041972,59.980275,-6.160947,1.038757,59.980101,-6.977704,1.055816,59.981788,-0.609061,0.997649,59.982254,-1.482701,1.040155,59.980471,-3.072556,1.055046,59.980539,0.865035,1.050491,59.980533,0.690426,1.045366,59.980437,-5.091496,1.059253,59.980430,-3.478382,1.059858,59.980421,-4.513157,1.046765,59.980329,-6.287269,1.059026,59.980602,-1.337071,1.058028,59.980732,1.125032,1.040567,59.981526,-2.408304,0.980726,59.975771,-0.041940,0.982261,59.977612,2.399813,0.998483,59.982384,4.048053,1.016208,59.983005,3.121082,1.049499,59.980620,5.284679,1.063293,59.980641,7.685914,1.026789,59.980621,2.645508,1.031051,59.981089,7.434357,1.026895,59.977552,-8.902716,0.999617,0.999461,0.999592,0.999733,0.999777,0.999694,0.999728,0.999770,-42.495625,0.000000,5.511203,12.136158,3.731244,13.474847,20.340488,-36.989685,288.383297,447.800150,209.391350,467.503357,6.717002,286.592096,294.652499,141.504847,562.436988,245.394482,221.661074,276.382253,200.614467,124.488442,251.663684,184.493662,253.902685,8.239523,988.742731,2.149441,164.790455,75.230425,157.625653,78.812826,137.026846,28.927890,26.868009,92.246831,102.994035,75.767785,-82.574348,42.272334,15.225205,67.617823,24.718568,24.091648,4.119761,223.900075
6.220000,1.045949,59.978593,-7.330929,1.050048,59.980048,-4.705396,1.036316,59.979748,-7.314732,1.013189,59.978896,-8.325898,1.013656,59.978286,-7.525337,1.015581,59.978181,-6.952571,1.006062,59.978196,-8.871909,1.005072,59.978201,-9.306363,1.030088,59.977904,-9.115744,1.024115,59.978429,-4.695070,1.020186,59.978352,-5.462150,1.010012,59.978470,-5.413860,1.022047,59.978588,-5.272918,1.020652,59.978984,-6.609151,1.025475,59.979971,-6.593750,1.040366,59.980413,-5.194322,1.041911,59.980202,-6.159277,1.038707,59.980023,-6.977310,1.055744,59.981768,-0.596243,0.997559,59.982234,-1.466525,1.040089,59.980448,-3.069243,1.054979,59.980517,0.868842,1.050424,59.980511,0.694189,1.045304,59.980414,-5.088428,1.059214,59.980152,-3.476518,1.059765,59.980183,-4.511180,1.046686,59.980168,-6.285605,1.058875,59.980268,-1.334223,1.057861,59.980363,1.128658,1.040566,59.981011,-2.399603,0.980805,59.976418,-0.069492,0.982306,59.978006,2.384394,0.998440,59.982367,4.065182,1.016100,59.982988,3.142683,1.049429,59.980599,5.289071,1.063232,59.980620,7.690455,1.026756,59.980251,2.648332,1.030858,59.980639,7.440186,1.026899,59.977703,-8.919656,0.999619,0.999489,0.999604,0.999734,0.999779,0.999684,0.999717,0.999747,-42.433860,0.000000,5.564386,12.247991,3.862318,13.567318,20.447366,-36.867152,288.383297,447.800150,209.391350,467.503357,6.717002,286.592096,294.652499,141.504847,562.436988,245.394482,221.661074,276.382253,200.614467,124.488442,251.663684,184.493662,253.902685,8.239523,988.742731,2.149441,164.790455,75.230425,157.625653,78.812826,137.026846,28.927890,26.868009,92.246831,102.994035,75.767785,-82.574348,42.272334,15.225205,67.617823,24.718568,24.091648,4.119761,223.900075
6.240000,1.045934,59.978586,-7.341406,1.050022,59.979778,-4.706573,1.036285,59.979645,-7.317317,1.013186,59.979028,-8.333566,1.013675,59.978546,-7.536826,1.015603,59.978467,-6.964700,1.006081,59.978463,-8.884015,1.005090,59.978458,-9.318478,1.030098,59.978099,-9.130274,1.024132,59.978694,-4.705503,1.020204,59.978622,-5.473118,1.010026,59.978721,-5.424061,1.022058,59.978820,-5.282356,1.020646,59.979135,-6.616100,1.025428,59.979981,-6.594219,1.040304,59.980363,-5.191874,1.041852,59.980105,-6.158563,1.038658,59.979924,-6.977893,1.055670,59.981700,-0.584109,0.997469,59.982159,-1.451063,1.040023,59.980399,-3.066538,1.054910,59.980469,0.872047,1.050357,59.980463,0.697348,1.045240,59.980365,-5.085971,1.059177,59.979856,-3.477063,1.059678,59.979929,-4.511316,1.046611,59.979987,-6.285516,1.058734,59.979924,-1.334153,1.057705,59.979985,1.129257,1.040567,59.980458,-2.395111,0.980876,59.977099,-0.092550,0.982342,59.978409,2.371529,0.998395,59.982292,4.081605,1.015992,59.982906,3.163546,1.049359,59.980551,5.292868,1.063169,59.980572,7.694402,1.026726,59.979868,2.648107,1.030677,59.980184,7.442425,1.026903,59.977857,-8.935817,0.999622,0.999520,0.999617,0.999733,0.999779,0.999673,0.999705,0.999723,-42.383445,0.000000,5.610189,12.347184,3.981176,13.642570,20.536569,-36.767411,288.383297,447.800150,209.391350,467.503357,6.717002,286.592096,294.652499,141.504847,562.436988,245.394482,221.661074,276.382253,200.614467,124.488442,251.663684,184.493662,253.902685,8.239523,988.742731,2.149441,164.790455,75.230425,157.625653,78.812826,137.026846,28.927890,26.868009,92.246831,102.994035,75.767785,-82.574348,42.272334,15.225205,67.617823,24.718568,24.091648,4.119761,223.900075
6.260000,1.045921,59.978574,-7.352186,1.049999,59.979493,-4.709995,1.036255,59.979529,-7.320933,1.013180,59.979153,-8.340545,1.013686,59.978805,-7.546676,1.015618,59.978754,-6.974993,1.006095,59.978729,-8.894428,1.005102,59.978715,-9.328968,1.030105,59.978296,-9.143619,1.024142,59.978957,-4.714267,1.020215,59.978892,-5.482368,1.010034,59.978970,-5.432692,1.022062,59.979048,-5.290369,1.020636,59.979277,-6.622228,1.025380,59.979971,-6.594935,1.040241,59.980289,-5.190125,1.041793,59.979989,-6.158862,1.038610,59.979808,-6.979497,1.055594,59.981586,-0.572901,0.997377,59.982032,-1.436604,1.039956,59.980325,-3.064531,1.054841,59.980395,0.874558,1.050289,59.980389,0.699814,1.045177,59.980290,-5.084212,1.059143,59.979548,-3.480028,1.059597,59.979662,-4.513569,1.046540,59.979791,-6.287030,1.058603,59.979573,-1.336822,1.057560,59.979603,1.126887,1.040572,59.979879,-2.394954,0.980937,59.977801,-0.110833,0.982371,59.978814,2.361350,0.998347,59.982161,4.097006,1.015882,59.982764,3.183318,1.049287,59.980478,5.295977,1.063106,59.980500,7.697663,1.026698,59.979480,2.644865,1.030508,59.979730,7.441161,1.026907,59.978014,-8.951087,0.999626,0.999552,0.999629,0.999731,0.999778,0.999663,0.999693,0.999697,-42.345282,0.000000,5.647862,12.432079,4.086141,13.699648,20.607198,-36.692079,288.383297,447.800150,209.391350,467.503357,6.717002,286.592096,294.652499,141.504847,562.436988,245.394482,221.661074,276.382253,200.614467,124.488442,251.663684,184.493662,253.902685,8.239523,988.742731,2.149441,164.790455,75.230425,157.625653,78.812826,137.026846,28.927890,26.868009,92.246831,102.994035,75.767785,-82.574348,42.272334,15.225205,67.617823,24.718568,24.091648,4.119761,223.900075
6.280000,1.045912,59.978559,-7.363198,1.049979,59.979198,-4.715648,1.036227,59.979400,-7.325575,1.013169,59.979269,-8.346793,1.013691,59.979059,-7.554810,1.015626,59.979037,-6.983366,1.006101,59.978992,-8.903070,1.005108,59.978969,-9.337752,1.030110,59.978492,-9.155681,1.024145,59.979213,-4.721296,1.020219,59.979156,-5.489829,1.010035,59.979213,-5.439688,1.022060,59.979269,-5.296901,1.020621,59.979410,-6.627506,1.025330,59.979942,-6.595941,1.040178,59.980191,-5.189151,1.041736,59.979855,-6.160213,1.038563,59.979676,-6.982141,1.055518,59.981429,-0.562841,0.997285,59.981855,-1.423418,1.039889,59.980227,-3.063297,1.054771,59.980298,0.876300,1.050221,59.980291,0.701510,1.045113,59.980192,-5.083229,1.059112,59.979232,-3.485379,1.059522,59.979388,-4.517909,1.046473,59.979582,-6.290148,1.058482,59.979222,-1.342150,1.057426,59.979223,1.121641,1.040579,59.979284,-2.399177,0.980988,59.978512,-0.124143,0.982391,59.979216,2.353945,0.998298,59.981977,4.111090,1.015772,59.982562,3.201664,1.049215,59.980381,5.298321,1.063043,59.980403,7.700162,1.026673,59.979092,2.638693,1.030351,59.979283,7.436525,1.026911,59.978171,-8.965357,0.999629,0.999586,0.999642,0.999727,0.999775,0.999652,0.999682,0.999671,-42.320017,0.000000,5.676824,12.501300,4.175812,13.737940,20.658672,-36.642307,288.383297,447.800150,209.391350,467.503357,6.717002,286.592096,294.652499,141.504847,562.436988,245.394482,221.661074,276.382253,200.614467,124.488442,251.663684,184.493662,253.902685,8.239523,988.742731,2.149441,164.790455,75.230425,157.625653,78.812826,137.026846,28.927890,26.868009,92.246831,102.994035,75.767785,-82.574348,42.272334,15.225205,67.617823,24.718568,24.091648,4.119761,223.900075
6.300000,1.045906,59.978543,-7.374356,1.049962,59.978899,-4.723479,1.036200,59.979263,-7.331217,1.013154,59.979376,-8.352280,1.013689,59.979306,-7.561179,1.015626,59.979312,-6.989769,1.006101,59.979247,-8.909885,1.005107,59.979215,-9.344776,1.030111,59.978685,-9.166377,1.024140,59.979460,-4.726553,1.020216,59.979411,-5.495461,1.010029,59.979445,-5.445014,1.022051,59.979479,-5.301920,1.020601,59.979530,-6.631917,1.025278,59.979894,-6.597275,1.040115,59.980072,-5.189013,1.041679,59.979705,-6.162634,1.038518,59.979531,-6.985828,1.055441,59.981231,-0.554131,0.997193,59.981632,-1.411748,1.039821,59.980108,-3.062897,1.054701,59.980179,0.877208,1.050153,59.980172,0.702373,1.045049,59.980073,-5.083081,1.059083,59.978916,-3.493038,1.059453,59.979111,-4.524272,1.046410,59.979364,-6.294844,1.058372,59.978875,-1.350023,1.057302,59.978850,1.113652,1.040590,59.978685,-2.407740,0.981028,59.979220,-0.132375,0.982403,59.979607,2.349357,0.998247,59.981743,4.123590,1.015662,59.982306,3.218279,1.049143,59.980263,5.299834,1.062979,59.980285,7.701836,1.026651,59.978711,2.629724,1.030204,59.978848,7.428689,1.026916,59.978330,-8.978522,0.999632,0.999620,0.999655,0.999721,0.999770,0.999642,0.999672,0.999644,-42.308034,0.000000,5.696674,12.553774,4.249082,13.757175,20.690735,-36.618764,288.383297,447.800150,209.391350,467.503357,6.717002,286.592096,294.652499,141.504847,562.436988,245.394482,221.661074,276.382253,200.614467,124.488442,251.663684,184.493662,253.902685,8.239523,988.742731,2.149441,164.790455,75.230425,157.625653,78.812826,137.026846,28.927890,26.868009,92.246831,102.994035,75.767785,-82.574348,42.272334,15.225205,67.617823,24.718568,24.091648,4.119761,223.900075
6.320000,1.045903,59.978528,-7.385559,1.049949,59.978602,-4.733392,1.036174,59.979119,-7.337811,1.013135,59.979471,-8.356983,1.013680,59.979540,-7.565760,1.015619,59.979574,-6.994178,1.006093,59.979491,-8.914847,1.005099,59.979450,-9.350011,1.030111,59.978875,-9.175631,1.024128,59.979693,-4.730027,1.020205,59.979653,-5.499248,1.010016,59.979664,-5.448658,1.022036,59.979676,-5.305418,1.020576,59.979637,-6.635454,1.025226,59.979829,-6.598964,1.040052,59.979934,-5.189753,1.041625,59.979543,-6.166124,1.038473,59.979377,-6.990539,1.055365,59.980997,-0.546945,0.997101,59.981367,-1.401810,1.039754,59.979970,-3.063377,1.054631,59.980041,0.877239,1.050084,59.980034,0.702360,1.044986,59.979935,-5.083811,1.059058,59.978605,-3.502890,1.059390,59.978835,-4.532564,1.046351,59.979141,-6.301067,1.058270,59.978537,-1.360293,1.057189,59.978487,1.103087,1.040605,59.978093,-2.420524,0.981056,59.979912,-0.135508,0.982406,59.979982,2.347584,0.998194,59.981465,4.134266,1.015552,59.982000,3.232890,1.049071,59.980124,5.300469,1.062914,59.980148,7.702638,1.026631,59.978344,2.618137,1.030068,59.978431,7.417862,1.026920,59.978488,-8.990478,0.999635,0.999654,0.999668,0.999715,0.999764,0.999633,0.999661,0.999617,-42.309450,0.000000,5.707192,12.588748,4.305154,13.757422,20.703455,-36.621628,288.383297,447.800150,209.391350,467.503357,6.717002,286.592096,294.652499,141.504847,562.436988,245.394482,221.661074,276.382253,200.614467,124.488442,251.663684,184.493662,253.902685,8.239523,988.742731,2.149441,164.790455,75.230425,157.625653,78.812826,137.026846,28.927890,26.868009,92.246831,102.994035,75.767785,-82.574348,42.272334,15.225205,67.617823,24.718568,24.091648,4.119761,223.900075
6.340000,1.045903,59.978516,-7.396695,1.049939,59.978312,-4.745250,1.036149,59.978973,-7.345291,1.013111,59.979554,-8.360890,1.013663,59.979759,-7.568556,1.015604,59.979821,-6.996603,1.006077,59.979719,-8.917958,1.005084,59.979670,-9.353452,1.030107,59.979058,-9.183385,1.024108,59.979909,-4.731734,1.020187,59.979878,-5.501204,1.009995,59.979867,-5.450632,1.022013,59.979857,-5.307406,1.020546,59.979729,-6.638123,1.025173,59.979749,-6.601029,1.039990,59.979779,-5.191398,1.041571,59.979372,-6.170660,1.038430,59.979215,-6.996233,1.055288,59.980731,-0.541427,0.997010,59.981065,-1.393787,1.039687,59.979815,-3.064762,1.054561,59.979886,0.876362,1.050016,59.979880,0.701440,1.044923,59.979781,-5.085446,1.059035,59.978304,-3.514777,1.059332,59.978564,-4.542657,1.046296,59.978917,-6.308738,1.058177,59.978212,-1.372778,1.057085,59.978141,1.090147,1.040623,59.977520,-2.437328,0.981072,59.980577,-0.133610,0.982400,59.980335,2.348579,0.998140,59.981146,4.142919,1.015443,59.981650,3.245257,1.048999,59.979969,5.300195,1.062849,59.979994,7.702539,1.026613,59.977995,2.604152,1.029943,59.978035,7.404286,1.026925,59.978647,-9.001128,0.999639,0.999688,0.999680,0.999706,0.999756,0.999624,0.999652,0.999591,-42.324113,0.000000,5.708342,12.605799,4.343548,13.739079,20.697214,-36.650587,288.383297,447.800150,209.391350,467.503357,6.717002,286.592096,294.652499,141.504847,562.436988,245.394482,221.661074,276.382253,200.614467,124.488442,251.663684,184.493662,253.902685,8.239523,988.742731,2.149441,164.790455,75.230425,157.625653,78.812826,137.026846,28.927890,26.868009,92.246831,102.994035,75.767785,-82.574348,42.272334,15.225205,67.617823,24.718568,24.091648,4.119761,223.900075
6.360000,1.045905,59.978508,-7.407640,1.049931,59.978034,-4.758882,1.036125,59.978825,-7.353571,1.013082,59.979624,-8.363998,1.013639,59.979960,-7.569596,1.015581,59.980047,-6.997081,1.006055,59.979930,-8.919242,1.005063,59.979874,-9.355120,1.030101,59.979234,-9.189591,1.024082,59.980105,-4.731717,1.020161,59.980083,-5.501369,1.009966,59.980050,-5.450975,1.021984,59.980018,-5.307920,1.020511,59.979805,-6.639940,1.025119,59.979654,-6.603477,1.039929,59.979612,-5.193955,1.041520,59.979194,-6.176200,1.038389,59.979049,-7.002854,1.055213,59.980438,-0.537690,0.996920,59.980731,-1.387826,1.039621,59.979647,-3.067060,1.054492,59.979717,0.874569,1.049948,59.979712,0.699605,1.044861,59.979613,-5.087992,1.059016,59.978017,-3.528510,1.059279,59.978302,-4.554400,1.046245,59.978695,-6.317755,1.058093,59.977904,-1.387271,1.056990,59.977814,1.075058,1.040645,59.976975,-2.457876,0.981076,59.981203,-0.126832,0.982385,59.980660,2.352253,0.998085,59.980794,4.149386,1.015336,59.981261,3.255183,1.048928,59.979800,5.298997,1.062785,59.979826,7.701526,1.026597,59.977671,2.588023,1.029826,59.977664,7.388233,1.026931,59.978805,-9.010378,0.999642,0.999720,0.999691,0.999697,0.999747,0.999617,0.999643,0.999566,-42.351609,0.000000,5.700269,12.604839,4.364102,13.702863,20.672703,-36.704852,288.383297,447.800150,209.391350,467.503357,6.717002,286.592096,294.652499,141.504847,562.436988,245.394482,221.661074,276.382253,200.614467,124.488442,251.663684,184.493662,253.902685,8.239523,988.742731,2.149441,164.790455,75.230425,157.625653,78.812826,137.026846,28.927890,26.868009,92.246831,102.994035,75.767785,-82.574348,42.272334,15.225205,67.617823,24.718568,24.091648,4.119761,223.900075
6.380000,1.045911,59.978506,-7.418263,1.049926,59.977775,-4.774079,1.036102,59.978681,-7.362547,1.013050,59.979680,-8.366312,1.013609,59.980139,-7.568935,1.015550,59.980251,-6.995678,1.006026,59.980119,-8.918751,1.005034,59.980057,-9.355060,1.030092,59.979401,-9.194215,1.024048,59.980277,-4.730041,1.020128,59.980264,-5.499809,1.009931,59.980210,-5.449745,1.021948,59.980158,-5.307015,1.020472,59.979865,-6.640932,1.025065,59.979547,-6.606310,1.039869,59.979434,-5.197414,1.041470,59.979013,-6.182684,1.038349,59.978881,-7.010322,1.055138,59.980122,-0.535813,0.996832,59.980371,-1.384036,1.039557,59.979469,-3.070262,1.054424,59.979538,0.871866,1.049881,59.979533,0.696863,1.044799,59.979435,-5.091440,1.058999,59.977750,-3.543865,1.059231,59.978054,-4.567614,1.046197,59.978479,-6.327994,1.058016,59.977616,-1.403537,1.056904,59.977511,1.058075,1.040670,59.976469,-2.481822,0.981067,59.981780,-0.115408,0.982361,59.980953,2.358477,0.998030,59.980415,4.153547,1.015231,59.980839,3.262514,1.048857,59.979619,5.296880,1.062721,59.979646,7.699604,1.026584,59.977374,2.570036,1.029718,59.977324,7.370002,1.026936,59.978962,-9.018142,0.999646,0.999751,0.999702,0.999687,0.999738,0.999610,0.999635,0.999543,-42.391276,0.000000,5.683294,12.586114,4.366975,13.649785,20.630903,-36.783171,288.383297,447.800150,209.391350,467.503357,6.717002,286.592096,294.652499,141.504847,562.436988,245.394482,221.661074,276.382253,200.614467,124.488442,251.663684,184.493662,253.902685,8.239523,988.742731,2.149441,164.790455,75.230425,157.625653,78.812826,137.026846,28.927890,26.868009,92.246831,102.994035,75.767785,-82.574348,42.272334,15.225205,67.617823,24.718568,24.091648,4.119761,223.900075
6.400000,1.045919,59.978511,-7.428424,1.049924,59.977538,-4.790604,1.036081,59.978541,-7.372102,1.013013,59.979721,-8.367847,1.013572,59.980294,-7.566647,1.015513,59.980428,-6.992484,1.005990,59.980284,-8.916560,1.005000,59.980217,-9.353338,1.030080,59.979558,-9.197238,1.024008,59.980423,-4.726796,1.020089,59.980420,-5.496613,1.009890,59.980347,-5.447026,1.021906,59.980274,-5.304763,1.020428,59.979906,-6.641132,1.025010,59.979430,-6.609515,1.039810,59.979249,-5.201743,1.041422,59.978831,-6.190031,1.038311,59.978716,-7.018544,1.055066,59.979791,-0.535838,0.996746,59.979991,-1.382487,1.039493,59.979283,-3.074340,1.054358,59.979351,0.868279,1.049816,59.979346,0.693239,1.044740,59.979250,-5.095757,1.058985,59.977507,-3.560594,1.059187,59.977823,-4.582098,1.046153,59.978271,-6.339309,1.057946,59.977353,-1.421321,1.056824,59.977235,1.039472,1.040700,59.976012,-2.508754,0.981047,59.982299,-0.099643,0.982330,59.981207,2.367082,0.997975,59.980016,4.155328,1.015129,59.980393,3.267140,1.048789,59.979430,5.293866,1.062657,59.979459,7.696795,1.026572,59.977110,2.550501,1.029619,59.977016,7.349909,1.026942,59.979116,-9.024343,0.999649,0.999779,0.999711,0.999677,0.999727,0.999604,0.999628,0.999522,-42.442214,0.000000,5.657903,12.550191,4.352632,13.581129,20.573066,-36.883862,288.383297,447.800150,209.391350,467.503357,6.717002,286.592096,294.652499,141.504847,562.436988,245.394482,221.661074,276.382253,200.614467,124.488442,251.663684,184.493662,253.902685,8.239523,988.742731,2.149441,164.790455,75.230425,157.625653,78.812826,137.026846,28.927890,26.868009,92.246831,102.994034,75.767785,-82.574348,42.272334,15.225205,67.617823,24.718568,24.091648,4.119761,223.900075
6.420000,1.045930,59.978525,-7.437979,1.049925,59.977327,-4.808193,1.036060,59.978409,-7.382101,1.012973,59.979747,-8.368624,1.013528,59.980423,-7.562832,1.015469,59.980576,-6.987616,1.005949,59.980424,-8.912765,1.004959,59.980354,-9.350041,1.030067,59.979704,-9.198653,1.023961,59.980542,-4.722092,1.020044,59.980548,-5.491893,1.009842,59.980456,-5.442917,1.021859,59.980366,-5.301256,1.020381,59.979930,-6.640586,1.024957,59.979305,-6.613071,1.039753,59.979060,-5.206896,1.041377,59.978653,-6.198144,1.038275,59.978556,-7.027408,1.054996,59.979449,-0.537774,0.996663,59.979598,-1.383208,1.039432,59.979094,-3.079246,1.054294,59.979160,0.863850,1.049752,59.979155,0.688778,1.044682,59.979062,-5.100898,1.058973,59.977292,-3.578421,1.059148,59.977612,-4.597632,1.046112,59.978076,-6.351536,1.057883,59.977117,-1.440352,1.056752,59.976988,1.019540,1.040734,59.975610,-2.538206,0.981015,59.982750,-0.079915,0.982291,59.981421,2.377866,0.997921,59.979604,4.154699,1.015030,59.979930,3.268998,1.048722,59.979236,5.289994,1.062595,59.979266,7.693139,1.026562,59.976881,2.529749,1.029527,59.976745,7.328289,1.026948,59.979269,-9.028912,0.999653,0.999805,0.999720,0.999666,0.999715,0.999598,0.999622,0.999503,-42.503306,0.000000,5.624735,12.497949,4.321831,13.498425,20.500688,-37.004844,288.383297,447.800150,209.391350,467.503357,6.717002,286.592096,294.652499,141.504847,562.436988,245.394482,221.661074,276.382253,200.614467,124.488442,251.663684,184.493662,253.902685,8.239523,988.742731,2.149441,164.790455,75.230425,157.625653,78.812826,137.026846,28.927890,26.868009,92.246831,102.994034,75.767785,-82.574348,42.272334,15.225205,67.617823,24.718568,24.091648,4.119761,223.900075
6.440000,1.045943,59.978549,-7.446786,1.049929,59.977146,-4.826563,1.036041,59.978287,-7.392403,1.012931,59.979759,-8.368673,1.013480,59.980525,-7.557606,1.015420,59.980694,-6.981211,1.005902,59.980536,-8.907482,1.004914,59.980464,-9.345275,1.030051,59.979837,-9.198469,1.023910,59.980632,-4.716057,1.019993,59.980646,-5.485779,1.009790,59.980538,-5.437537,1.021807,59.980432,-5.296600,1.020331,59.979936,-6.639344,1.024904,59.979175,-6.616948,1.039699,59.978871,-5.212808,1.041334,59.978481,-6.206911,1.038241,59.978403,-7.036790,1.054929,59.979102,-0.541592,0.996584,59.979199,-1.386188,1.039373,59.978904,-3.084918,1.054232,59.978967,0.858641,1.049691,59.978963,0.683539,1.044627,59.978873,-5.106797,1.058964,59.977108,-3.597058,1.059113,59.977423,-4.613980,1.046074,59.977896,-6.364497,1.057825,59.976912,-1.460342,1.056686,59.976774,0.998583,1.040772,59.975271,-2.569667,0.980972,59.983128,-0.056659,0.982246,59.981590,2.390594,0.997867,59.979186,4.151674,1.014934,59.979456,3.268072,1.048658,59.979040,5.285318,1.062535,59.979072,7.688691,1.026554,59.976690,2.508122,1.029441,59.976511,7.305486,1.026954,59.979419,-9.031791,0.999656,0.999827,0.999727,0.999655,0.999703,0.999594,0.999616,0.999487,-42.573242,0.000000,5.584566,12.430558,4.275610,13.403415,20.415483,-37.143683,288.383297,447.800150,209.391350,467.503357,6.717002,286.592096,294.652499,141.504847,562.436988,245.394482,221.661074,276.382253,200.614467,124.488442,251.663684,184.493662,253.902685,8.239523,988.742731,2.149441,164.790455,75.230425,157.625653,78.812826,137.026846,28.927890,26.868009,92.246831,102.994034,75.767785,-82.574348,42.272334,15.225205,67.617823,24.718568,24.091648,4.119761,223.900075
6.460000,1.045959,59.978584,-7.454699,1.049935,59.976999,-4.845412,1.036024,59.978178,-7.402853,1.012886,59.979757,-8.368029,1.013427,59.980598,-7.551102,1.015366,59.980781,-6.973424,1.005850,59.980621,-8.900845,1.004865,59.980547,-9.339164,1.030034,59.979958,-9.196707,1.023854,59.980692,-4.708838,1.019938,59.980715,-5.478420,1.009733,59.980592,-5.431022,1.021752,59.980472,-5.290915,1.020279,59.979925,-6.637464,1.024853,59.979042,-6.621106,1.039647,59.978684,-5.219399,1.041294,59.978318,-6.216206,1.038209,59.978261,-7.046554,1.054865,59.978757,-0.547231,0.996508,59.978799,-1.391377,1.039317,59.978716,-3.091278,1.054173,59.978777,0.852724,1.049633,59.978773,0.677598,1.044574,59.978686,-5.113374,1.058958,59.976957,-3.616200,1.059082,59.977261,-4.630896,1.046040,59.977735,-6.378001,1.057773,59.976738,-1.480998,1.056626,59.976595,0.976912,1.040814,59.975002,-2.602587,0.980919,59.983426,-0.030367,0.982195,59.981713,2.405005,0.997815,59.978769,4.146313,1.014841,59.978980,3.264392,1.048598,59.978845,5.279909,1.062477,59.978879,7.683519,1.026549,59.976539,2.485970,1.029361,59.976317,7.281853,1.026961,59.979565,-9.032933,0.999659,0.999846,0.999732,0.999643,0.999691,0.999591,0.999612,0.999474,-42.650547,0.000000,5.538297,12.349451,4.215258,13.298022,20.319349,-37.297638,288.383297,447.800150,209.391350,467.503357,6.717002,286.592096,294.652499,141.504847,562.436988,245.394482,221.661074,276.382253,200.614467,124.488442,251.663684,184.493662,253.902685,8.239523,988.742731,2.149441,164.790455,75.230425,157.625653,78.812826,137.026846,28.927890,26.868009,92.246831,102.994034,75.767785,-82.574348,42.272334,15.225205,67.617823,24.718568,24.091648,4.119761,223.900075
6.480000,1.045977,59.978631,-7.461580,1.049944,59.976888,-4.864430,1.036009,59.978084,-7.413294,1.012840,59.979741,-8.366735,1.013371,59.980642,-7.543470,1.015308,59.980835,-6.964430,1.005796,59.980676,-8.893001,1.004812,59.980603,-9.331844,1.030016,59.980066,-9.193402,1.023795,59.980722,-4.700594,1.019879,59.980752,-5.469979,1.009674,59.980617,-5.423517,1.021694,59.980485,-5.284335,1.020226,59.979897,-6.635008,1.024804,59.978908,-6.625496,1.039599,59.978505,-5.226574,1.041257,59.978167,-6.225891,1.038180,59.978132,-7.056554,1.054806,59.978419,-0.554595,0.996437,59.978407,-1.398684,1.039265,59.978535,-3.098232,1.054117,59.978592,0.846190,1.049578,59.978589,0.671043,1.044525,59.978507,-5.120535,1.058955,59.976842,-3.635535,1.059054,59.977127,-4.648126,1.046010,59.977594,-6.391846,1.057726,59.976599,-1.502020,1.056571,59.976452,0.954845,1.040861,59.974806,-2.636389,0.980858,59.983641,-0.001573,0.982139,59.981787,2.420811,0.997766,59.978361,4.138718,1.014754,59.978509,3.258035,1.048541,59.978656,5.273850,1.062422,59.978690,7.677705,1.026544,59.976429,2.463645,1.029287,59.976165,7.257741,1.026968,59.979708,-9.032306,0.999663,0.999860,0.999736,0.999632,0.999678,0.999589,0.999609,0.999464,-42.733608,0.000000,5.486925,12.256295,4.142289,13.184312,20.214337,-37.463716,288.383297,447.800150,209.391350,467.503357,6.717002,286.592096,294.652499,141.504847,562.436988,245.394482,221.661074,276.382253,200.614467,124.488442,251.663684,184.493662,253.902685,8.239523,988.742731,2.149441,164.790455,75.230425,157.625653,78.812826,137.026846,28.927890,26.868009,92.246831,102.994034,75.767785,-82.574348,42.272334,15.225205,67.617823,24.718568,24.091648,4.119761,223.900075
6.500000,1.045997,59.978689,-7.467296,1.049957,59.976814,-4.883302,1.035996,59.978006,-7.423563,1.012793,59.979712,-8.364837,1.013313,59.980658,-7.534869,1.015248,59.980857,-6.954413,1.005739,59.980702,-8.884113,1.004758,59.980632,-9.323465,1.029998,59.980161,-9.188602,1.023734,59.980721,-4.691497,1.019818,59.980758,-5.460631,1.009612,59.980614,-5.415181,1.021634,59.980472,-5.276998,1.020172,59.979854,-6.632043,1.024758,59.978777,-6.630061,1.039555,59.978334,-5.234226,1.041223,59.978031,-6.235822,1.038155,59.978018,-7.066638,1.054751,59.978095,-0.563557,0.996370,59.978027,-1.407983,1.039216,59.978362,-3.105676,1.054066,59.978415,0.839138,1.049527,59.978413,0.663975,1.044480,59.978336,-5.128172,1.058954,59.976765,-3.654749,1.059030,59.977023,-4.665410,1.045983,59.977476,-6.405826,1.057683,59.976495,-1.523106,1.056520,59.976347,0.932696,1.040912,59.974686,-2.670482,0.980790,59.983768,0.029152,0.982081,59.981813,2.437711,0.997719,59.977969,4.129030,1.014671,59.978052,3.249122,1.048489,59.978474,5.267235,1.062371,59.978509,7.671344,1.026542,59.976361,2.441495,1.029218,59.976055,7.233500,1.026975,59.979847,-9.029889,0.999666,0.999871,0.999739,0.999621,0.999665,0.999588,0.999606,0.999458,-42.820707,0.000000,5.431532,12.152960,4.058414,13.064456,20.102612,-37.638730,288.383297,447.800150,209.391350,467.503357,6.717002,286.592096,294.652499,141.504847,562.436988,245.394482,221.661074,276.382253,200.614467,124.488442,251.663684,184.493662,253.902685,8.239523,988.742731,2.149441,164.790455,75.230425,157.625653,78.812826,137.026846,28.927890,26.868009,92.246831,102.994034,75.767785,-82.574348,42.272334,15.225205,67.617823,24.718568,24.091648,4.119761,223.900075
6.520000,1.046019,59.978760,-7.471724,1.049972,59.976780,-4.901714,1.035986,59.977946,-7.433499,1.012747,59.979672,-8.362386,1.013254,59.980646,-7.525470,1.015186,59.980847,-6.943569,1.005682,59.980700,-8.874350,1.004703,59.980635,-9.314186,1.029979,59.980242,-9.182368,1.023673,59.980691,-4.681724,1.019757,59.980735,-5.450560,1.009550,59.980584,-5.406180,1.021574,59.980434,-5.269054,1.020119,59.979797,-6.628641,1.024715,59.978650,-6.634739,1.039516,59.978176,-5.242237,1.041194,59.977912,-6.245845,1.038133,59.977922,-7.076650,1.054700,59.977789,-0.573963,0.996309,59.977668,-1.419115,1.039173,59.978202,-3.113494,1.054020,59.978250,0.831678,1.049481,59.978249,0.656506,1.044439,59.978179,-5.136167,1.058957,59.976727,-3.673531,1.059010,59.976950,-4.682492,1.045960,59.977383,-6.419730,1.057644,59.976428,-1.543961,1.056474,59.976281,0.910775,1.040967,59.974645,-2.704268,0.980716,59.983809,0.061216,0.982020,59.981789,2.455386,0.997675,59.977599,4.117428,1.014593,59.977614,3.237814,1.048442,59.978303,5.260170,1.062324,59.978339,7.664539,1.026542,59.976336,2.419860,1.029153,59.975988,7.209474,1.026983,59.979982,-9.025677,0.999669,0.999877,0.999740,0.999611,0.999653,0.999588,0.999604,0.999455,-42.910052,0.000000,5.373255,12.041477,3.965505,12.940693,19.986415,-37.819361,288.383297,447.800150,209.391350,467.503357,6.717002,286.592096,294.652499,141.504847,562.436988,245.394482,221.661074,276.382253,200.614467,124.488442,251.663684,184.493662,253.902685,8.239523,988.742731,2.149441,164.790455,75.230425,157.625653,78.812826,137.026846,28.927890,26.868009,92.246831,102.994034,75.767785,-82.574348,42.272334,15.225205,67.617823,24.718568,24.091648,4.119761,223.900075
6.540000,1.046043,59.978843,-7.474752,1.049992,59.976786,-4.919357,1.035979,59.977906,-7.442943,1.012703,59.979621,-8.359437,1.013196,59.980607,-7.515447,1.015125,59.980806,-6.932102,1.005624,59.980671,-8.863890,1.004648,59.980611,-9.304173,1.029961,59.980311,-9.174772,1.023612,59.980633,-4.671461,1.019696,59.980682,-5.439956,1.009489,59.980527,-5.396685,1.021515,59.980373,-5.260656,1.020068,59.979727,-6.624874,1.024677,59.978531,-6.639463,1.039481,59.978034,-5.250481,1.041169,59.977812,-6.255805,1.038114,59.977845,-7.086432,1.054656,59.977506,-0.585634,0.996253,59.977334,-1.431890,1.039135,59.978058,-3.121563,1.053980,59.978100,0.823930,1.049441,59.978100,0.648754,1.044404,59.978036,-5.144395,1.058962,59.976728,-3.691577,1.058994,59.976910,-4.699118,1.045941,59.977317,-6.433351,1.057609,59.976399,-1.564296,1.056431,59.976253,0.889385,1.041027,59.974684,-2.737158,0.980638,59.983762,0.094011,0.981958,59.981718,2.473511,0.997634,59.977258,4.104122,1.014520,59.977205,3.224312,1.048401,59.978145,5.252767,1.062282,59.978182,7.657398,1.026544,59.976352,2.399065,1.029092,59.975964,7.185991,1.026991,59.980112,-9.019681,0.999672,0.999879,0.999739,0.999602,0.999641,0.999588,0.999604,0.999455,-42.999817,0.000000,5.313267,11.924001,3.865562,12.815290,19.868025,-38.002218,288.383297,447.800150,209.391350,467.503357,6.717002,286.592096,294.652499,141.504847,562.436988,245.394482,221.661074,276.382253,200.614467,124.488442,251.663684,184.493662,253.902685,8.239523,988.742731,2.149441,164.790455,75.230425,157.625653,78.812826,137.026846,28.927890,26.868009,92.246831,102.994034,75.767785,-82.574348,42.272334,15.225205,67.617823,24.718568,24.091648,4.119761,223.900075
6.560000,1.046070,59.978938,-7.476283,1.050014,59.976832,-4.935937,1.035976,59.977887,-7.451742,1.012662,59.979562,-8.356049,1.013140,59.980542,-7.504980,1.015066,59.980737,-6.920216,1.005569,59.980617,-8.852914,1.004595,59.980564,-9.293596,1.029944,59.980367,-9.165899,1.023553,59.980548,-4.660896,1.019637,59.980603,-5.429010,1.009430,59.980445,-5.386869,1.021459,59.980290,-5.251957,1.020020,59.979647,-6.620816,1.024644,59.978422,-6.644161,1.039452,59.977910,-5.258827,1.041149,59.977734,-6.265547,1.038101,59.977790,-7.095830,1.054617,59.977253,-0.598370,0.996204,59.977031,-1.446089,1.039103,59.977931,-3.129755,1.053946,59.977967,0.816016,1.049406,59.977968,0.640844,1.044374,59.977913,-5.152724,1.058970,59.976769,-3.708598,1.058981,59.976903,-4.715042,1.045926,59.977278,-6.446483,1.057578,59.976407,-1.583834,1.056393,59.976265,0.868814,1.041091,59.974800,-2.768580,0.980559,59.983630,0.126925,0.981898,59.981601,2.491757,0.997599,59.976951,4.089350,1.014454,59.976829,3.208849,1.048367,59.978004,5.245143,1.062245,59.978041,7.650038,1.026548,59.976410,2.379415,1.029035,59.975982,7.163367,1.027000,59.980238,-9.011929,0.999675,0.999876,0.999736,0.999593,0.999629,0.999590,0.999604,0.999460,-43.088169,0.000000,5.252754,11.802770,3.760673,12.690504,19.749723,-38.183905,288.383297,447.800150,209.391350,467.503357,6.717002,286.592096,294.652499,141.504847,562.436988,245.394482,221.661074,276.382253,200.614467,124.488442,251.663684,184.493662,253.902685,8.239523,988.742731,2.149441,164.790455,75.230425,157.625653,78.812826,137.026846,28.927890,26.868009,92.246831,102.994034,75.767785,-82.574348,42.272334,15.225205,67.617823,24.718568,24.091648,4.119761,223.900075
6.580000,1.046098,59.979046,-7.476239,1.050041,59.976917,-4.951174,1.035977,59.977889,-7.459749,1.012625,59.979497,-8.352281,1.013087,59.980455,-7.494248,1.015010,59.980641,-6.908118,1.005517,59.980539,-8.841603,1.004546,59.980495,-9.282627,1.029929,59.980411,-9.155844,1.023498,59.980440,-4.650215,1.019582,59.980499,-5.417916,1.009375,59.980342,-5.376906,1.021406,59.980187,-5.243113,1.019977,59.979559,-6.616541,1.024616,59.978325,-6.648759,1.039430,59.977807,-5.267140,1.041134,59.977679,-6.274916,1.038092,59.977757,-7.104692,1.054585,59.977032,-0.611954,0.996161,59.976765,-1.461476,1.039078,59.977824,-3.137937,1.053919,59.977853,0.808064,1.049379,59.977855,0.632901,1.044351,59.977809,-5.161021,1.058981,59.976848,-3.724320,1.058972,59.976929,-4.730033,1.045915,59.977269,-6.458929,1.057550,59.976452,-1.602313,1.056357,59.976315,0.849333,1.041160,59.974992,-2.797990,0.980480,59.983417,0.159356,0.981840,59.981441,2.509797,0.997568,59.976683,4.073375,1.014393,59.976493,3.191689,1.048340,59.977882,5.237419,1.062216,59.977918,7.642575,1.026554,59.976508,2.361195,1.028980,59.976042,7.141896,1.027009,59.980358,-9.002464,0.999677,0.999869,0.999733,0.999585,0.999619,0.999592,0.999605,0.999467,-43.173310,0.000000,5.192889,11.680058,3.652978,12.568545,19.633749,-38.361082,288.383297,447.800150,209.391350,467.503357,6.717002,286.592096,294.652499,141.504847,562.436988,245.394482,221.661074,276.382253,200.614467,124.488442,251.663684,184.493662,253.902685,8.239523,988.742731,2.149441,164.790455,75.230425,157.625653,78.812826,137.026846,28.927890,26.868009,92.246831,102.994035,75.767785,-82.574348,42.272334,15.225205,67.617823,24.718568,24.091648,4.119761,223.900075
6.600000,1.046129,59.979165,-7.474560,1.050072,59.977041,-4.964814,1.035982,59.977913,-7.466832,1.012593,59.979427,-8.348196,1.013039,59.980347,-7.483430,1.014959,59.980521,-6.896012,1.005470,59.980440,-8.830139,1.004501,59.980406,-9.271437,1.029917,59.980444,-9.144712,1.023448,59.980310,-4.639603,1.019532,59.980373,-5.406862,1.009325,59.980219,-5.366965,1.021359,59.980068,-5.234275,1.019940,59.979464,-6.612124,1.024596,59.978242,-6.653185,1.039414,59.977727,-5.275286,1.041126,59.977648,-6.283763,1.038090,59.977748,-7.112875,1.054560,59.976848,-0.626156,0.996125,59.976539,-1.477791,1.039061,59.977740,-3.145977,1.053900,59.977761,0.800200,1.049360,59.977764,0.625054,1.044335,59.977729,-5.169150,1.058996,59.976964,-3.738495,1.058967,59.976989,-4.743873,1.045910,59.977288,-6.470504,1.057525,59.976534,-1.619491,1.056324,59.976403,0.831192,1.041234,59.975256,-2.824881,0.980403,59.983128,0.190718,0.981786,59.981241,2.527310,0.997542,59.976458,4.056473,1.014339,59.976202,3.173122,1.048321,59.977780,5.229716,1.062193,59.977815,7.635128,1.026563,59.976644,2.344661,1.028928,59.976143,7.121850,1.027019,59.980473,-8.991348,0.999680,0.999859,0.999727,0.999579,0.999609,0.999595,0.999607,0.999478,-43.253506,0.000000,5.134810,11.558136,3.544626,12.451537,19.522267,-38.530527,288.383297,447.800150,209.391350,467.503357,6.717002,286.592096,294.652499,141.504847,562.436988,245.394482,221.661074,276.382253,200.614467,124.488442,251.663684,184.493662,253.902685,8.239523,988.742731,2.149441,164.790455,75.230425,157.625653,78.812826,137.026846,28.927890,26.868009,92.246831,102.994034,75.767785,-82.574348,42.272334,15.225205,67.617823,24.718568,24.091648,4.119761,223.900075
6.620000,1.046161,59.979295,-7.471205,1.050107,59.977202,-4.976627,1.035993,59.977960,-7.472872,1.012567,59.979355,-8.343856,1.012998,59.980222,-7.472698,1.014915,59.980381,-6.884093,1.005430,59.980323,-8.818698,1.004463,59.980300,-9.260194,1.029908,59.980467,-9.132617,1.023405,59.980163,-4.629236,1.019489,59.980228,-5.396032,1.009283,59.980081,-5.357213,1.021319,59.979934,-5.225592,1.019909,59.979366,-6.607635,1.024582,59.978175,-6.657364,1.039406,59.977671,-5.283132,1.041124,59.977642,-6.291949,1.038093,59.977763,-7.120246,1.054542,59.976703,-0.640737,0.996096,59.976357,-1.494765,1.039051,59.977680,-3.153745,1.053890,59.977693,0.792549,1.049348,59.977697,0.617428,1.044326,59.977673,-5.176978,1.059015,59.977117,-3.750899,1.058966,59.977082,-4.756365,1.045909,59.977337,-6.481035,1.057504,59.976652,-1.635149,1.056295,59.976527,0.814621,1.041312,59.975587,-2.848796,0.980331,59.982770,0.220456,0.981739,59.981005,2.543990,0.997523,59.976281,4.038937,1.014291,59.975962,3.153455,1.048311,59.977701,5.222154,1.062179,59.977735,7.627814,1.026574,59.976816,2.330042,1.028879,59.976283,7.103474,1.027030,59.980582,-8.978659,0.999683,0.999844,0.999720,0.999574,0.999600,0.999599,0.999610,0.999492,-43.327120,0.000000,5.079603,11.439229,3.437746,12.341489,19.417334,-38.689194,288.383297,447.800150,209.391350,467.503357,6.717002,286.592096,294.652499,141.504847,562.436988,245.394482,221.661074,276.382253,200.614467,124.488442,251.663684,184.493662,253.902685,8.239523,988.742731,2.149441,164.790455,75.230425,157.625653,78.812826,137.026846,28.927890,26.868009,92.246831,102.994034,75.767785,-82.574348,42.272334,15.225205,67.617823,24.718568,24.091648,4.119761,223.900075
6.640000,1.046196,59.979434,-7.466159,1.050148,59.977396,-4.986417,1.036010,59.978028,-7.477764,1.012550,59.979283,-8.339323,1.012965,59.980083,-7.462218,1.014879,59.980223,-6.872549,1.005398,59.980192,-8.807451,1.004433,59.980181,-9.249060,1.029903,59.980482,-9.119680,1.023371,59.980001,-4.619286,1.019455,59.980068,-5.385601,1.009249,59.979929,-5.347807,1.021288,59.979791,-5.217203,1.019887,59.979267,-6.603145,1.024577,59.978127,-6.661228,1.039406,59.977641,-5.290549,1.041129,59.977663,-6.299343,1.038103,59.977803,-7.126685,1.054532,59.976601,-0.655456,0.996074,59.976223,-1.512120,1.039051,59.977646,-3.161116,1.053888,59.977650,0.785233,1.049346,59.977655,0.610143,1.044326,59.977643,-5.184379,1.059037,59.977303,-3.761339,1.058969,59.977206,-4.767334,1.045914,59.977416,-6.490367,1.057485,59.976803,-1.649091,1.056268,59.976687,0.799820,1.041395,59.975980,-2.869331,0.980266,59.982351,0.248049,0.981698,59.980739,2.559546,0.997510,59.976154,4.021061,1.014250,59.975775,3.133011,1.048310,59.977647,5.214849,1.062173,59.977679,7.620743,1.026589,59.977023,2.317531,1.028832,59.976459,7.086986,1.027042,59.980686,-8.964493,0.999685,0.999826,0.999712,0.999570,0.999592,0.999603,0.999614,0.999508,-43.392643,0.000000,5.028274,11.325472,3.334398,12.240259,19.320858,-38.834270,288.383297,447.800150,209.391350,467.503357,6.717002,286.592096,294.652499,141.504847,562.436988,245.394482,221.661074,276.382253,200.614467,124.488442,251.663684,184.493662,253.902685,8.239523,988.742731,2.149441,164.790455,75.230425,157.625653,78.812826,137.026846,28.927890,26.868009,92.246831,102.994034,75.767785,-82.574348,42.272334,15.225205,67.617823,24.718568,24.091648,4.119761,223.900075
6.660000,1.046233,59.979582,-7.459427,1.050193,59.977623,-4.994019,1.036033,59.978119,-7.481423,1.012541,59.979213,-8.334662,1.012942,59.979933,-7.452146,1.014853,59.980053,-6.861556,1.005375,59.980050,-8.796557,1.004411,59.980052,-9.238190,1.029903,59.980489,-9.106032,1.023347,59.979828,-4.609909,1.019430,59.979897,-5.375731,1.009225,59.979768,-5.338894,1.021266,59.979640,-5.209241,1.019874,59.979170,-6.598720,1.024581,59.978098,-6.664711,1.039415,59.977638,-5.297419,1.041142,59.977710,-6.305828,1.038119,59.977867,-7.132087,1.054530,59.976543,-0.670073,0.996059,59.976139,-1.529576,1.039059,59.977639,-3.167971,1.053896,59.977633,0.778366,1.049353,59.977639,0.603315,1.044334,59.977641,-5.191232,1.059063,59.977521,-3.769653,1.058976,59.977361,-4.776630,1.045924,59.977523,-6.498365,1.057469,59.976988,-1.661152,1.056244,59.976880,0.786961,1.041483,59.976428,-2.886146,0.980210,59.981880,0.273026,0.981666,59.980447,2.573709,0.997503,59.976078,4.003143,1.014216,59.975646,3.112121,1.048319,59.977619,5.207911,1.062176,59.977649,7.614024,1.026607,59.977260,2.307289,1.028787,59.976671,7.072571,1.027056,59.980785,-8.948961,0.999687,0.999805,0.999703,0.999568,0.999586,0.999608,0.999618,0.999527,-43.448720,0.000000,4.981740,11.218875,3.236549,12.149528,19.234578,-38.963221,288.383297,447.800150,209.391350,467.503357,6.717002,286.592096,294.652499,141.504847,562.436988,245.394482,221.661074,276.382253,200.614467,124.488442,251.663684,184.493662,253.902685,8.239523,988.742731,2.149441,164.790455,75.230425,157.625653,78.812826,137.026846,28.927890,26.868009,92.246831,102.994034,75.767785,-82.574348,42.272334,15.225205,67.617823,24.718568,24.091648,4.119761,223.900075
6.680000,1.046272,59.979738,-7.451043,1.050243,59.977878,-4.999308,1.036063,59.978230,-7.483785,1.012543,59.979147,-8.329932,1.012929,59.979778,-7.442628,1.014838,59.979875,-6.851276,1.005363,59.979901,-8.786166,1.004401,59.979916,-9.227729,1.029907,59.980490,-9.091806,1.023333,59.979650,-4.601251,1.019416,59.979719,-5.366573,1.009213,59.979603,-5.330611,1.021255,59.979486,-5.201828,1.019872,59.979077,-6.594423,1.024594,59.978091,-6.667754,1.039432,59.977664,-5.303629,1.041162,59.977784,-6.311302,1.038144,59.977956,-7.136363,1.054536,59.976530,-0.684352,0.996052,59.976106,-1.546856,1.039077,59.977659,-3.174203,1.053914,59.977644,0.772052,1.049370,59.977651,0.597048,1.044352,59.977666,-5.197426,1.059093,59.977767,-3.775717,1.058988,59.977544,-4.784130,1.045941,59.977657,-6.504916,1.057457,59.977203,-1.671194,1.056222,59.977104,0.776186,1.041574,59.976922,-2.898970,0.980165,59.981367,0.294968,0.981644,59.980137,2.586236,0.997503,59.976056,3.985473,1.014188,59.975576,3.091117,1.048338,59.977618,5.201441,1.062189,59.977644,7.607753,1.026627,59.977526,2.299439,1.028745,59.976916,7.060381,1.027070,59.980878,-8.932193,0.999689,0.999781,0.999693,0.999567,0.999581,0.999614,0.999623,0.999548,-43.494178,0.000000,4.940803,11.121288,3.146032,12.070773,19.160030,-39.073839,288.383297,447.800150,209.391350,467.503357,6.717002,286.592096,294.652499,141.504847,562.436988,245.394482,221.661074,276.382253,200.614467,124.488442,251.663684,184.493662,253.902685,8.239523,988.742731,2.149441,164.790455,75.230425,157.625653,78.812826,137.026846,28.927890,26.868009,92.246831,102.994034,75.767785,-82.574348,42.272334,15.225205,67.617823,24.718568,24.091648,4.119761,223.900075
6.700000,1.046313,59.979900,-7.441060,1.050298,59.978157,-5.002199,1.036100,59.978361,-7.484807,1.012554,59.979089,-8.325196,1.012929,59.979620,-7.433794,1.014835,59.979692,-6.841854,1.005362,59.979749,-8.776417,1.004401,59.979778,-9.217812,1.029917,59.980487,-9.077143,1.023332,59.979469,-4.593442,1.019415,59.979539,-5.358262,1.009213,59.979436,-5.323078,1.021256,59.979333,-5.195073,1.019881,59.978992,-6.590314,1.024617,59.978105,-6.670303,1.039459,59.977717,-5.309083,1.041190,59.977883,-6.315681,1.038175,59.978068,-7.139445,1.054550,59.976563,-0.698069,0.996053,59.976126,-1.563687,1.039104,59.977707,-3.179713,1.053942,59.977682,0.766388,1.049397,59.977690,0.591437,1.044378,59.977719,-5.202864,1.059128,59.978038,-3.779443,1.059004,59.977754,-4.789739,1.045963,59.977818,-6.509930,1.057447,59.977446,-1.679112,1.056202,59.977357,0.767604,1.041671,59.977456,-2.907603,0.980132,59.980823,0.313520,0.981634,59.979813,2.596913,0.997511,59.976087,3.968331,1.014167,59.975566,3.070330,1.048367,59.977644,5.195534,1.062212,59.977667,7.602021,1.026652,59.977817,2.294067,1.028703,59.977190,7.050538,1.027085,59.980965,-8.914331,0.999691,0.999755,0.999683,0.999567,0.999578,0.999620,0.999629,0.999570,-43.528040,0.000000,4.906146,11.034365,3.064519,12.005249,19.098528,-39.164278,288.383297,447.800150,209.391350,467.503357,6.717002,286.592096,294.652499,141.504847,562.436988,245.394482,221.661074,276.382253,200.614467,124.488442,251.663684,184.493662,253.902685,8.239523,988.742731,2.149441,164.790455,75.230425,157.625653,78.812826,137.026846,28.927890,26.868009,92.246831,102.994034,75.767785,-82.574348,42.272334,15.225205,67.617823,24.718568,24.091648,4.119761,223.900075
6.720000,1.046356,59.980066,-7.429560,1.050359,59.978458,-5.002647,1.036144,59.978511,-7.484466,1.012578,59.979039,-8.320511,1.012942,59.979464,-7.425761,1.014846,59.979510,-6.833417,1.005375,59.979598,-8.767430,1.004414,59.979640,-9.208559,1.029933,59.980481,-9.062185,1.023344,59.979291,-4.586596,1.019427,59.979360,-5.350914,1.009226,59.979273,-5.316403,1.021270,59.979185,-5.189072,1.019902,59.978916,-6.586445,1.024649,59.978142,-6.672317,1.039494,59.977799,-5.313694,1.041226,59.978008,-6.318899,1.038215,59.978203,-7.141283,1.054572,59.976642,-0.711012,0.996060,59.976198,-1.579813,1.039142,59.977784,-3.184419,1.053981,59.977748,0.761454,1.049434,59.977757,0.586564,1.044414,59.977801,-5.207461,1.059166,59.978332,-3.780784,1.059024,59.977988,-4.793396,1.045991,59.978004,-6.513343,1.057440,59.977714,-1.684834,1.056185,59.977636,0.761293,1.041771,59.978019,-2.911926,0.980114,59.980259,0.328392,0.981635,59.979483,2.605560,0.997526,59.976172,3.951984,1.014152,59.975618,3.050080,1.048407,59.977698,5.190269,1.062246,59.977717,7.596905,1.026679,59.978130,2.291220,1.028664,59.977492,7.043124,1.027102,59.981047,-8.895535,0.999692,0.999728,0.999671,0.999569,0.999576,0.999626,0.999635,0.999594,-43.549549,0.000000,4.878316,10.959539,2.993495,11.953966,19.051144,-39.233085,288.383297,447.800150,209.391350,467.503357,6.717002,286.592096,294.652499,141.504847,562.436988,245.394482,221.661074,276.382253,200.614467,124.488442,251.663684,184.493662,253.902685,8.239523,988.742731,2.149441,164.790455,75.230425,157.625653,78.812826,137.026846,28.927890,26.868009,92.246831,102.994034,75.767785,-82.574348,42.272334,15.225205,67.617823,24.718568,24.091648,4.119761,223.900075
6.740000,1.046401,59.980236,-7.416647,1.050425,59.978777,-5.000650,1.036195,59.978679,-7.482766,1.012613,59.979001,-8.315933,1.012968,59.979314,-7.418629,1.014870,59.979333,-6.826073,1.005400,59.979452,-8.759314,1.004440,59.979507,-9.200078,1.029956,59.980474,-9.047078,1.023369,59.979119,-4.580807,1.019452,59.979188,-5.344628,1.009253,59.979116,-5.310675,1.021298,59.979044,-5.183907,1.019935,59.978853,-6.582867,1.024692,59.978203,-6.673761,1.039539,59.977908,-5.317395,1.041270,59.978157,-6.320911,1.038262,59.978360,-7.141852,1.054602,59.976765,-0.722987,0.996075,59.976321,-1.594991,1.039189,59.977888,-3.188251,1.054029,59.977842,0.757320,1.049481,59.977851,0.582496,1.044459,59.977910,-5.211149,1.059209,59.978643,-3.779730,1.059049,59.978244,-4.795068,1.046025,59.978212,-6.515117,1.057435,59.978005,-1.688320,1.056170,59.977938,0.757293,1.041875,59.978603,-2.911895,0.980111,59.979688,0.339364,0.981650,59.979154,2.612031,0.997547,59.976307,3.936676,1.014143,59.975730,3.030674,1.048457,59.977779,5.185717,1.062289,59.977794,7.592471,1.026710,59.978461,2.290907,1.028625,59.977817,7.038188,1.027120,59.981124,-8.875973,0.999694,0.999699,0.999660,0.999572,0.999576,0.999633,0.999641,0.999619,-43.558175,0.000000,4.857716,10.897997,2.934232,11.917682,19.018696,-39.279223,288.383297,447.800150,209.391350,467.503357,6.717002,286.592096,294.652499,141.504847,562.436988,245.394482,221.661074,276.382253,200.614467,124.488442,251.663684,184.493662,253.902685,8.239523,988.742731,2.149441,164.790455,75.230425,157.625653,78.812826,137.026846,28.927890,26.868009,92.246831,102.994034,75.767785,-82.574348,42.272334,15.225205,67.617823,24.718568,24.091648,4.119761,223.900075
6.760000,1.046447,59.980407,-7.402450,1.050495,59.979107,-4.996248,1.036253,59.978862,-7.479732,1.012660,59.978976,-8.311517,1.013007,59.979173,-7.412481,1.014908,59.979166,-6.819908,1.005439,59.979314,-8.752157,1.004480,59.979383,-9.192462,1.029984,59.980467,-9.031967,1.023409,59.978959,-4.576152,1.019492,59.979026,-5.339484,1.009295,59.978972,-5.305968,1.021339,59.978916,-5.179644,1.019981,59.978805,-6.579621,1.024744,59.978286,-6.674612,1.039592,59.978044,-5.320133,1.041321,59.978329,-6.321693,1.038317,59.978537,-7.141145,1.054640,59.976932,-0.733822,0.996097,59.976494,-1.609002,1.039245,59.978019,-3.191158,1.054088,59.977963,0.754038,1.049538,59.977973,0.579286,1.044513,59.978045,-5.213875,1.059256,59.978969,-3.776312,1.059078,59.978519,-4.794755,1.046064,59.978441,-6.515241,1.057432,59.978316,-1.689566,1.056157,59.978260,0.755612,1.041983,59.979199,-2.907547,0.980125,59.979122,0.346293,0.981678,59.978833,2.616219,0.997576,59.976493,3.922627,1.014141,59.975902,3.012399,1.048517,59.977889,5.181933,1.062343,59.977899,7.588771,1.026745,59.978806,2.293098,1.028588,59.978163,7.035746,1.027139,59.981195,-8.855828,0.999695,0.999669,0.999648,0.999577,0.999577,0.999640,0.999648,0.999644,-43.553628,0.000000,4.844605,10.850666,2.887771,11.896888,19.001732,-39.302082,288.383297,447.800150,209.391350,467.503357,6.717002,286.592096,294.652499,141.504847,562.436988,245.394482,221.661074,276.382253,200.614467,124.488442,251.663684,184.493662,253.902685,8.239523,988.742731,2.149441,164.790455,75.230425,157.625653,78.812826,137.026846,28.927890,26.868009,92.246831,102.994034,75.767785,-82.574348,42.272334,15.225205,67.617823,24.718568,24.091648,4.119761,223.900075
6.780000,1.046495,59.980579,-7.387118,1.050571,59.979447,-4.989522,1.036319,59.979060,-7.475413,1.012719,59.978966,-8.307313,1.013061,59.979047,-7.407381,1.014962,59.979012,-6.814986,1.005492,59.979190,-8.746033,1.004532,59.979271,-9.185785,1.030019,59.980462,-9.016997,1.023463,59.978813,-4.572686,1.019546,59.978879,-5.335540,1.009350,59.978842,-5.302337,1.021395,59.978804,-5.176334,1.020039,59.978774,-6.576746,1.024807,59.978393,-6.674858,1.039654,59.978206,-5.321875,1.041380,59.978521,-6.321243,1.038379,59.978732,-7.139181,1.054685,59.977140,-0.743367,0.996124,59.976715,-1.621647,1.039311,59.978175,-3.193105,1.054155,59.978110,0.751647,1.049605,59.978121,0.576971,1.044575,59.978207,-5.215607,1.059307,59.979305,-3.770600,1.059111,59.978810,-4.792490,1.046109,59.978689,-6.513733,1.057432,59.978643,-1.688598,1.056145,59.978598,0.756226,1.042094,59.979796,-2.898997,0.980155,59.978572,0.349111,0.981721,59.978526,2.618056,0.997611,59.976726,3.910029,1.014143,59.976130,2.995517,1.048586,59.978025,5.178958,1.062406,59.978030,7.585844,1.026783,59.979162,2.297726,1.028551,59.978527,7.035777,1.027159,59.981262,-8.835292,0.999697,0.999640,0.999636,0.999583,0.999580,0.999647,0.999656,0.999669,-43.535860,0.000000,4.839090,10.818193,2.854911,11.891808,19.000533,-39.301491,288.383297,447.800150,209.391350,467.503357,6.717002,286.592096,294.652499,141.504847,562.436988,245.394482,221.661074,276.382253,200.614467,124.488442,251.663684,184.493662,253.902685,8.239523,988.742731,2.149441,164.790455,75.230425,157.625653,78.812826,137.026846,28.927890,26.868009,92.246831,102.994034,75.767785,-82.574348,42.272334,15.225205,67.617823,24.718568,24.091648,4.119761,223.900075
6.800000,1.046545,59.980749,-7.370821,1.050650,59.979790,-4.980596,1.036391,59.979269,-7.469880,1.012790,59.978973,-8.303368,1.013129,59.978939,-7.403375,1.015029,59.978877,-6.811351,1.005559,59.979082,-8.740996,1.004598,59.979175,-9.180109,1.030060,59.980461,-9.002311,1.023531,59.978687,-4.570444,1.019614,59.978751,-5.332833,1.009421,59.978732,-5.299816,1.021464,59.978711,-5.174011,1.020110,59.978762,-6.574272,1.024878,59.978522,-6.674498,1.039724,59.978392,-5.322604,1.041446,59.978734,-6.319578,1.038448,59.978944,-7.135998,1.054736,59.977388,-0.751499,0.996157,59.976981,-1.632759,1.039385,59.978357,-3.194075,1.054232,59.978282,0.750166,1.049681,59.978294,0.575571,1.044646,59.978393,-5.216328,1.059362,59.979647,-3.762702,1.059148,59.979113,-4.788335,1.046159,59.978951,-6.510635,1.057433,59.978983,-1.685477,1.056134,59.978950,0.759076,1.042208,59.980387,-2.886436,0.980203,59.978049,0.347823,0.981777,59.978241,2.617514,0.997652,59.977003,3.899046,1.014150,59.976413,2.980265,1.048664,59.978187,5.176818,1.062478,59.978186,7.583714,1.026824,59.979525,2.304686,1.028515,59.978904,7.038226,1.027181,59.981323,-8.814564,0.999698,0.999611,0.999625,0.999589,0.999585,0.999654,0.999663,0.999693,-43.505061,0.000000,4.841131,10.800945,2.836191,11.902396,19.015108,-39.277714,288.383297,447.800150,209.391350,467.503357,6.717002,286.592096,294.652499,141.504847,562.436988,245.394482,221.661074,276.382253,200.614467,124.488442,251.663684,184.493662,253.902685,8.239523,988.742731,2.149441,164.790455,75.230425,157.625653,78.812826,137.026846,28.927890,26.868009,92.246831,102.994034,75.767785,-82.574348,42.272334,15.225205,67.617823,24.718568,24.091648,4.119761,223.900075
6.820000,1.046596,59.980915,-7.353747,1.050733,59.980134,-4.969627,1.036469,59.979489,-7.463226,1.012872,59.978999,-8.299724,1.013210,59.978851,-7.400491,1.015110,59.978765,-6.809024,1.005639,59.978994,-8.737082,1.004676,59.979098,-9.175476,1.030108,59.980464,-8.988050,1.023613,59.978584,-4.569440,1.019696,59.978646,-5.331381,1.009505,59.978644,-5.298423,1.021546,59.978640,-5.172693,1.020192,59.978771,-6.572225,1.024958,59.978672,-6.673544,1.039801,59.978600,-5.322324,1.041518,59.978963,-6.316741,1.038523,59.979170,-7.131657,1.054794,59.977670,-0.758123,0.996196,59.977289,-1.642198,1.039467,59.978561,-3.194068,1.054317,59.978478,0.749600,1.049764,59.978490,0.575087,1.044724,59.978601,-5.216042,1.059420,59.979992,-3.752760,1.059187,59.979427,-4.782382,1.046213,59.979227,-6.506018,1.057435,59.979334,-1.680293,1.056124,59.979312,0.764072,1.042323,59.980961,-2.870125,0.980268,59.977566,0.342512,0.981846,59.977983,2.614604,0.997700,59.977320,3.889807,1.014162,59.976746,2.966844,1.048751,59.978374,5.175524,1.062558,59.978368,7.582391,1.026867,59.979891,2.313841,1.028479,59.979292,7.043010,1.027203,59.981380,-8.793846,0.999698,0.999584,0.999614,0.999597,0.999591,0.999661,0.999671,0.999716,-43.461663,0.000000,4.850541,10.799001,2.831893,11.928342,19.045199,-39.231437,288.383297,447.800150,209.391350,467.503357,6.717002,286.592096,294.652499,141.504847,562.436988,245.394482,221.661074,276.382253,200.614467,124.488442,251.663684,184.493662,253.902685,8.239523,988.742731,2.149441,164.790455,75.230425,157.625653,78.812826,137.026846,28.927890,26.868009,92.246831,102.994034,75.767785,-82.574348,42.272334,15.225205,67.617823,24.718568,24.091648,4.119761,223.900075
6.840000,1.046647,59.981078,-7.336099,1.050819,59.980473,-4.956813,1.036553,59.979716,-7.455564,1.012964,59.979043,-8.296422,1.013304,59.978788,-7.398738,1.015204,59.978678,-6.808003,1.005731,59.978929,-8.734307,1.004767,59.979042,-9.171912,1.030160,59.980473,-8.974347,1.023707,59.978508,-4.569669,1.019791,59.978567,-5.331179,1.009602,59.978582,-5.298157,1.021640,59.978595,-5.172380,1.020286,59.978802,-6.570623,1.025045,59.978844,-6.672018,1.039884,59.978830,-5.321057,1.041596,59.979208,-6.312791,1.038603,59.979409,-7.126239,1.054856,59.977986,-0.763172,0.996238,59.977635,-1.649856,1.039556,59.978786,-3.193103,1.054409,59.978696,0.749936,1.049855,59.978708,0.575508,1.044808,59.978830,-5.214771,1.059481,59.980335,-3.740952,1.059229,59.979746,-4.774753,1.046272,59.979513,-6.499975,1.057438,59.979690,-1.673167,1.056115,59.979680,0.771097,1.042441,59.981511,-2.850394,0.980350,59.977132,0.333329,0.981929,59.977759,2.609379,0.997752,59.977674,3.882407,1.014177,59.977126,2.955425,1.048844,59.978584,5.175072,1.062646,59.978572,7.581868,1.026914,59.980256,2.325021,1.028443,59.979687,7.050011,1.027227,59.981433,-8.773348,0.999699,0.999558,0.999604,0.999606,0.999598,0.999669,0.999679,0.999738,-43.406321,0.000000,4.866997,10.812160,2.842035,11.969079,19.090289,-39.163755,288.383297,447.800150,209.391350,467.503357,6.717002,286.592096,294.652499,141.504847,562.436988,245.394482,221.661074,276.382253,200.614467,124.488442,251.663684,184.493662,253.902685,8.239523,988.742731,2.149441,164.790455,75.230425,157.625653,78.812826,137.026846,28.927890,26.868009,92.246831,102.994034,75.767785,-82.574348,42.272334,15.225205,67.617823,24.718568,24.091648,4.119761,223.900075
6.860000,1.046699,59.981235,-7.318092,1.050908,59.980803,-4.942379,1.036641,59.979950,-7.447022,1.013066,59.979108,-8.293494,1.013410,59.978752,-7.398107,1.015311,59.978620,-6.808266,1.005835,59.978890,-8.732672,1.004869,59.979011,-9.169428,1.030218,59.980490,-8.961332,1.023814,59.978461,-4.571104,1.019898,59.978517,-5.332203,1.009710,59.978549,-5.298997,1.021746,59.978577,-5.173057,1.020389,59.978857,-6.569478,1.025139,59.979036,-6.669952,1.039972,59.979077,-5.318841,1.041678,59.979465,-6.307809,1.038688,59.979658,-7.119844,1.054922,59.978329,-0.766609,0.996283,59.978014,-1.655660,1.039650,59.979030,-3.191218,1.054507,59.978934,0.751145,1.049952,59.978946,0.576802,1.044898,59.979077,-5.212555,1.059544,59.980672,-3.727484,1.059274,59.980069,-4.765592,1.046333,59.979807,-6.492625,1.057441,59.980050,-1.664246,1.056105,59.980052,0.780003,1.042559,59.982028,-2.827631,0.980447,59.976757,0.320494,0.982024,59.977575,2.601929,0.997808,59.978058,3.876906,1.014195,59.977546,2.946138,1.048944,59.978815,5.175443,1.062740,59.978798,7.582127,1.026962,59.980616,2.338024,1.028406,59.980086,7.059088,1.027252,59.981481,-8.753276,0.999700,0.999534,0.999595,0.999615,0.999606,0.999676,0.999687,0.999759,-43.339906,0.000000,4.890048,10.839945,2.866379,12.023794,19.149617,-39.076144,288.383297,447.800150,209.391350,467.503357,6.717002,286.592096,294.652499,141.504847,562.436988,245.394482,221.661074,276.382253,200.614467,124.488442,251.663684,184.493662,253.902685,8.239523,988.742731,2.149441,164.790455,75.230425,157.625653,78.812826,137.026846,28.927890,26.868009,92.246831,102.994034,75.767785,-82.574348,42.272334,15.225205,67.617823,24.718568,24.091648,4.119761,223.900075
6.880000,1.046751,59.981384,-7.299954,1.050999,59.981122,-4.926582,1.036733,59.980187,-7.437748,1.013177,59.979194,-8.290969,1.013526,59.978745,-7.398570,1.015428,59.978593,-6.809770,1.005949,59.978879,-8.732159,1.004980,59.979006,-9.168016,1.030281,59.980515,-8.949125,1.023931,59.978446,-4.573701,1.020015,59.978499,-5.334408,1.009830,59.978546,-5.300907,1.021863,59.978589,-5.174694,1.020501,59.978936,-6.568795,1.025239,59.979245,-6.667392,1.040065,59.979341,-5.315735,1.041764,59.979732,-6.301894,1.038777,59.979914,-7.112590,1.054991,59.978697,-0.768425,0.996331,59.978422,-1.659569,1.039749,59.979291,-3.188464,1.054609,59.979190,0.753184,1.050053,59.979201,0.578924,1.044992,59.979341,-5.209450,1.059610,59.981000,-3.712591,1.059319,59.980392,-4.755071,1.046396,59.980105,-6.484106,1.057444,59.980409,-1.653701,1.056094,59.980423,0.790621,1.042678,59.982507,-2.802279,0.980559,59.976449,0.304289,0.982131,59.977435,2.592382,0.997868,59.978469,3.873331,1.014214,59.978002,2.939076,1.049048,59.979066,5.176602,1.062839,59.979043,7.583133,1.027013,59.980969,2.352624,1.028367,59.980484,7.070071,1.027277,59.981526,-8.733837,0.999700,0.999513,0.999586,0.999625,0.999616,0.999683,0.999695,0.999777,-43.263486,0.000000,4.919125,10.881621,2.904437,12.091449,19.222194,-38.970432,288.383297,447.800150,209.391350,467.503357,6.717002,286.592096,294.652499,141.504847,562.436988,245.394482,221.661074,276.382253,200.614467,124.488442,251.663684,184.493662,253.902685,8.239523,988.742731,2.149441,164.790455,75.230425,157.625653,78.812826,137.026846,28.927890,26.868009,92.246831,102.994034,75.767785,-82.574348,42.272334,15.225205,67.617823,24.718568,24.091648,4.119761,223.900075
6.900000,1.046803,59.981526,-7.281915,1.051090,59.981426,-4.909698,1.036828,59.980426,-7.427899,1.013294,59.979301,-8.288872,1.013651,59.978770,-7.400085,1.015555,59.978601,-6.812454,1.006072,59.978898,-8.732733,1.005101,59.979030,-9.167654,1.030347,59.980549,-8.937839,1.024058,59.978465,-4.577395,1.020142,59.978515,-5.337732,1.009959,59.978576,-5.303833,1.021988,59.978633,-5.177246,1.020620,59.979040,-6.568575,1.025342,59.979471,-6.664389,1.040161,59.979618,-5.311810,1.041852,59.980007,-6.295159,1.038868,59.980175,-7.104607,1.055063,59.979085,-0.768643,0.996380,59.978853,-1.661575,1.039851,59.979566,-3.184909,1.054715,59.979461,0.755992,1.050159,59.979472,0.581814,1.045089,59.979618,-5.205529,1.059677,59.981316,-3.696530,1.059365,59.980712,-4.743378,1.046461,59.980405,-6.474574,1.057446,59.980765,-1.641724,1.056082,59.980792,0.802757,1.042798,59.982940,-2.774825,0.980685,59.976214,0.285050,0.982247,59.977343,2.580900,0.997930,59.978901,3.871671,1.014235,59.978488,2.934294,1.049155,59.979334,5.178503,1.062943,59.979305,7.584842,1.027065,59.981310,2.368569,1.028328,59.980880,7.082771,1.027303,59.981567,-8.715234,0.999701,0.999494,0.999580,0.999635,0.999627,0.999690,0.999703,0.999793,-43.178304,0.000000,4.953555,10.936211,2.955484,12.170797,19.306821,-38.848756,288.383297,447.800150,209.391350,467.503357,6.717002,286.592096,294.652499,141.504847,562.436988,245.394482,221.661074,276.382253,200.614467,124.488442,251.663684,184.493662,253.902685,8.239523,988.742731,2.149441,164.790455,75.230425,157.625653,78.812826,137.026846,28.927890,26.868009,92.246831,102.994034,75.767785,-82.574348,42.272334,15.225205,67.617823,24.718568,24.091648,4.119761,223.900075
6.920000,1.046855,59.981659,-7.264212,1.051182,59.981711,-4.892025,1.036924,59.980664,-7.417646,1.013417,59.979430,-8.287221,1.013783,59.978827,-7.402593,1.015690,59.978644,-6.816239,1.006203,59.978949,-8.734345,1.005228,59.979083,-9.168305,1.030417,59.980594,-8.927577,1.024192,59.978520,-4.582106,1.020277,59.978567,-5.342097,1.010096,59.978640,-5.307706,1.022120,59.978709,-5.180653,1.020745,59.979169,-6.568809,1.025448,59.979712,-6.661004,1.040258,59.979907,-5.307154,1.041942,59.980288,-6.287732,1.038961,59.980440,-7.096040,1.055135,59.979488,-0.767311,0.996430,59.979303,-1.661706,1.039955,59.979853,-3.180636,1.054823,59.979745,0.759498,1.050266,59.979756,0.585398,1.045187,59.979905,-5.200880,1.059745,59.981617,-3.679576,1.059411,59.981026,-4.730721,1.046527,59.980703,-6.464202,1.057446,59.981114,-1.628528,1.056068,59.981153,0.816202,1.042916,59.983323,-2.745791,0.980821,59.976059,0.263164,0.982373,59.977304,2.567676,0.997994,59.979350,3.871884,1.014256,59.978998,2.931806,1.049264,59.979616,5.181084,1.063049,59.979582,7.587192,1.027118,59.981636,2.385590,1.028286,59.981269,7.096976,1.027330,59.981606,-8.697661,0.999701,0.999479,0.999574,0.999645,0.999638,0.999697,0.999711,0.999806,-43.085759,0.000000,4.992577,11.002518,3.018576,12.260404,19.402119,-38.713525,288.383297,447.800150,209.391350,467.503357,6.717002,286.592096,294.652499,141.504847,562.436988,245.394482,221.661074,276.382253,200.614467,124.488442,251.663684,184.493662,253.902685,8.239523,988.742731,2.149441,164.790455,75.230425,157.625653,78.812826,137.026846,28.927890,26.868009,92.246831,102.994034,75.767785,-82.574348,42.272334,15.225205,67.617823,24.718568,24.091648,4.119761,223.900075
6.940000,1.046905,59.981782,-7.247078,1.051273,59.981975,-4.873873,1.037022,59.980901,-7.407164,1.013544,59.979580,-8.286027,1.013922,59.978917,-7.406022,1.015830,59.978724,-6.821028,1.006339,59.979031,-8.736929,1.005361,59.979166,-9.169918,1.030489,59.980649,-8.918428,1.024332,59.978611,-4.587740,1.020417,59.978655,-5.347407,1.010238,59.978739,-5.312443,1.022258,59.978818,-5.184843,1.020875,59.979322,-6.569485,1.025556,59.979966,-6.657307,1.040356,59.980203,-5.301865,1.042032,59.980571,-6.279753,1.039054,59.980706,-7.087045,1.055207,59.979903,-0.764504,0.996479,59.979765,-1.660019,1.040059,59.980148,-3.175739,1.054932,59.980040,0.763616,1.050374,59.980050,0.589590,1.045286,59.980202,-5.195600,1.059813,59.981900,-3.662019,1.059456,59.981332,-4.717320,1.046592,59.980999,-6.453175,1.057444,59.981454,-1.614337,1.056052,59.981506,0.830730,1.043034,59.983651,-2.715724,0.980968,59.975988,0.239056,0.982505,59.977319,2.552932,0.998059,59.979809,3.873894,1.014276,59.979525,2.931587,1.049374,59.979911,5.184275,1.063156,59.979872,7.590116,1.027171,59.981945,2.403401,1.028241,59.981649,7.112462,1.027356,59.981642,-8.681306,0.999701,0.999468,0.999570,0.999656,0.999651,0.999704,0.999719,0.999817,-42.987374,0.000000,5.035361,11.079153,3.092571,12.358678,19.506547,-38.567368,288.383297,447.800150,209.391350,467.503357,6.717002,286.592096,294.652499,141.504847,562.436988,245.394482,221.661074,276.382253,200.614467,124.488442,251.663684,184.493662,253.902685,8.239523,988.742731,2.149441,164.790455,75.230425,157.625653,78.812826,137.026846,28.927890,26.868009,92.246831,102.994034,75.767785,-82.574348,42.272334,15.225205,67.617823,24.718568,24.091648,4.119761,223.900075
6.960000,1.046955,59.981894,-7.230744,1.051362,59.982216,-4.855561,1.037118,59.981134,-7.396635,1.013673,59.979751,-8.285299,1.014064,59.979041,-7.410286,1.015975,59.978841,-6.826715,1.006479,59.979147,-8.740408,1.005497,59.979281,-9.172431,1.030562,59.980715,-8.910474,1.024476,59.978740,-4.594188,1.020562,59.978780,-5.353555,1.010385,59.978873,-5.317950,1.022400,59.978961,-5.189736,1.021007,59.979500,-6.570583,1.025664,59.980231,-6.653371,1.040452,59.980505,-5.296053,1.042121,59.980855,-6.271370,1.039147,59.980970,-7.077781,1.055277,59.980323,-0.760323,0.996526,59.980236,-1.656602,1.040163,59.980450,-3.170323,1.055040,59.980342,0.768254,1.050481,59.980352,0.594296,1.045385,59.980503,-5.189800,1.059881,59.982162,-3.644156,1.059499,59.981627,-4.703405,1.046655,59.981288,-6.441688,1.057440,59.981783,-1.599388,1.056032,59.981846,0.846102,1.043149,59.983923,-2.685188,0.981122,59.976003,0.213182,0.982643,59.977391,2.536914,0.998123,59.980273,3.877599,1.014295,59.980063,2.933575,1.049483,59.980215,5.187992,1.063262,59.980172,7.593534,1.027225,59.982233,2.421702,1.028193,59.982017,7.128989,1.027383,59.981675,-8.666342,0.999701,0.999460,0.999568,0.999667,0.999663,0.999710,0.999726,0.999824,-42.884773,0.000000,5.081021,11.164563,3.176149,12.463897,19.618439,-38.413081,288.383297,447.800150,209.391350,467.503357,6.717002,286.592096,294.652499,141.504847,562.436988,245.394482,221.661074,276.382253,200.614467,124.488442,251.663684,184.493662,253.902685,8.239523,988.742731,2.149441,164.790455,75.230425,157.625653,78.812826,137.026846,28.927890,26.868009,92.246831,102.994034,75.767785,-82.574348,42.272334,15.225205,67.617823,24.718568,24.091648,4.119761,223.900075
6.980000,1.047002,59.981997,-7.215432,1.051449,59.982433,-4.837408,1.037214,59.981361,-7.386239,1.013803,59.979942,-8.285035,1.014208,59.979199,-7.415290,1.016122,59.978995,-6.833180,1.006621,59.979295,-8.744695,1.005635,59.979426,-9.175767,1.030636,59.980792,-8.903780,1.024623,59.978905,-4.601331,1.020709,59.978942,-5.360423,1.010533,59.979042,-5.324121,1.022543,59.979137,-5.195238,1.021140,59.979702,-6.572080,1.025770,59.980505,-6.649274,1.040547,59.980811,-5.289836,1.042207,59.981137,-6.262737,1.039237,59.981231,-7.068415,1.055346,59.980746,-0.754888,0.996571,59.980709,-1.651571,1.040264,59.980756,-3.164501,1.055145,59.980650,0.773307,1.050586,59.980658,0.599410,1.045481,59.980808,-5.183598,1.059949,59.982402,-3.626292,1.059540,59.981908,-4.689212,1.046717,59.981569,-6.429940,1.057431,59.982097,-1.583926,1.056009,59.982172,0.862074,1.043263,59.984135,-2.654751,0.981282,59.976106,0.186022,0.982785,59.977521,2.519885,0.998186,59.980738,3.882868,1.014312,59.980605,2.937672,1.049589,59.980526,5.192145,1.063367,59.980479,7.597358,1.027278,59.982498,2.440189,1.028142,59.982369,7.146311,1.027410,59.981707,-8.652932,0.999701,0.999456,0.999568,0.999677,0.999677,0.999716,0.999734,0.999829,-42.779649,0.000000,5.128638,11.257062,3.267842,12.574237,19.736029,-38.253578,288.383297,447.800150,209.391350,467.503357,6.717002,286.592096,294.652499,141.504847,562.436988,245.394482,221.661074,276.382253,200.614467,124.488442,251.663684,184.493662,253.902685,8.239523,988.742731,2.149441,164.790455,75.230425,157.625653,78.812826,137.026846,28.927890,26.868009,92.246831,102.994034,75.767785,-82.574348,42.272334,15.225205,67.617823,24.718568,24.091648,4.119761,223.900075
7.000000,1.047048,59.982088,-7.201356,1.051534,59.982624,-4.819733,1.037307,59.981582,-7.376156,1.013933,59.980152,-8.285232,1.014352,59.979390,-7.420931,1.016270,59.979186,-6.840292,1.006763,59.979476,-8.749691,1.005774,59.979601,-9.179845,1.030710,59.980881,-8.898400,1.024769,59.979107,-4.609040,1.020856,59.979141,-5.367882,1.010682,59.979245,-5.330842,1.022687,59.979345,-5.201249,1.021271,59.979926,-6.573946,1.025874,59.980785,-6.645097,1.040638,59.981116,-5.283340,1.042291,59.981415,-6.254012,1.039325,59.981487,-7.059114,1.055410,59.981166,-0.748340,0.996612,59.981179,-1.645067,1.040362,59.981063,-3.158392,1.055247,59.980960,0.778667,1.050687,59.980967,0.604824,1.045573,59.981114,-5.177119,1.060015,59.982618,-3.608728,1.059578,59.982175,-4.674980,1.046775,59.981840,-6.418135,1.057419,59.982394,-1.568197,1.055982,59.982481,0.878397,1.043374,59.984287,-2.624977,0.981445,59.976295,0.158069,0.982928,59.977708,2.502128,0.998246,59.981199,3.889545,1.014326,59.981145,2.943745,1.049691,59.980842,5.196636,1.063469,59.980791,7.601494,1.027330,59.982738,2.458553,1.028087,59.982705,7.164174,1.027436,59.981737,-8.641221,0.999701,0.999456,0.999569,0.999687,0.999690,0.999721,0.999740,0.999831,-42.673732,0.000000,5.177275,11.354867,3.366062,12.687803,19.857484,-38.091833,288.383297,447.800150,209.391350,467.503357,6.717002,286.592096,294.652499,141.504847,562.436988,245.394482,221.661074,276.382253,200.614467,124.488442,251.663684,184.493662,253.902685,8.239523,988.742731,2.149441,164.790455,75.230425,157.625653,78.812826,137.026846,28.927890,26.868009,92.246831,102.994034,75.767785,-82.574348,42.272334,15.225205,67.617823,24.718568,24.091648,4.119761,223.900075
7.020000,1.047092,59.982168,-7.188713,1.051615,59.982788,-4.802843,1.037397,59.981795,-7.366561,1.014059,59.980380,-8.285880,1.014494,59.979612,-7.427096,1.016416,59.979411,-6.847916,1.006903,59.979687,-8.755292,1.005911,59.979805,-9.184571,1.030783,59.980980,-8.894374,1.024914,59.979344,-4.617179,1.021002,59.979373,-5.375798,1.010829,59.979480,-5.337995,1.022828,59.979584,-5.207665,1.021401,59.980170,-6.576149,1.025973,59.981070,-6.640923,1.040724,59.981420,-5.276691,1.042370,59.981687,-6.245353,1.039408,59.981736,-7.050042,1.055470,59.981580,-0.740836,0.996650,59.981641,-1.637253,1.040455,59.981369,-3.152119,1.055344,59.981270,0.784220,1.050784,59.981276,0.610422,1.045661,59.981417,-5.170489,1.060079,59.982809,-3.591760,1.059612,59.982424,-4.660946,1.046829,59.982098,-6.406476,1.057402,59.982673,-1.552449,1.055951,59.982771,0.894820,1.043482,59.984381,-2.596413,0.981609,59.976569,0.129818,0.983072,59.977951,2.483931,0.998304,59.981650,3.897459,1.014336,59.981677,2.951633,1.049789,59.981158,5.201363,1.063566,59.981105,7.605844,1.027381,59.982952,2.476489,1.028028,59.983021,7.182324,1.027462,59.981767,-8.631336,0.999701,0.999460,0.999573,0.999697,0.999703,0.999726,0.999747,0.999830,-42.568763,0.000000,5.226000,11.456132,3.469131,12.802665,19.980938,-37.930823,288.383297,447.800150,209.391350,467.503357,6.717002,286.592096,294.652499,141.504847,562.436988,245.394482,221.661074,276.382253,200.614467,124.488442,251.663684,184.493662,253.902685,8.239523,988.742731,2.149441,164.790455,75.230425,157.625653,78.812826,137.026846,28.927890,26.868009,92.246831,102.994034,75.767785,-82.574348,42.272334,15.225205,67.617823,24.718568,24.091648,4.119761,223.900075
7.040000,1.047133,59.982238,-7.177682,1.051691,59.982926,-4.787034,1.037482,59.981998,-7.357620,1.014182,59.980623,-8.286962,1.014633,59.979864,-7.433672,1.016558,59.979670,-6.855913,1.007040,59.979927,-8.761385,1.006044,59.980037,-9.189847,1.030854,59.981091,-8.891727,1.025056,59.979613,-4.625611,1.021144,59.979639,-5.384033,1.010972,59.979747,-5.345454,1.022966,59.979851,-5.214376,1.021526,59.980434,-6.578650,1.026068,59.981357,-6.636832,1.040805,59.981719,-5.270019,1.042444,59.981951,-6.236916,1.039487,59.981976,-7.041360,1.055525,59.981982,-0.732546,0.996682,59.982090,-1.628310,1.040542,59.981670,-3.145807,1.055434,59.981578,0.789849,1.050875,59.981582,0.616088,1.045744,59.981716,-5.163838,1.060141,59.982975,-3.575673,1.059642,59.982656,-4.647340,1.046879,59.982344,-6.395158,1.057381,59.982932,-1.536927,1.055914,59.983041,0.911098,1.043587,59.984417,-2.569582,0.981772,59.976924,0.101764,0.983214,59.978250,2.465591,0.998357,59.982088,3.906417,1.014341,59.982195,2.961148,1.049880,59.981473,5.206220,1.063658,59.981418,7.610307,1.027431,59.983138,2.493696,1.027965,59.983315,7.200506,1.027487,59.981796,-8.623387,0.999701,0.999468,0.999578,0.999707,0.999716,0.999730,0.999753,0.999826,-42.466457,0.000000,5.273897,11.558980,3.575312,12.916889,20.104518,-37.773473,288.383297,447.800150,209.391350,467.503357,6.717002,286.592096,294.652499,141.504847,562.436988,245.394482,221.661074,276.382253,200.614467,124.488442,251.663684,184.493662,253.902685,8.239523,988.742731,2.149441,164.790455,75.230425,157.625653,78.812826,137.026846,28.927890,26.868009,92.246831,102.994034,75.767785,-82.574348,42.272334,15.225205,67.617823,24.718568,24.091648,4.119761,223.900075
7.060000,1.047172,59.982298,-7.168424,1.051763,59.983038,-4.772581,1.037563,59.982192,-7.349487,1.014300,59.980881,-8.288457,1.014767,59.980144,-7.440539,1.016695,59.979959,-6.864141,1.007172,59.980194,-8.767858,1.006172,59.980294,-9.195573,1.030922,59.981211,-8.890471,1.025193,59.979914,-4.634194,1.021281,59.979936,-5.392446,1.011110,59.980043,-5.353094,1.023099,59.980146,-5.221269,1.021646,59.980714,-6.581410,1.026155,59.981644,-6.632905,1.040879,59.982012,-5.263453,1.042512,59.982205,-6.228852,1.039560,59.982207,-7.033221,1.055574,59.982371,-0.723648,0.996708,59.982523,-1.618436,1.040622,59.981966,-3.139580,1.055518,59.981880,0.795438,1.050958,59.981883,0.621705,1.045819,59.982009,-5.157294,1.060200,59.983116,-3.560738,1.059667,59.982868,-4.634383,1.046923,59.982574,-6.384374,1.057354,59.983170,-1.521865,1.055873,59.983289,0.926989,1.043689,59.984398,-2.544970,0.981933,59.977356,0.074383,0.983352,59.978600,2.447403,0.998406,59.982508,3.916217,1.014342,59.982694,2.972076,1.049963,59.981785,5.211099,1.063744,59.981728,7.614780,1.027478,59.983296,2.509886,1.027897,59.983586,7.218472,1.027511,59.981825,-8.617460,0.999701,0.999480,0.999584,0.999716,0.999729,0.999734,0.999759,0.999820,-42.368478,0.000000,5.320091,11.661544,3.682841,13.028567,20.226385,-37.622606,288.383297,447.800150,209.391350,467.503357,6.717002,286.592096,294.652499,141.504847,562.436988,245.394482,221.661074,276.382253,200.614467,124.488442,251.663684,184.493662,253.902685,8.239523,988.742731,2.149441,164.790455,75.230425,157.625653,78.812826,137.026846,28.927890,26.868009,92.246831,102.994034,75.767785,-82.574348,42.272334,15.225205,67.617823,24.718568,24.091648,4.119761,223.900075
7.080000,1.047208,59.982349,-7.161077,1.051831,59.983125,-4.759737,1.037637,59.982376,-7.342304,1.014410,59.981151,-8.290341,1.014894,59.980448,-7.447579,1.016826,59.980276,-6.872459,1.007298,59.980486,-8.774594,1.006294,59.980574,-9.201643,1.030987,59.981341,-8.890603,1.025323,59.980242,-4.642787,1.021411,59.980260,-5.400899,1.011242,59.980364,-5.360790,1.023225,59.980464,-5.228232,1.021758,59.981008,-6.584386,1.026236,59.981929,-6.629218,1.040946,59.982296,-5.257116,1.042574,59.982449,-6.221305,1.039627,59.982427,-7.025769,1.055616,59.982742,-0.714328,0.996728,59.982935,-1.607836,1.040694,59.982253,-3.133559,1.055593,59.982175,0.800875,1.051034,59.982177,0.627159,1.045888,59.982292,-5.150981,1.060256,59.983231,-3.547204,1.059687,59.983061,-4.622286,1.046961,59.982788,-6.374303,1.057322,59.983386,-1.507489,1.055826,59.983514,0.942264,1.043788,59.984329,-2.523022,0.982088,59.977858,0.048133,0.983485,59.978998,2.429656,0.998450,59.982907,3.926649,1.014338,59.983168,2.984189,1.050039,59.982090,5.215893,1.063821,59.982032,7.619161,1.027524,59.983426,2.524785,1.027824,59.983832,7.235982,1.027535,59.981854,-8.613622,0.999700,0.999495,0.999593,0.999724,0.999741,0.999737,0.999764,0.999811,-42.276406,0.000000,5.363760,11.761998,3.789960,13.135856,20.344757,-37.480885,288.383297,447.800150,209.391350,467.503357,6.717002,286.592096,294.652499,141.504847,562.436988,245.394482,221.661074,276.382253,200.614467,124.488442,251.663684,184.493662,253.902685,8.239523,988.742731,2.149441,164.790455,75.230425,157.625653,78.812826,137.026846,28.927890,26.868009,92.246831,102.994034,75.767785,-82.574348,42.272334,15.225205,67.617823,24.718568,24.091648,4.119761,223.900075
7.100000,1.047241,59.982391,-7.155752,1.051893,59.983187,-4.748726,1.037706,59.982548,-7.336196,1.014513,59.981430,-8.292584,1.015013,59.980774,-7.454676,1.016949,59.980617,-6.880731,1.007415,59.980799,-8.781479,1.006409,59.980874,-9.207953,1.031048,59.981480,-8.892107,1.025445,59.980594,-4.651254,1.021534,59.980608,-5.409254,1.011364,59.980707,-5.368418,1.023343,59.980803,-5.235157,1.021863,59.981314,-6.587535,1.026308,59.982210,-6.625843,1.041005,59.982569,-5.251130,1.042628,59.982680,-6.214408,1.039686,59.982635,-7.019133,1.055651,59.983093,-0.704773,0.996742,59.983322,-1.596726,1.040757,59.982531,-3.127861,1.055660,59.982461,0.806047,1.051101,59.982461,0.632340,1.045948,59.982566,-5.145020,1.060309,59.983322,-3.535299,1.059702,59.983233,-4.611240,1.046994,59.982985,-6.365112,1.057285,59.983579,-1.494010,1.055774,59.983715,0.956705,1.043882,59.984213,-2.504131,0.982236,59.978423,0.023439,0.983612,59.979441,2.412632,0.998488,59.983281,3.937498,1.014328,59.983613,2.997240,1.050105,59.982386,5.220500,1.063891,59.982329,7.623353,1.027567,59.983527,2.538139,1.027747,59.984053,7.252804,1.027557,59.981884,-8.611916,0.999700,0.999514,0.999603,0.999732,0.999753,0.999739,0.999769,0.999800,-42.191715,0.000000,5.404147,11.858587,3.894950,13.236999,20.457939,-37.350775,288.383297,447.800150,209.391350,467.503357,6.717002,286.592096,294.652499,141.504847,562.436988,245.394482,221.661074,276.382253,200.614467,124.488442,251.663684,184.493662,253.902685,8.239523,988.742731,2.149441,164.790455,75.230425,157.625653,78.812826,137.026846,28.927890,26.868009,92.246831,102.994034,75.767785,-82.574348,42.272334,15.225205,67.617823,24.718568,24.091648,4.119761,223.900075
7.120000,1.047271,59.982425,-7.152537,1.051949,59.983227,-4.739739,1.037768,59.982710,-7.331271,1.014607,59.981717,-8.295153,1.015123,59.981118,-7.461718,1.017062,59.980979,-6.888824,1.007524,59.981130,-8.788402,1.006514,59.981191,-9.214398,1.031104,59.981626,-8.894953,1.025557,59.980967,-4.659463,1.021646,59.980977,-5.417381,1.011477,59.981069,-5.375861,1.023451,59.981159,-5.241936,1.021958,59.981630,-6.590811,1.026372,59.982485,-6.622847,1.041055,59.982830,-5.245606,1.042674,59.982897,-6.208284,1.039739,59.982830,-7.013432,1.055679,59.983421,-0.695170,0.996749,59.983682,-1.585324,1.040812,59.982796,-3.122594,1.055717,59.982735,0.810851,1.051159,59.982734,0.637144,1.045999,59.982826,-5.139521,1.060359,59.983389,-3.525220,1.059711,59.983385,-4.601421,1.047019,59.983166,-6.356951,1.057242,59.983748,-1.481623,1.055717,59.983892,0.970112,1.043974,59.984057,-2.488631,0.982376,59.979043,0.000694,0.983730,59.979922,2.396595,0.998519,59.983629,3.948549,1.014313,59.984025,3.010974,1.050162,59.982672,5.224819,1.063951,59.982615,7.627259,1.027607,59.983600,2.549720,1.027665,59.984248,7.268724,1.027578,59.981916,-8.612362,0.999700,0.999535,0.999614,0.999738,0.999764,0.999741,0.999773,0.999787,-42.115742,0.000000,5.440578,11.949665,3.996157,13.330365,20.564354,-37.234492,288.383297,447.800150,209.391350,467.503357,6.717002,286.592096,294.652499,141.504847,562.436988,245.394482,221.661074,276.382253,200.614467,124.488442,251.663684,184.493662,253.902685,8.239523,988.742731,2.149441,164.790455,75.230425,157.625653,78.812826,137.026846,28.927890,26.868009,92.246831,102.994034,75.767785,-82.574348,42.272334,15.225205,67.617823,24.718568,24.091648,4.119761,223.900075
7.140000,1.047299,59.982452,-7.151489,1.052001,59.983248,-4.732936,1.037823,59.982860,-7.327614,1.014692,59.982009,-8.298013,1.015222,59.981477,-7.468596,1.017164,59.981358,-6.896616,1.007622,59.981476,-8.795254,1.006609,59.981521,-9.220880,1.031155,59.981779,-8.899098,1.025659,59.981357,-4.667290,1.021748,59.981362,-5.425157,1.011579,59.981447,-5.383005,1.023548,59.981529,-5.248468,1.022043,59.981951,-6.594170,1.026426,59.982751,-6.620289,1.041097,59.983077,-5.240646,1.042713,59.983100,-6.203039,1.039783,59.983012,-7.008764,1.055698,59.983723,-0.685702,0.996749,59.984012,-1.573845,1.040857,59.983047,-3.117859,1.055764,59.982996,0.815191,1.051207,59.982994,0.641473,1.046041,59.983073,-5.134587,1.060405,59.983435,-3.517135,1.059715,59.983517,-4.592981,1.047039,59.983328,-6.349953,1.057194,59.983894,-1.470503,1.055654,59.984045,0.982302,1.044061,59.983867,-2.476792,0.982506,59.979709,-0.019757,0.983839,59.980436,2.381793,0.998544,59.983947,3.959590,1.014292,59.984401,3.025133,1.050209,59.982945,5.228758,1.064002,59.982889,7.630793,1.027645,59.983646,2.559326,1.027579,59.984415,7.283541,1.027598,59.981949,-8.614954,0.999700,0.999559,0.999627,0.999745,0.999774,0.999742,0.999776,0.999772,-42.049671,0.000000,5.472471,12.033716,4.092023,13.414466,20.662561,-37.133968,288.383297,447.800150,209.391350,467.503357,6.717002,286.592096,294.652499,141.504847,562.436988,245.394482,221.661074,276.382253,200.614467,124.488442,251.663684,184.493662,253.902685,8.239523,988.742731,2.149441,164.790455,75.230425,157.625653,78.812826,137.026846,28.927890,26.868009,92.246831,102.994034,75.767785,-82.574348,42.272334,15.225205,67.617823,24.718568,24.091648,4.119761,223.900075
7.160000,1.047323,59.982474,-7.152636,1.052046,59.983250,-4.728435,1.037870,59.982999,-7.325294,1.014766,59.982304,-8.301125,1.015309,59.981846,-7.475211,1.017255,59.981748,-6.903992,1.007708,59.981832,-8.801936,1.006693,59.981862,-9.227303,1.031201,59.981936,-8.904488,1.025749,59.981759,-4.674623,1.021838,59.981760,-5.432469,1.011669,59.981835,-5.389749,1.023634,59.981908,-5.254660,1.022117,59.982275,-6.597568,1.026470,59.983008,-6.618221,1.041129,59.983309,-5.236344,1.042743,59.983288,-6.198765,1.039820,59.983181,-7.005212,1.055709,59.983999,-0.676544,0.996742,59.984310,-1.562504,1.040892,59.983284,-3.113747,1.055801,59.983243,0.818978,1.051245,59.983240,0.645242,1.046074,59.983305,-5.130310,1.060447,59.983461,-3.511179,1.059713,59.983629,-4.586049,1.047051,59.983473,-6.344230,1.057140,59.984017,-1.460803,1.055586,59.984173,0.993114,1.044146,59.983650,-2.468817,0.982624,59.980411,-0.037611,0.983937,59.980976,2.368446,0.998562,59.984235,3.970417,1.014264,59.984738,3.039456,1.050246,59.983204,5.232232,1.064043,59.983150,7.633874,1.027681,59.983668,2.566786,1.027489,59.984556,7.297075,1.027616,59.981984,-8.619667,0.999700,0.999585,0.999641,0.999750,0.999783,0.999742,0.999779,0.999757,-41.994509,0.000000,5.499341,12.109383,4.181114,13.487989,20.751283,-37.050819,288.383297,447.800150,209.391350,467.503357,6.717002,286.592096,294.652499,141.504847,562.436988,245.394482,221.661074,276.382253,200.614467,124.488442,251.663684,184.493662,253.902685,8.239523,988.742731,2.149441,164.790455,75.230425,157.625653,78.812826,137.026846,28.927890,26.868009,92.246831,102.994034,75.767785,-82.574348,42.272334,15.225205,67.617823,24.718568,24.091648,4.119761,223.900075
7.180000,1.047345,59.982492,-7.155979,1.052087,59.983238,-4.726319,1.037911,59.983127,-7.324355,1.014829,59.982598,-8.304451,1.015385,59.982221,-7.481471,1.017333,59.982147,-6.910852,1.007783,59.982195,-8.808353,1.006766,59.982208,-9.233577,1.031241,59.982098,-8.911056,1.025826,59.982168,-4.681358,1.021916,59.982165,-5.439216,1.011747,59.982230,-5.395999,1.023708,59.982293,-5.260428,1.022179,59.982600,-6.600963,1.026504,59.983254,-6.616686,1.041152,59.983525,-5.232777,1.042765,59.983461,-6.195539,1.039849,59.983336,-7.002840,1.055713,59.984246,-0.667860,0.996728,59.984574,-1.551504,1.040917,59.983505,-3.110335,1.055828,59.983474,0.822137,1.051272,59.983469,0.648375,1.046098,59.983521,-5.126769,1.060486,59.983469,-3.507451,1.059706,59.983722,-4.580730,1.047057,59.983601,-6.339873,1.057082,59.984117,-1.452653,1.055514,59.984278,1.002407,1.044227,59.983412,-2.464838,0.982730,59.981139,-0.052623,0.984023,59.981537,2.356752,0.998574,59.984490,3.980837,1.014231,59.985034,3.053688,1.050272,59.983447,5.235166,1.064075,59.983395,7.636431,1.027713,59.983666,2.571963,1.027394,59.984669,7.309166,1.027633,59.982022,-8.626449,0.999700,0.999613,0.999657,0.999754,0.999791,0.999742,0.999781,0.999740,-41.951072,0.000000,5.520814,12.175489,4.262142,13.549813,20.829422,-36.986322,288.383297,447.800150,209.391350,467.503357,6.717002,286.592096,294.652499,141.504847,562.436988,245.394482,221.661074,276.382253,200.614467,124.488442,251.663684,184.493662,253.902685,8.239523,988.742731,2.149441,164.790455,75.230425,157.625653,78.812826,137.026846,28.927890,26.868009,92.246831,102.994034,75.767785,-82.574348,42.272334,15.225205,67.617823,24.718568,24.091648,4.119761,223.900075
7.200000,1.047364,59.982506,-7.161487,1.052122,59.983213,-4.726628,1.037944,59.983245,-7.324817,1.014880,59.982889,-8.307951,1.015448,59.982598,-7.487298,1.017398,59.982548,-6.917106,1.007845,59.982560,-8.814424,1.006826,59.982557,-9.239622,1.031275,59.982263,-8.918725,1.025891,59.982581,-4.687407,1.021981,59.982573,-5.445309,1.011811,59.982627,-5.401674,1.023769,59.982679,-5.265696,1.022230,59.982921,-6.604314,1.026528,59.983487,-6.615717,1.041165,59.983723,-5.230012,1.042779,59.983619,-6.193415,1.039870,59.983478,-7.001691,1.055708,59.984465,-0.659802,0.996706,59.984803,-1.541037,1.040932,59.983709,-3.107688,1.055845,59.983687,0.824603,1.051290,59.983682,0.650807,1.046112,59.983720,-5.124029,1.060521,59.983462,-3.506013,1.059693,59.983797,-4.577101,1.047056,59.983713,-6.336948,1.057019,59.984196,-1.446158,1.055438,59.984359,1.010069,1.044306,59.983161,-2.464913,0.982822,59.981882,-0.064598,0.984097,59.982110,2.346875,0.998578,59.984713,3.990671,1.014193,59.985287,3.067581,1.050288,59.983673,5.237495,1.064096,59.983625,7.638403,1.027743,59.983645,2.574759,1.027297,59.984756,7.319677,1.027649,59.982062,-8.635227,0.999700,0.999642,0.999672,0.999758,0.999797,0.999741,0.999783,0.999723,-41.919974,0.000000,5.536625,12.231056,4.333985,13.599027,20.896074,-36.941392,288.383297,447.800150,209.391350,467.503357,6.717002,286.592096,294.652499,141.504847,562.436988,245.394482,221.661074,276.382253,200.614467,124.488442,251.663684,184.493662,253.902685,8.239523,988.742731,2.149441,164.790455,75.230425,157.625653,78.812826,137.026846,28.927890,26.868009,92.246831,102.994034,75.767785,-82.574348,42.272334,15.225205,67.617823,24.718568,24.091648,4.119761,223.900075
7.220000,1.047380,59.982520,-7.169101,1.052153,59.983179,-4.729362,1.037970,59.983353,-7.326680,1.014921,59.983174,-8.311584,1.015497,59.982973,-7.492622,1.017450,59.982948,-6.922681,1.007895,59.982923,-8.820077,1.006874,59.982904,-9.245366,1.031303,59.982428,-8.927411,1.025942,59.982992,-4.692696,1.022032,59.982979,-5.450675,1.011861,59.983021,-5.406705,1.023816,59.983062,-5.270401,1.022268,59.983235,-6.607586,1.026543,59.983705,-6.615341,1.041170,59.983904,-5.228100,1.042784,59.983761,-6.192433,1.039883,59.983606,-7.001787,1.055696,59.984654,-0.652508,0.996679,59.984997,-1.531282,1.040938,59.983895,-3.105858,1.055851,59.983884,0.826325,1.051297,59.983878,0.652488,1.046117,59.983901,-5.122141,1.060552,59.983443,-3.506888,1.059676,59.983856,-4.575210,1.047049,59.983808,-6.335501,1.056951,59.984254,-1.441395,1.055358,59.984418,1.016009,1.044382,59.982905,-2.469025,0.982900,59.982630,-0.073403,0.984158,59.982688,2.338947,0.998576,59.984903,3.999755,1.014148,59.985498,3.080900,1.050293,59.983881,5.239165,1.064107,59.983836,7.639742,1.027771,59.983605,2.575111,1.027196,59.984818,7.328492,1.027663,59.982106,-8.645906,0.999700,0.999672,0.999689,0.999761,0.999803,0.999740,0.999784,0.999706,-41.901616,0.000000,5.546623,12.275314,4.395705,13.634948,20.950541,-36.916572,288.383297,447.800150,209.391350,467.503357,6.717002,286.592096,294.652499,141.504847,562.436988,245.394482,221.661074,276.382253,200.614467,124.488442,251.663684,184.493662,253.902685,8.239523,988.742731,2.149441,164.790455,75.230425,157.625653,78.812826,137.026846,28.927890,26.868009,92.246831,102.994034,75.767785,-82.574348,42.272334,15.225205,67.617823,24.718568,24.091648,4.119761,223.900075
7.240000,1.047395,59.982533,-7.178734,1.052179,59.983140,-4.734480,1.037989,59.983452,-7.329920,1.014949,59.983452,-8.315310,1.015534,59.983342,-7.497386,1.017488,59.983341,-6.927517,1.007931,59.983281,-8.825249,1.006909,59.983246,-9.250747,1.031325,59.982593,-8.937020,1.025979,59.983396,-4.697166,1.022069,59.983379,-5.455255,1.011898,59.983409,-5.411037,1.023851,59.983438,-5.274493,1.022294,59.983541,-6.610744,1.026547,59.983909,-6.615572,1.041166,59.984068,-5.227077,1.042782,59.983887,-6.192611,1.039889,59.983721,-7.003132,1.055676,59.984814,-0.646097,0.996645,59.985157,-1.522399,1.040934,59.984063,-3.104881,1.055848,59.984062,0.827265,1.051295,59.984055,0.653380,1.046113,59.984065,-5.121142,1.060580,59.983413,-3.510062,1.059654,59.983899,-4.575081,1.047036,59.983888,-6.335549,1.056881,59.984293,-1.438417,1.055274,59.984456,1.020164,1.044456,59.982651,-2.477089,0.982963,59.983371,-0.078961,0.984205,59.983265,2.333065,0.998567,59.985060,4.007947,1.014099,59.985665,3.093429,1.050289,59.984071,5.240137,1.064109,59.984030,7.640409,1.027796,59.983551,2.572998,1.027093,59.984855,7.335525,1.027675,59.982153,-8.658369,0.999700,0.999702,0.999705,0.999763,0.999807,0.999738,0.999784,0.999690,-41.896183,0.000000,5.550771,12.307718,4.446564,13.657127,20.992340,-36.912027,288.383297,447.800150,209.391350,467.503357,6.717002,286.592096,294.652499,141.504847,562.436988,245.394482,221.661074,276.382253,200.614467,124.488442,251.663684,184.493662,253.902685,8.239523,988.742731,2.149441,164.790455,75.230425,157.625653,78.812826,137.026846,28.927890,26.868009,92.246831,102.994035,75.767785,-82.574348,42.272334,15.225205,67.617823,24.718568,24.091648,4.119761,223.900075
7.260000,1.047407,59.982547,-7.190272,1.052201,59.983098,-4.741903,1.038001,59.983543,-7.334491,1.014967,59.983718,-8.319091,1.015557,59.983699,-7.501548,1.017513,59.983723,-6.931575,1.007954,59.983629,-8.829894,1.006932,59.983578,-9.255714,1.031340,59.982757,-8.947449,1.026002,59.983789,-4.700776,1.022093,59.983768,-5.459009,1.011921,59.983785,-5.414632,1.023871,59.983802,-5.277933,1.022308,59.983834,-6.613760,1.026542,59.984096,-6.616415,1.041153,59.984213,-5.226965,1.042773,59.983999,-6.193949,1.039888,59.983824,-7.005707,1.055650,59.984945,-0.640669,0.996605,59.985281,-1.514530,1.040921,59.984213,-3.104779,1.055836,59.984221,0.827399,1.051284,59.984214,0.653461,1.046101,59.984210,-5.121051,1.060605,59.983377,-3.515484,1.059627,59.983929,-4.576704,1.047017,59.983954,-6.337089,1.056807,59.984313,-1.437247,1.055188,59.984474,1.022500,1.044528,59.982407,-2.488944,0.983011,59.984095,-0.081257,0.984239,59.983832,2.329291,0.998553,59.985186,4.015123,1.014045,59.985791,3.104968,1.050275,59.984241,5.240384,1.064101,59.984205,7.640381,1.027819,59.983486,2.568438,1.026989,59.984868,7.340711,1.027686,59.982203,-8.672484,0.999700,0.999732,0.999722,0.999765,0.999810,0.999735,0.999784,0.999674,-41.903640,0.000000,5.549143,12.327948,4.486032,13.665357,21.021207,-36.927550,288.383297,447.800150,209.391350,467.503357,6.717002,286.592096,294.652499,141.504847,562.436988,245.394482,221.661074,276.382253,200.614467,124.488442,251.663684,184.493662,253.902685,8.239523,988.742731,2.149441,164.790455,75.230425,157.625653,78.812826,137.026846,28.927890,26.868009,92.246831,102.994035,75.767785,-82.574348,42.272334,15.225205,67.617823,24.718568,24.091648,4.119761,223.900075
7.280000,1.047417,59.982565,-7.203575,1.052219,59.983056,-4.751510,1.038008,59.983626,-7.340325,1.014973,59.983972,-8.322889,1.015567,59.984043,-7.505078,1.017524,59.984090,-6.934827,1.007964,59.983962,-8.833976,1.006941,59.983897,-9.260228,1.031349,59.982918,-8.958594,1.026012,59.984167,-4.703502,1.022103,59.984141,-5.461911,1.011930,59.984146,-5.417465,1.023879,59.984151,-5.280697,1.022311,59.984113,-6.616608,1.026528,59.984267,-6.617864,1.041132,59.984340,-5.227767,1.042757,59.984097,-6.196427,1.039879,59.983916,-7.009473,1.055617,59.985048,-0.636305,0.996560,59.985373,-1.507793,1.040900,59.984346,-3.105558,1.055814,59.984362,0.826717,1.051263,59.984354,0.652723,1.046080,59.984338,-5.121873,1.060627,59.983338,-3.523063,1.059598,59.983947,-4.580047,1.046994,59.984008,-6.340092,1.056732,59.984318,-1.437882,1.055101,59.984475,1.023007,1.044599,59.982180,-2.504365,0.983043,59.984793,-0.080333,0.984258,59.984382,2.327645,0.998532,59.985280,4.021181,1.013987,59.985875,3.115343,1.050252,59.984392,5.239891,1.064084,59.984361,7.639647,1.027840,59.983413,2.561492,1.026884,59.984860,7.344015,1.027696,59.982258,-8.688098,0.999701,0.999761,0.999738,0.999766,0.999812,0.999732,0.999783,0.999658,-41.923740,0.000000,5.541923,12.335912,4.513793,13.659675,21.037094,-36.962565,288.383297,447.800150,209.391350,467.503357,6.717002,286.592096,294.652499,141.504847,562.436988,245.394482,221.661074,276.382253,200.614467,124.488442,251.663684,184.493662,253.902685,8.239523,988.742731,2.149441,164.790455,75.230425,157.625653,78.812826,137.026846,28.927890,26.868009,92.246831,102.994035,75.767785,-82.574348,42.272334,15.225205,67.617823,24.718568,24.091648,4.119761,223.900075
7.300000,1.047425,59.982586,-7.218480,1.052234,59.983017,-4.763147,1.038008,59.983702,-7.347336,1.014968,59.984211,-8.326670,1.015564,59.984367,-7.507962,1.017521,59.984437,-6.937266,1.007961,59.984279,-8.837475,1.006939,59.984200,-9.264259,1.031353,59.983074,-8.970342,1.026009,59.984525,-4.705337,1.022100,59.984495,-5.463955,1.011926,59.984488,-5.419526,1.023874,59.984481,-5.282775,1.022302,59.984374,-6.619270,1.026505,59.984420,-6.619906,1.041104,59.984450,-5.229474,1.042734,59.984181,-6.200005,1.039865,59.983996,-7.014374,1.055578,59.985124,-0.633064,0.996510,59.985433,-1.502284,1.040871,59.984460,-3.107208,1.055784,59.984485,0.825226,1.051235,59.984476,0.651171,1.046052,59.984448,-5.123597,1.060645,59.983297,-3.532676,1.059565,59.983956,-4.585045,1.046965,59.984050,-6.344504,1.056654,59.984308,-1.440291,1.055012,59.984460,1.021704,1.044668,59.981976,-2.523066,0.983060,59.985454,-0.076288,0.984265,59.984908,2.328113,0.998506,59.985345,4.026046,1.013925,59.985920,3.124406,1.050222,59.984524,5.238658,1.064059,59.984498,7.638208,1.027858,59.983336,2.552258,1.026778,59.984831,7.345425,1.027705,59.982316,-8.705044,0.999701,0.999789,0.999755,0.999766,0.999813,0.999729,0.999782,0.999645,-41.956025,0.000000,5.529391,12.331743,4.529749,13.640361,21.040172,-37.016149,288.383297,447.800150,209.391350,467.503357,6.717002,286.592096,294.652499,141.504847,562.436988,245.394482,221.661074,276.382253,200.614467,124.488442,251.663684,184.493662,253.902685,8.239523,988.742731,2.149441,164.790455,75.230425,157.625653,78.812826,137.026846,28.927890,26.868009,92.246831,102.994035,75.767785,-82.574348,42.272334,15.225205,67.617823,24.718568,24.091648,4.119761,223.900075
7.320000,1.047432,59.982612,-7.234803,1.052246,59.982985,-4.776629,1.038003,59.983772,-7.355418,1.014953,59.984432,-8.330402,1.015549,59.984670,-7.510197,1.017506,59.984761,-6.938899,1.007947,59.984574,-8.840380,1.006925,59.984482,-9.267793,1.031350,59.983225,-8.982580,1.025993,59.984860,-4.706291,1.022084,59.984825,-5.465148,1.011909,59.984806,-5.420822,1.023856,59.984788,-5.284170,1.022282,59.984616,-6.621730,1.026475,59.984556,-6.622517,1.041070,59.984543,-5.232059,1.042706,59.984252,-6.204630,1.039846,59.984067,-7.020335,1.055534,59.985175,-0.630984,0.996455,59.985462,-1.498075,1.040835,59.984557,-3.109707,1.055747,59.984590,0.822943,1.051198,59.984581,0.648826,1.046018,59.984541,-5.126199,1.060662,59.983259,-3.544166,1.059529,59.983956,-4.591613,1.046933,59.984082,-6.350253,1.056576,59.984286,-1.444418,1.054923,59.984430,1.018634,1.044737,59.981800,-2.544704,0.983062,59.986070,-0.069277,0.984257,59.985403,2.330644,0.998475,59.985383,4.029662,1.013860,59.985928,3.132033,1.050183,59.984638,5.236698,1.064027,59.984616,7.636078,1.027875,59.983259,2.540873,1.026673,59.984785,7.344958,1.027712,59.982379,-8.723141,0.999702,0.999816,0.999770,0.999766,0.999812,0.999726,0.999780,0.999633,-41.999839,0.000000,5.511926,12.315793,4.534015,13.607930,21.030819,-37.087050,288.383297,447.800150,209.391350,467.503357,6.717002,286.592096,294.652499,141.504847,562.436988,245.394482,221.661074,276.382253,200.614467,124.488442,251.663684,184.493662,253.902685,8.239523,988.742731,2.149441,164.790455,75.230425,157.625653,78.812826,137.026846,28.927890,26.868009,92.246831,102.994035,75.767785,-82.574348,42.272334,15.225205,67.617823,24.718568,24.091648,4.119761,223.900075
7.340000,1.047438,59.982644,-7.252343,1.052256,59.982961,-4.791737,1.037993,59.983837,-7.364450,1.014929,59.984635,-8.334055,1.015522,59.984948,-7.511796,1.017479,59.985059,-6.939751,1.007920,59.984846,-8.842697,1.006899,59.984742,-9.270823,1.031342,59.983370,-8.995191,1.025964,59.985167,-4.706391,1.022056,59.985128,-5.465517,1.011879,59.985099,-5.421372,1.023827,59.985070,-5.284897,1.022252,59.984836,-6.623978,1.026437,59.984673,-6.625664,1.041030,59.984620,-5.235483,1.042673,59.984312,-6.210227,1.039821,59.984128,-7.027263,1.055485,59.985201,-0.630081,0.996398,59.985464,-1.495212,1.040792,59.984637,-3.113016,1.055703,59.984677,0.819903,1.051156,59.984668,0.645720,1.045977,59.984618,-5.129636,1.060675,59.983225,-3.557344,1.059491,59.983951,-4.599638,1.046898,59.984105,-6.357242,1.056498,59.984255,-1.450181,1.054835,59.984389,1.013868,1.044806,59.981659,-2.568887,0.983049,59.986631,-0.059503,0.984237,59.985862,2.335148,0.998439,59.985395,4.031999,1.013792,59.985903,3.138133,1.050138,59.984732,5.234037,1.063987,59.984716,7.633284,1.027890,59.983184,2.527511,1.026570,59.984723,7.342655,1.027718,59.982446,-8.742199,0.999702,0.999840,0.999785,0.999765,0.999811,0.999723,0.999778,0.999623,-42.054340,0.000000,5.489987,12.288619,4.526918,13.563123,21.009612,-37.173717,288.383297,447.800150,209.391350,467.503357,6.717002,286.592096,294.652499,141.504847,562.436988,245.394482,221.661074,276.382253,200.614467,124.488442,251.663684,184.493662,253.902685,8.239523,988.742731,2.149441,164.790455,75.230425,157.625653,78.812826,137.026846,28.927890,26.868009,92.246831,102.994035,75.767785,-82.574348,42.272334,15.225205,67.617823,24.718568,24.091648,4.119761,223.900075
7.360000,1.047443,59.982684,-7.270883,1.052265,59.982949,-4.808229,1.037980,59.983899,-7.374294,1.014896,59.984817,-8.337602,1.015484,59.985198,-7.512781,1.017441,59.985326,-6.939859,1.007884,59.985091,-8.844441,1.006864,59.984978,-9.273356,1.031330,59.983507,-9.008058,1.025925,59.985443,-4.705680,1.022017,59.985401,-5.465103,1.011839,59.985362,-5.421214,1.023788,59.985324,-5.284985,1.022212,59.985033,-6.626010,1.026394,59.984774,-6.629307,1.040984,59.984680,-5.239692,1.042635,59.984361,-6.216708,1.039792,59.984181,-7.035051,1.055432,59.985206,-0.630349,0.996337,59.985440,-1.493716,1.040744,59.984701,-3.117084,1.055653,59.984747,0.816149,1.051107,59.984738,0.641901,1.045931,59.984679,-5.133856,1.060687,59.983199,-3.571996,1.059453,59.983941,-4.608986,1.046860,59.984122,-6.365356,1.056421,59.984215,-1.457475,1.054748,59.984339,1.007497,1.044874,59.981556,-2.595180,0.983023,59.987133,-0.047217,0.984205,59.986279,2.341503,0.998400,59.985384,4.033052,1.013722,59.985846,3.142642,1.050087,59.984809,5.230712,1.063941,59.984798,7.629864,1.027904,59.983117,2.512380,1.026469,59.984648,7.338581,1.027723,59.982518,-8.762016,0.999703,0.999862,0.999798,0.999763,0.999808,0.999719,0.999775,0.999615,-42.118520,0.000000,5.464108,12.250973,4.508985,13.506891,20.977312,-37.274332,288.383297,447.800150,209.391350,467.503357,6.717002,286.592096,294.652499,141.504847,562.436988,245.394482,221.661074,276.382253,200.614467,124.488442,251.663684,184.493662,253.902685,8.239523,988.742731,2.149441,164.790455,75.230425,157.625653,78.812826,137.026846,28.927890,26.868009,92.246831,102.994035,75.767785,-82.574348,42.272334,15.225205,67.617823,24.718568,24.091648,4.119761,223.900075
7.380000,1.047447,59.982731,-7.290193,1.052272,59.982950,-4.825843,1.037962,59.983957,-7.384804,1.014855,59.984979,-8.341021,1.015437,59.985418,-7.513191,1.017393,59.985561,-6.939278,1.007837,59.985307,-8.845641,1.006818,59.985185,-9.275409,1.031312,59.983636,-9.021063,1.025875,59.985687,-4.704216,1.021967,59.985641,-5.463962,1.011788,59.985593,-5.420394,1.023738,59.985546,-5.284478,1.022165,59.985205,-6.627827,1.026344,59.984856,-6.633397,1.040935,59.984727,-5.244619,1.042595,59.984400,-6.223972,1.039760,59.984227,-7.043580,1.055377,59.985191,-0.631764,0.996274,59.985394,-1.493583,1.040691,59.984750,-3.121849,1.055599,59.984801,0.811738,1.051053,59.984792,0.637426,1.045881,59.984726,-5.138792,1.060698,59.983183,-3.587885,1.059413,59.983930,-4.619503,1.046820,59.984133,-6.374466,1.056346,59.984169,-1.466174,1.054664,59.984281,0.999639,1.044943,59.981495,-2.623118,0.982983,59.987567,-0.032712,0.984162,59.986647,2.349555,0.998358,59.985351,4.032838,1.013651,59.985762,3.145529,1.050031,59.984869,5.226772,1.063890,59.984863,7.625867,1.027917,59.983060,2.495717,1.026371,59.984563,7.332826,1.027727,59.982595,-8.782386,0.999704,0.999881,0.999810,0.999762,0.999805,0.999716,0.999772,0.999609,-42.191218,0.000000,5.434885,12.203780,4.480928,13.440379,20.934851,-37.386848,288.383297,447.800150,209.391350,467.503357,6.717002,286.592096,294.652499,141.504847,562.436988,245.394482,221.661074,276.382253,200.614467,124.488442,251.663684,184.493662,253.902685,8.239523,988.742731,2.149441,164.790455,75.230425,157.625653,78.812826,137.026846,28.927890,26.868009,92.246831,102.994035,75.767785,-82.574348,42.272334,15.225205,67.617823,24.718568,24.091648,4.119761,223.900075
7.400000,1.047450,59.982787,-7.310035,1.052280,59.982965,-4.844298,1.037943,59.984012,-7.395821,1.014807,59.985118,-8.344292,1.015382,59.985606,-7.513071,1.017336,59.985762,-6.938071,1.007782,59.985492,-8.846336,1.006765,59.985364,-9.277007,1.031291,59.983756,-9.034092,1.025817,59.985895,-4.702070,1.021909,59.985846,-5.462162,1.011729,59.985790,-5.418973,1.023680,59.985736,-5.283425,1.022110,59.985351,-6.629432,1.026291,59.984922,-6.637880,1.040882,59.984760,-5.250186,1.042551,59.984430,-6.231906,1.039725,59.984267,-7.052718,1.055319,59.985159,-0.634279,0.996210,59.985328,-1.494786,1.040635,59.984786,-3.127235,1.055541,59.984841,0.806738,1.050996,59.984832,0.632364,1.045828,59.984759,-5.144366,1.060707,59.983178,-3.604754,1.059374,59.983918,-4.631018,1.046780,59.984141,-6.384424,1.056274,59.984120,-1.476131,1.054582,59.984218,0.990429,1.045013,59.981478,-2.652208,0.982932,59.987929,-0.016315,0.984108,59.986964,2.359118,0.998313,59.985300,4.031393,1.013579,59.985655,3.146790,1.049971,59.984912,5.222275,1.063835,59.984911,7.621350,1.027929,59.983016,2.477785,1.026277,59.984468,7.325502,1.027730,59.982676,-8.803099,0.999705,0.999897,0.999821,0.999760,0.999801,0.999713,0.999769,0.999605,-42.271146,0.000000,5.402961,12.148121,4.443632,13.364900,20.883312,-37.509030,288.383297,447.800150,209.391350,467.503357,6.717002,286.592096,294.652499,141.504847,562.436988,245.394482,221.661074,276.382253,200.614467,124.488442,251.663684,184.493662,253.902685,8.239523,988.742731,2.149441,164.790455,75.230425,157.625653,78.812826,137.026846,28.927890,26.868009,92.246831,102.994035,75.767785,-82.574348,42.272334,15.225205,67.617823,24.718568,24.091648,4.119761,223.900075
7.420000,1.047454,59.982852,-7.330167,1.052287,59.982997,-4.863302,1.037921,59.984066,-7.407180,1.014754,59.985234,-8.347398,1.015319,59.985761,-7.512477,1.017271,59.985926,-6.936316,1.007720,59.985646,-8.846573,1.006705,59.985513,-9.278185,1.031266,59.983867,-9.047031,1.025750,59.986066,-4.699325,1.021843,59.986014,-5.459783,1.011662,59.985952,-5.417023,1.023615,59.985892,-5.281890,1.022050,59.985471,-6.630836,1.026235,59.984972,-6.642695,1.040827,59.984780,-5.256307,1.042507,59.984454,-6.240386,1.039689,59.984302,-7.062327,1.055260,59.985111,-0.637830,0.996146,59.985246,-1.497272,1.040577,59.984808,-3.133159,1.055480,59.984866,0.801226,1.050936,59.984858,0.626790,1.045772,59.984780,-5.150491,1.060715,59.983186,-3.622332,1.059336,59.983907,-4.643346,1.046739,59.984146,-6.395073,1.056204,59.984069,-1.487183,1.054505,59.984153,0.980020,1.045083,59.981508,-2.681946,0.982871,59.988215,0.001614,0.984046,59.987226,2.369984,0.998267,59.985234,4.028776,1.013507,59.985527,3.146452,1.049909,59.984940,5.217288,1.063777,59.984944,7.616380,1.027940,59.982987,2.458871,1.026187,59.984369,7.316741,1.027732,59.982761,-8.823941,0.999706,0.999910,0.999830,0.999757,0.999797,0.999711,0.999765,0.999604,-42.356910,0.000000,5.369016,12.085209,4.398135,13.281918,20.823905,-37.638499,288.383297,447.800150,209.391350,467.503357,6.717002,286.592096,294.652499,141.504847,562.436988,245.394482,221.661074,276.382253,200.614467,124.488442,251.663684,184.493662,253.902685,8.239523,988.742731,2.149441,164.790455,75.230425,157.625653,78.812826,137.026846,28.927890,26.868009,92.246831,102.994035,75.767785,-82.574348,42.272334,15.225205,67.617823,24.718568,24.091648,4.119761,223.900075
7.440000,1.047457,59.982927,-7.350343,1.052295,59.983046,-4.882558,1.037898,59.984118,-7.418714,1.014697,59.985327,-8.350328,1.015250,59.985882,-7.511476,1.017200,59.986054,-6.934097,1.007652,59.985766,-8.846407,1.006639,59.985631,-9.278986,1.031239,59.983968,-9.059771,1.025678,59.986199,-4.696076,1.021771,59.986145,-5.456917,1.011588,59.986078,-5.414623,1.023544,59.986014,-5.279942,1.021985,59.985565,-6.632052,1.026176,59.985006,-6.647778,1.040771,59.984790,-5.262885,1.042461,59.984471,-6.249281,1.039652,59.984332,-7.072259,1.055201,59.985051,-0.642338,0.996081,59.985150,-1.500970,1.040517,59.984819,-3.139530,1.055417,59.984879,0.795284,1.050874,59.984871,0.620791,1.045715,59.984789,-5.157071,1.060722,59.983210,-3.640337,1.059299,59.983900,-4.656291,1.046699,59.984151,-6.406243,1.056140,59.984020,-1.499152,1.054433,59.984088,0.968584,1.045155,59.981583,-2.711820,0.982800,59.988423,0.020697,0.983976,59.987430,2.381920,0.998220,59.985154,4.025066,1.013435,59.985385,3.144570,1.049845,59.984954,5.211886,1.063716,59.984963,7.611029,1.027951,59.982977,2.439276,1.026104,59.984266,7.306693,1.027734,59.982851,-8.844702,0.999708,0.999920,0.999837,0.999755,0.999791,0.999709,0.999761,0.999606,-42.447036,0.000000,5.333750,12.016363,4.345604,13.193016,20.757951,-37.772780,288.383297,447.800150,209.391350,467.503357,6.717002,286.592096,294.652499,141.504847,562.436988,245.394482,221.661074,276.382253,200.614467,124.488442,251.663684,184.493662,253.902685,8.239523,988.742731,2.149441,164.790455,75.230425,157.625653,78.812826,137.026846,28.927890,26.868009,92.246831,102.994035,75.767785,-82.574348,42.272334,15.225205,67.617823,24.718568,24.091648,4.119761,223.900075
7.460000,1.047461,59.983011,-7.370319,1.052304,59.983112,-4.901765,1.037875,59.984170,-7.430253,1.014636,59.985397,-8.353071,1.015177,59.985969,-7.510136,1.017125,59.986144,-6.931508,1.007580,59.985854,-8.845900,1.006569,59.985718,-9.279456,1.031210,59.984060,-9.072207,1.025601,59.986293,-4.692424,1.021694,59.986237,-5.453660,1.011511,59.986167,-5.411860,1.023468,59.986100,-5.277659,1.021916,59.985631,-6.633097,1.026116,59.985026,-6.653059,1.040715,59.984789,-5.269820,1.042416,59.984483,-6.258455,1.039615,59.984360,-7.082366,1.055141,59.984980,-0.647706,0.996017,59.985044,-1.505786,1.040456,59.984819,-3.146250,1.055354,59.984881,0.789003,1.050812,59.984873,0.614457,1.045658,59.984790,-5.164004,1.060730,59.983249,-3.658483,1.059264,59.983897,-4.669648,1.046660,59.984155,-6.417761,1.056080,59.983973,-1.511847,1.054366,59.984024,0.956302,1.045229,59.981705,-2.741322,0.982722,59.988551,0.040538,0.983900,59.987575,2.394678,0.998172,59.985064,4.020354,1.013365,59.985230,3.141226,1.049781,59.984956,5.206148,1.063655,59.984969,7.605376,1.027962,59.982986,2.419315,1.026027,59.984164,7.295524,1.027736,59.982946,-8.865172,0.999709,0.999926,0.999843,0.999752,0.999786,0.999707,0.999757,0.999609,-42.539998,0.000000,5.297873,11.942984,4.287315,13.099868,20.686849,-37.909345,288.383297,447.800150,209.391350,467.503357,6.717002,286.592096,294.652499,141.504847,562.436988,245.394482,221.661074,276.382253,200.614467,124.488442,251.663684,184.493662,253.902685,8.239523,988.742731,2.149441,164.790455,75.230425,157.625653,78.812826,137.026846,28.927890,26.868009,92.246831,102.994035,75.767785,-82.574348,42.272334,15.225205,67.617823,24.718568,24.091648,4.119761,223.900075
7.480000,1.047466,59.983104,-7.389856,1.052315,59.983195,-4.920627,1.037853,59.984222,-7.441628,1.014574,59.985444,-8.355620,1.015101,59.986022,-7.508535,1.017047,59.986197,-6.928645,1.007505,59.985909,-8.845119,1.006497,59.985774,-9.279648,1.031179,59.984141,-9.084238,1.025520,59.986348,-4.688477,1.021614,59.986292,-5.450117,1.011430,59.986220,-5.408829,1.023391,59.986151,-5.275124,1.021846,59.985671,-6.633989,1.026057,59.985032,-6.658468,1.040660,59.984781,-5.277003,1.042372,59.984492,-6.267768,1.039579,59.984384,-7.092495,1.055084,59.984902,-0.653827,0.995955,59.984930,-1.511609,1.040397,59.984811,-3.153215,1.055292,59.984872,0.782478,1.050750,59.984865,0.607884,1.045602,59.984781,-5.171184,1.060738,59.983304,-3.676482,1.059233,59.983900,-4.683207,1.046624,59.984162,-6.429447,1.056026,59.983930,-1.525070,1.054306,59.983964,0.943368,1.045305,59.981871,-2.769956,0.982639,59.988599,0.060732,0.983819,59.987658,2.407994,0.998125,59.984967,4.014749,1.013296,59.985068,3.136524,1.049718,59.984946,5.200160,1.063593,59.984963,7.599502,1.027973,59.983017,2.399309,1.025956,59.984063,7.283416,1.027737,59.983045,-8.885151,0.999711,0.999929,0.999847,0.999750,0.999780,0.999706,0.999753,0.999616,-42.634238,0.000000,5.262088,11.866529,4.224627,13.004206,20.612062,-38.045665,288.383297,447.800150,209.391350,467.503357,6.717002,286.592096,294.652499,141.504847,562.436988,245.394482,221.661074,276.382253,200.614467,124.488442,251.663684,184.493662,253.902685,8.239523,988.742731,2.149441,164.790455,75.230425,157.625653,78.812826,137.026846,28.927890,26.868009,92.246831,102.994035,75.767785,-82.574348,42.272334,15.225205,67.617823,24.718568,24.091648,4.119761,223.900075
7.500000,1.047471,59.983207,-7.408723,1.052328,59.983295,-4.938857,1.037832,59.984273,-7.452675,1.014512,59.985469,-8.357973,1.015024,59.986041,-7.506749,1.016967,59.986213,-6.925610,1.007429,59.985931,-8.844134,1.006423,59.985800,-9.279618,1.031148,59.984213,-9.095769,1.025439,59.986365,-4.684347,1.021533,59.986309,-5.446395,1.011348,59.986237,-5.405624,1.023312,59.986167,-5.272420,1.021776,59.985686,-6.634750,1.025999,59.985026,-6.663932,1.040607,59.984765,-5.284325,1.042331,59.984497,-6.277078,1.039545,59.984408,-7.102496,1.055028,59.984818,-0.660581,0.995896,59.984813,-1.518314,1.040340,59.984795,-3.160320,1.055232,59.984854,0.775805,1.050690,59.984849,0.601168,1.045548,59.984766,-5.178500,1.060748,59.983376,-3.694053,1.059206,59.983910,-4.696760,1.046590,59.984170,-6.441121,1.055978,59.983894,-1.538617,1.054253,59.983909,0.929983,1.045382,59.982079,-2.797249,0.982552,59.988568,0.080874,0.983736,59.987682,2.421599,0.998079,59.984864,4.008372,1.013230,59.984902,3.130592,1.049656,59.984925,5.194007,1.063533,59.984946,7.593492,1.027985,59.983069,2.379578,1.025894,59.983967,7.270560,1.027738,59.983148,-8.904442,0.999712,0.999928,0.999849,0.999747,0.999774,0.999706,0.999749,0.999624,-42.728199,0.000000,5.227079,11.788479,4.158952,12.907796,20.535081,-38.179254,288.383297,447.800150,209.391350,467.503357,6.717002,286.592096,294.652499,141.504847,562.436988,245.394482,221.661074,276.382253,200.614467,124.488442,251.663684,184.493662,253.902685,8.239523,988.742731,2.149441,164.790455,75.230425,157.625653,78.812826,137.026846,28.927890,26.868009,92.246831,102.994035,75.767785,-82.574348,42.272334,15.225205,67.617823,24.718568,24.091648,4.119761,223.900075
7.520000,1.047478,59.983318,-7.426700,1.052345,59.983411,-4.956181,1.037814,59.984325,-7.463237,1.014451,59.985473,-8.360128,1.014948,59.986028,-7.504859,1.016888,59.986194,-6.922502,1.007353,59.985923,-8.843014,1.006350,59.985796,-9.279422,1.031117,59.984275,-9.106712,1.025358,59.986346,-4.680147,1.021452,59.986289,-5.442602,1.011267,59.986219,-5.402343,1.023234,59.986150,-5.269637,1.021708,59.985676,-6.635404,1.025944,59.985009,-6.669378,1.040557,59.984743,-5.291675,1.042293,59.984500,-6.286248,1.039515,59.984430,-7.112224,1.054975,59.984732,-0.667841,0.995839,59.984693,-1.525762,1.040285,59.984772,-3.167459,1.055175,59.984829,0.769082,1.050633,59.984824,0.594410,1.045497,59.984744,-5.185843,1.060758,59.983464,-3.710922,1.059182,59.983927,-4.710098,1.046561,59.984182,-6.452606,1.055938,59.983865,-1.552280,1.054208,59.983863,0.916353,1.045463,59.982325,-2.822759,0.982463,59.988462,0.100568,0.983652,59.987646,2.435218,0.998036,59.984758,4.001352,1.013166,59.984736,3.123575,1.049598,59.984896,5.187779,1.063476,59.984920,7.587430,1.027998,59.983144,2.360438,1.025840,59.983878,7.257156,1.027740,59.983255,-8.922859,0.999714,0.999924,0.999849,0.999744,0.999768,0.999706,0.999745,0.999634,-42.820348,0.000000,5.193500,11.710317,4.091734,12.812398,20.457405,-38.307714,288.383297,447.800150,209.391350,467.503357,6.717002,286.592096,294.652499,141.504847,562.436988,245.394482,221.661074,276.382253,200.614467,124.488442,251.663684,184.493662,253.902685,8.239523,988.742731,2.149441,164.790455,75.230425,157.625653,78.812826,137.026846,28.927890,26.868009,92.246831,102.994035,75.767785,-82.574348,42.272334,15.225205,67.617823,24.718568,24.091648,4.119761,223.900075
7.540000,1.047486,59.983437,-7.443581,1.052365,59.983542,-4.972344,1.037799,59.984377,-7.473166,1.014393,59.985457,-8.362086,1.014874,59.985984,-7.502944,1.016811,59.986142,-6.919423,1.007280,59.985885,-8.841830,1.006279,59.985765,-9.279119,1.031088,59.984329,-9.116987,1.025280,59.986291,-4.675990,1.021374,59.986235,-5.438847,1.011188,59.986168,-5.399084,1.023158,59.986102,-5.266860,1.021642,59.985643,-6.635974,1.025892,59.984982,-6.674734,1.040512,59.984717,-5.298944,1.042259,59.984502,-6.295141,1.039488,59.984451,-7.121536,1.054927,59.984644,-0.675474,0.995786,59.984576,-1.533805,1.040236,59.984744,-3.174525,1.055122,59.984797,0.762407,1.050580,59.984794,0.587707,1.045451,59.984718,-5.193101,1.060771,59.983567,-3.726831,1.059164,59.983952,-4.723019,1.046536,59.984198,-6.463728,1.055906,59.983845,-1.565853,1.054171,59.983825,0.902684,1.045545,59.982605,-2.846079,0.982374,59.988284,0.119429,0.983569,59.987553,2.448578,0.997995,59.984652,3.993826,1.013106,59.984573,3.115635,1.049543,59.984859,5.181564,1.063422,59.984886,7.581400,1.028011,59.983241,2.342195,1.025794,59.983798,7.243411,1.027742,59.983366,-8.940230,0.999716,0.999917,0.999847,0.999742,0.999762,0.999707,0.999741,0.999647,-42.909204,0.000000,5.161963,11.633496,4.024419,12.719738,20.380516,-38.428779,288.383297,447.800150,209.391350,467.503357,6.717002,286.592096,294.652499,141.504847,562.436988,245.394482,221.661074,276.382253,200.614467,124.488442,251.663684,184.493662,253.902685,8.239523,988.742731,2.149441,164.790455,75.230425,157.625653,78.812826,137.026846,28.927890,26.868009,92.246831,102.994035,75.767785,-82.574348,42.272334,15.225205,67.617823,24.718568,24.091648,4.119761,223.900075
7.560000,1.047495,59.983564,-7.459179,1.052388,59.983686,-4.987111,1.037788,59.984429,-7.482326,1.014340,59.985423,-8.363850,1.014805,59.985912,-7.501079,1.016738,59.986059,-6.916468,1.007211,59.985819,-8.840650,1.006213,59.985708,-9.278763,1.031061,59.984374,-9.126519,1.025205,59.986203,-4.671986,1.021300,59.986149,-5.435232,1.011114,59.986085,-5.395941,1.023087,59.986023,-5.264175,1.021581,59.985589,-6.636485,1.025846,59.984946,-6.679930,1.040471,59.984687,-5.306023,1.042230,59.984504,-6.303628,1.039465,59.984473,-7.130300,1.054882,59.984557,-0.683343,0.995738,59.984461,-1.542287,1.040191,59.984713,-3.181417,1.055074,59.984761,0.755876,1.050533,59.984758,0.581155,1.045409,59.984689,-5.200169,1.060786,59.983684,-3.741539,1.059152,59.983985,-4.735329,1.046517,59.984218,-6.474322,1.055882,59.983835,-1.579132,1.054143,59.983797,0.889181,1.045630,59.982916,-2.866849,0.982288,59.988038,0.137095,0.983488,59.987405,2.461415,0.997957,59.984547,3.985935,1.013050,59.984417,3.106944,1.049494,59.984816,5.175447,1.063373,59.984844,7.575485,1.028027,59.983359,2.325138,1.025757,59.983730,7.229534,1.027744,59.983480,-8.956393,0.999718,0.999906,0.999843,0.999739,0.999756,0.999708,0.999737,0.999661,-42.993358,0.000000,5.133023,11.559421,3.958428,12.631478,20.305852,-38.540356,288.383297,447.800150,209.391350,467.503357,6.717002,286.592096,294.652499,141.504847,562.436988,245.394482,221.661074,276.382253,200.614467,124.488442,251.663684,184.493662,253.902685,8.239523,988.742731,2.149441,164.790455,75.230425,157.625653,78.812826,137.026846,28.927890,26.868009,92.246831,102.994034,75.767785,-82.574348,42.272334,15.225205,67.617823,24.718568,24.091648,4.119761,223.900075
7.580000,1.047507,59.983696,-7.473322,1.052416,59.983841,-5.000274,1.037782,59.984481,-7.490594,1.014292,59.985371,-8.365424,1.014741,59.985813,-7.499338,1.016672,59.985947,-6.913728,1.007148,59.985729,-8.839540,1.006151,59.985627,-9.278409,1.031036,59.984412,-9.135242,1.025136,59.986084,-4.668239,1.021232,59.986033,-5.431858,1.011045,59.985974,-5.393004,1.023021,59.985918,-5.261661,1.021525,59.985515,-6.636959,1.025805,59.984903,-6.684899,1.040437,59.984655,-5.312811,1.042206,59.984505,-6.311587,1.039448,59.984494,-7.138394,1.054843,59.984472,-0.691310,0.995694,59.984353,-1.551048,1.040153,59.984678,-3.188034,1.055033,59.984720,0.749579,1.050492,59.984719,0.574845,1.045374,59.984657,-5.206943,1.060804,59.983814,-3.754828,1.059146,59.984027,-4.746846,1.046503,59.984243,-6.484233,1.055866,59.983835,-1.591921,1.054124,59.983780,0.876045,1.045718,59.983250,-2.884757,0.982207,59.987731,0.153229,0.983412,59.987207,2.473475,0.997923,59.984446,3.977822,1.012998,59.984270,3.097686,1.049452,59.984767,5.169510,1.063329,59.984797,7.569762,1.028044,59.983496,2.309533,1.025730,59.983673,7.215734,1.027747,59.983598,-8.971203,0.999720,0.999893,0.999837,0.999737,0.999751,0.999711,0.999734,0.999676,-43.071498,0.000000,5.107176,11.489415,3.895131,12.549182,20.234785,-38.640559,288.383297,447.800150,209.391350,467.503357,6.717002,286.592096,294.652499,141.504847,562.436988,245.394482,221.661074,276.382253,200.614467,124.488442,251.663684,184.493662,253.902685,8.239523,988.742731,2.149441,164.790455,75.230425,157.625653,78.812826,137.026846,28.927890,26.868009,92.246831,102.994034,75.767785,-82.574348,42.272334,15.225205,67.617823,24.718568,24.091648,4.119761,223.900075
7.600000,1.047521,59.983834,-7.485861,1.052449,59.984004,-5.011656,1.037781,59.984533,-7.497865,1.014251,59.985304,-8.366815,1.014684,59.985691,-7.497787,1.016612,59.985809,-6.911286,1.007091,59.985616,-8.838557,1.006097,59.985526,-9.278105,1.031015,59.984444,-9.143097,1.025075,59.985938,-4.664846,1.021171,59.985890,-5.428817,1.010984,59.985838,-5.390356,1.022963,59.985787,-5.259395,1.021477,59.985424,-6.637420,1.025772,59.984855,-6.689578,1.040409,59.984622,-5.319209,1.042190,59.984508,-6.318907,1.039438,59.984516,-7.145708,1.054810,59.984392,-0.699240,0.995656,59.984253,-1.559928,1.040121,59.984642,-3.194284,1.054999,59.984677,0.743602,1.050457,59.984677,0.568865,1.045345,59.984624,-5.213327,1.060825,59.983955,-3.766505,1.059146,59.984076,-4.757405,1.046497,59.984273,-6.493318,1.055859,59.983846,-1.604034,1.054114,59.983776,0.863468,1.045809,59.983602,-2.899549,0.982131,59.987370,0.167530,0.983342,59.986962,2.484519,0.997894,59.984350,3.969632,1.012951,59.984135,3.088046,1.049416,59.984715,5.163833,1.063293,59.984746,7.564306,1.028062,59.983651,2.295621,1.025712,59.983631,7.202217,1.027750,59.983718,-8.984528,0.999722,0.999877,0.999830,0.999735,0.999746,0.999714,0.999731,0.999692,-43.142430,0.000000,5.084845,11.424706,3.835824,12.474294,20.168599,-38.727741,288.383297,447.800150,209.391350,467.503357,6.717002,286.592096,294.652499,141.504847,562.436988,245.394482,221.661074,276.382253,200.614467,124.488442,251.663684,184.493662,253.902685,8.239523,988.742731,2.149441,164.790455,75.230425,157.625653,78.812826,137.026846,28.927890,26.868009,92.246831,102.994034,75.767785,-82.574348,42.272334,15.225205,67.617823,24.718568,24.091648,4.119761,223.900075
7.620000,1.047537,59.983975,-7.496672,1.052486,59.984174,-5.021110,1.037786,59.984584,-7.504047,1.014218,59.985224,-8.368029,1.014637,59.985549,-7.496485,1.016561,59.985649,-6.909216,1.007043,59.985484,-8.837757,1.006051,59.985406,-9.277895,1.030998,59.984469,-9.150035,1.025022,59.985768,-4.661896,1.021119,59.985724,-5.426190,1.010932,59.985679,-5.388073,1.022914,59.985636,-5.257445,1.021438,59.985318,-6.637887,1.025746,59.984802,-6.693909,1.040389,59.984589,-5.325128,1.042181,59.984511,-6.325487,1.039434,59.984538,-7.152144,1.054783,59.984318,-0.707000,0.995623,59.984162,-1.568767,1.040098,59.984604,-3.200080,1.054973,59.984632,0.738026,1.050431,59.984633,0.563293,1.045324,59.984591,-5.219230,1.060850,59.984105,-3.776408,1.059153,59.984133,-4.766855,1.046497,59.984307,-6.501449,1.055861,59.983869,-1.615295,1.054113,59.983784,0.851634,1.045902,59.983966,-2.911029,0.982064,59.986962,0.179736,0.983279,59.986676,2.494331,0.997869,59.984262,3.961503,1.012909,59.984014,3.078215,1.049389,59.984660,5.158488,1.063264,59.984691,7.559183,1.028084,59.983820,2.283614,1.025703,59.983604,7.189184,1.027755,59.983840,-8.996258,0.999725,0.999859,0.999821,0.999733,0.999741,0.999717,0.999728,0.999708,-43.205097,0.000000,5.066380,11.366400,3.781706,12.408110,20.108468,-38.800520,288.383297,447.800150,209.391350,467.503357,6.717002,286.592096,294.652499,141.504847,562.436988,245.394482,221.661074,276.382253,200.614467,124.488442,251.663684,184.493662,253.902685,8.239523,988.742731,2.149441,164.790455,75.230425,157.625653,78.812826,137.026846,28.927890,26.868009,92.246831,102.994034,75.767785,-82.574348,42.272334,15.225205,67.617823,24.718568,24.091648,4.119761,223.900075
7.640000,1.047555,59.984119,-7.505652,1.052528,59.984348,-5.028524,1.037798,59.984633,-7.509071,1.014195,59.985132,-8.369074,1.014599,59.985391,-7.495485,1.016521,59.985471,-6.907583,1.007005,59.985335,-8.837183,1.006015,59.985272,-9.277816,1.030985,59.984489,-9.156013,1.024980,59.985577,-4.659465,1.021077,59.985538,-5.424052,1.010891,59.985502,-5.386220,1.022874,59.985466,-5.255871,1.021408,59.985199,-6.638379,1.025729,59.984745,-6.697839,1.040377,59.984556,-5.330488,1.042179,59.984515,-6.331241,1.039437,59.984560,-7.157622,1.054763,59.984251,-0.714463,0.995597,59.984083,-1.577412,1.040083,59.984567,-3.205345,1.054956,59.984586,0.732922,1.050414,59.984589,0.558202,1.045311,59.984558,-5.224574,1.060878,59.984261,-3.784404,1.059167,59.984196,-4.775067,1.046504,59.984345,-6.508516,1.055872,59.983902,-1.625546,1.054121,59.983804,0.840711,1.045999,59.984335,-2.919064,0.982007,59.986516,0.189628,0.983226,59.986354,2.502718,0.997850,59.984181,3.953571,1.012873,59.983908,3.068378,1.049370,59.984604,5.153540,1.063243,59.984634,7.554456,1.028107,59.984003,2.273686,1.025704,59.983593,7.176826,1.027761,59.983965,-9.006295,0.999727,0.999840,0.999811,0.999731,0.999737,0.999721,0.999726,0.999726,-43.258591,0.000000,5.052044,11.315468,3.733859,12.351754,20.055443,-38.857803,288.383297,447.800150,209.391350,467.503357,6.717002,286.592096,294.652499,141.504847,562.436988,245.394482,221.661074,276.382253,200.614467,124.488442,251.663684,184.493662,253.902685,8.239523,988.742731,2.149441,164.790455,75.230425,157.625653,78.812826,137.026846,28.927890,26.868009,92.246831,102.994034,75.767785,-82.574348,42.272334,15.225205,67.617823,24.718568,24.091648,4.119761,223.900075
7.660000,1.047576,59.984265,-7.512725,1.052575,59.984522,-5.033821,1.037816,59.984680,-7.512885,1.014181,59.985031,-8.369957,1.014572,59.985218,-7.494828,1.016492,59.985278,-6.906437,1.006978,59.985174,-8.836874,1.005989,59.985125,-9.277901,1.030978,59.984506,-9.160997,1.024949,59.985370,-4.657619,1.021046,59.985337,-5.422460,1.010861,59.985309,-5.384853,1.022846,59.985282,-5.254723,1.021389,59.985069,-6.638911,1.025722,59.984686,-6.701324,1.040374,59.984524,-5.335219,1.042185,59.984520,-6.336097,1.039449,59.984582,-7.162077,1.054751,59.984192,-0.721512,0.995577,59.984015,-1.585716,1.040078,59.984531,-3.210012,1.054948,59.984541,0.728352,1.050405,59.984544,0.553655,1.045308,59.984526,-5.229288,1.060911,59.984420,-3.790397,1.059189,59.984265,-4.781932,1.046519,59.984388,-6.514427,1.055892,59.983946,-1.634644,1.054139,59.983836,0.830852,1.046097,59.984702,-2.923583,0.981960,59.986040,0.197031,0.983182,59.986003,2.509514,0.997837,59.984110,3.945963,1.012842,59.983819,3.058718,1.049361,59.984547,5.149049,1.063231,59.984576,7.550177,1.028134,59.984194,2.265976,1.025713,59.983598,7.165323,1.027768,59.984091,-9.014565,0.999729,0.999818,0.999800,0.999729,0.999733,0.999726,0.999724,0.999743,-43.302167,0.000000,5.042020,11.272730,3.693226,12.306161,20.010431,-38.898799,288.383297,447.800150,209.391350,467.503357,6.717002,286.592096,294.652499,141.504847,562.436988,245.394482,221.661074,276.382253,200.614467,124.488442,251.663684,184.493662,253.902685,8.239523,988.742731,2.149441,164.790455,75.230425,157.625653,78.812826,137.026846,28.927890,26.868009,92.246831,102.994034,75.767785,-82.574348,42.272334,15.225205,67.617823,24.718568,24.091648,4.119761,223.900075
7.680000,1.047600,59.984410,-7.517840,1.052627,59.984694,-5.036961,1.037842,59.984725,-7.515458,1.014178,59.984924,-8.370687,1.014557,59.985036,-7.494547,1.016475,59.985075,-6.905818,1.006963,59.985004,-8.836857,1.005975,59.984970,-9.278172,1.030977,59.984520,-9.164964,1.024930,59.985151,-4.656409,1.021028,59.985124,-5.421464,1.010844,59.985105,-5.384016,1.022831,59.985087,-5.254042,1.021381,59.984933,-6.639496,1.025724,59.984627,-6.704324,1.040380,59.984493,-5.339261,1.042200,59.984527,-6.339997,1.039468,59.984604,-7.165461,1.054745,59.984141,-0.728037,0.995564,59.983959,-1.593541,1.040082,59.984496,-3.214024,1.054950,59.984496,0.724371,1.050407,59.984501,0.549704,1.045313,59.984496,-5.233313,1.060948,59.984581,-3.794322,1.059218,59.984339,-4.787366,1.046542,59.984433,-6.519109,1.055920,59.984001,-1.642466,1.054165,59.983881,0.822195,1.046199,59.985061,-2.924581,0.981926,59.985544,0.201823,0.983151,59.985629,2.514587,0.997829,59.984049,3.938799,1.012816,59.983747,3.049407,1.049361,59.984491,5.145063,1.063229,59.984518,7.546391,1.028163,59.984391,2.260582,1.025731,59.983620,7.154842,1.027776,59.984219,-9.021010,0.999732,0.999796,0.999788,0.999728,0.999730,0.999731,0.999723,0.999760,-43.335257,0.000000,5.036403,11.238840,3.660602,12.272061,19.974185,-38.923032,288.383297,447.800150,209.391350,467.503357,6.717002,286.592096,294.652499,141.504847,562.436988,245.394482,221.661074,276.382253,200.614467,124.488442,251.663684,184.493662,253.902685,8.239523,988.742731,2.149441,164.790455,75.230425,157.625653,78.812826,137.026846,28.927890,26.868009,92.246831,102.994034,75.767785,-82.574348,42.272334,15.225205,67.617823,24.718568,24.091648,4.119761,223.900075
7.700000,1.047626,59.984553,-7.520973,1.052684,59.984861,-5.037941,1.037875,59.984767,-7.516779,1.014187,59.984811,-8.371271,1.014555,59.984848,-7.494662,1.016471,59.984865,-6.905753,1.006960,59.984828,-8.837151,1.005973,59.984809,-9.278643,1.030982,59.984532,-9.167894,1.024924,59.984924,-4.655872,1.021023,59.984903,-5.421096,1.010839,59.984894,-5.383739,1.022827,59.984885,-5.253855,1.021385,59.984792,-6.640142,1.025736,59.984568,-6.706809,1.040395,59.984465,-5.342568,1.042224,59.984534,-6.342902,1.039496,59.984626,-7.167746,1.054748,59.984100,-0.733943,0.995558,59.983917,-1.600762,1.040095,59.984463,-3.217334,1.054961,59.984454,0.721021,1.050418,59.984459,0.546392,1.045327,59.984468,-5.236602,1.060990,59.984740,-3.796154,1.059253,59.984417,-4.791307,1.046573,59.984480,-6.522511,1.055956,59.984064,-1.648911,1.054199,59.983937,0.814855,1.046302,59.985405,-2.922115,0.981906,59.985037,0.203933,0.983131,59.985239,2.517834,0.997828,59.983998,3.932185,1.012796,59.983694,3.040606,1.049372,59.984437,5.141623,1.063236,59.984461,7.543134,1.028195,59.984590,2.257559,1.025757,59.983657,7.145533,1.027786,59.984347,-9.025591,0.999735,0.999773,0.999776,0.999727,0.999728,0.999736,0.999722,0.999776,-43.357470,0.000000,5.035203,11.214284,3.636617,12.249969,19.947293,-38.930339,288.383297,447.800150,209.391350,467.503357,6.717002,286.592096,294.652499,141.504847,562.436988,245.394482,221.661074,276.382253,200.614467,124.488442,251.663684,184.493662,253.902685,8.239523,988.742731,2.149441,164.790455,75.230425,157.625653,78.812826,137.026846,28.927890,26.868009,92.246831,102.994034,75.767785,-82.574348,42.272334,15.225205,67.617823,24.718568,24.091648,4.119761,223.900075
7.720000,1.047655,59.984694,-7.522125,1.052747,59.985020,-5.036794,1.037916,59.984805,-7.516856,1.014207,59.984697,-8.371716,1.014567,59.984657,-7.495185,1.016480,59.984653,-6.906252,1.006970,59.984650,-8.837763,1.005983,59.984646,-9.279322,1.030993,59.984544,-9.169781,1.024932,59.984693,-4.656030,1.021031,59.984679,-5.421373,1.010849,59.984679,-5.384039,1.022838,59.984679,-5.254181,1.021401,59.984649,-6.640855,1.025759,59.984510,-6.708756,1.040420,59.984440,-5.345104,1.042256,59.984543,-6.344786,1.039531,59.984646,-7.168921,1.054757,59.984068,-0.739146,0.995557,59.983888,-1.607268,1.040119,59.984433,-3.219910,1.054983,59.984413,0.718334,1.050440,59.984420,0.543750,1.045351,59.984442,-5.239122,1.061036,59.984894,-3.795902,1.059296,59.984496,-4.793721,1.046611,59.984529,-6.524603,1.055999,59.984136,-1.653901,1.054241,59.984004,0.808928,1.046408,59.985728,-2.916305,0.981900,59.984529,0.203340,0.983125,59.984840,2.519191,0.997833,59.983959,3.926217,1.012782,59.983659,3.032463,1.049392,59.984385,5.138761,1.063254,59.984406,7.540433,1.028230,59.984786,2.256921,1.025790,59.983711,7.137526,1.027798,59.984475,-9.028290,0.999737,0.999750,0.999762,0.999727,0.999726,0.999742,0.999722,0.999791,-43.368599,0.000000,5.038348,11.199370,3.621728,12.240173,19.930174,-38.920875,288.383297,447.800150,209.391350,467.503357,6.717002,286.592096,294.652499,141.504847,562.436988,245.394482,221.661074,276.382253,200.614467,124.488442,251.663684,184.493662,253.902685,8.239523,988.742731,2.149441,164.790455,75.230425,157.625653,78.812826,137.026846,28.927890,26.868009,92.246831,102.994034,75.767785,-82.574348,42.272334,15.225205,67.617823,24.718568,24.091648,4.119761,223.900075
7.740000,1.047686,59.984830,-7.521323,1.052813,59.985168,-5.033588,1.037964,59.984838,-7.515720,1.014239,59.984581,-8.372030,1.014591,59.984468,-7.496114,1.016503,59.984442,-6.907313,1.006994,59.984473,-8.838690,1.006007,59.984485,-9.280206,1.031010,59.984556,-9.170621,1.024954,59.984463,-4.656888,1.021053,59.984456,-5.422299,1.010872,59.984466,-5.384921,1.022861,59.984475,-5.255022,1.021430,59.984506,-6.641636,1.025791,59.984454,-6.710150,1.040453,59.984418,-5.346849,1.042296,59.984553,-6.345643,1.039575,59.984666,-7.168990,1.054775,59.984045,-0.743575,0.995564,59.983872,-1.612964,1.040152,59.984405,-3.221731,1.055015,59.984376,0.716331,1.050471,59.984384,0.541800,1.045385,59.984420,-5.240851,1.061086,59.985041,-3.793609,1.059345,59.984577,-4.794596,1.046656,59.984579,-6.525377,1.056050,59.984215,-1.657378,1.054290,59.984080,0.804485,1.046515,59.986023,-2.907329,0.981909,59.984028,0.200079,0.983132,59.984440,2.518628,0.997844,59.983930,3.920975,1.012774,59.983641,3.025107,1.049422,59.984336,5.136498,1.063281,59.984353,7.538307,1.028268,59.984978,2.258637,1.025830,59.983779,7.130932,1.027811,59.984603,-9.029106,0.999740,0.999727,0.999749,0.999727,0.999725,0.999747,0.999722,0.999805,-43.368622,0.000000,5.045682,11.194225,3.616215,12.242735,19.923068,-38.895102,288.383297,447.800150,209.391350,467.503357,6.717002,286.592096,294.652499,141.504847,562.436988,245.394482,221.661074,276.382253,200.614467,124.488442,251.663684,184.493662,253.902685,8.239523,988.742731,2.149441,164.790455,75.230425,157.625653,78.812826,137.026846,28.927890,26.868009,92.246831,102.994034,75.767785,-82.574348,42.272334,15.225205,67.617823,24.718568,24.091648,4.119761,223.900075
7.760000,1.047720,59.984961,-7.518616,1.052884,59.985303,-5.028424,1.038020,59.984867,-7.513417,1.014283,59.984468,-8.372216,1.014629,59.984284,-7.497437,1.016540,59.984237,-6.908920,1.007030,59.984302,-8.839920,1.006043,59.984329,-9.281284,1.031034,59.984569,-9.170423,1.024989,59.984237,-4.658438,1.021089,59.984238,-5.423863,1.010910,59.984257,-5.386374,1.022898,59.984274,-5.256372,1.021470,59.984367,-6.642482,1.025834,59.984401,-6.710984,1.040496,59.984398,-5.347793,1.042344,59.984563,-6.345482,1.039626,59.984683,-7.167979,1.054799,59.984032,-0.747178,0.995577,59.983868,-1.617772,1.040194,59.984381,-3.222787,1.055057,59.984342,0.715022,1.050512,59.984351,0.540549,1.045427,59.984400,-5.241780,1.061141,59.985178,-3.789354,1.059400,59.984656,-4.793947,1.046709,59.984629,-6.524846,1.056106,59.984300,-1.659312,1.054344,59.984165,0.801575,1.046625,59.986287,-2.895418,0.981932,59.983545,0.194232,0.983153,59.984045,2.516151,0.997861,59.983913,3.916527,1.012770,59.983641,3.018650,1.049461,59.984290,5.134846,1.063318,59.984304,7.536762,1.028309,59.985159,2.262637,1.025875,59.983861,7.125839,1.027825,59.984730,-9.028058,0.999743,0.999705,0.999735,0.999726,0.999725,0.999753,0.999723,0.999818,-43.357695,0.000000,5.056980,11.198799,3.620177,12.257493,19.926039,-38.853775,288.383297,447.800150,209.391350,467.503357,6.717002,286.592096,294.652499,141.504847,562.436988,245.394482,221.661074,276.382253,200.614467,124.488442,251.663684,184.493662,253.902685,8.239523,988.742731,2.149441,164.790455,75.230425,157.625653,78.812826,137.026846,28.927890,26.868009,92.246831,102.994034,75.767785,-82.574348,42.272334,15.225205,67.617823,24.718568,24.091648,4.119761,223.900075
7.780000,1.047757,59.985085,-7.514078,1.052959,59.985423,-5.021437,1.038082,59.984890,-7.510013,1.014338,59.984359,-8.372281,1.014680,59.984109,-7.499130,1.016591,59.984041,-6.911043,1.007080,59.984138,-8.841431,1.006091,59.984180,-9.282537,1.031064,59.984585,-9.169199,1.025038,59.984021,-4.660655,1.021139,59.984029,-5.426038,1.010961,59.984056,-5.388376,1.022949,59.984082,-5.258211,1.021523,59.984234,-6.643386,1.025886,59.984352,-6.711261,1.040547,59.984383,-5.347940,1.042400,59.984573,-6.344328,1.039685,59.984699,-7.165929,1.054830,59.984028,-0.749914,0.995595,59.983877,-1.621632,1.040246,59.984360,-3.223083,1.055108,59.984312,0.714405,1.050563,59.984321,0.539995,1.045478,59.984384,-5.241914,1.061200,59.985302,-3.783248,1.059461,59.984734,-4.791813,1.046768,59.984677,-6.523043,1.056168,59.984389,-1.659695,1.054404,59.984256,0.800224,1.046735,59.986513,-2.880854,0.981970,59.983086,0.185930,0.983187,59.983663,2.511804,0.997883,59.983907,3.912922,1.012772,59.983657,3.013184,1.049510,59.984249,5.133808,1.063365,59.984258,7.535797,1.028353,59.985328,2.268808,1.025925,59.983955,7.122314,1.027841,59.984855,-9.025181,0.999745,0.999683,0.999722,0.999727,0.999725,0.999758,0.999725,0.999829,-43.336152,0.000000,5.071942,11.212871,3.633533,12.284059,19.938977,-38.797923,288.383297,447.800150,209.391350,467.503357,6.717002,286.592096,294.652499,141.504847,562.436988,245.394482,221.661074,276.382253,200.614467,124.488442,251.663684,184.493662,253.902685,8.239523,988.742731,2.149441,164.790455,75.230425,157.625653,78.812826,137.026846,28.927890,26.868009,92.246831,102.994034,75.767785,-82.574348,42.272334,15.225205,67.617823,24.718568,24.091648,4.119761,223.900075
7.800000,1.047796,59.985201,-7.507806,1.053038,59.985525,-5.012787,1.038150,59.984907,-7.505590,1.014403,59.984256,-8.372227,1.014743,59.983944,-7.501159,1.016654,59.983859,-6.913640,1.007142,59.983987,-8.843189,1.006152,59.984041,-9.283937,1.031100,59.984604,-9.166970,1.025100,59.983817,-4.663498,1.021202,59.983833,-5.428783,1.011025,59.983868,-5.390891,1.023012,59.983901,-5.260506,1.021588,59.984109,-6.644336,1.025947,59.984308,-6.710990,1.040606,59.984370,-5.347308,1.042464,59.984583,-6.342222,1.039750,59.984713,-7.162896,1.054868,59.984033,-0.751761,0.995619,59.983896,-1.624502,1.040306,59.984343,-3.222633,1.055167,59.984286,0.714467,1.050622,59.984296,0.540125,1.045537,59.984372,-5.241271,1.061263,59.985412,-3.775432,1.059526,59.984808,-4.788258,1.046832,59.984724,-6.520022,1.056234,59.984481,-1.658546,1.054468,59.984352,0.800430,1.046846,59.986699,-2.863962,0.982023,59.982661,0.175350,0.983235,59.983300,2.505664,0.997911,59.983910,3.910196,1.012778,59.983687,3.008778,1.049568,59.984213,5.133374,1.063421,59.984217,7.535402,1.028399,59.985480,2.277000,1.025979,59.984061,7.120395,1.027858,59.984979,-9.020528,0.999748,0.999663,0.999709,0.999727,0.999726,0.999763,0.999727,0.999837,-43.304490,0.000000,5.090212,11.236049,3.656029,12.321837,19.961601,-38.728830,288.383297,447.800150,209.391350,467.503357,6.717002,286.592096,294.652499,141.504847,562.436988,245.394482,221.661074,276.382253,200.614467,124.488442,251.663684,184.493662,253.902685,8.239523,988.742731,2.149441,164.790455,75.230425,157.625653,78.812826,137.026846,28.927890,26.868009,92.246831,102.994034,75.767785,-82.574348,42.272334,15.225205,67.617823,24.718568,24.091648,4.119761,223.900075
7.820000,1.047837,59.985308,-7.499912,1.053119,59.985609,-5.002660,1.038224,59.984919,-7.500243,1.014479,59.984161,-8.372057,1.014819,59.983795,-7.503482,1.016729,59.983693,-6.916656,1.007215,59.983849,-8.845155,1.006224,59.983917,-9.285450,1.031141,59.984626,-9.163765,1.025175,59.983629,-4.666914,1.021277,59.983653,-5.432046,1.011102,59.983695,-5.393870,1.023087,59.983735,-5.263217,1.021663,59.983994,-6.645319,1.026017,59.984270,-6.710188,1.040672,59.984361,-5.345925,1.042533,59.984593,-6.339220,1.039822,59.984724,-7.158952,1.054911,59.984045,-0.752714,0.995648,59.983926,-1.626361,1.040374,59.984330,-3.221465,1.055235,59.984265,0.715187,1.050690,59.984274,0.540916,1.045603,59.984363,-5.239878,1.061329,59.985506,-3.766074,1.059596,59.984878,-4.783364,1.046902,59.984767,-6.515856,1.056304,59.984574,-1.655905,1.054535,59.984452,0.802171,1.046958,59.986842,-2.845102,0.982089,59.982276,0.162709,0.983295,59.982962,2.497843,0.997944,59.983924,3.908367,1.012789,59.983732,3.005479,1.049634,59.984183,5.133527,1.063485,59.984181,7.535557,1.028449,59.985613,2.287025,1.026035,59.984175,7.120099,1.027877,59.985101,-9.014169,0.999751,0.999645,0.999697,0.999728,0.999727,0.999768,0.999729,0.999844,-43.263362,0.000000,5.111379,11.267786,3.687240,12.370031,19.993465,-38.648002,288.383297,447.800150,209.391350,467.503357,6.717002,286.592096,294.652499,141.504847,562.436988,245.394482,221.661074,276.382253,200.614467,124.488442,251.663684,184.493662,253.902685,8.239523,988.742731,2.149441,164.790455,75.230425,157.625653,78.812826,137.026846,28.927890,26.868009,92.246831,102.994034,75.767785,-82.574348,42.272334,15.225205,67.617823,24.718568,24.091648,4.119761,223.900075
7.840000,1.047880,59.985406,-7.490530,1.053203,59.985672,-4.991265,1.038304,59.984924,-7.494082,1.014565,59.984076,-8.371771,1.014905,59.983663,-7.506046,1.016816,59.983546,-6.920024,1.007300,59.983728,-8.847279,1.006307,59.983808,-9.287033,1.031189,59.984654,-9.159617,1.025261,59.983461,-4.670836,1.021363,59.983493,-5.435759,1.011190,59.983541,-5.397255,1.023173,59.983586,-5.266290,1.021748,59.983891,-6.646316,1.026094,59.984237,-6.708878,1.040745,59.984356,-5.343831,1.042609,59.984603,-6.335389,1.039900,59.984733,-7.154181,1.054960,59.984066,-0.752781,0.995682,59.983965,-1.627205,1.040449,59.984321,-3.219616,1.055311,59.984248,0.716530,1.050765,59.984258,0.542332,1.045676,59.984357,-5.237776,1.061399,59.985581,-3.755365,1.059669,59.984941,-4.777239,1.046977,59.984807,-6.510635,1.056375,59.984667,-1.651835,1.054604,59.984553,0.805397,1.047071,59.986938,-2.824666,0.982168,59.981938,0.148262,0.983367,59.982655,2.488485,0.997981,59.983947,3.907435,1.012804,59.983788,3.003312,1.049707,59.984157,5.134242,1.063557,59.984150,7.536234,1.028500,59.985724,2.298669,1.026093,59.984296,7.121415,1.027898,59.985220,-9.006188,0.999753,0.999629,0.999686,0.999729,0.999728,0.999772,0.999732,0.999849,-43.213561,0.000000,5.134988,11.307393,3.726587,12.427664,20.033973,-38.557139,288.383297,447.800150,209.391350,467.503357,6.717002,286.592096,294.652499,141.504847,562.436988,245.394482,221.661074,276.382253,200.614467,124.488442,251.663684,184.493662,253.902685,8.239523,988.742731,2.149441,164.790455,75.230425,157.625653,78.812826,137.026846,28.927890,26.868009,92.246831,102.994034,75.767785,-82.574348,42.272334,15.225205,67.617823,24.718568,24.091648,4.119761,223.900075
7.860000,1.047925,59.985494,-7.479806,1.053289,59.985714,-4.978826,1.038388,59.984924,-7.487224,1.014658,59.984002,-8.371367,1.015001,59.983551,-7.508790,1.016913,59.983421,-6.923671,1.007394,59.983627,-8.849504,1.006400,59.983716,-9.288639,1.031240,59.984687,-9.154566,1.025357,59.983315,-4.675186,1.021460,59.983355,-5.439846,1.011289,59.983407,-5.400976,1.023270,59.983457,-5.269662,1.021842,59.983803,-6.647306,1.026177,59.984211,-6.707091,1.040823,59.984355,-5.341077,1.042689,59.984612,-6.330810,1.039982,59.984739,-7.148677,1.055013,59.984093,-0.751987,0.995719,59.984012,-1.627050,1.040530,59.984315,-3.217134,1.055392,59.984236,0.718455,1.050847,59.984246,0.544331,1.045755,59.984355,-5.235016,1.061471,59.985637,-3.743517,1.059745,59.984998,-4.770004,1.047055,59.984842,-6.504463,1.056448,59.984758,-1.646424,1.054674,59.984655,0.810039,1.047183,59.986987,-2.803067,0.982259,59.981652,0.132295,0.983451,59.982384,2.477760,0.998022,59.983978,3.907388,1.012822,59.983855,3.002280,1.049786,59.984138,5.135483,1.063636,59.984125,7.537398,1.028554,59.985811,2.311685,1.026152,59.984421,7.124307,1.027919,59.985336,-8.996683,0.999756,0.999614,0.999675,0.999730,0.999730,0.999776,0.999735,0.999852,-43.156005,0.000000,5.160551,11.354049,3.773347,12.493595,20.082386,-38.458099,288.383297,447.800150,209.391350,467.503357,6.717002,286.592096,294.652499,141.504847,562.436988,245.394482,221.661074,276.382253,200.614467,124.488442,251.663684,184.493662,253.902685,8.239523,988.742731,2.149441,164.790455,75.230425,157.625653,78.812826,137.026846,28.927890,26.868009,92.246831,102.994034,75.767785,-82.574348,42.272334,15.225205,67.617823,24.718568,24.091648,4.119761,223.900075
7.880000,1.047971,59.985571,-7.467900,1.053377,59.985735,-4.965580,1.038476,59.984918,-7.479797,1.014759,59.983940,-8.370843,1.015107,59.983460,-7.511648,1.017019,59.983320,-6.927512,1.007497,59.983546,-8.851770,1.006500,59.983645,-9.290217,1.031297,59.984725,-9.148656,1.025463,59.983195,-4.679875,1.021566,59.983241,-5.444221,1.011397,59.983298,-5.404954,1.023375,59.983351,-5.273264,1.021943,59.983731,-6.648263,1.026267,59.984192,-6.704864,1.040907,59.984357,-5.337720,1.042774,59.984620,-6.325572,1.040068,59.984742,-7.142545,1.055070,59.984127,-0.750372,0.995760,59.984066,-1.625930,1.040617,59.984314,-3.214076,1.055480,59.984228,0.720912,1.050934,59.984239,0.546862,1.045839,59.984357,-5.231657,1.061546,59.985674,-3.730756,1.059823,59.985047,-4.761798,1.047136,59.984873,-6.497459,1.056522,59.984845,-1.639776,1.054744,59.984755,0.816004,1.047296,59.986988,-2.780733,0.982361,59.981422,0.115118,0.983544,59.982155,2.465866,0.998067,59.984016,3.908193,1.012843,59.983930,3.002363,1.049871,59.984125,5.137209,1.063721,59.984106,7.539005,1.028610,59.985872,2.325808,1.026210,59.984550,7.128715,1.027942,59.985448,-8.985763,0.999758,0.999603,0.999666,0.999731,0.999733,0.999778,0.999738,0.999852,-43.091716,0.000000,5.187557,11.406822,3.826665,12.566548,20.137840,-38.352862,288.383297,447.800150,209.391350,467.503357,6.717002,286.592096,294.652499,141.504847,562.436988,245.394482,221.661074,276.382253,200.614467,124.488442,251.663684,184.493662,253.902685,8.239523,988.742731,2.149441,164.790455,75.230425,157.625653,78.812826,137.026846,28.927890,26.868009,92.246831,102.994034,75.767785,-82.574348,42.272334,15.225205,67.617823,24.718568,24.091648,4.119761,223.900075
7.900000,1.048019,59.985638,-7.454981,1.053466,59.985735,-4.951775,1.038567,59.984907,-7.471933,1.014867,59.983893,-8.370196,1.015219,59.983394,-7.514548,1.017133,59.983246,-6.931460,1.007608,59.983489,-8.854009,1.006608,59.983595,-9.291710,1.031356,59.984770,-9.141938,1.025576,59.983102,-4.684807,1.021680,59.983155,-5.448791,1.011513,59.983213,-5.409106,1.023487,59.983269,-5.277020,1.022052,59.983676,-6.649162,1.026361,59.984181,-6.702237,1.040994,59.984362,-5.333830,1.042862,59.984628,-6.319773,1.040158,59.984743,-7.135897,1.055131,59.984166,-0.747989,0.995803,59.984125,-1.623896,1.040708,59.984317,-3.210505,1.055572,59.984226,0.723843,1.051026,59.984236,0.549866,1.045927,59.984362,-5.227766,1.061623,59.985690,-3.717321,1.059902,59.985087,-4.752775,1.047219,59.984899,-6.489752,1.056594,59.984928,-1.632017,1.054813,59.984852,0.823179,1.047407,59.986943,-2.758094,0.982471,59.981253,0.097061,0.983646,59.981970,2.453019,0.998114,59.984061,3.909808,1.012866,59.984011,3.003519,1.049961,59.984117,5.139369,1.063811,59.984093,7.541007,1.028667,59.985906,2.340754,1.026267,59.984679,7.134553,1.027966,59.985556,-8.973549,0.999761,0.999593,0.999659,0.999732,0.999735,0.999781,0.999742,0.999850,-43.021807,0.000000,5.215482,11.464686,3.885580,12.645131,20.199361,-38.243490,288.383297,447.800150,209.391350,467.503357,6.717002,286.592096,294.652499,141.504847,562.436988,245.394482,221.661074,276.382253,200.614467,124.488442,251.663684,184.493662,253.902685,8.239523,988.742731,2.149441,164.790455,75.230425,157.625653,78.812826,137.026846,28.927890,26.868009,92.246831,102.994034,75.767785,-82.574348,42.272334,15.225205,67.617823,24.718568,24.091648,4.119761,223.900075
7.920000,1.048069,59.985695,-7.441226,1.053556,59.985715,-4.937659,1.038660,59.984892,-7.463767,1.014979,59.983861,-8.369420,1.015338,59.983352,-7.517416,1.017253,59.983198,-6.935419,1.007724,59.983455,-8.856154,1.006722,59.983568,-9.293060,1.031419,59.984821,-9.134467,1.025696,59.983038,-4.689877,1.021800,59.983096,-5.453455,1.011636,59.983156,-5.413341,1.023606,59.983213,-5.280848,1.022165,59.983639,-6.649973,1.026459,59.984177,-6.699255,1.041085,59.984372,-5.329479,1.042952,59.984635,-6.313518,1.040249,59.984742,-7.128850,1.055194,59.984209,-0.744904,0.995849,59.984188,-1.621015,1.040802,59.984324,-3.206492,1.055668,59.984229,0.727184,1.051122,59.984239,0.553278,1.046019,59.984372,-5.223417,1.061701,59.985686,-3.703458,1.059981,59.985119,-4.743097,1.047303,59.984920,-6.481479,1.056665,59.985005,-1.623287,1.054879,59.984944,0.831432,1.047518,59.986853,-2.735583,0.982590,59.981146,0.078465,0.983756,59.981832,2.439456,0.998164,59.984111,3.912172,1.012892,59.984098,3.005687,1.050054,59.984117,5.141908,1.063906,59.984087,7.543349,1.028726,59.985914,2.356227,1.026321,59.984806,7.141714,1.027990,59.985660,-8.960173,0.999763,0.999587,0.999652,0.999734,0.999738,0.999782,0.999746,0.999845,-42.947456,0.000000,5.243797,11.526540,3.949037,12.727865,20.265883,-38.132090,288.383297,447.800150,209.391350,467.503357,6.717002,286.592096,294.652499,141.504847,562.436988,245.394482,221.661074,276.382253,200.614467,124.488442,251.663684,184.493662,253.902685,8.239523,988.742731,2.149441,164.790455,75.230425,157.625653,78.812826,137.026846,28.927890,26.868009,92.246831,102.994034,75.767785,-82.574348,42.272334,15.225205,67.617823,24.718568,24.091648,4.119761,223.900075
7.940000,1.048119,59.985741,-7.426817,1.053645,59.985676,-4.923483,1.038755,59.984873,-7.455434,1.015095,59.983844,-8.368509,1.015461,59.983336,-7.520173,1.017378,59.983180,-6.939294,1.007846,59.983447,-8.858132,1.006841,59.983564,-9.294207,1.031485,59.984879,-9.126302,1.025822,59.983004,-4.694980,1.021926,59.983068,-5.458111,1.011763,59.983128,-5.417565,1.023730,59.983184,-5.284663,1.022283,59.983621,-6.650668,1.026560,59.984182,-6.695967,1.041177,59.984385,-5.324748,1.043044,59.984642,-6.306917,1.040343,59.984739,-7.121524,1.055258,59.984256,-0.741193,0.995896,59.984255,-1.617367,1.040899,59.984336,-3.202114,1.055766,59.984238,0.730866,1.051220,59.984247,0.557029,1.046112,59.984385,-5.218690,1.061780,59.985663,-3.689414,1.060060,59.985142,-4.732935,1.047388,59.984936,-6.472785,1.056734,59.985074,-1.613741,1.054943,59.985030,0.840618,1.047629,59.986721,-2.713619,0.982715,59.981102,0.059679,0.983871,59.981745,2.425422,0.998215,59.984166,3.915213,1.012918,59.984187,3.008788,1.050150,59.984122,5.144766,1.064004,59.984088,7.545972,1.028786,59.985894,2.371928,1.026372,59.984929,7.150068,1.028016,59.985760,-8.945771,0.999765,0.999583,0.999648,0.999735,0.999741,0.999783,0.999750,0.999839,-42.869886,0.000000,5.271982,11.591231,4.015912,12.813216,20.336267,-38.020771,288.383297,447.800150,209.391350,467.503357,6.717002,286.592096,294.652499,141.504847,562.436988,245.394482,221.661074,276.382253,200.614467,124.488442,251.663684,184.493662,253.902685,8.239523,988.742731,2.149441,164.790455,75.230425,157.625653,78.812826,137.026846,28.927890,26.868009,92.246831,102.994034,75.767785,-82.574348,42.272334,15.225205,67.617823,24.718568,24.091648,4.119761,223.900075
7.960000,1.048170,59.985777,-7.411936,1.053735,59.985618,-4.909489,1.038851,59.984851,-7.447070,1.015213,59.983845,-8.367458,1.015587,59.983347,-7.522741,1.017507,59.983190,-6.942989,1.007970,59.983464,-8.859874,1.006962,59.983584,-9.295093,1.031552,59.984944,-9.117505,1.025950,59.983001,-4.700005,1.022055,59.983069,-5.462654,1.011894,59.983128,-5.421683,1.023857,59.983183,-5.288380,1.022403,59.983624,-6.651216,1.026662,59.984195,-6.692424,1.041271,59.984403,-5.319719,1.043136,59.984650,-6.300081,1.040437,59.984735,-7.114040,1.055324,59.984307,-0.736944,0.995944,59.984323,-1.613047,1.040997,59.984351,-3.197450,1.055866,59.984252,0.734816,1.051321,59.984260,0.561045,1.046207,59.984401,-5.213669,1.061860,59.985622,-3.675435,1.060138,59.985156,-4.722463,1.047473,59.984946,-6.463818,1.056799,59.985136,-1.603546,1.055004,59.985109,0.850574,1.047737,59.986549,-2.692603,0.982844,59.981123,0.041051,0.983991,59.981709,2.411174,0.998268,59.984225,3.918850,1.012946,59.984278,3.012725,1.050247,59.984135,5.147879,1.064104,59.984095,7.548813,1.028847,59.985849,2.387554,1.026419,59.985046,7.159465,1.028042,59.985855,-8.930490,0.999768,0.999582,0.999645,0.999737,0.999744,0.999782,0.999754,0.999831,-42.790345,0.000000,5.299534,11.657574,4.085033,12.899619,20.409322,-37.911609,288.383297,447.800150,209.391350,467.503357,6.717002,286.592096,294.652499,141.504847,562.436988,245.394482,221.661074,276.382253,200.614467,124.488442,251.663684,184.493662,253.902685,8.239523,988.742731,2.149441,164.790455,75.230425,157.625653,78.812826,137.026846,28.927890,26.868009,92.246831,102.994034,75.767785,-82.574348,42.272334,15.225205,67.617823,24.718568,24.091648,4.119761,223.900075
7.980000,1.048222,59.985804,-7.396766,1.053824,59.985545,-4.895913,1.038947,59.984827,-7.438804,1.015333,59.983862,-8.366257,1.015716,59.983384,-7.525044,1.017637,59.983230,-6.946407,1.008096,59.983506,-8.861309,1.007085,59.983627,-9.295659,1.031620,59.985015,-9.108144,1.026081,59.983029,-4.704842,1.022186,59.983101,-5.466981,1.012027,59.983157,-5.425599,1.023986,59.983209,-5.291910,1.022525,59.983646,-6.651588,1.026765,59.984217,-6.688680,1.041365,59.984424,-5.314479,1.043228,59.984657,-6.293122,1.040531,59.984731,-7.106518,1.055389,59.984360,-0.732251,0.995992,59.984393,-1.608158,1.041095,59.984372,-3.192582,1.055966,59.984271,0.738959,1.051422,59.984279,0.565249,1.046302,59.984422,-5.208437,1.061941,59.985564,-3.661760,1.060214,59.985162,-4.711858,1.047556,59.984953,-6.454725,1.056861,59.985189,-1.592874,1.055060,59.985179,0.861128,1.047845,59.986343,-2.672912,0.982976,59.981206,0.022921,0.984114,59.981725,2.396969,0.998320,59.984286,3.922989,1.012974,59.984369,3.017388,1.050346,59.984153,5.151178,1.064205,59.984109,7.551807,1.028909,59.985779,2.402810,1.026461,59.985155,7.169740,1.028069,59.985945,-8.914478,0.999770,0.999584,0.999644,0.999738,0.999747,0.999781,0.999757,0.999821,-42.710083,0.000000,5.325974,11.724372,4.155199,12.985511,20.483825,-37.806604,288.383297,447.800150,209.391350,467.503357,6.717002,286.592096,294.652499,141.504847,562.436988,245.394482,221.661074,276.382253,200.614467,124.488442,251.663684,184.493662,253.902685,8.239523,988.742731,2.149441,164.790455,75.230425,157.625653,78.812826,137.026846,28.927890,26.868009,92.246831,102.994034,75.767785,-82.574348,42.272334,15.225205,67.617823,24.718568,24.091648,4.119761,223.900075
8.000000,1.048274,59.985823,-7.381485,1.053911,59.985458,-4.882974,1.039043,59.984802,-7.430761,1.015453,59.983897,-8.364901,1.015844,59.983447,-7.527009,1.017768,59.983298,-6.949458,1.008223,59.983574,-8.862372,1.007209,59.983695,-9.295851,1.031688,59.985093,-9.098288,1.026212,59.983088,-4.709385,1.022317,59.983163,-5.470989,1.012161,59.983215,-5.429221,1.024115,59.983264,-5.295171,1.022647,59.983689,-6.651754,1.026867,59.984247,-6.684787,1.041458,59.984449,-5.309113,1.043320,59.984666,-6.286152,1.040625,59.984727,-7.099074,1.055455,59.984414,-0.727214,0.996040,59.984463,-1.602814,1.041194,59.984397,-3.187594,1.056067,59.984295,0.743218,1.051523,59.984303,0.569564,1.046396,59.984448,-5.203083,1.062021,59.985491,-3.648618,1.060289,59.985160,-4.701296,1.047639,59.984955,-6.445653,1.056918,59.985233,-1.581909,1.055111,59.985240,0.872098,1.047951,59.986106,-2.654892,0.983110,59.981349,0.005617,0.984238,59.981792,2.383064,0.998373,59.984349,3.927531,1.013002,59.984459,3.022655,1.050444,59.984179,5.154595,1.064307,59.984131,7.554887,1.028971,59.985686,2.417413,1.026499,59.985254,7.180711,1.028096,59.986030,-8.897887,0.999772,0.999589,0.999644,0.999740,0.999750,0.999779,0.999761,0.999809,-42.630335,0.000000,5.350857,11.790439,4.225210,13.069361,20.558541,-37.707650,288.383297,447.800150,209.391350,467.503357,6.717002,286.592096,294.652499,141.504847,562.436988,245.394482,221.661074,276.382253,200.614467,124.488442,251.663684,184.493662,253.902685,8.239523,988.742731,2.149441,164.790455,75.230425,157.625653,78.812826,137.026846,28.927890,26.868009,92.246831,102.994034,75.767785,-82.574348,42.272334,15.225205,67.617823,24.718568,24.091648,4.119761,223.900075
8.020000,1.048327,59.985834,-7.366269,1.053998,59.985360,-4.870878,1.039138,59.984778,-7.423055,1.015572,59.983949,-8.363382,1.015972,59.983536,-7.528565,1.017897,59.983395,-6.952054,1.008349,59.983666,-8.863002,1.007332,59.983785,-9.295618,1.031756,59.985177,-9.088009,1.026343,59.983177,-4.713529,1.022448,59.983255,-5.474582,1.012293,59.983302,-5.432461,1.024244,59.983346,-5.298081,1.022767,59.983751,-6.651688,1.026969,59.984286,-6.680799,1.041551,59.984479,-5.303707,1.043410,59.984676,-6.279278,1.040717,59.984724,-7.091819,1.055519,59.984471,-0.721939,0.996087,59.984532,-1.597133,1.041291,59.984427,-3.182567,1.056166,59.984326,0.747516,1.051623,59.984333,0.573914,1.046490,59.984477,-5.197692,1.062100,59.985406,-3.636222,1.060360,59.985150,-4.690947,1.047719,59.984953,-6.436747,1.056971,59.985268,-1.570834,1.055158,59.985291,0.883298,1.048056,59.985846,-2.638848,0.983243,59.981551,-0.010553,0.984362,59.981910,2.369709,0.998425,59.984413,3.932368,1.013030,59.984546,3.028393,1.050541,59.984211,5.158060,1.064409,59.984159,7.557988,1.029033,59.985574,2.431096,1.026531,59.985342,7.192183,1.028123,59.986110,-8.880873,0.999774,0.999596,0.999646,0.999741,0.999752,0.999777,0.999764,0.999797,-42.552292,0.000000,5.373782,11.854623,4.293880,13.149694,20.632247,-37.616495,288.383297,447.800150,209.391350,467.503357,6.717002,286.592096,294.652499,141.504847,562.436988,245.394482,221.661074,276.382253,200.614467,124.488442,251.663684,184.493662,253.902685,8.239523,988.742731,2.149441,164.790455,75.230425,157.625653,78.812826,137.026846,28.927890,26.868009,92.246831,102.994035,75.767785,-82.574348,42.272334,15.225205,67.617823,24.718568,24.091648,4.119761,223.900075
8.040000,1.048379,59.985839,-7.351282,1.054083,59.985253,-4.859808,1.039231,59.984757,-7.415794,1.015688,59.984018,-8.361695,1.016097,59.983650,-7.529650,1.018025,59.983518,-6.954118,1.008472,59.983782,-8.863143,1.007453,59.983897,-9.294918,1.031824,59.985266,-9.077383,1.026471,59.983296,-4.717181,1.022576,59.983374,-5.477671,1.012423,59.983416,-5.435235,1.024370,59.983454,-5.300565,1.022886,59.983833,-6.651365,1.027068,59.984334,-6.676771,1.041641,59.984514,-5.298348,1.043498,59.984688,-6.272605,1.040807,59.984723,-7.084859,1.055582,59.984529,-0.716535,0.996133,59.984600,-1.591239,1.041386,59.984462,-3.177585,1.056264,59.984362,0.751777,1.051721,59.984368,0.578221,1.046581,59.984512,-5.192349,1.062179,59.985311,-3.624769,1.060429,59.985135,-4.680978,1.047796,59.984950,-6.428144,1.057019,59.985293,-1.559833,1.055199,59.985331,0.894536,1.048159,59.985568,-2.625045,0.983374,59.981807,-0.025306,0.984485,59.982077,2.357140,0.998476,59.984478,3.937390,1.013057,59.984630,3.034463,1.050636,59.984249,5.161503,1.064509,59.984194,7.561041,1.029095,59.985445,2.443612,1.026558,59.985418,7.203952,1.028150,59.986184,-8.863591,0.999776,0.999606,0.999650,0.999743,0.999755,0.999773,0.999768,0.999783,-42.477093,0.000000,5.394390,11.915821,4.360065,13.225122,20.703746,-37.534715,288.383297,447.800150,209.391350,467.503357,6.717002,286.592096,294.652499,141.504847,562.436988,245.394482,221.661074,276.382253,200.614467,124.488442,251.663684,184.493662,253.902685,8.239523,988.742731,2.149441,164.790455,75.230425,157.625653,78.812826,137.026846,28.927890,26.868009,92.246831,102.994035,75.767785,-82.574348,42.272334,15.225205,67.617823,24.718568,24.091648,4.119761,223.900075
8.060000,1.048432,59.985839,-7.336680,1.054166,59.985142,-4.849922,1.039322,59.984739,-7.409071,1.015802,59.984103,-8.359833,1.016219,59.983787,-7.530209,1.018149,59.983666,-6.955578,1.008593,59.983920,-8.862747,1.007570,59.984031,-9.293710,1.031890,59.985361,-9.066484,1.026596,59.983442,-4.720249,1.022701,59.983521,-5.480173,1.012550,59.983555,-5.437470,1.024493,59.983587,-5.302555,1.023001,59.983934,-6.650765,1.027165,59.984391,-6.672754,1.041729,59.984553,-5.293115,1.043584,59.984703,-6.266230,1.040895,59.984725,-7.078290,1.055643,59.984587,-0.711107,0.996177,59.984667,-1.585257,1.041479,59.984502,-3.172726,1.056359,59.984404,0.755928,1.051817,59.984409,0.582413,1.046670,59.984551,-5.187134,1.062257,59.985208,-3.614431,1.060495,59.985114,-4.671541,1.047871,59.984944,-6.419972,1.057062,59.985309,-1.549089,1.055235,59.985362,0.905622,1.048261,59.985278,-2.613698,0.983502,59.982113,-0.038386,0.984605,59.982289,2.345582,0.998526,59.984543,3.942484,1.013083,59.984710,3.040722,1.050729,59.984295,5.164856,1.064607,59.984237,7.563984,1.029157,59.985303,2.454742,1.026580,59.985480,7.215808,1.028178,59.986253,-8.846193,0.999777,0.999617,0.999656,0.999744,0.999757,0.999770,0.999770,0.999768,-42.405799,0.000000,5.412379,11.973001,4.422680,13.294367,20.771894,-37.463689,288.383297,447.800150,209.391350,467.503357,6.717002,286.592096,294.652499,141.504847,562.436988,245.394482,221.661074,276.382253,200.614467,124.488442,251.663684,184.493662,253.902685,8.239523,988.742731,2.149441,164.790455,75.230425,157.625653,78.812826,137.026846,28.927890,26.868009,92.246831,102.994035,75.767785,-82.574348,42.272334,15.225205,67.617823,24.718568,24.091648,4.119761,223.900075
8.080000,1.048484,59.985835,-7.322607,1.054247,59.985030,-4.841355,1.039410,59.984725,-7.402968,1.015912,59.984205,-8.357794,1.016337,59.983945,-7.530192,1.018269,59.983838,-6.956374,1.008709,59.984078,-8.861775,1.007684,59.984183,-9.291965,1.031954,59.985460,-9.055391,1.026716,59.983614,-4.722658,1.022822,59.983692,-5.482016,1.012672,59.983719,-5.439097,1.024611,59.983743,-5.303989,1.023112,59.984052,-6.649868,1.027258,59.984457,-6.668797,1.041813,59.984598,-5.288085,1.043666,59.984721,-6.260240,1.040980,59.984731,-7.072199,1.055702,59.984647,-0.705764,0.996220,59.984732,-1.579312,1.041568,59.984547,-3.168062,1.056452,59.984452,0.759900,1.051910,59.984457,0.586420,1.046756,59.984595,-5.182123,1.062333,59.985102,-3.605358,1.060557,59.985090,-4.662779,1.047943,59.984939,-6.412349,1.057100,59.985317,-1.538777,1.055266,59.985381,0.916368,1.048361,59.984983,-2.604974,0.983626,59.982463,-0.049572,0.984720,59.982544,2.335238,0.998574,59.984608,3.947537,1.013107,59.984786,3.047026,1.050819,59.984346,5.168055,1.064703,59.984286,7.566756,1.029219,59.985152,2.464297,1.026596,59.985529,7.227541,1.028205,59.986317,-8.828829,0.999779,0.999631,0.999663,0.999746,0.999760,0.999765,0.999773,0.999754,-42.339379,0.000000,5.427502,12.025218,4.480720,13.356283,20.835611,-37.404572,288.383297,447.800150,209.391350,467.503357,6.717002,286.592096,294.652499,141.504847,562.436988,245.394482,221.661074,276.382253,200.614467,124.488442,251.663684,184.493662,253.902685,8.239523,988.742731,2.149441,164.790455,75.230425,157.625653,78.812826,137.026846,28.927890,26.868009,92.246831,102.994035,75.767785,-82.574348,42.272334,15.225205,67.617823,24.718568,24.091648,4.119761,223.900075
8.100000,1.048537,59.985829,-7.309194,1.054326,59.984919,-4.834212,1.039496,59.984718,-7.397552,1.016017,59.984321,-8.355575,1.016449,59.984124,-7.529564,1.018382,59.984030,-6.956457,1.008819,59.984255,-8.860196,1.007792,59.984353,-9.289663,1.032015,59.985564,-9.044183,1.026831,59.983810,-4.724339,1.022936,59.983886,-5.483141,1.012789,59.983905,-5.440064,1.024724,59.983921,-5.304818,1.023218,59.984188,-6.648662,1.027347,59.984532,-6.664946,1.041894,59.984648,-5.283329,1.043745,59.984744,-6.254718,1.041062,59.984742,-7.066660,1.055758,59.984707,-0.700609,0.996260,59.984796,-1.573524,1.041654,59.984599,-3.163665,1.056540,59.984507,0.763626,1.052000,59.984510,0.590176,1.046838,59.984645,-5.177389,1.062408,59.984996,-3.597673,1.060616,59.985064,-4.654821,1.048011,59.984934,-6.405383,1.057133,59.985316,-1.529065,1.055292,59.985391,0.926594,1.048460,59.984691,-2.598984,0.983744,59.982852,-0.058678,0.984831,59.982838,2.326287,0.998620,59.984673,3.952439,1.013131,59.984856,3.053233,1.050906,59.984405,5.171039,1.064796,59.984343,7.569298,1.029280,59.984996,2.472120,1.026608,59.985562,7.238936,1.028232,59.986376,-8.811645,0.999780,0.999647,0.999671,0.999747,0.999761,0.999761,0.999775,0.999739,-42.278699,0.000000,5.439570,12.071628,4.533275,13.409879,20.893907,-37.358279,288.383297,447.800150,209.391350,467.503357,6.717002,286.592096,294.652499,141.504847,562.436988,245.394482,221.661074,276.382253,200.614467,124.488442,251.663684,184.493662,253.902685,8.239523,988.742731,2.149441,164.790455,75.230425,157.625653,78.812826,137.026846,28.927890,26.868009,92.246831,102.994035,75.767785,-82.574348,42.272334,15.225205,67.617823,24.718568,24.091648,4.119761,223.900075
8.120000,1.048588,59.985821,-7.296557,1.054404,59.984813,-4.828570,1.039579,59.984719,-7.392877,1.016116,59.984452,-8.353177,1.016555,59.984319,-7.528297,1.018490,59.984242,-6.955792,1.008924,59.984449,-8.857992,1.007894,59.984538,-9.286790,1.032074,59.985671,-9.032940,1.026939,59.984026,-4.725241,1.023045,59.984101,-5.483501,1.012898,59.984111,-5.440325,1.024830,59.984119,-5.305000,1.023319,59.984338,-6.647138,1.027432,59.984614,-6.661246,1.041972,59.984703,-5.278913,1.043821,59.984772,-6.249732,1.041141,59.984759,-7.061738,1.055811,59.984768,-0.695739,0.996299,59.984858,-1.568012,1.041736,59.984656,-3.159595,1.056625,59.984567,0.767049,1.052086,59.984570,0.593622,1.046917,59.984700,-5.172995,1.062481,59.984892,-3.591471,1.060672,59.985037,-4.647778,1.048076,59.984932,-6.399166,1.057162,59.985309,-1.520111,1.055313,59.985392,0.936126,1.048558,59.984408,-2.595787,0.983856,59.983273,-0.065561,0.984934,59.983166,2.318882,0.998663,59.984738,3.957083,1.013152,59.984922,3.059203,1.050989,59.984471,5.173751,1.064885,59.984408,7.571560,1.029341,59.984840,2.478092,1.026615,59.985582,7.249785,1.028258,59.986431,-8.794784,0.999781,0.999664,0.999681,0.999748,0.999763,0.999756,0.999776,0.999724,-42.224507,0.000000,5.448457,12.111504,4.579547,13.454329,20.945886,-37.325474,288.383297,447.800150,209.391350,467.503357,6.717002,286.592096,294.652499,141.504847,562.436988,245.394482,221.661074,276.382253,200.614467,124.488442,251.663684,184.493662,253.902685,8.239523,988.742731,2.149441,164.790455,75.230425,157.625653,78.812826,137.026846,28.927890,26.868009,92.246831,102.994035,75.767785,-82.574348,42.272334,15.225205,67.617823,24.718568,24.091648,4.119761,223.900075
8.140000,1.048640,59.985814,-7.284797,1.054479,59.984716,-4.824477,1.039659,59.984729,-7.388980,1.016210,59.984596,-8.350603,1.016654,59.984530,-7.526376,1.018590,59.984469,-6.954357,1.009021,59.984656,-8.855155,1.007989,59.984737,-9.283347,1.032130,59.985780,-9.021741,1.027040,59.984261,-4.725324,1.023146,59.984332,-5.483063,1.013001,59.984334,-5.439851,1.024929,59.984333,-5.304508,1.023412,59.984502,-6.645294,1.027512,59.984706,-6.657736,1.042045,59.984765,-5.274893,1.043893,59.984806,-6.245341,1.041216,59.984784,-7.057485,1.055861,59.984831,-0.691247,0.996334,59.984918,-1.562884,1.041814,59.984719,-3.155911,1.056706,59.984635,0.770113,1.052168,59.984637,0.596706,1.046991,59.984762,-5.168999,1.062553,59.984794,-3.586816,1.060725,59.985012,-4.641747,1.048138,59.984932,-6.393777,1.057188,59.985296,-1.512059,1.055330,59.985385,0.944801,1.048654,59.984140,-2.595387,0.983959,59.983720,-0.070116,0.985031,59.983523,2.313147,0.998704,59.984803,3.961368,1.013172,59.984984,3.064805,1.051067,59.984543,5.176142,1.064970,59.984479,7.573495,1.029401,59.984687,2.482129,1.026618,59.985587,7.259888,1.028284,59.986480,-8.778379,0.999782,0.999682,0.999691,0.999749,0.999764,0.999750,0.999777,0.999709,-42.177423,0.000000,5.454096,12.144246,4.618861,13.488991,20.990770,-37.306558,288.383297,447.800150,209.391350,467.503357,6.717002,286.592096,294.652499,141.504847,562.436988,245.394482,221.661074,276.382253,200.614467,124.488442,251.663684,184.493662,253.902685,8.239523,988.742731,2.149441,164.790455,75.230425,157.625653,78.812826,137.026846,28.927890,26.868009,92.246831,102.994035,75.767785,-82.574348,42.272334,15.225205,67.617823,24.718568,24.091648,4.119761,223.900075
8.160000,1.048690,59.985809,-7.274000,1.054553,59.984631,-4.821950,1.039735,59.984749,-7.385883,1.016297,59.984751,-8.347860,1.016745,59.984754,-7.523797,1.018683,59.984709,-6.952143,1.009111,59.984875,-8.851688,1.008078,59.984947,-9.279341,1.032182,59.985891,-9.010665,1.027132,59.984511,-4.724565,1.023239,59.984578,-5.481809,1.013095,59.984571,-5.438625,1.025021,59.984562,-5.303327,1.023500,59.984678,-6.643132,1.027587,59.984805,-6.654452,1.042114,59.984833,-5.271320,1.043961,59.984847,-6.241594,1.041287,59.984817,-7.053937,1.055908,59.984895,-0.687217,0.996367,59.984978,-1.558242,1.041888,59.984789,-3.152659,1.056782,59.984709,0.772775,1.052245,59.984710,0.599381,1.047062,59.984830,-5.165450,1.062622,59.984705,-3.583744,1.060775,59.984990,-4.636802,1.048196,59.984938,-6.389278,1.057210,59.985279,-1.505038,1.055345,59.985371,0.952473,1.048750,59.983895,-2.597733,0.984054,59.984186,-0.072283,0.985120,59.983904,2.309175,0.998743,59.984868,3.965200,1.013190,59.985042,3.069915,1.051142,59.984622,5.178166,1.065051,59.984559,7.575061,1.029459,59.984544,2.484188,1.026618,59.985580,7.269052,1.028310,59.986525,-8.762557,0.999783,0.999701,0.999703,0.999750,0.999766,0.999745,0.999777,0.999696,-42.137933,0.000000,5.456484,12.169389,4.650678,13.513416,21.027905,-37.301669,288.383297,447.800150,209.391350,467.503357,6.717002,286.592096,294.652499,141.504847,562.436988,245.394482,221.661074,276.382253,200.614467,124.488442,251.663684,184.493662,253.902685,8.239523,988.742731,2.149441,164.790455,75.230425,157.625653,78.812826,137.026846,28.927890,26.868009,92.246831,102.994035,75.767785,-82.574348,42.272334,15.225205,67.617823,24.718568,24.091648,4.119761,223.900075
8.180000,1.048740,59.985807,-7.264234,1.054624,59.984561,-4.820977,1.039808,59.984781,-7.383596,1.016377,59.984917,-8.344956,1.016828,59.984987,-7.520571,1.018767,59.984960,-6.949157,1.009193,59.985104,-8.847607,1.008158,59.985165,-9.274793,1.032231,59.986003,-8.999793,1.027217,59.984773,-4.722955,1.023323,59.984836,-5.479734,1.013181,59.984820,-5.436642,1.025104,59.984802,-5.301452,1.023580,59.984865,-6.640659,1.027657,59.984912,-6.651427,1.042178,59.984908,-5.268235,1.044025,59.984896,-6.238525,1.041354,59.984858,-7.051120,1.055952,59.984961,-0.683723,0.996398,59.985038,-1.554177,1.041957,59.984866,-3.149879,1.056854,59.984790,0.774994,1.052318,59.984791,0.601609,1.047128,59.984904,-5.162389,1.062689,59.984629,-3.582261,1.060822,59.984973,-4.633001,1.048252,59.984950,-6.385716,1.057229,59.985259,-1.499160,1.055356,59.985351,0.959009,1.048844,59.983679,-2.602725,0.984141,59.984663,-0.072045,0.985200,59.984303,2.307026,0.998778,59.984933,3.968496,1.013206,59.985097,3.074423,1.051212,59.984709,5.179787,1.065127,59.984645,7.576225,1.029517,59.984413,2.484264,1.026616,59.985560,7.277100,1.028335,59.986565,-8.747438,0.999784,0.999720,0.999715,0.999751,0.999766,0.999740,0.999777,0.999684,-42.106386,0.000000,5.455673,12.186608,4.674600,13.527347,21.056771,-37.310681,288.383297,447.800150,209.391350,467.503357,6.717002,286.592096,294.652499,141.504847,562.436988,245.394482,221.661074,276.382253,200.614467,124.488442,251.663684,184.493662,253.902685,8.239523,988.742731,2.149441,164.790455,75.230425,157.625653,78.812826,137.026846,28.927890,26.868009,92.246831,102.994035,75.767785,-82.574348,42.272334,15.225205,67.617823,24.718568,24.091648,4.119761,223.900075
8.200000,1.048789,59.985809,-7.255550,1.054694,59.984508,-4.821518,1.039877,59.984825,-7.382111,1.016451,59.985091,-8.341904,1.016903,59.985227,-7.516718,1.018842,59.985218,-6.945419,1.009267,59.985338,-8.842941,1.008231,59.985389,-9.269734,1.032276,59.986115,-8.989202,1.027293,59.985044,-4.720504,1.023399,59.985102,-5.476853,1.013258,59.985077,-5.433916,1.025179,59.985051,-5.298894,1.023652,59.985060,-6.637892,1.027722,59.985026,-6.648685,1.042239,59.984989,-5.265668,1.044085,59.984952,-6.236158,1.041418,59.984910,-7.049045,1.055993,59.985030,-0.680828,0.996426,59.985098,-1.550766,1.042022,59.984950,-3.147603,1.056921,59.984878,0.776741,1.052386,59.984878,0.603361,1.047189,59.984986,-5.159847,1.062755,59.984569,-3.582341,1.060867,59.984962,-4.630379,1.048304,59.984970,-6.383121,1.057247,59.985238,-1.494518,1.055366,59.985327,0.964296,1.048937,59.983496,-2.610212,0.984217,59.985146,-0.069429,0.985271,59.984715,2.306724,0.998811,59.985000,3.971182,1.013220,59.985150,3.078231,1.051278,59.984802,5.180974,1.065199,59.984740,7.576961,1.029574,59.984301,2.482391,1.026611,59.985530,7.283871,1.028359,59.986602,-8.733132,0.999785,0.999740,0.999728,0.999752,0.999767,0.999736,0.999777,0.999673,-42.082988,0.000000,5.451773,12.195724,4.690376,13.530731,21.076989,-37.333212,288.383297,447.800150,209.391350,467.503357,6.717002,286.592096,294.652499,141.504847,562.436988,245.394482,221.661074,276.382253,200.614467,124.488442,251.663684,184.493662,253.902685,8.239523,988.742731,2.149441,164.790455,75.230425,157.625653,78.812826,137.026846,28.927890,26.868009,92.246831,102.994035,75.767785,-82.574348,42.272334,15.225205,67.617823,24.718568,24.091648,4.119761,223.900075
8.220000,1.048838,59.985817,-7.247986,1.054762,59.984476,-4.823506,1.039943,59.984883,-7.381408,1.016518,59.985273,-8.338721,1.016969,59.985472,-7.512271,1.018909,59.985479,-6.940967,1.009332,59.985576,-8.837727,1.008295,59.985616,-9.264204,1.032317,59.986226,-8.978967,1.027359,59.985321,-4.717233,1.023466,59.985373,-5.473193,1.013327,59.985340,-5.430471,1.025245,59.985305,-5.295676,1.023717,59.985261,-6.634850,1.027782,59.985147,-6.646250,1.042295,59.985078,-5.263643,1.044141,59.985018,-6.234503,1.041478,59.984972,-7.047712,1.056030,59.985102,-0.678584,0.996452,59.985159,-1.548076,1.042082,59.985040,-3.145853,1.056983,59.984973,0.777993,1.052449,59.984973,0.604615,1.047246,59.985074,-5.157847,1.062818,59.984527,-3.583933,1.060909,59.984961,-4.628954,1.048353,59.984998,-6.381505,1.057263,59.985218,-1.491185,1.055375,59.985300,0.968239,1.049030,59.983353,-2.619999,0.984284,59.985626,-0.064504,0.985332,59.985134,2.308262,0.998842,59.985068,3.973198,1.013233,59.985202,3.081253,1.051339,59.984902,5.181705,1.065266,59.984842,7.577250,1.029629,59.984209,2.478638,1.026607,59.985491,7.289224,1.028382,59.986635,-8.719737,0.999785,0.999760,0.999740,0.999752,0.999767,0.999731,0.999775,0.999663,-42.067806,0.000000,5.444947,12.196703,4.697906,13.523708,21.088329,-37.368635,288.383297,447.800150,209.391350,467.503357,6.717002,286.592096,294.652499,141.504847,562.436988,245.394482,221.661074,276.382253,200.614467,124.488442,251.663684,184.493662,253.902685,8.239523,988.742731,2.149441,164.790455,75.230425,157.625653,78.812826,137.026846,28.927890,26.868009,92.246831,102.994035,75.767785,-82.574348,42.272334,15.225205,67.617823,24.718568,24.091648,4.119761,223.900075
8.240000,1.048885,59.985831,-7.241560,1.054829,59.984467,-4.826847,1.040006,59.984955,-7.381452,1.016577,59.985461,-8.335426,1.017027,59.985719,-7.507278,1.018967,59.985742,-6.935848,1.009389,59.985815,-8.832018,1.008351,59.985845,-9.258256,1.032354,59.986335,-8.969164,1.027417,59.985600,-4.713184,1.023524,59.985646,-5.468796,1.013386,59.985605,-5.426347,1.025303,59.985563,-5.291834,1.023775,59.985467,-6.631560,1.027836,59.985274,-6.644138,1.042346,59.985173,-5.262174,1.044194,59.985093,-6.233559,1.041535,59.985045,-7.047107,1.056065,59.985177,-0.677030,0.996475,59.985223,-1.546158,1.042137,59.985138,-3.144643,1.057042,59.985075,0.778739,1.052508,59.985075,0.605358,1.047299,59.985170,-5.156402,1.062880,59.984506,-3.586959,1.060951,59.984969,-4.628720,1.048400,59.985037,-6.380865,1.057279,59.985200,-1.489212,1.055383,59.985274,0.970767,1.049122,59.983253,-2.631851,0.984340,59.986098,-0.057379,0.985384,59.985553,2.311597,0.998869,59.985140,3.974493,1.013243,59.985254,3.083424,1.051396,59.985010,5.181967,1.065329,59.984951,7.577081,1.029684,59.984142,2.473112,1.026602,59.985445,7.293039,1.028405,59.986665,-8.707345,0.999786,0.999779,0.999754,0.999753,0.999768,0.999728,0.999774,0.999656,-42.060767,0.000000,5.435404,12.189658,4.697237,13.506612,21.090706,-37.416095,288.383297,447.800150,209.391350,467.503357,6.717002,286.592096,294.652499,141.504847,562.436988,245.394482,221.661074,276.382253,200.614467,124.488442,251.663684,184.493662,253.902685,8.239523,988.742731,2.149441,164.790455,75.230425,157.625653,78.812826,137.026846,28.927890,26.868009,92.246831,102.994035,75.767785,-82.574348,42.272334,15.225205,67.617823,24.718568,24.091648,4.119761,223.900075
8.260000,1.048931,59.985854,-7.236276,1.054894,59.984482,-4.831428,1.040065,59.985041,-7.382197,1.016629,59.985653,-8.332042,1.017076,59.985964,-7.501794,1.019016,59.986003,-6.930126,1.009438,59.986053,-8.825874,1.008399,59.986072,-9.251950,1.032388,59.986443,-8.959863,1.027466,59.985878,-4.708411,1.023573,59.985918,-5.463720,1.013436,59.985870,-5.421596,1.025352,59.985821,-5.287417,1.023825,59.985676,-6.628053,1.027886,59.985408,-6.642361,1.042394,59.985277,-5.261263,1.044244,59.985178,-6.233313,1.041588,59.985130,-7.047203,1.056096,59.985258,-0.676193,0.996496,59.985291,-1.545047,1.042189,59.985244,-3.143975,1.057095,59.985185,0.778972,1.052563,59.985184,0.605587,1.047348,59.985273,-5.155516,1.062940,59.984509,-3.591314,1.060991,59.984990,-4.629654,1.048446,59.985086,-6.381181,1.057295,59.985187,-1.488630,1.055393,59.985249,0.971830,1.049213,59.983200,-2.645494,0.984386,59.986555,-0.048201,0.985426,59.985968,2.316655,0.998895,59.985214,3.975036,1.013252,59.985307,3.084694,1.051448,59.985125,5.181753,1.065387,59.985068,7.576451,1.029737,59.984104,2.465951,1.026599,59.985394,7.295219,1.028427,59.986692,-8.696032,0.999786,0.999797,0.999766,0.999754,0.999768,0.999725,0.999772,0.999650,-42.061665,0.000000,5.423396,12.174838,4.688563,13.479955,21.084184,-37.474524,288.383297,447.800150,209.391350,467.503357,6.717002,286.592096,294.652499,141.504847,562.436988,245.394482,221.661074,276.382253,200.614467,124.488442,251.663684,184.493662,253.902685,8.239523,988.742731,2.149441,164.790455,75.230425,157.625653,78.812826,137.026846,28.927890,26.868009,92.246831,102.994035,75.767785,-82.574348,42.272334,15.225205,67.617823,24.718568,24.091648,4.119761,223.900075
8.280000,1.048976,59.985884,-7.232125,1.054957,59.984523,-4.837113,1.040121,59.985141,-7.383589,1.016675,59.985847,-8.328594,1.017117,59.986207,-7.495886,1.019057,59.986259,-6.923875,1.009478,59.986286,-8.819367,1.008439,59.986295,-9.245355,1.032417,59.986547,-8.951133,1.027506,59.986152,-4.702982,1.023614,59.986185,-5.458034,1.013478,59.986131,-5.416283,1.025393,59.986076,-5.282483,1.023868,59.985886,-6.624367,1.027931,59.985547,-6.640927,1.042438,59.985387,-5.260906,1.044290,59.985273,-6.233741,1.041638,59.985227,-7.047964,1.056125,59.985343,-0.676085,0.996515,59.985362,-1.544763,1.042236,59.985356,-3.143845,1.057145,59.985302,0.778698,1.052613,59.985301,0.605306,1.047393,59.985384,-5.155183,1.062998,59.984535,-3.596873,1.061030,59.985023,-4.631712,1.048489,59.985148,-6.382418,1.057313,59.985180,-1.489445,1.055404,59.985229,0.971402,1.049304,59.983196,-2.660630,0.984423,59.986992,-0.037153,0.985458,59.986373,2.323329,0.998918,59.985293,3.974805,1.013260,59.985364,3.085031,1.051497,59.985246,5.181066,1.065440,59.985192,7.575364,1.029788,59.984097,2.457322,1.026599,59.985342,7.295696,1.028448,59.986716,-8.685868,0.999786,0.999814,0.999779,0.999755,0.999768,0.999722,0.999769,0.999646,-42.070171,0.000000,5.409213,12.152630,4.672219,13.444422,21.068975,-37.542670,288.383297,447.800150,209.391350,467.503357,6.717002,286.592096,294.652499,141.504847,562.436988,245.394482,221.661074,276.382253,200.614467,124.488442,251.663684,184.493662,253.902685,8.239523,988.742731,2.149441,164.790455,75.230425,157.625653,78.812826,137.026846,28.927890,26.868009,92.246831,102.994035,75.767785,-82.574348,42.272334,15.225205,67.617823,24.718568,24.091648,4.119761,223.900075
8.300000,1.049020,59.985924,-7.229082,1.055019,59.984591,-4.843752,1.040174,59.985256,-7.385560,1.016714,59.986043,-8.325112,1.017150,59.986443,-7.489630,1.019089,59.986508,-6.917182,1.009511,59.986514,-8.812576,1.008471,59.986512,-9.238548,1.032443,59.986648,-8.943037,1.027537,59.986419,-4.696980,1.023646,59.986446,-5.451822,1.013511,59.986386,-5.410484,1.025426,59.986326,-5.277103,1.023904,59.986095,-6.620543,1.027971,59.985692,-6.639837,1.042479,59.985505,-5.261089,1.044333,59.985378,-6.234807,1.041685,59.985336,-7.049344,1.056151,59.985434,-0.676706,0.996532,59.985439,-1.545311,1.042280,59.985477,-3.144240,1.057191,59.985426,0.777927,1.052660,59.985425,0.604528,1.047434,59.985502,-5.155389,1.063054,59.984588,-3.603493,1.061069,59.985071,-4.634835,1.048531,59.985222,-6.384526,1.057333,59.985182,-1.491642,1.055418,59.985214,0.969480,1.049394,59.983243,-2.676933,0.984450,59.987402,-0.024450,0.985482,59.986763,2.331483,0.998938,59.985378,3.973795,1.013266,59.985425,3.084423,1.051542,59.985375,5.179915,1.065489,59.985323,7.573831,1.029839,59.984122,2.447416,1.026601,59.985290,7.294427,1.028468,59.986739,-8.676907,0.999786,0.999830,0.999791,0.999755,0.999768,0.999721,0.999766,0.999645,-42.085835,0.000000,5.393174,12.123544,4.648673,13.400847,21.045428,-37.619120,288.383297,447.800150,209.391350,467.503357,6.717002,286.592096,294.652499,141.504847,562.436988,245.394482,221.661074,276.382253,200.614467,124.488442,251.663684,184.493662,253.902685,8.239523,988.742731,2.149441,164.790455,75.230425,157.625653,78.812826,137.026846,28.927890,26.868009,92.246831,102.994035,75.767785,-82.574348,42.272334,15.225205,67.617823,24.718568,24.091648,4.119761,223.900075
8.320000,1.049063,59.985973,-7.227112,1.055081,59.984687,-4.851179,1.040224,59.985386,-7.388037,1.016748,59.986237,-8.321628,1.017176,59.986671,-7.483111,1.019113,59.986747,-6.910140,1.009536,59.986732,-8.805588,1.008496,59.986722,-9.231613,1.032465,59.986744,-8.935636,1.027561,59.986677,-4.690496,1.023670,59.986697,-5.445177,1.013536,59.986633,-5.404286,1.025451,59.986569,-5.271356,1.023934,59.986302,-6.616627,1.028007,59.985841,-6.639088,1.042517,59.985631,-5.261790,1.044374,59.985494,-6.236467,1.041730,59.985457,-7.051286,1.056175,59.985532,-0.678042,0.996547,59.985522,-1.546680,1.042321,59.985604,-3.145139,1.057233,59.985557,0.776680,1.052702,59.985556,0.603272,1.047473,59.985628,-5.156111,1.063108,59.984668,-3.611013,1.061108,59.985135,-4.638945,1.048572,59.985309,-6.387442,1.057356,59.985194,-1.495185,1.055436,59.985207,0.966086,1.049484,59.983342,-2.694064,0.984467,59.987781,-0.010332,0.985497,59.987133,2.340958,0.998957,59.985468,3.972017,1.013271,59.985491,3.082875,1.051584,59.985510,5.178317,1.065535,59.985461,7.571873,1.029888,59.984182,2.436448,1.026608,59.985242,7.291398,1.028488,59.986760,-8.669194,0.999786,0.999845,0.999803,0.999756,0.999768,0.999720,0.999763,0.999646,-42.108104,0.000000,5.375621,12.088204,4.618513,13.350204,21.014027,-37.702329,288.383297,447.800150,209.391350,467.503357,6.717002,286.592096,294.652499,141.504847,562.436988,245.394482,221.661074,276.382253,200.614467,124.488442,251.663684,184.493662,253.902685,8.239523,988.742731,2.149441,164.790455,75.230425,157.625653,78.812826,137.026846,28.927890,26.868009,92.246831,102.994035,75.767785,-82.574348,42.272334,15.225205,67.617823,24.718568,24.091648,4.119761,223.900075
8.340000,1.049105,59.986033,-7.226167,1.055141,59.984810,-4.859222,1.040272,59.985530,-7.390942,1.016775,59.986430,-8.318175,1.017195,59.986889,-7.476420,1.019131,59.986975,-6.902854,1.009554,59.986941,-8.798497,1.008515,59.986921,-9.224638,1.032483,59.986836,-8.928985,1.027577,59.986923,-4.683634,1.023687,59.986936,-5.438201,1.013554,59.986869,-5.397784,1.025469,59.986802,-5.265330,1.023958,59.986504,-6.612668,1.028040,59.985994,-6.638674,1.042551,59.985764,-5.262979,1.044413,59.985621,-6.238670,1.041772,59.985590,-7.053729,1.056198,59.985637,-0.680068,0.996561,59.985613,-1.548843,1.042358,59.985739,-3.146511,1.057272,59.985695,0.774985,1.052742,59.985694,0.601566,1.047508,59.985761,-5.157321,1.063161,59.984775,-3.619261,1.061148,59.985214,-4.643950,1.048612,59.985411,-6.391092,1.057382,59.985217,-1.500016,1.055458,59.985211,0.961265,1.049573,59.983493,-2.711673,0.984476,59.988125,0.004935,0.985503,59.987480,2.351566,0.998974,59.985565,3.969494,1.013275,59.985564,3.080411,1.051622,59.985652,5.176298,1.065576,59.985605,7.569513,1.029935,59.984278,2.424645,1.026619,59.985200,7.286623,1.028506,59.986779,-8.662761,0.999786,0.999858,0.999813,0.999757,0.999768,0.999720,0.999760,0.999649,-42.136332,0.000000,5.356915,12.047337,4.582438,13.293577,20.975380,-37.790651,288.383297,447.800150,209.391350,467.503357,6.717002,286.592096,294.652499,141.504847,562.436988,245.394482,221.661074,276.382253,200.614467,124.488442,251.663684,184.493662,253.902685,8.239523,988.742731,2.149441,164.790455,75.230425,157.625653,78.812826,137.026846,28.927890,26.868009,92.246831,102.994035,75.767785,-82.574348,42.272334,15.225205,67.617823,24.718568,24.091648,4.119761,223.900075
8.360000,1.049145,59.986102,-7.226193,1.055200,59.984959,-4.867699,1.040317,59.985687,-7.394192,1.016798,59.986619,-8.314790,1.017207,59.987095,-7.469653,1.019142,59.987188,-6.895433,1.009566,59.987137,-8.791399,1.008527,59.987110,-9.217716,1.032499,59.986923,-8.923134,1.027587,59.987154,-4.676505,1.023697,59.987161,-5.431005,1.013565,59.987092,-5.391079,1.025481,59.987023,-5.259118,1.023976,59.986700,-6.608718,1.028069,59.986150,-6.638584,1.042584,59.985904,-5.264618,1.044450,59.985758,-6.241356,1.041812,59.985734,-7.056603,1.056218,59.985750,-0.682743,0.996574,59.985711,-1.551759,1.042393,59.985881,-3.148322,1.057308,59.985840,0.772873,1.052779,59.985839,0.599445,1.047541,59.985901,-5.158980,1.063213,59.984909,-3.628056,1.061189,59.985311,-4.649747,1.048652,59.985526,-6.395391,1.057412,59.985255,-1.506056,1.055484,59.985227,0.955085,1.049662,59.983695,-2.729408,0.984476,59.988431,0.021069,0.985502,59.987798,2.363103,0.998990,59.985670,3.966266,1.013278,59.985646,3.077074,1.051658,59.985799,5.173886,1.065615,59.985756,7.566784,1.029981,59.984409,2.412249,1.026636,59.985167,7.280146,1.028524,59.986798,-8.657631,0.999786,0.999869,0.999823,0.999758,0.999768,0.999722,0.999757,0.999654,-42.169793,0.000000,5.337426,12.001756,4.541241,13.232145,20.930207,-37.882372,288.383297,447.800150,209.391350,467.503357,6.717002,286.592096,294.652499,141.504847,562.436988,245.394482,221.661074,276.382253,200.614467,124.488442,251.663684,184.493662,253.902685,8.239523,988.742731,2.149441,164.790455,75.230425,157.625653,78.812826,137.026846,28.927890,26.868009,92.246831,102.994035,75.767785,-82.574348,42.272334,15.225205,67.617823,24.718568,24.091648,4.119761,223.900075
8.380000,1.049184,59.986180,-7.227124,1.055259,59.985135,-4.876427,1.040360,59.985856,-7.397700,1.016816,59.986804,-8.311509,1.017214,59.987287,-7.462910,1.019146,59.987386,-6.887990,1.009572,59.987319,-8.784395,1.008534,59.987285,-9.210940,1.032512,59.987005,-8.918126,1.027591,59.987370,-4.669227,1.023701,59.987371,-5.423703,1.013571,59.987301,-5.384279,1.025487,59.987231,-5.252820,1.023990,59.986890,-6.604831,1.028095,59.986309,-6.638803,1.042614,59.986050,-5.266665,1.044486,59.985904,-6.244458,1.041851,59.985889,-7.059834,1.056237,59.985870,-0.686018,0.996585,59.985818,-1.555374,1.042425,59.986029,-3.150529,1.057342,59.985991,0.770385,1.052813,59.985990,0.596948,1.047572,59.986048,-5.161045,1.063264,59.985070,-3.637212,1.061232,59.985424,-4.656220,1.048693,59.985654,-6.400246,1.057448,59.985307,-1.513208,1.055516,59.985257,0.947636,1.049750,59.983944,-2.746920,0.984470,59.988695,0.037773,0.985494,59.988085,2.375348,0.999004,59.985783,3.962383,1.013280,59.985737,3.072921,1.051691,59.985953,5.171118,1.065650,59.985913,7.563721,1.030026,59.984574,2.399506,1.026660,59.985147,7.272040,1.028541,59.986817,-8.653812,0.999785,0.999878,0.999831,0.999760,0.999768,0.999724,0.999754,0.999661,-42.207695,0.000000,5.317525,11.952348,4.495798,13.167154,20.879330,-37.975743,288.383297,447.800150,209.391350,467.503357,6.717002,286.592096,294.652499,141.504847,562.436988,245.394482,221.661074,276.382253,200.614467,124.488442,251.663684,184.493662,253.902685,8.239523,988.742731,2.149441,164.790455,75.230425,157.625653,78.812826,137.026846,28.927890,26.868009,92.246831,102.994035,75.767785,-82.574348,42.272334,15.225205,67.617823,24.718568,24.091648,4.119761,223.900075
8.400000,1.049222,59.986268,-7.228890,1.055317,59.985335,-4.885226,1.040402,59.986037,-7.401382,1.016830,59.986982,-8.308370,1.017216,59.987465,-7.456291,1.019146,59.987567,-6.880641,1.009573,59.987487,-8.777587,1.008536,59.987447,-9.204406,1.032522,59.987081,-8.913998,1.027589,59.987568,-4.661919,1.023700,59.987563,-5.416414,1.013571,59.987493,-5.377493,1.025488,59.987424,-5.246537,1.023999,59.987071,-6.601062,1.028119,59.986470,-6.639313,1.042642,59.986204,-5.269071,1.044520,59.986060,-6.247906,1.041888,59.986055,-7.063347,1.056255,59.985999,-0.689831,0.996596,59.985935,-1.559620,1.042456,59.986183,-3.153086,1.057374,59.986147,0.767565,1.052845,59.986146,0.594120,1.047601,59.986201,-5.163469,1.063313,59.985256,-3.646543,1.061276,59.985554,-4.663245,1.048733,59.985797,-6.405557,1.057488,59.985375,-1.521358,1.055554,59.985303,0.939027,1.049838,59.984240,-2.763873,0.984457,59.988917,0.054745,0.985480,59.988339,2.388069,0.999017,59.985905,3.957910,1.013281,59.985839,3.068026,1.051723,59.986112,5.168036,1.065683,59.986075,7.560367,1.030069,59.984773,2.386662,1.026690,59.985141,7.262404,1.028557,59.986835,-8.651303,0.999785,0.999885,0.999839,0.999761,0.999769,0.999727,0.999751,0.999670,-42.249201,0.000000,5.297584,11.900054,4.447045,13.099894,20.823654,-38.069012,288.383297,447.800150,209.391350,467.503357,6.717002,286.592096,294.652499,141.504847,562.436988,245.394482,221.661074,276.382253,200.614467,124.488442,251.663684,184.493662,253.902685,8.239523,988.742731,2.149441,164.790455,75.230425,157.625653,78.812826,137.026846,28.927890,26.868009,92.246831,102.994035,75.767785,-82.574348,42.272334,15.225205,67.617823,24.718568,24.091648,4.119761,223.900075
8.420000,1.049258,59.986365,-7.231417,1.055374,59.985557,-4.893920,1.040442,59.986228,-7.405152,1.016841,59.987154,-8.305413,1.017214,59.987626,-7.449900,1.019142,59.987731,-6.873503,1.009570,59.987640,-8.771075,1.008534,59.987594,-9.198207,1.032530,59.987152,-8.910782,1.027584,59.987747,-4.654706,1.023695,59.987737,-5.409259,1.013567,59.987669,-5.370834,1.025486,59.987601,-5.240372,1.024006,59.987243,-6.597465,1.028141,59.986632,-6.640093,1.042669,59.986362,-5.271786,1.044554,59.986225,-6.251628,1.041924,59.986229,-7.067063,1.056272,59.986137,-0.694114,0.996606,59.986061,-1.564417,1.042485,59.986343,-3.155941,1.057404,59.986309,0.764462,1.052875,59.986309,0.591010,1.047629,59.986360,-5.166199,1.063362,59.985465,-3.655864,1.061321,59.985701,-4.670693,1.048775,59.985952,-6.411219,1.057533,59.985460,-1.530375,1.055598,59.985366,0.929389,1.049926,59.984576,-2.779946,0.984438,59.989094,0.071679,0.985461,59.988558,2.401026,0.999029,59.986036,3.952921,1.013282,59.985952,3.062479,1.051753,59.986276,5.164684,1.065713,59.986242,7.556765,1.030112,59.985005,2.373963,1.026726,59.985152,7.251365,1.028572,59.986855,-8.650093,0.999785,0.999890,0.999845,0.999763,0.999770,0.999732,0.999748,0.999681,-42.293438,0.000000,5.277960,11.845852,4.395966,13.031673,20.764156,-38.160459,288.383297,447.800150,209.391350,467.503357,6.717002,286.592096,294.652499,141.504847,562.436988,245.394482,221.661074,276.382253,200.614467,124.488442,251.663684,184.493662,253.902685,8.239523,988.742731,2.149441,164.790455,75.230425,157.625653,78.812826,137.026846,28.927890,26.868009,92.246831,102.994035,75.767785,-82.574348,42.272334,15.225205,67.617823,24.718568,24.091648,4.119761,223.900075
8.440000,1.049293,59.986471,-7.234625,1.055431,59.985800,-4.902339,1.040481,59.986427,-7.408929,1.016849,59.987317,-8.302675,1.017208,59.987772,-7.443835,1.019134,59.987876,-6.866690,1.009564,59.987776,-8.764959,1.008529,59.987726,-9.192436,1.032536,59.987217,-8.908501,1.027575,59.987906,-4.647710,1.023686,59.987891,-5.402358,1.013559,59.987826,-5.364413,1.025480,59.987761,-5.234429,1.024010,59.987404,-6.594094,1.028162,59.986795,-6.641120,1.042696,59.986526,-5.274752,1.044587,59.986397,-6.255547,1.041960,59.986412,-7.070905,1.056288,59.986283,-0.698789,0.996615,59.986198,-1.569679,1.042513,59.986508,-3.159041,1.057433,59.986476,0.761127,1.052904,59.986475,0.587669,1.047655,59.986524,-5.169180,1.063410,59.985696,-3.664996,1.061369,59.985864,-4.678429,1.048817,59.986120,-6.417126,1.057584,59.985563,-1.540117,1.055648,59.985447,0.918867,1.050013,59.984950,-2.794844,0.984415,59.989228,0.088273,0.985438,59.988740,2.413974,0.999041,59.986177,3.947503,1.013283,59.986077,3.056379,1.051781,59.986443,5.161111,1.065742,59.986413,7.552965,1.030152,59.985265,2.361643,1.026770,59.985182,7.239074,1.028587,59.986875,-8.650160,0.999784,0.999893,0.999850,0.999765,0.999771,0.999737,0.999746,0.999694,-42.339519,0.000000,5.258996,11.790743,4.343571,12.963794,20.701866,-38.248425,288.383297,447.800150,209.391350,467.503357,6.717002,286.592096,294.652499,141.504847,562.436988,245.394482,221.661074,276.382253,200.614467,124.488442,251.663684,184.493662,253.902685,8.239523,988.742731,2.149441,164.790455,75.230425,157.625653,78.812826,137.026846,28.927890,26.868009,92.246831,102.994035,75.767785,-82.574348,42.272334,15.225205,67.617823,24.718568,24.091648,4.119761,223.900075
8.460000,1.049326,59.986584,-7.238437,1.055487,59.986060,-4.910327,1.040518,59.986633,-7.412635,1.016856,59.987472,-8.300194,1.017200,59.987901,-7.438195,1.019124,59.988002,-6.860314,1.009556,59.987895,-8.759333,1.008522,59.987843,-9.187180,1.032541,59.987277,-8.907171,1.027563,59.988046,-4.641052,1.023675,59.988027,-5.395827,1.013549,59.987965,-5.358338,1.025471,59.987903,-5.228808,1.024011,59.987556,-6.591002,1.028181,59.986958,-6.642367,1.042721,59.986695,-5.277913,1.044620,59.986577,-6.259590,1.041995,59.986601,-7.074796,1.056304,59.986437,-0.703771,0.996625,59.986344,-1.575308,1.042540,59.986677,-3.162329,1.057461,59.986647,0.757613,1.052931,59.986646,0.584152,1.047681,59.986693,-5.172354,1.063457,59.985947,-3.673772,1.061419,59.986042,-4.686319,1.048860,59.986299,-6.423169,1.057641,59.985685,-1.550430,1.055705,59.985547,0.907619,1.050099,59.985356,-2.808299,0.984389,59.989317,0.104232,0.985413,59.988885,2.426671,0.999052,59.986328,3.941746,1.013283,59.986214,3.049837,1.051809,59.986615,5.157368,1.065769,59.986587,7.549015,1.030192,59.985552,2.349922,1.026821,59.985235,7.225704,1.028601,59.986896,-8.651472,0.999784,0.999893,0.999853,0.999767,0.999772,0.999743,0.999744,0.999708,-42.386556,0.000000,5.241015,11.735729,4.290879,12.897526,20.637849,-38.331343,288.383297,447.800150,209.391350,467.503357,6.717002,286.592096,294.652499,141.504847,562.436988,245.394482,221.661074,276.382253,200.614467,124.488442,251.663684,184.493662,253.902685,8.239523,988.742731,2.149441,164.790455,75.230425,157.625653,78.812826,137.026846,28.927890,26.868009,92.246831,102.994035,75.767785,-82.574348,42.272334,15.225205,67.617823,24.718568,24.091648,4.119761,223.900075
8.480000,1.049358,59.986703,-7.242771,1.055543,59.986334,-4.917742,1.040555,59.986844,-7.416200,1.016861,59.987618,-8.298006,1.017191,59.988012,-7.433070,1.019112,59.988109,-6.854481,1.009546,59.987998,-8.754287,1.008513,59.987944,-9.182521,1.032545,59.987331,-8.906801,1.027550,59.988165,-4.634848,1.023662,59.988142,-5.389777,1.013538,59.988085,-5.352713,1.025462,59.988028,-5.223606,1.024012,59.987695,-6.588239,1.028200,59.987120,-6.643810,1.042746,59.986867,-5.281210,1.044653,59.986762,-6.263681,1.042029,59.986796,-7.078664,1.056320,59.986599,-0.708972,0.996634,59.986501,-1.581203,1.042566,59.986850,-3.165748,1.057488,59.986820,0.753976,1.052959,59.986820,0.580514,1.047707,59.986865,-5.175664,1.063503,59.986214,-3.682034,1.061471,59.986234,-4.694230,1.048905,59.986488,-6.429241,1.057703,59.985825,-1.561153,1.055767,59.985668,0.895819,1.050184,59.985788,-2.820078,0.984361,59.989364,0.119277,0.985385,59.988994,2.438882,0.999063,59.986488,3.935751,1.013283,59.986364,3.042973,1.051836,59.986789,5.153507,1.065795,59.986764,7.544966,1.030230,59.985862,2.339005,1.026879,59.985310,7.211449,1.028614,59.986919,-8.653987,0.999784,0.999892,0.999855,0.999769,0.999774,0.999750,0.999743,0.999724,-42.433675,0.000000,5.224310,11.681795,4.238900,12.834088,20.573190,-38.407766,288.383297,447.800150,209.391350,467.503357,6.717002,286.592096,294.652499,141.504847,562.436988,245.394482,221.661074,276.382253,200.614467,124.488442,251.663684,184.493662,253.902685,8.239523,988.742731,2.149441,164.790455,75.230425,157.625653,78.812826,137.026846,28.927890,26.868009,92.246831,102.994034,75.767785,-82.574348,42.272334,15.225205,67.617823,24.718568,24.091648,4.119761,223.900075
8.500000,1.049389,59.986828,-7.247550,1.055598,59.986620,-4.924458,1.040591,59.987059,-7.419561,1.016865,59.987753,-8.296145,1.017181,59.988107,-7.428548,1.019100,59.988198,-6.849289,1.009535,59.988085,-8.749903,1.008503,59.988029,-9.178535,1.032549,59.987381,-8.907392,1.027536,59.988264,-4.629207,1.023649,59.988238,-5.384316,1.013526,59.988186,-5.347638,1.025452,59.988135,-5.218914,1.024012,59.987824,-6.585851,1.028219,59.987281,-6.645420,1.042772,59.987042,-5.284586,1.044685,59.986951,-6.267749,1.042063,59.986995,-7.082439,1.056335,59.986769,-0.714301,0.996643,59.986667,-1.587256,1.042593,59.987025,-3.169242,1.057515,59.986996,0.750270,1.052985,59.986997,0.576809,1.047732,59.987040,-5.179050,1.063549,59.986494,-3.689642,1.061525,59.986439,-4.702029,1.048950,59.986687,-6.435240,1.057770,59.985983,-1.572117,1.055836,59.985808,0.883646,1.050268,59.986239,-2.829986,0.984331,59.989370,0.133144,0.985356,59.989066,2.450380,0.999073,59.986658,3.929622,1.013283,59.986525,3.035910,1.051863,59.986966,5.149581,1.065820,59.986943,7.540871,1.030267,59.986190,2.329074,1.026944,59.985411,7.196518,1.028627,59.986945,-8.657658,0.999783,0.999889,0.999856,0.999772,0.999776,0.999757,0.999742,0.999740,-42.480036,0.000000,5.209144,11.629897,4.188619,12.774619,20.508975,-38.476392,288.383297,447.800150,209.391350,467.503357,6.717002,286.592096,294.652499,141.504847,562.436988,245.394482,221.661074,276.382253,200.614467,124.488442,251.663684,184.493662,253.902685,8.239523,988.742731,2.149441,164.790455,75.230425,157.625653,78.812826,137.026846,28.927890,26.868009,92.246831,102.994034,75.767785,-82.574348,42.272334,15.225205,67.617823,24.718568,24.091648,4.119761,223.900075
8.520000,1.049418,59.986958,-7.252698,1.055652,59.986913,-4.930370,1.040627,59.987274,-7.422661,1.016870,59.987879,-8.294643,1.017171,59.988186,-7.424705,1.019087,59.988269,-6.844828,1.009525,59.988156,-8.746256,1.008494,59.988100,-9.175287,1.032551,59.987426,-8.908937,1.027522,59.988343,-4.624232,1.023636,59.988315,-5.379539,1.013514,59.988270,-5.343202,1.025442,59.988225,-5.214816,1.024012,59.987940,-6.583882,1.028237,59.987440,-6.647171,1.042797,59.987218,-5.287984,1.044718,59.987144,-6.271727,1.042097,59.987197,-7.086059,1.056351,59.986946,-0.719665,0.996652,59.986843,-1.593360,1.042619,59.987202,-3.172755,1.057541,59.987174,0.746550,1.053011,59.987174,0.573091,1.047757,59.987217,-5.182458,1.063594,59.986785,-3.696474,1.061580,59.986655,-4.709593,1.048996,59.986892,-6.441066,1.057842,59.986158,-1.583153,1.055909,59.985969,0.871287,1.050351,59.986704,-2.837867,0.984301,59.989338,0.145595,0.985327,59.989104,2.460953,0.999084,59.986836,3.923462,1.013283,59.986699,3.028777,1.051889,59.987144,5.145643,1.065844,59.987123,7.536780,1.030303,59.986533,2.320288,1.027014,59.985537,7.181135,1.028639,59.986972,-8.662427,0.999783,0.999884,0.999856,0.999775,0.999778,0.999765,0.999742,0.999757,-42.524841,0.000000,5.195748,11.580938,4.140973,12.720166,20.446272,-38.536088,288.383297,447.800150,209.391350,467.503357,6.717002,286.592096,294.652499,141.504847,562.436988,245.394482,221.661074,276.382253,200.614467,124.488442,251.663684,184.493662,253.902685,8.239523,988.742731,2.149441,164.790455,75.230425,157.625653,78.812826,137.026846,28.927890,26.868009,92.246831,102.994034,75.767785,-82.574348,42.272334,15.225205,67.617823,24.718568,24.091648,4.119761,223.900075
8.540000,1.049445,59.987090,-7.258143,1.055706,59.987211,-4.935392,1.040662,59.987489,-7.425456,1.016875,59.987994,-8.293528,1.017162,59.988249,-7.421611,1.019076,59.988322,-6.841178,1.009515,59.988211,-8.743411,1.008485,59.988157,-9.172838,1.032554,59.987467,-8.911420,1.027509,59.988404,-4.620012,1.023623,59.988373,-5.375534,1.013503,59.988336,-5.339487,1.025432,59.988299,-5.211389,1.024013,59.988045,-6.582369,1.028256,59.987596,-6.649035,1.042822,59.987395,-5.291350,1.044752,59.987338,-6.275552,1.042132,59.987399,-7.089469,1.056366,59.987128,-0.724971,0.996660,59.987026,-1.599406,1.042645,59.987380,-3.176233,1.057568,59.987352,0.742868,1.053038,59.987353,0.569414,1.047783,59.987394,-5.185832,1.063639,59.987082,-3.702426,1.061638,59.986880,-4.716803,1.049044,59.987104,-6.446628,1.057917,59.986351,-1.594091,1.055987,59.986150,0.858931,1.050433,59.987176,-2.843611,0.984271,59.989272,0.156417,0.985299,59.989109,2.470405,0.999095,59.987022,3.917381,1.013283,59.986884,3.021703,1.051916,59.987322,5.141743,1.065869,59.987303,7.532741,1.030337,59.986886,2.312776,1.027089,59.985689,7.165532,1.028651,59.987002,-8.668230,0.999783,0.999878,0.999854,0.999778,0.999781,0.999773,0.999743,0.999775,-42.567349,0.000000,5.184310,11.535760,4.096844,12.671657,20.386117,-38.585905,288.383297,447.800150,209.391350,467.503357,6.717002,286.592096,294.652499,141.504847,562.436988,245.394482,221.661074,276.382253,200.614467,124.488442,251.663684,184.493662,253.902685,8.239523,988.742731,2.149441,164.790455,75.230425,157.625653,78.812826,137.026846,28.927890,26.868009,92.246831,102.994034,75.767785,-82.574348,42.272334,15.225205,67.617823,24.718568,24.091648,4.119761,223.900075
8.560000,1.049471,59.987224,-7.263818,1.055759,59.987509,-4.939460,1.040697,59.987700,-7.427910,1.016881,59.988098,-8.292827,1.017155,59.988297,-7.419323,1.019066,59.988360,-6.838406,1.009506,59.988253,-8.741421,1.008477,59.988200,-9.171234,1.032558,59.987503,-8.914820,1.027498,59.988447,-4.616627,1.023613,59.988415,-5.372375,1.013494,59.988386,-5.336562,1.025425,59.988356,-5.208697,1.024016,59.988139,-6.581344,1.028275,59.987748,-6.650986,1.042847,59.987572,-5.294633,1.044785,59.987533,-6.279167,1.042166,59.987600,-7.092618,1.056382,59.987316,-0.730131,0.996669,59.987217,-1.605289,1.042671,59.987557,-3.179626,1.057594,59.987529,0.739273,1.053064,59.987530,0.565825,1.047808,59.987571,-5.189123,1.063682,59.987381,-3.707416,1.061696,59.987112,-4.723553,1.049092,59.987319,-6.451842,1.057995,59.986559,-1.604762,1.056068,59.986349,0.846768,1.050513,59.987646,-2.847153,0.984244,59.989175,0.165427,0.985273,59.989083,2.478564,0.999106,59.987216,3.911481,1.013282,59.987080,3.014816,1.051942,59.987499,5.137931,1.065892,59.987482,7.528804,1.030371,59.987244,2.306639,1.027169,59.985867,7.149950,1.028663,59.987035,-8.674998,0.999783,0.999870,0.999851,0.999782,0.999784,0.999782,0.999744,0.999792,-42.606892,0.000000,5.174982,11.495126,4.057035,12.629896,20.329494,-38.625094,288.383297,447.800150,209.391350,467.503357,6.717002,286.592096,294.652499,141.504847,562.436988,245.394482,221.661074,276.382253,200.614467,124.488442,251.663684,184.493662,253.902685,8.239523,988.742731,2.149441,164.790455,75.230425,157.625653,78.812826,137.026846,28.927890,26.868009,92.246831,102.994034,75.767785,-82.574348,42.272334,15.225205,67.617823,24.718568,24.091648,4.119761,223.900075
8.580000,1.049496,59.987359,-7.269661,1.055810,59.987803,-4.942534,1.040731,59.987907,-7.429998,1.016888,59.988191,-8.292560,1.017149,59.988331,-7.417890,1.019058,59.988383,-6.836567,1.009500,59.988281,-8.740329,1.008472,59.988231,-9.170513,1.032562,59.987537,-8.919106,1.027489,59.988474,-4.614145,1.023604,59.988441,-5.370125,1.013486,59.988420,-5.334487,1.025419,59.988399,-5.206796,1.024019,59.988221,-6.580835,1.028295,59.987895,-6.653000,1.042873,59.987748,-5.297786,1.044819,59.987726,-6.282524,1.042200,59.987798,-7.095468,1.056397,59.987508,-0.735057,0.996678,59.987414,-1.610905,1.042698,59.987733,-3.182887,1.057621,59.987705,0.735812,1.053090,59.987706,0.562372,1.047834,59.987747,-5.192283,1.063725,59.987680,-3.711387,1.061755,59.987349,-4.729746,1.049140,59.987536,-6.456634,1.058076,59.986782,-1.615004,1.056153,59.986566,0.834985,1.050590,59.988110,-2.848471,0.984218,59.989051,0.172475,0.985249,59.989031,2.485279,0.999117,59.987415,3.905864,1.013282,59.987284,3.008240,1.051968,59.987675,5.134253,1.065916,59.987660,7.525011,1.030402,59.987603,2.301949,1.027251,59.986071,7.134630,1.028674,59.987070,-8.682655,0.999783,0.999861,0.999848,0.999786,0.999787,0.999791,0.999746,0.999810,-42.642876,0.000000,5.167873,11.459706,4.022264,12.595543,20.277321,-38.653120,288.383297,447.800150,209.391350,467.503357,6.717002,286.592096,294.652499,141.504847,562.436988,245.394482,221.661074,276.382253,200.614467,124.488442,251.663684,184.493662,253.902685,8.239523,988.742731,2.149441,164.790455,75.230425,157.625653,78.812826,137.026846,28.927890,26.868009,92.246831,102.994034,75.767785,-82.574348,42.272334,15.225205,67.617823,24.718568,24.091648,4.119761,223.900075
8.600000,1.049519,59.987493,-7.275618,1.055860,59.988090,-4.944598,1.040765,59.988107,-7.431708,1.016897,59.988275,-8.292746,1.017146,59.988353,-7.417347,1.019052,59.988393,-6.835704,1.009495,59.988298,-8.740166,1.008468,59.988251,-9.170699,1.032566,59.987568,-8.924240,1.027483,59.988485,-4.612618,1.023598,59.988453,-5.368832,1.013482,59.988440,-5.333308,1.025416,59.988428,-5.205729,1.024025,59.988292,-6.580861,1.028315,59.988038,-6.655054,1.042899,59.987920,-5.300768,1.044853,59.987916,-6.285581,1.042234,59.987992,-7.097988,1.056413,59.987702,-0.739669,0.996686,59.987616,-1.616159,1.042724,59.987906,-3.185975,1.057647,59.987878,0.732527,1.053116,59.987880,0.559096,1.047860,59.987919,-5.195270,1.063767,59.987975,-3.714302,1.061813,59.987589,-4.735297,1.049188,59.987753,-6.460941,1.058158,59.987018,-1.624664,1.056238,59.986800,0.823760,1.050666,59.988559,-2.847594,0.984196,59.988904,0.177447,0.985229,59.988955,2.490428,0.999128,59.987619,3.900626,1.013280,59.987496,3.002093,1.051994,59.987849,5.130752,1.065939,59.987834,7.521405,1.030433,59.987957,2.298745,1.027336,59.986299,7.119811,1.028685,59.987109,-8.691120,0.999783,0.999851,0.999843,0.999790,0.999791,0.999800,0.999750,0.999827,-42.674798,0.000000,5.163050,11.430073,3.993151,12.569106,20.230439,-38.669665,288.383297,447.800150,209.391350,467.503357,6.717002,286.592096,294.652499,141.504847,562.436988,245.394482,221.661074,276.382253,200.614467,124.488442,251.663684,184.493662,253.902685,8.239523,988.742731,2.149441,164.790455,75.230425,157.625653,78.812826,137.026846,28.927890,26.868009,92.246831,102.994034,75.767785,-82.574348,42.272334,15.225205,67.617823,24.718568,24.091648,4.119761,223.900075
8.620000,1.049540,59.987624,-7.281638,1.055909,59.988367,-4.945657,1.040798,59.988298,-7.433035,1.016907,59.988348,-8.293396,1.017145,59.988363,-7.417716,1.019050,59.988391,-6.835842,1.009494,59.988304,-8.740949,1.008467,59.988261,-9.171807,1.032572,59.987598,-8.930178,1.027480,59.988484,-4.612083,1.023595,59.988452,-5.368532,1.013480,59.988449,-5.333056,1.025416,59.988445,-5.205526,1.024032,59.988354,-6.581436,1.028336,59.988174,-6.657127,1.042924,59.988089,-5.303543,1.044886,59.988102,-6.288305,1.042267,59.988180,-7.100157,1.056428,59.987898,-0.743894,0.996694,59.987821,-1.620963,1.042750,59.988075,-3.188854,1.057673,59.988048,0.729455,1.053141,59.988049,0.556034,1.047885,59.988088,-5.198051,1.063808,59.988261,-3.716150,1.061871,59.987829,-4.740138,1.049236,59.987968,-6.464710,1.058240,59.987264,-1.633597,1.056324,59.987048,0.813265,1.050739,59.988987,-2.844590,0.984178,59.988740,0.180266,0.985212,59.988858,2.493916,0.999139,59.987827,3.895856,1.013279,59.987715,2.996485,1.052020,59.988019,5.127466,1.065962,59.988005,7.518021,1.030462,59.988302,2.297033,1.027421,59.986552,7.105727,1.028696,59.987151,-8.700312,0.999783,0.999841,0.999838,0.999794,0.999795,0.999808,0.999754,0.999843,-42.702247,0.000000,5.160540,11.406685,3.970204,12.550938,20.189594,-38.674632,288.383297,447.800150,209.391350,467.503357,6.717002,286.592096,294.652499,141.504847,562.436988,245.394482,221.661074,276.382253,200.614467,124.488442,251.663684,184.493662,253.902685,8.239523,988.742731,2.149441,164.790455,75.230425,157.625653,78.812826,137.026846,28.927890,26.868009,92.246831,102.994034,75.767785,-82.574348,42.272334,15.225205,67.617823,24.718568,24.091648,4.119761,223.900075
8.640000,1.049560,59.987753,-7.287681,1.055955,59.988630,-4.945740,1.040830,59.988478,-7.433989,1.016920,59.988411,-8.294520,1.017148,59.988364,-7.419008,1.019050,59.988379,-6.836994,1.009495,59.988302,-8.742684,1.008469,59.988262,-9.173837,1.032578,59.987625,-8.936868,1.027480,59.988472,-4.612563,1.023595,59.988440,-5.369241,1.013481,59.988446,-5.333751,1.025418,59.988451,-5.206205,1.024042,59.988406,-6.582568,1.028357,59.988304,-6.659200,1.042949,59.988252,-5.306082,1.044918,59.988282,-6.290673,1.042300,59.988360,-7.101963,1.056442,59.988093,-0.747667,0.996701,59.988028,-1.625238,1.042776,59.988239,-3.191494,1.057699,59.988213,0.726626,1.053166,59.988214,0.553215,1.047910,59.988252,-5.200595,1.063847,59.988536,-3.716943,1.061928,59.988067,-4.744213,1.049282,59.988179,-6.467903,1.058320,59.987518,-1.641675,1.056408,59.987309,0.803659,1.050809,59.989389,-2.839573,0.984163,59.988564,0.180891,0.985199,59.988746,2.495679,0.999149,59.988036,3.891632,1.013276,59.987938,2.991514,1.052045,59.988184,5.124429,1.065985,59.988172,7.514893,1.030489,59.988633,2.296790,1.027506,59.986826,7.092603,1.028706,59.987196,-8.710142,0.999783,0.999830,0.999832,0.999798,0.999799,0.999817,0.999759,0.999858,-42.724912,0.000000,5.160325,11.389887,3.953819,12.541229,20.155427,-38.668143,288.383297,447.800150,209.391350,467.503357,6.717002,286.592096,294.652499,141.504847,562.436988,245.394482,221.661074,276.382253,200.614467,124.488442,251.663684,184.493662,253.902685,8.239523,988.742731,2.149441,164.790455,75.230425,157.625653,78.812826,137.026846,28.927890,26.868009,92.246831,102.994034,75.767785,-82.574348,42.272334,15.225205,67.617823,24.718568,24.091648,4.119761,223.900075
8.660000,1.049577,59.987876,-7.293711,1.055999,59.988875,-4.944898,1.040861,59.988647,-7.434588,1.016933,59.988465,-8.296121,1.017153,59.988358,-7.421220,1.019054,59.988359,-6.839158,1.009500,59.988292,-8.745361,1.008474,59.988257,-9.176778,1.032586,59.987652,-8.944254,1.027483,59.988451,-4.614065,1.023598,59.988420,-5.370965,1.013486,59.988435,-5.335395,1.025424,59.988449,-5.207771,1.024054,59.988449,-6.584256,1.028377,59.988427,-6.661260,1.042974,59.988410,-5.308362,1.044950,59.988455,-6.292668,1.042331,59.988531,-7.103405,1.056455,59.988287,-0.750933,0.996707,59.988234,-1.628915,1.042801,59.988396,-3.193872,1.057723,59.988371,0.724067,1.053190,59.988373,0.550667,1.047935,59.988409,-5.202879,1.063885,59.988796,-3.716714,1.061983,59.988301,-4.747484,1.049327,59.988384,-6.470493,1.058398,59.987779,-1.648780,1.056490,59.987579,0.795086,1.050876,59.989759,-2.832697,0.984153,59.988380,0.179320,0.985190,59.988621,2.495683,0.999159,59.988245,3.888025,1.013273,59.988163,2.987268,1.052068,59.988344,5.121669,1.066006,59.988332,7.512046,1.030514,59.988947,2.297963,1.027588,59.987119,7.080648,1.028716,59.987245,-8.720523,0.999783,0.999818,0.999825,0.999803,0.999804,0.999825,0.999764,0.999871,-42.742583,0.000000,5.162352,11.379902,3.944268,12.540010,20.128470,-38.650535,288.383297,447.800150,209.391350,467.503357,6.717002,286.592096,294.652499,141.504847,562.436988,245.394482,221.661074,276.382253,200.614467,124.488442,251.663684,184.493662,253.902685,8.239523,988.742731,2.149441,164.790455,75.230425,157.625653,78.812826,137.026846,28.927890,26.868009,92.246831,102.994034,75.767785,-82.574348,42.272334,15.225205,67.617823,24.718568,24.091648,4.119761,223.900075
8.680000,1.049593,59.987994,-7.299701,1.056040,59.989101,-4.943202,1.040891,59.988801,-7.434860,1.016949,59.988510,-8.298197,1.017161,59.988344,-7.424335,1.019061,59.988334,-6.842317,1.009507,59.988276,-8.748961,1.008481,59.988246,-9.180608,1.032594,59.987679,-8.952271,1.027489,59.988422,-4.616579,1.023605,59.988393,-5.373691,1.013494,59.988416,-5.337979,1.025433,59.988439,-5.210215,1.024067,59.988484,-6.586492,1.028398,59.988543,-6.663292,1.042997,59.988559,-5.310367,1.044980,59.988618,-6.294287,1.042361,59.988691,-7.104490,1.056467,59.988476,-0.753646,0.996712,59.988439,-1.631940,1.042824,59.988547,-3.195970,1.057747,59.988523,0.721797,1.053213,59.988525,0.548406,1.047958,59.988559,-5.204889,1.063921,59.989038,-3.715518,1.062035,59.988527,-4.749927,1.049369,59.988581,-6.472466,1.058472,59.988044,-1.654815,1.056568,59.987858,0.787673,1.050940,59.990091,-2.824152,0.984148,59.988194,0.175588,0.985186,59.988488,2.493926,0.999168,59.988452,3.885090,1.013268,59.988388,2.983820,1.052091,59.988498,5.119210,1.066027,59.988486,7.509504,1.030538,59.989238,2.300469,1.027667,59.987429,7.070057,1.028726,59.987296,-8.731364,0.999783,0.999807,0.999819,0.999808,0.999809,0.999833,0.999771,0.999884,-42.755150,0.000000,5.166527,11.376829,3.941703,12.547151,20.109131,-38.622348,288.383297,447.800150,209.391350,467.503357,6.717002,286.592096,294.652499,141.504847,562.436988,245.394482,221.661074,276.382253,200.614467,124.488442,251.663684,184.493662,253.902685,8.239523,988.742731,2.149441,164.790455,75.230425,157.625653,78.812826,137.026846,28.927890,26.868009,92.246831,102.994034,75.767785,-82.574348,42.272334,15.225205,67.617823,24.718568,24.091648,4.119761,223.900075
8.700000,1.049607,59.988105,-7.305630,1.056079,59.989304,-4.940741,1.040919,59.988941,-7.434843,1.016966,59.988548,-8.300740,1.017172,59.988326,-7.428325,1.019071,59.988304,-6.846439,1.009517,59.988257,-8.753448,1.008492,59.988232,-9.185290,1.032604,59.987706,-8.960853,1.027499,59.988388,-4.620080,1.023615,59.988361,-5.377393,1.013504,59.988392,-5.341479,1.025444,59.988423,-5.213515,1.024082,59.988513,-6.589263,1.028418,59.988650,-6.665288,1.043018,59.988701,-5.312089,1.045007,59.988771,-6.295532,1.042389,59.988839,-7.105235,1.056478,59.988661,-0.755772,0.996714,59.988639,-1.634269,1.042846,59.988689,-3.197778,1.057768,59.988668,0.719828,1.053234,59.988669,0.546446,1.047979,59.988700,-5.206615,1.063954,59.989259,-3.713431,1.062082,59.988745,-4.751536,1.049408,59.988769,-6.473822,1.058541,59.988309,-1.659699,1.056641,59.988141,0.781529,1.051000,59.990381,-2.814159,0.984147,59.988011,0.169767,0.985186,59.988352,2.490436,0.999175,59.988655,3.882872,1.013261,59.988611,2.981229,1.052112,59.988644,5.117067,1.066046,59.988633,7.507281,1.030559,59.989504,2.304202,1.027740,59.987752,7.061001,1.028736,59.987351,-8.742575,0.999784,0.999795,0.999812,0.999812,0.999814,0.999840,0.999778,0.999894,-42.762607,0.000000,5.172724,11.380643,3.946148,12.562371,20.097693,-38.584314,288.383297,447.800150,209.391350,467.503357,6.717002,286.592096,294.652499,141.504847,562.436988,245.394482,221.661074,276.382253,200.614467,124.488442,251.663684,184.493662,253.902685,8.239523,988.742731,2.149441,164.790455,75.230425,157.625653,78.812826,137.026846,28.927890,26.868009,92.246831,102.994034,75.767785,-82.574348,42.272334,15.225205,67.617823,24.718568,24.091648,4.119761,223.900075
8.720000,1.049619,59.988209,-7.311482,1.056114,59.989482,-4.937619,1.040944,59.989065,-7.434583,1.016983,59.988578,-8.303740,1.017186,59.988306,-7.433149,1.019084,59.988271,-6.851479,1.009530,59.988235,-8.758778,1.008504,59.988215,-9.190780,1.032614,59.987734,-8.969926,1.027511,59.988352,-4.624529,1.023627,59.988327,-5.382028,1.013518,59.988365,-5.345855,1.025458,59.988404,-5.217636,1.024099,59.988535,-6.592548,1.028436,59.988748,-6.667242,1.043038,59.988832,-5.313527,1.045033,59.988913,-6.296417,1.042415,59.988973,-7.105666,1.056486,59.988839,-0.757292,0.996715,59.988833,-1.635874,1.042866,59.988822,-3.199295,1.057787,59.988803,0.718167,1.053253,59.988804,0.544791,1.047999,59.988832,-5.208058,1.063985,59.989457,-3.710547,1.062126,59.988951,-4.752320,1.049443,59.988944,-6.474573,1.058603,59.988572,-1.663371,1.056706,59.988425,0.776739,1.051056,59.990626,-2.802969,0.984150,59.987834,0.161963,0.985191,59.988215,2.485272,0.999182,59.988853,3.881402,1.013253,59.988830,2.979536,1.052130,59.988783,5.115252,1.066062,59.988772,7.505387,1.030578,59.989741,2.309029,1.027806,59.988085,7.053628,1.028745,59.987410,-8.754065,0.999785,0.999785,0.999805,0.999817,0.999819,0.999846,0.999786,0.999903,-42.765043,0.000000,5.180784,11.391199,3.957505,12.585246,20.094308,-38.537339,288.383297,447.800150,209.391350,467.503357,6.717002,286.592096,294.652499,141.504847,562.436988,245.394482,221.661074,276.382253,200.614467,124.488442,251.663684,184.493662,253.902685,8.239523,988.742731,2.149441,164.790455,75.230425,157.625653,78.812826,137.026846,28.927890,26.868009,92.246831,102.994034,75.767785,-82.574348,42.272334,15.225205,67.617823,24.718568,24.091648,4.119761,223.900075
8.740000,1.049630,59.988304,-7.317249,1.056145,59.989634,-4.933956,1.040967,59.989172,-7.434131,1.017001,59.988601,-8.307178,1.017201,59.988283,-7.438755,1.019099,59.988239,-6.857378,1.009544,59.988213,-8.764893,1.008519,59.988197,-9.197019,1.032625,59.987764,-8.979414,1.027526,59.988314,-4.629872,1.023642,59.988291,-5.387542,1.013533,59.988337,-5.351059,1.025473,59.988382,-5.222533,1.024116,59.988553,-6.596320,1.028453,59.988838,-6.669151,1.043055,59.988954,-5.314686,1.045055,59.989042,-6.296961,1.042437,59.989094,-7.105815,1.056492,59.989008,-0.758194,0.996714,59.989019,-1.636740,1.042882,59.988945,-3.200525,1.057803,59.988929,0.716814,1.053269,59.988929,0.543442,1.048015,59.988953,-5.209222,1.064013,59.989629,-3.706973,1.062164,59.989144,-4.752303,1.049474,59.989106,-6.474743,1.058657,59.988830,-1.665793,1.056763,59.988708,0.773369,1.051108,59.990823,-2.790854,0.984158,59.987669,0.152313,0.985199,59.988084,2.478521,0.999186,59.989043,3.880695,1.013242,59.989042,2.978768,1.052145,59.988912,5.113768,1.066077,59.988902,7.503828,1.030594,59.989947,2.314800,1.027864,59.988425,7.048061,1.028754,59.987471,-8.765746,0.999785,0.999774,0.999799,0.999821,0.999824,0.999851,0.999795,0.999910,-42.762644,0.000000,5.190522,11.408232,3.975557,12.615217,20.099001,-38.482483,288.383297,447.800150,209.391350,467.503357,6.717002,286.592096,294.652499,141.504847,562.436988,245.394482,221.661074,276.382253,200.614467,124.488442,251.663684,184.493662,253.902685,8.239523,988.742731,2.149441,164.790455,75.230425,157.625653,78.812826,137.026846,28.927890,26.868009,92.246831,102.994034,75.767785,-82.574348,42.272334,15.225205,67.617823,24.718568,24.091648,4.119761,223.900075
8.760000,1.049638,59.988391,-7.322926,1.056172,59.989758,-4.929881,1.040987,59.989262,-7.433544,1.017019,59.988619,-8.311032,1.017218,59.988261,-7.445079,1.019115,59.988207,-6.864066,1.009560,59.988191,-8.771725,1.008535,59.988180,-9.203942,1.032637,59.987795,-8.989238,1.027543,59.988277,-4.636042,1.023658,59.988257,-5.393866,1.013551,59.988308,-5.357027,1.025490,59.988360,-5.228148,1.024133,59.988566,-6.600545,1.028467,59.988918,-6.671014,1.043068,59.989064,-5.315580,1.045073,59.989158,-6.297194,1.042457,59.989199,-7.105723,1.056494,59.989166,-0.758482,0.996709,59.989195,-1.636868,1.042896,59.989057,-3.201477,1.057816,59.989044,0.715761,1.053282,59.989044,0.542390,1.048029,59.989063,-5.210120,1.064037,59.989776,-3.702831,1.062195,59.989321,-4.751524,1.049500,59.989254,-6.474369,1.058702,59.989081,-1.666946,1.056811,59.988987,0.771460,1.051155,59.990970,-2.778102,0.984169,59.987520,0.140984,0.985211,59.987960,2.470295,0.999188,59.989222,3.880753,1.013229,59.989246,2.978930,1.052157,59.989031,5.112613,1.066088,59.989021,7.502600,1.030608,59.990119,2.321348,1.027913,59.988766,7.044393,1.028763,59.987536,-8.777529,0.999786,0.999765,0.999793,0.999825,0.999829,0.999856,0.999803,0.999914,-42.755679,0.000000,5.201730,11.431370,3.999973,12.651606,20.111664,-38.420939,288.383297,447.800150,209.391350,467.503357,6.717002,286.592096,294.652499,141.504847,562.436988,245.394482,221.661074,276.382253,200.614467,124.488442,251.663684,184.493662,253.902685,8.239523,988.742731,2.149441,164.790455,75.230425,157.625653,78.812826,137.026846,28.927890,26.868009,92.246831,102.994034,75.767785,-82.574348,42.272334,15.225205,67.617823,24.718568,24.091648,4.119761,223.900075
8.780000,1.049644,59.988468,-7.328515,1.056194,59.989854,-4.925533,1.041003,59.989334,-7.432885,1.017037,59.988631,-8.315277,1.017236,59.988241,-7.452050,1.019133,59.988179,-6.871461,1.009578,59.988171,-8.779198,1.008552,59.988165,-9.211473,1.032649,59.987830,-8.999316,1.027561,59.988243,-4.642959,1.023676,59.988225,-5.400922,1.013569,59.988282,-5.363685,1.025508,59.988338,-5.234413,1.024150,59.988575,-6.605185,1.028479,59.988989,-6.672835,1.043078,59.989162,-5.316227,1.045087,59.989259,-6.297151,1.042472,59.989289,-7.105436,1.056493,59.989314,-0.758171,0.996702,59.989360,-1.636273,1.042905,59.989157,-3.202169,1.057825,59.989148,0.714995,1.053291,59.989148,0.541622,1.048039,59.989162,-5.210772,1.064058,59.989894,-3.698253,1.062220,59.989482,-4.750036,1.049519,59.989386,-6.473496,1.058737,59.989321,-1.666832,1.056847,59.989257,0.771028,1.051198,59.991066,-2.765014,0.984183,59.987389,0.128170,0.985225,59.987847,2.460735,0.999187,59.989391,3.881562,1.013213,59.989438,2.980015,1.052164,59.989141,5.111779,1.066095,59.989131,7.501696,1.030619,59.990258,2.328492,1.027950,59.989106,7.042686,1.028772,59.987603,-8.789328,0.999787,0.999757,0.999787,0.999829,0.999833,0.999860,0.999813,0.999917,-42.744501,0.000000,5.214180,11.460135,4.030313,12.693631,20.132063,-38.354009,288.383297,447.800150,209.391350,467.503357,6.717002,286.592096,294.652499,141.504847,562.436988,245.394482,221.661074,276.382253,200.614467,124.488442,251.663684,184.493662,253.902685,8.239523,988.742731,2.149441,164.790455,75.230425,157.625653,78.812826,137.026846,28.927890,26.868009,92.246831,102.994034,75.767785,-82.574348,42.272334,15.225205,67.617823,24.718568,24.091648,4.119761,223.900075
8.800000,1.049648,59.988536,-7.334019,1.056212,59.989921,-4.921054,1.041016,59.989388,-7.432216,1.017053,59.988640,-8.319879,1.017254,59.988223,-7.459585,1.019152,59.988155,-6.879473,1.009596,59.988155,-8.787227,1.008569,59.988153,-9.219528,1.032661,59.987867,-9.009566,1.027579,59.988213,-4.650532,1.023695,59.988197,-5.408618,1.013588,59.988259,-5.370950,1.025526,59.988319,-5.241251,1.024166,59.988583,-6.610196,1.028487,59.989051,-6.674618,1.043084,59.989248,-5.316652,1.045096,59.989346,-6.296874,1.042482,59.989363,-7.105003,1.056488,59.989448,-0.757290,0.996690,59.989511,-1.634982,1.042910,59.989245,-3.202623,1.057829,59.989241,0.714498,1.053295,59.989240,0.541118,1.048044,59.989248,-5.211201,1.064075,59.989985,-3.693380,1.062236,59.989624,-4.747906,1.049532,59.989500,-6.472180,1.058760,59.989548,-1.665475,1.056872,59.989516,0.772065,1.051236,59.991111,-2.751894,0.984200,59.987281,0.114083,0.985242,59.987749,2.449998,0.999183,59.989546,3.883094,1.013194,59.989617,2.981995,1.052167,59.989239,5.111252,1.066099,59.989230,7.501103,1.030626,59.990361,2.336043,1.027975,59.989440,7.042970,1.028780,59.987673,-8.801061,0.999788,0.999750,0.999782,0.999833,0.999838,0.999863,0.999822,0.999917,-42.729529,0.000000,5.227631,11.493956,4.066043,12.740421,20.159843,-38.283076,288.383297,447.800150,209.391350,467.503357,6.717002,286.592096,294.652499,141.504847,562.436988,245.394482,221.661074,276.382253,200.614467,124.488442,251.663684,184.493662,253.902685,8.239523,988.742731,2.149441,164.790455,75.230425,157.625653,78.812826,137.026846,28.927890,26.868009,92.246831,102.994034,75.767785,-82.574348,42.272334,15.225205,67.617823,24.718568,24.091648,4.119761,223.900075
8.820000,1.049650,59.988595,-7.339444,1.056224,59.989959,-4.916590,1.041024,59.989425,-7.431604,1.017067,59.988645,-8.324805,1.017272,59.988210,-7.467597,1.019170,59.988136,-6.888002,1.009613,59.988144,-8.795718,1.008586,59.988145,-9.228020,1.032672,59.987907,-9.019903,1.027597,59.988189,-4.658664,1.023713,59.988175,-5.416856,1.013606,59.988240,-5.378731,1.025544,59.988304,-5.248578,1.024181,59.988589,-6.615528,1.028491,59.989102,-6.676371,1.043084,59.989321,-5.316884,1.045100,59.989417,-6.296410,1.042488,59.989420,-7.104480,1.056479,59.989567,-0.755875,0.996675,59.989647,-1.633039,1.042910,59.989321,-3.202868,1.057828,59.989321,0.714246,1.053294,59.989320,0.540855,1.048044,59.989321,-5.211439,1.064087,59.990046,-3.688353,1.062245,59.989746,-4.745208,1.049538,59.989597,-6.470486,1.058771,59.989760,-1.662922,1.056883,59.989762,0.774539,1.051269,59.991106,-2.739045,0.984218,59.987197,0.098958,0.985261,59.987669,2.438264,0.999176,59.989686,3.885308,1.013172,59.989780,2.984826,1.052165,59.989326,5.111013,1.066097,59.989317,7.500802,1.030630,59.990428,2.343807,1.027987,59.989763,7.045244,1.028788,59.987746,-8.812646,0.999790,0.999744,0.999777,0.999837,0.999843,0.999865,0.999832,0.999916,-42.711247,0.000000,5.241830,11.532184,4.106540,12.791037,20.194533,-38.209577,288.383297,447.800150,209.391350,467.503357,6.717002,286.592096,294.652499,141.504847,562.436988,245.394482,221.661074,276.382253,200.614467,124.488442,251.663684,184.493662,253.902685,8.239523,988.742731,2.149441,164.790455,75.230425,157.625653,78.812826,137.026846,28.927890,26.868009,92.246831,102.994034,75.767785,-82.574348,42.272334,15.225205,67.617823,24.718568,24.091648,4.119761,223.900075
8.840000,1.049650,59.988644,-7.344799,1.056232,59.989970,-4.912284,1.041028,59.989445,-7.431112,1.017080,59.988648,-8.330013,1.017289,59.988202,-7.475991,1.019187,59.988124,-6.896944,1.009630,59.988138,-8.804576,1.008603,59.988143,-9.236852,1.032683,59.987951,-9.030244,1.027615,59.988172,-4.667246,1.023730,59.988160,-5.425532,1.013623,59.988227,-5.386929,1.025560,59.988294,-5.256303,1.024193,59.988594,-6.621131,1.028491,59.989145,-6.678103,1.043080,59.989381,-5.316959,1.045099,59.989473,-6.295809,1.042488,59.989462,-7.103922,1.056465,59.989672,-0.753977,0.996655,59.989766,-1.630499,1.042904,59.989383,-3.202936,1.057821,59.989390,0.714209,1.053288,59.989387,0.540803,1.048040,59.989381,-5.211518,1.064095,59.990080,-3.683319,1.062245,59.989848,-4.742030,1.049537,59.989676,-6.468484,1.058769,59.989953,-1.659237,1.056881,59.989990,0.778393,1.051297,59.991052,-2.726763,0.984238,59.987140,0.083039,0.985280,59.987607,2.425724,0.999165,59.989810,3.888147,1.013145,59.989927,2.988448,1.052157,59.989401,5.111037,1.066091,59.989393,7.500769,1.030631,59.990460,2.351589,1.027985,59.990072,7.049472,1.028795,59.987820,-8.824008,0.999791,0.999739,0.999774,0.999840,0.999847,0.999866,0.999841,0.999912,-42.690185,0.000000,5.256523,11.574097,4.151108,12.844489,20.235557,-38.134976,288.383297,447.800150,209.391350,467.503357,6.717002,286.592096,294.652499,141.504847,562.436988,245.394482,221.661074,276.382253,200.614467,124.488442,251.663684,184.493662,253.902685,8.239523,988.742731,2.149441,164.790455,75.230425,157.625653,78.812826,137.026846,28.927890,26.868009,92.246831,102.994034,75.767785,-82.574348,42.272334,15.225205,67.617823,24.718568,24.091648,4.119761,223.900075
8.860000,1.049647,59.988684,-7.350093,1.056234,59.989954,-4.908275,1.041026,59.989448,-7.430803,1.017089,59.988649,-8.335463,1.017304,59.988200,-7.484669,1.019203,59.988120,-6.906188,1.009645,59.988139,-8.813697,1.008618,59.988147,-9.245927,1.032693,59.987998,-9.040507,1.027630,59.988163,-4.676168,1.023746,59.988153,-5.434532,1.013638,59.988221,-5.395442,1.025575,59.988289,-5.264331,1.024202,59.988599,-6.626950,1.028486,59.989178,-6.679826,1.043070,59.989428,-5.316913,1.045090,59.989514,-6.295125,1.042482,59.989488,-7.103386,1.056446,59.989759,-0.751655,0.996631,59.989868,-1.627429,1.042893,59.989433,-3.202863,1.057809,59.989445,0.714355,1.053276,59.989442,0.540928,1.048029,59.989427,-5.211477,1.064098,59.990086,-3.678422,1.062235,59.989929,-4.738465,1.049527,59.989736,-6.466251,1.058753,59.990125,-1.654506,1.056865,59.990197,0.783548,1.051320,59.990952,-2.715330,0.984258,59.987111,0.066581,0.985299,59.987567,2.412585,0.999149,59.989915,3.891545,1.013115,59.990054,2.992787,1.052143,59.989464,5.111293,1.066078,59.989457,7.500978,1.030628,59.990459,2.359197,1.027969,59.990361,7.055587,1.028802,59.987897,-8.835075,0.999792,0.999736,0.999771,0.999843,0.999850,0.999866,0.999850,0.999907,-42.666915,0.000000,5.271451,11.618919,4.198988,12.899755,20.282240,-38.060738,288.383297,447.800150,209.391350,467.503357,6.717002,286.592096,294.652499,141.504847,562.436988,245.394482,221.661074,276.382253,200.614467,124.488442,251.663684,184.493662,253.902685,8.239523,988.742731,2.149441,164.790455,75.230425,157.625653,78.812826,137.026846,28.927890,26.868009,92.246831,102.994034,75.767785,-82.574348,42.272334,15.225205,67.617823,24.718568,24.091648,4.119761,223.900075
8.880000,1.049643,59.988716,-7.355336,1.056230,59.989912,-4.904697,1.041020,59.989437,-7.430735,1.017094,59.988649,-8.341107,1.017316,59.988205,-7.493529,1.019217,59.988125,-6.915621,1.009658,59.988147,-8.822977,1.008630,59.988157,-9.255145,1.032703,59.988049,-9.050610,1.027644,59.988163,-4.685313,1.023759,59.988155,-5.443744,1.013651,59.988223,-5.404162,1.025586,59.988291,-5.272562,1.024207,59.988605,-6.632926,1.028475,59.989201,-6.681551,1.043053,59.989462,-5.316787,1.045076,59.989540,-6.294413,1.042471,59.989499,-7.102930,1.056422,59.989830,-0.748974,0.996602,59.989952,-1.623906,1.042875,59.989470,-3.202687,1.057789,59.989489,0.714647,1.053257,59.989485,0.541195,1.048012,59.989461,-5.211356,1.064096,59.990065,-3.673800,1.062216,59.989988,-4.734613,1.049509,59.989778,-6.463867,1.058724,59.990276,-1.648829,1.056833,59.990383,0.789902,1.051338,59.990809,-2.705012,0.984277,59.987110,0.049843,0.985318,59.987549,2.399057,0.999130,59.990003,3.895423,1.013081,59.990161,2.997754,1.052123,59.989514,5.111750,1.066060,59.989509,7.501396,1.030621,59.990424,2.366446,1.027937,59.990628,7.063487,1.028809,59.987976,-8.845778,0.999794,0.999735,0.999769,0.999845,0.999854,0.999865,0.999859,0.999899,-42.642031,0.000000,5.286362,11.665836,4.249376,12.955803,20.333827,-37.988296,288.383297,447.800150,209.391350,467.503357,6.717002,286.592096,294.652499,141.504847,562.436988,245.394482,221.661074,276.382253,200.614467,124.488442,251.663684,184.493662,253.902685,8.239523,988.742731,2.149441,164.790455,75.230425,157.625653,78.812826,137.026846,28.927890,26.868009,92.246831,102.994034,75.767785,-82.574348,42.272334,15.225205,67.617823,24.718568,24.091648,4.119761,223.900075
8.900000,1.049637,59.988739,-7.360534,1.056222,59.989847,-4.901671,1.041008,59.989411,-7.430963,1.017096,59.988649,-8.346899,1.017326,59.988217,-7.502468,1.019228,59.988138,-6.925129,1.009669,59.988163,-8.832313,1.008640,59.988174,-9.264403,1.032710,59.988104,-9.060476,1.027654,59.988173,-4.694563,1.023770,59.988165,-5.453052,1.013661,59.988233,-5.412981,1.025594,59.988300,-5.280896,1.024209,59.988612,-6.639002,1.028459,59.989217,-6.683292,1.043031,59.989483,-5.316623,1.045055,59.989551,-6.293728,1.042453,59.989495,-7.102608,1.056392,59.989883,-0.746011,0.996568,59.990016,-1.620017,1.042850,59.989494,-3.202451,1.057764,59.989519,0.715046,1.053232,59.989515,0.541564,1.047989,59.989482,-5.211197,1.064089,59.990020,-3.669584,1.062188,59.990026,-4.730577,1.049483,59.989801,-6.461413,1.058680,59.990402,-1.642324,1.056787,59.990544,0.797334,1.051352,59.990627,-2.696048,0.984295,59.987138,0.033084,0.985335,59.987554,2.385356,0.999105,59.990070,3.899694,1.013042,59.990247,3.003250,1.052096,59.989553,5.112370,1.066036,59.989550,7.501989,1.030611,59.990359,2.373161,1.027891,59.990869,7.073045,1.028815,59.988056,-8.856054,0.999795,0.999735,0.999768,0.999847,0.999857,0.999863,0.999868,0.999890,-42.616145,0.000000,5.301012,11.714004,4.301432,13.011606,20.389488,-37.919030,288.383297,447.800150,209.391350,467.503357,6.717002,286.592096,294.652499,141.504847,562.436988,245.394482,221.661074,276.382253,200.614467,124.488442,251.663684,184.493662,253.902685,8.239523,988.742731,2.149441,164.790455,75.230425,157.625653,78.812826,137.026846,28.927890,26.868009,92.246831,102.994034,75.767785,-82.574348,42.272334,15.225205,67.617823,24.718568,24.091648,4.119761,223.900075
8.920000,1.049629,59.988756,-7.365695,1.056207,59.989761,-4.899309,1.040991,59.989372,-7.431535,1.017093,59.988649,-8.352790,1.017332,59.988237,-7.511385,1.019235,59.988161,-6.934597,1.009675,59.988187,-8.841597,1.008646,59.988199,-9.273602,1.032716,59.988163,-9.070028,1.027661,59.988192,-4.703800,1.023776,59.988186,-5.462338,1.013666,59.988251,-5.421791,1.025598,59.988316,-5.289232,1.024205,59.988621,-6.645119,1.028436,59.989223,-6.685060,1.043001,59.989491,-5.316466,1.045027,59.989549,-6.293126,1.042429,59.989478,-7.102473,1.056356,59.989919,-0.742843,0.996529,59.990060,-1.615854,1.042819,59.989506,-3.202197,1.057731,59.989538,0.715513,1.053200,59.989533,0.541995,1.047960,59.989491,-5.211044,1.064077,59.989952,-3.665898,1.062150,59.990043,-4.726464,1.049449,59.989807,-6.458972,1.058623,59.990503,-1.635122,1.056727,59.990678,0.805703,1.051361,59.990411,-2.688650,0.984311,59.987195,0.016559,0.985349,59.987582,2.371697,0.999076,59.990118,3.904262,1.013000,59.990310,3.009164,1.052063,59.989579,5.113114,1.066005,59.989578,7.502718,1.030597,59.990266,2.379182,1.027829,59.991079,7.084101,1.028821,59.988138,-8.865845,0.999797,0.999736,0.999768,0.999849,0.999859,0.999860,0.999876,0.999880,-42.589868,0.000000,5.315168,11.762572,4.354301,13.066167,20.448338,-37.854238,288.383297,447.800150,209.391350,467.503357,6.717002,286.592096,294.652499,141.504847,562.436988,245.394482,221.661074,276.382253,200.614467,124.488442,251.663684,184.493662,253.902685,8.239523,988.742731,2.149441,164.790455,75.230425,157.625653,78.812826,137.026846,28.927890,26.868009,92.246831,102.994034,75.767785,-82.574348,42.272334,15.225205,67.617823,24.718568,24.091648,4.119761,223.900075
8.940000,1.049620,59.988766,-7.370822,1.056188,59.989657,-4.897705,1.040968,59.989322,-7.432492,1.017085,59.988651,-8.358727,1.017333,59.988265,-7.520178,1.019238,59.988193,-6.943916,1.009678,59.988219,-8.850729,1.008649,59.988232,-9.282643,1.032720,59.988225,-9.079196,1.027663,59.988221,-4.712910,1.023779,59.988216,-5.471490,1.013667,59.988278,-5.430486,1.025598,59.988340,-5.297471,1.024197,59.988632,-6.651217,1.028408,59.989223,-6.686869,1.042966,59.989488,-5.316357,1.044992,59.989532,-6.292660,1.042399,59.989449,-7.102574,1.056315,59.989936,-0.739556,0.996486,59.990085,-1.611517,1.042781,59.989506,-3.201966,1.057692,59.989545,0.716004,1.053161,59.989539,0.542446,1.047924,59.989487,-5.210939,1.064060,59.989863,-3.662849,1.062102,59.990039,-4.722378,1.049406,59.989795,-6.456626,1.058552,59.990578,-1.627367,1.056651,59.990783,0.814855,1.051365,59.990166,-2.682997,0.984324,59.987280,0.000513,0.985361,59.987634,2.358291,0.999043,59.990145,3.909025,1.012953,59.990351,3.015376,1.052022,59.989594,5.113941,1.065967,59.989595,7.503546,1.030579,59.990148,2.384364,1.027752,59.991257,7.096471,1.028826,59.988221,-8.875098,0.999799,0.999739,0.999769,0.999850,0.999861,0.999857,0.999883,0.999869,-42.563803,0.000000,5.328613,11.810694,4.407122,13.118532,20.509448,-37.795117,288.383297,447.800150,209.391350,467.503357,6.717002,286.592096,294.652499,141.504847,562.436988,245.394482,221.661074,276.382253,200.614467,124.488442,251.663684,184.493662,253.902685,8.239523,988.742731,2.149441,164.790455,75.230425,157.625653,78.812826,137.026846,28.927890,26.868009,92.246831,102.994034,75.767785,-82.574348,42.272334,15.225205,67.617823,24.718568,24.091648,4.119761,223.900075
8.960000,1.049609,59.988771,-7.375915,1.056163,59.989537,-4.896939,1.040940,59.989263,-7.433866,1.017072,59.988654,-8.364661,1.017330,59.988300,-7.528749,1.019236,59.988234,-6.952976,1.009676,59.988259,-8.859609,1.008647,59.988272,-9.291429,1.032722,59.988291,-9.087913,1.027660,59.988260,-4.721779,1.023776,59.988255,-5.480397,1.013663,59.988313,-5.438963,1.025592,59.988372,-5.305516,1.024183,59.988646,-6.657238,1.028373,59.989215,-6.688730,1.042924,59.989473,-5.316338,1.044950,59.989504,-6.292378,1.042362,59.989408,-7.102952,1.056268,59.989936,-0.736236,0.996437,59.990089,-1.607108,1.042736,59.989495,-3.201800,1.057645,59.989540,0.716479,1.053115,59.989534,0.542876,1.047881,59.989472,-5.210925,1.064039,59.989757,-3.660533,1.062046,59.990015,-4.718425,1.049355,59.989767,-6.454452,1.058468,59.990625,-1.619210,1.056562,59.990859,0.824621,1.051365,59.989897,-2.679235,0.984333,59.987390,-0.014822,0.985368,59.987707,2.345342,0.999004,59.990152,3.913878,1.012902,59.990369,3.021764,1.051975,59.989598,5.114810,1.065923,59.989601,7.504431,1.030557,59.990009,2.388583,1.027662,59.991399,7.109948,1.028831,59.988304,-8.883765,0.999801,0.999744,0.999771,0.999850,0.999862,0.999853,0.999889,0.999856,-42.538532,0.000000,5.341148,11.857542,4.459050,13.167807,20.571863,-37.742737,288.383297,447.800150,209.391350,467.503357,6.717002,286.592096,294.652499,141.504847,562.436988,245.394482,221.661074,276.382253,200.614467,124.488442,251.663684,184.493662,253.902685,8.239523,988.742731,2.149441,164.790455,75.230425,157.625653,78.812826,137.026846,28.927890,26.868009,92.246831,102.994035,75.767785,-82.574348,42.272334,15.225205,67.617823,24.718568,24.091648,4.119761,223.900075
8.980000,1.049596,59.988771,-7.380972,1.056134,59.989404,-4.897073,1.040907,59.989196,-7.435680,1.017053,59.988659,-8.370541,1.017322,59.988343,-7.537005,1.019229,59.988285,-6.961675,1.009669,59.988307,-8.868142,1.008640,59.988319,-9.299871,1.032722,59.988360,-9.096116,1.027652,59.988309,-4.730301,1.023769,59.988304,-5.488955,1.013653,59.988357,-5.447123,1.025581,59.988411,-5.313277,1.024164,59.988662,-6.663127,1.028332,59.989200,-6.690655,1.042875,59.989448,-5.316451,1.044902,59.989465,-6.292328,1.042319,59.989357,-7.103646,1.056216,59.989919,-0.732970,0.996384,59.990074,-1.602731,1.042685,59.989473,-3.201741,1.057592,59.989525,0.716897,1.053062,59.989518,0.543245,1.047832,59.989447,-5.211040,1.064012,59.989636,-3.659030,1.061980,59.989973,-4.714703,1.049296,59.989724,-6.452526,1.058372,59.990646,-1.610808,1.056460,59.990905,0.834821,1.051361,59.989610,-2.677467,0.984339,59.987525,-0.029228,0.985372,59.987802,2.333041,0.998961,59.990139,3.918713,1.012847,59.990363,3.028198,1.051921,59.989590,5.115677,1.065873,59.989596,7.505334,1.030531,59.989851,2.391735,1.027558,59.991504,7.124307,1.028835,59.988389,-8.891803,0.999803,0.999749,0.999774,0.999850,0.999863,0.999849,0.999894,0.999843,-42.514603,0.000000,5.352595,11.902323,4.509261,13.213175,20.634616,-37.698025,288.383297,447.800150,209.391350,467.503357,6.717002,286.592096,294.652499,141.504847,562.436988,245.394482,221.661074,276.382253,200.614467,124.488442,251.663684,184.493662,253.902685,8.239523,988.742731,2.149441,164.790455,75.230425,157.625653,78.812826,137.026846,28.927890,26.868009,92.246831,102.994035,75.767785,-82.574348,42.272334,15.225205,67.617823,24.718568,24.091648,4.119761,223.900075
9.000000,1.049582,59.988768,-7.385985,1.056100,59.989262,-4.898147,1.040868,59.989122,-7.437950,1.017029,59.988667,-8.376315,1.017308,59.988394,-7.544860,1.019217,59.988343,-6.969919,1.009658,59.988362,-8.876241,1.008629,59.988373,-9.307884,1.032719,59.988433,-9.103749,1.027639,59.988366,-4.738378,1.023755,59.988361,-5.497066,1.013638,59.988409,-5.454874,1.025565,59.988457,-5.320666,1.024139,59.988681,-6.668830,1.028285,59.989180,-6.692654,1.042821,59.989413,-5.316730,1.044848,59.989416,-6.292548,1.042270,59.989298,-7.104686,1.056159,59.989886,-0.729844,0.996326,59.990040,-1.598490,1.042627,59.989441,-3.201824,1.057532,59.989500,0.717218,1.053003,59.989493,0.543514,1.047777,59.989413,-5.211321,1.063981,59.989502,-3.658400,1.061907,59.989913,-4.711307,1.049230,59.989667,-6.450917,1.058264,59.990639,-1.602324,1.056346,59.990920,0.845270,1.051354,59.989312,-2.677759,0.984340,59.987681,-0.042509,0.985370,59.987916,2.321567,0.998913,59.990106,3.923424,1.012789,59.990335,3.034550,1.051861,59.989573,5.116502,1.065816,59.989582,7.506214,1.030502,59.989679,2.393741,1.027441,59.991570,7.139305,1.028838,59.988473,-8.899174,0.999805,0.999756,0.999778,0.999849,0.999863,0.999844,0.999898,0.999830,-42.492525,0.000000,5.362802,11.944293,4.556975,13.253909,20.696743,-37.661752,288.383297,447.800150,209.391350,467.503357,6.717002,286.592096,294.652499,141.504847,562.436988,245.394482,221.661074,276.382253,200.614467,124.488442,251.663684,184.493662,253.902685,8.239523,988.742731,2.149441,164.790455,75.230425,157.625653,78.812826,137.026846,28.927890,26.868009,92.246831,102.994035,75.767785,-82.574348,42.272334,15.225205,67.617823,24.718568,24.091648,4.119761,223.900075
9.020000,1.049568,59.988763,-7.390942,1.056063,59.989115,-4.900185,1.040825,59.989045,-7.440679,1.017000,59.988677,-8.381936,1.017289,59.988451,-7.552233,1.019199,59.988409,-6.977619,1.009640,59.988424,-8.883825,1.008612,59.988434,-9.315391,1.032714,59.988508,-9.110763,1.027619,59.988431,-4.745919,1.023736,59.988426,-5.504642,1.013617,59.988468,-5.462133,1.025542,59.988510,-5.327605,1.024108,59.988703,-6.674296,1.028232,59.989155,-6.694734,1.042760,59.989370,-5.317211,1.044788,59.989358,-6.293075,1.042217,59.989233,-7.106094,1.056097,59.989837,-0.726941,0.996264,59.989989,-1.594488,1.042563,59.989402,-3.202085,1.057467,59.989466,0.717407,1.052938,59.989458,0.543646,1.047716,59.989370,-5.211803,1.063946,59.989360,-3.658685,1.061827,59.989838,-4.708325,1.049158,59.989598,-6.449685,1.058147,59.990606,-1.593919,1.056222,59.990905,0.855777,1.051343,59.989009,-2.680136,0.984335,59.987856,-0.054493,0.985363,59.988047,2.311079,0.998861,59.990055,3.927904,1.012727,59.990286,3.040689,1.051795,59.989546,5.117244,1.065753,59.989558,7.507034,1.030470,59.989496,2.394544,1.027314,59.991597,7.154688,1.028841,59.988558,-8.905849,0.999806,0.999764,0.999782,0.999848,0.999862,0.999839,0.999901,0.999816,-42.472755,0.000000,5.371639,11.982767,4.601461,13.289381,20.757301,-37.634516,288.383297,447.800150,209.391350,467.503357,6.717002,286.592096,294.652499,141.504847,562.436988,245.394482,221.661074,276.382253,200.614467,124.488442,251.663684,184.493662,253.902685,8.239523,988.742731,2.149441,164.790455,75.230425,157.625653,78.812826,137.026846,28.927890,26.868009,92.246831,102.994035,75.767785,-82.574348,42.272334,15.225205,67.617823,24.718568,24.091648,4.119761,223.900075
9.040000,1.049552,59.988757,-7.395828,1.056021,59.988964,-4.903187,1.040778,59.988966,-7.443862,1.016965,59.988690,-8.387356,1.017264,59.988515,-7.559052,1.019176,59.988482,-6.984700,1.009618,59.988492,-8.890821,1.008590,59.988501,-9.322321,1.032707,59.988585,-9.117114,1.027594,59.988504,-4.752842,1.023711,59.988499,-5.511602,1.013590,59.988534,-5.468825,1.025514,59.988569,-5.334024,1.024071,59.988727,-6.679479,1.028174,59.989126,-6.696900,1.042695,59.989320,-5.317922,1.044722,59.989294,-6.293937,1.042158,59.989162,-7.107886,1.056030,59.989774,-0.724342,0.996198,59.989920,-1.590821,1.042494,59.989354,-3.202554,1.057396,59.989425,0.717429,1.052868,59.989417,0.543610,1.047650,59.989320,-5.212514,1.063907,59.989212,-3.659911,1.061740,59.989749,-4.705836,1.049079,59.989518,-6.448886,1.058020,59.990548,-1.585756,1.056088,59.990859,0.866151,1.051329,59.988708,-2.684581,0.984325,59.988047,-0.065029,0.985350,59.988193,2.301717,0.998804,59.989987,3.932052,1.012662,59.990216,3.046491,1.051723,59.989510,5.117866,1.065685,59.989525,7.507755,1.030435,59.989307,2.394114,1.027177,59.991583,7.170194,1.028844,59.988643,-8.911800,0.999808,0.999772,0.999788,0.999847,0.999861,0.999834,0.999903,0.999802,-42.455692,0.000000,5.379004,12.017133,4.642055,13.319073,20.815380,-37.616738,288.383297,447.800150,209.391350,467.503357,6.717002,286.592096,294.652499,141.504847,562.436988,245.394482,221.661074,276.382253,200.614467,124.488442,251.663684,184.493662,253.902685,8.239523,988.742731,2.149441,164.790455,75.230425,157.625653,78.812826,137.026846,28.927890,26.868009,92.246831,102.994035,75.767785,-82.574348,42.272334,15.225205,67.617823,24.718568,24.091648,4.119761,223.900075
9.060000,1.049536,59.988751,-7.400621,1.055977,59.988815,-4.907136,1.040727,59.988887,-7.447482,1.016925,59.988707,-8.392531,1.017234,59.988584,-7.565255,1.019146,59.988561,-6.991093,1.009590,59.988566,-8.897168,1.008563,59.988572,-9.328614,1.032697,59.988664,-9.122765,1.027562,59.988583,-4.759077,1.023681,59.988577,-5.517878,1.013556,59.988605,-5.474884,1.025479,59.988633,-5.339860,1.024029,59.988755,-6.684337,1.028111,59.989093,-6.699157,1.042625,59.989264,-5.318888,1.044652,59.989224,-6.295153,1.042094,59.989088,-7.110068,1.055959,59.989698,-0.722121,0.996129,59.989837,-1.587582,1.042420,59.989301,-3.203257,1.057319,59.989376,0.717254,1.052792,59.989368,0.543376,1.047579,59.989264,-5.213478,1.063864,59.989061,-3.662080,1.061648,59.989649,-4.703906,1.048996,59.989430,-6.448564,1.057887,59.990465,-1.577991,1.055946,59.990785,0.876202,1.051313,59.988413,-2.691036,0.984310,59.988251,-0.073998,0.985331,59.988352,2.293599,0.998745,59.989903,3.935774,1.012595,59.990127,3.051835,1.051647,59.989467,5.118333,1.065611,59.989486,7.508345,1.030397,59.989115,2.392444,1.027032,59.991530,7.185558,1.028846,59.988728,-8.917008,0.999810,0.999782,0.999793,0.999845,0.999860,0.999829,0.999904,0.999789,-42.441670,0.000000,5.384822,12.046859,4.678165,13.342585,20.870118,-37.608655,288.383297,447.800150,209.391350,467.503357,6.717002,286.592096,294.652499,141.504847,562.436988,245.394482,221.661074,276.382253,200.614467,124.488442,251.663684,184.493662,253.902685,8.239523,988.742731,2.149441,164.790455,75.230425,157.625653,78.812826,137.026846,28.927890,26.868009,92.246831,102.994035,75.767785,-82.574348,42.272334,15.225205,67.617823,24.718568,24.091648,4.119761,223.900075
9.080000,1.049520,59.988747,-7.405298,1.055931,59.988669,-4.911992,1.040672,59.988809,-7.451515,1.016879,59.988727,-8.397421,1.017198,59.988657,-7.570789,1.019112,59.988645,-6.996743,1.009557,59.988644,-8.902812,1.008530,59.988648,-9.334220,1.032685,59.988745,-9.127687,1.027525,59.988667,-4.764569,1.023644,59.988661,-5.523414,1.013517,59.988681,-5.480257,1.025439,59.988702,-5.345062,1.023981,59.988785,-6.688833,1.028044,59.989059,-6.701505,1.042551,59.989203,-5.320126,1.044578,59.989150,-6.296739,1.042027,59.989013,-7.112638,1.055886,59.989611,-0.720343,0.996058,59.989739,-1.584854,1.042342,59.989243,-3.204215,1.057239,59.989322,0.716857,1.052713,59.989314,0.542919,1.047504,59.989203,-5.214714,1.063819,59.988912,-3.665178,1.061551,59.989538,-4.702595,1.048908,59.989336,-6.448755,1.057747,59.990359,-1.570772,1.055799,59.990683,0.885746,1.051296,59.988132,-2.699403,0.984288,59.988463,-0.081307,0.985307,59.988520,2.286819,0.998682,59.989806,3.938980,1.012525,59.990020,3.056609,1.051567,59.989418,5.118614,1.065534,59.989440,7.508773,1.030357,59.988926,2.389553,1.026881,59.991438,7.200516,1.028848,59.988812,-8.921456,0.999812,0.999791,0.999799,0.999842,0.999857,0.999823,0.999903,0.999776,-42.430955,0.000000,5.389045,12.071504,4.709282,13.359637,20.920716,-37.610316,288.383297,447.800150,209.391350,467.503357,6.717002,286.592096,294.652499,141.504847,562.436988,245.394482,221.661074,276.382253,200.614467,124.488442,251.663684,184.493662,253.902685,8.239523,988.742731,2.149441,164.790455,75.230425,157.625653,78.812826,137.026846,28.927890,26.868009,92.246831,102.994035,75.767785,-82.574348,42.272334,15.225205,67.617823,24.718568,24.091648,4.119761,223.900075
9.100000,1.049503,59.988745,-7.409828,1.055882,59.988531,-4.917698,1.040615,59.988735,-7.455926,1.016830,59.988750,-8.401987,1.017157,59.988734,-7.575611,1.019072,59.988733,-7.001607,1.009518,59.988725,-8.907711,1.008493,59.988728,-9.339097,1.032671,59.988826,-9.131858,1.027482,59.988755,-4.769270,1.023602,59.988748,-5.528165,1.013472,59.988760,-5.484900,1.025394,59.988773,-5.349589,1.023929,59.988817,-6.692936,1.027973,59.989023,-6.703942,1.042473,59.989139,-5.321651,1.044501,59.989074,-6.298699,1.041958,59.988937,-7.115586,1.055809,59.989515,-0.719070,0.995984,59.989631,-1.582713,1.042260,59.989181,-3.205443,1.057155,59.989264,0.716218,1.052629,59.989256,0.542219,1.047425,59.989140,-5.216235,1.063771,59.988766,-3.669171,1.061452,59.989420,-4.701948,1.048818,59.989236,-6.449483,1.057604,59.990233,-1.564240,1.055647,59.990556,0.894607,1.051276,59.987869,-2.709549,0.984261,59.988681,-0.086892,0.985276,59.988695,2.281447,0.998616,59.989696,3.941592,1.012455,59.989898,3.060710,1.051483,59.989363,5.118681,1.065453,59.989388,7.509011,1.030314,59.988741,2.385485,1.026726,59.991309,7.214811,1.028850,59.988895,-8.925136,0.999814,0.999802,0.999806,0.999840,0.999855,0.999818,0.999901,0.999765,-42.423737,0.000000,5.391654,12.090721,4.734990,13.370075,20.966447,-37.621590,288.383297,447.800150,209.391350,467.503357,6.717002,286.592096,294.652499,141.504847,562.436988,245.394482,221.661074,276.382253,200.614467,124.488442,251.663684,184.493662,253.902685,8.239523,988.742731,2.149441,164.790455,75.230425,157.625653,78.812826,137.026846,28.927890,26.868009,92.246831,102.994034,75.767785,-82.574348,42.272334,15.225205,67.617823,24.718568,24.091648,4.119761,223.900075
9.120000,1.049487,59.988747,-7.414181,1.055832,59.988403,-4.924180,1.040556,59.988666,-7.460671,1.016776,59.988776,-8.406197,1.017111,59.988814,-7.579690,1.019026,59.988823,-7.005651,1.009475,59.988809,-8.911835,1.008451,59.988809,-9.343215,1.032654,59.988908,-9.135262,1.027434,59.988846,-4.773149,1.023555,59.988838,-5.532098,1.013422,59.988842,-5.488782,1.025343,59.988848,-5.353410,1.023872,59.988852,-6.696620,1.027899,59.988987,-6.706463,1.042393,59.989073,-5.323468,1.044422,59.988998,-6.301031,1.041885,59.988864,-7.118894,1.055731,59.989411,-0.718348,0.995909,59.989512,-1.581224,1.042176,59.989117,-3.206951,1.057069,59.989203,0.715322,1.052543,59.989195,0.541263,1.047345,59.989074,-5.218047,1.063722,59.988628,-3.674006,1.061350,59.989297,-4.701996,1.048725,59.989134,-6.450764,1.057459,59.990089,-1.558522,1.055494,59.990405,0.902622,1.051256,59.987630,-2.721304,0.984228,59.988901,-0.090720,0.985240,59.988873,2.277525,0.998548,59.989576,3.943544,1.012383,59.989762,3.064046,1.051397,59.989305,5.118511,1.065369,59.989333,7.509036,1.030270,59.988566,2.380304,1.026569,59.991145,7.228194,1.028851,59.988978,-8.928043,0.999816,0.999812,0.999812,0.999837,0.999851,0.999813,0.999898,0.999754,-42.420134,0.000000,5.392654,12.104265,4.754966,13.373866,21.006670,-37.642163,288.383297,447.800150,209.391350,467.503357,6.717002,286.592096,294.652499,141.504847,562.436988,245.394482,221.661074,276.382253,200.614467,124.488442,251.663684,184.493662,253.902685,8.239523,988.742731,2.149441,164.790455,75.230425,157.625653,78.812826,137.026846,28.927890,26.868009,92.246831,102.994034,75.767785,-82.574348,42.272334,15.225205,67.617823,24.718568,24.091648,4.119761,223.900075
9.140000,1.049471,59.988753,-7.418319,1.055782,59.988288,-4.931345,1.040495,59.988604,-7.465700,1.016719,59.988805,-8.410023,1.017061,59.988895,-7.583005,1.018977,59.988914,-7.008859,1.009428,59.988895,-8.915165,1.008405,59.988893,-9.346556,1.032636,59.988991,-9.137893,1.027381,59.988938,-4.776188,1.023503,59.988929,-5.535196,1.013367,59.988926,-5.491884,1.025288,59.988924,-5.356507,1.023812,59.988888,-6.699864,1.027822,59.988951,-6.709063,1.042312,59.989007,-5.325579,1.044341,59.988923,-6.303725,1.041812,59.988793,-7.122535,1.055651,59.989302,-0.718219,0.995834,59.989387,-1.580438,1.042090,59.989052,-3.208743,1.056981,59.989140,0.714158,1.052456,59.989132,0.540040,1.047262,59.989008,-5.220150,1.063671,59.988499,-3.679615,1.061248,59.989172,-4.702760,1.048632,59.989032,-6.452600,1.057314,59.989929,-1.553732,1.055341,59.990234,0.909640,1.051235,59.987420,-2.734470,0.984190,59.989119,-0.092790,0.985198,59.989051,2.275070,0.998479,59.989448,3.944780,1.012310,59.989616,3.066539,1.051309,59.989243,5.118088,1.065283,59.989275,7.508831,1.030225,59.988403,2.374099,1.026412,59.990949,7.240430,1.028852,59.989059,-8.930178,0.999818,0.999822,0.999819,0.999833,0.999848,0.999808,0.999894,0.999744,-42.420185,0.000000,5.392078,12.111995,4.768988,13.371099,21.040837,-37.671555,288.383297,447.800150,209.391350,467.503357,6.717002,286.592096,294.652499,141.504847,562.436988,245.394482,221.661074,276.382253,200.614467,124.488442,251.663684,184.493662,253.902685,8.239523,988.742731,2.149441,164.790455,75.230425,157.625653,78.812826,137.026846,28.927890,26.868009,92.246831,102.994035,75.767785,-82.574348,42.272334,15.225205,67.617823,24.718568,24.091648,4.119761,223.900075
9.160000,1.049455,59.988764,-7.422207,1.055732,59.988188,-4.939089,1.040434,59.988550,-7.470954,1.016659,59.988837,-8.413439,1.017007,59.988977,-7.585549,1.018923,59.989006,-7.011223,1.009376,59.988981,-8.917691,1.008355,59.988976,-9.349110,1.032616,59.989072,-9.139750,1.027324,59.989029,-4.778381,1.023446,59.989020,-5.537453,1.013308,59.989009,-5.494200,1.025229,59.989000,-5.358872,1.023748,59.988926,-6.702656,1.027745,59.988916,-6.711731,1.042229,59.988942,-5.327977,1.044260,59.988851,-6.306765,1.041738,59.988728,-7.126476,1.055571,59.989189,-0.718709,0.995758,59.989256,-1.580398,1.042003,59.988988,-3.210815,1.056892,59.989076,0.712722,1.052367,59.989069,0.538549,1.047179,59.988944,-5.222539,1.063619,59.988382,-3.685914,1.061147,59.989046,-4.704246,1.048539,59.988931,-6.454985,1.057172,59.989756,-1.549970,1.055190,59.990045,0.915526,1.051214,59.987243,-2.748819,0.984147,59.989332,-0.093127,0.985150,59.989227,2.274073,0.998409,59.989316,3.945256,1.012238,59.989461,3.068125,1.051221,59.989180,5.117399,1.065197,59.989215,7.508382,1.030179,59.988256,2.366973,1.026257,59.990723,7.251303,1.028853,59.989139,-8.931547,0.999820,0.999832,0.999826,0.999830,0.999844,0.999804,0.999889,0.999736,-42.423855,0.000000,5.389981,12.113874,4.776938,13.361983,21.068500,-37.709125,288.383297,447.800150,209.391350,467.503357,6.717002,286.592096,294.652499,141.504847,562.436988,245.394482,221.661074,276.382253,200.614467,124.488442,251.663684,184.493662,253.902685,8.239523,988.742731,2.149441,164.790455,75.230425,157.625653,78.812826,137.026846,28.927890,26.868009,92.246831,102.994035,75.767785,-82.574348,42.272334,15.225205,67.617823,24.718568,24.091648,4.119761,223.900075
9.180000,1.049441,59.988782,-7.425803,1.055683,59.988105,-4.947294,1.040373,59.988506,-7.476369,1.016596,59.988872,-8.416428,1.016949,59.989058,-7.587322,1.018866,59.989096,-7.012750,1.009322,59.989066,-8.919418,1.008302,59.989059,-9.350880,1.032594,59.989153,-9.140841,1.027263,59.989120,-4.779737,1.023387,59.989110,-5.538875,1.013245,59.989092,-5.495736,1.025166,59.989075,-5.360509,1.023682,59.988965,-6.704988,1.027667,59.988884,-6.714454,1.042148,59.988880,-5.330651,1.044179,59.988782,-6.310124,1.041665,59.988669,-7.130676,1.055492,59.989075,-0.719836,0.995683,59.989123,-1.581129,1.041917,59.988925,-3.213159,1.056804,59.989014,0.711016,1.052279,59.989007,0.536791,1.047096,59.988881,-5.225203,1.063568,59.988280,-3.692806,1.061048,59.988922,-4.706448,1.048447,59.988833,-6.457902,1.057033,59.989574,-1.547315,1.055043,59.989841,0.920166,1.051193,59.987101,-2.764105,0.984098,59.989536,-0.091786,0.985098,59.989397,2.274501,0.998339,59.989180,3.944945,1.012167,59.989301,3.068755,1.051134,59.989117,5.116437,1.065110,59.989154,7.507680,1.030132,59.988127,2.359050,1.026106,59.990472,7.260618,1.028853,59.989219,-8.932161,0.999822,0.999842,0.999832,0.999826,0.999839,0.999800,0.999882,0.999730,-42.431037,0.000000,5.386443,12.109966,4.778797,13.346834,21.089320,-37.754091,288.383297,447.800150,209.391350,467.503357,6.717002,286.592096,294.652499,141.504847,562.436988,245.394482,221.661074,276.382253,200.614467,124.488442,251.663684,184.493662,253.902685,8.239523,988.742731,2.149441,164.790455,75.230425,157.625653,78.812826,137.026846,28.927890,26.868009,92.246831,102.994035,75.767785,-82.574348,42.272334,15.225205,67.617823,24.718568,24.091648,4.119761,223.900075
9.200000,1.049428,59.988805,-7.429069,1.055636,59.988041,-4.955832,1.040313,59.988473,-7.481879,1.016532,59.988910,-8.418977,1.016889,59.989138,-7.588337,1.018806,59.989184,-7.013458,1.009264,59.989150,-8.920360,1.008247,59.989141,-9.351879,1.032572,59.989232,-9.141181,1.027199,59.989207,-4.780276,1.023324,59.989198,-5.539484,1.013180,59.989172,-5.496508,1.025101,59.989149,-5.361433,1.023614,59.989005,-6.706859,1.027589,59.988855,-6.717219,1.042067,59.988821,-5.333583,1.044100,59.988720,-6.313772,1.041592,59.988618,-7.135089,1.055414,59.988961,-0.721606,0.995610,59.988989,-1.582645,1.041832,59.988866,-3.215762,1.056717,59.988954,0.709047,1.052192,59.988947,0.534773,1.047015,59.988822,-5.228123,1.063517,59.988194,-3.700182,1.060952,59.988803,-4.709346,1.048358,59.988740,-6.461322,1.056900,59.989384,-1.545831,1.054903,59.989626,0.923465,1.051174,59.986998,-2.780062,0.984045,59.989729,-0.088849,0.985042,59.989558,2.276293,0.998269,59.989044,3.943830,1.012098,59.989139,3.068397,1.051048,59.989055,5.115201,1.065024,59.989094,7.506722,1.030086,59.988018,2.350465,1.025962,59.990200,7.268204,1.028854,59.989296,-8.932035,0.999823,0.999851,0.999838,0.999823,0.999835,0.999797,0.999875,0.999725,-42.441550,0.000000,5.381563,12.100439,4.774648,13.326072,21.103068,-37.805542,288.383297,447.800150,209.391350,467.503357,6.717002,286.592096,294.652499,141.504847,562.436988,245.394482,221.661074,276.382253,200.614467,124.488442,251.663684,184.493662,253.902685,8.239523,988.742731,2.149441,164.790455,75.230425,157.625653,78.812826,137.026846,28.927890,26.868009,92.246831,102.994035,75.767785,-82.574348,42.272334,15.225205,67.617823,24.718568,24.091648,4.119761,223.900075
9.220000,1.049416,59.988836,-7.431964,1.055590,59.987998,-4.964570,1.040254,59.988451,-7.487411,1.016468,59.988949,-8.421078,1.016828,59.989216,-7.588620,1.018743,59.989269,-7.013377,1.009205,59.989231,-8.920543,1.008189,59.989221,-9.352131,1.032549,59.989309,-9.140790,1.027133,59.989291,-4.780032,1.023259,59.989281,-5.539311,1.013113,59.989250,-5.496545,1.025034,59.989220,-5.361668,1.023546,59.989045,-6.708274,1.027513,59.988830,-6.720008,1.041988,59.988767,-5.336749,1.044024,59.988665,-6.317670,1.041522,59.988576,-7.139665,1.055338,59.988851,-0.724011,0.995538,59.988858,-1.584946,1.041749,59.988811,-3.218604,1.056632,59.988897,0.706828,1.052108,59.988891,0.532510,1.046935,59.988769,-5.231276,1.063467,59.988127,-3.707925,1.060861,59.988690,-4.712908,1.048272,59.988655,-6.465210,1.056774,59.989191,-1.545560,1.054771,59.989404,0.925349,1.051155,59.986935,-2.796413,0.983989,59.989906,-0.084424,0.984982,59.989709,2.279369,0.998200,59.988910,3.941914,1.012030,59.988976,3.067036,1.050964,59.988995,5.113693,1.064940,59.989037,7.505511,1.030040,59.987932,2.341366,1.025826,59.989910,7.273918,1.028855,59.989372,-8.931189,0.999825,0.999860,0.999844,0.999819,0.999830,0.999794,0.999867,0.999722,-42.455154,0.000000,5.375458,12.085555,4.764675,13.300211,21.109629,-37.862460,288.383297,447.800150,209.391350,467.503357,6.717002,286.592096,294.652499,141.504847,562.436988,245.394482,221.661074,276.382253,200.614467,124.488442,251.663684,184.493662,253.902685,8.239523,988.742731,2.149441,164.790455,75.230425,157.625653,78.812826,137.026846,28.927890,26.868009,92.246831,102.994035,75.767785,-82.574348,42.272334,15.225205,67.617823,24.718568,24.091648,4.119761,223.900075
9.240000,1.049405,59.988874,-7.434450,1.055547,59.987976,-4.973370,1.040198,59.988441,-7.492892,1.016404,59.988991,-8.422730,1.016765,59.989290,-7.588203,1.018680,59.989350,-7.012549,1.009145,59.989309,-8.920000,1.008131,59.989297,-9.351669,1.032526,59.989385,-9.139696,1.027066,59.989370,-4.779049,1.023193,59.989361,-5.538398,1.013044,59.989323,-5.495886,1.024966,59.989288,-5.361249,1.023477,59.989085,-6.709245,1.027439,59.988809,-6.722803,1.041913,59.988719,-5.340122,1.043951,59.988617,-6.321777,1.041455,59.988543,-7.144348,1.055264,59.988746,-0.727033,0.995470,59.988731,-1.588017,1.041670,59.988762,-3.221659,1.056550,59.988845,0.704376,1.052026,59.988840,0.530019,1.046859,59.988721,-5.234634,1.063419,59.988079,-3.715911,1.060775,59.988585,-4.717090,1.048192,59.988578,-6.469520,1.056659,59.988998,-1.546526,1.054649,59.989178,0.925769,1.051138,59.986914,-2.812876,0.983929,59.990067,-0.078638,0.984919,59.989846,2.283626,0.998134,59.988781,3.939208,1.011966,59.988817,3.064674,1.050884,59.988938,5.111925,1.064860,59.988982,7.504052,1.029995,59.987870,2.331908,1.025700,59.989609,7.277649,1.028856,59.989446,-8.929648,0.999826,0.999867,0.999850,0.999816,0.999825,0.999792,0.999858,0.999721,-42.471545,0.000000,5.368261,12.065665,4.749151,13.269844,21.109002,-37.923740,288.383297,447.800150,209.391350,467.503357,6.717002,286.592096,294.652499,141.504847,562.436988,245.394482,221.661074,276.382253,200.614467,124.488442,251.663684,184.493662,253.902685,8.239523,988.742731,2.149441,164.790455,75.230425,157.625653,78.812826,137.026846,28.927890,26.868009,92.246831,102.994035,75.767785,-82.574348,42.272334,15.225205,67.617823,24.718568,24.091648,4.119761,223.900075
9.260000,1.049396,59.988920,-7.436489,1.055508,59.987976,-4.982089,1.040145,59.988443,-7.498251,1.016340,59.989034,-8.423935,1.016701,59.989361,-7.587128,1.018616,59.989425,-7.011024,1.009085,59.989382,-8.918777,1.008073,59.989370,-9.350534,1.032502,59.989457,-9.137933,1.026998,59.989444,-4.777382,1.023126,59.989435,-5.536800,1.012975,59.989392,-5.494579,1.024898,59.989352,-5.360221,1.023409,59.989125,-6.709787,1.027368,59.988794,-6.725586,1.041841,59.988678,-5.343669,1.043882,59.988579,-6.326045,1.041392,59.988521,-7.149081,1.055195,59.988648,-0.730644,0.995405,59.988612,-1.591830,1.041594,59.988720,-3.224899,1.056473,59.988799,0.701713,1.051949,59.988794,0.527324,1.046786,59.988680,-5.238165,1.063374,59.988052,-3.724012,1.060697,59.988491,-4.721841,1.048117,59.988511,-6.474199,1.056554,59.988808,-1.548732,1.054539,59.988952,0.924698,1.051123,59.986934,-2.829165,0.983868,59.990209,-0.071641,0.984855,59.989968,2.288943,0.998069,59.988659,3.935743,1.011905,59.988664,3.061330,1.050808,59.988887,5.109910,1.064783,59.988932,7.502358,1.029951,59.987832,2.322251,1.025587,59.989301,7.279314,1.028857,59.989519,-8.927441,0.999828,0.999874,0.999854,0.999813,0.999820,0.999791,0.999848,0.999722,-42.490369,0.000000,5.360121,12.041204,4.728439,13.235635,21.101297,-37.988215,288.383297,447.800150,209.391350,467.503357,6.717002,286.592096,294.652499,141.504847,562.436988,245.394482,221.661074,276.382253,200.614467,124.488442,251.663684,184.493662,253.902685,8.239523,988.742731,2.149441,164.790455,75.230425,157.625653,78.812826,137.026846,28.927890,26.868009,92.246831,102.994035,75.767785,-82.574348,42.272334,15.225205,67.617823,24.718568,24.091648,4.119761,223.900075
9.280000,1.049389,59.988973,-7.438049,1.055473,59.987998,-4.990591,1.040095,59.988458,-7.503415,1.016279,59.989079,-8.424703,1.016639,59.989426,-7.585448,1.018553,59.989495,-7.008862,1.009024,59.989451,-8.916926,1.008014,59.989438,-9.348776,1.032479,59.989527,-9.135541,1.026931,59.989511,-4.775096,1.023060,59.989502,-5.534579,1.012907,59.989456,-5.492683,1.024831,59.989411,-5.358636,1.023343,59.989165,-6.709924,1.027301,59.988784,-6.728335,1.041774,59.988646,-5.347353,1.043818,59.988551,-6.330424,1.041333,59.988510,-7.153804,1.055130,59.988558,-0.734803,0.995344,59.988501,-1.596344,1.041524,59.988685,-3.228291,1.056401,59.988759,0.698865,1.051877,59.988756,0.524450,1.046718,59.988648,-5.241831,1.063332,59.988045,-3.732097,1.060627,59.988409,-4.727096,1.048050,59.988456,-6.479189,1.056462,59.988624,-1.552161,1.054442,59.988730,0.922135,1.051111,59.986996,-2.845001,0.983804,59.990329,-0.063600,0.984788,59.990074,2.295182,0.998008,59.988546,3.931558,1.011847,59.988520,3.057039,1.050738,59.988841,5.107667,1.064711,59.988887,7.500444,1.029909,59.987820,2.312556,1.025487,59.988990,7.278865,1.028858,59.989590,-8.924599,0.999829,0.999880,0.999858,0.999809,0.999816,0.999790,0.999838,0.999725,-42.511228,0.000000,5.351192,12.012678,4.702979,13.198300,21.086737,-38.054672,288.383297,447.800150,209.391350,467.503357,6.717002,286.592096,294.652499,141.504847,562.436988,245.394482,221.661074,276.382253,200.614467,124.488442,251.663684,184.493662,253.902685,8.239523,988.742731,2.149441,164.790455,75.230425,157.625653,78.812826,137.026846,28.927890,26.868009,92.246831,102.994035,75.767785,-82.574348,42.272334,15.225205,67.617823,24.718568,24.091648,4.119761,223.900075
9.300000,1.049384,59.989033,-7.439099,1.055441,59.988042,-4.998740,1.040050,59.988486,-7.508315,1.016220,59.989124,-8.425050,1.016578,59.989487,-7.583221,1.018490,59.989558,-7.006132,1.008966,59.989515,-8.914508,1.007958,59.989501,-9.346453,1.032457,59.989594,-9.132564,1.026865,59.989571,-4.772263,1.022995,59.989563,-5.531805,1.012840,59.989513,-5.490260,1.024765,59.989465,-5.356552,1.023280,59.989204,-6.709681,1.027239,59.988780,-6.731029,1.041713,59.988622,-5.351134,1.043760,59.988534,-6.334860,1.041280,59.988510,-7.158459,1.055069,59.988480,-0.739461,0.995289,59.988402,-1.601506,1.041459,59.988659,-3.231798,1.056335,59.988727,0.695864,1.051810,59.988725,0.521430,1.046656,59.988625,-5.245595,1.063293,59.988060,-3.740038,1.060565,59.988341,-4.732784,1.047990,59.988413,-6.484424,1.056383,59.988450,-1.556776,1.054360,59.988515,0.918100,1.051100,59.987097,-2.860117,0.983740,59.990427,-0.054695,0.984722,59.990160,2.302194,0.997951,59.988445,3.926709,1.011795,59.988386,3.051855,1.050673,59.988801,5.105220,1.064644,59.988848,7.498329,1.029870,59.987833,2.302984,1.025402,59.988683,7.276290,1.028860,59.989659,-8.921161,0.999831,0.999884,0.999862,0.999807,0.999811,0.999790,0.999828,0.999729,-42.533687,0.000000,5.341641,11.980656,4.673285,13.158600,21.065645,-38.121883,288.383297,447.800150,209.391350,467.503357,6.717002,286.592096,294.652499,141.504847,562.436988,245.394482,221.661074,276.382253,200.614467,124.488442,251.663684,184.493662,253.902685,8.239523,988.742731,2.149441,164.790455,75.230425,157.625653,78.812826,137.026846,28.927890,26.868009,92.246831,102.994035,75.767785,-82.574348,42.272334,15.225205,67.617823,24.718568,24.091648,4.119761,223.900075
9.320000,1.049381,59.989100,-7.439615,1.055415,59.988107,-5.006406,1.040009,59.988527,-7.512886,1.016164,59.989171,-8.424995,1.016518,59.989542,-7.580511,1.018430,59.989614,-7.002908,1.008909,59.989572,-8.911590,1.007903,59.989559,-9.343628,1.032436,59.989657,-9.129053,1.026801,59.989623,-4.768963,1.022932,59.989616,-5.528556,1.012775,59.989564,-5.487384,1.024701,59.989513,-5.354037,1.023220,59.989242,-6.709092,1.027182,59.988784,-6.733647,1.041658,59.988608,-5.354971,1.043709,59.988528,-6.339300,1.041232,59.988523,-7.162986,1.055015,59.988414,-0.744560,0.995238,59.988317,-1.607251,1.041401,59.988642,-3.235382,1.056276,59.988704,0.692742,1.051751,59.988703,0.518296,1.046601,59.988611,-5.249413,1.063258,59.988095,-3.747711,1.060513,59.988287,-4.738827,1.047938,59.988384,-6.489836,1.056319,59.988288,-1.562521,1.054294,59.988312,0.912639,1.051093,59.987237,-2.874256,0.983675,59.990503,-0.045115,0.984656,59.990228,2.309817,0.997898,59.988357,3.921260,1.011747,59.988267,3.045842,1.050615,59.988770,5.102594,1.064584,59.988816,7.496039,1.029833,59.987871,2.293692,1.025333,59.988384,7.271608,1.028863,59.989726,-8.917166,0.999832,0.999888,0.999864,0.999804,0.999807,0.999791,0.999818,0.999735,-42.557283,0.000000,5.331637,11.945760,4.639928,13.117321,21.038444,-38.188624,288.383297,447.800150,209.391350,467.503357,6.717002,286.592096,294.652499,141.504847,562.436988,245.394482,221.661074,276.382253,200.614467,124.488442,251.663684,184.493662,253.902685,8.239523,988.742731,2.149441,164.790455,75.230425,157.625653,78.812826,137.026846,28.927890,26.868009,92.246831,102.994035,75.767785,-82.574348,42.272334,15.225205,67.617823,24.718568,24.091648,4.119761,223.900075
9.340000,1.049380,59.989173,-7.439577,1.055394,59.988192,-5.013472,1.039974,59.988580,-7.517069,1.016112,59.989218,-8.424562,1.016462,59.989591,-7.577391,1.018372,59.989663,-6.999269,1.008854,59.989624,-8.908244,1.007850,59.989611,-9.340372,1.032416,59.989717,-9.125060,1.026739,59.989668,-4.765281,1.022872,59.989662,-5.524915,1.012714,59.989608,-5.484131,1.024641,59.989555,-5.351159,1.023164,59.989279,-6.708192,1.027131,59.988794,-6.736169,1.041609,59.988605,-5.358821,1.043664,59.988533,-6.343690,1.041192,59.988547,-7.167329,1.054966,59.988361,-0.750034,0.995193,59.988246,-1.613506,1.041351,59.988635,-3.239002,1.056224,59.988690,0.689535,1.051698,59.988690,0.515083,1.046552,59.988608,-5.253243,1.063227,59.988151,-3.754994,1.060471,59.988250,-4.745144,1.047895,59.988369,-6.495355,1.056271,59.988141,-1.569325,1.054244,59.988124,0.905821,1.051088,59.987412,-2.887187,0.983611,59.990554,-0.035059,0.984591,59.990277,2.317882,0.997850,59.988284,3.915287,1.011704,59.988164,3.039083,1.050565,59.988747,5.099821,1.064530,59.988793,7.493598,1.029798,59.987934,2.284827,1.025281,59.988099,7.264873,1.028865,59.989790,-8.912657,0.999833,0.999890,0.999866,0.999802,0.999803,0.999792,0.999808,0.999742,-42.581537,0.000000,5.321352,11.908648,4.603531,13.075260,21.005646,-38.253699,288.383297,447.800150,209.391350,467.503357,6.717002,286.592096,294.652499,141.504847,562.436988,245.394482,221.661074,276.382253,200.614467,124.488442,251.663684,184.493662,253.902685,8.239523,988.742731,2.149441,164.790455,75.230425,157.625653,78.812826,137.026846,28.927890,26.868009,92.246831,102.994035,75.767785,-82.574348,42.272334,15.225205,67.617823,24.718568,24.091648,4.119761,223.900075
9.360000,1.049382,59.989253,-7.438972,1.055377,59.988296,-5.019828,1.039944,59.988644,-7.520810,1.016065,59.989265,-8.423783,1.016410,59.989635,-7.573934,1.018318,59.989705,-6.995302,1.008804,59.989669,-8.904546,1.007802,59.989658,-9.336756,1.032398,59.989773,-9.120643,1.026682,59.989704,-4.761305,1.022816,59.989701,-5.520969,1.012656,59.989645,-5.480581,1.024585,59.989592,-5.347994,1.023113,59.989315,-6.707019,1.027087,59.988812,-6.738574,1.041568,59.988612,-5.362639,1.043627,59.988551,-6.347975,1.041157,59.988583,-7.171433,1.054924,59.988323,-0.755811,0.995154,59.988192,-1.620187,1.041307,59.988639,-3.242617,1.056180,59.988686,0.686279,1.051653,59.988686,0.511830,1.046510,59.988615,-5.257042,1.063200,59.988226,-3.761778,1.060440,59.988229,-4.751647,1.047861,59.988369,-6.500908,1.056239,59.988013,-1.577096,1.054211,59.987953,0.897733,1.051086,59.987620,-2.898699,0.983549,59.990582,-0.024728,0.984528,59.990306,2.326218,0.997807,59.988228,3.908875,1.011667,59.988079,3.031670,1.050523,59.988733,5.096934,1.064485,59.988778,7.491036,1.029767,59.988020,2.276529,1.025246,59.987832,7.256171,1.028869,59.989853,-8.907682,0.999834,0.999891,0.999867,0.999800,0.999799,0.999794,0.999798,0.999751,-42.605961,0.000000,5.310956,11.870010,4.564757,13.033212,20.967846,-38.315963,288.383297,447.800150,209.391350,467.503357,6.717002,286.592096,294.652499,141.504847,562.436988,245.394482,221.661074,276.382253,200.614467,124.488442,251.663684,184.493662,253.902685,8.239523,988.742731,2.149441,164.790455,75.230425,157.625653,78.812826,137.026846,28.927890,26.868009,92.246831,102.994035,75.767785,-82.574348,42.272334,15.225205,67.617823,24.718568,24.091648,4.119761,223.900075
9.380000,1.049386,59.989338,-7.437795,1.055367,59.988418,-5.025380,1.039920,59.988719,-7.524063,1.016023,59.989312,-8.422689,1.016362,59.989672,-7.570218,1.018268,59.989740,-6.991091,1.008757,59.989708,-8.900576,1.007757,59.989699,-9.332858,1.032382,59.989826,-9.115863,1.026629,59.989733,-4.757125,1.022764,59.989732,-5.516805,1.012603,59.989676,-5.476816,1.024534,59.989622,-5.344618,1.023067,59.989350,-6.705616,1.027050,59.988837,-6.740845,1.041535,59.988630,-5.366384,1.043598,59.988581,-6.352104,1.041130,59.988631,-7.175250,1.054889,59.988302,-0.761814,0.995122,59.988155,-1.627205,1.041272,59.988653,-3.246186,1.056144,59.988692,0.683013,1.051617,59.988693,0.508573,1.046476,59.988633,-5.260766,1.063179,59.988320,-3.767961,1.060420,59.988226,-4.758248,1.047837,59.988383,-6.506422,1.056223,59.987904,-1.585729,1.054195,59.987804,0.888486,1.051087,59.987856,-2.908610,0.983490,59.990588,-0.014322,0.984468,59.990316,2.334649,0.997769,59.988190,3.902114,1.011635,59.988013,3.023706,1.050488,59.988729,5.093966,1.064447,59.988773,7.488385,1.029739,59.988128,2.268924,1.025229,59.987588,7.245622,1.028873,59.989914,-8.902289,0.999835,0.999891,0.999867,0.999799,0.999795,0.999797,0.999789,0.999761,-42.630067,0.000000,5.300618,11.830547,4.524292,12.991956,20.925706,-38.374341,288.383297,447.800150,209.391350,467.503357,6.717002,286.592096,294.652499,141.504847,562.436988,245.394482,221.661074,276.382253,200.614467,124.488442,251.663684,184.493662,253.902685,8.239523,988.742731,2.149441,164.790455,75.230425,157.625653,78.812826,137.026846,28.927890,26.868009,92.246831,102.994034,75.767785,-82.574348,42.272334,15.225205,67.617823,24.718568,24.091648,4.119761,223.900075
9.400000,1.049392,59.989428,-7.436046,1.055361,59.988555,-5.030048,1.039903,59.988805,-7.526792,1.015986,59.989359,-8.421318,1.016319,59.989703,-7.566321,1.018223,59.989767,-6.986726,1.008715,59.989741,-8.896415,1.007717,59.989734,-9.328754,1.032368,59.989875,-9.110780,1.026581,59.989754,-4.752834,1.022717,59.989755,-5.512515,1.012556,59.989701,-5.472921,1.024488,59.989647,-5.341108,1.023027,59.989385,-6.704026,1.027021,59.988870,-6.742963,1.041509,59.988659,-5.370011,1.043578,59.988622,-6.356028,1.041111,59.988690,-7.178734,1.054860,59.988296,-0.767961,0.995096,59.988138,-1.634463,1.041245,59.988678,-3.249667,1.056116,59.988708,0.679776,1.051589,59.988711,0.505352,1.046450,59.988662,-5.264373,1.063162,59.988431,-3.773454,1.060410,59.988240,-4.764858,1.047823,59.988412,-6.511828,1.056223,59.987818,-1.595108,1.054197,59.987678,0.878207,1.051091,59.988117,-2.916771,0.983433,59.990571,-0.004040,0.984411,59.990307,2.343005,0.997736,59.988171,3.895101,1.011610,59.987969,3.015305,1.050463,59.988736,5.090955,1.064417,59.988777,7.485676,1.029714,59.988256,2.262123,1.025230,59.987371,7.233372,1.028877,59.989973,-8.896530,0.999836,0.999889,0.999866,0.999798,0.999793,0.999800,0.999780,0.999772,-42.653380,0.000000,5.290500,11.790963,4.482841,12.952240,20.879948,-38.427848,288.383297,447.800150,209.391350,467.503357,6.717002,286.592096,294.652499,141.504847,562.436988,245.394482,221.661074,276.382253,200.614467,124.488442,251.663684,184.493662,253.902685,8.239523,988.742731,2.149441,164.790455,75.230425,157.625653,78.812826,137.026846,28.927890,26.868009,92.246831,102.994034,75.767785,-82.574348,42.272334,15.225205,67.617823,24.718568,24.091648,4.119761,223.900075
9.420000,1.049400,59.989521,-7.433736,1.055361,59.988706,-5.033769,1.039892,59.988899,-7.528969,1.015956,59.989406,-8.419712,1.016281,59.989729,-7.562325,1.018184,59.989788,-6.982293,1.008678,59.989768,-8.892144,1.007682,59.989763,-9.324525,1.032357,59.989921,-9.105459,1.026539,59.989769,-4.748523,1.022675,59.989772,-5.508188,1.012514,59.989719,-5.468978,1.024448,59.989667,-5.337543,1.022994,59.989418,-6.702295,1.026999,59.988910,-6.744914,1.041491,59.988699,-5.373481,1.043565,59.988676,-6.359701,1.041099,59.988760,-7.181847,1.054839,59.988308,-0.774172,0.995076,59.988139,-1.641865,1.041227,59.988713,-3.253021,1.056098,59.988736,0.676604,1.051569,59.988739,0.502202,1.046432,59.988702,-5.267824,1.063150,59.988557,-3.778181,1.060412,59.988271,-4.771390,1.047818,59.988457,-6.517056,1.056239,59.987756,-1.605102,1.054215,59.987579,0.867040,1.051098,59.988397,-2.923066,0.983380,59.990534,0.005929,0.984359,59.990281,2.351120,0.997710,59.988172,3.887937,1.011590,59.987948,3.006585,1.050445,59.988753,5.087936,1.064396,59.988792,7.482945,1.029693,59.988401,2.256222,1.025249,59.987185,7.219598,1.028883,59.990029,-8.890460,0.999837,0.999887,0.999865,0.999798,0.999790,0.999803,0.999771,0.999783,-42.675442,0.000000,5.280755,11.751950,4.441107,12.914769,20.831340,-38.475607,288.383297,447.800150,209.391350,467.503357,6.717002,286.592096,294.652499,141.504847,562.436988,245.394482,221.661074,276.382253,200.614467,124.488442,251.663684,184.493662,253.902685,8.239523,988.742731,2.149441,164.790455,75.230425,157.625653,78.812826,137.026846,28.927890,26.868009,92.246831,102.994034,75.767785,-82.574348,42.272334,15.225205,67.617823,24.718568,24.091648,4.119761,223.900075
9.440000,1.049410,59.989618,-7.430882,1.055366,59.988867,-5.036498,1.039886,59.989000,-7.530575,1.015932,59.989452,-8.417912,1.016249,59.989750,-7.558307,1.018150,59.989803,-6.977881,1.008647,59.989790,-8.887844,1.007652,59.989788,-9.320248,1.032349,59.989963,-9.099966,1.026503,59.989777,-4.744278,1.022640,59.989782,-5.503911,1.012479,59.989732,-5.465071,1.024414,59.989683,-5.333998,1.022967,59.989451,-6.700469,1.026984,59.988957,-6.746686,1.041481,59.988750,-5.376757,1.043560,59.988740,-6.363084,1.041094,59.988839,-7.184557,1.054824,59.988337,-0.780361,0.995063,59.988161,-1.649307,1.041217,59.988760,-3.256212,1.056087,59.988774,0.673535,1.051558,59.988778,0.499162,1.046422,59.988752,-5.271081,1.063143,59.988696,-3.782082,1.060424,59.988320,-4.777757,1.047823,59.988515,-6.522043,1.056271,59.987719,-1.615574,1.054251,59.987508,0.855141,1.051107,59.988693,-2.927414,0.983331,59.990478,0.015403,0.984312,59.990240,2.358835,0.997689,59.988192,3.880723,1.011576,59.987949,2.997671,1.050437,59.988781,5.084947,1.064383,59.988817,7.480223,1.029675,59.988562,2.251298,1.025284,59.987034,7.204499,1.028889,59.990084,-8.884135,0.999838,0.999883,0.999863,0.999798,0.999789,0.999807,0.999764,0.999796,-42.695824,0.000000,5.271528,11.714180,4.399786,12.880193,20.780684,-38.516863,288.383297,447.800150,209.391350,467.503357,6.717002,286.592096,294.652499,141.504847,562.436988,245.394482,221.661074,276.382253,200.614467,124.488442,251.663684,184.493662,253.902685,8.239523,988.742731,2.149441,164.790455,75.230425,157.625653,78.812826,137.026846,28.927890,26.868009,92.246831,102.994034,75.767785,-82.574348,42.272334,15.225205,67.617823,24.718568,24.091648,4.119761,223.900075
9.460000,1.049422,59.989716,-7.427510,1.055376,59.989037,-5.038208,1.039887,59.989109,-7.531603,1.015914,59.989498,-8.415963,1.016223,59.989766,-7.554346,1.018123,59.989812,-6.973572,1.008622,59.989807,-8.883594,1.007628,59.989808,-9.316000,1.032343,59.990003,-9.094366,1.026473,59.989779,-4.740187,1.022611,59.989787,-5.499769,1.012450,59.989740,-5.461277,1.024387,59.989694,-5.330547,1.022947,59.989483,-6.698594,1.026978,59.989012,-6.748268,1.041479,59.988811,-5.379805,1.043563,59.988815,-6.366142,1.041096,59.988927,-7.186840,1.054817,59.988384,-0.786447,0.995056,59.988202,-1.656691,1.041215,59.988817,-3.259205,1.056086,59.988822,0.670603,1.051556,59.988827,0.496263,1.046420,59.988814,-5.274110,1.063141,59.988847,-3.785112,1.060446,59.988386,-4.783879,1.047837,59.988588,-6.526729,1.056317,59.987708,-1.626378,1.054301,59.987466,0.842678,1.051119,59.988998,-2.929774,0.983287,59.990406,0.024215,0.984270,59.990184,2.366003,0.997674,59.988233,3.873562,1.011568,59.987974,2.988689,1.050437,59.988820,5.082024,1.064378,59.988853,7.477545,1.029661,59.988737,2.247409,1.025336,59.986920,7.188294,1.028895,59.990136,-8.877613,0.999839,0.999879,0.999860,0.999798,0.999787,0.999811,0.999758,0.999808,-42.714133,0.000000,5.262949,11.678287,4.359553,12.849098,20.728803,-38.550993,288.383297,447.800150,209.391350,467.503357,6.717002,286.592096,294.652499,141.504847,562.436988,245.394482,221.661074,276.382253,200.614467,124.488442,251.663684,184.493662,253.902685,8.239523,988.742731,2.149441,164.790455,75.230425,157.625653,78.812826,137.026846,28.927890,26.868009,92.246831,102.994034,75.767785,-82.574348,42.272334,15.225205,67.617823,24.718568,24.091648,4.119761,223.900075
9.480000,1.049436,59.989815,-7.423653,1.055391,59.989214,-5.038892,1.039894,59.989223,-7.532054,1.015903,59.989544,-8.413912,1.016204,59.989779,-7.550514,1.018101,59.989817,-6.969447,1.008603,59.989820,-8.879470,1.007610,59.989824,-9.311856,1.032340,59.990039,-9.088723,1.026450,59.989777,-4.736328,1.022589,59.989788,-5.495840,1.012428,59.989744,-5.457672,1.024367,59.989701,-5.327261,1.022934,59.989515,-6.696715,1.026978,59.989073,-6.749654,1.041485,59.988882,-5.382594,1.043573,59.988900,-6.368843,1.041106,59.989024,-7.188677,1.054816,59.988447,-0.792351,0.995055,59.988263,-1.663917,1.041221,59.988884,-3.261971,1.056092,59.988881,0.667839,1.051561,59.988887,0.493539,1.046425,59.988885,-5.276882,1.063143,59.989007,-3.787242,1.060477,59.988469,-4.789680,1.047860,59.988674,-6.531061,1.056377,59.987725,-1.637365,1.054366,59.987456,0.829828,1.051132,59.989308,-2.930140,0.983249,59.990320,0.032212,0.984234,59.990117,2.372490,0.997665,59.988293,3.866552,1.011565,59.988023,2.979765,1.050444,59.988870,5.079201,1.064382,59.988899,7.474942,1.029650,59.988921,2.244594,1.025402,59.986847,7.171223,1.028903,59.990186,-8.870952,0.999840,0.999873,0.999856,0.999799,0.999787,0.999816,0.999753,0.999821,-42.730018,0.000000,5.255136,11.644864,4.321049,12.821993,20.676525,-38.577520,288.383297,447.800150,209.391350,467.503357,6.717002,286.592096,294.652499,141.504847,562.436988,245.394482,221.661074,276.382253,200.614467,124.488442,251.663684,184.493662,253.902685,8.239523,988.742731,2.149441,164.790455,75.230425,157.625653,78.812826,137.026846,28.927890,26.868009,92.246831,102.994034,75.767785,-82.574348,42.272334,15.225205,67.617823,24.718568,24.091648,4.119761,223.900075
9.500000,1.049451,59.989915,-7.419354,1.055410,59.989394,-5.038560,1.039906,59.989340,-7.531942,1.015898,59.989590,-8.411806,1.016191,59.989788,-7.546882,1.018086,59.989818,-6.965579,1.008590,59.989829,-8.875544,1.007599,59.989836,-9.307886,1.032341,59.990073,-9.083103,1.026433,59.989771,-4.732776,1.022573,59.989785,-5.492200,1.012413,59.989745,-5.454324,1.024353,59.989707,-5.324203,1.022927,59.989548,-6.694877,1.026985,59.989142,-6.750841,1.041497,59.988963,-5.385099,1.043591,59.988993,-6.371167,1.041121,59.989127,-7.190061,1.054821,59.988528,-0.797996,0.995060,59.988344,-1.670889,1.041234,59.988961,-3.264482,1.056106,59.988951,0.665274,1.051574,59.988957,0.491016,1.046438,59.988966,-5.279372,1.063149,59.989174,-3.788463,1.060517,59.988567,-4.795091,1.047890,59.988772,-6.534992,1.056449,59.987769,-1.648384,1.054444,59.987478,0.816773,1.051147,59.989618,-2.928544,0.983216,59.990222,0.039260,0.984205,59.990041,2.378178,0.997661,59.988373,3.859791,1.011567,59.988095,2.971025,1.050460,59.988930,5.076510,1.064393,59.988956,7.472446,1.029642,59.989114,2.242871,1.025483,59.986815,7.153535,1.028911,59.990234,-8.864213,0.999840,0.999868,0.999853,0.999801,0.999787,0.999820,0.999749,0.999834,-42.743179,0.000000,5.248191,11.614445,4.284872,12.799310,20.624675,-38.596119,288.383297,447.800150,209.391350,467.503357,6.717002,286.592096,294.652499,141.504847,562.436988,245.394482,221.661074,276.382253,200.614467,124.488442,251.663684,184.493662,253.902685,8.239523,988.742731,2.149441,164.790455,75.230425,157.625653,78.812826,137.026846,28.927890,26.868009,92.246831,102.994034,75.767785,-82.574348,42.272334,15.225205,67.617823,24.718568,24.091648,4.119761,223.900075
9.520000,1.049468,59.990013,-7.414662,1.055432,59.989576,-5.037242,1.039923,59.989461,-7.531289,1.015900,59.989635,-8.409691,1.016184,59.989795,-7.543515,1.018078,59.989816,-6.962037,1.008583,59.989836,-8.871882,1.007593,59.989846,-9.304156,1.032343,59.990105,-9.077567,1.026424,59.989763,-4.729597,1.022564,59.989779,-5.488914,1.012405,59.989745,-5.451298,1.024346,59.989710,-5.321435,1.022928,59.989581,-6.693124,1.026999,59.989216,-6.751828,1.041516,59.989053,-5.387300,1.043615,59.989095,-6.373098,1.041143,59.989237,-7.190991,1.054832,59.988624,-0.803312,0.995070,59.988442,-1.677519,1.041254,59.989047,-3.266717,1.056127,59.989030,0.662931,1.051595,59.989036,0.488720,1.046457,59.989055,-5.281559,1.063159,59.989346,-3.788777,1.060564,59.988679,-4.800049,1.047928,59.988882,-6.538483,1.056532,59.987840,-1.659284,1.054534,59.987531,0.803698,1.051164,59.989923,-2.925056,0.983189,59.990115,0.045244,0.984181,59.989958,2.382964,0.997661,59.988471,3.853369,1.011574,59.988190,2.962587,1.050482,59.989001,5.073984,1.064411,59.989023,7.470084,1.029637,59.989311,2.242238,1.025575,59.986826,7.135493,1.028920,59.990280,-8.857456,0.999841,0.999861,0.999848,0.999803,0.999788,0.999825,0.999746,0.999846,-42.753367,0.000000,5.242200,11.587503,4.251568,12.781388,20.574055,-38.606614,288.383297,447.800150,209.391350,467.503357,6.717002,286.592096,294.652499,141.504847,562.436988,245.394482,221.661074,276.382253,200.614467,124.488442,251.663684,184.493662,253.902685,8.239523,988.742731,2.149441,164.790455,75.230425,157.625653,78.812826,137.026846,28.927890,26.868009,92.246831,102.994034,75.767785,-82.574348,42.272334,15.225205,67.617823,24.718568,24.091648,4.119761,223.900075
9.540000,1.049485,59.990110,-7.409633,1.055458,59.989756,-5.034986,1.039944,59.989583,-7.530127,1.015907,59.989681,-8.407615,1.016183,59.989800,-7.540472,1.018076,59.989812,-6.958882,1.008583,59.989841,-8.868547,1.007592,59.989855,-9.300727,1.032349,59.990135,-9.072178,1.026421,59.989753,-4.726849,1.022561,59.989772,-5.486042,1.012403,59.989743,-5.448650,1.024345,59.989714,-5.319010,1.022934,59.989615,-6.691495,1.027019,59.989296,-6.752617,1.041541,59.989151,-5.389184,1.043644,59.989205,-6.374626,1.041170,59.989352,-7.191474,1.054848,59.988735,-0.808234,0.995084,59.988559,-1.683721,1.041281,59.989142,-3.268660,1.056154,59.989118,0.660833,1.051621,59.989125,0.486669,1.046482,59.989153,-5.283429,1.063173,59.989520,-3.788209,1.060618,59.988805,-4.804501,1.047972,59.989002,-6.541503,1.056625,59.987938,-1.669915,1.054633,59.987617,0.790785,1.051181,59.990218,-2.919780,0.983167,59.990004,0.050071,0.984164,59.989871,2.386768,0.997667,59.988587,3.847369,1.011586,59.988307,2.954568,1.050511,59.989082,5.071647,1.064435,59.989099,7.467884,1.029634,59.989511,2.242673,1.025677,59.986881,7.117363,1.028929,59.990324,-8.850742,0.999842,0.999854,0.999844,0.999806,0.999789,0.999830,0.999745,0.999858,-42.760396,0.000000,5.237232,11.564441,4.221623,12.768479,20.525439,-38.608990,288.383297,447.800150,209.391350,467.503357,6.717002,286.592096,294.652499,141.504847,562.436988,245.394482,221.661074,276.382253,200.614467,124.488442,251.663684,184.493662,253.902685,8.239523,988.742731,2.149441,164.790455,75.230425,157.625653,78.812826,137.026846,28.927890,26.868009,92.246831,102.994034,75.767785,-82.574348,42.272334,15.225205,67.617823,24.718568,24.091648,4.119761,223.900075
9.560000,1.049504,59.990204,-7.404331,1.055486,59.989933,-5.031857,1.039969,59.989705,-7.528498,1.015920,59.989727,-8.405621,1.016188,59.989805,-7.537805,1.018079,59.989808,-6.956169,1.008587,59.989845,-8.865592,1.007598,59.989862,-9.297654,1.032357,59.990163,-9.066992,1.026424,59.989744,-4.724583,1.022564,59.989764,-5.483635,1.012408,59.989741,-5.446428,1.024351,59.989717,-5.316973,1.022946,59.989650,-6.690027,1.027045,59.989382,-6.753216,1.041571,59.989257,-5.390740,1.043678,59.989320,-6.375750,1.041201,59.989470,-7.191525,1.054868,59.988859,-0.812706,0.995103,59.988692,-1.689421,1.041312,59.989244,-3.270299,1.056187,59.989214,0.658995,1.051653,59.989221,0.484881,1.046512,59.989258,-5.284974,1.063189,59.989694,-3.786797,1.060677,59.988943,-4.808404,1.048020,59.989131,-6.544030,1.056724,59.988062,-1.680136,1.054740,59.987733,0.778217,1.051199,59.990499,-2.912852,0.983152,59.989890,0.053669,0.984153,59.989783,2.389526,0.997676,59.988719,3.841867,1.011601,59.988445,2.947072,1.050545,59.989173,5.069525,1.064465,59.989186,7.465868,1.029634,59.989711,2.244135,1.025788,59.986980,7.099411,1.028939,59.990366,-8.844131,0.999842,0.999847,0.999839,0.999808,0.999791,0.999835,0.999744,0.999869,-42.764137,0.000000,5.233336,11.545585,4.195452,12.760737,20.479555,-38.603381,288.383297,447.800150,209.391350,467.503357,6.717002,286.592096,294.652499,141.504847,562.436988,245.394482,221.661074,276.382253,200.614467,124.488442,251.663684,184.493662,253.902685,8.239523,988.742731,2.149441,164.790455,75.230425,157.625653,78.812826,137.026846,28.927890,26.868009,92.246831,102.994034,75.767785,-82.574348,42.272334,15.225205,67.617823,24.718568,24.091648,4.119761,223.900075
9.580000,1.049523,59.990295,-7.398825,1.055515,59.990105,-5.027936,1.039998,59.989826,-7.526452,1.015937,59.989773,-8.403755,1.016199,59.989810,-7.535560,1.018088,59.989804,-6.953942,1.008597,59.989849,-8.863065,1.007608,59.989870,-9.294985,1.032368,59.990191,-9.062066,1.026432,59.989736,-4.722839,1.022573,59.989758,-5.481735,1.012418,59.989740,-5.444672,1.024362,59.989722,-5.315363,1.022964,59.989687,-6.688755,1.027074,59.989473,-6.753634,1.041605,59.989368,-5.391966,1.043716,59.989441,-6.376477,1.041235,59.989591,-7.191169,1.054892,59.988997,-0.816680,0.995125,59.988840,-1.694554,1.041348,59.989353,-3.271629,1.056225,59.989319,0.657431,1.051690,59.989326,0.483367,1.046546,59.989370,-5.286191,1.063207,59.989867,-3.784592,1.060741,59.989092,-4.811722,1.048073,59.989268,-6.546051,1.056829,59.988210,-1.689810,1.054853,59.987880,0.766167,1.051217,59.990762,-2.904439,0.983142,59.989777,0.055992,0.984147,59.989696,2.391195,0.997689,59.988867,3.836929,1.011620,59.988601,2.940195,1.050583,59.989272,5.067637,1.064500,59.989281,7.464056,1.029636,59.989907,2.246566,1.025904,59.987121,7.081902,1.028949,59.990407,-8.837685,0.999843,0.999840,0.999835,0.999812,0.999794,0.999840,0.999746,0.999879,-42.764527,0.000000,5.230545,11.531180,4.173399,12.758222,20.437077,-38.590070,288.383297,447.800150,209.391350,467.503357,6.717002,286.592096,294.652499,141.504847,562.436988,245.394482,221.661074,276.382253,200.614467,124.488442,251.663684,184.493662,253.902685,8.239523,988.742731,2.149441,164.790455,75.230425,157.625653,78.812826,137.026846,28.927890,26.868009,92.246831,102.994034,75.767785,-82.574348,42.272334,15.225205,67.617823,24.718568,24.091648,4.119761,223.900075
9.600000,1.049542,59.990381,-7.393188,1.055546,59.990269,-5.023317,1.040028,59.989945,-7.524046,1.015959,59.989820,-8.402056,1.016214,59.989817,-7.533775,1.018102,59.989803,-6.952237,1.008612,59.989855,-8.861005,1.007623,59.989878,-9.292761,1.032381,59.990217,-9.057451,1.026447,59.989730,-4.721647,1.022588,59.989754,-5.480375,1.012434,59.989742,-5.443414,1.024379,59.989729,-5.314211,1.022985,59.989726,-6.687710,1.027107,59.989567,-6.753884,1.041642,59.989486,-5.392864,1.043757,59.989566,-6.376818,1.041273,59.989714,-7.190435,1.054919,59.989145,-0.820118,0.995150,59.989001,-1.699064,1.041388,59.989468,-3.272649,1.056266,59.989430,0.656146,1.051730,59.989437,0.482131,1.046584,59.989487,-5.287083,1.063227,59.990036,-3.781664,1.060806,59.989250,-4.814433,1.048129,59.989411,-6.547560,1.056937,59.988382,-1.698811,1.054970,59.988056,0.754801,1.051234,59.991003,-2.894735,0.983138,59.989668,0.057014,0.984148,59.989614,2.391756,0.997704,59.989028,3.832610,1.011641,59.988776,2.934023,1.050625,59.989380,5.065998,1.064539,59.989385,7.462464,1.029638,59.990099,2.249889,1.026025,59.987303,7.065091,1.028959,59.990445,-8.831461,0.999843,0.999832,0.999830,0.999815,0.999797,0.999845,0.999749,0.999888,-42.761567,0.000000,5.228875,11.521387,4.155728,12.760900,20.398614,-38.569481,288.383297,447.800150,209.391350,467.503357,6.717002,286.592096,294.652499,141.504847,562.436988,245.394482,221.661074,276.382253,200.614467,124.488442,251.663684,184.493662,253.902685,8.239523,988.742731,2.149441,164.790455,75.230425,157.625653,78.812826,137.026846,28.927890,26.868009,92.246831,102.994034,75.767785,-82.574348,42.272334,15.225205,67.617823,24.718568,24.091648,4.119761,223.900075
9.620000,1.049561,59.990463,-7.387497,1.055577,59.990423,-5.018108,1.040060,59.990061,-7.521343,1.015984,59.989868,-8.400562,1.016234,59.989826,-7.532478,1.018121,59.989804,-6.951081,1.008631,59.989862,-8.859445,1.007642,59.989889,-9.291016,1.032395,59.990243,-9.053195,1.026465,59.989728,-4.721028,1.022607,59.989753,-5.479576,1.012454,59.989747,-5.442677,1.024399,59.989740,-5.313539,1.023011,59.989769,-6.686917,1.027143,59.989666,-6.753983,1.041682,59.989608,-5.393445,1.043800,59.989694,-6.376795,1.041312,59.989838,-7.189361,1.054948,59.989304,-0.822989,0.995176,59.989174,-1.702907,1.041430,59.989588,-3.273364,1.056309,59.989548,0.655143,1.051773,59.989554,0.481176,1.046624,59.989608,-5.287659,1.063248,59.990199,-3.778091,1.060873,59.989415,-4.816521,1.048185,59.989559,-6.548562,1.057046,59.988576,-1.707023,1.055087,59.988258,0.744274,1.051250,59.991219,-2.883953,0.983138,59.989566,0.056734,0.984154,59.989539,2.391207,0.997722,59.989200,3.828954,1.011663,59.988965,2.928627,1.050670,59.989495,5.064621,1.064580,59.989496,7.461105,1.029642,59.990284,2.254015,1.026148,59.987525,7.049222,1.028970,59.990481,-8.825517,0.999844,0.999825,0.999825,0.999819,0.999800,0.999849,0.999753,0.999896,-42.755320,0.000000,5.228319,11.516283,4.142619,12.768645,20.364702,-38.542167,288.383297,447.800150,209.391350,467.503357,6.717002,286.592096,294.652499,141.504847,562.436988,245.394482,221.661074,276.382253,200.614467,124.488442,251.663684,184.493662,253.902685,8.239523,988.742731,2.149441,164.790455,75.230425,157.625653,78.812826,137.026846,28.927890,26.868009,92.246831,102.994034,75.767785,-82.574348,42.272334,15.225205,67.617823,24.718568,24.091648,4.119761,223.900075
9.640000,1.049579,59.990539,-7.381834,1.055607,59.990567,-5.012426,1.040092,59.990173,-7.518413,1.016012,59.989917,-8.399310,1.016257,59.989839,-7.531693,1.018143,59.989808,-6.950493,1.008653,59.989873,-8.858408,1.007664,59.989902,-9.289775,1.032411,59.990269,-9.049343,1.026488,59.989731,-4.720992,1.022629,59.989758,-5.479352,1.012478,59.989757,-5.442473,1.024424,59.989755,-5.313360,1.023040,59.989814,-6.686399,1.027181,59.989768,-6.753948,1.041722,59.989733,-5.393723,1.043844,59.989824,-6.376432,1.041351,59.989961,-7.187990,1.054979,59.989470,-0.825275,0.995204,59.989357,-1.706051,1.041473,59.989713,-3.273786,1.056354,59.989670,0.654420,1.051818,59.989677,0.480498,1.046665,59.989734,-5.287933,1.063269,59.990356,-3.773965,1.060940,59.989586,-4.817985,1.048242,59.989711,-6.549070,1.057155,59.988789,-1.714345,1.055204,59.988485,0.734725,1.051264,59.991408,-2.872329,0.983143,59.989474,0.055174,0.984164,59.989473,2.389568,0.997741,59.989382,3.825992,1.011688,59.989168,2.924063,1.050715,59.989617,5.063512,1.064623,59.989614,7.459987,1.029646,59.990460,2.258840,1.026270,59.987783,7.034525,1.028981,59.990516,-8.819910,0.999844,0.999819,0.999821,0.999823,0.999805,0.999853,0.999758,0.999902,-42.745912,0.000000,5.228859,11.515859,4.134171,12.781244,20.335795,-38.508798,288.383297,447.800150,209.391350,467.503357,6.717002,286.592096,294.652499,141.504847,562.436988,245.394482,221.661074,276.382253,200.614467,124.488442,251.663684,184.493662,253.902685,8.239523,988.742731,2.149441,164.790455,75.230425,157.625653,78.812826,137.026846,28.927890,26.868009,92.246831,102.994034,75.767785,-82.574348,42.272334,15.225205,67.617823,24.718568,24.091648,4.119761,223.900075
9.660000,1.049597,59.990610,-7.376279,1.055636,59.990698,-5.006396,1.040125,59.990281,-7.515329,1.016041,59.989968,-8.398329,1.016283,59.989855,-7.531431,1.018168,59.989818,-6.950480,1.008678,59.989888,-8.857909,1.007689,59.989919,-9.289056,1.032429,59.990296,-9.045932,1.026513,59.989740,-4.721539,1.022655,59.989767,-5.479707,1.012505,59.989772,-5.442808,1.024451,59.989776,-5.313681,1.023070,59.989862,-6.686173,1.027219,59.989872,-6.753802,1.041763,59.989861,-5.393717,1.043887,59.989954,-6.375763,1.041391,59.990083,-7.186370,1.055009,59.989642,-0.826968,0.995232,59.989547,-1.708478,1.041516,59.989840,-3.273930,1.056399,59.989798,0.653967,1.051862,59.989803,0.480087,1.046706,59.989862,-5.287926,1.063290,59.990503,-3.769385,1.061005,59.989761,-4.818832,1.048298,59.989865,-6.549105,1.057260,59.989018,-1.720691,1.055318,59.988734,0.726278,1.051276,59.991567,-2.860108,0.983152,59.989396,0.052379,0.984178,59.989420,2.386880,0.997761,59.989572,3.823743,1.011712,59.989381,2.920375,1.050761,59.989744,5.062672,1.064666,59.989738,7.459114,1.029650,59.990625,2.264249,1.026389,59.988075,7.021208,1.028992,59.990550,-8.814691,0.999844,0.999812,0.999817,0.999827,0.999809,0.999857,0.999764,0.999907,-42.733529,0.000000,5.230455,11.520024,4.130398,12.798401,20.312260,-38.470148,288.383297,447.800150,209.391350,467.503357,6.717002,286.592096,294.652499,141.504847,562.436988,245.394482,221.661074,276.382253,200.614467,124.488442,251.663684,184.493662,253.902685,8.239523,988.742731,2.149441,164.790455,75.230425,157.625653,78.812826,137.026846,28.927890,26.868009,92.246831,102.994034,75.767785,-82.574348,42.272334,15.225205,67.617823,24.718568,24.091648,4.119761,223.900075
9.680000,1.049613,59.990674,-7.370916,1.055663,59.990817,-5.000148,1.040155,59.990383,-7.512165,1.016072,59.990021,-8.397646,1.016310,59.989877,-7.531698,1.018195,59.989834,-6.951043,1.008705,59.989907,-8.857956,1.007716,59.989940,-9.288870,1.032446,59.990324,-9.042999,1.026541,59.989757,-4.722661,1.022682,59.989784,-5.480634,1.012534,59.989794,-5.443678,1.024480,59.989803,-5.314498,1.023102,59.989915,-6.686253,1.027257,59.989978,-6.753567,1.041802,59.989991,-5.393453,1.043929,59.990085,-6.374825,1.041429,59.990203,-7.184555,1.055039,59.989819,-0.828070,0.995259,59.989743,-1.710180,1.041559,59.989970,-3.273818,1.056443,59.989928,0.653773,1.051906,59.989933,0.479930,1.046746,59.989991,-5.287663,1.063309,59.990641,-3.764459,1.061067,59.989938,-4.819080,1.048351,59.990021,-6.548698,1.057361,59.989263,-1.725989,1.055426,59.989002,0.719038,1.051286,59.991696,-2.847547,0.983164,59.989332,0.048411,0.984196,59.989381,2.383199,0.997781,59.989767,3.822214,1.011736,59.989603,2.917590,1.050805,59.989876,5.062100,1.064709,59.989867,7.458485,1.029653,59.990777,2.270119,1.026503,59.988397,7.009456,1.029003,59.990581,-8.809913,0.999845,0.999807,0.999814,0.999832,0.999814,0.999861,0.999772,0.999911,-42.718411,0.000000,5.233056,11.528608,4.131230,12.819744,20.294373,-38.427076,288.383297,447.800150,209.391350,467.503357,6.717002,286.592096,294.652499,141.504847,562.436988,245.394482,221.661074,276.382253,200.614467,124.488442,251.663684,184.493662,253.902685,8.239523,988.742731,2.149441,164.790455,75.230425,157.625653,78.812826,137.026846,28.927890,26.868009,92.246831,102.994034,75.767785,-82.574348,42.272334,15.225205,67.617823,24.718568,24.091648,4.119761,223.900075
9.700000,1.049628,59.990733,-7.365826,1.055686,59.990922,-4.993818,1.040184,59.990480,-7.509000,1.016102,59.990075,-8.397284,1.016339,59.989905,-7.532491,1.018223,59.989857,-6.952172,1.008733,59.989932,-8.858548,1.007743,59.989966,-9.289219,1.032465,59.990352,-9.040573,1.026570,59.989781,-4.724339,1.022711,59.989808,-5.482118,1.012564,59.989823,-5.445068,1.024510,59.989837,-5.315800,1.023134,59.989971,-6.686646,1.027293,59.990086,-6.753270,1.041840,59.990122,-5.392960,1.043968,59.990215,-6.373660,1.041464,59.990319,-7.182600,1.055067,59.989999,-0.828593,0.995285,59.989943,-1.711164,1.041599,59.990101,-3.273474,1.056485,59.990061,0.653821,1.051947,59.990065,0.480010,1.046784,59.990121,-5.287173,1.063326,59.990768,-3.759299,1.061124,59.990116,-4.818755,1.048401,59.990175,-6.547884,1.057454,59.989518,-1.730185,1.055527,59.989286,0.713091,1.051292,59.991795,-2.834905,0.983179,59.989286,0.043354,0.984216,59.989359,2.378601,0.997799,59.989966,3.821399,1.011760,59.989830,2.915718,1.050848,59.990012,5.061787,1.064750,59.990001,7.458097,1.029655,59.990917,2.276320,1.026610,59.988744,6.999431,1.029014,59.990612,-8.805623,0.999845,0.999802,0.999811,0.999836,0.999819,0.999864,0.999781,0.999913,-42.700849,0.000000,5.236591,11.541365,4.136519,12.844837,20.282313,-38.380510,288.383297,447.800150,209.391350,467.503357,6.717002,286.592096,294.652499,141.504847,562.436988,245.394482,221.661074,276.382253,200.614467,124.488442,251.663684,184.493662,253.902685,8.239523,988.742731,2.149441,164.790455,75.230425,157.625653,78.812826,137.026846,28.927890,26.868009,92.246831,102.994034,75.767785,-82.574348,42.272334,15.225205,67.617823,24.718568,24.091648,4.119761,223.900075
9.720000,1.049641,59.990785,-7.361089,1.055706,59.991013,-4.987541,1.040210,59.990571,-7.505909,1.016131,59.990133,-8.397261,1.016367,59.989939,-7.533799,1.018251,59.989887,-6.953849,1.008761,59.989963,-8.859675,1.007771,59.989998,-9.290098,1.032482,59.990382,-9.038678,1.026599,59.989814,-4.726547,1.022740,59.989840,-5.484136,1.012594,59.989860,-5.446960,1.024540,59.989878,-5.317572,1.023165,59.990032,-6.687357,1.027326,59.990195,-6.752937,1.041874,59.990252,-5.392273,1.044004,59.990342,-6.372314,1.041496,59.990433,-7.180564,1.055093,59.990180,-0.828561,0.995309,59.990144,-1.711449,1.041636,59.990233,-3.272928,1.056523,59.990195,0.654089,1.051985,59.990199,0.480304,1.046819,59.990251,-5.286491,1.063341,59.990883,-3.754022,1.061175,59.990294,-4.817895,1.048446,59.990329,-6.546707,1.057539,59.989783,-1.733245,1.055619,59.989582,0.708501,1.051296,59.991862,-2.822442,0.983196,59.989260,0.037308,0.984238,59.989354,2.373175,0.997817,59.990166,3.821280,1.011782,59.990061,2.914756,1.050887,59.990151,5.061723,1.064788,59.990138,7.457940,1.029655,59.991042,2.282718,1.026708,59.989113,6.991262,1.029024,59.990641,-8.801865,0.999845,0.999798,0.999809,0.999840,0.999825,0.999867,0.999790,0.999914,-42.681179,0.000000,5.240982,11.557978,4.146040,12.873182,20.276162,-38.331430,288.383297,447.800150,209.391350,467.503357,6.717002,286.592096,294.652499,141.504847,562.436988,245.394482,221.661074,276.382253,200.614467,124.488442,251.663684,184.493662,253.902685,8.239523,988.742731,2.149441,164.790455,75.230425,157.625653,78.812826,137.026846,28.927890,26.868009,92.246831,102.994034,75.767785,-82.574348,42.272334,15.225205,67.617823,24.718568,24.091648,4.119761,223.900075
9.740000,1.049652,59.990830,-7.356782,1.055722,59.991089,-4.981449,1.040232,59.990655,-7.502970,1.016158,59.990193,-8.397590,1.016395,59.989981,-7.535606,1.018279,59.989925,-6.956049,1.008788,59.990001,-8.861324,1.007798,59.990036,-9.291496,1.032500,59.990414,-9.037334,1.026627,59.989857,-4.729250,1.022768,59.989882,-5.486657,1.012623,59.989905,-5.449325,1.024568,59.989927,-5.319786,1.023194,59.990098,-6.688385,1.027356,59.990304,-6.752596,1.041904,59.990381,-5.391429,1.044034,59.990468,-6.370836,1.041524,59.990542,-7.178508,1.055115,59.990360,-0.828005,0.995330,59.990344,-1.711064,1.041668,59.990364,-3.272214,1.056557,59.990331,0.654551,1.052019,59.990333,0.480787,1.046850,59.990380,-5.285652,1.063353,59.990987,-3.748743,1.061220,59.990468,-4.816544,1.048484,59.990479,-6.545216,1.057613,59.990052,-1.735151,1.055700,59.989887,0.705310,1.051295,59.991898,-2.810410,0.983213,59.989254,0.030387,0.984260,59.989368,2.367024,0.997831,59.990366,3.821826,1.011801,59.990292,2.914682,1.050921,59.990292,5.061891,1.064821,59.990277,7.458003,1.029653,59.991153,2.289178,1.026795,59.989499,6.985052,1.029034,59.990668,-8.798680,0.999846,0.999795,0.999807,0.999845,0.999830,0.999869,0.999801,0.999913,-42.659776,0.000000,5.246136,11.578070,4.159495,12.904238,20.275905,-38.280843,288.383297,447.800150,209.391350,467.503357,6.717002,286.592096,294.652499,141.504847,562.436988,245.394482,221.661074,276.382253,200.614467,124.488442,251.663684,184.493662,253.902685,8.239523,988.742731,2.149441,164.790455,75.230425,157.625653,78.812826,137.026846,28.927890,26.868009,92.246831,102.994034,75.767785,-82.574348,42.272334,15.225205,67.617823,24.718568,24.091648,4.119761,223.900075
9.760000,1.049660,59.990870,-7.352978,1.055733,59.991152,-4.975672,1.040249,59.990733,-7.500255,1.016182,59.990256,-8.398278,1.016420,59.990030,-7.537886,1.018304,59.989972,-6.958740,1.008813,59.990047,-8.863470,1.007823,59.990081,-9.293394,1.032516,59.990448,-9.036556,1.026654,59.989909,-4.732407,1.022795,59.989932,-5.489643,1.012651,59.989959,-5.452129,1.024595,59.989985,-5.322414,1.023220,59.990168,-6.689726,1.027381,59.990413,-6.752275,1.041929,59.990508,-5.390468,1.044060,59.990589,-6.369278,1.041546,59.990646,-7.176491,1.055133,59.990538,-0.826965,0.995348,59.990542,-1.710052,1.041695,59.990493,-3.271368,1.056586,59.990465,0.655180,1.052047,59.990467,0.481428,1.046875,59.990507,-5.284698,1.063360,59.991078,-3.743579,1.061256,59.990639,-4.814756,1.048516,59.990625,-6.543466,1.057675,59.990325,-1.735904,1.055768,59.990198,0.703538,1.051290,59.991906,-2.799052,0.983231,59.989270,0.022718,0.984282,59.989403,2.360262,0.997843,59.990564,3.822997,1.011818,59.990521,2.915462,1.050951,59.990433,5.062271,1.064850,59.990417,7.458269,1.029648,59.991250,2.295567,1.026869,59.989896,6.980869,1.029044,59.990695,-8.796104,0.999846,0.999792,0.999806,0.999849,0.999836,0.999871,0.999812,0.999910,-42.637047,0.000000,5.251950,11.601208,4.176525,12.937421,20.281434,-38.229771,288.383297,447.800150,209.391350,467.503357,6.717002,286.592096,294.652499,141.504847,562.436988,245.394482,221.661074,276.382253,200.614467,124.488442,251.663684,184.493662,253.902685,8.239523,988.742731,2.149441,164.790455,75.230425,157.625653,78.812826,137.026846,28.927890,26.868009,92.246831,102.994034,75.767785,-82.574348,42.272334,15.225205,67.617823,24.718568,24.091648,4.119761,223.900075
9.780000,1.049666,59.990904,-7.349744,1.055738,59.991202,-4.970333,1.040261,59.990806,-7.497833,1.016203,59.990321,-8.399330,1.016443,59.990086,-7.540609,1.018327,59.990028,-6.961884,1.008836,59.990100,-8.866087,1.007845,59.990133,-9.295767,1.032531,59.990485,-9.036352,1.026678,59.989972,-4.735970,1.022818,59.989993,-5.493049,1.012675,59.990022,-5.455332,1.024619,59.990051,-5.325418,1.023242,59.990243,-6.691369,1.027401,59.990521,-6.752003,1.041948,59.990633,-5.389431,1.044079,59.990707,-6.367692,1.041563,59.990746,-7.174573,1.055147,59.990712,-0.825491,0.995361,59.990735,-1.708465,1.041716,59.990621,-3.270428,1.056608,59.990599,0.655945,1.052069,59.990599,0.482198,1.046895,59.990632,-5.283671,1.063364,59.991157,-3.738641,1.061283,59.990805,-4.812590,1.048539,59.990766,-6.541514,1.057724,59.990597,-1.735525,1.055822,59.990510,0.703181,1.051281,59.991886,-2.788594,0.983248,59.989309,0.014437,0.984304,59.989458,2.353011,0.997852,59.990757,3.824742,1.011831,59.990747,2.917046,1.050973,59.990575,5.062840,1.064872,59.990558,7.458720,1.029640,59.991331,2.301753,1.026929,59.990300,6.978748,1.029052,59.990721,-8.794169,0.999846,0.999791,0.999806,0.999853,0.999841,0.999873,0.999823,0.999907,-42.613423,0.000000,5.258315,11.626916,4.196712,12.972125,20.292544,-38.179223,288.383297,447.800150,209.391350,467.503357,6.717002,286.592096,294.652499,141.504847,562.436988,245.394482,221.661074,276.382253,200.614467,124.488442,251.663684,184.493662,253.902685,8.239523,988.742731,2.149441,164.790455,75.230425,157.625653,78.812826,137.026846,28.927890,26.868009,92.246831,102.994034,75.767785,-82.574348,42.272334,15.225205,67.617823,24.718568,24.091648,4.119761,223.900075
9.800000,1.049669,59.990933,-7.347141,1.055737,59.991238,-4.965547,1.040267,59.990872,-7.495770,1.016218,59.990391,-8.400745,1.016462,59.990151,-7.543740,1.018347,59.990092,-6.965437,1.008855,59.990160,-8.869139,1.007864,59.990192,-9.298586,1.032544,59.990523,-9.036727,1.026698,59.990045,-4.739887,1.022838,59.990063,-5.496827,1.012695,59.990095,-5.458889,1.024638,59.990126,-5.328758,1.023260,59.990322,-6.693303,1.027415,59.990628,-6.751809,1.041960,59.990754,-5.388363,1.044090,59.990820,-6.366131,1.041572,59.990840,-7.172813,1.055154,59.990881,-0.823639,0.995369,59.990922,-1.706363,1.041730,59.990745,-3.269434,1.056623,59.990730,0.656810,1.052084,59.990729,0.483061,1.046907,59.990753,-5.282612,1.063362,59.991224,-3.734038,1.061300,59.990964,-4.810111,1.048553,59.990902,-6.539422,1.057759,59.990866,-1.734053,1.055861,59.990820,0.704212,1.051267,59.991841,-2.779244,0.983263,59.989371,0.005687,0.984323,59.989534,2.345398,0.997856,59.990944,3.827000,1.011841,59.990965,2.919372,1.050989,59.990715,5.063572,1.064888,59.990698,7.459332,1.029629,59.991399,2.307612,1.026975,59.990705,6.978693,1.029061,59.990746,-8.792901,0.999847,0.999791,0.999807,0.999857,0.999847,0.999874,0.999835,0.999902,-42.589350,0.000000,5.265114,11.654677,4.219590,13.007728,20.308946,-38.130185,288.383297,447.800150,209.391350,467.503357,6.717002,286.592096,294.652499,141.504847,562.436988,245.394482,221.661074,276.382253,200.614467,124.488442,251.663684,184.493662,253.902685,8.239523,988.742731,2.149441,164.790455,75.230425,157.625653,78.812826,137.026846,28.927890,26.868009,92.246831,102.994035,75.767785,-82.574348,42.272334,15.225205,67.617823,24.718568,24.091648,4.119761,223.900075
9.820000,1.049669,59.990956,-7.345222,1.055730,59.991264,-4.961417,1.040267,59.990933,-7.494122,1.016229,59.990463,-8.402515,1.016477,59.990223,-7.547239,1.018362,59.990166,-6.969350,1.008870,59.990229,-8.872588,1.007878,59.990258,-9.301816,1.032554,59.990565,-9.037680,1.026714,59.990128,-4.744103,1.022854,59.990143,-5.500924,1.012711,59.990176,-5.462752,1.024653,59.990209,-5.332390,1.023272,59.990407,-6.695512,1.027421,59.990733,-6.751719,1.041965,59.990872,-5.387307,1.044094,59.990927,-6.364648,1.041575,59.990929,-7.171264,1.055156,59.991043,-0.821469,0.995372,59.991102,-1.703817,1.041736,59.990866,-3.268427,1.056630,59.990859,0.657742,1.052091,59.990857,0.483983,1.046912,59.990870,-5.281567,1.063355,59.991281,-3.729869,1.061306,59.991116,-4.807389,1.048559,59.991030,-6.537253,1.057778,59.991128,-1.731542,1.055883,59.991124,0.706584,1.051249,59.991773,-2.771189,0.983276,59.989455,-0.003382,0.984339,59.989630,2.337556,0.997855,59.991124,3.829704,1.011845,59.991175,2.922365,1.050996,59.990853,5.064437,1.064896,59.990837,7.460081,1.029614,59.991452,2.313026,1.027003,59.991106,6.980670,1.029068,59.990771,-8.792323,0.999847,0.999792,0.999808,0.999861,0.999852,0.999875,0.999846,0.999896,-42.565285,0.000000,5.272227,11.683953,4.244652,13.043603,20.330267,-38.083593,288.383297,447.800150,209.391350,467.503357,6.717002,286.592096,294.652499,141.504847,562.436988,245.394482,221.661074,276.382253,200.614467,124.488442,251.663684,184.493662,253.902685,8.239523,988.742731,2.149441,164.790455,75.230425,157.625653,78.812826,137.026846,28.927890,26.868009,92.246831,102.994035,75.767785,-82.574348,42.272334,15.225205,67.617823,24.718568,24.091648,4.119761,223.900075
9.840000,1.049666,59.990976,-7.344035,1.055716,59.991278,-4.958035,1.040259,59.990988,-7.492942,1.016233,59.990538,-8.404632,1.016486,59.990303,-7.551063,1.018372,59.990249,-6.973573,1.008880,59.990305,-8.876392,1.007888,59.990331,-9.305418,1.032562,59.990609,-9.039206,1.026724,59.990221,-4.748558,1.022864,59.990233,-5.505284,1.012721,59.990267,-5.466869,1.024663,59.990300,-5.336267,1.023278,59.990495,-6.697977,1.027420,59.990837,-6.751760,1.041962,59.990985,-5.386308,1.044090,59.991030,-6.363294,1.041569,59.991013,-7.169979,1.055151,59.991197,-0.819048,0.995369,59.991272,-1.700903,1.041733,59.990983,-3.267448,1.056628,59.990984,0.658704,1.052090,59.990981,0.484928,1.046909,59.990983,-5.280579,1.063343,59.991326,-3.726227,1.061302,59.991259,-4.804495,1.048553,59.991152,-6.535071,1.057781,59.991381,-1.728066,1.055889,59.991419,0.710224,1.051225,59.991687,-2.764585,0.983285,59.989562,-0.012624,0.984352,59.989746,2.329616,0.997849,59.991294,3.832780,1.011846,59.991374,2.925940,1.050995,59.990989,5.065405,1.064895,59.990974,7.460940,1.029594,59.991493,2.317887,1.027016,59.991498,6.984617,1.029074,59.990795,-8.792451,0.999847,0.999794,0.999811,0.999864,0.999857,0.999875,0.999858,0.999889,-42.541685,0.000000,5.279530,11.714186,4.271361,13.079132,20.356060,-38.040323,288.383297,447.800150,209.391350,467.503357,6.717002,286.592096,294.652499,141.504847,562.436988,245.394482,221.661074,276.382253,200.614467,124.488442,251.663684,184.493662,253.902685,8.239523,988.742731,2.149441,164.790455,75.230425,157.625653,78.812826,137.026846,28.927890,26.868009,92.246831,102.994035,75.767785,-82.574348,42.272334,15.225205,67.617823,24.718568,24.091648,4.119761,223.900075
9.860000,1.049660,59.990992,-7.343614,1.055695,59.991284,-4.955479,1.040245,59.991039,-7.492272,1.016231,59.990617,-8.407079,1.016489,59.990391,-7.555165,1.018376,59.990341,-6.978050,1.008885,59.990388,-8.880506,1.007893,59.990412,-9.309353,1.032567,59.990655,-9.041295,1.026728,59.990323,-4.753193,1.022869,59.990331,-5.509849,1.012724,59.990365,-5.471188,1.024666,59.990400,-5.340340,1.023277,59.990588,-6.700675,1.027411,59.990938,-6.751956,1.041950,59.991093,-5.385409,1.044076,59.991127,-6.362117,1.041555,59.991092,-7.169005,1.055140,59.991343,-0.816446,0.995360,59.991431,-1.697702,1.041722,59.991096,-3.266537,1.056617,59.991105,0.659660,1.052079,59.991101,0.485858,1.046898,59.991091,-5.279690,1.063324,59.991362,-3.723192,1.061285,59.991392,-4.801506,1.048538,59.991266,-6.532939,1.057767,59.991622,-1.723711,1.055878,59.991702,0.715044,1.051196,59.991586,-2.759565,0.983291,59.989691,-0.021888,0.984360,59.989882,2.321710,0.997838,59.991454,3.836147,1.011841,59.991561,2.930004,1.050986,59.991121,5.066442,1.064886,59.991108,7.461881,1.029570,59.991523,2.322101,1.027010,59.991876,6.990438,1.029079,59.990819,-8.793297,0.999848,0.999797,0.999814,0.999867,0.999862,0.999875,0.999870,0.999882,-42.518996,0.000000,5.286900,11.744813,4.299163,13.113715,20.385812,-38.001170,288.383297,447.800150,209.391350,467.503357,6.717002,286.592096,294.652499,141.504847,562.436988,245.394482,221.661074,276.382253,200.614467,124.488442,251.663684,184.493662,253.902685,8.239523,988.742731,2.149441,164.790455,75.230425,157.625653,78.812826,137.026846,28.927890,26.868009,92.246831,102.994035,75.767785,-82.574348,42.272334,15.225205,67.617823,24.718568,24.091648,4.119761,223.900075
9.880000,1.049651,59.991004,-7.343989,1.055668,59.991282,-4.953812,1.040223,59.991086,-7.492148,1.016221,59.990699,-8.409841,1.016486,59.990486,-7.559497,1.018374,59.990440,-6.982728,1.008883,59.990478,-8.884882,1.007891,59.990499,-9.313574,1.032569,59.990704,-9.043933,1.026726,59.990434,-4.757947,1.022866,59.990438,-5.514561,1.012721,59.990472,-5.475653,1.024662,59.990506,-5.344558,1.023268,59.990684,-6.703584,1.027394,59.991037,-6.752329,1.041930,59.991195,-5.384650,1.044054,59.991218,-6.361163,1.041533,59.991165,-7.168383,1.055121,59.991479,-0.813734,0.995345,59.991579,-1.694300,1.041701,59.991203,-3.265735,1.056597,59.991222,0.660573,1.052059,59.991217,0.486738,1.046878,59.991194,-5.278942,1.063300,59.991389,-3.720834,1.061257,59.991515,-4.798496,1.048512,59.991371,-6.530920,1.057737,59.991848,-1.718579,1.055849,59.991969,0.720935,1.051163,59.991472,-2.756226,0.983292,59.989839,-0.031032,0.984363,59.990035,2.313963,0.997821,59.991604,3.839724,1.011831,59.991734,2.934457,1.050966,59.991249,5.067516,1.064868,59.991238,7.462874,1.029542,59.991542,2.325584,1.026988,59.992236,6.998006,1.029084,59.990843,-8.794865,0.999848,0.999800,0.999817,0.999870,0.999866,0.999875,0.999881,0.999874,-42.497653,0.000000,5.294214,11.775277,4.327490,13.146782,20.418951,-37.966840,288.383297,447.800150,209.391350,467.503357,6.717002,286.592096,294.652499,141.504847,562.436988,245.394482,221.661074,276.382253,200.614467,124.488442,251.663684,184.493662,253.902685,8.239523,988.742731,2.149441,164.790455,75.230425,157.625653,78.812826,137.026846,28.927890,26.868009,92.246831,102.994035,75.767785,-82.574348,42.272334,15.225205,67.617823,24.718568,24.091648,4.119761,223.900075
9.900000,1.049638,59.991015,-7.345176,1.055633,59.991274,-4.953081,1.040193,59.991130,-7.492595,1.016204,59.990784,-8.412893,1.016476,59.990588,-7.564009,1.018365,59.990547,-6.987550,1.008874,59.990576,-8.889471,1.007882,59.990592,-9.318037,1.032568,59.990756,-9.047100,1.026717,59.990553,-4.762760,1.022857,59.990553,-5.519362,1.012711,59.990586,-5.480212,1.024651,59.990620,-5.348873,1.023252,59.990784,-6.706678,1.027368,59.991132,-6.752900,1.041900,59.991293,-5.384070,1.044023,59.991303,-6.360474,1.041502,59.991234,-7.168149,1.055094,59.991604,-0.810986,0.995323,59.991714,-1.690784,1.041672,59.991305,-3.265078,1.056567,59.991333,0.661408,1.052029,59.991328,0.487533,1.046848,59.991291,-5.278373,1.063269,59.991408,-3.719211,1.061218,59.991628,-4.795540,1.048475,59.991468,-6.529072,1.057691,59.992059,-1.712782,1.055803,59.992217,0.727771,1.051125,59.991351,-2.754635,0.983288,59.990006,-0.039916,0.984360,59.990204,2.306498,0.997798,59.991741,3.843426,1.011816,59.991892,2.939193,1.050938,59.991371,5.068594,1.064840,59.991364,7.463890,1.029509,59.991552,2.328268,1.026948,59.992573,7.007169,1.029087,59.990867,-8.797156,0.999848,0.999805,0.999822,0.999873,0.999870,0.999874,0.999891,0.999866,-42.478066,0.000000,5.301354,11.805033,4.355775,13.177798,20.454861,-37.937932,288.383297,447.800150,209.391350,467.503357,6.717002,286.592096,294.652499,141.504847,562.436988,245.394482,221.661074,276.382253,200.614467,124.488442,251.663684,184.493662,253.902685,8.239523,988.742731,2.149441,164.790455,75.230425,157.625653,78.812826,137.026846,28.927890,26.868009,92.246831,102.994035,75.767785,-82.574348,42.272334,15.225205,67.617823,24.718568,24.091648,4.119761,223.900075
9.920000,1.049622,59.991024,-7.347184,1.055592,59.991263,-4.953316,1.040156,59.991172,-7.493628,1.016179,59.990872,-8.416212,1.016459,59.990696,-7.568652,1.018349,59.990661,-6.992461,1.008858,59.990679,-8.894225,1.007867,59.990690,-9.322695,1.032563,59.990810,-9.050775,1.026700,59.990679,-4.767574,1.022840,59.990675,-5.524194,1.012693,59.990707,-5.484810,1.024632,59.990739,-5.353234,1.023229,59.990887,-6.709929,1.027333,59.991225,-6.753686,1.041862,59.991384,-5.383705,1.043982,59.991383,-6.360087,1.041462,59.991298,-7.168331,1.055061,59.991719,-0.808273,0.995296,59.991837,-1.687241,1.041632,59.991402,-3.264602,1.056528,59.991440,0.662131,1.051990,59.991433,0.488209,1.046810,59.991383,-5.278018,1.063232,59.991422,-3.718366,1.061167,59.991730,-4.792712,1.048428,59.991557,-6.527453,1.057629,59.992251,-1.706443,1.055740,59.992445,0.735412,1.051082,59.991226,-2.754827,0.983278,59.990190,-0.048412,0.984351,59.990387,2.299425,0.997769,59.991865,3.847167,1.011796,59.992034,2.944103,1.050899,59.991489,5.069640,1.064802,59.991485,7.464897,1.029471,59.991555,2.330101,1.026891,59.992883,7.017749,1.029089,59.990891,-8.800163,0.999849,0.999811,0.999826,0.999875,0.999874,0.999874,0.999901,0.999857,-42.460613,0.000000,5.308204,11.833560,4.383465,13.206279,20.492888,-37.914932,288.383297,447.800150,209.391350,467.503357,6.717002,286.592096,294.652499,141.504847,562.436988,245.394482,221.661074,276.382253,200.614467,124.488442,251.663684,184.493662,253.902685,8.239523,988.742731,2.149441,164.790455,75.230425,157.625653,78.812826,137.026846,28.927890,26.868009,92.246831,102.994035,75.767785,-82.574348,42.272334,15.225205,67.617823,24.718568,24.091648,4.119761,223.900075
9.940000,1.049603,59.991033,-7.350009,1.055544,59.991248,-4.954529,1.040111,59.991211,-7.495255,1.016147,59.990962,-8.419771,1.016435,59.990809,-7.573378,1.018325,59.990781,-6.997407,1.008836,59.990787,-8.899095,1.007845,59.990794,-9.327501,1.032554,59.990866,-9.054932,1.026675,59.990811,-4.772333,1.022816,59.990803,-5.529003,1.012666,59.990833,-5.489397,1.024605,59.990864,-5.357596,1.023196,59.990992,-6.713311,1.027290,59.991315,-6.754700,1.041815,59.991471,-5.383586,1.043932,59.991457,-6.360032,1.041414,59.991358,-7.168952,1.055020,59.991823,-0.805665,0.995262,59.991946,-1.683760,1.041584,59.991493,-3.264337,1.056479,59.991540,0.662711,1.051942,59.991532,0.488736,1.046763,59.991469,-5.277909,1.063190,59.991430,-3.718329,1.061105,59.991821,-4.790082,1.048371,59.991638,-6.526115,1.057552,59.992423,-1.699691,1.055662,59.992649,0.743708,1.051034,59.991102,-2.756799,0.983262,59.990388,-0.056400,0.984336,59.990583,2.292846,0.997734,59.991977,3.850864,1.011770,59.992159,2.949079,1.050852,59.991600,5.070624,1.064755,59.991600,7.465868,1.029428,59.991552,2.331045,1.026818,59.993163,7.029547,1.029090,59.990916,-8.803875,0.999849,0.999817,0.999832,0.999877,0.999877,0.999873,0.999910,0.999849,-42.445640,0.000000,5.314658,11.860371,4.410021,13.231793,20.532353,-37.898205,288.383297,447.800150,209.391350,467.503357,6.717002,286.592096,294.652499,141.504847,562.436988,245.394482,221.661074,276.382253,200.614467,124.488442,251.663684,184.493662,253.902685,8.239523,988.742731,2.149441,164.790455,75.230425,157.625653,78.812826,137.026846,28.927890,26.868009,92.246831,102.994035,75.767785,-82.574348,42.272334,15.225205,67.617823,24.718568,24.091648,4.119761,223.900075
9.960000,1.049581,59.991042,-7.353638,1.055489,59.991233,-4.956717,1.040059,59.991249,-7.497472,1.016106,59.991054,-8.423539,1.016402,59.990926,-7.578139,1.018293,59.990905,-7.002336,1.008805,59.990900,-8.904033,1.007815,59.990902,-9.332411,1.032542,59.990925,-9.059542,1.026642,59.990949,-4.776986,1.022783,59.990936,-5.533737,1.012632,59.990963,-5.493925,1.024571,59.990992,-5.361911,1.023156,59.991099,-6.716795,1.027238,59.991401,-6.755953,1.041760,59.991551,-5.383742,1.043874,59.991526,-6.360338,1.041358,59.991415,-7.170027,1.054972,59.991915,-0.803230,0.995221,59.992041,-1.680423,1.041526,59.991578,-3.264311,1.056421,59.991635,0.663119,1.051884,59.991626,0.489085,1.046707,59.991550,-5.278072,1.063141,59.991436,-3.719114,1.061032,59.991901,-4.787715,1.048303,59.991710,-6.525104,1.057460,59.992574,-1.692662,1.055568,59.992829,0.752497,1.050982,59.990982,-2.760520,0.983239,59.990598,-0.063775,0.984313,59.990788,2.286852,0.997693,59.992075,3.854436,1.011740,59.992267,2.954012,1.050795,59.991706,5.071514,1.064699,59.991709,7.466774,1.029381,59.991545,2.331080,1.026729,59.993410,7.042345,1.029090,59.990942,-8.808274,0.999849,0.999824,0.999838,0.999879,0.999880,0.999872,0.999918,0.999840,-42.433449,0.000000,5.320616,11.885017,4.434938,13.253971,20.572564,-37.887992,288.383297,447.800150,209.391350,467.503357,6.717002,286.592096,294.652499,141.504847,562.436988,245.394482,221.661074,276.382253,200.614467,124.488442,251.663684,184.493662,253.902685,8.239523,988.742731,2.149441,164.790455,75.230425,157.625653,78.812826,137.026846,28.927890,26.868009,92.246831,102.994035,75.767785,-82.574348,42.272334,15.225205,67.617823,24.718568,24.091648,4.119761,223.900075
9.980000,1.049556,59.991052,-7.358050,1.055429,59.991220,-4.959859,1.040000,59.991287,-7.500266,1.016058,59.991149,-8.427485,1.016362,59.991047,-7.582888,1.018254,59.991034,-7.007201,1.008768,59.991016,-8.908992,1.007778,59.991013,-9.337379,1.032526,59.990985,-9.064573,1.026602,59.991089,-4.781485,1.022743,59.991072,-5.538349,1.012590,59.991097,-5.498349,1.024528,59.991123,-5.366140,1.023108,59.991208,-6.720353,1.027177,59.991484,-6.757451,1.041696,59.991626,-5.384195,1.043808,59.991590,-6.361022,1.041294,59.991468,-7.171562,1.054918,59.991996,-0.801030,0.995176,59.992123,-1.677311,1.041460,59.991658,-3.264549,1.056354,59.991723,0.663329,1.051817,59.991714,0.489233,1.046643,59.991625,-5.278532,1.063086,59.991439,-3.720723,1.060949,59.991970,-4.785673,1.048227,59.991774,-6.524460,1.057355,59.992703,-1.685496,1.055460,59.992983,0.761613,1.050927,59.990869,-2.765923,0.983210,59.990818,-0.070443,0.984284,59.991001,2.281520,0.997647,59.992160,3.857805,1.011704,59.992358,2.958796,1.050729,59.991804,5.072282,1.064634,59.991812,7.467589,1.029329,59.991536,2.330204,1.026627,59.993622,7.055911,1.029088,59.990968,-8.813336,0.999850,0.999832,0.999844,0.999880,0.999882,0.999871,0.999925,0.999833,-42.424293,0.000000,5.325987,11.907099,4.457745,13.272510,20.612827,-37.884404,288.383297,447.800150,209.391350,467.503357,6.717002,286.592096,294.652499,141.504847,562.436988,245.394482,221.661074,276.382253,200.614467,124.488442,251.663684,184.493662,253.902685,8.239523,988.742731,2.149441,164.790455,75.230425,157.625653,78.812826,137.026846,28.927890,26.868009,92.246831,102.994035,75.767785,-82.574348,42.272334,15.225205,67.617823,24.718568,24.091648,4.119761,223.900075
10.000000,1.049529,59.991064,-7.363210,1.055363,59.991209,-4.963917,1.039934,59.991326,-7.503614,1.016003,59.991244,-8.431576,1.016315,59.991171,-7.587584,1.018208,59.991165,-7.011955,1.008723,59.991135,-8.913930,1.007735,59.991127,-9.342362,1.032507,59.991047,-9.069991,1.026553,59.991233,-4.785787,1.022695,59.991211,-5.542796,1.012539,59.991233,-5.502628,1.024477,59.991257,-5.370242,1.023052,59.991317,-6.723957,1.027109,59.991563,-6.759199,1.041624,59.991695,-5.384963,1.043733,59.991648,-6.362099,1.041222,59.991518,-7.173557,1.054857,59.992067,-0.799123,0.995124,59.992192,-1.674499,1.041386,59.991731,-3.265068,1.056279,59.991805,0.663320,1.051741,59.991796,0.489157,1.046571,59.991695,-5.279305,1.063027,59.991442,-3.723140,1.060858,59.992029,-4.784008,1.048142,59.991830,-6.524218,1.057238,59.992810,-1.678330,1.055340,59.993109,0.770885,1.050867,59.990769,-2.772912,0.983175,59.991044,-0.076326,0.984247,59.991218,2.276911,0.997596,59.992232,3.860899,1.011665,59.992433,2.963331,1.050656,59.991896,5.072901,1.064561,59.991909,7.468288,1.029273,59.991526,2.328428,1.026512,59.993796,7.070003,1.029086,59.990995,-8.819033,0.999850,0.999840,0.999850,0.999881,0.999884,0.999869,0.999931,0.999826,-42.418379,0.000000,5.330691,11.926271,4.478018,13.287179,20.652460,-37.887423,288.383297,447.800150,209.391350,467.503357,6.717002,286.592096,294.652499,141.504847,562.436988,245.394482,221.661074,276.382253,200.614467,124.488442,251.663684,184.493662,253.902685,8.239523,988.742731,2.149441,164.790455,75.230425,157.625653,78.812826,137.026846,28.927890,26.868009,92.246831,102.994035,75.767785,-82.574348,42.272334,15.225205,67.617823,24.718568,24.091648,4.119761,223.900075
