Results,Bus 01,Bus 01,Bus 01,Bus 02,Bus 02,Bus 02,Bus 03,Bus 03,Bus 03,Bus 04,Bus 04,Bus 04,Bus 05,Bus 05,Bus 05,Bus 06,Bus 06,Bus 06,Bus 07,Bus 07,Bus 07,Bus 08,Bus 08,Bus 08,Bus 09,Bus 09,Bus 09,Bus 10,Bus 10,Bus 10,Bus 11,Bus 11,Bus 11,Bus 12,Bus 12,Bus 12,Bus 13,Bus 13,Bus 13,Bus 14,Bus 14,Bus 14,Bus 15,Bus 15,Bus 15,Bus 16,Bus 16,Bus 16,Bus 17,Bus 17,Bus 17,Bus 18,Bus 18,Bus 18,Bus 19,Bus 19,Bus 19,Bus 20,Bus 20,Bus 20,Bus 21,Bus 21,Bus 21,Bus 22,Bus 22,Bus 22,Bus 23,Bus 23,Bus 23,Bus 24,Bus 24,Bus 24,Bus 25,Bus 25,Bus 25,Bus 26,Bus 26,Bus 26,Bus 27,Bus 27,Bus 27,Bus 28,Bus 28,Bus 28,Bus 29,Bus 29,Bus 29,Bus 30,Bus 30,Bus 30,Bus 31,Bus 31,Bus 31,Bus 32,Bus 32,Bus 32,Bus 33,Bus 33,Bus 33,Bus 34,Bus 34,Bus 34,Bus 35,Bus 35,Bus 35,Bus 36,Bus 36,Bus 36,Bus 37,Bus 37,Bus 37,Bus 38,Bus 38,Bus 38,Bus 39,Bus 39,Bus 39,G 01,G 02,G 03,G 04,G 05,G 08,G 09,G 10,G 01,G 02,G 03,G 04,G 05,G 08,G 09,G 10,Load 03,Load 04,Load 07,Load 08,Load 12,Load 15,Load 16,Load 18,Load 20,Load 21,Load 23,Load 24,Load 25,Load 26,Load 27,Load 28,Load 29,Load 31,Load 39,Load 03,Load 04,Load 07,Load 08,Load 12,Load 15,Load 16,Load 18,Load 20,Load 21,Load 23,Load 24,Load 25,Load 26,Load 27,Load 28,Load 29,Load 31,Load 39
"Time in s","u1, Magnitude in p.u.","Electrical Frequency in Hz","U, rel.Angle in deg","u1, Magnitude in p.u.","Electrical Frequency in Hz","U, rel.Angle in deg","u1, Magnitude in p.u.","Electrical Frequency in Hz","U, rel.Angle in deg","u1, Magnitude in p.u.","Electrical Frequency in Hz","U, rel.Angle in deg","u1, Magnitude in p.u.","Electrical Frequency in Hz","U, rel.Angle in deg","u1, Magnitude in p.u.","Electrical Frequency in Hz","U, rel.Angle in deg","u1, Magnitude in p.u.","Electrical Frequency in Hz","U, rel.Angle in deg","u1, Magnitude in p.u.","Electrical Frequency in Hz","U, rel.Angle in deg","u1, Magnitude in p.u.","Electrical Frequency in Hz","U, rel.Angle in deg","u1, Magnitude in p.u.","Electrical Frequency in Hz","U, rel.Angle in deg","u1, Magnitude in p.u.","Electrical Frequency in Hz","U, rel.Angle in deg","u1, Magnitude in p.u.","Electrical Frequency in Hz","U, rel.Angle in deg","u1, Magnitude in p.u.","Electrical Frequency in Hz","U, rel.Angle in deg","u1, Magnitude in p.u.","Electrical Frequency in Hz","U, rel.Angle in deg","u1, Magnitude in p.u.","Electrical Frequency in Hz","U, rel.Angle in deg","u1, Magnitude in p.u.","Electrical Frequency in Hz","U, rel.Angle in deg","u1, Magnitude in p.u.","Electrical Frequency in Hz","U, rel.Angle in deg","u1, Magnitude in p.u.","Electrical Frequency in Hz","U, rel.Angle in deg","u1, Magnitude in p.u.","Electrical Frequency in Hz","U, rel.Angle in deg","u1, Magnitude in p.u.","Electrical Frequency in Hz","U, rel.Angle in deg","u1, Magnitude in p.u.","Electrical Frequency in Hz","U, rel.Angle in deg","u1, Magnitude in p.u.","Electrical Frequency in Hz","U, rel.Angle in deg","u1, Magnitude in p.u.","Electrical Frequency in Hz","U, rel.Angle in deg","u1, Magnitude in p.u.","Electrical Frequency in Hz","U, rel.Angle in deg","u1, Magnitude in p.u.","Electrical Frequency in Hz","U, rel.Angle in deg","u1, Magnitude in p.u.","Electrical Frequency in Hz","U, rel.Angle in deg","u1, Magnitude in p.u.","Electrical Frequency in Hz","U, rel.Angle in deg","u1, Magnitude in p.u.","Electrical Frequency in Hz","U, rel.Angle in deg","u1, Magnitude in p.u.","Electrical Frequency in Hz","U, rel.Angle in deg","u1, Magnitude in p.u.","Electrical Frequency in Hz","U, rel.Angle in deg","u1, Magnitude in p.u.","Electrical Frequency in Hz","U, rel.Angle in deg","u1, Magnitude in p.u.","Electrical Frequency in Hz","U, rel.Angle in deg","u1, Magnitude in p.u.","Electrical Frequency in Hz","U, rel.Angle in deg","u1, Magnitude in p.u.","Electrical Frequency in Hz","U, rel.Angle in deg","u1, Magnitude in p.u.","Electrical Frequency in Hz","U, rel.Angle in deg","u1, Magnitude in p.u.","Electrical Frequency in Hz","U, rel.Angle in deg","u1, Magnitude in p.u.","Electrical Frequency in Hz","U, rel.Angle in deg","u1, Magnitude in p.u.","Electrical Frequency in Hz","U, rel.Angle in deg","u1, Magnitude in p.u.","Electrical Frequency in Hz","U, rel.Angle in deg","Speed in p.u.","Speed in p.u.","Speed in p.u.","Speed in p.u.","Speed in p.u.","Speed in p.u.","Speed in p.u.","Speed in p.u.","firel in deg","firel in deg","firel in deg","firel in deg","firel in deg","firel in deg","firel in deg","firel in deg","Total Active Power in MW","Total Active Power in MW","Total Active Power in MW","Total Active Power in MW","Total Active Power in MW","Total Active Power in MW","Total Active Power in MW","Total Active Power in MW","Total Active Power in MW","Total Active Power in MW","Total Active Power in MW","Total Active Power in MW","Total Active Power in MW","Total Active Power in MW","Total Active Power in MW","Total Active Power in MW","Total Active Power in MW","Total Active Power in MW","Total Active Power in MW","Total Reactive Power in Mvar","Total Reactive Power in Mvar","Total Reactive Power in Mvar","Total Reactive Power in Mvar","Total Reactive Power in Mvar","Total Reactive Power in Mvar","Total Reactive Power in Mvar","Total Reactive Power in Mvar","Total Reactive Power in Mvar","Total Reactive Power in Mvar","Total Reactive Power in Mvar","Total Reactive Power in Mvar","Total Reactive Power in Mvar","Total Reactive Power in Mvar","Total Reactive Power in Mvar","Total Reactive Power in Mvar","Total Reactive Power in Mvar","Total Reactive Power in Mvar","Total Reactive Power in Mvar"
0.000000,1.049431,60.000000,-7.361122,1.053541,60.000000,-4.984819,1.038509,60.000000,-7.513561,1.014809,60.000000,-8.418431,1.015250,60.000000,-7.559474,1.017135,60.000000,-6.980149,1.007760,60.000000,-8.887101,1.006832,60.000000,-9.316986,1.032682,60.000000,-9.046517,1.025403,60.000000,-4.748821,1.021568,60.000000,-5.507734,1.011373,60.000000,-5.469254,1.023325,60.000000,-5.338341,1.021904,60.000000,-6.704352,1.026077,60.000000,-6.755404,1.040657,60.000000,-5.385268,1.042630,60.000000,-6.367046,1.039992,60.000000,-7.181192,1.054456,60.000000,-0.802378,0.995187,60.000000,-1.680508,1.040364,60.000000,-3.260966,1.055231,60.000000,0.675524,1.050688,60.000000,0.501145,1.045590,60.000000,-5.279291,1.061415,60.000000,-3.746059,1.059794,60.000000,-4.791923,1.047051,60.000000,-6.532845,1.056666,60.000000,-1.672815,1.054939,60.000000,0.781358,1.047500,60.000000,-2.827688,0.982000,60.000000,-0.000000,0.983100,60.000000,2.349955,0.997200,60.000000,3.857337,1.012300,60.000000,2.950924,1.049630,60.000000,5.093842,1.063500,60.000000,7.495099,1.027800,60.000000,2.312208,1.026500,60.000000,7.089511,1.030000,60.000000,-8.796257,1.000000,1.000000,1.000000,1.000000,1.000000,1.000000,1.000000,1.000000,-42.642226,0.000000,5.266508,11.685834,3.989094,13.039518,20.310015,-38.263628,288.383297,447.800150,209.391350,467.503357,6.717002,286.592096,294.652499,141.504847,562.436988,245.394482,221.661074,276.382253,200.614467,124.488442,251.663684,184.493662,253.902685,8.239523,988.742731,2.149441,164.790455,75.230425,157.625653,78.812826,137.026846,28.927890,26.868009,92.246831,102.994034,75.767785,-82.574348,42.272334,15.225205,67.617823,24.718568,24.091648,4.119761,223.900075
0.020000,1.049431,60.000000,-7.361122,1.053541,60.000000,-4.984819,1.038509,60.000000,-7.513561,1.014809,60.000000,-8.418431,1.015250,60.000000,-7.559474,1.017135,60.000000,-6.980149,1.007760,60.000000,-8.887101,1.006832,60.000000,-9.316986,1.032682,60.000000,-9.046517,1.025403,60.000000,-4.748821,1.021568,60.000000,-5.507734,1.011373,60.000000,-5.469254,1.023325,60.000000,-5.338341,1.021904,60.000000,-6.704352,1.026077,60.000000,-6.755404,1.040657,60.000000,-5.385268,1.042630,60.000000,-6.367045,1.039992,60.000000,-7.181192,1.054456,60.000000,-0.802378,0.995187,60.000000,-1.680508,1.040364,60.000000,-3.260966,1.055231,60.000000,0.675524,1.050688,60.000000,0.501145,1.045590,60.000000,-5.279291,1.061415,60.000000,-3.746059,1.059794,60.000000,-4.791923,1.047051,60.000000,-6.532845,1.056666,60.000000,-1.672815,1.054939,60.000000,0.781358,1.047500,60.000000,-2.827688,0.982000,60.000000,0.000000,0.983100,60.000000,2.349955,0.997200,60.000000,3.857337,1.012300,60.000000,2.950924,1.049630,60.000000,5.093842,1.063500,60.000000,7.495099,1.027800,60.000000,2.312208,1.026500,60.000000,7.089511,1.030000,60.000000,-8.796257,1.000000,1.000000,1.000000,1.000000,1.000000,1.000000,1.000000,1.000000,-42.642226,0.000000,5.266508,11.685834,3.989094,13.039518,20.310015,-38.263628,288.383297,447.800150,209.391350,467.503357,6.717002,286.592096,294.652499,141.504847,562.436988,245.394482,221.661074,276.382253,200.614467,124.488442,251.663684,184.493662,253.902685,8.239523,988.742731,2.149441,164.790455,75.230425,157.625653,78.812826,137.026846,28.927890,26.868009,92.246831,102.994034,75.767785,-82.574348,42.272334,15.225205,67.617823,24.718568,24.091648,4.119761,223.900075
0.040000,1.049431,60.000000,-7.361122,1.053541,60.000000,-4.984819,1.038509,60.000000,-7.513561,1.014809,60.000000,-8.418431,1.015250,60.000000,-7.559474,1.017135,60.000000,-6.980149,1.007760,60.000000,-8.887101,1.006832,60.000000,-9.316986,1.032682,60.000000,-9.046517,1.025403,60.000000,-4.748821,1.021568,60.000000,-5.507734,1.011373,60.000000,-5.469254,1.023325,60.000000,-5.338341,1.021904,60.000000,-6.704352,1.026077,60.000000,-6.755404,1.040657,60.000000,-5.385268,1.042630,60.000000,-6.367045,1.039992,60.000000,-7.181192,1.054456,60.000000,-0.802378,0.995187,60.000000,-1.680508,1.040364,60.000000,-3.260966,1.055231,60.000000,0.675524,1.050688,60.000000,0.501145,1.045590,60.000000,-5.279291,1.061415,60.000000,-3.746059,1.059794,60.000000,-4.791923,1.047051,60.000000,-6.532845,1.056666,60.000000,-1.672815,1.054939,60.000000,0.781358,1.047500,60.000000,-2.827688,0.982000,60.000000,0.000000,0.983100,60.000000,2.349955,0.997200,60.000000,3.857337,1.012300,60.000000,2.950924,1.049630,60.000000,5.093842,1.063500,60.000000,7.495099,1.027800,60.000000,2.312208,1.026500,60.000000,7.089511,1.030000,60.000000,-8.796257,1.000000,1.000000,1.000000,1.000000,1.000000,1.000000,1.000000,1.000000,-42.642226,0.000000,5.266508,11.685834,3.989094,13.039518,20.310015,-38.263628,288.383297,447.800150,209.391350,467.503357,6.717002,286.592096,294.652499,141.504847,562.436988,245.394482,221.661074,276.382253,200.614467,124.488442,251.663684,184.493662,253.902685,8.239523,988.742731,2.149441,164.790455,75.230425,157.625653,78.812826,137.026846,28.927890,26.868009,92.246831,102.994034,75.767785,-82.574348,42.272334,15.225205,67.617823,24.718568,24.091648,4.119761,223.900075
0.060000,1.049431,60.000000,-7.361122,1.053541,60.000000,-4.984819,1.038509,60.000000,-7.513561,1.014809,60.000000,-8.418431,1.015250,60.000000,-7.559474,1.017135,60.000000,-6.980149,1.007760,60.000000,-8.887101,1.006832,60.000000,-9.316986,1.032682,60.000000,-9.046517,1.025403,60.000000,-4.748821,1.021568,60.000000,-5.507734,1.011373,60.000000,-5.469254,1.023325,60.000000,-5.338341,1.021904,60.000000,-6.704352,1.026077,60.000000,-6.755404,1.040657,60.000000,-5.385268,1.042630,60.000000,-6.367045,1.039992,60.000000,-7.181192,1.054456,60.000000,-0.802378,0.995187,60.000000,-1.680508,1.040364,60.000000,-3.260966,1.055231,60.000000,0.675524,1.050688,60.000000,0.501145,1.045590,60.000000,-5.279291,1.061415,60.000000,-3.746059,1.059794,60.000000,-4.791923,1.047051,60.000000,-6.532845,1.056666,60.000000,-1.672815,1.054939,60.000000,0.781358,1.047500,60.000000,-2.827688,0.982000,60.000000,0.000000,0.983100,60.000000,2.349955,0.997200,60.000000,3.857337,1.012300,60.000000,2.950924,1.049630,60.000000,5.093842,1.063500,60.000000,7.495099,1.027800,60.000000,2.312208,1.026500,60.000000,7.089511,1.030000,60.000000,-8.796257,1.000000,1.000000,1.000000,1.000000,1.000000,1.000000,1.000000,1.000000,-42.642226,0.000000,5.266508,11.685834,3.989094,13.039518,20.310015,-38.263628,288.383297,447.800150,209.391350,467.503357,6.717002,286.592096,294.652499,141.504847,562.436988,245.394482,221.661074,276.382253,200.614467,124.488442,251.663684,184.493662,253.902685,8.239523,988.742731,2.149441,164.790455,75.230425,157.625653,78.812826,137.026846,28.927890,26.868009,92.246831,102.994034,75.767785,-82.574348,42.272334,15.225205,67.617823,24.718568,24.091648,4.119761,223.900075
0.080000,1.049431,60.000000,-7.361122,1.053541,60.000000,-4.984819,1.038509,60.000000,-7.513561,1.014809,60.000000,-8.418431,1.015250,60.000000,-7.559474,1.017135,60.000000,-6.980149,1.007760,60.000000,-8.887101,1.006832,60.000000,-9.316986,1.032682,60.000000,-9.046517,1.025403,60.000000,-4.748821,1.021568,60.000000,-5.507734,1.011373,60.000000,-5.469254,1.023325,60.000000,-5.338341,1.021904,60.000000,-6.704352,1.026077,60.000000,-6.755404,1.040657,60.000000,-5.385268,1.042630,60.000000,-6.367045,1.039992,60.000000,-7.181192,1.054456,60.000000,-0.802378,0.995187,60.000000,-1.680508,1.040364,60.000000,-3.260966,1.055231,60.000000,0.675524,1.050688,60.000000,0.501145,1.045590,60.000000,-5.279291,1.061415,60.000000,-3.746059,1.059794,60.000000,-4.791923,1.047051,60.000000,-6.532845,1.056666,60.000000,-1.672815,1.054939,60.000000,0.781358,1.047500,60.000000,-2.827688,0.982000,60.000000,0.000000,0.983100,60.000000,2.349955,0.997200,60.000000,3.857337,1.012300,60.000000,2.950924,1.049630,60.000000,5.093842,1.063500,60.000000,7.495099,1.027800,60.000000,2.312208,1.026500,60.000000,7.089511,1.030000,60.000000,-8.796257,1.000000,1.000000,1.000000,1.000000,1.000000,1.000000,1.000000,1.000000,-42.642226,0.000000,5.266508,11.685834,3.989094,13.039518,20.310015,-38.263628,288.383297,447.800150,209.391350,467.503357,6.717002,286.592096,294.652499,141.504847,562.436988,245.394482,221.661074,276.382253,200.614467,124.488442,251.663684,184.493662,253.902685,8.239523,988.742731,2.149441,164.790455,75.230425,157.625653,78.812826,137.026846,28.927890,26.868009,92.246831,102.994034,75.767785,-82.574348,42.272334,15.225205,67.617823,24.718568,24.091648,4.119761,223.900075
0.100000,1.049431,60.000000,-7.361122,1.053541,60.000000,-4.984819,1.038509,60.000000,-7.513561,1.014809,60.000000,-8.418431,1.015250,60.000000,-7.559474,1.017135,60.000000,-6.980149,1.007760,60.000000,-8.887101,1.006832,60.000000,-9.316986,1.032682,60.000000,-9.046517,1.025403,60.000000,-4.748821,1.021568,60.000000,-5.507734,1.011373,60.000000,-5.469254,1.023325,60.000000,-5.338341,1.021904,60.000000,-6.704352,1.026077,60.000000,-6.755404,1.040657,60.000000,-5.385268,1.042630,60.000000,-6.367045,1.039992,60.000000,-7.181192,1.054456,60.000000,-0.802378,0.995187,60.000000,-1.680508,1.040364,60.000000,-3.260966,1.055231,60.000000,0.675524,1.050688,60.000000,0.501145,1.045590,60.000000,-5.279291,1.061415,60.000000,-3.746059,1.059794,60.000000,-4.791923,1.047051,60.000000,-6.532845,1.056666,60.000000,-1.672815,1.054939,60.000000,0.781358,1.047500,60.000000,-2.827688,0.982000,60.000000,0.000000,0.983100,60.000000,2.349955,0.997200,60.000000,3.857337,1.012300,60.000000,2.950924,1.049630,60.000000,5.093842,1.063500,60.000000,7.495099,1.027800,60.000000,2.312208,1.026500,60.000000,7.089511,1.030000,60.000000,-8.796257,1.000000,1.000000,1.000000,1.000000,1.000000,1.000000,1.000000,1.000000,-42.642226,0.000000,5.266508,11.685834,3.989094,13.039518,20.310015,-38.263628,288.383297,447.800150,209.391350,467.503357,6.717002,286.592096,294.652499,141.504847,562.436988,245.394482,221.661074,276.382253,200.614467,124.488442,251.663684,184.493662,253.902685,8.239523,988.742731,2.149441,164.790455,75.230425,157.625653,78.812826,137.026846,28.927890,26.868009,92.246831,102.994034,75.767785,-82.574348,42.272334,15.225205,67.617823,24.718568,24.091648,4.119761,223.900075
0.120000,1.049431,60.000000,-7.361122,1.053541,60.000000,-4.984819,1.038509,60.000000,-7.513561,1.014809,60.000000,-8.418431,1.015250,60.000000,-7.559474,1.017135,60.000000,-6.980149,1.007760,60.000000,-8.887101,1.006832,60.000000,-9.316986,1.032682,60.000000,-9.046517,1.025403,60.000000,-4.748821,1.021568,60.000000,-5.507734,1.011373,60.000000,-5.469254,1.023325,60.000000,-5.338341,1.021904,60.000000,-6.704352,1.026077,60.000000,-6.755404,1.040657,60.000000,-5.385268,1.042630,60.000000,-6.367045,1.039992,60.000000,-7.181192,1.054456,60.000000,-0.802378,0.995187,60.000000,-1.680508,1.040364,60.000000,-3.260966,1.055231,60.000000,0.675524,1.050688,60.000000,0.501145,1.045590,60.000000,-5.279291,1.061415,60.000000,-3.746059,1.059794,60.000000,-4.791923,1.047051,60.000000,-6.532845,1.056666,60.000000,-1.672815,1.054939,60.000000,0.781358,1.047500,60.000000,-2.827688,0.982000,60.000000,0.000000,0.983100,60.000000,2.349955,0.997200,60.000000,3.857337,1.012300,60.000000,2.950924,1.049630,60.000000,5.093842,1.063500,60.000000,7.495099,1.027800,60.000000,2.312208,1.026500,60.000000,7.089511,1.030000,60.000000,-8.796257,1.000000,1.000000,1.000000,1.000000,1.000000,1.000000,1.000000,1.000000,-42.642226,0.000000,5.266508,11.685834,3.989094,13.039518,20.310015,-38.263628,288.383297,447.800150,209.391350,467.503357,6.717002,286.592096,294.652499,141.504847,562.436988,245.394482,221.661074,276.382253,200.614467,124.488442,251.663684,184.493662,253.902685,8.239523,988.742731,2.149441,164.790455,75.230425,157.625653,78.812826,137.026846,28.927890,26.868009,92.246831,102.994034,75.767785,-82.574348,42.272334,15.225205,67.617823,24.718568,24.091648,4.119761,223.900075
0.140000,1.049431,60.000000,-7.361122,1.053541,60.000000,-4.984819,1.038509,60.000000,-7.513561,1.014809,60.000000,-8.418431,1.015250,60.000000,-7.559474,1.017135,60.000000,-6.980149,1.007760,60.000000,-8.887101,1.006832,60.000000,-9.316986,1.032682,60.000000,-9.046517,1.025403,60.000000,-4.748821,1.021568,60.000000,-5.507734,1.011373,60.000000,-5.469254,1.023325,60.000000,-5.338341,1.021904,60.000000,-6.704352,1.026077,60.000000,-6.755404,1.040657,60.000000,-5.385268,1.042630,60.000000,-6.367045,1.039992,60.000000,-7.181192,1.054456,60.000000,-0.802378,0.995187,60.000000,-1.680508,1.040364,60.000000,-3.260966,1.055231,60.000000,0.675524,1.050688,60.000000,0.501145,1.045590,60.000000,-5.279291,1.061415,60.000000,-3.746059,1.059794,60.000000,-4.791923,1.047051,60.000000,-6.532845,1.056666,60.000000,-1.672815,1.054939,60.000000,0.781358,1.047500,60.000000,-2.827688,0.982000,60.000000,0.000000,0.983100,60.000000,2.349955,0.997200,60.000000,3.857337,1.012300,60.000000,2.950924,1.049630,60.000000,5.093842,1.063500,60.000000,7.495099,1.027800,60.000000,2.312208,1.026500,60.000000,7.089511,1.030000,60.000000,-8.796257,1.000000,1.000000,1.000000,1.000000,1.000000,1.000000,1.000000,1.000000,-42.642226,0.000000,5.266508,11.685834,3.989094,13.039518,20.310015,-38.263628,288.383297,447.800150,209.391350,467.503357,6.717002,286.592096,294.652499,141.504847,562.436988,245.394482,221.661074,276.382253,200.614467,124.488442,251.663684,184.493662,253.902685,8.239523,988.742731,2.149441,164.790455,75.230425,157.625653,78.812826,137.026846,28.927890,26.868009,92.246831,102.994034,75.767785,-82.574348,42.272334,15.225205,67.617823,24.718568,24.091648,4.119761,223.900075
0.160000,1.049431,60.000000,-7.361122,1.053541,60.000000,-4.984819,1.038509,60.000000,-7.513561,1.014809,60.000000,-8.418431,1.015250,60.000000,-7.559474,1.017135,60.000000,-6.980149,1.007760,60.000000,-8.887101,1.006832,60.000000,-9.316986,1.032682,60.000000,-9.046517,1.025403,60.000000,-4.748821,1.021568,60.000000,-5.507734,1.011373,60.000000,-5.469254,1.023325,60.000000,-5.338341,1.021904,60.000000,-6.704352,1.026077,60.000000,-6.755404,1.040657,60.000000,-5.385268,1.042630,60.000000,-6.367045,1.039992,60.000000,-7.181192,1.054456,60.000000,-0.802378,0.995187,60.000000,-1.680508,1.040364,60.000000,-3.260966,1.055231,60.000000,0.675524,1.050688,60.000000,0.501145,1.045590,60.000000,-5.279291,1.061415,60.000000,-3.746059,1.059794,60.000000,-4.791923,1.047051,60.000000,-6.532845,1.056666,60.000000,-1.672815,1.054939,60.000000,0.781358,1.047500,60.000000,-2.827688,0.982000,60.000000,0.000000,0.983100,60.000000,2.349955,0.997200,60.000000,3.857337,1.012300,60.000000,2.950924,1.049630,60.000000,5.093842,1.063500,60.000000,7.495099,1.027800,60.000000,2.312208,1.026500,60.000000,7.089511,1.030000,60.000000,-8.796257,1.000000,1.000000,1.000000,1.000000,1.000000,1.000000,1.000000,1.000000,-42.642226,0.000000,5.266508,11.685834,3.989094,13.039518,20.310015,-38.263628,288.383297,447.800150,209.391350,467.503357,6.717002,286.592096,294.652499,141.504847,562.436988,245.394482,221.661074,276.382253,200.614467,124.488442,251.663684,184.493662,253.902685,8.239523,988.742731,2.149441,164.790455,75.230425,157.625653,78.812826,137.026846,28.927890,26.868009,92.246831,102.994034,75.767785,-82.574348,42.272334,15.225205,67.617823,24.718568,24.091648,4.119761,223.900075
0.180000,1.049431,60.000000,-7.361122,1.053541,60.000000,-4.984819,1.038509,60.000000,-7.513561,1.014809,60.000000,-8.418431,1.015250,60.000000,-7.559474,1.017135,60.000000,-6.980149,1.007760,60.000000,-8.887101,1.006832,60.000000,-9.316986,1.032682,60.000000,-9.046517,1.025403,60.000000,-4.748821,1.021568,60.000000,-5.507734,1.011373,60.000000,-5.469254,1.023325,60.000000,-5.338341,1.021904,60.000000,-6.704352,1.026077,60.000000,-6.755404,1.040657,60.000000,-5.385268,1.042630,60.000000,-6.367045,1.039992,60.000000,-7.181192,1.054456,60.000000,-0.802378,0.995187,60.000000,-1.680508,1.040364,60.000000,-3.260966,1.055231,60.000000,0.675524,1.050688,60.000000,0.501145,1.045590,60.000000,-5.279291,1.061415,60.000000,-3.746059,1.059794,60.000000,-4.791923,1.047051,60.000000,-6.532845,1.056666,60.000000,-1.672815,1.054939,60.000000,0.781358,1.047500,60.000000,-2.827688,0.982000,60.000000,0.000000,0.983100,60.000000,2.349955,0.997200,60.000000,3.857337,1.012300,60.000000,2.950924,1.049630,60.000000,5.093842,1.063500,60.000000,7.495099,1.027800,60.000000,2.312208,1.026500,60.000000,7.089511,1.030000,60.000000,-8.796257,1.000000,1.000000,1.000000,1.000000,1.000000,1.000000,1.000000,1.000000,-42.642226,0.000000,5.266508,11.685834,3.989094,13.039518,20.310015,-38.263628,288.383297,447.800150,209.391350,467.503357,6.717002,286.592096,294.652499,141.504847,562.436988,245.394482,221.661074,276.382253,200.614467,124.488442,251.663684,184.493662,253.902685,8.239523,988.742731,2.149441,164.790455,75.230425,157.625653,78.812826,137.026846,28.927890,26.868009,92.246831,102.994034,75.767785,-82.574348,42.272334,15.225205,67.617823,24.718568,24.091648,4.119761,223.900075
0.200000,1.049431,60.000000,-7.361122,1.053541,60.000000,-4.984819,1.038509,60.000000,-7.513561,1.014809,60.000000,-8.418431,1.015250,60.000000,-7.559474,1.017135,60.000000,-6.980149,1.007760,60.000000,-8.887101,1.006832,60.000000,-9.316986,1.032682,60.000000,-9.046517,1.025403,60.000000,-4.748821,1.021568,60.000000,-5.507734,1.011373,60.000000,-5.469254,1.023325,60.000000,-5.338341,1.021904,60.000000,-6.704352,1.026077,60.000000,-6.755404,1.040657,60.000000,-5.385268,1.042630,60.000000,-6.367045,1.039992,60.000000,-7.181192,1.054456,60.000000,-0.802378,0.995187,60.000000,-1.680508,1.040364,60.000000,-3.260966,1.055231,60.000000,0.675524,1.050688,60.000000,0.501145,1.045590,60.000000,-5.279291,1.061415,60.000000,-3.746059,1.059794,60.000000,-4.791923,1.047051,60.000000,-6.532845,1.056666,60.000000,-1.672815,1.054939,60.000000,0.781358,1.047500,60.000000,-2.827688,0.982000,60.000000,0.000000,0.983100,60.000000,2.349955,0.997200,60.000000,3.857337,1.012300,60.000000,2.950924,1.049630,60.000000,5.093842,1.063500,60.000000,7.495099,1.027800,60.000000,2.312208,1.026500,60.000000,7.089511,1.030000,60.000000,-8.796257,1.000000,1.000000,1.000000,1.000000,1.000000,1.000000,1.000000,1.000000,-42.642226,0.000000,5.266508,11.685834,3.989094,13.039518,20.310015,-38.263628,288.383297,447.800150,209.391350,467.503357,6.717002,286.592096,294.652499,141.504847,562.436988,245.394482,221.661074,276.382253,200.614467,124.488442,251.663684,184.493662,253.902685,8.239523,988.742731,2.149441,164.790455,75.230425,157.625653,78.812826,137.026846,28.927890,26.868009,92.246831,102.994034,75.767785,-82.574348,42.272334,15.225205,67.617823,24.718568,24.091648,4.119761,223.900075
0.220000,1.049431,60.000000,-7.361122,1.053541,60.000000,-4.984819,1.038509,60.000000,-7.513561,1.014809,60.000000,-8.418431,1.015250,60.000000,-7.559474,1.017135,60.000000,-6.980149,1.007760,60.000000,-8.887101,1.006832,60.000000,-9.316986,1.032682,60.000000,-9.046517,1.025403,60.000000,-4.748821,1.021568,60.000000,-5.507734,1.011373,60.000000,-5.469254,1.023325,60.000000,-5.338341,1.021904,60.000000,-6.704352,1.026077,60.000000,-6.755404,1.040657,60.000000,-5.385268,1.042630,60.000000,-6.367045,1.039992,60.000000,-7.181192,1.054456,60.000000,-0.802378,0.995187,60.000000,-1.680508,1.040364,60.000000,-3.260966,1.055231,60.000000,0.675524,1.050688,60.000000,0.501145,1.045590,60.000000,-5.279291,1.061415,60.000000,-3.746059,1.059794,60.000000,-4.791923,1.047051,60.000000,-6.532845,1.056666,60.000000,-1.672815,1.054939,60.000000,0.781358,1.047500,60.000000,-2.827688,0.982000,60.000000,0.000000,0.983100,60.000000,2.349955,0.997200,60.000000,3.857337,1.012300,60.000000,2.950924,1.049630,60.000000,5.093842,1.063500,60.000000,7.495099,1.027800,60.000000,2.312208,1.026500,60.000000,7.089511,1.030000,60.000000,-8.796257,1.000000,1.000000,1.000000,1.000000,1.000000,1.000000,1.000000,1.000000,-42.642226,0.000000,5.266508,11.685834,3.989094,13.039518,20.310015,-38.263628,288.383297,447.800150,209.391350,467.503357,6.717002,286.592096,294.652499,141.504847,562.436988,245.394482,221.661074,276.382253,200.614467,124.488442,251.663684,184.493662,253.902685,8.239523,988.742731,2.149441,164.790455,75.230425,157.625653,78.812826,137.026846,28.927890,26.868009,92.246831,102.994034,75.767785,-82.574348,42.272334,15.225205,67.617823,24.718568,24.091648,4.119761,223.900075
0.240000,1.049431,60.000000,-7.361122,1.053541,60.000000,-4.984819,1.038509,60.000000,-7.513561,1.014809,60.000000,-8.418431,1.015250,60.000000,-7.559474,1.017135,60.000000,-6.980149,1.007760,60.000000,-8.887101,1.006832,60.000000,-9.316986,1.032682,60.000000,-9.046517,1.025403,60.000000,-4.748821,1.021568,60.000000,-5.507734,1.011373,60.000000,-5.469254,1.023325,60.000000,-5.338341,1.021904,60.000000,-6.704352,1.026077,60.000000,-6.755404,1.040657,60.000000,-5.385268,1.042630,60.000000,-6.367045,1.039992,60.000000,-7.181192,1.054456,60.000000,-0.802378,0.995187,60.000000,-1.680508,1.040364,60.000000,-3.260966,1.055231,60.000000,0.675524,1.050688,60.000000,0.501145,1.045590,60.000000,-5.279291,1.061415,60.000000,-3.746059,1.059794,60.000000,-4.791923,1.047051,60.000000,-6.532845,1.056666,60.000000,-1.672815,1.054939,60.000000,0.781358,1.047500,60.000000,-2.827688,0.982000,60.000000,0.000000,0.983100,60.000000,2.349955,0.997200,60.000000,3.857337,1.012300,60.000000,2.950924,1.049630,60.000000,5.093842,1.063500,60.000000,7.495099,1.027800,60.000000,2.312208,1.026500,60.000000,7.089511,1.030000,60.000000,-8.796257,1.000000,1.000000,1.000000,1.000000,1.000000,1.000000,1.000000,1.000000,-42.642226,0.000000,5.266508,11.685834,3.989094,13.039518,20.310015,-38.263628,288.383297,447.800150,209.391350,467.503357,6.717002,286.592096,294.652499,141.504847,562.436988,245.394482,221.661074,276.382253,200.614467,124.488442,251.663684,184.493662,253.902685,8.239523,988.742731,2.149441,164.790455,75.230425,157.625653,78.812826,137.026846,28.927890,26.868009,92.246831,102.994034,75.767785,-82.574348,42.272334,15.225205,67.617823,24.718568,24.091648,4.119761,223.900075
0.260000,1.049431,60.000000,-7.361122,1.053541,60.000000,-4.984819,1.038509,60.000000,-7.513561,1.014809,60.000000,-8.418431,1.015250,60.000000,-7.559474,1.017135,60.000000,-6.980149,1.007760,60.000000,-8.887101,1.006832,60.000000,-9.316986,1.032682,60.000000,-9.046517,1.025403,60.000000,-4.748821,1.021568,60.000000,-5.507734,1.011373,60.000000,-5.469254,1.023325,60.000000,-5.338341,1.021904,60.000000,-6.704352,1.026077,60.000000,-6.755404,1.040657,60.000000,-5.385268,1.042630,60.000000,-6.367045,1.039992,60.000000,-7.181192,1.054456,60.000000,-0.802378,0.995187,60.000000,-1.680508,1.040364,60.000000,-3.260966,1.055231,60.000000,0.675524,1.050688,60.000000,0.501145,1.045590,60.000000,-5.279291,1.061415,60.000000,-3.746059,1.059794,60.000000,-4.791923,1.047051,60.000000,-6.532845,1.056666,60.000000,-1.672815,1.054939,60.000000,0.781358,1.047500,60.000000,-2.827688,0.982000,60.000000,0.000000,0.983100,60.000000,2.349955,0.997200,60.000000,3.857337,1.012300,60.000000,2.950924,1.049630,60.000000,5.093842,1.063500,60.000000,7.495099,1.027800,60.000000,2.312208,1.026500,60.000000,7.089511,1.030000,60.000000,-8.796257,1.000000,1.000000,1.000000,1.000000,1.000000,1.000000,1.000000,1.000000,-42.642226,0.000000,5.266508,11.685834,3.989094,13.039518,20.310015,-38.263628,288.383297,447.800150,209.391350,467.503357,6.717002,286.592096,294.652499,141.504847,562.436988,245.394482,221.661074,276.382253,200.614467,124.488442,251.663684,184.493662,253.902685,8.239523,988.742731,2.149441,164.790455,75.230425,157.625653,78.812826,137.026846,28.927890,26.868009,92.246831,102.994034,75.767785,-82.574348,42.272334,15.225205,67.617823,24.718568,24.091648,4.119761,223.900075
0.280000,1.049431,60.000000,-7.361122,1.053541,60.000000,-4.984819,1.038509,60.000000,-7.513561,1.014809,60.000000,-8.418431,1.015250,60.000000,-7.559474,1.017135,60.000000,-6.980149,1.007760,60.000000,-8.887101,1.006832,60.000000,-9.316986,1.032682,60.000000,-9.046517,1.025403,60.000000,-4.748821,1.021568,60.000000,-5.507734,1.011373,60.000000,-5.469254,1.023325,60.000000,-5.338341,1.021904,60.000000,-6.704352,1.026077,60.000000,-6.755404,1.040657,60.000000,-5.385268,1.042630,60.000000,-6.367045,1.039992,60.000000,-7.181192,1.054456,60.000000,-0.802378,0.995187,60.000000,-1.680508,1.040364,60.000000,-3.260966,1.055231,60.000000,0.675524,1.050688,60.000000,0.501145,1.045590,60.000000,-5.279291,1.061415,60.000000,-3.746059,1.059794,60.000000,-4.791923,1.047051,60.000000,-6.532845,1.056666,60.000000,-1.672815,1.054939,60.000000,0.781358,1.047500,60.000000,-2.827688,0.982000,60.000000,0.000000,0.983100,60.000000,2.349955,0.997200,60.000000,3.857337,1.012300,60.000000,2.950924,1.049630,60.000000,5.093842,1.063500,60.000000,7.495099,1.027800,60.000000,2.312208,1.026500,60.000000,7.089511,1.030000,60.000000,-8.796257,1.000000,1.000000,1.000000,1.000000,1.000000,1.000000,1.000000,1.000000,-42.642226,0.000000,5.266508,11.685834,3.989094,13.039518,20.310015,-38.263628,288.383297,447.800150,209.391350,467.503357,6.717002,286.592096,294.652499,141.504847,562.436988,245.394482,221.661074,276.382253,200.614467,124.488442,251.663684,184.493662,253.902685,8.239523,988.742731,2.149441,164.790455,75.230425,157.625653,78.812826,137.026846,28.927890,26.868009,92.246831,102.994034,75.767785,-82.574348,42.272334,15.225205,67.617823,24.718568,24.091648,4.119761,223.900075
0.300000,1.049431,60.000000,-7.361122,1.053541,60.000000,-4.984819,1.038509,60.000000,-7.513561,1.014809,60.000000,-8.418431,1.015250,60.000000,-7.559474,1.017135,60.000000,-6.980149,1.007760,60.000000,-8.887101,1.006832,60.000000,-9.316986,1.032682,60.000000,-9.046517,1.025403,60.000000,-4.748821,1.021568,60.000000,-5.507734,1.011373,60.000000,-5.469254,1.023325,60.000000,-5.338341,1.021904,60.000000,-6.704352,1.026077,60.000000,-6.755404,1.040657,60.000000,-5.385268,1.042630,60.000000,-6.367045,1.039992,60.000000,-7.181192,1.054456,60.000000,-0.802378,0.995187,60.000000,-1.680508,1.040364,60.000000,-3.260966,1.055231,60.000000,0.675524,1.050688,60.000000,0.501145,1.045590,60.000000,-5.279291,1.061415,60.000000,-3.746059,1.059794,60.000000,-4.791923,1.047051,60.000000,-6.532845,1.056666,60.000000,-1.672815,1.054939,60.000000,0.781358,1.047500,60.000000,-2.827688,0.982000,60.000000,0.000000,0.983100,60.000000,2.349955,0.997200,60.000000,3.857337,1.012300,60.000000,2.950924,1.049630,60.000000,5.093842,1.063500,60.000000,7.495099,1.027800,60.000000,2.312208,1.026500,60.000000,7.089511,1.030000,60.000000,-8.796257,1.000000,1.000000,1.000000,1.000000,1.000000,1.000000,1.000000,1.000000,-42.642226,0.000000,5.266508,11.685834,3.989094,13.039518,20.310015,-38.263628,288.383297,447.800150,209.391350,467.503357,6.717002,286.592096,294.652499,141.504847,562.436988,245.394482,221.661074,276.382253,200.614467,124.488442,251.663684,184.493662,253.902685,8.239523,988.742731,2.149441,164.790455,75.230425,157.625653,78.812826,137.026846,28.927890,26.868009,92.246831,102.994034,75.767785,-82.574348,42.272334,15.225205,67.617823,24.718568,24.091648,4.119761,223.900075
0.320000,1.049431,60.000000,-7.361122,1.053541,60.000000,-4.984819,1.038509,60.000000,-7.513561,1.014809,60.000000,-8.418431,1.015250,60.000000,-7.559474,1.017135,60.000000,-6.980149,1.007760,60.000000,-8.887101,1.006832,60.000000,-9.316986,1.032682,60.000000,-9.046517,1.025403,60.000000,-4.748821,1.021568,60.000000,-5.507734,1.011373,60.000000,-5.469254,1.023325,60.000000,-5.338341,1.021904,60.000000,-6.704352,1.026077,60.000000,-6.755404,1.040657,60.000000,-5.385268,1.042630,60.000000,-6.367045,1.039992,60.000000,-7.181192,1.054456,60.000000,-0.802378,0.995187,60.000000,-1.680508,1.040364,60.000000,-3.260966,1.055231,60.000000,0.675524,1.050688,60.000000,0.501145,1.045590,60.000000,-5.279291,1.061415,60.000000,-3.746059,1.059794,60.000000,-4.791923,1.047051,60.000000,-6.532845,1.056666,60.000000,-1.672815,1.054939,60.000000,0.781358,1.047500,60.000000,-2.827688,0.982000,60.000000,0.000000,0.983100,60.000000,2.349955,0.997200,60.000000,3.857337,1.012300,60.000000,2.950924,1.049630,60.000000,5.093842,1.063500,60.000000,7.495099,1.027800,60.000000,2.312208,1.026500,60.000000,7.089511,1.030000,60.000000,-8.796257,1.000000,1.000000,1.000000,1.000000,1.000000,1.000000,1.000000,1.000000,-42.642226,0.000000,5.266508,11.685834,3.989094,13.039518,20.310015,-38.263628,288.383297,447.800150,209.391350,467.503357,6.717002,286.592096,294.652499,141.504847,562.436988,245.394482,221.661074,276.382253,200.614467,124.488442,251.663684,184.493662,253.902685,8.239523,988.742731,2.149441,164.790455,75.230425,157.625653,78.812826,137.026846,28.927890,26.868009,92.246831,102.994034,75.767785,-82.574348,42.272334,15.225205,67.617823,24.718568,24.091648,4.119761,223.900075
0.340000,1.049431,60.000000,-7.361122,1.053541,60.000000,-4.984819,1.038509,60.000000,-7.513561,1.014809,60.000000,-8.418431,1.015250,60.000000,-7.559474,1.017135,60.000000,-6.980149,1.007760,60.000000,-8.887101,1.006832,60.000000,-9.316986,1.032682,60.000000,-9.046517,1.025403,60.000000,-4.748821,1.021568,60.000000,-5.507734,1.011373,60.000000,-5.469254,1.023325,60.000000,-5.338341,1.021904,60.000000,-6.704352,1.026077,60.000000,-6.755404,1.040657,60.000000,-5.385268,1.042630,60.000000,-6.367045,1.039992,60.000000,-7.181192,1.054456,60.000000,-0.802378,0.995187,60.000000,-1.680508,1.040364,60.000000,-3.260966,1.055231,60.000000,0.675524,1.050688,60.000000,0.501145,1.045590,60.000000,-5.279291,1.061415,60.000000,-3.746059,1.059794,60.000000,-4.791923,1.047051,60.000000,-6.532845,1.056666,60.000000,-1.672815,1.054939,60.000000,0.781358,1.047500,60.000000,-2.827688,0.982000,60.000000,0.000000,0.983100,60.000000,2.349955,0.997200,60.000000,3.857337,1.012300,60.000000,2.950924,1.049630,60.000000,5.093842,1.063500,60.000000,7.495099,1.027800,60.000000,2.312208,1.026500,60.000000,7.089511,1.030000,60.000000,-8.796257,1.000000,1.000000,1.000000,1.000000,1.000000,1.000000,1.000000,1.000000,-42.642226,0.000000,5.266508,11.685834,3.989094,13.039518,20.310015,-38.263628,288.383297,447.800150,209.391350,467.503357,6.717002,286.592096,294.652499,141.504847,562.436988,245.394482,221.661074,276.382253,200.614467,124.488442,251.663684,184.493662,253.902685,8.239523,988.742731,2.149441,164.790455,75.230425,157.625653,78.812826,137.026846,28.927890,26.868009,92.246831,102.994034,75.767785,-82.574348,42.272334,15.225205,67.617823,24.718568,24.091648,4.119761,223.900075
0.360000,1.049431,60.000000,-7.361122,1.053541,60.000000,-4.984819,1.038509,60.000000,-7.513561,1.014809,60.000000,-8.418431,1.015250,60.000000,-7.559474,1.017135,60.000000,-6.980149,1.007760,60.000000,-8.887101,1.006832,60.000000,-9.316986,1.032682,60.000000,-9.046517,1.025403,60.000000,-4.748821,1.021568,60.000000,-5.507734,1.011373,60.000000,-5.469254,1.023325,60.000000,-5.338341,1.021904,60.000000,-6.704352,1.026077,60.000000,-6.755404,1.040657,60.000000,-5.385268,1.042630,60.000000,-6.367045,1.039992,60.000000,-7.181192,1.054456,60.000000,-0.802378,0.995187,60.000000,-1.680508,1.040364,60.000000,-3.260966,1.055231,60.000000,0.675524,1.050688,60.000000,0.501145,1.045590,60.000000,-5.279291,1.061415,60.000000,-3.746059,1.059794,60.000000,-4.791923,1.047051,60.000000,-6.532845,1.056666,60.000000,-1.672815,1.054939,60.000000,0.781358,1.047500,60.000000,-2.827688,0.982000,60.000000,0.000000,0.983100,60.000000,2.349955,0.997200,60.000000,3.857337,1.012300,60.000000,2.950924,1.049630,60.000000,5.093842,1.063500,60.000000,7.495099,1.027800,60.000000,2.312208,1.026500,60.000000,7.089511,1.030000,60.000000,-8.796257,1.000000,1.000000,1.000000,1.000000,1.000000,1.000000,1.000000,1.000000,-42.642226,0.000000,5.266508,11.685834,3.989094,13.039518,20.310015,-38.263628,288.383297,447.800150,209.391350,467.503357,6.717002,286.592096,294.652499,141.504847,562.436988,245.394482,221.661074,276.382253,200.614467,124.488442,251.663684,184.493662,253.902685,8.239523,988.742731,2.149441,164.790455,75.230425,157.625653,78.812826,137.026846,28.927890,26.868009,92.246831,102.994034,75.767785,-82.574348,42.272334,15.225205,67.617823,24.718568,24.091648,4.119761,223.900075
0.380000,1.049431,60.000000,-7.361122,1.053541,60.000000,-4.984819,1.038509,60.000000,-7.513561,1.014809,60.000000,-8.418431,1.015250,60.000000,-7.559474,1.017135,60.000000,-6.980149,1.007760,60.000000,-8.887101,1.006832,60.000000,-9.316986,1.032682,60.000000,-9.046517,1.025403,60.000000,-4.748821,1.021568,60.000000,-5.507734,1.011373,60.000000,-5.469254,1.023325,60.000000,-5.338341,1.021904,60.000000,-6.704352,1.026077,60.000000,-6.755404,1.040657,60.000000,-5.385268,1.042630,60.000000,-6.367045,1.039992,60.000000,-7.181192,1.054456,60.000000,-0.802378,0.995187,60.000000,-1.680508,1.040364,60.000000,-3.260966,1.055231,60.000000,0.675524,1.050688,60.000000,0.501145,1.045590,60.000000,-5.279291,1.061415,60.000000,-3.746059,1.059794,60.000000,-4.791923,1.047051,60.000000,-6.532845,1.056666,60.000000,-1.672815,1.054939,60.000000,0.781358,1.047500,60.000000,-2.827688,0.982000,60.000000,0.000000,0.983100,60.000000,2.349955,0.997200,60.000000,3.857337,1.012300,60.000000,2.950924,1.049630,60.000000,5.093842,1.063500,60.000000,7.495099,1.027800,60.000000,2.312208,1.026500,60.000000,7.089511,1.030000,60.000000,-8.796257,1.000000,1.000000,1.000000,1.000000,1.000000,1.000000,1.000000,1.000000,-42.642226,0.000000,5.266508,11.685834,3.989094,13.039518,20.310015,-38.263628,288.383297,447.800150,209.391350,467.503357,6.717002,286.592096,294.652499,141.504847,562.436988,245.394482,221.661074,276.382253,200.614467,124.488442,251.663684,184.493662,253.902685,8.239523,988.742731,2.149441,164.790455,75.230425,157.625653,78.812826,137.026846,28.927890,26.868009,92.246831,102.994034,75.767785,-82.574348,42.272334,15.225205,67.617823,24.718568,24.091648,4.119761,223.900075
0.400000,1.049431,60.000000,-7.361122,1.053541,60.000000,-4.984819,1.038509,60.000000,-7.513561,1.014809,60.000000,-8.418431,1.015250,60.000000,-7.559474,1.017135,60.000000,-6.980149,1.007760,60.000000,-8.887101,1.006832,60.000000,-9.316986,1.032682,60.000000,-9.046517,1.025403,60.000000,-4.748821,1.021568,60.000000,-5.507734,1.011373,60.000000,-5.469254,1.023325,60.000000,-5.338341,1.021904,60.000000,-6.704352,1.026077,60.000000,-6.755404,1.040657,60.000000,-5.385268,1.042630,60.000000,-6.367045,1.039992,60.000000,-7.181192,1.054456,60.000000,-0.802378,0.995187,60.000000,-1.680508,1.040364,60.000000,-3.260966,1.055231,60.000000,0.675524,1.050688,60.000000,0.501145,1.045590,60.000000,-5.279291,1.061415,60.000000,-3.746059,1.059794,60.000000,-4.791923,1.047051,60.000000,-6.532845,1.056666,60.000000,-1.672815,1.054939,60.000000,0.781358,1.047500,60.000000,-2.827688,0.982000,60.000000,0.000000,0.983100,60.000000,2.349955,0.997200,60.000000,3.857337,1.012300,60.000000,2.950924,1.049630,60.000000,5.093842,1.063500,60.000000,7.495099,1.027800,60.000000,2.312208,1.026500,60.000000,7.089511,1.030000,60.000000,-8.796257,1.000000,1.000000,1.000000,1.000000,1.000000,1.000000,1.000000,1.000000,-42.642226,0.000000,5.266508,11.685834,3.989094,13.039518,20.310015,-38.263628,288.383297,447.800150,209.391350,467.503357,6.717002,286.592096,294.652499,141.504847,562.436988,245.394482,221.661074,276.382253,200.614467,124.488442,251.663684,184.493662,253.902685,8.239523,988.742731,2.149441,164.790455,75.230425,157.625653,78.812826,137.026846,28.927890,26.868009,92.246831,102.994034,75.767785,-82.574348,42.272334,15.225205,67.617823,24.718568,24.091648,4.119761,223.900075
0.420000,1.049431,60.000000,-7.361122,1.053541,60.000000,-4.984819,1.038509,60.000000,-7.513561,1.014809,60.000000,-8.418431,1.015250,60.000000,-7.559474,1.017135,60.000000,-6.980149,1.007760,60.000000,-8.887101,1.006832,60.000000,-9.316986,1.032682,60.000000,-9.046517,1.025403,60.000000,-4.748821,1.021568,60.000000,-5.507734,1.011373,60.000000,-5.469254,1.023325,60.000000,-5.338341,1.021904,60.000000,-6.704352,1.026077,60.000000,-6.755404,1.040657,60.000000,-5.385268,1.042630,60.000000,-6.367045,1.039992,60.000000,-7.181192,1.054456,60.000000,-0.802378,0.995187,60.000000,-1.680508,1.040364,60.000000,-3.260966,1.055231,60.000000,0.675524,1.050688,60.000000,0.501145,1.045590,60.000000,-5.279291,1.061415,60.000000,-3.746059,1.059794,60.000000,-4.791923,1.047051,60.000000,-6.532845,1.056666,60.000000,-1.672815,1.054939,60.000000,0.781358,1.047500,60.000000,-2.827688,0.982000,60.000000,0.000000,0.983100,60.000000,2.349955,0.997200,60.000000,3.857337,1.012300,60.000000,2.950924,1.049630,60.000000,5.093842,1.063500,60.000000,7.495099,1.027800,60.000000,2.312208,1.026500,60.000000,7.089511,1.030000,60.000000,-8.796257,1.000000,1.000000,1.000000,1.000000,1.000000,1.000000,1.000000,1.000000,-42.642226,0.000000,5.266508,11.685834,3.989094,13.039518,20.310015,-38.263628,288.383297,447.800150,209.391350,467.503357,6.717002,286.592096,294.652499,141.504847,562.436988,245.394482,221.661074,276.382253,200.614467,124.488442,251.663684,184.493662,253.902685,8.239523,988.742731,2.149441,164.790455,75.230425,157.625653,78.812826,137.026846,28.927890,26.868009,92.246831,102.994034,75.767785,-82.574348,42.272334,15.225205,67.617823,24.718568,24.091648,4.119761,223.900075
0.440000,1.049431,60.000000,-7.361122,1.053541,60.000000,-4.984819,1.038509,60.000000,-7.513561,1.014809,60.000000,-8.418431,1.015250,60.000000,-7.559474,1.017135,60.000000,-6.980149,1.007760,60.000000,-8.887101,1.006832,60.000000,-9.316986,1.032682,60.000000,-9.046517,1.025403,60.000000,-4.748821,1.021568,60.000000,-5.507734,1.011373,60.000000,-5.469254,1.023325,60.000000,-5.338341,1.021904,60.000000,-6.704352,1.026077,60.000000,-6.755404,1.040657,60.000000,-5.385268,1.042630,60.000000,-6.367045,1.039992,60.000000,-7.181192,1.054456,60.000000,-0.802378,0.995187,60.000000,-1.680508,1.040364,60.000000,-3.260966,1.055231,60.000000,0.675524,1.050688,60.000000,0.501145,1.045590,60.000000,-5.279291,1.061415,60.000000,-3.746059,1.059794,60.000000,-4.791923,1.047051,60.000000,-6.532845,1.056666,60.000000,-1.672815,1.054939,60.000000,0.781358,1.047500,60.000000,-2.827688,0.982000,60.000000,0.000000,0.983100,60.000000,2.349955,0.997200,60.000000,3.857337,1.012300,60.000000,2.950924,1.049630,60.000000,5.093842,1.063500,60.000000,7.495099,1.027800,60.000000,2.312208,1.026500,60.000000,7.089511,1.030000,60.000000,-8.796257,1.000000,1.000000,1.000000,1.000000,1.000000,1.000000,1.000000,1.000000,-42.642226,0.000000,5.266508,11.685834,3.989094,13.039518,20.310015,-38.263628,288.383297,447.800150,209.391350,467.503357,6.717002,286.592096,294.652499,141.504847,562.436988,245.394482,221.661074,276.382253,200.614467,124.488442,251.663684,184.493662,253.902685,8.239523,988.742731,2.149441,164.790455,75.230425,157.625653,78.812826,137.026846,28.927890,26.868009,92.246831,102.994034,75.767785,-82.574348,42.272334,15.225205,67.617823,24.718568,24.091648,4.119761,223.900075
0.460000,1.049431,60.000000,-7.361122,1.053541,60.000000,-4.984819,1.038509,60.000000,-7.513561,1.014809,60.000000,-8.418431,1.015250,60.000000,-7.559474,1.017135,60.000000,-6.980149,1.007760,60.000000,-8.887101,1.006832,60.000000,-9.316986,1.032682,60.000000,-9.046517,1.025403,60.000000,-4.748821,1.021568,60.000000,-5.507734,1.011373,60.000000,-5.469254,1.023325,60.000000,-5.338341,1.021904,60.000000,-6.704352,1.026077,60.000000,-6.755404,1.040657,60.000000,-5.385268,1.042630,60.000000,-6.367045,1.039992,60.000000,-7.181192,1.054456,60.000000,-0.802378,0.995187,60.000000,-1.680508,1.040364,60.000000,-3.260966,1.055231,60.000000,0.675524,1.050688,60.000000,0.501145,1.045590,60.000000,-5.279291,1.061415,60.000000,-3.746059,1.059794,60.000000,-4.791923,1.047051,60.000000,-6.532845,1.056666,60.000000,-1.672815,1.054939,60.000000,0.781358,1.047500,60.000000,-2.827688,0.982000,60.000000,0.000000,0.983100,60.000000,2.349955,0.997200,60.000000,3.857337,1.012300,60.000000,2.950924,1.049630,60.000000,5.093842,1.063500,60.000000,7.495099,1.027800,60.000000,2.312208,1.026500,60.000000,7.089511,1.030000,60.000000,-8.796257,1.000000,1.000000,1.000000,1.000000,1.000000,1.000000,1.000000,1.000000,-42.642226,0.000000,5.266508,11.685834,3.989094,13.039518,20.310015,-38.263628,288.383297,447.800150,209.391350,467.503357,6.717002,286.592096,294.652499,141.504847,562.436988,245.394482,221.661074,276.382253,200.614467,124.488442,251.663684,184.493662,253.902685,8.239523,988.742731,2.149441,164.790455,75.230425,157.625653,78.812826,137.026846,28.927890,26.868009,92.246831,102.994034,75.767785,-82.574348,42.272334,15.225205,67.617823,24.718568,24.091648,4.119761,223.900075
0.480000,1.049431,60.000000,-7.361122,1.053541,60.000000,-4.984819,1.038509,60.000000,-7.513561,1.014809,60.000000,-8.418431,1.015250,60.000000,-7.559474,1.017135,60.000000,-6.980149,1.007760,60.000000,-8.887101,1.006832,60.000000,-9.316986,1.032682,60.000000,-9.046517,1.025403,60.000000,-4.748821,1.021568,60.000000,-5.507734,1.011373,60.000000,-5.469254,1.023325,60.000000,-5.338341,1.021904,60.000000,-6.704352,1.026077,60.000000,-6.755404,1.040657,60.000000,-5.385268,1.042630,60.000000,-6.367045,1.039992,60.000000,-7.181192,1.054456,60.000000,-0.802378,0.995187,60.000000,-1.680508,1.040364,60.000000,-3.260966,1.055231,60.000000,0.675524,1.050688,60.000000,0.501145,1.045590,60.000000,-5.279291,1.061415,60.000000,-3.746059,1.059794,60.000000,-4.791923,1.047051,60.000000,-6.532845,1.056666,60.000000,-1.672815,1.054939,60.000000,0.781358,1.047500,60.000000,-2.827688,0.982000,60.000000,0.000000,0.983100,60.000000,2.349955,0.997200,60.000000,3.857337,1.012300,60.000000,2.950924,1.049630,60.000000,5.093842,1.063500,60.000000,7.495099,1.027800,60.000000,2.312208,1.026500,60.000000,7.089511,1.030000,60.000000,-8.796257,1.000000,1.000000,1.000000,1.000000,1.000000,1.000000,1.000000,1.000000,-42.642226,0.000000,5.266508,11.685834,3.989094,13.039518,20.310015,-38.263628,288.383297,447.800150,209.391350,467.503357,6.717002,286.592096,294.652499,141.504847,562.436988,245.394482,221.661074,276.382253,200.614467,124.488442,251.663684,184.493662,253.902685,8.239523,988.742731,2.149441,164.790455,75.230425,157.625653,78.812826,137.026846,28.927890,26.868009,92.246831,102.994034,75.767785,-82.574348,42.272334,15.225205,67.617823,24.718568,24.091648,4.119761,223.900075
0.500000,1.049431,60.000000,-7.361122,1.053541,60.000000,-4.984819,1.038509,60.000000,-7.513561,1.014809,60.000000,-8.418431,1.015250,60.000000,-7.559474,1.017135,60.000000,-6.980149,1.007760,60.000000,-8.887101,1.006832,60.000000,-9.316986,1.032682,60.000000,-9.046517,1.025403,60.000000,-4.748821,1.021568,60.000000,-5.507734,1.011373,60.000000,-5.469254,1.023325,60.000000,-5.338341,1.021904,60.000000,-6.704352,1.026077,60.000000,-6.755404,1.040657,60.000000,-5.385268,1.042630,60.000000,-6.367045,1.039992,60.000000,-7.181192,1.054456,60.000000,-0.802378,0.995187,60.000000,-1.680508,1.040364,60.000000,-3.260966,1.055231,60.000000,0.675524,1.050688,60.000000,0.501145,1.045590,60.000000,-5.279291,1.061415,60.000000,-3.746059,1.059794,60.000000,-4.791923,1.047051,60.000000,-6.532845,1.056666,60.000000,-1.672815,1.054939,60.000000,0.781358,1.047500,60.000000,-2.827688,0.982000,60.000000,0.000000,0.983100,60.000000,2.349955,0.997200,60.000000,3.857337,1.012300,60.000000,2.950924,1.049630,60.000000,5.093842,1.063500,60.000000,7.495099,1.027800,60.000000,2.312208,1.026500,60.000000,7.089511,1.030000,60.000000,-8.796257,1.000000,1.000000,1.000000,1.000000,1.000000,1.000000,1.000000,1.000000,-42.642226,0.000000,5.266508,11.685834,3.989094,13.039518,20.310015,-38.263628,288.383297,447.800150,209.391350,467.503357,6.717002,286.592096,294.652499,141.504847,562.436988,245.394482,221.661074,276.382253,200.614467,124.488442,251.663684,184.493662,253.902685,8.239523,988.742731,2.149441,164.790455,75.230425,157.625653,78.812826,137.026846,28.927890,26.868009,92.246831,102.994034,75.767785,-82.574348,42.272334,15.225205,67.617823,24.718568,24.091648,4.119761,223.900075
0.520000,1.049431,60.000000,-7.361122,1.053541,60.000000,-4.984819,1.038509,60.000000,-7.513561,1.014809,60.000000,-8.418431,1.015250,60.000000,-7.559474,1.017135,60.000000,-6.980149,1.007760,60.000000,-8.887101,1.006832,60.000000,-9.316986,1.032682,60.000000,-9.046517,1.025403,60.000000,-4.748821,1.021568,60.000000,-5.507734,1.011373,60.000000,-5.469254,1.023325,60.000000,-5.338341,1.021904,60.000000,-6.704352,1.026077,60.000000,-6.755404,1.040657,60.000000,-5.385268,1.042630,60.000000,-6.367045,1.039992,60.000000,-7.181192,1.054456,60.000000,-0.802378,0.995187,60.000000,-1.680508,1.040364,60.000000,-3.260966,1.055231,60.000000,0.675524,1.050688,60.000000,0.501145,1.045590,60.000000,-5.279291,1.061415,60.000000,-3.746059,1.059794,60.000000,-4.791923,1.047051,60.000000,-6.532845,1.056666,60.000000,-1.672815,1.054939,60.000000,0.781358,1.047500,60.000000,-2.827688,0.982000,60.000000,-0.000000,0.983100,60.000000,2.349955,0.997200,60.000000,3.857337,1.012300,60.000000,2.950924,1.049630,60.000000,5.093842,1.063500,60.000000,7.495099,1.027800,60.000000,2.312208,1.026500,60.000000,7.089511,1.030000,60.000000,-8.796257,1.000000,1.000000,1.000000,1.000000,1.000000,1.000000,1.000000,1.000000,-42.642226,0.000000,5.266508,11.685834,3.989094,13.039518,20.310015,-38.263628,288.383297,447.800150,209.391350,467.503357,6.717002,286.592096,294.652499,141.504847,562.436988,245.394482,221.661074,276.382253,200.614467,124.488442,251.663684,184.493662,253.902685,8.239523,988.742731,2.149441,164.790455,75.230425,157.625653,78.812826,137.026846,28.927890,26.868009,92.246831,102.994034,75.767785,-82.574348,42.272334,15.225205,67.617823,24.718568,24.091648,4.119761,223.900075
0.540000,1.049431,60.000000,-7.361122,1.053541,60.000000,-4.984819,1.038509,60.000000,-7.513561,1.014809,60.000000,-8.418431,1.015250,60.000000,-7.559474,1.017135,60.000000,-6.980149,1.007760,60.000000,-8.887101,1.006832,60.000000,-9.316986,1.032682,60.000000,-9.046517,1.025403,60.000000,-4.748821,1.021568,60.000000,-5.507734,1.011373,60.000000,-5.469254,1.023325,60.000000,-5.338341,1.021904,60.000000,-6.704352,1.026077,60.000000,-6.755404,1.040657,60.000000,-5.385268,1.042630,60.000000,-6.367045,1.039992,60.000000,-7.181192,1.054456,60.000000,-0.802378,0.995187,60.000000,-1.680508,1.040364,60.000000,-3.260966,1.055231,60.000000,0.675524,1.050688,60.000000,0.501145,1.045590,60.000000,-5.279291,1.061415,60.000000,-3.746059,1.059794,60.000000,-4.791923,1.047051,60.000000,-6.532845,1.056666,60.000000,-1.672815,1.054939,60.000000,0.781358,1.047500,60.000000,-2.827688,0.982000,60.000000,-0.000000,0.983100,60.000000,2.349955,0.997200,60.000000,3.857337,1.012300,60.000000,2.950924,1.049630,60.000000,5.093842,1.063500,60.000000,7.495099,1.027800,60.000000,2.312208,1.026500,60.000000,7.089511,1.030000,60.000000,-8.796257,1.000000,1.000000,1.000000,1.000000,1.000000,1.000000,1.000000,1.000000,-42.642226,0.000000,5.266508,11.685834,3.989094,13.039518,20.310015,-38.263628,288.383297,447.800150,209.391350,467.503357,6.717002,286.592096,294.652499,141.504847,562.436988,245.394482,221.661074,276.382253,200.614467,124.488442,251.663684,184.493662,253.902685,8.239523,988.742731,2.149441,164.790455,75.230425,157.625653,78.812826,137.026846,28.927890,26.868009,92.246831,102.994034,75.767785,-82.574348,42.272334,15.225205,67.617823,24.718568,24.091648,4.119761,223.900075
0.560000,1.049431,60.000000,-7.361122,1.053541,60.000000,-4.984819,1.038509,60.000000,-7.513561,1.014809,60.000000,-8.418431,1.015250,60.000000,-7.559474,1.017135,60.000000,-6.980149,1.007760,60.000000,-8.887101,1.006832,60.000000,-9.316986,1.032682,60.000000,-9.046517,1.025403,60.000000,-4.748821,1.021568,60.000000,-5.507734,1.011373,60.000000,-5.469254,1.023325,60.000000,-5.338341,1.021904,60.000000,-6.704352,1.026077,60.000000,-6.755404,1.040657,60.000000,-5.385268,1.042630,60.000000,-6.367045,1.039992,60.000000,-7.181192,1.054456,60.000000,-0.802378,0.995187,60.000000,-1.680508,1.040364,60.000000,-3.260966,1.055231,60.000000,0.675524,1.050688,60.000000,0.501145,1.045590,60.000000,-5.279291,1.061415,60.000000,-3.746059,1.059794,60.000000,-4.791923,1.047051,60.000000,-6.532845,1.056666,60.000000,-1.672815,1.054939,60.000000,0.781358,1.047500,60.000000,-2.827688,0.982000,60.000000,-0.000000,0.983100,60.000000,2.349955,0.997200,60.000000,3.857337,1.012300,60.000000,2.950924,1.049630,60.000000,5.093842,1.063500,60.000000,7.495099,1.027800,60.000000,2.312208,1.026500,60.000000,7.089511,1.030000,60.000000,-8.796257,1.000000,1.000000,1.000000,1.000000,1.000000,1.000000,1.000000,1.000000,-42.642226,0.000000,5.266508,11.685834,3.989094,13.039518,20.310015,-38.263628,288.383297,447.800150,209.391350,467.503357,6.717002,286.592096,294.652499,141.504847,562.436988,245.394482,221.661074,276.382253,200.614467,124.488442,251.663684,184.493662,253.902685,8.239523,988.742731,2.149441,164.790455,75.230425,157.625653,78.812826,137.026846,28.927890,26.868009,92.246831,102.994034,75.767785,-82.574348,42.272334,15.225205,67.617823,24.718568,24.091648,4.119761,223.900075
0.580000,1.049431,60.000000,-7.361122,1.053541,60.000000,-4.984819,1.038509,60.000000,-7.513561,1.014809,60.000000,-8.418431,1.015250,60.000000,-7.559474,1.017135,60.000000,-6.980149,1.007760,60.000000,-8.887101,1.006832,60.000000,-9.316986,1.032682,60.000000,-9.046517,1.025403,60.000000,-4.748821,1.021568,60.000000,-5.507734,1.011373,60.000000,-5.469254,1.023325,60.000000,-5.338341,1.021904,60.000000,-6.704352,1.026077,60.000000,-6.755404,1.040657,60.000000,-5.385268,1.042630,60.000000,-6.367045,1.039992,60.000000,-7.181192,1.054456,60.000000,-0.802378,0.995187,60.000000,-1.680508,1.040364,60.000000,-3.260966,1.055231,60.000000,0.675524,1.050688,60.000000,0.501145,1.045590,60.000000,-5.279291,1.061415,60.000000,-3.746059,1.059794,60.000000,-4.791923,1.047051,60.000000,-6.532845,1.056666,60.000000,-1.672815,1.054939,60.000000,0.781358,1.047500,60.000000,-2.827688,0.982000,60.000000,-0.000000,0.983100,60.000000,2.349955,0.997200,60.000000,3.857337,1.012300,60.000000,2.950924,1.049630,60.000000,5.093842,1.063500,60.000000,7.495099,1.027800,60.000000,2.312208,1.026500,60.000000,7.089511,1.030000,60.000000,-8.796257,1.000000,1.000000,1.000000,1.000000,1.000000,1.000000,1.000000,1.000000,-42.642226,0.000000,5.266508,11.685834,3.989094,13.039518,20.310015,-38.263628,288.383297,447.800150,209.391350,467.503357,6.717002,286.592096,294.652499,141.504847,562.436988,245.394482,221.661074,276.382253,200.614467,124.488442,251.663684,184.493662,253.902685,8.239523,988.742731,2.149441,164.790455,75.230425,157.625653,78.812826,137.026846,28.927890,26.868009,92.246831,102.994034,75.767785,-82.574348,42.272334,15.225205,67.617823,24.718568,24.091648,4.119761,223.900075
0.600000,1.049431,60.000000,-7.361122,1.053541,60.000000,-4.984819,1.038509,60.000000,-7.513561,1.014809,60.000000,-8.418431,1.015250,60.000000,-7.559474,1.017135,60.000000,-6.980149,1.007760,60.000000,-8.887101,1.006832,60.000000,-9.316986,1.032682,60.000000,-9.046517,1.025403,60.000000,-4.748821,1.021568,60.000000,-5.507734,1.011373,60.000000,-5.469254,1.023325,60.000000,-5.338341,1.021904,60.000000,-6.704352,1.026077,60.000000,-6.755404,1.040657,60.000000,-5.385268,1.042630,60.000000,-6.367045,1.039992,60.000000,-7.181192,1.054456,60.000000,-0.802378,0.995187,60.000000,-1.680508,1.040364,60.000000,-3.260966,1.055231,60.000000,0.675524,1.050688,60.000000,0.501145,1.045590,60.000000,-5.279291,1.061415,60.000000,-3.746059,1.059794,60.000000,-4.791923,1.047051,60.000000,-6.532845,1.056666,60.000000,-1.672815,1.054939,60.000000,0.781358,1.047500,60.000000,-2.827688,0.982000,60.000000,-0.000000,0.983100,60.000000,2.349955,0.997200,60.000000,3.857337,1.012300,60.000000,2.950924,1.049630,60.000000,5.093842,1.063500,60.000000,7.495099,1.027800,60.000000,2.312208,1.026500,60.000000,7.089511,1.030000,60.000000,-8.796257,1.000000,1.000000,1.000000,1.000000,1.000000,1.000000,1.000000,1.000000,-42.642226,0.000000,5.266508,11.685834,3.989094,13.039518,20.310015,-38.263628,288.383297,447.800150,209.391350,467.503357,6.717002,286.592096,294.652499,141.504847,562.436988,245.394482,221.661074,276.382253,200.614467,124.488442,251.663684,184.493662,253.902685,8.239523,988.742731,2.149441,164.790455,75.230425,157.625653,78.812826,137.026846,28.927890,26.868009,92.246831,102.994034,75.767785,-82.574348,42.272334,15.225205,67.617823,24.718568,24.091648,4.119761,223.900075
0.620000,1.049431,60.000000,-7.361122,1.053541,60.000000,-4.984819,1.038509,60.000000,-7.513561,1.014809,60.000000,-8.418431,1.015250,60.000000,-7.559474,1.017135,60.000000,-6.980149,1.007760,60.000000,-8.887101,1.006832,60.000000,-9.316986,1.032682,60.000000,-9.046517,1.025403,60.000000,-4.748821,1.021568,60.000000,-5.507734,1.011373,60.000000,-5.469254,1.023325,60.000000,-5.338341,1.021904,60.000000,-6.704352,1.026077,60.000000,-6.755404,1.040657,60.000000,-5.385268,1.042630,60.000000,-6.367045,1.039992,60.000000,-7.181192,1.054456,60.000000,-0.802378,0.995187,60.000000,-1.680508,1.040364,60.000000,-3.260966,1.055231,60.000000,0.675524,1.050688,60.000000,0.501145,1.045590,60.000000,-5.279291,1.061415,60.000000,-3.746059,1.059794,60.000000,-4.791923,1.047051,60.000000,-6.532845,1.056666,60.000000,-1.672815,1.054939,60.000000,0.781358,1.047500,60.000000,-2.827688,0.982000,60.000000,-0.000000,0.983100,60.000000,2.349955,0.997200,60.000000,3.857337,1.012300,60.000000,2.950924,1.049630,60.000000,5.093842,1.063500,60.000000,7.495099,1.027800,60.000000,2.312208,1.026500,60.000000,7.089511,1.030000,60.000000,-8.796257,1.000000,1.000000,1.000000,1.000000,1.000000,1.000000,1.000000,1.000000,-42.642226,0.000000,5.266508,11.685834,3.989094,13.039518,20.310015,-38.263628,288.383297,447.800150,209.391350,467.503357,6.717002,286.592096,294.652499,141.504847,562.436988,245.394482,221.661074,276.382253,200.614467,124.488442,251.663684,184.493662,253.902685,8.239523,988.742731,2.149441,164.790455,75.230425,157.625653,78.812826,137.026846,28.927890,26.868009,92.246831,102.994034,75.767785,-82.574348,42.272334,15.225205,67.617823,24.718568,24.091648,4.119761,223.900075
0.640000,1.049431,60.000000,-7.361122,1.053541,60.000000,-4.984819,1.038509,60.000000,-7.513561,1.014809,60.000000,-8.418431,1.015250,60.000000,-7.559474,1.017135,60.000000,-6.980149,1.007760,60.000000,-8.887101,1.006832,60.000000,-9.316986,1.032682,60.000000,-9.046517,1.025403,60.000000,-4.748821,1.021568,60.000000,-5.507734,1.011373,60.000000,-5.469254,1.023325,60.000000,-5.338341,1.021904,60.000000,-6.704352,1.026077,60.000000,-6.755404,1.040657,60.000000,-5.385268,1.042630,60.000000,-6.367045,1.039992,60.000000,-7.181192,1.054456,60.000000,-0.802378,0.995187,60.000000,-1.680508,1.040364,60.000000,-3.260966,1.055231,60.000000,0.675524,1.050688,60.000000,0.501145,1.045590,60.000000,-5.279291,1.061415,60.000000,-3.746059,1.059794,60.000000,-4.791923,1.047051,60.000000,-6.532845,1.056666,60.000000,-1.672815,1.054939,60.000000,0.781358,1.047500,60.000000,-2.827688,0.982000,60.000000,0.000000,0.983100,60.000000,2.349955,0.997200,60.000000,3.857337,1.012300,60.000000,2.950924,1.049630,60.000000,5.093842,1.063500,60.000000,7.495099,1.027800,60.000000,2.312208,1.026500,60.000000,7.089511,1.030000,60.000000,-8.796257,1.000000,1.000000,1.000000,1.000000,1.000000,1.000000,1.000000,1.000000,-42.642226,0.000000,5.266508,11.685834,3.989094,13.039518,20.310015,-38.263628,288.383297,447.800150,209.391350,467.503357,6.717002,286.592096,294.652499,141.504847,562.436988,245.394482,221.661074,276.382253,200.614467,124.488442,251.663684,184.493662,253.902685,8.239523,988.742731,2.149441,164.790455,75.230425,157.625653,78.812826,137.026846,28.927890,26.868009,92.246831,102.994034,75.767785,-82.574348,42.272334,15.225205,67.617823,24.718568,24.091648,4.119761,223.900075
0.660000,1.049431,60.000000,-7.361122,1.053541,60.000000,-4.984819,1.038509,60.000000,-7.513561,1.014809,60.000000,-8.418431,1.015250,60.000000,-7.559474,1.017135,60.000000,-6.980149,1.007760,60.000000,-8.887101,1.006832,60.000000,-9.316986,1.032682,60.000000,-9.046517,1.025403,60.000000,-4.748821,1.021568,60.000000,-5.507734,1.011373,60.000000,-5.469254,1.023325,60.000000,-5.338341,1.021904,60.000000,-6.704352,1.026077,60.000000,-6.755404,1.040657,60.000000,-5.385268,1.042630,60.000000,-6.367045,1.039992,60.000000,-7.181192,1.054456,60.000000,-0.802378,0.995187,60.000000,-1.680508,1.040364,60.000000,-3.260966,1.055231,60.000000,0.675524,1.050688,60.000000,0.501145,1.045590,60.000000,-5.279291,1.061415,60.000000,-3.746059,1.059794,60.000000,-4.791923,1.047051,60.000000,-6.532845,1.056666,60.000000,-1.672815,1.054939,60.000000,0.781358,1.047500,60.000000,-2.827688,0.982000,60.000000,0.000000,0.983100,60.000000,2.349955,0.997200,60.000000,3.857337,1.012300,60.000000,2.950924,1.049630,60.000000,5.093842,1.063500,60.000000,7.495099,1.027800,60.000000,2.312208,1.026500,60.000000,7.089511,1.030000,60.000000,-8.796257,1.000000,1.000000,1.000000,1.000000,1.000000,1.000000,1.000000,1.000000,-42.642226,0.000000,5.266508,11.685834,3.989094,13.039518,20.310015,-38.263628,288.383297,447.800150,209.391350,467.503357,6.717002,286.592096,294.652499,141.504847,562.436988,245.394482,221.661074,276.382253,200.614467,124.488442,251.663684,184.493662,253.902685,8.239523,988.742731,2.149441,164.790455,75.230425,157.625653,78.812826,137.026846,28.927890,26.868009,92.246831,102.994034,75.767785,-82.574348,42.272334,15.225205,67.617823,24.718568,24.091648,4.119761,223.900075
0.680000,1.049431,60.000000,-7.361122,1.053541,60.000000,-4.984819,1.038509,60.000000,-7.513561,1.014809,60.000000,-8.418431,1.015250,60.000000,-7.559474,1.017135,60.000000,-6.980149,1.007760,60.000000,-8.887101,1.006832,60.000000,-9.316986,1.032682,60.000000,-9.046517,1.025403,60.000000,-4.748821,1.021568,60.000000,-5.507734,1.011373,60.000000,-5.469254,1.023325,60.000000,-5.338341,1.021904,60.000000,-6.704352,1.026077,60.000000,-6.755404,1.040657,60.000000,-5.385268,1.042630,60.000000,-6.367045,1.039992,60.000000,-7.181192,1.054456,60.000000,-0.802378,0.995187,60.000000,-1.680508,1.040364,60.000000,-3.260966,1.055231,60.000000,0.675524,1.050688,60.000000,0.501145,1.045590,60.000000,-5.279291,1.061415,60.000000,-3.746059,1.059794,60.000000,-4.791923,1.047051,60.000000,-6.532845,1.056666,60.000000,-1.672815,1.054939,60.000000,0.781358,1.047500,60.000000,-2.827688,0.982000,60.000000,0.000000,0.983100,60.000000,2.349955,0.997200,60.000000,3.857337,1.012300,60.000000,2.950924,1.049630,60.000000,5.093842,1.063500,60.000000,7.495099,1.027800,60.000000,2.312208,1.026500,60.000000,7.089511,1.030000,60.000000,-8.796257,1.000000,1.000000,1.000000,1.000000,1.000000,1.000000,1.000000,1.000000,-42.642226,0.000000,5.266508,11.685834,3.989094,13.039518,20.310015,-38.263628,288.383297,447.800150,209.391350,467.503357,6.717002,286.592096,294.652499,141.504847,562.436988,245.394482,221.661074,276.382253,200.614467,124.488442,251.663684,184.493662,253.902685,8.239523,988.742731,2.149441,164.790455,75.230425,157.625653,78.812826,137.026846,28.927890,26.868009,92.246831,102.994034,75.767785,-82.574348,42.272334,15.225205,67.617823,24.718568,24.091648,4.119761,223.900075
0.700000,1.049431,60.000000,-7.361122,1.053541,60.000000,-4.984819,1.038509,60.000000,-7.513561,1.014809,60.000000,-8.418431,1.015250,60.000000,-7.559474,1.017135,60.000000,-6.980149,1.007760,60.000000,-8.887101,1.006832,60.000000,-9.316986,1.032682,60.000000,-9.046517,1.025403,60.000000,-4.748821,1.021568,60.000000,-5.507734,1.011373,60.000000,-5.469254,1.023325,60.000000,-5.338341,1.021904,60.000000,-6.704352,1.026077,60.000000,-6.755404,1.040657,60.000000,-5.385268,1.042630,60.000000,-6.367045,1.039992,60.000000,-7.181192,1.054456,60.000000,-0.802378,0.995187,60.000000,-1.680508,1.040364,60.000000,-3.260966,1.055231,60.000000,0.675524,1.050688,60.000000,0.501145,1.045590,60.000000,-5.279291,1.061415,60.000000,-3.746059,1.059794,60.000000,-4.791923,1.047051,60.000000,-6.532845,1.056666,60.000000,-1.672815,1.054939,60.000000,0.781358,1.047500,60.000000,-2.827688,0.982000,60.000000,0.000000,0.983100,60.000000,2.349955,0.997200,60.000000,3.857337,1.012300,60.000000,2.950924,1.049630,60.000000,5.093842,1.063500,60.000000,7.495099,1.027800,60.000000,2.312208,1.026500,60.000000,7.089511,1.030000,60.000000,-8.796257,1.000000,1.000000,1.000000,1.000000,1.000000,1.000000,1.000000,1.000000,-42.642226,0.000000,5.266508,11.685834,3.989094,13.039518,20.310015,-38.263628,288.383297,447.800150,209.391350,467.503357,6.717002,286.592096,294.652499,141.504847,562.436988,245.394482,221.661074,276.382253,200.614467,124.488442,251.663684,184.493662,253.902685,8.239523,988.742731,2.149441,164.790455,75.230425,157.625653,78.812826,137.026846,28.927890,26.868009,92.246831,102.994034,75.767785,-82.574348,42.272334,15.225205,67.617823,24.718568,24.091648,4.119761,223.900075
0.720000,1.049431,60.000000,-7.361122,1.053541,60.000000,-4.984819,1.038509,60.000000,-7.513561,1.014809,60.000000,-8.418431,1.015250,60.000000,-7.559474,1.017135,60.000000,-6.980149,1.007760,60.000000,-8.887101,1.006832,60.000000,-9.316986,1.032682,60.000000,-9.046517,1.025403,60.000000,-4.748821,1.021568,60.000000,-5.507734,1.011373,60.000000,-5.469254,1.023325,60.000000,-5.338341,1.021904,60.000000,-6.704352,1.026077,60.000000,-6.755404,1.040657,60.000000,-5.385268,1.042630,60.000000,-6.367045,1.039992,60.000000,-7.181192,1.054456,60.000000,-0.802378,0.995187,60.000000,-1.680508,1.040364,60.000000,-3.260966,1.055231,60.000000,0.675524,1.050688,60.000000,0.501145,1.045590,60.000000,-5.279291,1.061415,60.000000,-3.746059,1.059794,60.000000,-4.791923,1.047051,60.000000,-6.532845,1.056666,60.000000,-1.672815,1.054939,60.000000,0.781358,1.047500,60.000000,-2.827688,0.982000,60.000000,0.000000,0.983100,60.000000,2.349955,0.997200,60.000000,3.857337,1.012300,60.000000,2.950924,1.049630,60.000000,5.093842,1.063500,60.000000,7.495099,1.027800,60.000000,2.312208,1.026500,60.000000,7.089511,1.030000,60.000000,-8.796257,1.000000,1.000000,1.000000,1.000000,1.000000,1.000000,1.000000,1.000000,-42.642226,0.000000,5.266508,11.685834,3.989094,13.039518,20.310015,-38.263628,288.383297,447.800150,209.391350,467.503357,6.717002,286.592096,294.652499,141.504847,562.436988,245.394482,221.661074,276.382253,200.614467,124.488442,251.663684,184.493662,253.902685,8.239523,988.742731,2.149441,164.790455,75.230425,157.625653,78.812826,137.026846,28.927890,26.868009,92.246831,102.994034,75.767785,-82.574348,42.272334,15.225205,67.617823,24.718568,24.091648,4.119761,223.900075
0.740000,1.049431,60.000000,-7.361122,1.053541,60.000000,-4.984819,1.038509,60.000000,-7.513561,1.014809,60.000000,-8.418431,1.015250,60.000000,-7.559474,1.017135,60.000000,-6.980149,1.007760,60.000000,-8.887101,1.006832,60.000000,-9.316986,1.032682,60.000000,-9.046517,1.025403,60.000000,-4.748821,1.021568,60.000000,-5.507734,1.011373,60.000000,-5.469254,1.023325,60.000000,-5.338341,1.021904,60.000000,-6.704352,1.026077,60.000000,-6.755404,1.040657,60.000000,-5.385268,1.042630,60.000000,-6.367045,1.039992,60.000000,-7.181192,1.054456,60.000000,-0.802378,0.995187,60.000000,-1.680508,1.040364,60.000000,-3.260966,1.055231,60.000000,0.675524,1.050688,60.000000,0.501145,1.045590,60.000000,-5.279291,1.061415,60.000000,-3.746059,1.059794,60.000000,-4.791923,1.047051,60.000000,-6.532845,1.056666,60.000000,-1.672815,1.054939,60.000000,0.781358,1.047500,60.000000,-2.827688,0.982000,60.000000,0.000000,0.983100,60.000000,2.349955,0.997200,60.000000,3.857337,1.012300,60.000000,2.950924,1.049630,60.000000,5.093842,1.063500,60.000000,7.495099,1.027800,60.000000,2.312208,1.026500,60.000000,7.089511,1.030000,60.000000,-8.796257,1.000000,1.000000,1.000000,1.000000,1.000000,1.000000,1.000000,1.000000,-42.642226,0.000000,5.266508,11.685834,3.989094,13.039518,20.310015,-38.263628,288.383297,447.800150,209.391350,467.503357,6.717002,286.592096,294.652499,141.504847,562.436988,245.394482,221.661074,276.382253,200.614467,124.488442,251.663684,184.493662,253.902685,8.239523,988.742731,2.149441,164.790455,75.230425,157.625653,78.812826,137.026846,28.927890,26.868009,92.246831,102.994034,75.767785,-82.574348,42.272334,15.225205,67.617823,24.718568,24.091648,4.119761,223.900075
0.760000,1.049431,60.000000,-7.361122,1.053541,60.000000,-4.984819,1.038509,60.000000,-7.513561,1.014809,60.000000,-8.418431,1.015250,60.000000,-7.559474,1.017135,60.000000,-6.980149,1.007760,60.000000,-8.887101,1.006832,60.000000,-9.316986,1.032682,60.000000,-9.046517,1.025403,60.000000,-4.748821,1.021568,60.000000,-5.507734,1.011373,60.000000,-5.469254,1.023325,60.000000,-5.338341,1.021904,60.000000,-6.704352,1.026077,60.000000,-6.755404,1.040657,60.000000,-5.385268,1.042630,60.000000,-6.367045,1.039992,60.000000,-7.181192,1.054456,60.000000,-0.802378,0.995187,60.000000,-1.680508,1.040364,60.000000,-3.260966,1.055231,60.000000,0.675524,1.050688,60.000000,0.501145,1.045590,60.000000,-5.279291,1.061415,60.000000,-3.746059,1.059794,60.000000,-4.791923,1.047051,60.000000,-6.532845,1.056666,60.000000,-1.672815,1.054939,60.000000,0.781358,1.047500,60.000000,-2.827688,0.982000,60.000000,0.000000,0.983100,60.000000,2.349955,0.997200,60.000000,3.857337,1.012300,60.000000,2.950924,1.049630,60.000000,5.093842,1.063500,60.000000,7.495099,1.027800,60.000000,2.312208,1.026500,60.000000,7.089511,1.030000,60.000000,-8.796257,1.000000,1.000000,1.000000,1.000000,1.000000,1.000000,1.000000,1.000000,-42.642226,0.000000,5.266508,11.685834,3.989094,13.039518,20.310015,-38.263628,288.383297,447.800150,209.391350,467.503357,6.717002,286.592096,294.652499,141.504847,562.436988,245.394482,221.661074,276.382253,200.614467,124.488442,251.663684,184.493662,253.902685,8.239523,988.742731,2.149441,164.790455,75.230425,157.625653,78.812826,137.026846,28.927890,26.868009,92.246831,102.994034,75.767785,-82.574348,42.272334,15.225205,67.617823,24.718568,24.091648,4.119761,223.900075
0.780000,1.049431,60.000000,-7.361122,1.053541,60.000000,-4.984819,1.038509,60.000000,-7.513561,1.014809,60.000000,-8.418431,1.015250,60.000000,-7.559474,1.017135,60.000000,-6.980149,1.007760,60.000000,-8.887101,1.006832,60.000000,-9.316986,1.032682,60.000000,-9.046517,1.025403,60.000000,-4.748821,1.021568,60.000000,-5.507734,1.011373,60.000000,-5.469254,1.023325,60.000000,-5.338341,1.021904,60.000000,-6.704352,1.026077,60.000000,-6.755404,1.040657,60.000000,-5.385268,1.042630,60.000000,-6.367045,1.039992,60.000000,-7.181192,1.054456,60.000000,-0.802378,0.995187,60.000000,-1.680508,1.040364,60.000000,-3.260966,1.055231,60.000000,0.675524,1.050688,60.000000,0.501145,1.045590,60.000000,-5.279291,1.061415,60.000000,-3.746059,1.059794,60.000000,-4.791923,1.047051,60.000000,-6.532845,1.056666,60.000000,-1.672815,1.054939,60.000000,0.781358,1.047500,60.000000,-2.827688,0.982000,60.000000,0.000000,0.983100,60.000000,2.349955,0.997200,60.000000,3.857337,1.012300,60.000000,2.950924,1.049630,60.000000,5.093842,1.063500,60.000000,7.495099,1.027800,60.000000,2.312208,1.026500,60.000000,7.089511,1.030000,60.000000,-8.796257,1.000000,1.000000,1.000000,1.000000,1.000000,1.000000,1.000000,1.000000,-42.642226,0.000000,5.266508,11.685834,3.989094,13.039518,20.310015,-38.263628,288.383297,447.800150,209.391350,467.503357,6.717002,286.592096,294.652499,141.504847,562.436988,245.394482,221.661074,276.382253,200.614467,124.488442,251.663684,184.493662,253.902685,8.239523,988.742731,2.149441,164.790455,75.230425,157.625653,78.812826,137.026846,28.927890,26.868009,92.246831,102.994034,75.767785,-82.574348,42.272334,15.225205,67.617823,24.718568,24.091648,4.119761,223.900075
0.800000,1.049431,60.000000,-7.361122,1.053541,60.000000,-4.984819,1.038509,60.000000,-7.513561,1.014809,60.000000,-8.418431,1.015250,60.000000,-7.559474,1.017135,60.000000,-6.980149,1.007760,60.000000,-8.887101,1.006832,60.000000,-9.316986,1.032682,60.000000,-9.046517,1.025403,60.000000,-4.748821,1.021568,60.000000,-5.507734,1.011373,60.000000,-5.469254,1.023325,60.000000,-5.338341,1.021904,60.000000,-6.704352,1.026077,60.000000,-6.755404,1.040657,60.000000,-5.385268,1.042630,60.000000,-6.367045,1.039992,60.000000,-7.181192,1.054456,60.000000,-0.802378,0.995187,60.000000,-1.680508,1.040364,60.000000,-3.260966,1.055231,60.000000,0.675524,1.050688,60.000000,0.501145,1.045590,60.000000,-5.279291,1.061415,60.000000,-3.746059,1.059794,60.000000,-4.791923,1.047051,60.000000,-6.532845,1.056666,60.000000,-1.672815,1.054939,60.000000,0.781358,1.047500,60.000000,-2.827688,0.982000,60.000000,0.000000,0.983100,60.000000,2.349955,0.997200,60.000000,3.857337,1.012300,60.000000,2.950924,1.049630,60.000000,5.093842,1.063500,60.000000,7.495099,1.027800,60.000000,2.312208,1.026500,60.000000,7.089511,1.030000,60.000000,-8.796257,1.000000,1.000000,1.000000,1.000000,1.000000,1.000000,1.000000,1.000000,-42.642226,0.000000,5.266508,11.685834,3.989094,13.039518,20.310015,-38.263628,288.383297,447.800150,209.391350,467.503357,6.717002,286.592096,294.652499,141.504847,562.436988,245.394482,221.661074,276.382253,200.614467,124.488442,251.663684,184.493662,253.902685,8.239523,988.742731,2.149441,164.790455,75.230425,157.625653,78.812826,137.026846,28.927890,26.868009,92.246831,102.994034,75.767785,-82.574348,42.272334,15.225205,67.617823,24.718568,24.091648,4.119761,223.900075
0.820000,1.049431,60.000000,-7.361122,1.053541,60.000000,-4.984819,1.038509,60.000000,-7.513561,1.014809,60.000000,-8.418431,1.015250,60.000000,-7.559474,1.017135,60.000000,-6.980149,1.007760,60.000000,-8.887101,1.006832,60.000000,-9.316986,1.032682,60.000000,-9.046517,1.025403,60.000000,-4.748821,1.021568,60.000000,-5.507734,1.011373,60.000000,-5.469254,1.023325,60.000000,-5.338341,1.021904,60.000000,-6.704352,1.026077,60.000000,-6.755404,1.040657,60.000000,-5.385268,1.042630,60.000000,-6.367045,1.039992,60.000000,-7.181192,1.054456,60.000000,-0.802378,0.995187,60.000000,-1.680508,1.040364,60.000000,-3.260966,1.055231,60.000000,0.675524,1.050688,60.000000,0.501145,1.045590,60.000000,-5.279291,1.061415,60.000000,-3.746059,1.059794,60.000000,-4.791923,1.047051,60.000000,-6.532845,1.056666,60.000000,-1.672815,1.054939,60.000000,0.781358,1.047500,60.000000,-2.827688,0.982000,60.000000,0.000000,0.983100,60.000000,2.349955,0.997200,60.000000,3.857337,1.012300,60.000000,2.950924,1.049630,60.000000,5.093842,1.063500,60.000000,7.495099,1.027800,60.000000,2.312208,1.026500,60.000000,7.089511,1.030000,60.000000,-8.796257,1.000000,1.000000,1.000000,1.000000,1.000000,1.000000,1.000000,1.000000,-42.642226,0.000000,5.266508,11.685834,3.989094,13.039518,20.310015,-38.263628,288.383297,447.800150,209.391350,467.503357,6.717002,286.592096,294.652499,141.504847,562.436988,245.394482,221.661074,276.382253,200.614467,124.488442,251.663684,184.493662,253.902685,8.239523,988.742731,2.149441,164.790455,75.230425,157.625653,78.812826,137.026846,28.927890,26.868009,92.246831,102.994034,75.767785,-82.574348,42.272334,15.225205,67.617823,24.718568,24.091648,4.119761,223.900075
0.840000,1.049431,60.000000,-7.361122,1.053541,60.000000,-4.984819,1.038509,60.000000,-7.513561,1.014809,60.000000,-8.418431,1.015250,60.000000,-7.559474,1.017135,60.000000,-6.980149,1.007760,60.000000,-8.887101,1.006832,60.000000,-9.316986,1.032682,60.000000,-9.046517,1.025403,60.000000,-4.748821,1.021568,60.000000,-5.507734,1.011373,60.000000,-5.469254,1.023325,60.000000,-5.338341,1.021904,60.000000,-6.704352,1.026077,60.000000,-6.755404,1.040657,60.000000,-5.385268,1.042630,60.000000,-6.367045,1.039992,60.000000,-7.181192,1.054456,60.000000,-0.802378,0.995187,60.000000,-1.680508,1.040364,60.000000,-3.260966,1.055231,60.000000,0.675524,1.050688,60.000000,0.501145,1.045590,60.000000,-5.279291,1.061415,60.000000,-3.746059,1.059794,60.000000,-4.791923,1.047051,60.000000,-6.532845,1.056666,60.000000,-1.672815,1.054939,60.000000,0.781358,1.047500,60.000000,-2.827688,0.982000,60.000000,0.000000,0.983100,60.000000,2.349955,0.997200,60.000000,3.857337,1.012300,60.000000,2.950924,1.049630,60.000000,5.093842,1.063500,60.000000,7.495099,1.027800,60.000000,2.312208,1.026500,60.000000,7.089511,1.030000,60.000000,-8.796257,1.000000,1.000000,1.000000,1.000000,1.000000,1.000000,1.000000,1.000000,-42.642226,0.000000,5.266508,11.685834,3.989094,13.039518,20.310015,-38.263628,288.383297,447.800150,209.391350,467.503357,6.717002,286.592096,294.652499,141.504847,562.436988,245.394482,221.661074,276.382253,200.614467,124.488442,251.663684,184.493662,253.902685,8.239523,988.742731,2.149441,164.790455,75.230425,157.625653,78.812826,137.026846,28.927890,26.868009,92.246831,102.994034,75.767785,-82.574348,42.272334,15.225205,67.617823,24.718568,24.091648,4.119761,223.900075
0.860000,1.049431,60.000000,-7.361122,1.053541,60.000000,-4.984819,1.038509,60.000000,-7.513561,1.014809,60.000000,-8.418431,1.015250,60.000000,-7.559474,1.017135,60.000000,-6.980149,1.007760,60.000000,-8.887101,1.006832,60.000000,-9.316986,1.032682,60.000000,-9.046517,1.025403,60.000000,-4.748821,1.021568,60.000000,-5.507734,1.011373,60.000000,-5.469254,1.023325,60.000000,-5.338341,1.021904,60.000000,-6.704352,1.026077,60.000000,-6.755404,1.040657,60.000000,-5.385268,1.042630,60.000000,-6.367045,1.039992,60.000000,-7.181192,1.054456,60.000000,-0.802378,0.995187,60.000000,-1.680508,1.040364,60.000000,-3.260966,1.055231,60.000000,0.675524,1.050688,60.000000,0.501145,1.045590,60.000000,-5.279291,1.061415,60.000000,-3.746059,1.059794,60.000000,-4.791923,1.047051,60.000000,-6.532845,1.056666,60.000000,-1.672815,1.054939,60.000000,0.781358,1.047500,60.000000,-2.827688,0.982000,60.000000,0.000000,0.983100,60.000000,2.349955,0.997200,60.000000,3.857337,1.012300,60.000000,2.950924,1.049630,60.000000,5.093842,1.063500,60.000000,7.495099,1.027800,60.000000,2.312208,1.026500,60.000000,7.089511,1.030000,60.000000,-8.796257,1.000000,1.000000,1.000000,1.000000,1.000000,1.000000,1.000000,1.000000,-42.642226,0.000000,5.266508,11.685834,3.989094,13.039518,20.310015,-38.263628,288.383297,447.800150,209.391350,467.503357,6.717002,286.592096,294.652499,141.504847,562.436988,245.394482,221.661074,276.382253,200.614467,124.488442,251.663684,184.493662,253.902685,8.239523,988.742731,2.149441,164.790455,75.230425,157.625653,78.812826,137.026846,28.927890,26.868009,92.246831,102.994034,75.767785,-82.574348,42.272334,15.225205,67.617823,24.718568,24.091648,4.119761,223.900075
0.880000,1.049431,60.000000,-7.361122,1.053541,60.000000,-4.984819,1.038509,60.000000,-7.513561,1.014809,60.000000,-8.418431,1.015250,60.000000,-7.559474,1.017135,60.000000,-6.980149,1.007760,60.000000,-8.887101,1.006832,60.000000,-9.316986,1.032682,60.000000,-9.046517,1.025403,60.000000,-4.748821,1.021568,60.000000,-5.507734,1.011373,60.000000,-5.469254,1.023325,60.000000,-5.338341,1.021904,60.000000,-6.704352,1.026077,60.000000,-6.755404,1.040657,60.000000,-5.385268,1.042630,60.000000,-6.367045,1.039992,60.000000,-7.181192,1.054456,60.000000,-0.802378,0.995187,60.000000,-1.680508,1.040364,60.000000,-3.260966,1.055231,60.000000,0.675524,1.050688,60.000000,0.501145,1.045590,60.000000,-5.279291,1.061415,60.000000,-3.746059,1.059794,60.000000,-4.791923,1.047051,60.000000,-6.532845,1.056666,60.000000,-1.672815,1.054939,60.000000,0.781358,1.047500,60.000000,-2.827688,0.982000,60.000000,0.000000,0.983100,60.000000,2.349955,0.997200,60.000000,3.857337,1.012300,60.000000,2.950924,1.049630,60.000000,5.093842,1.063500,60.000000,7.495099,1.027800,60.000000,2.312208,1.026500,60.000000,7.089511,1.030000,60.000000,-8.796257,1.000000,1.000000,1.000000,1.000000,1.000000,1.000000,1.000000,1.000000,-42.642226,0.000000,5.266508,11.685834,3.989094,13.039518,20.310015,-38.263628,288.383297,447.800150,209.391350,467.503357,6.717002,286.592096,294.652499,141.504847,562.436988,245.394482,221.661074,276.382253,200.614467,124.488442,251.663684,184.493662,253.902685,8.239523,988.742731,2.149441,164.790455,75.230425,157.625653,78.812826,137.026846,28.927890,26.868009,92.246831,102.994034,75.767785,-82.574348,42.272334,15.225205,67.617823,24.718568,24.091648,4.119761,223.900075
0.900000,1.049431,60.000000,-7.361122,1.053541,60.000000,-4.984819,1.038509,60.000000,-7.513561,1.014809,60.000000,-8.418431,1.015250,60.000000,-7.559474,1.017135,60.000000,-6.980149,1.007760,60.000000,-8.887101,1.006832,60.000000,-9.316986,1.032682,60.000000,-9.046517,1.025403,60.000000,-4.748821,1.021568,60.000000,-5.507734,1.011373,60.000000,-5.469254,1.023325,60.000000,-5.338341,1.021904,60.000000,-6.704352,1.026077,60.000000,-6.755404,1.040657,60.000000,-5.385268,1.042630,60.000000,-6.367045,1.039992,60.000000,-7.181192,1.054456,60.000000,-0.802378,0.995187,60.000000,-1.680508,1.040364,60.000000,-3.260966,1.055231,60.000000,0.675524,1.050688,60.000000,0.501145,1.045590,60.000000,-5.279291,1.061415,60.000000,-3.746059,1.059794,60.000000,-4.791923,1.047051,60.000000,-6.532845,1.056666,60.000000,-1.672815,1.054939,60.000000,0.781358,1.047500,60.000000,-2.827688,0.982000,60.000000,0.000000,0.983100,60.000000,2.349955,0.997200,60.000000,3.857337,1.012300,60.000000,2.950924,1.049630,60.000000,5.093842,1.063500,60.000000,7.495099,1.027800,60.000000,2.312208,1.026500,60.000000,7.089511,1.030000,60.000000,-8.796257,1.000000,1.000000,1.000000,1.000000,1.000000,1.000000,1.000000,1.000000,-42.642226,0.000000,5.266508,11.685834,3.989094,13.039518,20.310015,-38.263628,288.383297,447.800150,209.391350,467.503357,6.717002,286.592096,294.652499,141.504847,562.436988,245.394482,221.661074,276.382253,200.614467,124.488442,251.663684,184.493662,253.902685,8.239523,988.742731,2.149441,164.790455,75.230425,157.625653,78.812826,137.026846,28.927890,26.868009,92.246831,102.994034,75.767785,-82.574348,42.272334,15.225205,67.617823,24.718568,24.091648,4.119761,223.900075
0.920000,1.049431,60.000000,-7.361122,1.053541,60.000000,-4.984819,1.038509,60.000000,-7.513561,1.014809,60.000000,-8.418431,1.015250,60.000000,-7.559474,1.017135,60.000000,-6.980149,1.007760,60.000000,-8.887101,1.006832,60.000000,-9.316986,1.032682,60.000000,-9.046517,1.025403,60.000000,-4.748821,1.021568,60.000000,-5.507734,1.011373,60.000000,-5.469254,1.023325,60.000000,-5.338341,1.021904,60.000000,-6.704352,1.026077,60.000000,-6.755404,1.040657,60.000000,-5.385268,1.042630,60.000000,-6.367045,1.039992,60.000000,-7.181192,1.054456,60.000000,-0.802378,0.995187,60.000000,-1.680508,1.040364,60.000000,-3.260966,1.055231,60.000000,0.675524,1.050688,60.000000,0.501145,1.045590,60.000000,-5.279291,1.061415,60.000000,-3.746059,1.059794,60.000000,-4.791923,1.047051,60.000000,-6.532845,1.056666,60.000000,-1.672815,1.054939,60.000000,0.781358,1.047500,60.000000,-2.827688,0.982000,60.000000,0.000000,0.983100,60.000000,2.349955,0.997200,60.000000,3.857337,1.012300,60.000000,2.950924,1.049630,60.000000,5.093842,1.063500,60.000000,7.495099,1.027800,60.000000,2.312208,1.026500,60.000000,7.089511,1.030000,60.000000,-8.796257,1.000000,1.000000,1.000000,1.000000,1.000000,1.000000,1.000000,1.000000,-42.642226,0.000000,5.266508,11.685834,3.989094,13.039518,20.310015,-38.263628,288.383297,447.800150,209.391350,467.503357,6.717002,286.592096,294.652499,141.504847,562.436988,245.394482,221.661074,276.382253,200.614467,124.488442,251.663684,184.493662,253.902685,8.239523,988.742731,2.149441,164.790455,75.230425,157.625653,78.812826,137.026846,28.927890,26.868009,92.246831,102.994034,75.767785,-82.574348,42.272334,15.225205,67.617823,24.718568,24.091648,4.119761,223.900075
0.940000,1.049431,60.000000,-7.361122,1.053541,60.000000,-4.984819,1.038509,60.000000,-7.513561,1.014809,60.000000,-8.418431,1.015250,60.000000,-7.559474,1.017135,60.000000,-6.980149,1.007760,60.000000,-8.887101,1.006832,60.000000,-9.316986,1.032682,60.000000,-9.046517,1.025403,60.000000,-4.748821,1.021568,60.000000,-5.507734,1.011373,60.000000,-5.469254,1.023325,60.000000,-5.338341,1.021904,60.000000,-6.704352,1.026077,60.000000,-6.755404,1.040657,60.000000,-5.385268,1.042630,60.000000,-6.367045,1.039992,60.000000,-7.181192,1.054456,60.000000,-0.802378,0.995187,60.000000,-1.680508,1.040364,60.000000,-3.260966,1.055231,60.000000,0.675524,1.050688,60.000000,0.501145,1.045590,60.000000,-5.279291,1.061415,60.000000,-3.746059,1.059794,60.000000,-4.791923,1.047051,60.000000,-6.532845,1.056666,60.000000,-1.672815,1.054939,60.000000,0.781358,1.047500,60.000000,-2.827688,0.982000,60.000000,0.000000,0.983100,60.000000,2.349955,0.997200,60.000000,3.857337,1.012300,60.000000,2.950924,1.049630,60.000000,5.093842,1.063500,60.000000,7.495099,1.027800,60.000000,2.312208,1.026500,60.000000,7.089511,1.030000,60.000000,-8.796257,1.000000,1.000000,1.000000,1.000000,1.000000,1.000000,1.000000,1.000000,-42.642226,0.000000,5.266508,11.685834,3.989094,13.039518,20.310015,-38.263628,288.383297,447.800150,209.391350,467.503357,6.717002,286.592096,294.652499,141.504847,562.436988,245.394482,221.661074,276.382253,200.614467,124.488442,251.663684,184.493662,253.902685,8.239523,988.742731,2.149441,164.790455,75.230425,157.625653,78.812826,137.026846,28.927890,26.868009,92.246831,102.994034,75.767785,-82.574348,42.272334,15.225205,67.617823,24.718568,24.091648,4.119761,223.900075
0.960000,1.049431,60.000000,-7.361122,1.053541,60.000000,-4.984819,1.038509,60.000000,-7.513561,1.014809,60.000000,-8.418431,1.015250,60.000000,-7.559474,1.017135,60.000000,-6.980149,1.007760,60.000000,-8.887101,1.006832,60.000000,-9.316986,1.032682,60.000000,-9.046517,1.025403,60.000000,-4.748821,1.021568,60.000000,-5.507734,1.011373,60.000000,-5.469254,1.023325,60.000000,-5.338341,1.021904,60.000000,-6.704352,1.026077,60.000000,-6.755404,1.040657,60.000000,-5.385268,1.042630,60.000000,-6.367045,1.039992,60.000000,-7.181192,1.054456,60.000000,-0.802378,0.995187,60.000000,-1.680508,1.040364,60.000000,-3.260966,1.055231,60.000000,0.675524,1.050688,60.000000,0.501145,1.045590,60.000000,-5.279291,1.061415,60.000000,-3.746059,1.059794,60.000000,-4.791923,1.047051,60.000000,-6.532845,1.056666,60.000000,-1.672815,1.054939,60.000000,0.781358,1.047500,60.000000,-2.827688,0.982000,60.000000,0.000000,0.983100,60.000000,2.349955,0.997200,60.000000,3.857337,1.012300,60.000000,2.950924,1.049630,60.000000,5.093842,1.063500,60.000000,7.495099,1.027800,60.000000,2.312208,1.026500,60.000000,7.089511,1.030000,60.000000,-8.796257,1.000000,1.000000,1.000000,1.000000,1.000000,1.000000,1.000000,1.000000,-42.642226,0.000000,5.266508,11.685834,3.989094,13.039518,20.310015,-38.263628,288.383297,447.800150,209.391350,467.503357,6.717002,286.592096,294.652499,141.504847,562.436988,245.394482,221.661074,276.382253,200.614467,124.488442,251.663684,184.493662,253.902685,8.239523,988.742731,2.149441,164.790455,75.230425,157.625653,78.812826,137.026846,28.927890,26.868009,92.246831,102.994034,75.767785,-82.574348,42.272334,15.225205,67.617823,24.718568,24.091648,4.119761,223.900075
0.980000,1.049431,60.000000,-7.361122,1.053541,60.000000,-4.984819,1.038509,60.000000,-7.513561,1.014809,60.000000,-8.418431,1.015250,60.000000,-7.559474,1.017135,60.000000,-6.980149,1.007760,60.000000,-8.887101,1.006832,60.000000,-9.316986,1.032682,60.000000,-9.046517,1.025403,60.000000,-4.748821,1.021568,60.000000,-5.507734,1.011373,60.000000,-5.469254,1.023325,60.000000,-5.338341,1.021904,60.000000,-6.704352,1.026077,60.000000,-6.755404,1.040657,60.000000,-5.385268,1.042630,60.000000,-6.367045,1.039992,60.000000,-7.181192,1.054456,60.000000,-0.802378,0.995187,60.000000,-1.680508,1.040364,60.000000,-3.260966,1.055231,60.000000,0.675524,1.050688,60.000000,0.501145,1.045590,60.000000,-5.279291,1.061415,60.000000,-3.746059,1.059794,60.000000,-4.791923,1.047051,60.000000,-6.532845,1.056666,60.000000,-1.672815,1.054939,60.000000,0.781358,1.047500,60.000000,-2.827688,0.982000,60.000000,0.000000,0.983100,60.000000,2.349955,0.997200,60.000000,3.857337,1.012300,60.000000,2.950924,1.049630,60.000000,5.093842,1.063500,60.000000,7.495099,1.027800,60.000000,2.312208,1.026500,60.000000,7.089511,1.030000,60.000000,-8.796257,1.000000,1.000000,1.000000,1.000000,1.000000,1.000000,1.000000,1.000000,-42.642226,0.000000,5.266508,11.685834,3.989094,13.039518,20.310015,-38.263628,288.383297,447.800150,209.391350,467.503357,6.717002,286.592096,294.652499,141.504847,562.436988,245.394482,221.661074,276.382253,200.614467,124.488442,251.663684,184.493662,253.902685,8.239523,988.742731,2.149441,164.790455,75.230425,157.625653,78.812826,137.026846,28.927890,26.868009,92.246831,102.994034,75.767785,-82.574348,42.272334,15.225205,67.617823,24.718568,24.091648,4.119761,223.900075
1.000000,1.049431,60.000000,-7.361122,1.053541,60.000000,-4.984819,1.038509,60.000000,-7.513561,1.014809,60.000000,-8.418431,1.015250,60.000000,-7.559474,1.017135,60.000000,-6.980149,1.007760,60.000000,-8.887101,1.006832,60.000000,-9.316986,1.032682,60.000000,-9.046517,1.025403,60.000000,-4.748821,1.021568,60.000000,-5.507734,1.011373,60.000000,-5.469254,1.023325,60.000000,-5.338341,1.021904,60.000000,-6.704352,1.026077,60.000000,-6.755404,1.040657,60.000000,-5.385268,1.042630,60.000000,-6.367045,1.039992,60.000000,-7.181192,1.054456,60.000000,-0.802378,0.995187,60.000000,-1.680508,1.040364,60.000000,-3.260966,1.055231,60.000000,0.675524,1.050688,60.000000,0.501145,1.045590,60.000000,-5.279291,1.061415,60.000000,-3.746059,1.059794,60.000000,-4.791923,1.047051,60.000000,-6.532845,1.056666,60.000000,-1.672815,1.054939,60.000000,0.781358,1.047500,60.000000,-2.827688,0.982000,60.000000,0.000000,0.983100,60.000000,2.349955,0.997200,60.000000,3.857337,1.012300,60.000000,2.950924,1.049630,60.000000,5.093842,1.063500,60.000000,7.495099,1.027800,60.000000,2.312208,1.026500,60.000000,7.089511,1.030000,60.000000,-8.796257,1.000000,1.000000,1.000000,1.000000,1.000000,1.000000,1.000000,1.000000,-42.642226,0.000000,5.266508,11.685834,3.989094,13.039518,20.310015,-38.263628,288.383297,447.800150,209.391350,467.503357,6.717002,286.592096,294.652499,141.504847,562.436988,245.394482,221.661074,276.382253,200.614467,124.488442,251.663684,184.493662,253.902685,8.239523,988.742731,2.149441,164.790455,75.230425,157.625653,78.812826,137.026846,28.927890,26.868009,92.246831,102.994034,75.767785,-82.574348,42.272334,15.225205,67.617823,24.718568,24.091648,4.119761,223.900075
1.020000,0.893621,59.973013,-9.610715,0.773342,59.953830,-9.291387,0.612692,59.924259,-15.635266,0.363656,60.024889,-16.288075,0.208441,60.209380,-6.889440,0.202740,60.301902,-2.823235,0.000000,60.191949,-92.912018,0.104345,60.100255,-11.598981,0.612833,59.993025,-10.160416,0.348939,60.255738,-2.051911,0.299501,60.263626,-2.318248,0.314342,60.218837,-4.144465,0.359659,60.182210,-5.403592,0.400011,60.033723,-12.573781,0.556652,59.861951,-18.472736,0.646778,59.836611,-16.783345,0.650978,59.858234,-17.116795,0.633971,59.876531,-17.491534,0.748670,59.943557,-5.819391,0.739481,59.920605,-7.380831,0.677952,59.795673,-15.324325,0.733905,59.777669,-10.286967,0.727062,59.738134,-11.986280,0.663242,59.809825,-17.765777,0.787070,59.972921,-8.554169,0.744008,59.894764,-12.980820,0.691667,59.862254,-16.945553,0.789595,59.894450,-8.614222,0.808470,59.916593,-4.825636,0.881628,59.967618,-4.743882,0.425822,60.929561,17.814703,0.525369,60.483957,12.125243,0.758445,60.040212,3.241220,0.813641,59.991409,0.398996,0.786318,59.810849,-3.047792,0.788476,59.613587,-6.681243,0.828328,60.059039,1.160662,0.835387,59.970597,4.402184,0.950447,59.984646,-9.531382,0.999962,1.001163,1.001058,0.999959,0.999958,1.000088,1.000158,0.999829,-42.904871,0.000000,5.242706,11.435153,3.727253,12.807655,20.091238,-38.555140,256.765520,185.060912,0.000000,15.906683,2.074106,233.556073,273.035250,129.315208,555.999726,233.971533,217.975945,260.228728,200.509654,123.268797,242.433956,184.431239,253.902685,4.634493,988.742731,1.913780,68.102416,0.000000,5.363173,24.336178,111.668997,26.805588,24.553520,91.191038,98.199731,74.508141,-77.748181,42.250249,15.076040,65.137949,24.710205,24.091648,2.317247,223.900075
1.040000,0.882507,59.978321,-9.973550,0.757790,59.966186,-9.783944,0.597562,59.947698,-16.323178,0.351279,59.996873,-16.526793,0.199593,60.079750,-6.307335,0.193461,60.121664,-1.832686,0.000000,60.071654,-92.390661,0.101500,60.031840,-11.454637,0.606702,59.988595,-10.418497,0.333677,60.133575,-1.084886,0.286270,60.129350,-1.359652,0.300721,60.108189,-3.393199,0.344386,60.090846,-4.822140,0.385168,60.006052,-12.763134,0.540566,59.915545,-19.533798,0.630319,59.902257,-17.977263,0.634247,59.913345,-18.171641,0.617791,59.922725,-18.441125,0.726502,59.948511,-6.478423,0.716354,59.939331,-8.116512,0.664200,59.883947,-16.758485,0.722953,59.875089,-11.863746,0.716125,59.867022,-13.727548,0.647673,59.891156,-19.097812,0.768976,59.979830,-8.936033,0.724739,59.934320,-13.794613,0.673321,59.915350,-17.951172,0.769084,59.935496,-9.408609,0.787977,59.950312,-5.489948,0.869031,59.973798,-5.144817,0.403798,60.341125,21.223758,0.503449,60.292040,14.435272,0.736909,59.989869,3.028261,0.789039,59.986624,0.086476,0.778499,59.873020,-4.565372,0.780984,59.840623,-9.018755,0.806972,60.034261,1.260360,0.816086,59.987665,4.061048,0.942173,59.985339,-9.820246,0.999926,1.002293,1.002096,0.999834,0.999922,1.000150,1.000324,0.999673,-43.675729,0.000000,5.177318,10.642885,2.953918,12.112313,19.447705,-39.409773,251.451162,172.678226,0.000000,15.050915,1.898253,226.312748,268.141528,126.823739,550.139671,231.252471,216.787934,256.341577,200.011058,122.284910,239.043055,183.942587,253.787994,4.197632,988.742731,1.874170,63.545587,0.000000,5.074638,22.272838,108.205782,26.325141,24.080457,90.229914,97.058519,74.102057,-76.586822,42.145187,14.955708,64.226871,24.644735,24.080766,2.098816,223.900075
1.060000,0.875113,59.982737,-10.406158,0.747844,59.977220,-10.271473,0.588295,59.968517,-16.895813,0.343980,60.007319,-16.803177,0.194608,60.066063,-6.119758,0.188317,60.096265,-1.408026,0.000000,60.057142,-92.263337,0.099837,60.025530,-11.565543,0.602580,59.988825,-10.798493,0.324758,60.114977,-0.532510,0.278627,60.109580,-0.845241,0.292782,60.094675,-2.997124,0.335414,60.082407,-4.523305,0.376409,60.017788,-12.966941,0.531144,59.953157,-20.251199,0.620696,59.943234,-18.771327,0.624210,59.948875,-18.915461,0.608016,59.953930,-19.140030,0.713410,59.964300,-7.069713,0.702128,59.959162,-8.755045,0.656415,59.934653,-17.630890,0.717136,59.931636,-12.766324,0.709984,59.932914,-14.636517,0.638575,59.938020,-19.940177,0.757434,59.988629,-9.336773,0.712525,59.961771,-14.431514,0.661976,59.949347,-18.690588,0.755621,59.965255,-10.028295,0.774386,59.976762,-6.019860,0.860682,59.977961,-5.610203,0.393021,60.228006,22.742607,0.490848,60.240598,15.959026,0.724379,59.984084,2.625428,0.773210,59.992607,-0.280194,0.775285,59.923062,-5.518843,0.776358,59.939410,-9.932259,0.793115,60.027053,1.172076,0.803012,60.005594,3.757159,0.936439,59.986126,-10.220191,0.999888,1.003426,1.003131,0.999740,0.999904,1.000219,1.000516,0.999528,-44.951195,0.000000,5.071269,9.314345,1.680417,10.956522,18.393213,-40.818041,247.992460,165.577677,0.000000,14.561838,1.799344,221.855163,265.049278,125.206275,545.600758,229.584508,216.048328,253.876018,199.478591,121.511679,236.681430,183.358162,253.382129,3.977261,988.742731,1.848391,60.932585,0.000000,4.909738,21.112303,106.074500,26.021555,23.773343,89.485475,96.358461,73.849247,-75.850191,42.032989,14.861141,63.592341,24.566433,24.042255,1.988630,223.900075
1.080000,0.869762,59.985350,-10.939685,0.740589,59.984349,-10.824069,0.581543,59.981979,-17.481774,0.338520,60.022433,-17.105832,0.190868,60.081581,-6.004183,0.184488,60.112671,-1.074566,0.000000,60.069362,-92.225882,0.098590,60.033580,-11.770907,0.599603,59.989575,-11.297099,0.318054,60.129621,-0.071636,0.272893,60.124651,-0.421337,0.286800,60.109933,-2.678002,0.328636,60.097798,-4.290541,0.369820,60.034569,-13.187318,0.524325,59.974033,-20.912625,0.613851,59.963859,-19.504516,0.616982,59.968100,-19.614942,0.600949,59.971551,-19.810862,0.704251,59.975247,-7.698385,0.692077,59.972691,-9.408285,0.650972,59.957033,-18.416655,0.713190,59.954304,-13.571878,0.705706,59.956791,-15.425957,0.632110,59.960062,-20.703642,0.749068,59.995287,-9.809988,0.703539,59.979223,-15.047170,0.653706,59.969141,-19.384184,0.745507,59.986041,-10.603841,0.764128,59.996368,-6.518531,0.854631,59.979675,-6.182207,0.385909,60.246310,24.011119,0.481877,60.249821,17.289631,0.715666,59.985502,2.093099,0.761918,59.998841,-0.727415,0.773409,59.945205,-6.389750,0.772952,59.965810,-10.658829,0.783026,60.026052,0.938293,0.793092,60.021664,3.448543,0.932332,59.986391,-10.740133,0.999851,1.004560,1.004160,0.999678,0.999899,1.000292,1.000723,0.999396,-46.732453,0.000000,4.921259,7.462385,-0.087462,9.341646,16.935407,-42.775909,245.375093,160.362436,0.000000,14.200321,1.726566,218.529497,262.745744,123.984176,541.965263,228.363071,215.502070,252.037383,198.988217,120.868674,234.832057,182.781630,252.881707,3.834613,988.742731,1.828883,59.013376,0.000000,4.787848,20.258379,104.484416,25.795403,23.541299,88.889207,95.845815,73.662526,-75.300864,41.929660,14.782500,63.095446,24.489189,23.994772,1.917307,223.900075
1.100000,0.865648,59.987251,-11.584215,0.734839,59.990413,-11.456944,0.576069,59.993292,-18.107586,0.333755,60.039056,-17.417449,0.187497,60.105485,-5.859148,0.181039,60.141379,-0.685291,0.000000,60.088859,-92.188295,0.097486,60.045175,-12.025467,0.597320,59.990147,-11.917336,0.312051,60.157178,0.433651,0.267750,60.152367,0.049118,0.281432,60.135969,-2.320481,0.322556,60.122453,-4.026125,0.364008,60.053722,-13.400523,0.518709,59.990949,-21.569855,0.608400,59.979804,-20.239248,0.611193,59.983116,-20.323391,0.595264,59.985476,-20.499507,0.697271,59.985486,-8.378139,0.684461,59.984356,-10.099514,0.646676,59.973692,-19.197176,0.710120,59.970995,-14.372032,0.702347,59.973404,-16.208295,0.626970,59.976578,-21.462932,0.742505,60.001651,-10.363019,0.696322,59.993414,-15.679484,0.647070,59.984587,-20.083062,0.737265,60.003404,-11.172675,0.755752,60.013405,-7.014822,0.849992,59.981003,-6.870448,0.380214,60.298571,25.463104,0.474286,60.285215,18.690512,0.709060,59.990012,1.460014,0.753418,60.005629,-1.253235,0.772041,59.962603,-7.252554,0.770252,59.981399,-11.380493,0.775090,60.028178,0.586414,0.785004,60.037292,3.127164,0.929288,59.986222,-11.386592,0.999814,1.005693,1.005180,0.999646,0.999904,1.000368,1.000941,0.999279,-49.019568,0.000000,4.723982,5.100292,-2.345096,7.269276,15.079844,-45.277627,243.192506,155.879830,0.000000,13.884164,1.662537,215.728140,260.849845,122.969069,538.973981,227.367080,215.055547,250.523670,198.542054,120.306720,233.270600,182.224585,252.349213,3.722270,988.742731,1.812615,57.363777,0.000000,4.681251,19.507097,103.145017,25.609270,23.348557,88.398599,95.427789,73.509896,-74.848614,41.835647,14.713771,62.675909,24.414556,23.944246,1.861135,223.900075
1.120000,0.991155,60.026133,-10.917618,0.958301,60.059600,-9.449993,0.919646,60.120789,-12.982910,0.873305,60.133826,-13.018912,0.869372,60.088281,-10.820361,0.869242,60.070864,-9.852955,0.864819,60.112598,-12.458733,0.867262,60.119518,-13.048479,0.953605,60.045115,-12.271036,0.873021,60.046620,-6.887629,0.870380,60.055053,-7.912272,0.856223,60.061683,-8.076745,0.872264,60.065753,-8.112680,0.876070,60.110269,-10.999019,0.888408,60.159058,-13.708041,0.909182,60.149589,-13.007161,0.915906,60.146512,-13.245109,0.915954,60.143259,-13.630849,0.927809,60.028162,-6.239033,0.875628,60.052779,-7.051412,0.909084,60.157037,-12.237843,0.925145,60.132460,-9.156593,0.920664,60.141050,-10.396302,0.915270,60.162169,-13.603431,0.960338,60.052535,-7.808969,0.943148,60.120477,-10.175350,0.924186,60.147341,-12.869652,0.944442,60.121767,-6.334922,0.946235,60.106612,-3.309787,0.980906,60.005685,-6.757945,0.828871,59.781186,1.934902,0.834879,59.906492,4.897983,0.886684,59.908114,0.034814,0.898864,59.992066,-0.704318,0.923773,60.095030,-4.015981,0.932630,60.098293,-7.444111,0.929343,59.975378,0.158383,0.930639,60.069535,4.393575,0.994063,60.001148,-11.681344,0.999796,1.005337,1.004910,0.999484,0.999813,1.000222,1.000976,0.999237,-51.481407,0.000000,4.529090,2.529667,-4.781017,5.019394,13.118275,-47.975873,288.383297,447.800150,209.391350,467.503357,6.717002,286.592096,294.652499,141.504847,562.436989,245.394482,221.661074,276.382253,200.614467,124.488442,251.663684,184.493662,253.902685,8.239523,988.742731,2.149441,164.790455,75.230425,157.625653,78.812826,137.026846,28.927890,26.868009,92.246831,102.994035,75.767785,-82.574348,42.272334,15.225205,67.617823,24.718568,24.091648,4.119761,223.900075
1.140000,1.003897,60.020503,-11.283579,0.978887,60.046737,-9.608522,0.946057,60.085882,-12.808850,0.905580,60.110934,-12.686646,0.903448,60.105375,-10.607847,0.903970,60.102805,-9.688359,0.898326,60.111296,-12.167049,0.899936,60.110688,-12.746520,0.971836,60.044180,-12.472712,0.907441,60.092916,-6.828315,0.904960,60.096311,-7.816524,0.891554,60.096822,-7.965354,0.906322,60.096434,-7.995484,0.908897,60.104312,-10.748897,0.919041,60.108466,-13.333730,0.938174,60.098713,-12.701177,0.943651,60.096388,-12.960275,0.943280,60.095057,-13.360939,0.956817,60.036811,-6.506969,0.902413,60.041873,-7.245512,0.937635,60.102628,-11.891322,0.952558,60.093821,-8.900416,0.946739,60.098303,-10.094954,0.943766,60.104177,-13.241372,0.982113,60.041524,-8.010404,0.967213,60.081265,-10.027355,0.950256,60.094670,-12.594523,0.965954,60.085803,-6.162497,0.966618,60.079873,-3.200438,0.995276,60.012611,-7.208133,0.870449,60.065203,1.347475,0.867189,60.056833,4.470078,0.913095,59.983081,-0.757933,0.923481,60.005138,-1.218951,0.951114,60.078335,-3.917632,0.952049,60.085958,-7.271292,0.950108,59.998143,-0.431730,0.947828,60.064190,4.342236,1.002033,60.002513,-12.193801,0.999782,1.005004,1.004558,0.999403,0.999683,1.000077,1.000962,0.999223,-53.807847,0.000000,4.341495,0.051975,-7.124715,2.848477,11.303004,-50.545265,288.383297,447.800150,209.391350,467.503357,6.717002,286.592096,294.652499,141.504847,562.436988,245.394482,221.661074,276.382253,200.614467,124.488442,251.663684,184.493662,253.902685,8.239523,988.742731,2.149441,164.790455,75.230425,157.625653,78.812826,137.026846,28.927890,26.868009,92.246831,102.994035,75.767785,-82.574348,42.272334,15.225205,67.617823,24.718568,24.091648,4.119761,223.900075
1.160000,1.010794,60.015320,-11.626307,0.989318,60.036163,-9.787106,0.958390,60.063789,-12.760705,0.919191,60.089508,-12.451846,0.917168,60.095265,-10.354569,0.917839,60.096961,-9.431611,0.911800,60.095491,-11.900104,0.913137,60.092921,-12.494251,0.980104,60.037024,-12.652133,0.921502,60.095049,-6.604024,0.918980,60.095644,-7.581395,0.905966,60.094631,-7.734556,0.920338,60.093280,-7.772675,0.922749,60.088899,-10.531619,0.932951,60.078726,-13.160036,0.951825,60.069459,-12.596105,0.956813,60.068195,-12.866940,0.956166,60.067753,-13.272725,0.971353,60.030869,-6.732335,0.916753,60.030309,-7.463107,0.951023,60.071360,-11.768193,0.965367,60.067448,-8.816423,0.958953,60.069508,-9.990660,0.957176,60.072008,-13.111494,0.993362,60.032626,-8.218622,0.979290,60.059507,-10.012204,0.962983,60.066670,-12.513225,0.977112,60.065948,-6.105636,0.977341,60.064137,-3.166168,1.003214,60.012513,-7.582213,0.885754,60.122592,1.663487,0.880678,60.101208,4.645189,0.926038,60.000855,-1.251917,0.937873,60.005880,-1.641421,0.963802,60.060523,-3.902778,0.961201,60.063974,-7.221888,0.961604,60.005165,-0.874602,0.957251,60.058380,4.311885,1.006838,60.001735,-12.645459,0.999775,1.004608,1.004144,0.999367,0.999554,0.999947,1.000917,0.999247,-55.982541,0.000000,4.144294,-2.294075,-9.368565,0.774348,9.630892,-52.955708,288.383296,447.800149,209.391350,467.503356,6.717002,286.592096,294.652498,141.504847,562.436988,245.394482,221.661074,276.382252,200.614467,124.488442,251.663684,184.493662,253.902685,8.239523,988.742731,2.149441,164.790455,75.230425,157.625653,78.812826,137.026846,28.927890,26.868009,92.246831,102.994034,75.767785,-82.574348,42.272334,15.225205,67.617823,24.718568,24.091648,4.119761,223.900075
1.180000,1.015566,60.028335,-11.862775,0.996926,60.064186,-9.808509,0.967236,60.103581,-12.530060,0.927766,60.125114,-12.051831,0.925035,60.124014,-9.941557,0.925658,60.125388,-9.007251,0.919431,60.120901,-11.500341,0.920640,60.117331,-12.117671,0.985018,60.048947,-12.735264,0.929651,60.128575,-6.170917,0.927035,60.127563,-7.151114,0.914405,60.128499,-7.303474,0.928707,60.129184,-7.342830,0.931643,60.131162,-10.107256,0.943520,60.146373,-12.700573,0.962899,60.148140,-12.157697,0.967151,60.130477,-12.507818,0.965964,60.121381,-12.953694,0.982750,60.083897,-6.683079,0.928112,60.073114,-7.461677,0.962794,60.180700,-11.187226,0.977743,60.207020,-8.142420,0.971269,60.232113,-9.204305,0.968357,60.163068,-12.601597,1.001699,60.060687,-8.264527,0.988737,60.097314,-9.822033,0.972987,60.115476,-12.223071,0.985990,60.093676,-5.913253,0.985907,60.088681,-3.001067,1.009088,60.033010,-7.809854,0.892844,60.146698,2.263749,0.887746,60.131663,5.115944,0.935630,60.044556,-1.457637,0.949339,60.037604,-1.865246,0.976570,60.195651,-3.305312,0.973984,60.343985,-5.998707,0.969989,60.027460,-1.141998,0.964804,60.076085,4.405273,1.010039,60.005600,-13.019657,0.999773,1.004143,1.003682,0.999370,0.999437,0.999837,1.000850,0.999304,-57.973156,0.000000,3.943796,-4.461481,-11.480222,-1.165835,8.120412,-55.162645,288.383297,447.800150,209.391350,467.503357,6.717002,286.592096,294.652499,141.504847,562.436988,245.394482,221.661074,276.382253,200.614467,124.488442,251.663684,184.493662,253.902685,8.239523,988.742731,2.149441,164.790455,75.230425,157.625653,78.812826,137.026846,28.927890,26.868009,92.246831,102.994035,75.767785,-82.574348,42.272334,15.225205,67.617823,24.718568,24.091648,4.119761,223.900075
1.200000,1.020259,60.029558,-11.966738,1.005552,60.064478,-9.635105,0.978023,60.099591,-12.065899,0.937925,60.117235,-11.447626,0.933832,60.114963,-9.364080,0.934315,60.115973,-8.424789,0.927833,60.112088,-10.941577,0.928878,60.108932,-11.582483,0.989788,60.046861,-12.699028,0.938846,60.119057,-5.571797,0.936075,60.118088,-6.556913,0.924025,60.119074,-6.700550,0.938398,60.119829,-6.733425,0.942502,60.122386,-9.467154,0.957948,60.137772,-11.923153,0.978565,60.139320,-11.369092,0.981063,60.123841,-11.844512,0.978719,60.115834,-12.354882,0.996899,60.080673,-6.374445,0.941483,60.071064,-7.223678,0.981164,60.167562,-10.176011,0.998763,60.187514,-6.989986,0.993641,60.208461,-7.882720,0.984872,60.152767,-11.703212,1.011081,60.060621,-8.119902,1.000418,60.093803,-9.408161,0.985889,60.110550,-11.667790,0.996743,60.090028,-5.538514,0.996179,60.085135,-2.671137,1.015254,60.038630,-7.857816,0.899319,60.132551,2.941875,0.894623,60.121766,5.702312,0.946891,60.044901,-1.444706,0.961938,60.037753,-1.899090,0.997754,60.175633,-2.270658,1.004408,60.291537,-4.053691,0.978595,60.028974,-1.252306,0.973590,60.072930,4.625474,1.012590,60.007001,-13.303710,0.999778,1.003622,1.003182,0.999435,0.999358,0.999763,1.000773,0.999406,-59.749697,0.000000,3.748602,-6.401000,-13.421101,-2.932684,6.792123,-57.121777,288.383297,447.800150,209.391350,467.503357,6.717002,286.592096,294.652499,141.504847,562.436988,245.394482,221.661074,276.382252,200.614467,124.488442,251.663684,184.493662,253.902685,8.239523,988.742731,2.149441,164.790455,75.230425,157.625653,78.812826,137.026846,28.927890,26.868009,92.246831,102.994034,75.767785,-82.574348,42.272334,15.225205,67.617823,24.718568,24.091648,4.119761,223.900075
1.220000,1.022981,60.022195,-12.067725,1.010517,60.049252,-9.521839,0.983750,60.074062,-11.748853,0.942839,60.087623,-11.022169,0.937841,60.087561,-8.943723,0.938215,60.088975,-7.995022,0.931624,60.084427,-10.543322,0.932604,60.081657,-11.205245,0.992125,60.034841,-12.697049,0.943033,60.092948,-5.115203,0.940176,60.091638,-6.109059,0.928435,60.092232,-6.247566,0.942887,60.092730,-6.276316,0.947722,60.092690,-9.004815,0.965237,60.101909,-11.380836,0.986598,60.103467,-10.815946,0.988346,60.091830,-11.384276,0.985424,60.085686,-11.943260,1.005183,60.062376,-6.160581,0.949865,60.053275,-7.076595,0.990085,60.125488,-9.449207,1.008639,60.144098,-6.125469,1.004191,60.159612,-6.893497,0.993174,60.113203,-11.071060,1.016602,60.046071,-8.031419,1.007051,60.070940,-9.120330,0.992934,60.082121,-11.286114,1.003156,60.070327,-5.262491,1.002420,60.067903,-2.418421,1.019104,60.032408,-7.887579,0.901961,60.109714,3.513406,0.897566,60.101861,6.210355,0.953758,60.039126,-1.429605,0.970540,60.028545,-1.950846,1.007421,60.139532,-1.455984,1.018789,60.230212,-2.525334,0.984174,60.022476,-1.353717,0.979193,60.061418,4.817874,1.014173,60.004970,-13.541898,0.999789,1.003056,1.002650,0.999556,0.999317,0.999725,1.000687,0.999545,-61.287319,0.000000,3.565512,-8.064447,-15.152443,-4.488446,5.663889,-58.793214,288.383297,447.800150,209.391350,467.503357,6.717002,286.592096,294.652499,141.504847,562.436988,245.394482,221.661074,276.382253,200.614467,124.488442,251.663684,184.493662,253.902685,8.239523,988.742731,2.149441,164.790455,75.230425,157.625653,78.812826,137.026846,28.927890,26.868009,92.246831,102.994034,75.767785,-82.574348,42.272334,15.225205,67.617823,24.718568,24.091648,4.119761,223.900075
1.240000,1.024510,60.016969,-12.156075,1.013322,60.038767,-9.440232,0.986588,60.056742,-11.520748,0.944834,60.066443,-10.713829,0.939205,60.066751,-8.633366,0.939490,60.068098,-7.674574,0.932870,60.063725,-10.255217,0.933838,60.061405,-10.935099,0.993071,60.025786,-12.711898,0.944471,60.072056,-4.765807,0.941562,60.070740,-5.769271,0.929981,60.071219,-5.904140,0.944513,60.071670,-5.929600,0.949817,60.071093,-8.661685,0.968529,60.078170,-10.982601,0.990337,60.080164,-10.404683,0.991875,60.070843,-11.045810,0.988695,60.065770,-11.643925,1.009889,60.050979,-5.989138,0.955101,60.042434,-6.968280,0.993820,60.098101,-8.898589,1.012491,60.115113,-5.447896,1.008370,60.127311,-6.119963,0.996902,60.087636,-10.600461,1.019820,60.036222,-7.969775,1.010732,60.055583,-8.905528,0.996612,60.063436,-11.006703,1.006971,60.056524,-5.044413,1.006224,60.055425,-2.211328,1.021548,60.027780,-7.899735,0.902425,60.087539,3.979847,0.898369,60.081477,6.628709,0.957779,60.036353,-1.384890,0.976472,60.023095,-1.995012,1.010904,60.114179,-0.793463,1.024668,60.188682,-1.286083,0.987817,60.018144,-1.435987,0.982817,60.052077,4.993536,1.015123,60.003275,-13.737548,0.999805,1.002453,1.002096,0.999718,0.999309,0.999718,1.000594,0.999707,-62.566134,0.000000,3.400367,-9.413482,-16.641498,-5.800912,4.749762,-60.146674,288.383297,447.800150,209.391350,467.503357,6.717002,286.592096,294.652499,141.504847,562.436988,245.394482,221.661074,276.382253,200.614467,124.488442,251.663684,184.493662,253.902685,8.239523,988.742731,2.149441,164.790455,75.230425,157.625653,78.812826,137.026846,28.927890,26.868009,92.246831,102.994034,75.767785,-82.574348,42.272334,15.225205,67.617823,24.718568,24.091648,4.119761,223.900075
1.260000,1.025371,60.013535,-12.220828,1.014967,60.031826,-9.364633,0.987958,60.044840,-11.338838,0.945457,60.050695,-10.479371,0.939379,60.050239,-8.399632,0.939595,60.051215,-7.432671,0.932978,60.047581,-10.041732,0.933956,60.045769,-10.736062,0.993345,60.018957,-12.728635,0.944683,60.054562,-4.497887,0.941737,60.053457,-5.509976,0.930241,60.053984,-5.641255,0.944843,60.054509,-5.663184,0.950446,60.054643,-8.396768,0.969826,60.061811,-10.667269,0.991892,60.064445,-10.072197,0.993481,60.056698,-10.773047,0.990211,60.052323,-11.404401,1.012641,60.043720,-5.827227,0.958535,60.035918,-6.864647,0.994960,60.079400,-8.450832,1.013357,60.094593,-4.885743,1.009379,60.104555,-5.480488,0.998316,60.070432,-10.221182,1.021779,60.029770,-7.910209,1.012839,60.045131,-8.725193,0.998529,60.050918,-10.779666,1.009367,60.046602,-4.854453,1.008682,60.046109,-2.026231,1.023198,60.025198,-7.883031,0.901947,60.065685,4.341016,0.898269,60.060896,6.952168,0.960226,60.035011,-1.300448,0.980757,60.020146,-2.013790,1.011358,60.095306,-0.229811,1.026296,60.158027,-0.240788,0.990308,60.015543,-1.488508,0.985315,60.044241,5.161937,1.015681,60.002136,-13.890000,0.999825,1.001825,1.001527,0.999907,0.999330,0.999739,1.000494,0.999885,-63.571052,0.000000,3.258238,-10.420348,-17.861489,-6.844050,4.059956,-61.160276,288.383297,447.800150,209.391350,467.503357,6.717002,286.592096,294.652499,141.504847,562.436988,245.394482,221.661074,276.382253,200.614467,124.488442,251.663684,184.493662,253.902685,8.239523,988.742731,2.149441,164.790455,75.230425,157.625653,78.812826,137.026846,28.927890,26.868009,92.246831,102.994034,75.767785,-82.574348,42.272334,15.225205,67.617823,24.718568,24.091648,4.119761,223.900075
1.280000,1.025908,60.011532,-12.253204,1.016092,60.027516,-9.276253,0.988751,60.036685,-11.174548,0.945690,60.038680,-10.290291,0.939306,60.036754,-8.220145,0.939473,60.037165,-7.248610,0.932860,60.034635,-9.879032,0.933846,60.033372,-10.583957,0.993416,60.013833,-12.736142,0.944650,60.039512,-4.294058,0.941672,60.038759,-5.312581,0.930227,60.039435,-5.439442,0.944880,60.040108,-5.456955,0.950656,60.041726,-8.183234,0.970351,60.050313,-10.396315,0.992538,60.053706,-9.778915,0.994286,60.047109,-10.530181,0.991010,60.043225,-11.190740,1.014462,60.039336,-5.653643,0.961037,60.032429,-6.743282,0.995032,60.066324,-8.060672,1.012993,60.079586,-4.394850,1.009058,60.087916,-4.925470,0.998767,60.058662,-9.889628,1.023146,60.025813,-7.834973,1.014239,60.038051,-8.553794,0.999684,60.042547,-10.572749,1.011104,60.039367,-4.672839,1.010507,60.039007,-1.847357,1.024453,60.024433,-7.826068,0.901372,60.044267,4.597165,0.898082,60.040460,7.178386,0.961925,60.034797,-1.170021,0.984095,60.019127,-1.994398,1.010592,60.080847,0.269138,1.026051,60.134193,0.666536,0.992176,60.014357,-1.502755,0.987261,60.037523,5.329590,1.016018,60.001575,-13.997566,0.999848,1.001181,1.000949,1.000111,0.999378,0.999783,1.000388,1.000073,-64.291517,0.000000,3.143334,-11.066787,-18.791257,-7.597879,3.600949,-61.819316,288.383297,447.800150,209.391350,467.503357,6.717002,286.592096,294.652499,141.504847,562.436988,245.394482,221.661074,276.382253,200.614467,124.488442,251.663684,184.493662,253.902685,8.239523,988.742731,2.149441,164.790455,75.230425,157.625653,78.812826,137.026846,28.927890,26.868009,92.246831,102.994034,75.767785,-82.574348,42.272334,15.225205,67.617823,24.718568,24.091648,4.119761,223.900075
1.300000,1.026347,60.010624,-12.246657,1.017105,60.025121,-9.161686,0.989523,60.031156,-11.008388,0.946154,60.029306,-10.127084,0.939587,60.025480,-8.079175,0.939727,60.025207,-7.107710,0.933098,60.024006,-9.750459,0.934079,60.023313,-10.461923,0.993590,60.010006,-12.726260,0.944994,60.026313,-4.141746,0.941986,60.025999,-5.163749,0.930583,60.026886,-5.284820,0.945259,60.027752,-5.296640,0.951101,60.031328,-8.002655,0.970847,60.042136,-10.144260,0.993039,60.046363,-9.498711,0.994973,60.040646,-10.293391,0.991727,60.037126,-10.980222,1.015990,60.037022,-5.453683,0.963159,60.031129,-6.588543,0.994932,60.057066,-7.698430,1.012411,60.068375,-3.945920,1.008465,60.075438,-4.422429,0.999063,60.050570,-9.577237,1.024350,60.023670,-7.731483,1.015480,60.033328,-8.374043,1.000694,60.037030,-10.364419,1.012676,60.034023,-4.486192,1.012166,60.033484,-1.663970,1.025575,60.025078,-7.719787,0.901264,60.023462,4.750003,0.898336,60.020451,7.307482,0.963392,60.035511,-0.988596,0.986952,60.019636,-1.927012,1.009642,60.069571,0.727107,1.025264,60.115019,1.472388,0.993773,60.014290,-1.472100,0.989039,60.031648,5.501042,1.016255,60.001529,-14.058566,0.999873,1.000529,1.000371,1.000321,0.999448,0.999845,1.000278,1.000266,-64.721235,0.000000,3.058959,-11.342978,-19.415018,-8.048213,3.375665,-62.115564,288.383297,447.800150,209.391350,467.503357,6.717002,286.592096,294.652499,141.504847,562.436988,245.394482,221.661074,276.382253,200.614467,124.488442,251.663684,184.493662,253.902685,8.239523,988.742731,2.149441,164.790455,75.230425,157.625653,78.812826,137.026846,28.927890,26.868009,92.246831,102.994034,75.767785,-82.574348,42.272334,15.225205,67.617823,24.718568,24.091648,4.119761,223.900075
1.320000,1.026833,60.010513,-12.196733,1.018261,60.024056,-9.011908,0.990613,60.027426,-10.827367,0.947225,60.021783,-9.976486,0.940589,60.015824,-7.965638,0.940727,60.014804,-6.999478,0.934052,60.015049,-9.644408,0.935005,60.014931,-10.358274,0.994060,60.007130,-12.693309,0.946097,60.014539,-4.031677,0.943056,60.014711,-5.053768,0.931701,60.015845,-5.167357,0.946367,60.016928,-5.171975,0.952176,60.022723,-7.842353,0.971755,60.036218,-9.894237,0.993849,60.041326,-9.214310,0.995953,60.036304,-10.046937,0.992748,60.033062,-10.757825,1.017610,60.036153,-5.217393,0.965249,60.031369,-6.389737,0.995179,60.050412,-7.344388,1.012191,60.059813,-3.519076,1.008204,60.065845,-3.949484,0.999675,60.044967,-9.265172,1.025662,60.022789,-7.591293,1.016904,60.030216,-8.174513,1.001936,60.033445,-10.140504,1.014402,60.029982,-4.285705,1.013962,60.029061,-1.468996,1.026732,60.026702,-7.558054,0.901979,60.003438,4.802638,0.899362,60.001091,7.341489,0.964942,60.036902,-0.752659,0.989634,60.021305,-1.804372,1.009090,60.060610,1.160895,1.024677,60.099175,2.201940,0.995333,60.015053,-1.391864,0.990908,60.026394,5.679270,1.016473,60.001900,-14.071793,0.999900,0.999878,0.999798,1.000530,0.999539,0.999923,1.000164,1.000458,-64.857930,0.000000,3.007518,-11.246658,-19.722152,-8.186416,3.383660,-62.046772,288.383297,447.800150,209.391350,467.503357,6.717002,286.592096,294.652499,141.504847,562.436988,245.394482,221.661074,276.382253,200.614467,124.488442,251.663684,184.493662,253.902685,8.239523,988.742731,2.149441,164.790455,75.230425,157.625653,78.812826,137.026846,28.927890,26.868009,92.246831,102.994034,75.767785,-82.574348,42.272334,15.225205,67.617823,24.718568,24.091648,4.119761,223.900075
1.340000,1.027457,60.010933,-12.100904,1.019711,60.023829,-8.821597,0.992213,60.024842,-10.623539,0.949109,60.015496,-9.830011,0.942513,60.007319,-7.872038,0.942675,60.005535,-6.916661,0.935914,60.007254,-9.553190,0.936813,60.007701,-10.265355,0.994936,60.004911,-12.633781,0.948166,60.003860,-3.957113,0.945089,60.004533,-4.975710,0.933793,60.005927,-5.079969,0.948411,60.007238,-5.075766,0.954099,60.015351,-7.694005,0.973318,60.031758,-9.635692,0.995218,60.037771,-8.914923,0.997453,60.033315,-9.781100,0.994286,60.030291,-10.514322,1.019545,60.036201,-4.938783,0.967512,60.032603,-6.140273,0.996053,60.045466,-6.985957,1.012639,60.053057,-3.101165,1.008595,60.058220,-3.492130,1.000865,60.040970,-8.941614,1.027244,60.022702,-7.409456,1.018711,60.028126,-7.948318,1.003627,60.031081,-9.892379,1.016472,60.026778,-4.066137,1.016082,60.025357,-1.258261,1.028030,60.028900,-7.337652,0.903716,59.984350,4.759402,0.901341,59.982567,7.283945,0.966753,60.038681,-0.460620,0.992331,60.023777,-1.621732,1.009241,60.053295,1.582082,1.024686,60.085750,2.872904,0.997004,60.016358,-1.259361,0.993030,60.021572,5.865887,1.016727,60.002584,-14.036705,0.999928,0.999236,0.999237,1.000729,0.999645,1.000011,1.000047,1.000645,-64.703145,0.000000,2.990555,-10.782435,-19.707056,-8.009190,3.621305,-61.616320,288.383297,447.800150,209.391350,467.503357,6.717002,286.592096,294.652499,141.504847,562.436988,245.394482,221.661074,276.382253,200.614467,124.488442,251.663684,184.493662,253.902685,8.239523,988.742731,2.149441,164.790455,75.230425,157.625653,78.812826,137.026846,28.927890,26.868009,92.246831,102.994034,75.767785,-82.574348,42.272334,15.225205,67.617823,24.718568,24.091648,4.119761,223.900075
1.360000,1.028265,60.011652,-11.958374,1.021529,60.024025,-8.588594,0.994406,60.022879,-10.393044,0.951887,60.009959,-9.682974,0.945432,59.999597,-7.793757,0.945643,59.997069,-6.854594,0.938757,60.000219,-9.472265,0.939574,60.001208,-10.178756,0.996265,60.003098,-12.546062,0.951275,59.994019,-3.913329,0.948157,59.995180,-4.924871,0.936938,59.996833,-5.017924,0.951470,59.998370,-5.003264,0.956951,60.008772,-7.552739,0.975639,60.028132,-9.362987,0.997257,60.035056,-8.594820,0.999578,60.031075,-9.490899,0.996439,60.028228,-10.245080,1.021903,60.036709,-4.615309,0.970057,60.034357,-5.837126,0.997676,60.041539,-6.615998,1.013889,60.047457,-2.684165,1.009782,60.051871,-3.041385,1.002746,60.037894,-8.600141,1.029179,60.023013,-7.184039,1.021001,60.026583,-7.692257,1.005870,60.029374,-9.615823,1.018989,60.024037,-3.825154,1.018624,60.022061,-1.029991,1.029521,60.031307,-7.058078,0.906545,59.966350,4.625756,0.904340,59.965041,7.139640,0.968915,60.040553,-0.112977,0.995155,60.026712,-1.376813,1.010221,60.047091,1.998077,1.025468,60.074085,3.497660,0.998870,60.017937,-1.073875,0.995497,60.017021,6.061298,1.017050,60.003478,-13.953482,0.999958,0.998612,0.998695,1.000914,0.999765,1.000106,0.999929,1.000824,-64.262096,0.000000,3.008796,-9.961250,-19.369061,-7.518426,4.081922,-60.832955,288.383297,447.800150,209.391350,467.503357,6.717002,286.592096,294.652499,141.504847,562.436988,245.394482,221.661074,276.382253,200.614467,124.488442,251.663684,184.493662,253.902685,8.239523,988.742731,2.149441,164.790455,75.230425,157.625653,78.812826,137.026846,28.927890,26.868009,92.246831,102.994035,75.767785,-82.574348,42.272334,15.225205,67.617823,24.718568,24.091648,4.119761,223.900075
1.380000,1.029274,60.012473,-11.769870,1.023729,60.024301,-8.313413,0.997199,60.021123,-10.135314,0.955540,60.004800,-9.533688,0.949320,59.992384,-7.728420,0.949603,59.989160,-6.810625,0.942555,59.993640,-9.399558,0.943263,59.995137,-10.096622,0.998048,60.001491,-12.430134,0.955396,59.984829,-3.897152,0.952234,59.986445,-4.898261,0.941108,59.988342,-4.978304,0.955518,59.990092,-4.951612,0.960714,60.002650,-7.416390,0.978720,60.024859,-9.074331,0.999978,60.032682,-8.252250,1.002340,60.029112,-9.175115,0.999216,60.026411,-9.949125,1.024711,60.037296,-4.247390,0.972920,60.036233,-5.480357,1.000062,60.038104,-6.231605,1.015953,60.042514,-2.264047,1.011782,60.046271,-2.592491,1.005331,60.035213,-8.238543,1.031490,60.023392,-6.915674,1.023799,60.025208,-7.406128,1.008685,60.027881,-9.310138,1.021986,60.021458,-3.562791,1.021625,60.018923,-0.784379,1.031223,60.033610,-6.721243,0.910440,59.949590,4.408237,0.908336,59.948667,6.914486,0.971449,60.042245,0.287717,0.998155,60.029796,-1.069688,1.012034,60.041573,2.412938,1.027067,60.063697,4.084642,1.000967,60.019543,-0.836531,0.998346,60.012611,6.264879,1.017460,60.004487,-13.823017,0.999988,0.998013,0.998177,1.001078,0.999895,1.000205,0.999811,1.000989,-63.543586,0.000000,3.062198,-8.799960,-18.712417,-6.721112,4.755868,-59.710599,288.383297,447.800150,209.391350,467.503357,6.717002,286.592096,294.652499,141.504847,562.436988,245.394482,221.661074,276.382253,200.614467,124.488442,251.663684,184.493662,253.902685,8.239523,988.742731,2.149441,164.790455,75.230425,157.625653,78.812826,137.026846,28.927890,26.868009,92.246831,102.994035,75.767785,-82.574348,42.272334,15.225205,67.617823,24.718568,24.091648,4.119761,223.900075
1.400000,1.030477,60.013238,-11.537411,1.026284,60.024391,-7.998735,1.000536,60.019266,-9.852322,0.959979,59.999761,-9.382675,0.954076,59.985497,-7.675257,0.954452,59.981651,-6.783518,0.947209,59.987315,-9.334776,0.947785,59.989275,-10.018952,1.000245,59.999940,-12.287237,0.960424,59.976175,-3.906470,0.957214,59.978197,-4.894082,0.946193,59.980312,-4.959468,0.960452,59.982256,-4.919292,0.965295,59.996755,-7.284777,0.982489,60.021591,-8.770840,1.003323,60.030278,-7.888517,1.005685,60.027074,-8.835422,1.002563,60.024499,-9.628301,1.027938,60.037654,-3.837906,0.976084,60.037901,-5.072638,1.003144,60.034770,-5.833089,1.018763,60.037863,-1.839817,1.014532,60.041038,-2.143867,1.008561,60.032540,-7.857816,1.034156,60.023579,-6.607101,1.027075,60.023712,-7.092090,1.012030,60.026270,-8.977364,1.025444,60.018817,-3.280952,1.025068,60.015757,-0.523178,1.033126,60.035550,-6.331114,0.915291,59.934222,4.114444,0.913232,59.933595,6.615433,0.974329,60.043521,0.737058,1.001334,60.032752,-0.702569,1.014607,60.036426,2.828109,1.029429,60.054237,4.639385,1.003295,60.020970,-0.550106,1.001572,60.008245,6.475167,1.017960,60.005534,-13.646858,1.000019,0.997447,0.997689,1.001218,1.000032,1.000303,0.999693,1.001139,-62.559950,0.000000,3.150013,-7.320997,-17.746329,-5.629287,5.630600,-58.268213,288.383297,447.800150,209.391350,467.503357,6.717002,286.592096,294.652499,141.504847,562.436988,245.394482,221.661074,276.382253,200.614467,124.488442,251.663684,184.493662,253.902685,8.239523,988.742731,2.149441,164.790455,75.230425,157.625653,78.812826,137.026846,28.927890,26.868009,92.246831,102.994035,75.767785,-82.574348,42.272334,15.225205,67.617823,24.718568,24.091648,4.119761,223.900075
1.420000,1.031850,60.013829,-11.264048,1.029138,60.024103,-7.648897,1.004321,60.017105,-9.547859,0.965061,59.994695,-9.231890,0.959543,59.978848,-7.634462,0.960030,59.974470,-6.772858,0.952565,59.981141,-9.278699,0.952992,59.983513,-9.946880,1.002792,59.998354,-12.119503,0.966197,59.968015,-3.939745,0.962935,59.970385,-4.911194,0.952031,59.972684,-4.960503,0.966112,59.974794,-4.905566,0.970545,59.990960,-7.158988,0.986824,60.018103,-8.455650,1.007183,60.027597,-7.507105,1.009514,60.024726,-8.475569,1.006381,60.022267,-9.286461,1.031510,60.037554,-3.391672,0.979497,60.039105,-4.618749,1.006806,60.031278,-5.423050,1.022196,60.033253,-1.412658,1.017912,60.035913,-1.696198,1.012325,60.029613,-7.461241,1.037124,60.023385,-6.262685,1.030757,60.021898,-6.754042,1.015820,60.024314,-8.621517,1.029303,60.015958,-2.982916,1.028902,60.012436,-0.249294,1.035199,60.036928,-5.893328,0.920932,59.920401,3.753004,0.918881,59.919970,6.250418,0.977495,60.044190,1.229070,1.004662,60.035346,-0.279553,1.017810,60.031428,3.243115,1.032443,60.045467,5.165352,1.005826,60.022046,-0.218778,1.005137,60.003860,6.690085,1.018545,60.006553,-13.427131,1.000051,0.996922,0.997239,1.001329,1.000170,1.000397,0.999577,1.001268,-61.327015,0.000000,3.270844,-5.552062,-16.484991,-4.259983,6.690719,-56.529658,288.383297,447.800150,209.391350,467.503357,6.717002,286.592096,294.652499,141.504847,562.436988,245.394482,221.661074,276.382253,200.614467,124.488442,251.663684,184.493662,253.902685,8.239523,988.742731,2.149441,164.790455,75.230425,157.625653,78.812826,137.026846,28.927890,26.868009,92.246831,102.994035,75.767785,-82.574348,42.272334,15.225205,67.617823,24.718568,24.091648,4.119761,223.900075
1.440000,1.033358,60.014165,-10.953608,1.032210,60.023318,-7.269385,1.008432,60.014535,-9.226826,0.970611,59.989554,-9.083982,0.965532,59.972434,-7.606565,0.966141,59.967627,-6.778473,0.958438,59.975111,-9.232513,0.958702,59.977836,-9.881993,1.005605,59.996694,-11.929581,0.972515,59.960372,-3.995541,0.969199,59.963025,-4.948614,0.958417,59.965468,-4.980696,0.972303,59.967712,-4.909943,0.976283,59.985227,-7.040713,0.991568,60.014283,-8.133097,1.011420,60.024501,-7.112883,1.013698,60.021939,-8.100614,1.010544,60.019590,-8.928717,1.035326,60.036840,-2.914919,0.983081,60.039661,-4.125086,1.010898,60.027479,-5.005549,1.026098,60.028539,-0.985168,1.021767,60.030742,-1.251641,1.016483,60.026288,-7.053545,1.040319,60.022689,-5.887941,1.034749,60.019650,-6.397031,1.019943,60.021887,-8.247889,1.033480,60.012797,-2.672859,1.033047,60.008889,0.033623,1.037396,60.037605,-5.414777,0.927159,59.908275,3.333531,0.925100,59.907935,5.828315,0.980864,60.044110,1.756528,1.008087,60.037388,0.193686,1.021487,60.026447,3.656200,1.035961,60.037238,5.664608,1.008515,60.022646,0.152151,1.008981,59.999428,6.907161,1.019202,60.007499,-13.166440,1.000082,0.996446,0.996832,1.001407,1.000307,1.000484,0.999465,1.001375,-59.864041,0.000000,3.422725,-3.525786,-14.947603,-2.635141,7.918044,-54.523524,288.383297,447.800150,209.391350,467.503357,6.717002,286.592096,294.652499,141.504847,562.436988,245.394482,221.661074,276.382253,200.614467,124.488442,251.663684,184.493662,253.902685,8.239523,988.742731,2.149441,164.790455,75.230425,157.625653,78.812826,137.026846,28.927890,26.868009,92.246831,102.994035,75.767785,-82.574348,42.272334,15.225205,67.617823,24.718568,24.091648,4.119761,223.900075
1.460000,1.034957,60.014206,-10.610430,1.035413,60.021982,-6.866357,1.012732,60.011533,-8.894616,0.976437,59.984380,-8.941648,0.971836,59.966323,-7.591908,0.972576,59.961193,-6.799941,0.964624,59.969291,-9.197222,0.964718,59.972309,-9.825730,1.008590,59.994967,-11.720295,0.979164,59.953322,-4.072119,0.975792,59.956192,-5.005076,0.965135,59.958736,-5.019089,0.978814,59.961077,-4.931720,0.982309,59.979599,-6.931654,0.996553,60.010113,-7.808005,1.015881,60.020942,-6.711400,1.018095,60.018673,-7.716249,1.014911,60.016436,-8.560767,1.039272,60.035421,-2.414814,0.986744,60.039451,-3.599182,1.015258,60.023319,-4.585387,1.030298,60.023661,-0.560712,1.025931,60.025463,-0.813154,1.020880,60.022515,-6.640169,1.043654,60.021433,-5.489080,1.038939,60.016926,-6.026710,1.024271,60.018946,-7.862415,1.037878,60.009305,-2.355418,1.037413,60.005099,0.321536,1.039665,60.037497,-4.903217,0.933749,59.897976,2.866532,0.931687,59.897621,5.358864,0.984341,60.043184,2.311280,1.011542,60.038735,0.710197,1.025466,60.021423,4.064874,1.039816,60.029469,6.138346,1.011303,60.022683,0.556535,1.013029,59.994950,7.123741,1.019914,60.008339,-12.867771,1.000114,0.996026,0.996475,1.001450,1.000438,1.000559,0.999358,1.001456,-58.193599,0.000000,3.603205,-1.279328,-13.158295,-0.781433,9.291736,-52.282886,288.383297,447.800150,209.391350,467.503357,6.717002,286.592096,294.652499,141.504847,562.436988,245.394482,221.661074,276.382253,200.614467,124.488442,251.663684,184.493662,253.902685,8.239523,988.742731,2.149441,164.790455,75.230425,157.625653,78.812826,137.026846,28.927890,26.868009,92.246831,102.994035,75.767785,-82.574348,42.272334,15.225205,67.617823,24.718568,24.091648,4.119761,223.900075
1.480000,1.036605,60.013939,-10.239142,1.038656,60.020094,-6.446242,1.017084,60.008144,-8.556597,0.982351,59.979274,-8.807128,0.978249,59.960632,-7.590235,0.979124,59.955288,-6.836226,0.970922,59.963806,-9.173204,0.970845,59.967053,-9.778918,1.011651,59.993222,-11.494357,0.985930,59.946978,-4.167146,0.982501,59.950002,-5.078712,0.971966,59.952599,-5.074143,0.985433,59.954997,-4.969637,0.988427,59.974172,-6.833077,1.001609,60.005648,-7.485110,1.020413,60.016949,-6.308321,1.022561,60.014958,-7.328250,1.019342,60.012841,-8.188344,1.043230,60.033263,-1.899044,0.990390,60.038412,-3.049300,1.019723,60.018818,-4.167535,1.034629,60.018624,-0.142904,1.030233,60.020077,-0.383970,1.025360,60.018320,-6.226683,1.047040,60.019609,-5.072624,1.043213,60.013743,-5.648888,1.028677,60.015517,-7.471140,1.042392,60.005506,-2.035322,1.041902,60.001088,0.610344,1.041952,60.036570,-4.366909,0.940480,59.889618,2.363263,0.938441,59.889148,4.852578,0.987830,60.041358,2.884542,1.014955,60.039281,1.262050,1.029579,60.016350,4.466347,1.043843,60.022123,6.587264,1.014129,60.022106,0.987645,1.017204,59.990452,7.337174,1.020661,60.009059,-12.534384,1.000144,0.995668,0.996173,1.001456,1.000559,1.000619,0.999256,1.001509,-56.341375,0.000000,3.809449,1.146151,-11.145946,1.270027,10.788496,-49.844938,288.383297,447.800150,209.391350,467.503357,6.717002,286.592096,294.652499,141.504847,562.436988,245.394482,221.661074,276.382253,200.614467,124.488442,251.663684,184.493662,253.902685,8.239523,988.742731,2.149441,164.790455,75.230425,157.625653,78.812826,137.026846,28.927890,26.868009,92.246831,102.994035,75.767785,-82.574348,42.272334,15.225205,67.617823,24.718568,24.091648,4.119761,223.900075
1.500000,1.038258,60.013378,-9.844466,1.041855,60.017694,-6.015411,1.021364,60.004457,-8.217731,0.988175,59.974378,-8.681864,0.984581,59.955504,-7.600438,0.985590,59.950052,-6.885448,0.977144,59.958809,-9.159927,0.976900,59.962222,-9.741478,1.014698,59.991527,-11.254154,0.992613,59.941469,-4.277520,0.989129,59.944586,-5.166862,0.978709,59.947190,-5.143537,0.991967,59.949603,-5.021670,0.994455,59.969078,-6.745507,1.006580,60.000990,-7.168651,1.024875,60.012599,-5.909006,1.026963,60.010875,-6.942064,1.023704,60.008891,-7.816811,1.047092,60.030372,-1.375474,0.993930,60.036524,-2.484072,1.024142,60.014046,-3.756711,1.038936,60.013477,0.264755,1.034521,60.014629,0.032767,1.029780,60.013782,-5.818352,1.050390,60.017249,-4.645090,1.047464,60.010161,-5.269171,1.033038,60.011673,-7.079828,1.046925,60.001456,-1.717100,1.046420,59.996908,0.896127,1.044204,60.034828,-3.814308,0.947146,59.883282,1.835530,0.945169,59.882611,4.320599,0.991236,60.038610,3.467156,1.018257,60.038958,1.840604,1.033675,60.011260,4.857843,1.047890,60.015192,7.011811,1.016932,60.020895,1.438401,1.021426,59.985979,7.544955,1.021424,60.009655,-12.169727,1.000174,0.995378,0.995931,1.001424,1.000667,1.000662,0.999161,1.001531,-54.335860,0.000000,4.038351,3.706142,-8.943849,3.484121,12.382860,-47.250499,288.383297,447.800150,209.391350,467.503357,6.717002,286.592096,294.652499,141.504847,562.436988,245.394482,221.661074,276.382253,200.614467,124.488442,251.663684,184.493662,253.902685,8.239523,988.742731,2.149441,164.790455,75.230425,157.625653,78.812826,137.026846,28.927890,26.868009,92.246831,102.994035,75.767785,-82.574348,42.272334,15.225205,67.617823,24.718568,24.091648,4.119761,223.900075
1.520000,1.039879,60.012554,-9.431063,1.044936,60.014845,-5.579951,1.025463,60.000586,-7.882336,0.993761,59.969846,-8.566332,0.990669,59.951087,-7.620471,0.991808,59.945628,-6.944820,0.983130,59.954460,-9.155829,0.982727,59.957979,-9.712293,1.017651,59.989966,-11.001629,0.999044,59.936921,-4.399331,0.995504,59.940077,-5.266025,0.985192,59.942641,-5.224106,0.998248,59.945027,-5.084961,1.000237,59.964457,-6.668592,1.011334,59.996268,-6.862119,1.029147,60.007997,-5.518238,1.031189,60.006532,-6.562538,1.027889,60.004700,-7.450898,1.050763,60.026786,-0.851902,0.997285,60.033804,-1.912227,1.028390,60.009100,-3.357118,1.043090,60.008292,0.659112,1.038663,60.009188,0.434239,1.034020,60.009007,-5.419857,1.053632,60.014412,-4.212760,1.051597,60.006269,-4.892726,1.037254,60.007517,-6.693686,1.051387,59.997237,-1.404877,1.050883,59.992634,1.175319,1.046376,60.032301,-3.253835,0.953570,59.879012,1.295434,0.951704,59.878078,3.774513,0.994479,60.034943,4.049811,1.021386,60.037728,2.436735,1.037626,60.006205,5.236786,1.051825,60.008681,7.412312,1.019657,60.019052,1.901559,1.025624,59.981587,7.744830,1.022184,60.010131,-11.777352,1.000203,0.995160,0.995755,1.001353,1.000757,1.000685,0.999074,1.001522,-52.207935,0.000000,4.286651,6.353602,-6.589221,5.822323,14.047597,-44.543375,288.383297,447.800150,209.391350,467.503357,6.717002,286.592096,294.652499,141.504847,562.436988,245.394482,221.661074,276.382253,200.614467,124.488442,251.663684,184.493662,253.902685,8.239523,988.742731,2.149441,164.790455,75.230425,157.625653,78.812826,137.026846,28.927890,26.868009,92.246831,102.994035,75.767785,-82.574348,42.272334,15.225205,67.617823,24.718568,24.091648,4.119761,223.900075
1.540000,1.041392,60.005408,-9.011718,1.047720,59.998817,-5.162932,1.029128,59.976987,-7.580641,0.998817,59.946797,-8.485781,0.996226,59.931809,-7.668650,0.997489,59.926878,-7.031376,0.988604,59.935936,-9.178601,0.988058,59.939787,-9.709088,1.020382,59.981685,-10.747619,1.004915,59.917290,-4.549849,1.001327,59.920683,-5.393489,0.991102,59.922322,-5.334612,1.003967,59.923829,-5.179679,1.005463,59.939384,-6.629649,1.015531,59.959776,-6.611380,1.032878,59.967422,-5.188807,1.034924,59.972834,-6.233464,1.031604,59.974672,-7.129468,1.053949,60.000342,-0.366143,1.000201,60.011628,-1.367775,1.032055,59.952678,-3.042299,1.046585,59.936998,0.947201,1.042132,59.944149,0.736404,1.037710,59.964400,-5.089172,1.056566,59.998559,-3.798671,1.055337,59.983687,-4.549200,1.041022,59.979487,-6.349343,1.055508,59.978628,-1.121665,1.055029,59.975751,1.427716,1.048356,60.021807,-2.703613,0.959486,59.867583,0.742515,0.957764,59.865398,3.212253,0.997323,60.015223,4.602477,1.024137,60.023054,3.023945,1.040836,59.910332,5.476970,1.054923,59.949087,7.714544,1.022153,60.008607,2.358964,1.029575,59.968608,7.922977,1.022911,60.008839,-11.363124,1.000230,0.995019,0.995647,1.001244,1.000825,1.000686,0.998995,1.001480,-49.990346,0.000000,4.551049,9.039893,-4.122564,8.243429,15.754189,-41.769586,288.383297,447.800150,209.391350,467.503357,6.717002,286.592096,294.652499,141.504847,562.436988,245.394482,221.661074,276.382253,200.614467,124.488442,251.663684,184.493662,253.902685,8.239523,988.742731,2.149441,164.790455,75.230425,157.625653,78.812826,137.026846,28.927890,26.868009,92.246831,102.994035,75.767785,-82.574348,42.272334,15.225205,67.617823,24.718568,24.091648,4.119761,223.900075
1.560000,1.042906,60.009356,-8.586717,1.050462,60.006347,-4.761015,1.032737,59.990608,-7.298843,1.003704,59.960480,-8.421552,1.001551,59.943176,-7.727424,1.002925,59.937976,-7.127624,0.993846,59.946698,-9.210958,0.993164,59.950312,-9.715032,1.023007,59.986700,-10.487161,1.010544,59.929223,-4.710790,1.006908,59.932375,-5.531206,0.996774,59.934649,-5.456588,1.009465,59.936775,-5.287018,1.010536,59.954907,-6.608461,1.019774,59.983911,-6.390772,1.036744,59.994714,-4.894665,1.038726,59.994468,-5.933619,1.035340,59.993383,-6.833692,1.057158,60.014642,0.088027,1.003089,60.023315,-0.847812,1.036037,59.993654,-2.774776,1.050554,59.990683,1.173785,1.046112,59.991870,0.978804,1.041596,59.995085,-4.796798,1.059460,60.005864,-3.399700,1.059066,59.995855,-4.227363,1.044814,59.996234,-6.030209,1.059591,59.986950,-0.858973,1.059131,59.982530,1.660254,1.050295,60.023411,-2.171574,0.965077,59.874955,0.192429,0.963547,59.873461,2.650908,1.000157,60.022022,5.119660,1.026808,60.030067,3.596577,1.044590,59.985828,5.637564,1.058817,59.989566,7.940272,1.024602,60.012086,2.806749,1.033475,59.971934,8.082938,1.023627,60.010339,-10.930237,1.000254,0.994952,0.995606,1.001093,1.000865,1.000660,0.998924,1.001403,-47.716675,0.000000,4.828271,11.714967,-1.587480,10.704250,17.473413,-38.976647,288.383297,447.800150,209.391350,467.503357,6.717002,286.592096,294.652499,141.504847,562.436988,245.394482,221.661074,276.382253,200.614467,124.488442,251.663684,184.493662,253.902685,8.239523,988.742731,2.149441,164.790455,75.230425,157.625653,78.812826,137.026846,28.927890,26.868009,92.246831,102.994034,75.767785,-82.574348,42.272334,15.225205,67.617823,24.718568,24.091648,4.119761,223.900075
1.580000,1.044340,60.008012,-8.147574,1.053029,60.002690,-4.353843,1.036068,59.986943,-7.005226,1.008187,59.957866,-8.340474,1.006437,59.941584,-7.766503,1.007914,59.936625,-7.203097,0.998656,59.945051,-9.224926,0.997849,59.948608,-9.703213,1.025424,59.985972,-10.208651,1.015720,59.928109,-4.848266,1.012036,59.931169,-5.646386,1.001985,59.933285,-5.556081,1.014518,59.935268,-5.371820,1.015190,59.952469,-6.566733,1.023664,59.979892,-6.147000,1.040302,59.990227,-4.575060,1.042244,59.990171,-5.614970,1.038793,59.989284,-6.522000,1.060124,60.009405,0.548035,1.005764,60.018356,-0.324044,1.039700,59.989197,-2.462588,1.054237,59.986482,1.465828,1.049790,59.987419,1.278194,1.045167,59.990511,-4.474907,1.062188,60.002058,-2.996667,1.062614,59.991660,-3.898269,1.048377,59.991901,-5.699011,1.063555,59.982751,-0.594102,1.063132,59.978428,1.893705,1.052120,60.019019,-1.644590,0.970213,59.876709,-0.323273,0.968924,59.874937,2.123144,1.002775,60.015882,5.628915,1.029296,60.025980,4.172987,1.048168,59.982268,5.897762,1.062416,59.984892,8.221972,1.026949,60.008432,3.255393,1.037312,59.968067,8.241082,1.024308,60.010529,-10.477179,1.000276,0.994963,0.995636,1.000907,1.000876,1.000610,0.998862,1.001292,-45.420943,0.000000,5.115074,14.329037,0.970556,13.160592,19.175826,-36.212357,288.383297,447.800150,209.391350,467.503357,6.717002,286.592096,294.652499,141.504847,562.436988,245.394482,221.661074,276.382253,200.614467,124.488442,251.663684,184.493662,253.902685,8.239523,988.742731,2.149441,164.790455,75.230425,157.625653,78.812826,137.026846,28.927890,26.868009,92.246831,102.994035,75.767785,-82.574348,42.272334,15.225205,67.617823,24.718568,24.091648,4.119761,223.900075
1.600000,1.045675,60.006497,-7.704710,1.055363,59.998754,-3.960156,1.039047,59.983379,-6.723460,1.012181,59.955935,-8.261025,1.010797,59.940942,-7.798621,1.012366,59.936290,-7.269572,1.002949,59.944346,-9.232361,1.002032,59.947805,-9.685457,1.027592,59.985560,-9.919777,1.020344,59.928098,-4.974642,1.016616,59.931033,-5.751276,1.006637,59.932953,-5.646601,1.019027,59.934757,-5.448847,1.019336,59.950764,-6.525151,1.027121,59.976107,-5.917078,1.043469,59.985738,-4.273774,1.045396,59.985894,-5.313136,1.041886,59.985239,-6.225521,1.062751,60.003584,0.981741,1.008132,60.012656,0.174754,1.042962,59.984726,-2.168645,1.057519,59.982223,1.741181,1.053069,59.982974,1.559437,1.048347,59.985947,-4.171922,1.064675,59.997949,-2.608291,1.065872,59.987413,-3.585527,1.051613,59.987554,-5.385012,1.067268,59.978627,-0.345011,1.066899,59.974441,2.112267,1.053791,60.013898,-1.138428,0.974803,59.880174,-0.804393,0.973784,59.878235,1.628446,1.005088,60.008843,6.103940,1.031513,60.020907,4.729656,1.051352,59.978512,6.145075,1.065628,59.980333,8.484463,1.029123,60.004195,3.689258,1.040962,59.964416,8.386511,1.024942,60.010613,-10.009018,1.000295,0.995050,0.995734,1.000690,1.000858,1.000535,0.998810,1.001150,-43.137491,0.000000,5.408404,16.834820,3.505947,15.568543,20.832372,-33.523774,288.383297,447.800150,209.391350,467.503357,6.717002,286.592096,294.652499,141.504847,562.436988,245.394482,221.661074,276.382253,200.614467,124.488442,251.663684,184.493662,253.902685,8.239523,988.742731,2.149441,164.790455,75.230425,157.625653,78.812826,137.026846,28.927890,26.868009,92.246831,102.994035,75.767785,-82.574348,42.272334,15.225205,67.617823,24.718568,24.091648,4.119761,223.900075
1.620000,1.046917,60.004873,-7.261803,1.057483,59.994663,-3.584087,1.041705,59.980029,-6.454957,1.015716,59.954755,-8.180640,1.014657,59.941275,-7.819496,1.016307,59.936983,-7.322350,1.006750,59.944614,-9.229020,1.005735,59.947936,-9.657806,1.029519,59.985494,-9.620851,1.024441,59.929195,-5.084625,1.020674,59.931976,-5.840803,1.010757,59.933670,-5.723307,1.023021,59.935263,-5.513497,1.023006,59.949850,-6.480822,1.030185,59.972685,-5.701335,1.046288,59.981400,-3.992698,1.048218,59.981776,-5.029952,1.044651,59.981380,-5.945898,1.065078,59.997345,1.383060,1.010225,60.006359,0.641234,1.045869,59.980417,-1.894727,1.060444,59.978110,1.997977,1.055996,59.978709,1.820937,1.051179,59.981551,-3.889611,1.066938,59.993650,-2.238931,1.068858,59.983231,-3.291643,1.054547,59.983324,-5.090358,1.070735,59.974675,-0.113410,1.070433,59.970659,2.314478,1.055321,60.008219,-0.660251,0.978871,59.885223,-1.241880,0.978134,59.883255,1.176784,1.007129,60.001117,6.536573,1.033481,60.014946,5.257226,1.054187,59.974829,6.377128,1.068506,59.976010,8.726667,1.031134,59.999457,4.101790,1.044418,59.961044,8.518354,1.025528,60.010611,-9.529183,1.000312,0.995211,0.995900,1.000448,1.000809,1.000436,0.998768,1.000979,-40.899929,0.000000,5.705418,19.187826,5.973418,17.885338,22.415038,-30.956435,288.383297,447.800150,209.391350,467.503357,6.717002,286.592096,294.652499,141.504847,562.436988,245.394482,221.661074,276.382253,200.614467,124.488442,251.663684,184.493662,253.902685,8.239523,988.742731,2.149441,164.790455,75.230425,157.625653,78.812826,137.026846,28.927890,26.868009,92.246831,102.994035,75.767785,-82.574348,42.272334,15.225205,67.617823,24.718568,24.091648,4.119761,223.900075
1.640000,1.048081,60.003170,-6.822280,1.059425,59.990481,-3.229237,1.044092,59.976938,-6.200750,1.018849,59.954318,-8.096716,1.018069,59.942542,-7.825060,1.019789,59.938655,-7.357018,1.010107,59.945817,-9.210836,1.009007,59.948971,-9.616441,1.031226,59.985765,-9.312198,1.028065,59.931337,-5.173284,1.024262,59.933940,-5.910226,1.014400,59.935382,-5.781656,1.026554,59.936736,-5.561439,1.026256,59.949711,-6.430890,1.032919,59.969659,-5.499785,1.048817,59.977263,-3.733296,1.050763,59.977868,-4.766817,1.047141,59.977756,-5.684347,1.067158,59.990790,1.746660,1.012088,59.999563,1.068754,1.048481,59.976307,-1.642278,1.063078,59.974158,2.234554,1.058634,59.974637,2.061269,1.053722,59.977368,-3.629335,1.069006,59.989226,-1.892441,1.071605,59.979175,-3.018652,1.057222,59.979270,-4.816716,1.073972,59.970947,0.099398,1.073746,59.967125,2.499231,1.056731,60.002088,-0.216374,0.982467,59.891685,-1.627874,0.982008,59.889842,0.777090,1.008941,59.992850,6.919741,1.035236,60.008174,5.746860,1.056736,59.971219,6.591674,1.071114,59.971893,8.947366,1.033004,59.994285,4.486892,1.047682,59.957978,8.635958,1.026069,60.010527,-9.041055,1.000325,0.995440,0.996129,1.000186,1.000731,1.000316,0.998736,1.000781,-38.740482,0.000000,6.003455,21.347336,8.328927,20.070272,23.897375,-28.553404,288.383297,447.800150,209.391350,467.503357,6.717002,286.592096,294.652499,141.504847,562.436988,245.394482,221.661074,276.382253,200.614467,124.488442,251.663684,184.493662,253.902685,8.239523,988.742731,2.149441,164.790455,75.230425,157.625653,78.812826,137.026846,28.927890,26.868009,92.246831,102.994035,75.767785,-82.574348,42.272334,15.225205,67.617823,24.718568,24.091648,4.119761,223.900075
1.660000,1.049184,60.001412,-6.389392,1.061228,59.986259,-2.898817,1.046268,59.974125,-5.961670,1.021650,59.954588,-8.006848,1.021101,59.944671,-7.811692,1.022882,59.941224,-7.369675,1.013089,59.947887,-9.174156,1.011912,59.950844,-9.557924,1.032742,59.986348,-8.994286,1.031285,59.934435,-5.236275,1.027450,59.936839,-5.955361,1.017639,59.938009,-5.817625,1.029697,59.939100,-5.588829,1.029161,59.950302,-6.372756,1.035398,59.967041,-5.312305,1.051129,59.973361,-3.496753,1.053095,59.974205,-4.524845,1.049419,59.974397,-5.441827,1.069056,59.984018,2.067916,1.013779,59.992369,1.451379,1.050874,59.972419,-1.412548,1.065494,59.970377,2.449324,1.061059,59.970764,2.279060,1.056050,59.973432,-3.392195,1.070919,59.984734,-1.572257,1.074155,59.975287,-2.768246,1.059692,59.975434,-4.565418,1.077008,59.967478,0.292399,1.076859,59.963870,2.665667,1.058046,59.995597,0.187573,0.985661,59.899371,-1.955840,0.985461,59.897816,0.437055,1.010579,59.984194,7.247432,1.036823,60.000681,6.190322,1.059073,59.967683,6.786448,1.073525,59.967955,9.145127,1.034763,59.988752,4.838972,1.050768,59.955235,8.738821,1.026570,60.010366,-8.547993,1.000335,0.995734,0.996417,0.999911,1.000622,1.000176,0.998715,1.000560,-36.689417,0.000000,6.299972,23.277229,10.530538,22.085553,25.254960,-26.354416,288.383297,447.800150,209.391350,467.503357,6.717002,286.592096,294.652499,141.504847,562.436988,245.394482,221.661074,276.382253,200.614467,124.488442,251.663684,184.493662,253.902685,8.239523,988.742731,2.149441,164.790455,75.230425,157.625653,78.812826,137.026846,28.927890,26.868009,92.246831,102.994035,75.767785,-82.574348,42.272334,15.225205,67.617823,24.718568,24.091648,4.119761,223.900075
1.680000,1.050249,59.999615,-5.966236,1.062942,59.982044,-2.595677,1.048301,59.971600,-5.738438,1.024200,59.955505,-7.908977,1.023835,59.947568,-7.776371,1.025666,59.944589,-7.357078,1.015773,59.950732,-9.115916,1.014526,59.953469,-9.479372,1.034104,59.987203,-8.667815,1.034184,59.938378,-5.269980,1.030321,59.940565,-5.972727,1.020558,59.941446,-5.827861,1.032533,59.942258,-5.592455,1.031803,59.951559,-6.304219,1.037705,59.964830,-5.138731,1.053304,59.969721,-3.284027,1.055288,59.970810,-4.304944,1.051557,59.971320,-5.219121,1.070844,59.977134,2.342960,1.015360,59.984884,1.783941,1.053130,59.968773,-1.206620,1.067776,59.966777,2.640789,1.063353,59.967098,2.473004,1.058241,59.969766,-3.179080,1.072720,59.980224,-1.281417,1.076559,59.971600,-2.541836,1.062017,59.971843,-4.337542,1.079875,59.964293,0.464801,1.079804,59.960913,2.813112,1.059298,59.988837,0.546632,0.988530,59.908086,-2.220617,0.988559,59.906977,0.163002,1.012100,59.975316,7.514813,1.038294,59.992573,6.580111,1.061280,59.964229,6.959233,1.075820,59.964181,9.318386,1.036444,59.982941,5.153025,1.053691,59.952824,8.826537,1.027038,60.010124,-8.053341,1.000341,0.996086,0.996756,0.999628,1.000484,1.000019,0.998703,1.000319,-34.774542,0.000000,6.592462,24.946652,12.539227,23.897040,26.465776,-24.395138,288.383297,447.800150,209.391350,467.503357,6.717002,286.592096,294.652499,141.504847,562.436988,245.394482,221.661074,276.382253,200.614467,124.488442,251.663684,184.493662,253.902685,8.239523,988.742731,2.149441,164.790455,75.230425,157.625653,78.812826,137.026846,28.927890,26.868009,92.246831,102.994035,75.767785,-82.574348,42.272334,15.225205,67.617823,24.718568,24.091648,4.119761,223.900075
1.700000,1.051296,59.997793,-5.555768,1.064612,59.977882,-2.322301,1.050260,59.969364,-5.531710,1.026581,59.956998,-7.801494,1.026351,59.951127,-7.716776,1.028225,59.948636,-7.316745,1.018237,59.954244,-9.033751,1.016926,59.956741,-9.378573,1.035352,59.988284,-8.333770,1.036847,59.943042,-5.271608,1.032958,59.944997,-5.959644,1.023244,59.945580,-5.809771,1.035148,59.946099,-5.569833,1.034267,59.953406,-6.223559,1.039925,59.963016,-4.978907,1.055420,59.966365,-3.095870,1.057412,59.967700,-4.107840,1.053624,59.968537,-5.016877,1.072593,59.970251,2.568750,1.016896,59.977224,2.062129,1.055330,59.965389,-1.025403,1.070007,59.963378,2.807602,1.065597,59.963655,2.641919,1.060375,59.966390,-2.990692,1.074455,59.975751,-1.022539,1.078868,59.968141,-2.340584,1.064260,59.968521,-4.133947,1.082612,59.961406,0.615978,1.082610,59.958266,2.941030,1.060517,59.981910,0.856585,0.991158,59.917636,-2.418408,0.991373,59.917112,-0.040211,1.013566,59.966396,7.718351,1.039704,59.983974,6.909610,1.063438,59.960881,7.107981,1.078078,59.960574,9.465592,1.038084,59.976949,5.424740,1.056474,59.950746,8.898764,1.027482,60.009799,-7.560430,1.000344,0.996488,0.997140,0.999345,1.000320,0.999850,0.998701,1.000063,-33.020791,0.000000,6.878363,26.330515,14.319594,25.474881,27.510512,-22.706542,288.383297,447.800150,209.391350,467.503357,6.717002,286.592096,294.652499,141.504847,562.436988,245.394482,221.661074,276.382253,200.614467,124.488442,251.663684,184.493662,253.902685,8.239523,988.742731,2.149441,164.790455,75.230425,157.625653,78.812826,137.026846,28.927890,26.868009,92.246831,102.994035,75.767785,-82.574348,42.272334,15.225205,67.617823,24.718568,24.091648,4.119761,223.900075
1.720000,1.052345,59.995960,-5.160783,1.066282,59.973822,-2.080770,1.052204,59.967416,-5.342091,1.028868,59.958986,-7.683294,1.028726,59.955232,-7.631338,1.030635,59.953242,-7.246997,1.020557,59.958306,-8.926065,1.019186,59.960547,-9.254054,1.036522,59.989537,-7.993444,1.039352,59.948294,-5.239242,1.035440,59.950008,-5.914278,1.025777,59.950287,-5.761578,1.037619,59.950505,-5.519254,1.036632,59.955757,-6.129592,1.042133,59.961586,-4.832715,1.057548,59.963314,-2.932826,1.059534,59.964890,-3.934096,1.055686,59.966055,-4.835627,1.074369,59.963487,2.743139,1.018447,59.969515,2.282564,1.057548,59.962287,-0.869603,1.072262,59.960208,2.948646,1.067868,59.960457,2.784820,1.062523,59.963324,-2.827536,1.076166,59.971372,-0.797784,1.081129,59.964936,-2.165416,1.066476,59.965485,-3.955302,1.085253,59.958826,0.745441,1.085309,59.955933,3.048995,1.061732,59.974927,1.114036,0.993620,59.927834,-2.546729,0.993970,59.928002,-0.169236,1.015030,59.957623,7.855912,1.041107,59.975028,7.173240,1.065622,59.957679,7.230944,1.080372,59.957159,9.585364,1.039716,59.970882,5.650602,1.059136,59.948995,8.955196,1.027911,60.009385,-7.072564,1.000343,0.996933,0.997561,0.999068,1.000132,0.999671,0.998707,0.999796,-31.449890,0.000000,7.154966,27.409802,15.840486,26.794010,28.372794,-21.314402,288.383297,447.800150,209.391350,467.503357,6.717002,286.592096,294.652499,141.504847,562.436988,245.394482,221.661074,276.382253,200.614467,124.488442,251.663684,184.493662,253.902685,8.239523,988.742731,2.149441,164.790455,75.230425,157.625653,78.812826,137.026846,28.927890,26.868009,92.246831,102.994035,75.767785,-82.574348,42.272334,15.225205,67.617823,24.718568,24.091648,4.119761,223.900075
1.740000,1.053413,59.994132,-4.783903,1.067989,59.969918,-1.872721,1.054188,59.965756,-5.170123,1.031125,59.961386,-7.553800,1.031026,59.959768,-7.519262,1.032963,59.958284,-7.146975,1.022797,59.962797,-8.792055,1.021368,59.964770,-9.105109,1.037649,59.990913,-7.648438,1.041768,59.954001,-5.171858,1.037834,59.955468,-5.835664,1.028227,59.955441,-5.682334,1.040015,59.955356,-5.439803,1.038961,59.958528,-6.021682,1.044391,59.960524,-4.700075,1.059749,59.960589,-2.795218,1.061708,59.962394,-3.784098,1.057796,59.963882,-4.675782,1.076224,59.956965,2.864929,1.020064,59.961891,2.442880,1.059847,59.959493,-0.739686,1.074602,59.957302,3.063110,1.070225,59.957536,2.901001,1.064747,59.960587,-2.689909,1.077890,59.967150,-0.608809,1.083383,59.962006,-2.017023,1.068713,59.962752,-3.802082,1.087827,59.956560,0.852816,1.087927,59.953916,3.136663,1.062968,59.968008,1.316505,0.995982,59.938501,-2.604337,0.996410,59.939426,-0.222247,1.016539,59.949192,7.926816,1.042550,59.965896,7.366606,1.067891,59.954678,7.326801,1.082761,59.953977,9.676647,1.041369,59.964859,5.827990,1.061697,59.947564,8.995546,1.028332,60.008879,-6.593014,1.000339,0.997413,0.998008,0.998803,0.999924,0.999487,0.998721,0.999524,-30.080103,0.000000,7.419337,28.171738,17.075531,27.834538,29.039344,-20.238908,288.383297,447.800150,209.391350,467.503357,6.717002,286.592096,294.652499,141.504847,562.436988,245.394482,221.661074,276.382253,200.614467,124.488442,251.663684,184.493662,253.902685,8.239523,988.742731,2.149441,164.790455,75.230425,157.625653,78.812826,137.026846,28.927890,26.868009,92.246831,102.994035,75.767785,-82.574348,42.272334,15.225205,67.617823,24.718568,24.091648,4.119761,223.900075
1.760000,1.054511,59.992327,-4.427543,1.069757,59.966229,-1.699300,1.056247,59.964384,-5.016266,1.033400,59.964114,-7.412955,1.033301,59.964617,-7.380509,1.035260,59.963639,-7.016627,1.025007,59.967597,-8.631707,1.023520,59.969293,-8.931798,1.038758,59.992359,-7.300637,1.044145,59.960032,-5.069307,1.040192,59.961247,-5.723685,1.030646,59.960918,-5.571910,1.042387,59.960533,-5.331346,1.041306,59.961631,-5.899732,1.046744,59.959815,-4.580940,1.062064,59.958213,-2.683125,1.063973,59.960228,-3.658046,1.059991,59.962026,-4.537614,1.078198,59.950812,2.933899,1.021786,59.954492,2.541782,1.062269,59.957037,-0.635836,1.077072,59.954706,3.150567,1.072713,59.954933,2.990106,1.067086,59.958201,-2.577875,1.079651,59.963151,-0.456722,1.085660,59.959375,-1.895847,1.071005,59.960338,-3.674565,1.090359,59.954609,0.937838,1.090486,59.952213,3.203770,1.064242,59.961284,1.462506,0.998296,59.949469,-2.591150,0.998740,59.951166,-0.198917,1.018125,59.941292,7.931846,1.044069,59.956754,7.486619,1.070291,59.951945,7.394763,1.085287,59.951086,9.738838,1.043063,59.959007,5.955257,1.064171,59.946443,9.019540,1.028751,60.008277,-6.124991,1.000331,0.997919,0.998475,0.998557,0.999699,0.999302,0.998741,0.999252,-28.926048,0.000000,7.668261,28.609793,18.003584,28.582023,29.500090,-19.494393,288.383297,447.800150,209.391350,467.503357,6.717002,286.592096,294.652499,141.504847,562.436988,245.394482,221.661074,276.382253,200.614467,124.488442,251.663684,184.493662,253.902685,8.239523,988.742731,2.149441,164.790455,75.230425,157.625653,78.812826,137.026846,28.927890,26.868009,92.246831,102.994035,75.767785,-82.574348,42.272334,15.225205,67.617823,24.718568,24.091648,4.119761,223.900075
1.780000,1.055644,59.990567,-4.093884,1.071602,59.962817,-1.561122,1.058402,59.963305,-4.880866,1.035722,59.967092,-7.261195,1.035583,59.969669,-7.215762,1.037559,59.969192,-6.856661,1.027217,59.972590,-8.445761,1.025674,59.974004,-8.734910,1.039868,59.993829,-6.952183,1.046517,59.966257,-4.932283,1.042546,59.967223,-5.579036,1.033067,59.966600,-5.430957,1.044767,59.965921,-5.194494,1.043695,59.964986,-5.764157,1.049218,59.959445,-4.475269,1.064515,59.956210,-2.596367,1.066351,59.958409,-3.555930,1.062294,59.960497,-4.421237,1.080312,59.945151,2.950817,1.023638,59.947458,2.579082,1.064837,59.954949,-0.557926,1.079696,59.952469,3.211024,1.075356,59.952693,3.052182,1.069566,59.956189,-2.491245,1.081466,59.959445,-0.342043,1.087975,59.957066,-1.802069,1.073371,59.958261,-3.572815,1.092863,59.952976,1.000348,1.092997,59.950823,3.250128,1.065566,59.954888,1.551602,1.000597,59.960579,-2.508159,1.000991,59.963009,-0.100373,1.019809,59.934103,7.873204,1.045692,59.947789,7.531609,1.072844,59.949554,7.434649,1.087973,59.948553,9.771890,1.044810,59.953459,6.031788,1.066569,59.945619,9.026912,1.029174,60.007579,-5.671628,1.000320,0.998442,0.998949,0.998333,0.999462,0.999121,0.998767,0.998984,-27.998576,0.000000,7.898218,28.723571,18.609087,29.027632,29.748236,-19.089166,288.383297,447.800150,209.391350,467.503357,6.717002,286.592096,294.652499,141.504847,562.436988,245.394482,221.661074,276.382253,200.614467,124.488442,251.663684,184.493662,253.902685,8.239523,988.742731,2.149441,164.790455,75.230425,157.625653,78.812826,137.026846,28.927890,26.868009,92.246831,102.994035,75.767785,-82.574348,42.272334,15.225205,67.617823,24.718568,24.091648,4.119761,223.900075
1.800000,1.056812,59.988874,-3.784841,1.073524,59.959746,-1.458246,1.060658,59.962525,-4.764125,1.038100,59.970245,-7.099400,1.037884,59.974820,-7.026370,1.039872,59.974832,-6.668496,1.029443,59.977668,-8.235659,1.027844,59.978797,-8.515910,1.040989,59.995283,-6.605425,1.048896,59.972559,-4.762261,1.044909,59.973279,-5.403169,1.035502,59.972375,-5.260849,1.047166,59.971414,-5.030549,1.046137,59.968515,-5.615831,1.051816,59.959405,-4.383004,1.067106,59.954606,-2.534481,1.068843,59.956956,-3.477511,1.064707,59.959308,-4.326580,1.082571,59.940097,2.917411,1.025627,59.940933,2.555716,1.067555,59.953264,-0.505488,1.082475,59.950642,3.244958,1.078154,59.950864,3.087721,1.072186,59.954575,-2.429554,1.083336,59.956103,-0.264679,1.090334,59.955106,-1.735594,1.075815,59.956539,-3.496664,1.095342,59.951663,1.040308,1.095466,59.949742,3.275640,1.066942,59.948956,1.584427,1.002902,59.971685,-2.357345,1.003178,59.974754,0.070878,1.021596,59.927790,7.754424,1.047430,59.939197,7.501388,1.075554,59.947581,7.446925,1.090818,59.946451,9.776371,1.046612,59.948345,6.058023,1.068893,59.945082,9.017418,1.029602,60.006786,-5.235953,1.000306,0.998974,0.999424,0.998138,0.999218,0.998947,0.998797,0.998728,-27.304707,0.000000,8.105391,28.518585,18.882359,29.168212,29.780297,-19.025447,288.383297,447.800150,209.391350,467.503357,6.717002,286.592096,294.652499,141.504847,562.436988,245.394482,221.661074,276.382253,200.614467,124.488442,251.663684,184.493662,253.902685,8.239523,988.742731,2.149441,164.790455,75.230425,157.625653,78.812826,137.026846,28.927890,26.868009,92.246831,102.994035,75.767785,-82.574348,42.272334,15.225205,67.617823,24.718568,24.091648,4.119761,223.900075
1.820000,1.058007,59.987275,-3.502040,1.075512,59.957078,-1.390163,1.063001,59.962055,-4.666074,1.040524,59.973507,-6.928837,1.040200,59.979976,-6.814277,1.042196,59.980460,-6.454183,1.031680,59.982732,-8.003466,1.030024,59.983576,-8.276870,1.042121,59.996685,-6.262874,1.051276,59.978825,-4.561426,1.047276,59.979309,-5.198216,1.037945,59.978139,-5.063615,1.049577,59.976914,-4.841433,1.048622,59.972152,-5.456036,1.054521,59.959686,-4.304039,1.069819,59.953426,-2.496711,1.071436,59.955886,-3.422300,1.067216,59.958472,-4.253363,1.084960,59.935760,2.836326,1.027747,59.935052,2.473732,1.070405,59.952015,-0.477700,1.085392,59.949276,3.253326,1.081090,59.949494,3.097672,1.074932,59.953386,-2.392046,1.085253,59.953197,-0.223915,1.092726,59.953519,-1.696029,1.078325,59.955192,-3.445697,1.097791,59.950675,1.057815,1.097889,59.948973,3.280311,1.068365,59.943617,1.562679,1.005211,59.982650,-2.141591,1.005298,59.986212,0.311042,1.023476,59.922494,7.580237,1.049283,59.931173,7.397291,1.078404,59.946098,7.432702,1.093802,59.944852,9.753482,1.048461,59.943796,6.035452,1.071143,59.944822,8.990851,1.030036,60.005901,-4.820862,1.000289,0.999505,0.999888,0.997974,0.998972,0.998785,0.998830,0.998487,-26.847606,0.000000,8.285713,28.005948,18.819795,29.006267,29.596113,-19.299393,288.383297,447.800150,209.391350,467.503357,6.717002,286.592096,294.652499,141.504847,562.436988,245.394482,221.661074,276.382253,200.614467,124.488442,251.663684,184.493662,253.902685,8.239523,988.742731,2.149441,164.790455,75.230425,157.625653,78.812826,137.026846,28.927890,26.868009,92.246831,102.994035,75.767785,-82.574348,42.272334,15.225205,67.617823,24.718568,24.091648,4.119761,223.900075
1.840000,1.059098,59.985322,-3.249303,1.077286,59.954073,-1.360115,1.065020,59.960623,-4.593478,1.042589,59.975351,-6.759039,1.042185,59.983771,-6.588882,1.044191,59.984758,-6.222993,1.033600,59.986346,-7.759055,1.031897,59.986907,-8.027647,1.043111,59.997374,-5.930511,1.053294,59.983859,-4.338619,1.049290,59.984072,-4.973169,1.040016,59.982637,-4.848227,1.051612,59.981159,-4.636027,1.050703,59.974479,-5.293785,1.056695,59.958768,-4.246543,1.071943,59.951437,-2.489038,1.073540,59.953883,-3.396911,1.069297,59.956617,-4.208657,1.086980,59.931779,2.708037,1.029597,59.929306,2.332400,1.072452,59.950404,-0.478357,1.087306,59.948745,3.238518,1.082886,59.948782,3.084057,1.077010,59.951330,-2.384982,1.086929,59.950048,-0.222491,1.094752,59.951235,-1.688622,1.080409,59.952901,-3.426514,1.099893,59.949077,1.048059,1.099977,59.947741,3.260092,1.069673,59.938580,1.486908,1.007297,59.992779,-1.867841,1.007105,59.996722,0.612315,1.025087,59.918554,7.356574,1.050957,59.923726,7.220722,1.080283,59.947088,7.402035,1.094950,59.946635,9.721616,1.050155,59.939673,5.964995,1.073103,59.944442,8.944906,1.030439,60.004749,-4.430003,1.000269,1.000027,1.000334,0.997845,0.998731,0.998640,0.998866,0.998266,-26.626604,0.000000,8.434960,27.202000,18.424001,28.549851,29.198855,-19.901212,288.383297,447.800150,209.391350,467.503357,6.717002,286.592096,294.652499,141.504847,562.436988,245.394482,221.661074,276.382253,200.614467,124.488442,251.663684,184.493662,253.902685,8.239523,988.742731,2.149441,164.790455,75.230425,157.625653,78.812826,137.026846,28.927890,26.868009,92.246831,102.994034,75.767785,-82.574348,42.272334,15.225205,67.617823,24.718568,24.091648,4.119761,223.900075
1.860000,1.060125,59.983982,-3.026033,1.078948,59.952412,-1.363480,1.066881,59.960859,-4.541027,1.044454,59.978728,-6.586216,1.043968,59.988752,-6.348120,1.045983,59.990166,-5.973187,1.035325,59.991171,-7.500448,1.033581,59.991453,-7.766265,1.044015,59.998586,-5.608824,1.055087,59.989861,-4.092577,1.051085,59.989857,-4.726584,1.041859,59.988202,-4.612976,1.053421,59.986510,-4.412393,1.052560,59.978248,-5.125457,1.058629,59.959821,-4.203726,1.073817,59.951346,-2.504226,1.075424,59.953761,-3.394623,1.071182,59.956626,-4.186086,1.088815,59.929357,2.540641,1.031312,59.925263,2.139852,1.074181,59.950361,-0.500749,1.088840,59.948757,3.204448,1.084259,59.948803,3.050283,1.078812,59.951251,-2.400881,1.088473,59.948256,-0.255442,1.096587,59.950526,-1.708072,1.082287,59.952440,-3.432839,1.101786,59.948789,1.015007,1.101855,59.947632,3.218244,1.070921,59.934766,1.362113,1.009225,60.003185,-1.537635,1.008679,60.007233,0.971517,1.026529,59.915932,7.092978,1.052535,59.917617,6.978648,1.081798,59.947136,7.356233,1.095460,59.946740,9.672741,1.051748,59.936699,5.851901,1.074865,59.944764,8.881277,1.030820,60.003668,-4.065563,1.000245,1.000532,1.000752,0.997752,0.998501,0.998514,0.998903,0.998070,-26.637203,0.000000,8.548923,26.127938,17.703980,27.812461,28.595127,-20.815372,288.383297,447.800150,209.391350,467.503357,6.717002,286.592096,294.652499,141.504847,562.436988,245.394482,221.661074,276.382253,200.614467,124.488442,251.663684,184.493662,253.902685,8.239523,988.742731,2.149441,164.790455,75.230425,157.625653,78.812826,137.026846,28.927890,26.868009,92.246831,102.994034,75.767785,-82.574348,42.272334,15.225205,67.617823,24.718568,24.091648,4.119761,223.900075
1.880000,1.061118,59.982826,-2.831928,1.080568,59.951316,-1.396635,1.068691,59.961445,-4.505665,1.046220,59.982081,-6.409524,1.045632,59.993528,-6.092743,1.047653,59.995333,-5.705848,1.036935,59.995772,-7.228426,1.035153,59.995785,-7.493435,1.044871,59.999685,-5.299244,1.056741,59.995562,-3.824995,1.052746,59.995362,-4.459929,1.043566,59.993514,-4.359120,1.055099,59.991632,-4.171589,1.054310,59.981969,-4.950552,1.060504,59.961169,-4.172383,1.075650,59.951704,-2.538455,1.077259,59.954062,-3.411701,1.073018,59.957029,-4.182055,1.090623,59.927770,2.339092,1.033019,59.922134,1.901844,1.075878,59.950762,-0.541880,1.090352,59.949214,3.152011,1.085615,59.949272,2.998232,1.080577,59.951618,-2.435751,1.089960,59.947070,-0.318948,1.098344,59.950269,-1.750966,1.084101,59.952416,-3.460896,1.103566,59.948864,0.961159,1.103613,59.947859,3.156766,1.072149,59.931861,1.193568,1.011040,60.013062,-1.155195,1.010075,60.016950,1.382540,1.027937,59.914358,6.794682,1.054106,59.912531,6.676707,1.083295,59.947627,7.292264,1.095984,59.947303,9.606255,1.053289,59.934563,5.700766,1.076497,59.945355,8.800827,1.031186,60.002533,-3.729486,1.000220,1.001011,1.001136,0.997697,0.998287,0.998411,0.998941,0.997903,-26.871226,0.000000,8.623546,24.809181,16.675013,26.812691,27.794861,-22.020869,288.383297,447.800150,209.391350,467.503357,6.717002,286.592096,294.652499,141.504847,562.436988,245.394482,221.661074,276.382253,200.614467,124.488442,251.663684,184.493662,253.902685,8.239523,988.742731,2.149441,164.790455,75.230425,157.625653,78.812826,137.026846,28.927890,26.868009,92.246831,102.994035,75.767785,-82.574348,42.272334,15.225205,67.617823,24.718568,24.091648,4.119761,223.900075
1.900000,1.062063,59.981877,-2.667218,1.082124,59.950830,-1.456949,1.070419,59.962403,-4.486409,1.047851,59.985389,-6.230869,1.047145,59.998056,-5.826061,1.049166,60.000215,-5.424553,1.038397,60.000104,-6.946457,1.036583,59.999860,-7.212538,1.045665,60.000659,-5.004301,1.058223,60.000913,-3.539903,1.054240,60.000541,-4.177069,1.045103,59.998528,-4.090325,1.056610,59.996486,-3.917081,1.055916,59.985621,-4.771144,1.062287,59.962844,-4.151861,1.077412,59.952569,-2.589832,1.079017,59.954831,-3.446512,1.074774,59.957861,-4.195196,1.092383,59.927154,2.108452,1.034695,59.920076,1.624070,1.077516,59.951681,-0.599803,1.091817,59.950209,3.083274,1.086933,59.950272,2.929937,1.082276,59.952491,-2.487708,1.091370,59.946543,-0.410045,1.100008,59.950500,-1.815517,1.085829,59.952866,-3.508998,1.105228,59.949327,0.887593,1.105246,59.948440,3.076514,1.073343,59.929934,0.986478,1.012709,60.022338,-0.726293,1.011266,60.025777,1.837585,1.029304,59.914023,6.468591,1.055653,59.908676,6.321599,1.084752,59.948683,7.212358,1.096512,59.948409,9.524254,1.054762,59.933359,5.516410,1.078001,59.946229,8.703907,1.031535,60.001349,-3.423801,1.000191,1.001457,1.001478,0.997680,0.998096,0.998333,0.998980,0.997769,-27.317037,0.000000,8.655067,23.274798,15.358328,25.573789,26.811134,-23.491636,288.383297,447.800150,209.391350,467.503357,6.717002,286.592096,294.652499,141.504847,562.436988,245.394482,221.661074,276.382253,200.614467,124.488442,251.663684,184.493662,253.902685,8.239523,988.742731,2.149441,164.790455,75.230425,157.625653,78.812826,137.026846,28.927890,26.868009,92.246831,102.994035,75.767785,-82.574348,42.272334,15.225205,67.617823,24.718568,24.091648,4.119761,223.900075
1.920000,1.062947,59.981151,-2.531848,1.083587,59.950978,-1.541419,1.072029,59.963734,-4.482074,1.049305,59.988617,-6.052236,1.048465,60.002287,-5.551586,1.050484,60.004757,-5.133105,1.039674,60.004114,-6.658218,1.037833,60.003628,-6.927154,1.046378,60.001490,-4.726482,1.059492,60.005855,-3.241593,1.055526,60.005336,-3.882113,1.046428,60.003189,-3.810484,1.057915,60.001018,-3.652540,1.057336,59.989167,-4.589394,1.063938,59.964838,-4.141336,1.079068,59.953950,-2.656161,1.080662,59.956074,-3.497150,1.076414,59.959126,-4.223899,1.094061,59.927552,1.854427,1.036311,59.919166,1.313112,1.079061,59.953127,-0.672240,1.093208,59.951755,3.000680,1.088184,59.951818,2.847799,1.083873,59.953879,-2.554564,1.092682,59.946707,-0.525340,1.101554,59.951235,-1.899642,1.087442,59.953800,-3.575181,1.106757,59.950185,0.795633,1.106746,59.949386,2.978583,1.074488,59.929033,0.746611,1.014189,60.030914,-0.257193,1.012220,60.033610,2.328267,1.030609,59.914961,6.122317,1.057148,59.906192,5.921336,1.086140,59.950322,7.119175,1.097033,59.950075,9.429234,1.056144,59.933140,5.304298,1.079373,59.947395,8.591089,1.031861,60.000126,-3.150321,1.000161,1.001863,1.001773,0.997701,0.997933,0.998284,0.999019,0.997670,-27.959752,0.000000,8.640209,21.556939,13.780745,24.123189,25.660017,-25.197019,288.383297,447.800150,209.391350,467.503357,6.717002,286.592096,294.652499,141.504847,562.436988,245.394482,221.661074,276.382253,200.614467,124.488442,251.663684,184.493662,253.902685,8.239523,988.742731,2.149441,164.790455,75.230425,157.625653,78.812826,137.026846,28.927890,26.868009,92.246831,102.994035,75.767785,-82.574348,42.272334,15.225205,67.617823,24.718568,24.091648,4.119761,223.900075
1.940000,1.063754,59.980657,-2.425496,1.084931,59.951768,-1.646763,1.073484,59.965430,-4.491336,1.050543,59.991730,-5.875687,1.049553,60.006168,-5.273020,1.051565,60.008904,-4.835531,1.040725,60.007754,-6.367573,1.038865,60.007043,-6.641031,1.046991,60.002163,-4.468207,1.060509,60.010329,-2.934604,1.056564,60.009691,-3.579409,1.047500,60.007443,-3.523715,1.058973,60.005177,-3.381845,1.058531,59.992570,-4.407563,1.065416,59.967135,-4.139907,1.080580,59.955838,-2.735085,1.082160,59.957787,-3.561543,1.077904,59.960817,-4.266397,1.095622,59.928969,1.583032,1.037829,59.919451,0.976132,1.080479,59.955092,-0.756749,1.094493,59.953844,2.906839,1.089342,59.953900,2.754387,1.085335,59.955773,-2.633969,1.093871,59.947572,-0.661131,1.102960,59.952476,-2.001025,1.088911,59.955220,-3.657280,1.108142,59.951444,0.686827,1.108101,59.950699,2.864287,1.075568,59.929185,0.480159,1.015438,60.038688,0.245276,1.012907,60.040355,2.845672,1.031830,59.917152,5.763626,1.058557,59.905174,5.484914,1.087430,59.952533,7.015552,1.097534,59.952293,9.323872,1.057415,59.933931,5.070321,1.080608,59.948857,8.463166,1.032159,59.998872,-2.910620,1.000129,1.002223,1.002017,0.997757,0.997803,0.998263,0.999058,0.997610,-28.781507,0.000000,8.576383,19.690220,11.974223,22.491961,24.360397,-27.102317,288.383297,447.800150,209.391350,467.503357,6.717002,286.592096,294.652499,141.504847,562.436988,245.394482,221.661074,276.382253,200.614467,124.488442,251.663684,184.493662,253.902685,8.239523,988.742731,2.149441,164.790455,75.230425,157.625653,78.812826,137.026846,28.927890,26.868009,92.246831,102.994035,75.767785,-82.574348,42.272334,15.225205,67.617823,24.718568,24.091648,4.119761,223.900075
1.960000,1.064473,59.980402,-2.347590,1.086133,59.953196,-1.769502,1.074752,59.967475,-4.512770,1.051527,59.994693,-5.703342,1.050373,60.009654,-4.994225,1.052373,60.012605,-4.536039,1.041516,60.010979,-6.078527,1.039646,60.010063,-6.358035,1.047486,60.002666,-4.231807,1.061239,60.014282,-2.623678,1.057320,60.013553,-3.273501,1.048284,60.011239,-3.234314,1.059750,60.008914,-3.109043,1.059464,59.995789,-4.227998,1.066685,59.969713,-4.146624,1.081914,59.958216,-2.824159,1.083479,59.959955,-3.637509,1.079212,59.962920,-4.320815,1.097034,59.931390,1.300410,1.039216,59.920948,0.620694,1.081740,59.957557,-0.850806,1.095644,59.956452,2.804428,1.090382,59.956498,2.652338,1.086627,59.958157,-2.723484,1.094918,59.949136,-0.813505,1.104206,59.954221,-2.117163,1.090211,59.957116,-3.752969,1.109372,59.953106,0.562935,1.109305,59.952385,2.735160,1.076569,59.930393,0.193596,1.016411,60.045552,0.773719,1.013302,60.045929,3.380452,1.032944,59.920542,5.400180,1.059846,59.905685,5.022055,1.088594,59.955292,6.904369,1.098005,59.955038,9.210908,1.058556,59.935728,4.820612,1.081704,59.950621,8.321162,1.032424,59.997597,-2.706008,1.000095,1.002530,1.002206,0.997847,0.997711,0.998273,0.999098,0.997589,-29.761765,0.000000,8.461882,17.711087,9.975286,20.714204,22.933746,-29.169407,288.383297,447.800150,209.391350,467.503357,6.717002,286.592096,294.652499,141.504847,562.436988,245.394482,221.661074,276.382253,200.614467,124.488442,251.663684,184.493662,253.902685,8.239523,988.742731,2.149441,164.790455,75.230425,157.625653,78.812826,137.026846,28.927890,26.868009,92.246831,102.994035,75.767785,-82.574348,42.272334,15.225205,67.617823,24.718568,24.091648,4.119761,223.900075
1.980000,1.065094,59.980386,-2.297332,1.087175,59.955246,-1.906039,1.075808,59.969848,-4.544879,1.052232,59.997476,-5.537348,1.050899,60.012703,-4.719165,1.052883,60.015816,-4.238973,1.042023,60.013752,-5.795163,1.040150,60.012654,-6.082096,1.047849,60.002987,-4.019492,1.061659,60.017670,-2.313699,1.057769,60.016878,-2.969069,1.048754,60.014533,-2.946705,1.060221,60.012186,-2.838295,1.060110,59.998792,-4.053101,1.067718,59.972544,-4.160513,1.083045,59.961059,-2.920892,1.084596,59.962557,-3.722788,1.080313,59.965416,-4.385198,1.098270,59.934779,1.012708,1.040442,59.923653,0.254588,1.082818,59.960494,-0.951862,1.096640,59.959547,2.696118,1.091283,59.959578,2.544293,1.087725,59.961004,-2.820622,1.095809,59.951381,-0.978427,1.105278,59.956458,-2.245405,1.091322,59.959475,-3.859801,1.110440,59.955170,0.425931,1.110352,59.954444,2.592960,1.077478,59.932642,-0.106461,1.017074,60.051402,1.320190,1.013390,60.050270,3.922957,1.033936,59.925060,5.039375,1.060984,59.907750,4.542975,1.089611,59.958557,6.788463,1.098436,59.958276,9.093062,1.059552,59.938504,4.561381,1.082661,59.952693,8.166354,1.032653,59.996311,-2.537519,1.000059,1.002781,1.002338,0.997969,0.997659,0.998313,0.999139,0.997609,-30.877676,0.000000,8.296055,15.657165,7.824334,18.826355,21.403840,-31.357426,288.383297,447.800150,209.391350,467.503357,6.717002,286.592096,294.652499,141.504847,562.436988,245.394482,221.661074,276.382253,200.614467,124.488442,251.663684,184.493662,253.902685,8.239523,988.742731,2.149441,164.790455,75.230425,157.625653,78.812826,137.026846,28.927890,26.868009,92.246831,102.994035,75.767785,-82.574348,42.272334,15.225205,67.617823,24.718568,24.091648,4.119761,223.900075
2.000000,1.065610,59.980605,-2.273722,1.088044,59.957889,-2.052724,1.076637,59.972524,-4.586118,1.052642,60.000050,-5.379839,1.051116,60.015280,-4.451858,1.053077,60.018498,-3.948747,1.042229,60.016043,-5.521582,1.040362,60.014788,-5.817144,1.048072,60.003117,-3.833316,1.061757,60.020456,-2.009616,1.057897,60.019629,-2.670860,1.048899,60.017291,-2.665367,1.060375,60.014959,-2.573813,1.060455,60.001547,-3.885280,1.068498,59.975602,-4.180578,1.083955,59.964334,-3.022787,1.085495,59.965566,-3.815081,1.081191,59.968279,-4.457540,1.099311,59.939082,0.725959,1.041482,59.927536,-0.114315,1.083698,59.963868,-1.057382,1.097466,59.963086,2.584520,1.092032,59.963100,2.432842,1.088612,59.964284,-2.922891,1.096537,59.954279,-1.151823,1.106167,59.959172,-2.382980,1.092233,59.962278,-3.975233,1.111343,59.957632,0.277987,1.111243,59.956876,2.439666,1.078289,59.935897,-0.413370,1.017399,60.056141,1.876237,1.013169,60.053330,4.463374,1.034794,59.930611,4.688207,1.061945,59.911360,4.058136,1.090464,59.962280,6.670560,1.098819,59.961962,8.972974,1.060395,59.942209,4.298756,1.083480,59.955080,8.000284,1.032842,59.995023,-2.405899,1.000023,1.002972,1.002413,0.998119,0.997650,0.998381,0.999182,0.997669,-32.104495,0.000000,8.079452,13.566604,5.564840,16.866460,19.796423,-33.623524,288.383297,447.800150,209.391350,467.503357,6.717002,286.592096,294.652499,141.504847,562.436988,245.394482,221.661074,276.382253,200.614467,124.488442,251.663684,184.493662,253.902685,8.239523,988.742731,2.149441,164.790455,75.230425,157.625653,78.812826,137.026846,28.927890,26.868009,92.246831,102.994035,75.767785,-82.574348,42.272334,15.225205,67.617823,24.718568,24.091648,4.119761,223.900075
2.020000,1.066022,59.981051,-2.275578,1.088738,59.961090,-2.205914,1.077234,59.975476,-4.634903,1.052757,60.002395,-5.232886,1.051023,60.017358,-4.196299,1.052956,60.020622,-3.669782,1.042133,60.017832,-5.261831,1.040282,60.016446,-5.567036,1.048152,60.003053,-3.675146,1.061538,60.022614,-1.716361,1.057709,60.021778,-2.383612,1.048721,60.019487,-2.394762,1.060214,60.017208,-2.319785,1.060500,60.004029,-3.726910,1.069020,59.978854,-4.205810,1.084638,59.968005,-3.127370,1.086171,59.968951,-3.912069,1.081842,59.971480,-4.535806,1.100147,59.944234,0.445984,1.042323,59.932546,-0.478224,1.084372,59.967636,-1.164882,1.098113,59.967023,2.472149,1.092621,59.967017,2.320485,1.089282,59.967959,-3.027818,1.097101,59.957788,-1.329650,1.106873,59.962339,-2.527036,1.092941,59.965500,-4.096655,1.112087,59.960488,0.121473,1.111981,59.959678,2.277479,1.078999,59.940107,-0.720583,1.017376,60.059678,2.432969,1.012652,60.055085,4.991888,1.035513,59.937089,4.353170,1.062710,59.916473,3.578013,1.091146,59.966403,6.553223,1.099150,59.966043,8.853162,1.061082,59.946774,4.038646,1.084167,59.957788,7.824770,1.032989,59.993743,-2.311598,0.999986,1.003100,1.002431,0.998294,0.997687,0.998478,0.999226,0.997770,-33.416029,0.000000,7.813923,11.477419,3.242459,14.873402,18.138819,-35.923658,288.383297,447.800150,209.391350,467.503357,6.717002,286.592096,294.652499,141.504847,562.436988,245.394482,221.661074,276.382253,200.614467,124.488442,251.663684,184.493662,253.902685,8.239523,988.742731,2.149441,164.790455,75.230425,157.625653,78.812826,137.026846,28.927890,26.868009,92.246831,102.994035,75.767785,-82.574348,42.272334,15.225205,67.617823,24.718568,24.091648,4.119761,223.900075
2.040000,1.066331,59.981713,-2.301554,1.089260,59.964805,-2.362027,1.077605,59.978672,-4.689627,1.052590,60.004496,-5.098453,1.050635,60.018923,-3.956393,1.052535,60.022169,-3.406420,1.041750,60.019106,-5.019826,1.039923,60.017619,-5.335480,1.048092,60.002795,-3.546621,1.061021,60.024131,-1.438757,1.057222,60.023312,-2.111963,1.048240,60.021106,-2.139248,1.059760,60.018919,-2.080291,1.060262,60.006223,-3.580269,1.069293,59.982270,-4.235179,1.085098,59.972030,-3.232215,1.086629,59.972678,-4.011438,1.082271,59.974986,-4.617944,1.100778,59.950155,0.178302,1.042959,59.938611,-0.829576,1.084843,59.971756,-1.271953,1.098584,59.971303,2.361391,1.093053,59.971280,2.209606,1.089738,59.971987,-3.132980,1.097510,59.961860,-1.507960,1.107403,59.965932,-2.674664,1.093453,59.969112,-4.221417,1.112678,59.963727,-0.041058,1.112577,59.962847,2.108814,1.079610,59.945210,-1.021735,1.017007,60.061940,2.981157,1.011867,60.055536,5.498854,1.036095,59.944376,4.040176,1.063269,59.923009,3.112851,1.091657,59.970865,6.438823,1.099425,59.970465,8.735991,1.061620,59.952112,3.786624,1.084731,59.960824,7.641915,1.033096,59.992478,-2.254759,0.999949,1.003164,1.002394,0.998490,0.997769,0.998600,0.999274,0.997910,-34.785138,0.000000,7.502663,9.426854,0.904059,12.886099,16.459480,-38.213427,288.383297,447.800150,209.391350,467.503357,6.717002,286.592096,294.652499,141.504847,562.436988,245.394482,221.661074,276.382253,200.614467,124.488442,251.663684,184.493662,253.902685,8.239523,988.742731,2.149441,164.790455,75.230425,157.625653,78.812826,137.026846,28.927890,26.868009,92.246831,102.994035,75.767785,-82.574348,42.272334,15.225205,67.617823,24.718568,24.091648,4.119761,223.900075
2.060000,1.066545,59.982575,-2.350158,1.089625,59.968984,-2.517580,1.077769,59.982083,-4.748662,1.052171,60.006344,-4.978335,1.049982,60.019968,-3.735867,1.051844,60.023135,-3.162838,1.041109,60.019868,-4.799259,1.039312,60.018310,-5.125955,1.047905,60.002349,-3.449110,1.060244,60.025009,-1.181415,1.056471,60.024229,-1.860353,1.047492,60.022147,-1.902986,1.059046,60.020089,-1.859219,1.059771,60.008117,-3.447482,1.069337,59.985821,-4.267633,1.085350,59.976365,-3.334963,1.086886,59.976707,-4.110897,1.082496,59.978763,-4.701904,1.101215,59.956754,-0.071950,1.043394,59.945637,-1.161182,1.085126,59.976177,-1.376282,1.098889,59.975873,2.254483,1.093336,59.975833,2.102451,1.089996,59.976326,-3.236020,1.097778,59.966436,-1.682956,1.107774,59.969920,-2.822929,1.093784,59.973081,-4.346851,1.113133,59.967338,-0.206890,1.113043,59.966376,1.936286,1.080128,59.951129,-1.310735,1.016314,60.062873,3.511371,1.010856,60.054706,5.974975,1.036551,59.952346,3.754489,1.063622,59.930861,2.672438,1.092009,59.975602,6.329521,1.099646,59.975169,8.623654,1.062019,59.958123,3.547820,1.085184,59.964190,7.454098,1.033163,59.991239,-2.235221,0.999912,1.003164,1.002305,0.998703,0.997895,0.998745,0.999325,0.998085,-36.184253,0.000000,7.150200,7.450752,-1.403284,10.942719,14.787505,-40.448920,288.383297,447.800150,209.391350,467.503357,6.717002,286.592096,294.652499,141.504847,562.436988,245.394482,221.661074,276.382253,200.614467,124.488442,251.663684,184.493662,253.902685,8.239523,988.742731,2.149441,164.790455,75.230425,157.625653,78.812826,137.026846,28.927890,26.868009,92.246831,102.994035,75.767785,-82.574348,42.272334,15.225205,67.617823,24.718568,24.091648,4.119761,223.900075
2.080000,1.066675,59.983622,-2.419772,1.089852,59.973571,-2.669235,1.077754,59.985674,-4.810366,1.051542,60.007939,-4.874107,1.049111,60.020502,-3.538179,1.050930,60.023528,-2.942949,1.040254,60.020131,-4.603519,1.038492,60.018535,-4.941620,1.047609,60.001726,-3.383675,1.059258,60.025263,-0.948633,1.055507,60.024542,-1.632930,1.046528,60.022622,-1.689845,1.058125,60.020730,-1.660168,1.059074,60.009713,-3.330457,1.069185,59.989475,-4.302097,1.085422,59.980962,-3.433349,1.086967,59.980998,-4.208199,1.082543,59.982774,-4.785652,1.101477,59.963930,-0.300090,1.043642,59.953514,-1.466359,1.085243,59.980850,-1.475672,1.099048,59.980676,2.153502,1.093488,59.980622,2.001117,1.090080,59.980927,-3.334671,1.097928,59.971453,-1.851040,1.108008,59.974267,-2.968901,1.093958,59.977371,-4.470299,1.113471,59.971306,-0.373166,1.113398,59.970255,1.762689,1.080563,59.957777,-1.581842,1.015334,60.062450,4.014151,1.009677,60.052647,6.411496,1.036894,59.960866,3.500680,1.063778,59.939891,2.265886,1.092217,59.980550,6.227254,1.099816,59.980095,8.518159,1.062298,59.964699,3.326844,1.085541,59.967891,7.263964,1.033196,59.990035,-2.252509,0.999875,1.003102,1.002168,0.998928,0.998064,0.998910,0.999381,0.998295,-37.585915,0.000000,6.762325,5.582971,-3.633313,9.079906,13.152120,-42.587563,288.383297,447.800150,209.391350,467.503357,6.717002,286.592096,294.652499,141.504847,562.436988,245.394482,221.661074,276.382253,200.614467,124.488442,251.663684,184.493662,253.902685,8.239523,988.742731,2.149441,164.790455,75.230425,157.625653,78.812826,137.026846,28.927890,26.868009,92.246831,102.994035,75.767785,-82.574348,42.272334,15.225205,67.617823,24.718568,24.091648,4.119761,223.900075
2.100000,1.066735,59.984835,-2.508663,1.089966,59.978505,-2.813837,1.077596,59.989414,-4.873099,1.050759,60.009289,-4.787073,1.048079,60.020546,-3.366437,1.049852,60.023368,-2.750307,1.039241,60.019922,-4.435601,1.037519,60.018319,-4.785243,1.047229,60.000943,-3.351026,1.058128,60.024922,-0.744293,1.054393,60.024278,-1.433444,1.045414,60.022556,-1.503307,1.057059,60.020866,-1.486363,1.058228,60.011017,-3.230836,1.068880,59.993203,-4.337475,1.085347,59.985771,-3.525224,1.086908,59.985508,-4.301167,1.082447,59.986980,-4.867193,1.101591,59.971576,-0.501958,1.043725,59.962114,-1.739068,1.085224,59.985722,-1.568065,1.099087,59.985653,2.060346,1.093530,59.985590,1.907527,1.090022,59.985740,-3.426786,1.097986,59.976841,-2.008860,1.108131,59.978931,-3.109695,1.094007,59.981940,-4.589153,1.113713,59.975609,-0.536924,1.113664,59.974469,1.590964,1.080929,59.965059,-1.829746,1.014124,60.060675,4.480217,1.008395,60.049437,6.800389,1.037146,59.969803,3.282595,1.063754,59.949936,1.901440,1.092307,59.985644,6.133732,1.099940,59.985182,8.421321,1.062478,59.971722,3.127719,1.085819,59.971924,7.074400,1.033198,59.988876,-2.305842,0.999839,1.002979,1.001988,0.999163,0.998272,0.999091,0.999442,0.998535,-38.963307,0.000000,6.345965,3.854836,-5.741592,7.332049,11.582144,-44.588943,288.383297,447.800150,209.391350,467.503357,6.717002,286.592096,294.652499,141.504847,562.436988,245.394482,221.661074,276.382253,200.614467,124.488442,251.663684,184.493662,253.902685,8.239523,988.742731,2.149441,164.790455,75.230425,157.625653,78.812826,137.026846,28.927890,26.868009,92.246831,102.994035,75.767785,-82.574348,42.272334,15.225205,67.617823,24.718568,24.091648,4.119761,223.900075
2.120000,1.066749,59.986254,-2.614865,1.090014,59.983838,-2.948181,1.077365,59.993440,-4.934819,1.049909,60.010587,-4.717797,1.046976,60.020282,-3.222954,1.048701,60.022833,-2.587679,1.038157,60.019435,-4.297648,1.036477,60.017859,-4.658732,1.046805,60.000100,-3.351313,1.056950,60.024152,-0.571476,1.053222,60.023605,-1.264849,1.044245,60.022120,-1.346069,1.055944,60.020664,-1.340260,1.057327,60.012205,-3.149557,1.068511,59.997177,-4.372183,1.085209,59.990923,-3.608163,1.086782,59.990379,-4.387276,1.082282,59.991531,-4.944138,1.101619,59.979683,-0.673722,1.043694,59.971424,-1.973709,1.085164,59.990870,-1.651280,1.099108,59.990732,1.976621,1.093573,59.990667,1.823291,1.089910,59.990902,-3.509926,1.098001,59.982639,-2.153090,1.108200,59.984025,-3.242137,1.093996,59.986933,-4.700433,1.113905,59.980357,-0.694820,1.113879,59.979111,1.424426,1.081252,59.972936,-2.049483,1.012768,60.057629,4.900808,1.007102,60.045214,7.134617,1.037352,59.979051,3.103411,1.063590,59.960882,1.586476,1.092378,59.990628,6.049936,1.100157,59.989933,8.333371,1.062598,59.979122,2.953961,1.086048,59.976344,6.888637,1.033180,59.987792,-2.394088,0.999803,1.002799,1.001771,0.999402,0.998517,0.999284,0.999510,0.998800,-40.290776,0.000000,5.909008,2.294643,-7.686454,5.730630,10.105449,-46.415585,288.383297,447.800150,209.391350,467.503357,6.717002,286.592096,294.652499,141.504847,562.436988,245.394482,221.661074,276.382253,200.614467,124.488442,251.663684,184.493662,253.902685,8.239523,988.742731,2.149441,164.790455,75.230425,157.625653,78.812826,137.026846,28.927890,26.868009,92.246831,102.994035,75.767785,-82.574348,42.272334,15.225205,67.617823,24.718568,24.091648,4.119761,223.900075
2.140000,1.066738,59.987719,-2.736430,1.090036,59.989227,-3.069527,1.077117,59.997298,-4.993864,1.049074,60.011414,-4.666878,1.045889,60.019388,-3.109872,1.047566,60.021623,-2.457623,1.037085,60.018334,-4.191605,1.035445,60.016814,-4.563804,1.046376,59.999043,-3.384423,1.055815,60.022705,-0.432982,1.052085,60.022257,-1.129849,1.043115,60.021034,-1.220604,1.054870,60.019839,-1.224117,1.056453,60.012898,-3.087575,1.068146,60.000858,-4.405103,1.085069,59.995896,-3.680350,1.086649,59.995093,-4.464544,1.082106,59.995914,-5.014587,1.101613,59.987838,-0.812585,1.043597,59.980956,-2.165925,1.085123,59.995874,-1.723724,1.099169,59.995814,1.903525,1.093671,59.995762,1.749839,1.089805,59.995875,-3.582263,1.098012,59.988498,-2.280956,1.108258,59.989119,-3.363482,1.093974,59.991841,-4.801666,1.114081,59.985200,-0.843740,1.114075,59.983889,1.266239,1.081553,59.981144,-2.236725,1.011358,60.053251,5.267553,1.005885,60.039996,7.408003,1.037551,59.988332,2.965096,1.063326,59.972333,1.326905,1.092486,59.995780,5.976313,1.100510,59.995266,8.255885,1.062691,59.986640,2.808255,1.086251,59.980994,6.709934,1.033149,59.986750,-2.515833,0.999769,1.002568,1.001522,0.999643,0.998792,0.999486,0.999584,0.999087,-41.544313,0.000000,5.460082,0.927248,-9.429871,4.303644,8.748440,-48.033657,288.383297,447.800150,209.391350,467.503357,6.717002,286.592096,294.652499,141.504847,562.436988,245.394482,221.661074,276.382253,200.614467,124.488442,251.663684,184.493662,253.902685,8.239523,988.742731,2.149441,164.790455,75.230425,157.625653,78.812826,137.026846,28.927890,26.868009,92.246831,102.994035,75.767785,-82.574348,42.272334,15.225205,67.617823,24.718568,24.091648,4.119761,223.900075
2.160000,1.066703,59.989289,-2.871742,1.090028,59.994765,-3.176136,1.076846,60.001211,-5.049626,1.048267,60.012068,-4.635563,1.044847,60.018154,-3.029555,1.046477,60.020026,-2.362818,1.036056,60.016919,-4.119702,1.034453,60.015482,-4.502488,1.045953,59.997912,-3.450271,1.054751,60.020856,-0.331517,1.051012,60.020516,-1.031127,1.042050,60.019580,-1.129410,1.053860,60.018671,-1.140253,1.055619,60.013384,-3.046307,1.067756,60.004553,-4.436185,1.084877,60.000952,-3.741064,1.086474,59.999905,-4.532151,1.081894,60.000383,-5.077821,1.101543,59.996154,-0.916671,1.043411,59.990794,-2.312786,1.085015,60.000957,-1.784468,1.099151,60.000952,1.842622,1.093685,60.000897,1.688543,1.089643,60.000933,-3.643122,1.098014,59.994506,-2.390694,1.108284,59.994397,-3.472057,1.093914,59.996902,-4.891604,1.114222,59.990297,-0.981397,1.114236,59.988939,1.118924,1.081830,59.989640,-2.388285,1.009949,60.047779,5.573022,1.004787,60.034039,7.615640,1.037722,59.997695,2.869336,1.062955,59.984237,1.127182,1.092514,60.000985,5.915493,1.100743,60.000532,8.191633,1.062759,59.994252,2.692398,1.086416,59.985951,6.541328,1.033110,59.985783,-2.669535,0.999736,1.002290,1.001248,0.999881,0.999093,0.999692,0.999666,0.999391,-42.701996,0.000000,5.008321,-0.226284,-10.938217,3.075125,7.535562,-49.413599,288.383297,447.800150,209.391350,467.503357,6.717002,286.592096,294.652499,141.504847,562.436988,245.394482,221.661074,276.382253,200.614467,124.488442,251.663684,184.493662,253.902685,8.239523,988.742731,2.149441,164.790455,75.230425,157.625653,78.812826,137.026846,28.927890,26.868009,92.246831,102.994035,75.767785,-82.574348,42.272334,15.225205,67.617823,24.718568,24.091648,4.119761,223.900075
2.180000,1.066659,59.990935,-3.018847,1.090020,60.000363,-3.266008,1.076598,60.005115,-5.100676,1.047558,60.012548,-4.623777,1.043923,60.016615,-2.982971,1.045510,60.018085,-2.304543,1.035141,60.015229,-4.082706,1.033572,60.013900,-4.475368,1.045572,59.996729,-3.547963,1.053836,60.018658,-0.268425,1.050079,60.018426,-0.969996,1.041128,60.017800,-1.073636,1.052990,60.017195,-1.089665,1.054893,60.013665,-3.025923,1.067396,60.008190,-4.464349,1.084682,60.005991,-3.788856,1.086301,60.004728,-4.588473,1.081692,60.004860,-5.132261,1.101445,60.004462,-0.984289,1.043171,60.000738,-2.411688,1.084892,60.006004,-1.832183,1.099104,60.006017,1.794972,1.093662,60.005966,1.640513,1.089473,60.005975,-3.691043,1.098035,60.000563,-2.480354,1.108311,59.999779,-3.565576,1.093856,60.002031,-4.968205,1.114351,59.995590,-1.104895,1.114381,59.994209,0.985530,1.082097,59.998293,-2.501345,1.008628,60.041326,5.811144,1.003880,60.027486,7.754162,1.037886,60.006941,2.817095,1.062505,59.996347,0.990773,1.092510,60.006068,5.868189,1.100901,60.005681,8.141361,1.062826,60.001823,2.607780,1.086557,59.991180,6.386200,1.033070,59.984898,-2.853289,0.999705,1.001971,1.000956,1.000113,0.999414,0.999897,0.999756,0.999706,-43.744377,0.000000,4.563124,-1.148974,-12.182914,2.064761,6.488857,-50.530682,288.383297,447.800150,209.391350,467.503357,6.717002,286.592096,294.652499,141.504847,562.436988,245.394482,221.661074,276.382253,200.614467,124.488442,251.663684,184.493662,253.902685,8.239523,988.742731,2.149441,164.790455,75.230425,157.625653,78.812826,137.026846,28.927890,26.868009,92.246831,102.994034,75.767785,-82.574348,42.272334,15.225205,67.617823,24.718568,24.091648,4.119761,223.900075
2.200000,1.066621,59.992625,-3.175833,1.090040,60.005930,-3.337609,1.076415,60.008949,-5.145849,1.047006,60.012858,-4.631250,1.043185,60.014819,-2.970600,1.044735,60.015856,-2.283522,1.034406,60.013310,-4.080887,1.032863,60.012110,-4.482547,1.045263,59.995519,-3.676258,1.053136,60.016173,-0.244437,1.049354,60.016052,-0.947178,1.040417,60.015748,-1.053883,1.052325,60.015460,-1.072848,1.054336,60.013750,-3.026354,1.067117,60.011710,-4.488771,1.084527,60.010929,-3.822727,1.086173,60.009483,-4.632284,1.081543,60.009270,-5.176676,1.101353,60.012620,-1.014641,1.042910,60.010604,-2.461194,1.084796,60.010934,-1.865991,1.099070,60.010930,1.761200,1.093647,60.010890,1.606419,1.089339,60.010916,-3.725018,1.098103,60.006572,-2.548515,1.108366,60.005186,-3.642135,1.093832,60.007151,-5.029821,1.114487,60.001018,-1.211590,1.114526,59.999644,0.868905,1.082368,60.006962,-2.573900,1.007480,60.034053,5.977065,1.003226,60.020509,7.821544,1.038066,60.015925,2.808371,1.062007,60.008434,0.919630,1.092516,60.010957,5.834694,1.101028,60.010639,8.105391,1.062915,60.009227,2.555039,1.086682,59.996642,6.247845,1.033037,59.984104,-3.064959,0.999676,1.001620,1.000652,1.000337,0.999748,1.000100,0.999854,1.000026,-44.654805,0.000000,4.133909,-1.828141,-13.140938,1.287624,5.627565,-51.365434,288.383297,447.800150,209.391350,467.503357,6.717002,286.592096,294.652499,141.504847,562.436988,245.394482,221.661074,276.382253,200.614467,124.488442,251.663684,184.493662,253.902685,8.239523,988.742731,2.149441,164.790455,75.230425,157.625653,78.812826,137.026846,28.927890,26.868009,92.246831,102.994034,75.767785,-82.574348,42.272334,15.225205,67.617823,24.718568,24.091648,4.119761,223.900075
2.220000,1.066599,59.994326,-3.340875,1.090107,60.011372,-3.389927,1.076329,60.012644,-5.184294,1.046657,60.012999,-4.657544,1.042685,60.012812,-2.992430,1.044206,60.013396,-2.299917,1.033904,60.011207,-4.114032,1.032379,60.010154,-4.523679,1.045050,59.994301,-3.833605,1.052703,60.013471,-0.259650,1.048889,60.013454,-0.962791,1.039970,60.013481,-1.070197,1.051916,60.013516,-1.089783,1.053997,60.013648,-3.047312,1.066955,60.015052,-4.508906,1.084446,60.015681,-3.842129,1.086119,60.014087,-4.662784,1.081476,60.013538,-5.210227,1.101293,60.020493,-1.007756,1.042651,60.020215,-2.461005,1.084761,60.015664,-1.885449,1.099085,60.015620,1.741544,1.093673,60.015593,1.586531,1.089273,60.015671,-3.744499,1.098234,60.012431,-2.594324,1.108468,60.010535,-3.700272,1.093867,60.012174,-5.075256,1.114640,60.006510,-1.299167,1.114678,60.005181,0.771617,1.082654,60.015499,-2.604842,1.006577,60.026148,6.067369,1.002872,60.013285,7.817184,1.038281,60.024519,2.842352,1.061487,60.020275,0.914235,1.092563,60.015591,5.814991,1.101154,60.015340,8.083705,1.063042,60.016344,2.534087,1.086798,60.002289,6.129385,1.033015,59.983405,-3.302213,0.999649,1.001243,1.000343,1.000548,1.000089,1.000294,0.999959,1.000346,-45.419681,0.000000,3.729874,-2.255529,-13.795186,0.754005,4.967784,-51.903966,288.383297,447.800150,209.391350,467.503357,6.717002,286.592096,294.652499,141.504847,562.436988,245.394482,221.661074,276.382253,200.614467,124.488442,251.663684,184.493662,253.902685,8.239523,988.742731,2.149441,164.790455,75.230425,157.625653,78.812826,137.026846,28.927890,26.868009,92.246831,102.994034,75.767785,-82.574348,42.272334,15.225205,67.617823,24.718568,24.091648,4.119761,223.900075
2.240000,1.066597,59.996001,-3.512272,1.090231,60.016591,-3.422519,1.076357,60.016131,-5.215538,1.046542,60.012965,-4.702115,1.042461,60.010637,-3.047998,1.043960,60.010760,-2.353352,1.033669,60.008961,-4.181492,1.032153,60.008067,-4.598010,1.044950,59.993094,-4.018189,1.052569,60.010616,-0.313548,1.048719,60.010697,-1.016366,1.039821,60.011055,-1.122087,1.051795,60.011412,-1.139967,1.053903,60.013365,-3.088330,1.066935,60.018153,-4.524532,1.084458,60.020160,-3.847004,1.086157,60.018457,-4.679647,1.081509,60.017581,-5.232522,1.101283,60.027953,-0.964478,1.042413,60.029400,-2.411947,1.084808,60.020115,-1.890568,1.099166,60.020016,1.735866,1.093759,60.020004,1.580726,1.089296,60.020153,-3.749428,1.098438,60.018038,-2.617530,1.108626,60.015734,-3.739026,1.093975,60.017011,-5.103818,1.114813,60.011988,-1.365723,1.114840,60.010749,0.695871,1.082957,60.023754,-2.594011,1.005974,60.017815,6.080207,1.002847,60.005999,7.741924,1.038540,60.032604,2.917479,1.060962,60.031656,0.973633,1.092669,60.019917,5.808791,1.101299,60.019729,8.075983,1.063219,60.023061,2.544135,1.086902,60.008063,6.033685,1.033009,59.982804,-3.562566,0.999625,1.000848,1.000037,1.000746,1.000431,1.000478,1.000072,1.000661,-46.028653,0.000000,3.359768,-2.427363,-14.134717,0.469349,4.522189,-52.138182,288.383297,447.800150,209.391350,467.503357,6.717002,286.592096,294.652499,141.504847,562.436988,245.394482,221.661074,276.382253,200.614467,124.488442,251.663684,184.493662,253.902685,8.239523,988.742731,2.149441,164.790455,75.230425,157.625653,78.812826,137.026846,28.927890,26.868009,92.246831,102.994035,75.767785,-82.574348,42.272334,15.225205,67.617823,24.718568,24.091648,4.119761,223.900075
2.260000,1.066616,59.997612,-3.688488,1.090415,60.021489,-3.435533,1.076504,60.019337,-5.239509,1.046671,60.012750,-4.764348,1.042525,60.008337,-3.136421,1.044014,60.008004,-2.442946,1.033716,60.006610,-4.282226,1.032199,60.005882,-4.704434,1.044972,59.991909,-4.227982,1.052747,60.007675,-0.405033,1.048855,60.007840,-1.106885,1.039982,60.008522,-1.208567,1.051972,60.009195,-1.222442,1.054064,60.012905,-3.148796,1.067062,60.020950,-4.535773,1.084567,60.024283,-3.837797,1.086290,60.022507,-4.683048,1.081647,60.021320,-5.243640,1.101324,60.034880,-0.886429,1.042200,60.037995,-2.315932,1.084940,60.024208,-1.881818,1.099317,60.024055,1.743657,1.093910,60.024057,1.588493,1.089411,60.024279,-3.740256,1.098714,60.023294,-2.618497,1.108837,60.020695,-3.757975,1.094154,60.021571,-5.115359,1.114999,60.017370,-1.409831,1.115003,60.016269,0.643432,1.083277,60.031576,-2.542218,1.005707,60.009271,6.015366,1.003159,59.998832,7.598031,1.038841,60.040073,3.031495,1.060441,60.042376,1.095501,1.092836,60.023887,5.815551,1.101467,60.023754,8.081642,1.063446,60.029275,2.583729,1.086985,60.013899,5.963268,1.033022,59.982302,-3.843410,0.999603,1.000443,0.999738,1.000928,1.000766,1.000649,1.000192,1.000964,-46.474734,0.000000,3.031691,-2.344336,-14.154853,0.434281,4.299805,-52.065884,288.383297,447.800150,209.391350,467.503357,6.717002,286.592096,294.652499,141.504847,562.436988,245.394482,221.661074,276.382253,200.614467,124.488442,251.663684,184.493662,253.902685,8.239523,988.742731,2.149441,164.790455,75.230425,157.625653,78.812826,137.026846,28.927890,26.868009,92.246831,102.994035,75.767785,-82.574348,42.272334,15.225205,67.617823,24.718568,24.091648,4.119761,223.900075
2.280000,1.066651,59.999121,-3.868168,1.090648,60.025976,-3.429706,1.076759,60.022195,-5.256551,1.047031,60.012350,-4.843586,1.042871,60.005953,-3.256430,1.044359,60.005180,-2.567345,1.034040,60.004191,-4.414836,1.032512,60.003631,-4.841527,1.045113,59.990758,-4.460780,1.053224,60.004710,-0.532461,1.049289,60.004943,-1.232809,1.040441,60.005935,-1.328177,1.052436,60.006911,-1.335832,1.054467,60.012273,-3.227973,1.067321,60.023387,-4.543092,1.084760,60.027973,-3.815435,1.086506,60.026161,-4.673652,1.081877,60.024679,-5.244132,1.101407,60.041164,-0.775965,1.042008,60.045855,-2.175887,1.085143,60.027874,-1.860108,1.099526,60.027679,1.764067,1.094112,60.027691,1.608964,1.089606,60.027970,-3.717916,1.099052,60.028107,-2.598189,1.109086,60.025329,-3.757254,1.094392,60.025768,-5.110279,1.115179,60.022571,-1.430579,1.115149,60.021661,0.615585,1.083605,60.038823,-2.451238,1.005785,60.000731,5.874280,1.003796,59.991956,7.389126,1.039176,60.046829,3.181504,1.059925,60.052256,1.276246,1.093053,60.027461,5.834509,1.101646,60.027378,8.099872,1.063720,60.034893,2.650805,1.087031,60.019726,5.920247,1.033053,59.981896,-4.142060,0.999584,1.000038,0.999454,1.001091,1.001090,1.000803,1.000318,1.001250,-46.754367,0.000000,2.752919,-2.011541,-13.857163,0.644717,4.305847,-51.690774,288.383297,447.800150,209.391350,467.503357,6.717002,286.592096,294.652499,141.504847,562.436988,245.394482,221.661074,276.382253,200.614467,124.488442,251.663684,184.493662,253.902685,8.239523,988.742731,2.149441,164.790455,75.230425,157.625653,78.812826,137.026846,28.927890,26.868009,92.246831,102.994035,75.767785,-82.574348,42.272334,15.225205,67.617823,24.718568,24.091648,4.119761,223.900075
2.300000,1.066691,60.000493,-4.050152,1.090910,60.029969,-3.406326,1.077097,60.024647,-5.267385,1.047595,60.011763,-4.939123,1.043470,60.003527,-3.406390,1.044969,60.002343,-2.724741,1.034614,60.001743,-4.577590,1.033066,60.001347,-5.007567,1.045361,59.989653,-4.714240,1.053967,60.001784,-0.693670,1.049990,60.002066,-1.392111,1.041165,60.003347,-1.479019,1.053153,60.004607,-1.478359,1.055081,60.011480,-3.325002,1.067684,60.025415,-4.547258,1.085011,60.031166,-3.781283,1.086777,60.029351,-4.652576,1.082172,60.027592,-5.234984,1.101510,60.046712,-0.636094,1.041821,60.052850,-1.995650,1.085391,60.031053,-1.826740,1.099764,60.030842,1.795944,1.094339,60.030859,1.640954,1.089853,60.031163,-3.683783,1.099431,60.032393,-2.558129,1.109348,60.029556,-3.737529,1.094661,60.029525,-5.089492,1.115328,60.027509,-1.427592,1.115251,60.026845,0.613095,1.083927,60.045365,-2.323757,1.006195,59.992406,5.659985,1.004724,59.985531,7.120086,1.039525,60.052790,3.364046,1.059404,60.061136,1.511133,1.093290,60.030606,5.864713,1.101813,60.030567,8.129680,1.064027,60.039836,2.742760,1.087017,60.025468,5.906266,1.033101,59.981585,-4.455777,0.999567,0.999638,0.999190,1.001234,1.001395,1.000939,1.000449,1.001514,-46.867427,0.000000,2.529743,-1.438334,-13.249324,1.092045,4.541622,-51.022343,288.383297,447.800150,209.391350,467.503357,6.717002,286.592096,294.652499,141.504847,562.436988,245.394482,221.661074,276.382253,200.614467,124.488442,251.663684,184.493662,253.902685,8.239523,988.742731,2.149441,164.790455,75.230425,157.625653,78.812826,137.026846,28.927890,26.868009,92.246831,102.994035,75.767785,-82.574348,42.272334,15.225205,67.617823,24.718568,24.091648,4.119761,223.900075
2.320000,1.066721,60.001699,-4.233471,1.091175,60.033399,-3.367178,1.077481,60.026648,-5.273058,1.048314,60.010996,-5.050181,1.044278,60.001106,-3.584304,1.045797,59.999547,-2.912891,1.035393,59.999306,-4.768425,1.033818,59.999067,-5.200538,1.045698,59.988603,-4.985898,1.054926,59.998958,-0.886013,1.050906,59.999267,-1.582292,1.042104,60.000812,-1.658768,1.054071,60.002331,-1.647861,1.055854,60.010543,-3.438885,1.068106,60.027000,-4.549279,1.085279,60.033810,-3.737068,1.087066,60.032022,-4.621322,1.082496,60.030010,-5.217548,1.101602,60.051448,-0.470376,1.041613,60.058877,-1.779835,1.085642,60.033700,-1.783335,1.099991,60.033508,1.837893,1.094550,60.033525,1.683028,1.090113,60.033807,-3.639591,1.099821,60.036084,-2.500334,1.109588,60.033307,-3.699959,1.094924,60.032778,-5.054374,1.115410,60.032108,-1.401019,1.115277,60.031744,0.636208,1.084227,60.051086,-2.163292,1.006903,59.984498,5.377040,1.005896,59.979703,6.796913,1.039860,60.057888,3.575178,1.058862,60.068884,1.794449,1.093509,60.033301,5.905064,1.101929,60.033302,8.169933,1.064347,60.044041,2.856533,1.086913,60.031049,5.922464,1.033159,59.981364,-4.781809,0.999554,0.999253,0.998951,1.001355,1.001676,1.001054,1.000583,1.001752,-46.817158,0.000000,2.367348,-0.638155,-12.344878,1.763386,5.004489,-50.075670,288.383297,447.800150,209.391350,467.503357,6.717002,286.592096,294.652499,141.504847,562.436988,245.394482,221.661074,276.382253,200.614467,124.488442,251.663684,184.493662,253.902685,8.239523,988.742731,2.149441,164.790455,75.230425,157.625653,78.812826,137.026846,28.927890,26.868009,92.246831,102.994035,75.767785,-82.574348,42.272334,15.225205,67.617823,24.718568,24.091648,4.119761,223.900075
2.340000,1.066725,60.002712,-4.417333,1.091408,60.036212,-3.314455,1.077865,60.028166,-5.274854,1.049129,60.010069,-5.175866,1.045233,59.998737,-3.787815,1.046783,59.996851,-3.129125,1.036320,59.996927,-4.984944,1.034711,59.996831,-5.418123,1.046096,59.987622,-5.273182,1.056035,59.996293,-1.106382,1.051974,59.996606,-1.800411,1.043190,59.998384,-1.864689,1.055127,60.000132,-1.841800,1.056727,60.009484,-3.568451,1.068534,60.028126,-4.550320,1.085517,60.035874,-3.684783,1.087326,60.034139,-4.581687,1.082802,60.031895,-5.193459,1.101644,60.055316,-0.282811,1.041353,60.063854,-1.533685,1.085847,60.035787,-1.731750,1.100158,60.035655,1.888341,1.094696,60.035665,1.733566,1.090338,60.035869,-3.587340,1.100190,60.039127,-2.427226,1.109765,60.036526,-3.646119,1.095139,60.035478,-5.006672,1.115387,60.036299,-1.351504,1.115189,60.036288,0.684662,1.084481,60.055890,-1.974086,1.007854,59.977190,5.031386,1.007249,59.974595,6.426585,1.040148,60.062073,3.810561,1.058274,60.075397,2.119674,1.093661,60.035529,5.954352,1.101949,60.035569,8.219407,1.064656,60.047461,2.988701,1.086687,60.036393,5.969447,1.033223,59.981231,-5.117405,0.999544,0.998890,0.998741,1.001455,1.001929,1.001148,1.000720,1.001958,-46.610062,0.000000,2.269706,0.371730,-11.162875,2.641912,5.687895,-48.871111,288.383297,447.800150,209.391350,467.503357,6.717002,286.592096,294.652499,141.504847,562.436988,245.394482,221.661074,276.382253,200.614467,124.488442,251.663684,184.493662,253.902685,8.239523,988.742731,2.149441,164.790455,75.230425,157.625653,78.812826,137.026846,28.927890,26.868009,92.246831,102.994035,75.767785,-82.574348,42.272334,15.225205,67.617823,24.718568,24.091648,4.119761,223.900075
2.360000,1.066684,60.003516,-4.601097,1.091575,60.038372,-3.250666,1.078200,60.029189,-5.274207,1.049975,60.009006,-5.315121,1.046266,59.996474,-4.014200,1.047855,59.994313,-3.370356,1.037327,59.994654,-5.224406,1.035681,59.994686,-5.657688,1.046525,59.986726,-5.573419,1.057220,59.993849,-1.351240,1.053123,59.994141,-2.043100,1.044349,59.996119,-2.093656,1.056247,59.998063,-2.057277,1.057629,60.008336,-3.712327,1.068908,60.028789,-4.551605,1.085669,60.037341,-3.626582,1.087505,60.035680,-4.535657,1.083038,60.033230,-5.164527,1.101592,60.058279,-0.077718,1.041005,60.067728,-1.262906,1.085952,60.037300,-1.673985,1.100211,60.037274,1.945607,1.094725,60.037269,1.790840,1.090472,60.037333,-3.529190,1.100499,60.041486,-2.341536,1.109833,60.039172,-3.577924,1.095255,60.037593,-4.948412,1.115216,60.040025,-1.280139,1.114946,60.040413,0.757718,1.084668,60.059703,-1.760977,1.008983,59.970641,4.630183,1.008713,59.970311,6.016873,1.040353,60.065309,4.065559,1.057613,60.080600,2.479664,1.093694,60.037284,6.011292,1.101825,60.037366,8.276822,1.064926,60.050066,3.135574,1.086305,60.041427,6.047289,1.033286,59.981182,-5.459843,0.999537,0.998555,0.998565,1.001531,1.002150,1.001220,1.000857,1.002129,-46.255717,0.000000,2.239495,1.570536,-9.727425,3.707230,6.581471,-47.433890,288.383297,447.800150,209.391350,467.503357,6.717002,286.592096,294.652499,141.504847,562.436988,245.394482,221.661074,276.382253,200.614467,124.488442,251.663684,184.493662,253.902685,8.239523,988.742731,2.149441,164.790455,75.230425,157.625653,78.812826,137.026846,28.927890,26.868009,92.246831,102.994035,75.767785,-82.574348,42.272334,15.225205,67.617823,24.718568,24.091648,4.119761,223.900075
2.380000,1.066580,60.004099,-4.784244,1.091639,60.039857,-3.178537,1.078434,60.029717,-5.272607,1.050781,60.007843,-5.466678,1.047304,59.994368,-4.260381,1.048940,59.991992,-3.633098,1.038344,59.992541,-5.483723,1.036658,59.992681,-5.916276,1.046952,59.985932,-5.883839,1.058404,59.991682,-1.616662,1.054274,59.991930,-2.306602,1.045504,59.994068,-2.342177,1.057354,59.996174,-2.291049,1.058487,60.007135,-3.868907,1.069166,60.029001,-4.554335,1.085683,60.038213,-3.564683,1.087552,60.036644,-4.485314,1.083153,60.034015,-5.132643,1.101403,60.060321,0.140388,1.040533,60.070468,-0.973506,1.085902,60.038239,-1.612092,1.100096,60.038364,2.007967,1.094582,60.038340,1.853080,1.090464,60.038202,-3.467360,1.100711,60.043141,-2.246201,1.109750,60.041220,-3.497540,1.095226,60.039108,-4.881800,1.114855,60.043239,-1.188409,1.114507,60.044067,0.854201,1.084762,60.062473,-1.529264,1.010214,59.964987,4.181609,1.010215,59.966930,5.576161,1.040437,60.067576,4.335320,1.056851,60.084444,2.866842,1.093556,60.038566,6.074559,1.101509,60.038693,8.340876,1.065128,60.051842,3.293297,1.085732,60.046082,6.155532,1.033340,59.981215,-5.806442,0.999533,0.998255,0.998424,1.001583,1.002334,1.001269,1.000992,1.002262,-45.766544,0.000000,2.278056,2.934335,-8.067145,4.935829,7.671212,-45.793599,288.383297,447.800150,209.391350,467.503357,6.717002,286.592096,294.652499,141.504847,562.436988,245.394482,221.661074,276.382253,200.614467,124.488442,251.663684,184.493662,253.902685,8.239523,988.742731,2.149441,164.790455,75.230425,157.625653,78.812826,137.026846,28.927890,26.868009,92.246831,102.994035,75.767785,-82.574348,42.272334,15.225205,67.617823,24.718568,24.091648,4.119761,223.900075
2.400000,1.066397,60.004457,-4.966346,1.091566,60.040662,-3.100915,1.078521,60.029766,-5.271512,1.051481,60.006623,-5.629027,1.048276,59.992474,-4.522936,1.049965,59.989942,-3.913504,1.039301,59.990640,-5.759469,1.037577,59.990867,-6.190608,1.047346,59.985260,-6.201576,1.059513,59.989840,-1.898389,1.055354,59.990025,-2.586817,1.046578,59.992284,-2.606432,1.058376,59.994513,-2.539563,1.059234,60.005924,-4.036341,1.069253,60.028789,-4.559601,1.085509,60.038504,-3.501270,1.087417,60.037040,-4.432736,1.083098,60.034261,-5.099683,1.101036,60.061441,0.366902,1.039903,60.072069,-0.671647,1.085647,60.038620,-1.548098,1.099763,60.038936,2.073698,1.094221,60.038887,1.918527,1.090263,60.038491,-3.404036,1.100790,60.044089,-2.144273,1.109472,60.042657,-3.407296,1.095005,60.040022,-4.809126,1.114265,60.045904,-1.078131,1.113835,60.047203,0.972545,1.084745,60.064167,-1.284575,1.011472,59.960332,3.694632,1.011682,59.964505,5.113242,1.040365,60.068866,4.614866,1.055960,60.086911,3.273367,1.093199,60.039379,6.142801,1.100958,60.039557,8.410259,1.065237,60.052791,3.457940,1.084935,60.050296,6.293199,1.033377,59.981328,-6.154582,0.999532,0.997996,0.998323,1.001611,1.002480,1.001295,1.001124,1.002355,-45.157510,0.000000,2.385361,4.436504,-6.214528,6.301584,8.939725,-43.983602,288.383297,447.800150,209.391350,467.503357,6.717002,286.592096,294.652499,141.504847,562.436988,245.394482,221.661074,276.382253,200.614467,124.488442,251.663684,184.493662,253.902685,8.239523,988.742731,2.149441,164.790455,75.230425,157.625653,78.812826,137.026846,28.927890,26.868009,92.246831,102.994035,75.767785,-82.574348,42.272334,15.225205,67.617823,24.718568,24.091648,4.119761,223.900075
2.420000,1.066122,60.004592,-5.147036,1.091328,60.040795,-3.020687,1.078418,60.029361,-5.272284,1.052017,60.005389,-5.800410,1.049118,59.990840,-4.798146,1.050864,59.988212,-4.207410,1.040136,59.989000,-6.047914,1.038375,59.989292,-6.477112,1.047677,59.984729,-6.523689,1.060480,59.988368,-2.191894,1.056298,59.988469,-2.879361,1.047505,59.990808,-2.882328,1.059247,59.993121,-2.799007,1.059809,60.004744,-4.212537,1.069121,60.028185,-4.568338,1.085104,60.038242,-3.438429,1.087060,60.036892,-4.379928,1.082834,60.033994,-5.067434,1.100456,60.061653,0.597223,1.039086,60.072543,-0.363504,1.085145,60.038466,-1.483946,1.099173,60.039007,2.141122,1.093600,60.038931,1.985477,1.089827,60.038227,-3.341298,1.100706,60.044339,-2.038828,1.108965,60.043484,-3.309616,1.094555,60.040348,-4.732685,1.113412,60.047994,-0.951402,1.112898,60.049786,1.110837,1.084596,60.064774,-1.032739,1.012686,59.956749,3.178773,1.013051,59.963062,4.637116,1.040107,60.069186,4.899171,1.054917,60.088004,3.691299,1.092584,60.039729,6.214650,1.100137,60.039968,8.483660,1.065227,60.052926,3.625584,1.083887,60.054008,6.458818,1.033391,59.981521,-6.501708,0.999534,0.997781,0.998262,1.001616,1.002585,1.001299,1.001250,1.002404,-44.445774,0.000000,2.560024,6.048222,-4.205230,7.776299,10.366562,-42.040350,288.383297,447.800150,209.391350,467.503357,6.717002,286.592096,294.652499,141.504847,562.436988,245.394482,221.661074,276.382253,200.614467,124.488442,251.663684,184.493662,253.902685,8.239523,988.742731,2.149441,164.790455,75.230425,157.625653,78.812826,137.026846,28.927890,26.868009,92.246831,102.994035,75.767785,-82.574348,42.272334,15.225205,67.617823,24.718568,24.091648,4.119761,223.900075
2.440000,1.065795,60.004701,-5.324931,1.091012,60.040581,-2.938962,1.078257,60.028999,-5.273475,1.052500,60.004688,-5.975933,1.049913,59.989931,-5.079600,1.051718,59.987245,-4.508103,1.040927,59.988123,-6.342448,1.039131,59.988465,-6.769305,1.047983,59.984597,-6.845824,1.061394,59.987637,-2.490476,1.057190,59.987659,-3.177543,1.048380,59.990044,-3.163431,1.060066,59.992404,-3.063217,1.060339,60.004082,-4.392596,1.068985,60.027752,-4.578235,1.084720,60.037896,-3.375499,1.086684,60.036710,-4.325973,1.082534,60.033747,-5.034652,1.099836,60.061152,0.828020,1.038221,60.072173,-0.053542,1.084741,60.038068,-1.419792,1.098759,60.038407,2.207787,1.093212,60.038350,2.051545,1.089442,60.037896,-3.278401,1.100548,60.044196,-1.931252,1.108358,60.044121,-3.204581,1.094041,60.040601,-4.651866,1.112397,60.049849,-0.808485,1.111786,60.052084,1.268575,1.084367,60.064468,-0.778724,1.013884,59.954381,2.644554,1.014364,59.962699,4.157422,1.039784,60.068464,5.183118,1.053821,60.087833,4.113438,1.092133,60.038845,6.284868,1.099838,60.038692,8.552159,1.065157,60.052377,3.793049,1.082653,60.057321,6.651354,1.033390,59.981867,-6.844957,0.999538,0.997615,0.998241,1.001597,1.002648,1.001281,1.001369,1.002411,-43.650288,0.000000,2.799329,7.739035,-2.077297,9.330309,11.928609,-40.002627,288.383297,447.800150,209.391350,467.503357,6.717002,286.592096,294.652499,141.504847,562.436988,245.394482,221.661074,276.382253,200.614467,124.488442,251.663684,184.493662,253.902685,8.239523,988.742731,2.149441,164.790455,75.230425,157.625653,78.812826,137.026846,28.927890,26.868009,92.246831,102.994035,75.767785,-82.574348,42.272334,15.225205,67.617823,24.718568,24.091648,4.119761,223.900075
2.460000,1.065393,60.004480,-5.500177,1.090561,60.039508,-2.859472,1.077947,60.027902,-5.277627,1.052828,60.003682,-6.154973,1.050566,59.989043,-5.364507,1.052430,59.986373,-4.812311,1.041582,59.987253,-6.640291,1.039753,59.987619,-7.064571,1.048221,59.984475,-7.165586,1.062154,59.987064,-2.790527,1.057933,59.986984,-3.477890,1.049098,59.989368,-3.446588,1.060730,59.991732,-3.329341,1.060713,60.003184,-4.575533,1.068705,60.026595,-4.591685,1.084207,60.036705,-3.315968,1.086164,60.035671,-4.274298,1.082088,60.032669,-5.004505,1.099085,60.059608,1.053595,1.037238,60.070503,0.250941,1.084233,60.036943,-1.358736,1.098269,60.037404,2.271829,1.092773,60.037326,2.115082,1.088940,60.036705,-3.218872,1.100255,60.043179,-1.825469,1.107567,60.043857,-3.095989,1.093358,60.039935,-4.570458,1.111150,60.050830,-0.653026,1.110435,60.053549,1.442309,1.084026,60.062974,-0.528892,1.014986,59.953037,2.101189,1.015543,59.963200,3.682357,1.039338,60.066769,5.460691,1.052626,60.086209,4.531033,1.091603,60.037989,6.352714,1.099610,60.037768,8.618604,1.064986,60.050965,3.956011,1.081183,60.059903,6.867828,1.033368,59.982253,-7.182032,0.999546,0.997500,0.998261,1.001555,1.002669,1.001243,1.001477,1.002374,-42.791348,0.000000,3.099276,9.477458,0.129630,10.933087,13.600527,-37.910713,288.383297,447.800150,209.391350,467.503357,6.717002,286.592096,294.652499,141.504847,562.436988,245.394482,221.661074,276.382253,200.614467,124.488442,251.663684,184.493662,253.902685,8.239523,988.742731,2.149441,164.790455,75.230425,157.625653,78.812826,137.026846,28.927890,26.868009,92.246831,102.994035,75.767785,-82.574348,42.272334,15.225205,67.617823,24.718568,24.091648,4.119761,223.900075
2.480000,1.064911,60.004071,-5.672589,1.089954,60.037841,-2.785120,1.077456,60.026459,-5.285971,1.052958,60.002780,-6.335513,1.051028,59.988516,-5.648903,1.052951,59.985918,-5.115638,1.042055,59.986753,-6.937455,1.040198,59.987121,-7.359082,1.048372,59.984541,-7.480107,1.062713,59.986929,-3.087444,1.058476,59.986736,-3.775889,1.049611,59.989081,-3.727578,1.061190,59.991410,-3.593442,1.060884,60.002423,-4.759043,1.068236,60.025176,-4.609374,1.083517,60.035083,-3.261684,1.085458,60.034198,-4.226790,1.081457,60.031190,-4.978658,1.098168,60.057285,1.269825,1.036111,60.067851,0.544242,1.083563,60.035390,-1.302429,1.097634,60.035978,2.332029,1.092205,60.035880,2.174629,1.088267,60.035083,-3.164591,1.099804,60.041548,-1.724514,1.106561,60.043029,-2.986560,1.092470,60.038762,-4.490859,1.109646,60.051196,-0.487984,1.108820,60.054389,1.629072,1.083561,60.060444,-0.289226,1.015938,59.952822,1.558542,1.016542,59.964635,3.220420,1.038738,60.064224,5.727524,1.051314,60.083339,4.936581,1.090928,60.036715,6.417809,1.099337,60.036428,8.681808,1.064698,60.048847,4.110885,1.079458,60.061837,7.105282,1.033319,59.982719,-7.510688,0.999556,0.997438,0.998320,1.001492,1.002649,1.001187,1.001574,1.002294,-41.890143,0.000000,3.454664,11.231605,2.375121,12.553862,15.355243,-35.805584,288.383297,447.800150,209.391350,467.503357,6.717002,286.592096,294.652499,141.504847,562.436988,245.394482,221.661074,276.382253,200.614467,124.488442,251.663684,184.493662,253.902685,8.239523,988.742731,2.149441,164.790455,75.230425,157.625653,78.812826,137.026846,28.927890,26.868009,92.246831,102.994035,75.767785,-82.574348,42.272334,15.225205,67.617823,24.718568,24.091648,4.119761,223.900075
2.500000,1.064352,60.003488,-5.841838,1.089197,60.035611,-2.718430,1.076787,60.024697,-5.299259,1.052882,60.001995,-6.515131,1.051288,59.988346,-5.928583,1.053270,59.985871,-5.413497,1.042332,59.986621,-7.229665,1.040453,59.986972,-7.648709,1.048428,59.984793,-7.786415,1.063056,59.987210,-3.376550,1.058808,59.986900,-4.066911,1.049905,59.989167,-4.002048,1.061435,59.991425,-3.851441,1.060844,60.001802,-4.940505,1.067578,60.023517,-4.631479,1.082654,60.033054,-3.214033,1.084570,60.032317,-4.184843,1.080646,60.029337,-4.958261,1.097090,60.054214,1.472831,1.034846,60.064266,0.821109,1.082733,60.033430,-1.252252,1.096860,60.034142,2.387000,1.091513,60.034026,2.228811,1.087429,60.033055,-3.116935,1.099198,60.039336,-1.631042,1.105343,60.041654,-2.878668,1.091381,60.037105,-4.414998,1.107884,60.050942,-0.316198,1.106942,60.054586,1.825890,1.082977,60.056926,-0.065354,1.016718,59.953671,1.026073,1.017345,59.966925,2.779606,1.037985,60.060842,5.979144,1.049889,60.079283,5.322984,1.090113,60.035023,6.478744,1.099023,60.034680,8.740415,1.064291,60.046068,4.254402,1.077478,60.063081,7.360473,1.033243,59.983262,-7.828744,0.999569,0.997428,0.998416,1.001409,1.002589,1.001114,1.001657,1.002174,-40.968267,0.000000,3.859214,12.969800,4.618795,14.162227,17.164487,-33.728069,288.383297,447.800150,209.391350,467.503357,6.717002,286.592096,294.652499,141.504847,562.436988,245.394482,221.661074,276.382253,200.614467,124.488442,251.663684,184.493662,253.902685,8.239523,988.742731,2.149441,164.790455,75.230425,157.625653,78.812826,137.026846,28.927890,26.868009,92.246831,102.994035,75.767785,-82.574348,42.272334,15.225205,67.617823,24.718568,24.091648,4.119761,223.900075
2.520000,1.063727,60.002748,-6.007591,1.088301,60.032857,-2.661764,1.075952,60.022646,-5.318134,1.052607,60.001329,-6.691454,1.051346,59.988519,-6.199519,1.053384,59.986213,-5.701516,1.042415,59.986845,-7.512800,1.040519,59.987162,-7.929462,1.048392,59.985228,-8.081667,1.063186,59.987878,-3.653460,1.058929,59.987449,-4.346592,1.049982,59.989603,-4.265892,1.061467,59.991755,-4.099488,1.060601,60.001320,-5.117398,1.066745,60.021644,-4.658094,1.081633,60.030653,-3.174271,1.083514,60.030061,-4.149733,1.079666,60.027144,-4.944341,1.095869,60.050446,1.658967,1.033460,60.059818,1.076651,1.081760,60.031094,-1.209484,1.095958,60.031918,2.435403,1.090709,60.031787,2.276309,1.086440,60.030656,-3.077157,1.098444,60.036584,-1.547537,1.103923,60.039755,-2.774635,1.090104,60.034996,-4.344706,1.105874,60.050066,-0.140630,1.104810,60.054128,2.029595,1.082283,60.052479,0.137386,1.017316,59.955506,0.512612,1.017945,59.969978,2.367182,1.037091,60.056675,6.211260,1.048364,60.074122,5.683574,1.089172,60.032929,6.534089,1.098674,60.032541,8.793077,1.063770,60.042680,4.383549,1.075248,60.063602,7.629796,1.033142,59.983879,-8.134140,0.999584,0.997469,0.998545,1.001307,1.002490,1.001025,1.001724,1.002015,-40.047249,0.000000,4.305697,14.661179,6.821133,15.728726,18.999348,-31.718010,288.383297,447.800150,209.391350,467.503357,6.717002,286.592096,294.652499,141.504847,562.436988,245.394482,221.661074,276.382253,200.614467,124.488442,251.663684,184.493662,253.902685,8.239523,988.742731,2.149441,164.790455,75.230425,157.625653,78.812826,137.026846,28.927890,26.868009,92.246831,102.994035,75.767785,-82.574348,42.272334,15.225205,67.617823,24.718568,24.091648,4.119761,223.900075
2.540000,1.063050,60.001866,-6.169499,1.087285,60.029623,-2.617290,1.074973,60.020336,-5.343137,1.052151,60.000781,-6.862215,1.051215,59.989010,-6.457941,1.053307,59.986914,-5.975618,1.042315,59.987403,-7.782982,1.040407,59.987671,-8.197574,1.048269,59.985835,-8.363184,1.063115,59.988893,-3.914151,1.058851,59.988347,-4.610904,1.049857,59.990357,-4.515321,1.061300,59.992369,-4.334038,1.060170,60.000966,-5.287355,1.065759,60.019580,-4.689242,1.080478,60.027916,-3.143507,1.082311,60.027462,-4.122604,1.078541,60.024642,-4.937798,1.094526,60.046044,1.824909,1.031974,60.054590,1.306430,1.080663,60.028413,-1.175285,1.094949,60.029333,2.475976,1.089809,60.029191,2.315885,1.085322,60.027921,-3.046360,1.097560,60.033337,-1.476276,1.102321,60.037359,-2.676706,1.088658,60.032464,-4.281699,1.103634,60.048573,0.035674,1.102439,60.053013,2.236869,1.081491,60.047176,0.314033,1.017736,59.958231,0.026247,1.018347,59.973690,1.989589,1.036073,60.051786,6.419905,1.046760,60.067955,6.012240,1.088124,60.030453,6.582447,1.098296,60.030034,8.838492,1.063145,60.038742,4.495616,1.072784,60.063376,7.909341,1.033019,59.984567,-8.424952,0.999601,0.997561,0.998706,1.001190,1.002356,1.000924,1.001774,1.001820,-39.148083,0.000000,4.786070,16.276273,8.944234,17.225399,20.830825,-29.813463,288.383297,447.800150,209.391350,467.503357,6.717002,286.592096,294.652499,141.504847,562.436988,245.394482,221.661074,276.382253,200.614467,124.488442,251.663684,184.493662,253.902685,8.239523,988.742731,2.149441,164.790455,75.230425,157.625653,78.812826,137.026846,28.927890,26.868009,92.246831,102.994035,75.767785,-82.574348,42.272334,15.225205,67.617823,24.718568,24.091648,4.119761,223.900075
2.560000,1.062337,60.000861,-6.327197,1.086171,60.025958,-2.586942,1.073878,60.017794,-5.374707,1.051537,60.000339,-7.025312,1.050916,59.989784,-6.700408,1.053058,59.987932,-6.232096,1.042051,59.988260,-8.036655,1.040136,59.988468,-8.449582,1.048069,59.986598,-8.628496,1.062864,59.990207,-4.155036,1.058596,59.989548,-4.856235,1.049550,59.991385,-4.746939,1.060957,59.993228,-4.551914,1.059578,60.000725,-5.448217,1.064650,60.017349,-4.724890,1.079216,60.024878,-3.122700,1.080991,60.024556,-4.104463,1.077297,60.021864,-4.939407,1.093092,60.041078,1.967704,1.030418,60.048670,1.506527,1.079470,60.025421,-1.150686,1.093856,60.026416,2.507550,1.088836,60.026266,2.346400,1.084102,60.024886,-3.025501,1.096567,60.029646,-1.419297,1.100562,60.034497,-2.587020,1.087072,60.029544,-4.227561,1.101188,60.046477,0.209629,1.099854,60.051244,2.444291,1.080620,60.041101,0.460094,1.017993,59.961739,-0.425786,1.018565,59.977945,1.652359,1.034957,60.046252,6.601526,1.045101,60.060890,6.303520,1.086994,60.027619,6.622475,1.097899,60.027183,8.875421,1.062432,60.034320,4.588240,1.070102,60.062387,8.194954,1.032876,59.985318,-8.699401,0.999621,0.997699,0.998892,1.001058,1.002189,1.000813,1.001806,1.001593,-38.290798,0.000000,5.291629,17.787543,10.952520,18.626265,22.630363,-28.049945,288.383297,447.800150,209.391350,467.503357,6.717002,286.592096,294.652499,141.504847,562.436988,245.394482,221.661074,276.382253,200.614467,124.488442,251.663684,184.493662,253.902685,8.239523,988.742731,2.149441,164.790455,75.230425,157.625653,78.812826,137.026846,28.927890,26.868009,92.246831,102.994035,75.767785,-82.574348,42.272334,15.225205,67.617823,24.718568,24.091648,4.119761,223.900075
2.580000,1.061604,59.999752,-6.480289,1.084986,60.021917,-2.572389,1.072697,60.015050,-5.413188,1.050798,59.999988,-7.178854,1.050476,59.990799,-6.923874,1.052665,59.989220,-6.467684,1.041650,59.989376,-8.270647,1.039732,59.989514,-8.682390,1.047806,59.987497,-8.875372,1.062460,59.991762,-4.373024,1.058190,59.990998,-5.079445,1.049091,59.992638,-4.957797,1.060466,59.994287,-4.750360,1.058855,60.000574,-5.598078,1.063452,60.014969,-4.764965,1.077881,60.021576,-3.112657,1.079585,60.021377,-4.096175,1.075969,60.018842,-4.949814,1.091600,60.035624,2.084820,1.028822,60.042157,1.673594,1.078210,60.022152,-1.136579,1.092706,60.023199,2.529073,1.087813,60.023047,2.366830,1.082812,60.021587,-3.015384,1.095488,60.025564,-1.378370,1.098676,60.031204,-2.507585,1.085377,60.026273,-4.183734,1.098565,60.043794,0.378158,1.097082,60.048832,2.648394,1.079688,60.034354,0.571650,1.018106,59.965914,-0.837173,1.018615,59.982620,1.360045,1.033769,60.040156,6.753044,1.043415,60.053048,6.552685,1.085807,60.024457,6.652920,1.097491,60.024018,8.902709,1.061646,60.029483,4.659433,1.067230,60.060630,8.482311,1.032721,59.986126,-8.955864,0.999642,0.997881,0.999099,1.000914,1.001995,1.000692,1.001819,1.001339,-37.494060,0.000000,5.813161,19.169859,12.813357,19.907750,24.370365,-26.459755,288.383297,447.800150,209.391350,467.503357,6.717002,286.592096,294.652499,141.504847,562.436988,245.394482,221.661074,276.382253,200.614467,124.488442,251.663684,184.493662,253.902685,8.239523,988.742731,2.149441,164.790455,75.230425,157.625653,78.812826,137.026846,28.927890,26.868009,92.246831,102.994035,75.767785,-82.574348,42.272334,15.225205,67.617823,24.718568,24.091648,4.119761,223.900075
2.600000,1.060871,59.998560,-6.628349,1.083759,60.017559,-2.574991,1.071464,60.012134,-5.458815,1.049966,59.999706,-7.321197,1.049925,59.992007,-7.125731,1.052158,59.990723,-6.679596,1.041140,59.990702,-8.482231,1.039223,59.990762,-8.893326,1.047495,59.988510,-9.101846,1.061934,59.993499,-4.565559,1.057664,59.992641,-5.277911,1.048511,59.994061,-5.145435,1.059859,59.995494,-4.927087,1.058035,60.000488,-5.735314,1.062201,60.012460,-4.809362,1.076507,60.018048,-3.114022,1.078128,60.017963,-4.098455,1.074589,60.015612,-4.969531,1.090084,60.029761,2.174183,1.027219,60.035153,1.804898,1.076917,60.018643,-1.133704,1.091528,60.019719,2.539630,1.086766,60.019567,2.376290,1.081485,60.018063,-3.016654,1.094350,60.021150,-1.354958,1.096695,60.027520,-2.440239,1.083606,60.022688,-4.151490,1.095797,60.040552,0.538242,1.094155,60.045798,2.845724,1.078716,60.027048,0.645449,1.018101,59.970635,-1.202575,1.018520,59.987589,1.116188,1.032537,60.033593,6.871917,1.041731,60.044560,6.755806,1.084592,60.021000,6.672655,1.097082,60.020572,8.919327,1.060808,60.024304,4.707621,1.064194,60.058112,8.766988,1.032557,59.986984,-9.192877,0.999664,0.998101,0.999323,1.000760,1.001775,1.000566,1.001812,1.001062,-36.774823,0.000000,6.341107,20.400906,14.497589,21.049036,26.024662,-25.071385,288.383297,447.800150,209.391350,467.503357,6.717002,286.592096,294.652499,141.504847,562.436988,245.394482,221.661074,276.382253,200.614467,124.488442,251.663684,184.493662,253.902685,8.239523,988.742731,2.149441,164.790455,75.230425,157.625653,78.812826,137.026846,28.927890,26.868009,92.246831,102.994035,75.767785,-82.574348,42.272334,15.225205,67.617823,24.718568,24.091648,4.119761,223.900075
2.620000,1.060154,59.997305,-6.770906,1.082517,60.012950,-2.595760,1.070212,60.009077,-5.511711,1.049074,59.999471,-7.450964,1.049294,59.993358,-7.303840,1.051566,59.992385,-6.865556,1.040550,59.992185,-8.669151,1.038637,59.992164,-9.080172,1.047149,59.989610,-9.306238,1.061316,59.995354,-4.730642,1.057048,59.994414,-5.449548,1.047842,59.995597,-5.307905,1.059166,59.996796,-5.080286,1.057150,60.000439,-5.858606,1.060931,60.009842,-4.857948,1.075127,60.014335,-3.127264,1.076653,60.014351,-4.111852,1.073191,60.012210,-4.998920,1.088579,60.023576,2.234216,1.025642,60.027765,1.898366,1.075620,60.014936,-1.142629,1.090348,60.016014,2.538473,1.085720,60.015867,2.374061,1.080154,60.014352,-3.029781,1.093179,60.016467,-1.350194,1.094653,60.023490,-2.386621,1.081794,60.018833,-4.131915,1.092922,60.036784,0.686975,1.091109,60.042171,3.032899,1.077725,60.019308,0.678998,1.018004,59.975778,-1.517639,1.018299,59.992721,0.923293,1.031291,60.026660,6.956196,1.040077,60.035563,6.909823,1.083378,60.017291,6.680720,1.096680,60.016884,8.924399,1.059935,60.018859,4.731661,1.061027,60.054847,9.044541,1.032390,59.987883,-9.409142,0.999688,0.998355,0.999557,1.000600,1.001535,1.000436,1.001784,1.000768,-36.148031,0.000000,6.865716,21.461523,15.979988,22.032341,27.568938,-23.909019,288.383297,447.800150,209.391350,467.503357,6.717002,286.592096,294.652499,141.504847,562.436988,245.394482,221.661074,276.382253,200.614467,124.488442,251.663684,184.493662,253.902685,8.239523,988.742731,2.149441,164.790455,75.230425,157.625653,78.812826,137.026846,28.927890,26.868009,92.246831,102.994034,75.767785,-82.574348,42.272334,15.225205,67.617823,24.718568,24.091648,4.119761,223.900075
2.640000,1.059470,59.996011,-6.907442,1.081286,60.008159,-2.635324,1.068971,60.005914,-5.571866,1.048155,59.999259,-7.567057,1.048611,59.994798,-7.456545,1.050918,59.994147,-7.023819,1.039908,59.993771,-8.829649,1.038002,59.993668,-9.241191,1.046784,59.990772,-9.487166,1.060633,59.997262,-4.866845,1.056371,59.996256,-5.592827,1.047112,59.997189,-5.443781,1.058417,59.998140,-5.208643,1.056233,60.000400,-5.966944,1.059676,60.007134,-4.910553,1.073774,60.010477,-3.152668,1.075193,60.010582,-4.136734,1.071806,60.008673,-5.038186,1.087115,60.017158,2.263866,1.024119,60.020106,1.952607,1.074349,60.011071,-1.163734,1.089194,60.012129,2.525055,1.084696,60.011990,2.359616,1.078848,60.010497,-3.055051,1.092001,60.011583,-1.364839,1.092584,60.019164,-2.348131,1.079974,60.014754,-4.125883,1.089975,60.032532,0.821622,1.087981,60.037987,3.206680,1.076735,60.011271,0.670653,1.017839,59.981223,-1.778998,1.017975,59.997890,0.782835,1.030057,60.019463,7.004558,1.038481,60.026201,7.012588,1.082189,60.013374,6.676366,1.096295,60.012997,8.917245,1.059048,60.013229,4.730871,1.057763,60.050865,9.310590,1.032225,59.988815,-9.603532,0.999713,0.998636,0.999797,1.000434,1.001280,1.000304,1.001736,1.000462,-35.626378,0.000000,7.377215,22.335959,17.239598,22.843128,28.981107,-22.992135,288.383297,447.800150,209.391350,467.503357,6.717002,286.592096,294.652499,141.504847,562.436988,245.394482,221.661074,276.382253,200.614467,124.488442,251.663684,184.493662,253.902685,8.239523,988.742731,2.149441,164.790455,75.230425,157.625653,78.812826,137.026846,28.927890,26.868009,92.246831,102.994034,75.767785,-82.574348,42.272334,15.225205,67.617823,24.718568,24.091648,4.119761,223.900075
2.660000,1.058833,59.994699,-7.037381,1.080089,60.003261,-2.693895,1.067769,60.002680,-5.639128,1.047233,59.999046,-7.668659,1.047900,59.996275,-7.582675,1.050239,59.995951,-7.153165,1.039238,59.995406,-8.962470,1.037339,59.995219,-9.375132,1.046412,59.991969,-9.643548,1.059911,59.999162,-4.973301,1.055656,59.998106,-5.706766,1.046348,59.998780,-5.552158,1.057636,59.999473,-5.311333,1.055309,60.000342,-6.059626,1.058462,60.004357,-4.966969,1.072473,60.006519,-3.190314,1.073774,60.006701,-4.173270,1.070463,60.005042,-5.087356,1.085720,60.010599,2.262627,1.022678,60.012290,1.966939,1.073128,60.007093,-1.197189,1.088087,60.008112,2.499050,1.083716,60.007983,2.332653,1.077594,60.006541,-3.092548,1.090838,60.006569,-1.399269,1.090519,60.014596,-2.325901,1.078177,60.010499,-4.134033,1.086995,60.027845,0.939674,1.084810,60.033295,3.364028,1.075763,60.003079,0.619670,1.017629,59.986851,-1.984252,1.017563,60.002972,0.695278,1.028860,60.012110,7.016345,1.036966,60.016624,7.062903,1.081048,60.009302,6.659091,1.095933,60.008962,8.897418,1.058163,60.007494,4.705035,1.054439,60.046205,9.560900,1.032067,59.989771,-9.775091,0.999739,0.998939,1.000037,1.000267,1.001014,1.000171,1.001668,1.000150,-35.220110,0.000000,7.865967,23.012067,18.259996,23.470246,30.241636,-22.335213,288.383297,447.800150,209.391350,467.503357,6.717002,286.592096,294.652499,141.504847,562.436988,245.394482,221.661074,276.382253,200.614467,124.488442,251.663684,184.493662,253.902685,8.239523,988.742731,2.149441,164.790455,75.230425,157.625653,78.812826,137.026846,28.927890,26.868009,92.246831,102.994034,75.767785,-82.574348,42.272334,15.225205,67.617823,24.718568,24.091648,4.119761,223.900075
2.680000,1.058240,59.993189,-7.160431,1.078915,59.998010,-2.771784,1.066578,59.998898,-5.714033,1.046285,59.998226,-7.756189,1.047143,59.997227,-7.682388,1.049509,59.997250,-7.253704,1.038521,59.996496,-9.067749,1.036632,59.996226,-9.482124,1.046025,59.992903,-9.775053,1.059127,60.000554,-5.050416,1.054883,59.999447,-5.791675,1.045525,59.999850,-5.633407,1.056800,60.000277,-5.388781,1.054348,59.999698,-6.137141,1.057238,60.000923,-5.027936,1.071164,60.001992,-3.240904,1.072352,60.002212,-4.222304,1.069122,60.000799,-5.147189,1.084361,60.003744,2.230158,1.021293,60.004125,1.940898,1.071867,60.002685,-1.243507,1.086906,60.004084,2.460564,1.082638,60.004039,2.293419,1.076318,60.002006,-3.142987,1.089677,60.001189,-1.453953,1.088440,60.009409,-2.321475,1.076371,60.005586,-4.157620,1.083980,60.022415,1.038302,1.081598,60.027852,3.501687,1.074806,59.994730,0.526007,1.017364,59.992314,-2.132329,1.017050,60.007647,0.659785,1.027681,60.004651,6.991488,1.035519,60.006850,7.060331,1.079840,60.005596,6.629522,1.095355,60.006502,8.867644,1.057273,60.001603,4.654199,1.051065,60.040774,9.791228,1.031917,59.990671,-9.923154,0.999766,0.999257,1.000270,1.000100,1.000742,1.000040,1.001579,0.999839,-34.936892,0.000000,8.322638,23.481421,19.029459,23.906007,31.333816,-21.947546,288.383297,447.800150,209.391350,467.503357,6.717002,286.592096,294.652499,141.504847,562.436988,245.394482,221.661074,276.382253,200.614467,124.488442,251.663684,184.493662,253.902685,8.239523,988.742731,2.149441,164.790455,75.230425,157.625653,78.812826,137.026846,28.927890,26.868009,92.246831,102.994034,75.767785,-82.574348,42.272334,15.225205,67.617823,24.718568,24.091648,4.119761,223.900075
2.700000,1.057646,59.991835,-7.277170,1.077661,59.993042,-2.870184,1.065247,59.995508,-5.799017,1.045157,59.997802,-7.832650,1.046208,59.998506,-7.758308,1.048600,59.998860,-7.327954,1.037633,59.997929,-9.148254,1.035760,59.997577,-9.564942,1.045565,59.993998,-9.882823,1.058142,60.002177,-5.100764,1.053917,60.001047,-5.850115,1.044500,60.001186,-5.690142,1.055760,60.001349,-5.443635,1.053180,59.999413,-6.202353,1.055757,59.997963,-5.096480,1.069572,59.997899,-3.306835,1.070702,59.998138,-4.286549,1.067587,59.996982,-5.220448,1.082835,59.997279,2.166382,1.019802,59.996382,1.874057,1.070201,59.998645,-1.304138,1.085207,60.000145,2.410670,1.080963,59.999963,2.242225,1.074714,59.997900,-3.208937,1.088413,59.996067,-1.530124,1.086206,60.004436,-2.337800,1.074377,60.001017,-4.199749,1.080829,60.016945,1.113542,1.078257,60.022248,3.615553,1.073808,59.986621,0.389885,1.016957,59.997974,-2.223723,1.016339,60.012226,0.674073,1.026366,59.997595,6.931782,1.034019,59.997404,7.005528,1.078131,60.001985,6.592785,1.093776,60.002232,8.832680,1.056305,59.995922,4.578580,1.047583,60.034910,9.997149,1.031761,59.991598,-10.047652,0.999793,0.999584,1.000493,0.999935,1.000468,0.999913,1.001472,0.999533,-34.781707,0.000000,8.738378,23.739392,19.541083,24.146231,32.244010,-21.833158,288.383297,447.800150,209.391350,467.503357,6.717002,286.592096,294.652499,141.504847,562.436988,245.394482,221.661074,276.382253,200.614467,124.488442,251.663684,184.493662,253.902685,8.239523,988.742731,2.149441,164.790455,75.230425,157.625653,78.812826,137.026846,28.927890,26.868009,92.246831,102.994034,75.767785,-82.574348,42.272334,15.225205,67.617823,24.718568,24.091648,4.119761,223.900075
2.720000,1.057112,59.990588,-7.385437,1.076464,59.988273,-2.985661,1.063974,59.992286,-5.889729,1.044044,59.997456,-7.893833,1.045260,59.999798,-7.807014,1.047674,60.000463,-7.372704,1.036730,59.999385,-9.200382,1.034874,59.998960,-9.619934,1.045107,59.995121,-9.964789,1.057131,60.003719,-5.121866,1.052927,60.002593,-5.879350,1.043453,60.002471,-5.719554,1.054703,60.002376,-5.473038,1.052021,59.999165,-6.251479,1.054333,59.995145,-5.167669,1.068047,59.993951,-3.383586,1.069117,59.994212,-4.361483,1.066115,59.993331,-5.302473,1.081385,59.990914,2.074253,1.018397,59.988825,1.770061,1.068597,59.994686,-1.375555,1.083561,59.996146,2.349899,1.079335,59.995986,2.180238,1.073174,59.993960,-3.285644,1.087186,59.991101,-1.624683,1.084026,59.999508,-2.371855,1.072443,59.996560,-4.256327,1.077724,60.011320,1.166518,1.074958,60.016398,3.705742,1.072849,59.978840,0.214516,1.016513,60.003511,-2.257101,1.015546,60.016411,0.737378,1.025090,59.990519,6.838740,1.032603,59.988154,6.901245,1.076478,59.997915,6.544977,1.092209,59.998262,8.787109,1.055351,59.990385,4.480391,1.044128,60.028584,10.176466,1.031615,59.992547,-10.147699,0.999820,0.999914,1.000700,0.999775,1.000197,0.999790,1.001347,0.999238,-34.756800,0.000000,9.105011,23.785153,19.792850,24.190236,32.961885,-21.990809,288.383297,447.800150,209.391350,467.503357,6.717002,286.592096,294.652499,141.504847,562.436988,245.394482,221.661074,276.382253,200.614467,124.488442,251.663684,184.493662,253.902685,8.239523,988.742731,2.149441,164.790455,75.230425,157.625653,78.812826,137.026846,28.927890,26.868009,92.246831,102.994034,75.767785,-82.574348,42.272334,15.225205,67.617823,24.718568,24.091648,4.119761,223.900075
2.740000,1.056645,59.989425,-7.484363,1.075344,59.983708,-3.116639,1.062784,59.989165,-5.985251,1.042968,59.997059,-7.939771,1.044319,60.000966,-7.829002,1.046750,60.001925,-7.388569,1.035832,60.000719,-9.224595,1.033994,60.000229,-9.647504,1.044658,59.996195,-10.020921,1.056112,60.005053,-5.114826,1.051933,60.003953,-5.880312,1.042407,60.003578,-5.722537,1.053649,60.003229,-5.477856,1.050894,59.998832,-6.284808,1.052998,59.992370,-5.241012,1.066624,59.990092,-3.470437,1.067628,59.990372,-4.446369,1.064736,59.989773,-5.392434,1.080044,59.984742,1.955048,1.017106,59.981540,1.630758,1.067096,59.990798,-1.457238,1.082018,59.992183,2.278404,1.077805,59.992048,2.107703,1.071736,59.990109,-3.372394,1.086018,59.986297,-1.736356,1.081935,59.994603,-2.423369,1.070606,59.992163,-4.326802,1.074712,60.005539,1.196203,1.071748,60.010315,3.770670,1.071943,59.971480,0.002899,1.016044,60.008806,-2.233708,1.014685,60.020083,0.846502,1.023888,59.983642,6.713502,1.031295,59.979247,6.749764,1.074928,59.993835,6.485710,1.090722,59.994264,8.730719,1.054432,59.985042,4.361118,1.040748,60.021847,10.326290,1.031484,59.993492,-10.222975,0.999848,1.000239,1.000886,0.999622,0.999934,0.999673,1.001205,0.998959,-34.861706,0.000000,9.415174,23.621565,19.787488,24.040733,33.480459,-22.414104,288.383297,447.800150,209.391350,467.503357,6.717002,286.592096,294.652499,141.504847,562.436988,245.394482,221.661074,276.382253,200.614467,124.488442,251.663684,184.493662,253.902685,8.239523,988.742731,2.149441,164.790455,75.230425,157.625653,78.812826,137.026846,28.927890,26.868009,92.246831,102.994034,75.767785,-82.574348,42.272334,15.225205,67.617823,24.718568,24.091648,4.119761,223.900075
2.760000,1.056249,59.988358,-7.573088,1.074311,59.979407,-3.261186,1.061685,59.986170,-6.084543,1.041937,59.996586,-7.970750,1.043392,60.001963,-7.825178,1.045835,60.003197,-7.376593,1.034944,60.001881,-9.221804,1.033125,60.001335,-9.648500,1.044223,59.997194,-10.051495,1.055094,60.006133,-5.081155,1.050943,60.005082,-5.854351,1.041367,60.004464,-5.700377,1.052606,60.003872,-5.459311,1.049808,59.998391,-6.302863,1.051764,59.989656,-5.315924,1.065320,59.986361,-3.566372,1.066253,59.986653,-4.540230,1.063462,59.986341,-5.489316,1.078826,59.978862,1.810819,1.015941,59.974634,1.458803,1.065717,59.987029,-1.548257,1.080598,59.988321,2.196943,1.076395,59.988212,2.025389,1.070416,59.986384,-3.468178,1.084921,59.981716,-1.863501,1.079958,59.989774,-2.491742,1.068884,59.987868,-4.410353,1.071828,59.999667,1.201964,1.068666,60.004072,3.809186,1.071099,59.964663,-0.241183,1.015553,60.013774,-2.155468,1.013764,60.023168,0.997609,1.022775,59.977097,6.558328,1.030105,59.970824,6.554402,1.073504,59.989838,6.415542,1.089344,59.990329,8.663929,1.053556,59.979967,4.222689,1.037481,60.014782,10.444229,1.031368,59.994422,-10.273360,0.999875,1.000554,1.001049,0.999477,0.999682,0.999563,1.001049,0.998702,-35.093316,0.000000,9.662466,23.255066,19.532271,23.703692,33.796135,-23.091697,288.383297,447.800150,209.391350,467.503357,6.717002,286.592096,294.652499,141.504847,562.436988,245.394482,221.661074,276.382253,200.614467,124.488442,251.663684,184.493662,253.902685,8.239523,988.742731,2.149441,164.790455,75.230425,157.625653,78.812826,137.026846,28.927890,26.868009,92.246831,102.994034,75.767785,-82.574348,42.272334,15.225205,67.617823,24.718568,24.091648,4.119761,223.900075
2.780000,1.055922,59.987402,-7.650779,1.073366,59.975424,-3.417075,1.060678,59.983328,-6.186501,1.040947,59.996019,-7.987324,1.042475,60.002753,-7.796864,1.044924,60.004236,-7.338261,1.034063,60.002829,-9.193362,1.032265,60.002237,-9.624206,1.043800,59.998095,-10.057083,1.054073,60.006920,-5.022784,1.049953,60.005940,-5.803236,1.040333,60.005092,-5.654757,1.051572,60.004270,-5.418998,1.048760,59.997824,-6.306427,1.050630,59.987017,-5.391826,1.064134,59.982793,-3.670232,1.064993,59.983091,-4.641956,1.062295,59.983063,-5.592007,1.077731,59.973351,1.644097,1.014899,59.968198,1.257419,1.064464,59.983418,-1.647501,1.079307,59.984612,2.106561,1.075112,59.984526,1.934328,1.069216,59.982821,-3.571848,1.083897,59.977413,-2.004182,1.078110,59.985075,-2.576103,1.067288,59.983719,-4.505967,1.069102,59.993774,1.183538,1.065744,59.997742,3.820546,1.070318,59.958496,-0.513254,1.015032,60.018330,-2.025040,1.012783,60.025601,1.186250,1.021754,59.970982,6.376143,1.029031,59.963008,6.319286,1.072210,59.985990,6.335457,1.088086,59.986527,8.587594,1.052729,59.975220,4.067388,1.034364,60.007475,10.528386,1.031267,59.995327,-10.298932,0.999901,1.000852,1.001184,0.999343,0.999445,0.999461,1.000879,0.998471,-35.445968,0.000000,9.841597,22.695504,19.038786,23.188184,33.908699,-24.007590,288.383297,447.800150,209.391350,467.503357,6.717002,286.592096,294.652499,141.504847,562.436988,245.394482,221.661074,276.382253,200.614467,124.488442,251.663684,184.493662,253.902685,8.239523,988.742731,2.149441,164.790455,75.230425,157.625653,78.812826,137.026846,28.927890,26.868009,92.246831,102.994035,75.767785,-82.574348,42.272334,15.225205,67.617823,24.718568,24.091648,4.119761,223.900075
2.800000,1.055658,59.986566,-7.716636,1.072506,59.971806,-3.581837,1.059754,59.980660,-6.289965,1.039989,59.995344,-7.990277,1.041559,60.003301,-7.745748,1.044010,60.005007,-7.275450,1.033182,60.003529,-9.141011,1.031405,60.002901,-9.576285,1.043387,59.998878,-10.038520,1.053044,60.007381,-4.942010,1.048957,60.006493,-5.729115,1.039296,60.005432,-5.587712,1.050539,60.004397,-5.358840,1.047743,59.997117,-6.296513,1.049588,59.984470,-5.468139,1.063060,59.979419,-3.780739,1.063844,59.979717,-4.750315,1.061230,59.979968,-5.699305,1.076751,59.968274,1.457801,1.013972,59.962311,1.030309,1.063328,59.980002,-1.753699,1.078138,59.981101,2.008530,1.073948,59.981036,1.835773,1.068129,59.979451,-3.682138,1.082946,59.973439,-2.156203,1.076398,59.980558,-2.675323,1.065820,59.979757,-4.612450,1.066556,59.987927,1.141037,1.063007,59.991402,3.804429,1.069599,59.953069,-0.808259,1.014468,60.022392,-1.845798,1.011740,60.027329,1.407446,1.020821,59.965377,6.170369,1.028066,59.955903,6.049230,1.071042,59.982349,6.246754,1.086943,59.982916,8.502902,1.051950,59.970857,3.897795,1.031425,60.000016,10.577385,1.031181,59.996198,-10.299952,0.999927,1.001128,1.001290,0.999220,0.999227,0.999368,1.000699,0.998269,-35.911580,0.000000,9.948533,21.955926,18.322642,22.506184,33.821272,-25.141488,288.383297,447.800150,209.391350,467.503357,6.717002,286.592096,294.652499,141.504847,562.436988,245.394482,221.661074,276.382253,200.614467,124.488442,251.663684,184.493662,253.902685,8.239523,988.742731,2.149441,164.790455,75.230425,157.625653,78.812826,137.026846,28.927890,26.868009,92.246831,102.994035,75.767785,-82.574348,42.272334,15.225205,67.617823,24.718568,24.091648,4.119761,223.900075
2.820000,1.055452,59.985860,-7.769902,1.071725,59.968595,-3.752810,1.058903,59.978191,-6.393727,1.039052,59.994551,-7.980587,1.040634,60.003584,-7.673838,1.043081,60.005481,-7.190379,1.032289,60.003952,-9.066823,1.030536,60.003302,-9.506728,1.042977,59.999528,-9.996884,1.051995,60.007495,-4.841439,1.047944,60.006717,-5.634450,1.038246,60.005462,-5.501574,1.049497,60.004234,-5.281036,1.046743,59.996262,-6.274323,1.048623,59.982032,-5.544281,1.062084,59.976272,-3.896504,1.062795,59.976563,-4.863966,1.060255,59.977084,-5.809925,1.075869,59.963687,1.255156,1.013145,59.957037,0.781564,1.062297,59.976815,-1.865450,1.077078,59.977828,1.904301,1.072893,59.977779,1.731148,1.067141,59.976305,-3.797667,1.082061,59.969838,-2.317154,1.074825,59.976270,-2.788030,1.064476,59.976022,-4.728430,1.064208,59.982195,1.074947,1.060479,59.985126,3.760938,1.068940,59.948454,-1.120690,1.013847,60.025884,-1.621805,1.010632,60.028312,1.655777,1.019964,59.960344,5.944809,1.027195,59.949598,5.749603,1.069987,59.978959,6.150973,1.085904,59.979545,8.411295,1.051217,59.966924,3.716727,1.028692,59.992496,10.590383,1.031108,59.997026,-10.276861,0.999953,1.001378,1.001364,0.999110,0.999031,0.999284,1.000510,0.998100,-36.479818,0.000000,9.980613,21.052310,17.403126,21.672342,33.540214,-26.469238,288.383297,447.800150,209.391350,467.503357,6.717002,286.592096,294.652499,141.504847,562.436988,245.394482,221.661074,276.382253,200.614467,124.488442,251.663684,184.493662,253.902685,8.239523,988.742731,2.149441,164.790455,75.230425,157.625653,78.812826,137.026846,28.927890,26.868009,92.246831,102.994035,75.767785,-82.574348,42.272334,15.225205,67.617823,24.718568,24.091648,4.119761,223.900075
2.840000,1.055294,59.985291,-7.809881,1.071014,59.965821,-3.927196,1.058112,59.975938,-6.496548,1.038121,59.993638,-7.959389,1.039686,60.003582,-7.583408,1.042125,60.005638,-7.085558,1.031372,60.004080,-8.973150,1.029645,60.003420,-9.417793,1.042565,60.000033,-9.933458,1.050918,60.007244,-4.723927,1.046903,60.006595,-5.521969,1.037171,60.005168,-5.398917,1.048434,60.003768,-5.188006,1.045747,59.995256,-6.241212,1.047718,59.979722,-5.619654,1.061189,59.973378,-4.016047,1.061834,59.973656,-4.981474,1.059359,59.974434,-5.922514,1.075070,59.959635,1.039628,1.012399,59.952432,0.515586,1.061355,59.973886,-1.981244,1.076112,59.974825,1.795460,1.071929,59.974789,1.622013,1.066235,59.973412,-3.916966,1.081237,59.966644,-2.484462,1.073394,59.972258,-2.912637,1.063252,59.972549,-4.852387,1.062073,59.976641,0.986109,1.058176,59.978986,3.690588,1.068335,59.944704,-1.444727,1.013150,60.028735,-1.357762,1.009458,60.028524,1.925486,1.019173,59.955935,5.703550,1.026402,59.944163,5.426213,1.069030,59.975857,6.049821,1.084954,59.976452,8.314405,1.050526,59.963457,3.527174,1.026187,59.985006,10.567075,1.031045,59.997805,-10.230268,0.999977,1.001595,1.001405,0.999014,0.998858,0.999211,1.000314,0.997967,-37.138303,0.000000,9.936658,20.003271,16.302799,20.703721,33.074984,-27.963325,288.383297,447.800150,209.391350,467.503357,6.717002,286.592096,294.652499,141.504847,562.436988,245.394482,221.661074,276.382253,200.614467,124.488442,251.663684,184.493662,253.902685,8.239523,988.742731,2.149441,164.790455,75.230425,157.625653,78.812826,137.026846,28.927890,26.868009,92.246831,102.994035,75.767785,-82.574348,42.272334,15.225205,67.617823,24.718568,24.091648,4.119761,223.900075
2.860000,1.055176,59.984865,-7.835947,1.070365,59.963507,-4.102125,1.057368,59.973920,-6.597175,1.037185,59.992605,-7.927940,1.038706,60.003284,-7.476952,1.041131,60.005462,-6.963731,1.030422,60.003901,-8.862564,1.028724,60.003245,-9.311953,1.042146,60.000386,-9.849709,1.049804,60.006622,-4.592521,1.045827,60.006116,-5.394600,1.036063,60.004542,-5.282501,1.047343,60.002996,-5.082339,1.044744,59.994101,-6.198647,1.046858,59.977556,-5.693650,1.060359,59.970763,-4.137817,1.060947,59.971021,-5.101331,1.058527,59.972041,-6.035669,1.074335,59.956154,0.814847,1.011716,59.948537,0.236996,1.060484,59.971241,-2.099495,1.075222,59.972118,1.683686,1.071039,59.972091,1.510020,1.065396,59.970797,-4.038491,1.080465,59.963887,-2.655444,1.072101,59.968560,-3.047371,1.062140,59.969372,-4.982667,1.060162,59.971329,0.875708,1.056113,59.973054,3.594295,1.067780,59.941852,-1.774369,1.012364,60.030881,-1.058964,1.008218,60.027956,2.210583,1.018435,59.952186,5.450870,1.025668,59.939648,5.085178,1.068154,59.973070,5.945107,1.084074,59.973667,8.213985,1.049872,59.960485,3.332241,1.023929,59.977635,10.507692,1.030991,59.998529,-10.160942,1.000000,1.001776,1.001413,0.998933,0.998711,0.999149,1.000114,0.997870,-37.872847,0.000000,9.817035,18.829713,15.047050,19.619498,32.437951,-29.593423,288.383297,447.800150,209.391350,467.503357,6.717002,286.592096,294.652499,141.504847,562.436988,245.394482,221.661074,276.382253,200.614467,124.488442,251.663684,184.493662,253.902685,8.239523,988.742731,2.149441,164.790455,75.230425,157.625653,78.812826,137.026846,28.927890,26.868009,92.246831,102.994035,75.767785,-82.574348,42.272334,15.225205,67.617823,24.718568,24.091648,4.119761,223.900075
2.880000,1.055091,59.984583,-7.847567,1.069772,59.961670,-4.274707,1.056661,59.972150,-6.694356,1.036234,59.991457,-7.887584,1.037687,60.002685,-7.357129,1.040093,60.004946,-6.827830,1.029433,60.003410,-8.737803,1.027765,60.002773,-9.191843,1.041717,60.000582,-9.747256,1.048650,60.005630,-4.450395,1.044709,60.005280,-5.255423,1.034917,60.003585,-5.155217,1.046218,60.001919,-4.966738,1.043726,59.992804,-6.148174,1.046028,59.975554,-5.765648,1.059579,59.968446,-4.260218,1.060123,59.968681,-5.221975,1.057748,59.969924,-6.147954,1.073647,59.953269,0.584538,1.011077,59.945383,-0.049449,1.059669,59.968900,-2.218565,1.074392,59.969727,1.570702,1.070207,59.969707,1.396871,1.064609,59.968480,-4.160650,1.079741,59.961589,-2.827354,1.070945,59.965212,-3.190304,1.061134,59.966519,-5.117510,1.058484,59.966316,0.745241,1.054301,59.967395,3.473351,1.067270,59.939913,-2.103569,1.011476,60.032266,-0.731242,1.006919,60.026611,2.504956,1.017736,59.949122,5.191136,1.024976,59.936089,4.732791,1.067345,59.970615,5.838677,1.083251,59.971209,8.111841,1.049250,59.958028,3.135089,1.021933,59.970471,10.412987,1.030942,59.999192,-10.069809,1.000022,1.001919,1.001388,0.998867,0.998591,0.999097,0.999913,0.997812,-38.667734,0.000000,9.623696,17.554459,13.663595,18.440630,31.644152,-31.326994,288.383297,447.800150,209.391350,467.503357,6.717002,286.592096,294.652499,141.504847,562.436988,245.394482,221.661074,276.382253,200.614467,124.488442,251.663684,184.493662,253.902685,8.239523,988.742731,2.149441,164.790455,75.230425,157.625653,78.812826,137.026846,28.927890,26.868009,92.246831,102.994035,75.767785,-82.574348,42.272334,15.225205,67.617823,24.718568,24.091648,4.119761,223.900075
2.900000,1.055032,59.984446,-7.844306,1.069228,59.960316,-4.442092,1.055982,59.970641,-6.786858,1.035265,59.990203,-7.839722,1.036625,60.001787,-7.226711,1.039008,60.004092,-6.680912,1.028401,60.002611,-8.601714,1.026767,60.002007,-9.060200,1.041276,60.000621,-9.627843,1.047456,60.004276,-4.300794,1.043550,60.004091,-5.107602,1.033732,60.002304,-5.020030,1.045058,60.000548,-4.843967,1.042690,59.991376,-6.091383,1.045218,59.973730,-5.835014,1.058838,59.966447,-4.381624,1.059352,59.966654,-5.341814,1.057014,59.968099,-6.257920,1.072991,59.950994,0.352451,1.010467,59.942986,-0.338949,1.058897,59.966880,-2.336798,1.073611,59.967667,1.458239,1.069422,59.967651,1.284279,1.063861,59.966479,-4.281822,1.079059,59.959764,-2.997437,1.069926,59.962245,-3.339392,1.060229,59.964016,-5.255081,1.057046,59.961655,0.596487,1.052751,59.962072,3.329398,1.066803,59.938888,-2.426358,1.010480,60.032845,-0.380895,1.005570,60.024508,2.802473,1.017067,59.946753,4.928723,1.024308,59.933500,4.375396,1.066588,59.968502,5.732364,1.082471,59.969090,8.009779,1.048658,59.956100,2.938874,1.020214,59.963598,10.284222,1.030898,59.999790,-9.957938,1.000042,1.002019,1.001331,0.998818,0.998499,0.999057,0.999712,0.997792,-39.506016,0.000000,9.360178,16.201840,12.181947,17.189497,30.711019,-33.129921,288.383297,447.800150,209.391350,467.503357,6.717002,286.592096,294.652499,141.504847,562.436988,245.394482,221.661074,276.382253,200.614467,124.488442,251.663684,184.493662,253.902685,8.239523,988.742731,2.149441,164.790455,75.230425,157.625653,78.812826,137.026846,28.927890,26.868009,92.246831,102.994035,75.767785,-82.574348,42.272334,15.225205,67.617823,24.718568,24.091648,4.119761,223.900075
2.920000,1.054993,59.984454,-7.825846,1.068731,59.959445,-4.601515,1.055329,59.969402,-6.873482,1.034278,59.988858,-7.785772,1.035526,60.000599,-7.088538,1.037881,60.002906,-6.526113,1.027332,60.001512,-8.457204,1.025733,60.000959,-8.919819,1.040824,60.000506,-9.493313,1.046231,60.002577,-4.146973,1.042357,60.002565,-4.954335,1.032516,60.000716,-4.879925,1.043871,59.998898,-4.716802,1.041636,59.989832,-6.029871,1.044423,59.972102,-5.901106,1.058128,59.964778,-4.500412,1.058629,59.964955,-5.459247,1.056319,59.966580,-6.364123,1.072358,59.949335,0.122289,1.009873,59.941350,-0.626747,1.058162,59.965194,-2.452547,1.072869,59.965945,1.347990,1.068674,59.965932,1.173930,1.063145,59.964810,-4.400383,1.078417,59.958418,-3.162972,1.069042,59.959683,-3.492502,1.059421,59.961882,-5.393490,1.055853,59.957394,0.431483,1.051468,59.957144,3.164396,1.066374,59.938757,-2.736959,1.009374,60.032583,-0.014614,1.004188,60.021681,3.097097,1.016420,59.945081,4.667924,1.023653,59.931880,4.019257,1.065878,59.966735,5.627928,1.081726,59.967316,7.909543,1.048092,59.954703,2.746700,1.018780,59.957098,10.123139,1.030857,60.000320,-9.826534,1.000061,1.002076,1.001244,0.998784,0.998436,0.999028,0.999516,0.997810,-40.369851,0.000000,9.031552,14.797259,10.632844,15.889511,29.658051,-34.967167,288.383297,447.800150,209.391350,467.503357,6.717002,286.592096,294.652499,141.504847,562.436988,245.394482,221.661074,276.382253,200.614467,124.488442,251.663684,184.493662,253.902685,8.239523,988.742731,2.149441,164.790455,75.230425,157.625653,78.812826,137.026846,28.927890,26.868009,92.246831,102.994035,75.767785,-82.574348,42.272334,15.225205,67.617823,24.718568,24.091648,4.119761,223.900075
2.940000,1.054972,59.984601,-7.792000,1.068281,59.959053,-4.750347,1.054703,59.968440,-6.953077,1.033281,59.987439,-7.727146,1.034398,59.999137,-6.945458,1.036723,60.001403,-6.366587,1.026236,60.000132,-8.307180,1.024674,59.999644,-8.773491,1.040364,60.000243,-9.345579,1.044988,60.000558,-3.992136,1.041143,60.000722,-4.798794,1.031280,59.998842,-4.737855,1.042668,59.996993,-4.587975,1.040576,59.988193,-5.965211,1.043644,59.970684,-5.963282,1.057447,59.963451,-4.614978,1.057954,59.963595,-5.572688,1.055665,59.965377,-6.465144,1.071741,59.948289,-0.102353,1.009288,59.940469,-0.908215,1.057460,59.963849,-2.564201,1.072165,59.964564,1.241584,1.067963,59.964555,1.067446,1.062460,59.963481,-4.514730,1.077816,59.957555,-3.321321,1.068294,59.957546,-3.647451,1.058711,59.960135,-5.530827,1.054908,59.953578,0.252483,1.050457,59.952663,2.980598,1.065986,59.939491,-3.029885,1.008168,60.031459,0.360611,1.002793,60.018176,3.382986,1.015791,59.944092,4.412873,1.023002,59.931208,3.670438,1.065210,59.965311,5.527019,1.081015,59.965883,7.812773,1.047555,59.953837,2.561563,1.017638,59.951047,9.931938,1.030818,60.000778,-9.676933,1.000077,1.002088,1.001129,0.998766,0.998401,0.999011,0.999325,0.997865,-41.240847,0.000000,8.644340,13.366739,9.047672,14.564704,28.506463,-36.803450,288.383297,447.800150,209.391350,467.503357,6.717002,286.592096,294.652499,141.504847,562.436988,245.394482,221.661074,276.382253,200.614467,124.488442,251.663684,184.493662,253.902685,8.239523,988.742731,2.149441,164.790455,75.230425,157.625653,78.812826,137.026846,28.927890,26.868009,92.246831,102.994035,75.767785,-82.574348,42.272334,15.225205,67.617823,24.718568,24.091648,4.119761,223.900075
2.960000,1.054966,59.984882,-7.742715,1.067881,59.959126,-4.886132,1.054109,59.967761,-7.024558,1.032289,59.985967,-7.665220,1.033261,59.997423,-6.800283,1.035551,59.999605,-6.205453,1.025129,59.998493,-8.154501,1.023606,59.998087,-8.623963,1.039905,59.999840,-9.186601,1.043748,59.998250,-3.839386,1.039926,59.998590,-4.644071,1.030046,59.996710,-4.596686,1.041470,59.994862,-4.460131,1.039523,59.986482,-5.898921,1.042889,59.969489,-6.020899,1.056800,59.962471,-4.723769,1.057330,59.962583,-5.680588,1.055055,59.964497,-6.559608,1.071141,59.947842,-0.318053,1.008709,59.940323,-1.178934,1.056797,59.962850,-2.670212,1.071503,59.963525,1.140547,1.067292,59.963520,0.966357,1.061809,59.962501,-4.623307,1.077257,59.957168,-3.469967,1.067686,59.955850,-3.802035,1.058101,59.958787,-5.665184,1.054214,59.950245,0.061928,1.049721,59.948677,2.780509,1.065637,59.941046,-3.300035,1.006877,60.029466,0.737601,1.001413,60.014054,3.654595,1.015181,59.943768,4.167478,1.022349,59.931450,3.334690,1.064589,59.964223,5.431142,1.080341,59.964784,7.720967,1.047046,59.953491,2.386310,1.016791,59.945516,9.713240,1.030783,60.001164,-9.510585,1.000092,1.002055,1.000989,0.998764,0.998393,0.999005,0.999143,0.997955,-42.100430,0.000000,8.206381,11.936456,7.457860,13.239312,27.278795,-38.603908,288.383297,447.800150,209.391350,467.503357,6.717002,286.592096,294.652499,141.504847,562.436988,245.394482,221.661074,276.382253,200.614467,124.488442,251.663684,184.493662,253.902685,8.239523,988.742731,2.149441,164.790455,75.230425,157.625653,78.812826,137.026846,28.927890,26.868009,92.246831,102.994035,75.767785,-82.574348,42.272334,15.225205,67.617823,24.718568,24.091648,4.119761,223.900075
2.980000,1.054977,59.985291,-7.678088,1.067537,59.959646,-5.006626,1.053558,59.967365,-7.086916,1.031322,59.984465,-7.601304,1.032138,59.995484,-6.655740,1.034391,59.997541,-6.045740,1.024035,59.996625,-8.001932,1.022552,59.996317,-8.473886,1.039457,59.999310,-9.018364,1.042537,59.995692,-3.691666,1.038734,59.996204,-4.493123,1.028838,59.994356,-4.459147,1.040301,59.992539,-4.335777,1.038499,59.984724,-5.832439,1.042169,59.968528,-6.073333,1.056195,59.961842,-4.825302,1.056765,59.961922,-5.781459,1.054498,59.963943,-6.646203,1.070560,59.947973,-0.521614,1.008137,59.940882,-1.434774,1.056180,59.962196,-2.769124,1.070890,59.962822,1.046283,1.066668,59.962822,0.872074,1.061201,59.961871,-4.724630,1.076748,59.957247,-3.606556,1.067221,59.954606,-3.954065,1.057598,59.957844,-5.794685,1.053773,59.947427,-0.137586,1.049260,59.945228,2.566854,1.065332,59.943367,-3.542770,1.005526,60.026616,1.109109,1.000078,60.009389,3.906776,1.014593,59.944077,3.935356,1.021695,59.932557,3.017348,1.064021,59.963459,5.341634,1.079712,59.964009,7.635451,1.046572,59.953652,2.223593,1.016240,59.940570,9.470057,1.030751,60.001476,-9.329056,1.000106,1.001978,1.000827,0.998777,0.998412,0.999009,0.998972,0.998077,-42.930210,0.000000,7.726659,10.532272,5.894299,11.937337,25.998513,-40.334763,288.383297,447.800150,209.391350,467.503357,6.717002,286.592096,294.652499,141.504847,562.436988,245.394482,221.661074,276.382253,200.614467,124.488442,251.663684,184.493662,253.902685,8.239523,988.742731,2.149441,164.790455,75.230425,157.625653,78.812826,137.026846,28.927890,26.868009,92.246831,102.994035,75.767785,-82.574348,42.272334,15.225205,67.617823,24.718568,24.091648,4.119761,223.900075
3.000000,1.055007,59.985817,-7.598375,1.067256,59.960592,-5.109835,1.053063,59.967252,-7.139241,1.030406,59.982958,-7.536629,1.031057,59.993355,-6.514422,1.033272,59.995246,-5.890341,1.022983,59.994563,-7.852096,1.021538,59.994366,-8.325780,1.039031,59.998666,-8.842853,1.041387,59.992927,-3.551712,1.037596,59.993606,-4.348725,1.027690,59.991820,-4.327789,1.039192,59.990064,-4.217244,1.037532,59.982949,-5.767099,1.041503,59.967811,-6.119983,1.055646,59.961559,-4.918193,1.056273,59.961611,-5.873900,1.054008,59.963715,-6.723708,1.070010,59.948656,-0.710121,1.007580,59.942107,-1.671960,1.055623,59.961884,-2.859594,1.070342,59.962447,0.960047,1.066108,59.962453,0.785865,1.060649,59.961588,-4.817313,1.076295,59.957776,-3.728930,1.066903,59.953816,-4.101399,1.057210,59.957311,-5.917521,1.053582,59.945152,-0.343348,1.049073,59.942353,2.342542,1.065072,59.946388,-3.753992,1.004148,60.022938,1.467960,0.998821,60.004265,4.134865,1.014035,59.944985,3.719786,1.021043,59.934467,2.723238,1.063521,59.963006,5.259642,1.079143,59.963543,7.557362,1.046137,59.954297,2.075837,1.015980,59.936270,9.205748,1.030724,60.001713,-9.134007,1.000117,1.001859,1.000646,0.998805,0.998456,0.999025,0.998814,0.998229,-43.712355,0.000000,7.215103,9.179272,4.386764,10.682130,24.689588,-41.963947,288.383297,447.800150,209.391350,467.503357,6.717002,286.592096,294.652499,141.504847,562.436988,245.394482,221.661074,276.382253,200.614467,124.488442,251.663684,184.493662,253.902685,8.239523,988.742731,2.149441,164.790455,75.230425,157.625653,78.812826,137.026846,28.927890,26.868009,92.246831,102.994035,75.767785,-82.574348,42.272334,15.225205,67.617823,24.718568,24.091648,4.119761,223.900075
3.020000,1.055060,59.986449,-7.503996,1.067048,59.961932,-5.194047,1.052642,59.967415,-7.180740,1.029568,59.981472,-7.472330,1.030051,59.991073,-6.378751,1.032227,59.992760,-5.741957,1.022004,59.992345,-7.707438,1.020597,59.992272,-8.181993,1.038642,59.997923,-8.662041,1.040332,59.990004,-3.422011,1.036548,59.990840,-4.213423,1.026634,59.989147,-4.204941,1.038176,59.987481,-4.106652,1.036650,59.981185,-5.704115,1.040911,59.967341,-6.160295,1.055169,59.961618,-5.001185,1.055866,59.961646,-5.956625,1.053599,59.963808,-6.791015,1.069501,59.949854,-0.880981,1.007046,59.943947,-1.887137,1.055144,59.961904,-2.940419,1.069874,59.962388,0.882930,1.065626,59.962403,0.708836,1.060172,59.961647,-4.900097,1.075908,59.958732,-3.835169,1.066738,59.953482,-4.241972,1.056945,59.957184,-6.031974,1.053640,59.943441,-0.552569,1.049154,59.940083,2.110628,1.064864,59.950036,-3.930203,1.002782,60.018484,1.807198,0.997677,59.998778,4.334766,1.013518,59.946446,3.523661,1.020401,59.937107,2.456599,1.063103,59.962849,5.186123,1.078651,59.963369,7.487633,1.045749,59.955400,1.945197,1.016007,59.932667,8.923981,1.030706,60.001875,-8.927195,1.000126,1.001700,1.000450,0.998846,0.998523,0.999050,0.998672,0.998406,-44.429943,0.000000,6.682353,7.901320,2.963373,9.495971,23.376079,-43.461698,288.383297,447.800150,209.391350,467.503357,6.717002,286.592096,294.652499,141.504847,562.436988,245.394482,221.661074,276.382253,200.614467,124.488442,251.663684,184.493662,253.902685,8.239523,988.742731,2.149441,164.790455,75.230425,157.625653,78.812826,137.026846,28.927890,26.868009,92.246831,102.994035,75.767785,-82.574348,42.272334,15.225205,67.617823,24.718568,24.091648,4.119761,223.900075
3.040000,1.055139,59.987175,-7.395548,1.066924,59.963634,-5.257871,1.052312,59.967846,-7.210760,1.028839,59.980034,-7.409440,1.029156,59.988680,-6.250948,1.031294,59.990128,-5.603065,1.021132,59.990013,-7.570200,1.019761,59.990074,-8.044682,1.038305,59.997097,-8.477873,1.039407,59.986977,-3.304764,1.035624,59.987957,-4.089500,1.025707,59.986384,-4.092681,1.037288,59.984835,-4.005879,1.035885,59.979462,-5.644571,1.040417,59.967120,-6.193778,1.054784,59.962005,-5.073179,1.055563,59.962016,-6.028494,1.053289,59.964211,-6.847157,1.069049,59.951526,-1.031967,1.006548,59.946345,-2.077428,1.054762,59.962244,-3.010560,1.069506,59.962630,0.815845,1.065244,59.962657,0.641914,1.059787,59.962034,-4.971880,1.075597,59.960086,-3.923623,1.066731,59.953597,-4.373837,1.056814,59.957454,-6.136458,1.053940,59.942309,-0.762419,1.049495,59.938440,1.874270,1.064710,59.954227,-4.068568,1.001471,60.013325,2.120240,0.996682,59.993032,4.503024,1.013053,59.948414,3.349456,1.019779,59.940395,2.221023,1.062788,59.962972,5.121832,1.078254,59.963471,7.426994,1.045414,59.956931,1.833534,1.016308,59.929807,8.628682,1.030698,60.001963,-8.710458,1.000133,1.001504,1.000244,0.998899,0.998610,0.999085,0.998548,0.998606,-45.067299,0.000000,6.139511,6.720644,1.650088,8.399681,22.081717,-44.801099,288.383297,447.800150,209.391350,467.503357,6.717002,286.592096,294.652499,141.504847,562.436988,245.394482,221.661074,276.382253,200.614467,124.488442,251.663684,184.493662,253.902685,8.239523,988.742731,2.149441,164.790455,75.230425,157.625653,78.812826,137.026846,28.927890,26.868009,92.246831,102.994034,75.767785,-82.574348,42.272334,15.225205,67.617823,24.718568,24.091648,4.119761,223.900075
3.060000,1.055250,59.987977,-7.273810,1.066890,59.965657,-5.300264,1.052090,59.968530,-7.228819,1.028249,59.978665,-7.348893,1.028406,59.986218,-6.132999,1.030507,59.987397,-5.475883,1.020402,59.987608,-7.442393,1.019062,59.987813,-7.915791,1.038034,59.996203,-8.292258,1.038647,59.983900,-3.201856,1.034859,59.985009,-3.978946,1.024944,59.983582,-3.992810,1.036560,59.982173,-3.916543,1.035267,59.977810,-5.589419,1.040043,59.967145,-6.220031,1.054508,59.962704,-5.133260,1.055377,59.962705,-6.088542,1.053094,59.964910,-6.891344,1.068668,59.953625,-1.161252,1.006100,59.949237,-2.240481,1.054496,59.962886,-3.069171,1.069258,59.963157,0.759507,1.064981,59.963198,0.585832,1.059512,59.962734,-5.031747,1.075370,59.961806,-3.992949,1.066884,59.954147,-4.495198,1.056825,59.958107,-6.229552,1.054473,59.941763,-0.970072,1.050086,59.937440,1.636682,1.064615,59.958869,-4.166962,1.000262,60.007553,2.401031,0.995865,59.987135,4.636876,1.012654,59.950835,3.199200,1.019189,59.944242,2.019400,1.062591,59.963358,5.067331,1.077974,59.963830,7.375968,1.045142,59.958852,1.742384,1.016870,59.927725,8.323984,1.030703,60.001977,-8.485709,1.000137,1.001275,1.000032,0.998964,0.998715,0.999129,0.998442,0.998823,-45.610308,0.000000,5.597880,5.657449,0.470267,7.412262,20.829506,-45.958555,288.383297,447.800150,209.391350,467.503357,6.717002,286.592096,294.652499,141.504847,562.436988,245.394482,221.661074,276.382253,200.614467,124.488442,251.663684,184.493662,253.902685,8.239523,988.742731,2.149441,164.790455,75.230425,157.625653,78.812826,137.026846,28.927890,26.868009,92.246831,102.994034,75.767785,-82.574348,42.272334,15.225205,67.617823,24.718568,24.091648,4.119761,223.900075
3.080000,1.055397,59.988840,-7.139751,1.066956,59.967955,-5.320562,1.051992,59.969447,-7.234631,1.027826,59.977390,-7.291528,1.027833,59.983731,-6.026648,1.029899,59.984618,-5.362343,1.019844,59.985175,-7.325788,1.018531,59.985529,-7.797044,1.037844,59.995257,-8.107060,1.038083,59.980829,-3.114844,1.034284,59.982050,-3.883435,1.024377,59.980790,-3.906834,1.036025,59.979544,-3.839989,1.034824,59.976254,-5.539482,1.039810,59.967407,-6.238769,1.054359,59.963692,-5.180729,1.055324,59.963692,-6.136012,1.053027,59.965883,-6.922989,1.068374,59.956100,-1.267442,1.005714,59.952552,-2.374506,1.054363,59.963810,-3.115615,1.069146,59.963949,0.714432,1.064853,59.964005,0.541115,1.059366,59.963722,-5.079002,1.075235,59.963851,-4.042145,1.067197,59.955114,-4.604449,1.056984,59.959123,-6.310037,1.055228,59.941805,-1.172747,1.050910,59.937093,1.401092,1.064581,59.963866,-4.224019,0.999201,60.001276,2.644186,0.995256,59.981201,4.734304,1.012333,59.953653,3.074455,1.018642,59.948555,1.853886,1.062531,59.963991,5.022993,1.077827,59.964430,7.334884,1.044937,59.961124,1.672928,1.017675,59.926448,8.014168,1.030725,60.001918,-8.254928,1.000140,1.001018,0.999816,0.999039,0.998835,0.999181,0.998358,0.999053,-46.046688,0.000000,5.068708,4.729575,-0.555720,6.550571,19.641350,-46.914204,288.383297,447.800150,209.391350,467.503357,6.717002,286.592096,294.652499,141.504847,562.436988,245.394482,221.661074,276.382253,200.614467,124.488442,251.663684,184.493662,253.902685,8.239523,988.742731,2.149441,164.790455,75.230425,157.625653,78.812826,137.026846,28.927890,26.868009,92.246831,102.994034,75.767785,-82.574348,42.272334,15.225205,67.617823,24.718568,24.091648,4.119761,223.900075
3.100000,1.055582,59.989743,-6.994533,1.067125,59.970481,-5.318509,1.052028,59.970573,-7.228131,1.027591,59.976225,-7.238106,1.027462,59.981265,-5.933380,1.029498,59.981841,-5.264081,1.019484,59.982755,-7.221913,1.018192,59.983261,-7.689940,1.037746,59.994274,-7.924096,1.037739,59.977821,-3.044940,1.033926,59.979133,-3.804318,1.024030,59.978059,-3.835961,1.035704,59.976993,-3.777285,1.034579,59.974820,-5.495460,1.039734,59.967894,-6.249847,1.054351,59.964943,-5.215133,1.055412,59.964950,-6.170388,1.053099,59.967105,-6.941739,1.068179,59.958894,-1.349592,1.005403,59.956215,-2.478302,1.054377,59.964989,-3.149491,1.069185,59.964985,0.680920,1.064875,59.965056,0.508072,1.059362,59.964973,-5.113191,1.075197,59.966177,-4.070573,1.067667,59.956473,-4.700203,1.057294,59.960474,-6.376929,1.056187,59.942426,-1.367757,1.051948,59.937398,1.170689,1.064608,59.969114,-4.239160,0.998327,59.994622,2.845128,0.994876,59.975347,4.794057,1.012099,59.956809,2.976306,1.018150,59.953235,1.725885,1.062619,59.964853,4.989006,1.077827,59.965252,7.303882,1.044805,59.963701,1.625980,1.018700,59.925994,7.703607,1.030766,60.001785,-8.020152,1.000140,1.000738,0.999603,0.999123,0.998968,0.999240,0.998296,0.999291,-46.366234,0.000000,4.562927,3.952204,-1.410814,5.829035,18.537700,-47.652246,288.383297,447.800150,209.391350,467.503357,6.717002,286.592096,294.652499,141.504847,562.436988,245.394482,221.661074,276.382253,200.614467,124.488442,251.663684,184.493662,253.902685,8.239523,988.742731,2.149441,164.790455,75.230425,157.625653,78.812826,137.026846,28.927890,26.868009,92.246831,102.994035,75.767785,-82.574348,42.272334,15.225205,67.617823,24.718568,24.091648,4.119761,223.900075
3.120000,1.055809,59.990668,-6.839513,1.067398,59.973180,-5.294273,1.052206,59.971880,-7.209503,1.027560,59.975187,-7.189320,1.027315,59.978862,-5.854421,1.029325,59.979115,-5.182422,1.019341,59.980390,-7.132048,1.018064,59.981046,-7.595758,1.037747,59.993268,-7.745130,1.037632,59.974929,-2.993009,1.033803,59.976311,-3.742613,1.023922,59.975438,-3.781091,1.035616,59.974567,-3.729221,1.034547,59.973528,-5.457944,1.039827,59.968588,-6.253284,1.054490,59.966425,-5.236280,1.055648,59.966449,-6.191412,1.053317,59.968545,-6.947504,1.068091,59.961950,-1.407221,1.005175,59.960148,-2.551275,1.054547,59.966395,-3.170648,1.069381,59.966241,0.659057,1.065055,59.966327,0.486790,1.059506,59.966454,-5.134129,1.075259,59.968736,-4.077986,1.068286,59.958195,-4.781331,1.057753,59.962131,-6.429509,1.057329,59.943613,-1.552550,1.053176,59.938347,0.948576,1.064696,59.974507,-4.212610,0.997677,59.987729,3.000196,0.994737,59.969688,4.815661,1.011960,59.960242,2.905354,1.017722,59.958186,1.636045,1.062863,59.965929,4.965390,1.077984,59.966281,7.282927,1.044748,59.966535,1.601964,1.019918,59.926369,7.396696,1.030827,60.001580,-7.783467,1.000139,1.000440,0.999394,0.999214,0.999110,0.999305,0.998257,0.999534,-46.561007,0.000000,4.090916,3.337613,-2.081509,5.259423,17.537234,-48.161199,288.383297,447.800150,209.391350,467.503357,6.717002,286.592096,294.652499,141.504847,562.436988,245.394482,221.661074,276.382253,200.614467,124.488442,251.663684,184.493662,253.902685,8.239523,988.742731,2.149441,164.790455,75.230425,157.625653,78.812826,137.026846,28.927890,26.868009,92.246831,102.994035,75.767785,-82.574348,42.272334,15.225205,67.617823,24.718568,24.091648,4.119761,223.900075
3.140000,1.056075,59.991593,-6.676239,1.067772,59.975998,-5.248451,1.052526,59.973337,-7.179189,1.027740,59.974288,-7.145805,1.027400,59.976562,-5.790736,1.029389,59.976490,-5.118379,1.019426,59.978118,-7.057229,1.018156,59.978920,-7.515559,1.037851,59.992253,-7.571870,1.037771,59.972208,-2.959578,1.033923,59.973636,-3.699008,1.024061,59.972974,-3.742828,1.035768,59.972307,-3.696315,1.034734,59.972399,-5.427422,1.040090,59.969470,-6.249281,1.054779,59.968106,-5.244260,1.056029,59.968155,-6.199110,1.053679,59.970169,-6.940466,1.068114,59.965208,-1.440319,1.005035,59.964273,-2.593437,1.054873,59.967998,-3.179192,1.069738,59.967692,0.648716,1.065396,59.967792,0.477133,1.059802,59.968133,-5.141909,1.075417,59.971477,-4.064541,1.069041,59.960245,-4.846981,1.058354,59.964056,-6.467347,1.058628,59.945344,-1.724749,1.054566,59.939924,0.737719,1.064841,59.979941,-4.145401,0.997276,59.980748,3.106736,0.994846,59.964334,4.799415,1.011919,59.963893,2.861718,1.017365,59.963310,1.584268,1.063264,59.967203,4.952004,1.078299,59.967499,7.271827,1.044766,59.969578,1.600906,1.021300,59.927569,7.097791,1.030909,60.001304,-7.546994,1.000135,1.000131,0.999196,0.999310,0.999258,0.999376,0.998242,0.999775,-46.625493,0.000000,3.662279,2.894980,-2.558033,4.850649,16.656579,-48.434062,288.383297,447.800150,209.391350,467.503357,6.717002,286.592096,294.652499,141.504847,562.436988,245.394482,221.661074,276.382253,200.614467,124.488442,251.663684,184.493662,253.902685,8.239523,988.742731,2.149441,164.790455,75.230425,157.625653,78.812826,137.026846,28.927890,26.868009,92.246831,102.994035,75.767785,-82.574348,42.272334,15.225205,67.617823,24.718568,24.091648,4.119761,223.900075
3.160000,1.056380,59.992497,-6.506439,1.068237,59.978880,-5.182070,1.052981,59.974910,-7.137895,1.028128,59.973538,-7.108149,1.027719,59.974408,-5.743029,1.029694,59.974013,-5.072651,1.019739,59.975977,-6.998252,1.018470,59.976916,-7.450184,1.038059,59.991242,-7.405956,1.038153,59.969706,-2.944833,1.034285,59.971156,-3.673865,1.024445,59.970711,-3.721479,1.036158,59.970255,-3.678820,1.035137,59.971448,-5.404288,1.040521,59.970518,-6.238219,1.055212,59.969949,-5.239442,1.056549,59.970032,-6.193789,1.054179,59.971943,-6.921092,1.068246,59.968609,-1.449336,1.004983,59.968512,-2.605392,1.055349,59.969766,-3.175490,1.070248,59.969315,0.649558,1.065889,59.969427,0.478751,1.060244,59.969973,-5.136906,1.075666,59.974349,-4.030797,1.069916,59.962585,-4.896594,1.059083,59.966213,-6.490313,1.060056,59.947592,-1.882193,1.056086,59.942106,0.540904,1.065035,59.985310,-4.039354,0.997139,59.973831,3.163161,0.995196,59.959392,4.746365,1.011976,59.967699,2.845048,1.017080,59.968514,1.569741,1.063815,59.968658,4.948562,1.078766,59.968894,7.270248,1.044854,59.972778,1.622438,1.022813,59.929581,6.811138,1.031013,60.000957,-7.312881,1.000129,0.999815,0.999009,0.999411,0.999409,0.999451,0.998252,1.000011,-46.556710,0.000000,3.285641,2.630251,-2.834452,4.608639,15.910055,-48.468402,288.383297,447.800150,209.391350,467.503357,6.717002,286.592096,294.652499,141.504847,562.436988,245.394482,221.661074,276.382253,200.614467,124.488442,251.663684,184.493662,253.902685,8.239523,988.742731,2.149441,164.790455,75.230425,157.625653,78.812826,137.026846,28.927890,26.868009,92.246831,102.994035,75.767785,-82.574348,42.272334,15.225205,67.617823,24.718568,24.091648,4.119761,223.900075
3.180000,1.056717,59.993362,-6.332005,1.068782,59.981774,-5.096566,1.053559,59.976569,-7.086582,1.028713,59.972947,-7.076890,1.028261,59.972436,-5.711744,1.030229,59.971729,-5.045621,1.020270,59.974003,-6.955668,1.018994,59.975069,-7.400263,1.038365,59.990250,-7.248957,1.038765,59.967470,-2.948639,1.034877,59.968918,-3.667226,1.025062,59.968691,-3.717064,1.036772,59.968447,-3.676732,1.035745,59.970691,-5.388845,1.041106,59.971710,-6.220665,1.055777,59.971920,-5.222471,1.057193,59.972044,-6.176039,1.054802,59.973832,-6.890123,1.068480,59.972095,-1.435161,1.005015,59.972792,-2.588311,1.055963,59.971667,-3.160153,1.070898,59.971085,0.661050,1.066523,59.971206,0.491091,1.060819,59.971941,-5.119771,1.075995,59.977299,-3.977707,1.070887,59.965176,-4.929916,1.059921,59.968561,-6.498574,1.061578,59.950324,-2.022965,1.057700,59.944863,0.360695,1.065268,59.990516,-3.897040,0.997269,59.967136,3.168983,0.995774,59.954960,4.658263,1.012125,59.971602,2.854541,1.016866,59.973709,1.590980,1.064501,59.970280,4.954645,1.079373,59.970450,7.277733,1.045006,59.976082,1.665797,1.024418,59.932378,6.540810,1.031138,60.000542,-7.083286,1.000122,0.999499,0.998839,0.999514,0.999561,0.999529,0.998286,1.000237,-46.354261,0.000000,2.968477,2.546052,-2.908702,4.536245,15.309475,-48.266355,288.383297,447.800150,209.391350,467.503357,6.717002,286.592096,294.652499,141.504847,562.436988,245.394482,221.661074,276.382253,200.614467,124.488442,251.663684,184.493662,253.902685,8.239523,988.742731,2.149441,164.790455,75.230425,157.625653,78.812826,137.026846,28.927890,26.868009,92.246831,102.994035,75.767785,-82.574348,42.272334,15.225205,67.617823,24.718568,24.091648,4.119761,223.900075
3.200000,1.057079,59.994169,-6.154975,1.069388,59.984629,-4.993756,1.054239,59.978282,-7.026442,1.029473,59.972525,-7.052508,1.029007,59.970685,-5.697064,1.030973,59.969685,-5.037361,1.021000,59.972232,-6.929784,1.019711,59.973408,-7.366199,1.038760,59.989289,-7.102346,1.039584,59.965546,-2.970544,1.035677,59.966965,-3.678819,1.025889,59.966953,-3.729322,1.037588,59.966920,-3.689795,1.036534,59.970143,-5.381300,1.041824,59.973024,-6.197346,1.056454,59.973986,-5.194241,1.057940,59.974157,-6.146707,1.055528,59.975801,-6.848551,1.068803,59.975612,-1.399097,1.005121,59.977043,-2.543888,1.056694,59.973672,-3.134022,1.071666,59.972980,0.682483,1.067276,59.973106,0.513418,1.061507,59.974003,-5.091404,1.076389,59.980278,-3.906598,1.071929,59.967979,-4.946988,1.060844,59.971064,-6.492590,1.063157,59.953502,-2.145417,1.059369,59.948157,0.199398,1.065529,59.995467,-3.721721,0.997655,59.960812,3.124810,0.996558,59.951125,4.537515,1.012354,59.975545,2.888966,1.016718,59.978814,1.645883,1.065302,59.972054,4.969720,1.080099,59.972155,7.293720,1.045212,59.979443,1.729850,1.026079,59.935926,6.290642,1.031280,60.000060,-6.860361,1.000112,0.999190,0.998688,0.999617,0.999711,0.999609,0.998344,1.000448,-46.020359,0.000000,2.716961,2.641666,-2.782556,4.633208,14.863969,-47.834538,288.383297,447.800150,209.391350,467.503357,6.717002,286.592096,294.652499,141.504847,562.436988,245.394482,221.661074,276.382253,200.614467,124.488442,251.663684,184.493662,253.902685,8.239523,988.742731,2.149441,164.790455,75.230425,157.625653,78.812826,137.026846,28.927890,26.868009,92.246831,102.994035,75.767785,-82.574348,42.272334,15.225205,67.617823,24.718568,24.091648,4.119761,223.900075
3.220000,1.057457,59.994903,-5.977496,1.070035,59.987399,-4.875791,1.054997,59.980024,-6.958867,1.030378,59.972282,-7.035412,1.029928,59.969190,-5.698903,1.031898,59.967921,-5.047626,1.021901,59.970696,-6.920655,1.020592,59.971966,-7.348167,1.039228,59.988376,-6.967493,1.040578,59.963972,-3.009793,1.036655,59.965339,-3.708069,1.026893,59.965535,-3.757717,1.038574,59.965705,-3.717510,1.037474,59.969817,-5.381756,1.042648,59.974443,-6.169129,1.057217,59.976117,-5.155870,1.058762,59.976340,-6.106873,1.056330,59.977823,-6.797595,1.069195,59.979110,-1.342816,1.005288,59.981202,-2.474283,1.057514,59.975755,-3.098132,1.072524,59.974979,0.712995,1.068121,59.975105,0.544838,1.062281,59.976130,-5.052927,1.076831,59.983241,-3.819131,1.073010,59.970952,-4.948135,1.061823,59.973684,-6.473083,1.064754,59.957084,-2.248187,1.061053,59.951947,0.059030,1.065804,60.000080,-3.517278,0.998276,59.955006,3.032316,0.997516,59.947966,4.387113,1.012651,59.979473,2.946700,1.016626,59.983755,1.731800,1.066190,59.973966,4.993151,1.080918,59.973997,7.317565,1.045459,59.982810,1.813111,1.027754,59.940179,6.064175,1.031437,59.999515,-6.646233,1.000101,0.998893,0.998558,0.999720,0.999856,0.999690,0.998426,1.000642,-45.559787,0.000000,2.535853,2.913065,-2.461517,4.896177,14.579861,-47.183888,288.383297,447.800150,209.391350,467.503357,6.717002,286.592096,294.652499,141.504847,562.436988,245.394482,221.661074,276.382253,200.614467,124.488442,251.663684,184.493662,253.902685,8.239523,988.742731,2.149441,164.790455,75.230425,157.625653,78.812826,137.026846,28.927890,26.868009,92.246831,102.994035,75.767785,-82.574348,42.272334,15.225205,67.617823,24.718568,24.091648,4.119761,223.900075
3.240000,1.057840,59.995553,-5.801799,1.070698,59.990047,-4.745105,1.055803,59.981772,-6.885405,1.031394,59.972228,-7.025914,1.030985,59.967985,-5.716911,1.032966,59.966478,-5.075863,1.022936,59.969431,-6.928076,1.021603,59.970775,-7.346102,1.039754,59.987525,-6.845635,1.041710,59.962785,-3.065345,1.037770,59.964076,-3.754105,1.028035,59.964469,-3.801450,1.039692,59.964833,-3.759140,1.038528,59.969726,-5.390202,1.043545,59.975951,-6.136983,1.058035,59.978288,-5.108655,1.059630,59.978566,-6.057809,1.057178,59.979869,-6.738652,1.069635,59.982543,-1.268311,1.005497,59.985213,-2.382063,1.058391,59.977892,-3.053682,1.073440,59.977063,0.751596,1.069024,59.977185,0.584330,1.063111,59.978296,-5.005643,1.077299,59.986146,-3.717263,1.074099,59.974059,-4.933947,1.062825,59.976387,-6.441013,1.066331,59.961027,-2.330210,1.062711,59.956185,-0.058702,1.066077,60.004285,-3.288114,0.999099,59.949850,2.894178,0.998612,59.945543,4.210553,1.012995,59.983338,3.025765,1.016578,59.988469,1.845612,1.067132,59.976001,5.024217,1.081796,59.975965,7.348552,1.045732,59.986139,1.913773,1.029404,59.945083,5.864601,1.031606,59.998913,-6.442984,1.000088,0.998614,0.998452,0.999820,0.999993,0.999770,0.998530,1.000814,-44.979820,0.000000,2.428414,3.352996,-1.954657,5.318782,14.460588,-46.329420,288.383297,447.800150,209.391350,467.503357,6.717002,286.592096,294.652499,141.504847,562.436988,245.394482,221.661074,276.382253,200.614467,124.488442,251.663684,184.493662,253.902685,8.239523,988.742731,2.149441,164.790455,75.230425,157.625653,78.812826,137.026846,28.927890,26.868009,92.246831,102.994035,75.767785,-82.574348,42.272334,15.225205,67.617823,24.718568,24.091648,4.119761,223.900075
3.260000,1.058215,59.996108,-5.630158,1.071352,59.992539,-4.604355,1.056625,59.983510,-6.807711,1.032479,59.972377,-7.024216,1.032138,59.967104,-5.750469,1.034135,59.965393,-5.121213,1.024066,59.968468,-6.951579,1.022704,59.969863,-7.359689,1.040318,59.986755,-6.737865,1.042934,59.962016,-3.135892,1.038981,59.963210,-3.815779,1.029271,59.963785,-3.859467,1.040897,59.964329,-3.813718,1.039655,59.969885,-5.406498,1.044477,59.977536,-6.101942,1.058874,59.980477,-5.054030,1.060510,59.980811,-6.000934,1.058040,59.981921,-6.673254,1.070097,59.985873,-1.177842,1.005729,59.989031,-2.270122,1.059290,59.980064,-3.001995,1.074377,59.979214,0.797201,1.069949,59.979328,0.630776,1.063963,59.980479,-4.950988,1.077772,59.988957,-3.603194,1.075161,59.977263,-4.905247,1.063817,59.979144,-6.397537,1.067845,59.965282,-2.390728,1.064303,59.960818,-0.152425,1.066331,60.008024,-3.039058,1.000085,59.945462,2.713995,0.999807,59.943907,4.011755,1.013367,59.987092,3.123870,1.016560,59.992901,1.983811,1.068092,59.978146,5.062127,1.082698,59.978047,7.385914,1.046015,59.989387,2.029751,1.030989,59.950576,5.694710,1.031780,59.998257,-6.252630,1.000073,0.998358,0.998372,0.999916,1.000122,0.999850,0.998655,1.000962,-44.290100,0.000000,2.396348,3.951132,-1.274377,5.891755,14.506661,-45.289902,288.383297,447.800150,209.391350,467.503357,6.717002,286.592096,294.652499,141.504847,562.436988,245.394482,221.661074,276.382253,200.614467,124.488442,251.663684,184.493662,253.902685,8.239523,988.742731,2.149441,164.790455,75.230425,157.625653,78.812826,137.026846,28.927890,26.868009,92.246831,102.994035,75.767785,-82.574348,42.272334,15.225205,67.617823,24.718568,24.091648,4.119761,223.900075
3.280000,1.058571,59.996564,-5.464857,1.071971,59.994849,-4.456360,1.057428,59.985224,-6.727499,1.033591,59.972739,-7.030384,1.033341,59.966575,-5.798695,1.035358,59.964698,-5.182527,1.025244,59.967837,-6.990432,1.023851,59.969259,-7.388360,1.040898,59.986080,-6.645113,1.044204,59.961691,-3.219879,1.040241,59.962769,-3.891684,1.030553,59.963508,-3.930481,1.042145,59.964216,-3.880069,1.040810,59.970306,-5.430371,1.045407,59.979190,-6.065064,1.059700,59.982667,-4.993521,1.061367,59.983057,-5.937772,1.058879,59.983961,-6.603021,1.070554,59.989067,-1.073883,1.005962,59.992616,-2.141613,1.060173,59.982254,-2.944474,1.075298,59.981418,0.848650,1.070859,59.981519,0.682984,1.064800,59.982664,-4.890490,1.078228,59.991645,-3.479316,1.076164,59.980529,-4.863069,1.064765,59.981927,-6.343972,1.069260,59.969800,-2.429289,1.065788,59.965792,-0.221113,1.066550,60.011251,-2.775254,1.001187,59.941939,2.496169,1.001056,59.943091,3.794958,1.013743,59.990697,3.238463,1.016553,59.997008,2.142589,1.069033,59.980386,5.106023,1.083588,59.980231,7.428838,1.046290,59.992518,2.158718,1.032471,59.956587,5.556852,1.031955,59.997556,-6.077098,1.000057,0.998131,0.998318,1.000007,1.000241,0.999927,0.998800,1.001084,-43.502458,0.000000,2.439788,4.694283,-0.436126,6.603122,14.715686,-44.087468,288.383297,447.800150,209.391350,467.503357,6.717002,286.592096,294.652499,141.504847,562.436988,245.394482,221.661074,276.382253,200.614467,124.488442,251.663684,184.493662,253.902685,8.239523,988.742731,2.149441,164.790455,75.230425,157.625653,78.812826,137.026846,28.927890,26.868009,92.246831,102.994035,75.767785,-82.574348,42.272334,15.225205,67.617823,24.718568,24.091648,4.119761,223.900075
3.300000,1.058894,59.996917,-5.308148,1.072531,59.996958,-4.304038,1.058181,59.986905,-6.646499,1.034687,59.973329,-7.044336,1.034549,59.966422,-5.860458,1.036590,59.964421,-5.258386,1.026428,59.967563,-7.043645,1.025003,59.968989,-7.431301,1.041474,59.985518,-6.568131,1.045474,59.961829,-3.315542,1.041503,59.962773,-3.980179,1.031834,59.963657,-4.012991,1.043388,59.964510,-3.956821,1.041949,59.970998,-5.461408,1.046296,59.980907,-6.027401,1.060476,59.984845,-4.928704,1.062166,59.985288,-5.869905,1.059664,59.985976,-6.529614,1.070980,59.992098,-0.959060,1.006174,59.995939,-1.999867,1.061005,59.984448,-2.882570,1.076165,59.983660,0.904739,1.071717,59.983744,0.739721,1.065588,59.984836,-4.825723,1.078643,59.994183,-3.348156,1.077075,59.983827,-4.808623,1.065635,59.984712,-6.281756,1.070538,59.974529,-2.445751,1.067130,59.971046,-0.264104,1.066719,60.013934,-2.502055,1.002357,59.939359,2.245775,1.002319,59.943111,3.564632,1.014102,59.994114,3.366774,1.016541,60.000756,2.317926,1.069919,59.982704,5.154997,1.084429,59.982501,7.476475,1.046542,59.995497,2.298152,1.033815,59.963039,5.452892,1.032126,59.996816,-5.918202,1.000040,0.997936,0.998292,1.000092,1.000347,1.000001,0.998962,1.001178,-42.630696,0.000000,2.557308,5.566657,0.541952,7.438427,15.082428,-42.747157,288.383297,447.800150,209.391350,467.503357,6.717002,286.592096,294.652499,141.504847,562.436988,245.394482,221.661074,276.382253,200.614467,124.488442,251.663684,184.493662,253.902685,8.239523,988.742731,2.149441,164.790455,75.230425,157.625653,78.812826,137.026846,28.927890,26.868009,92.246831,102.994034,75.767785,-82.574348,42.272334,15.225205,67.617823,24.718568,24.091648,4.119761,223.900075
3.320000,1.059173,59.997166,-5.162219,1.073007,59.998851,-4.150350,1.058853,59.988549,-6.566412,1.035725,59.974153,-7.065843,1.035718,59.966664,-5.934406,1.037786,59.964581,-5.347136,1.027576,59.967666,-7.109995,1.026117,59.969072,-7.487461,1.042026,59.985082,-6.507490,1.046700,59.962440,-3.420940,1.042722,59.963238,-4.079433,1.033069,59.964244,-4.105318,1.044584,59.965220,-4.042443,1.043032,59.971969,-5.499064,1.047108,59.982682,-5.989967,1.061171,59.986998,-4.861164,1.062877,59.987492,-5.798943,1.060362,59.987957,-6.454699,1.071349,59.994942,-0.836098,1.006344,59.998976,-1.848324,1.061751,59.986634,-2.817752,1.076944,59.985926,0.964230,1.072487,59.985990,0.799729,1.066294,59.986984,-4.758272,1.078999,59.996551,-3.212329,1.077866,59.987125,-4.743270,1.066396,59.987478,-6.212416,1.071648,59.979414,-2.440282,1.068296,59.976517,-0.281105,1.066823,60.016054,-2.224917,1.003546,59.937776,1.968414,1.003554,59.943968,3.325367,1.014420,59.997313,3.505870,1.016508,60.004119,2.505672,1.070716,59.985082,5.208089,1.085186,59.984843,7.527937,1.046754,59.998294,2.445377,1.034989,59.969847,5.384183,1.032288,59.996046,-5.777629,1.000022,0.997778,0.998294,1.000168,1.000440,1.000070,0.999140,1.001242,-41.690326,0.000000,2.745976,6.550188,1.639410,8.381022,15.598934,-41.296399,288.383297,447.800150,209.391350,467.503357,6.717002,286.592096,294.652499,141.504847,562.436988,245.394482,221.661074,276.382253,200.614467,124.488442,251.663684,184.493662,253.902685,8.239523,988.742731,2.149441,164.790455,75.230425,157.625653,78.812826,137.026846,28.927890,26.868009,92.246831,102.994034,75.767785,-82.574348,42.272334,15.225205,67.617823,24.718568,24.091648,4.119761,223.900075
3.340000,1.059398,59.997313,-5.029163,1.073380,60.000519,-3.998245,1.059417,59.990151,-6.488881,1.036670,59.975220,-7.094532,1.036808,59.967312,-6.018993,1.038906,59.965190,-5.446925,1.028647,59.968161,-7.188051,1.027156,59.969522,-7.555585,1.042537,59.984784,-6.463577,1.047842,59.963526,-3.534006,1.043859,59.964166,-4.187461,1.034217,59.965271,-4.205644,1.045692,59.966348,-4.135274,1.044020,59.973220,-5.542674,1.047812,59.984509,-5.953720,1.061755,59.989118,-4.792473,1.063470,59.989658,-5.726487,1.060947,59.989896,-6.379911,1.071637,59.997582,-0.707775,1.006452,60.001713,-1.690461,1.062380,59.988801,-2.751479,1.077604,59.988200,1.025874,1.073140,59.988243,0.861739,1.066888,59.989100,-4.689702,1.079277,59.998733,-3.074491,1.078510,59.990391,-4.668504,1.067023,59.990203,-6.137539,1.072560,59.984399,-2.413364,1.069258,59.982139,-0.272206,1.066850,60.017602,-1.949297,1.004709,59.937218,1.670051,1.004725,59.945646,3.081775,1.014679,60.000266,3.652701,1.016438,60.007081,2.701629,1.071393,59.987501,5.264290,1.085829,59.987237,7.582301,1.046913,60.000882,2.597608,1.035965,59.976921,5.351534,1.032435,59.995254,-5.656911,1.000002,0.997660,0.998324,1.000237,1.000519,1.000135,0.999329,1.001276,-40.698268,0.000000,3.001434,7.624901,2.833933,9.412405,16.254707,-39.764449,288.383297,447.800150,209.391350,467.503357,6.717002,286.592096,294.652499,141.504847,562.436988,245.394482,221.661074,276.382253,200.614467,124.488442,251.663684,184.493662,253.902685,8.239523,988.742731,2.149441,164.790455,75.230425,157.625653,78.812826,137.026846,28.927890,26.868009,92.246831,102.994034,75.767785,-82.574348,42.272334,15.225205,67.617823,24.718568,24.091648,4.119761,223.900075
3.360000,1.059560,59.997361,-4.910948,1.073634,60.001956,-3.850621,1.059851,59.991707,-6.415475,1.037491,59.976529,-7.129904,1.037786,59.968368,-6.112530,1.039914,59.966248,-5.555759,1.029609,59.969052,-7.276216,1.028089,59.970345,-7.634245,1.042990,59.984633,-6.436606,1.048866,59.965079,-3.652596,1.044880,59.965554,-4.302182,1.035244,59.966734,-4.312062,1.046680,59.967888,-4.233575,1.044882,59.974747,-5.591480,1.048380,59.986384,-5.919551,1.062204,59.991195,-4.724158,1.063924,59.991774,-5.654108,1.061394,59.991785,-6.306835,1.071825,60.000004,-0.576870,1.006484,60.004141,-1.529735,1.062868,59.990938,-2.685185,1.078119,59.990467,1.088415,1.073649,59.990487,0.924485,1.067346,59.991173,-4.621538,1.079463,60.000713,-2.937296,1.078988,59.993597,-4.585925,1.067492,59.992869,-6.058751,1.073251,59.989425,-2.365788,1.069990,59.987840,-0.237885,1.066790,60.018579,-1.680557,1.005807,59.937690,1.356860,1.005801,59.948114,2.838390,1.014859,60.002952,3.804150,1.016316,60.009635,2.901627,1.071925,59.989937,5.322548,1.086332,59.989663,7.638604,1.047006,60.003240,2.751998,1.036718,59.984167,5.355195,1.032564,59.994448,-5.557415,0.999982,0.997583,0.998381,1.000295,1.000584,1.000193,0.999529,1.001281,-39.672513,0.000000,3.318014,8.769334,4.101816,10.512581,17.036925,-38.181782,288.383297,447.800150,209.391350,467.503357,6.717002,286.592096,294.652499,141.504847,562.436988,245.394482,221.661074,276.382253,200.614467,124.488442,251.663684,184.493662,253.902685,8.239523,988.742731,2.149441,164.790455,75.230425,157.625653,78.812826,137.026846,28.927890,26.868009,92.246831,102.994034,75.767785,-82.574348,42.272334,15.225205,67.617823,24.718568,24.091648,4.119761,223.900075
3.380000,1.059654,59.997314,-4.809391,1.073757,60.003159,-3.710276,1.060139,59.993213,-6.347663,1.038163,59.978074,-7.171358,1.038624,59.969824,-6.213233,1.040783,59.967747,-5.671556,1.030437,59.970334,-7.372777,1.028890,59.971537,-7.721887,1.043374,59.984632,-6.426624,1.049744,59.967081,-3.774550,1.045756,59.967387,-4.421471,1.036121,59.968616,-4.422624,1.047519,59.969824,-4.335571,1.045592,59.976541,-5.644657,1.048793,59.988297,-5.888281,1.062500,59.993219,-4.657697,1.064220,59.993829,-5.583336,1.061688,59.993616,-6.236990,1.071899,60.002197,-0.446126,1.006425,60.006254,-1.369519,1.063196,59.993032,-2.620267,1.078469,59.992709,1.150598,1.073995,59.992705,0.986706,1.067650,59.993194,-4.555249,1.079547,60.002483,-2.803362,1.079282,59.996712,-4.497232,1.067786,59.995453,-5.977702,1.073701,59.994431,-2.298657,1.070473,59.993550,-0.179010,1.066638,60.018997,-1.423880,1.006805,59.939172,1.035053,1.006756,59.951325,2.599575,1.014947,60.005352,3.957086,1.016133,60.011779,3.101592,1.072293,59.992368,5.381760,1.086675,59.992094,7.695835,1.047025,60.005348,2.905673,1.037229,59.991487,5.394841,1.032672,59.993637,-5.480323,0.999961,0.997549,0.998464,1.000344,1.000634,1.000245,0.999734,1.001257,-38.631773,0.000000,3.688876,9.960979,5.418450,11.660478,17.930715,-36.579472,288.383297,447.800150,209.391350,467.503357,6.717002,286.592096,294.652499,141.504847,562.436988,245.394482,221.661074,276.382253,200.614467,124.488442,251.663684,184.493662,253.902685,8.239523,988.742731,2.149441,164.790455,75.230425,157.625653,78.812826,137.026846,28.927890,26.868009,92.246831,102.994034,75.767785,-82.574348,42.272334,15.225205,67.617823,24.718568,24.091648,4.119761,223.900075
3.400000,1.059675,59.997177,-4.726141,1.073740,60.004128,-3.579882,1.060270,59.994663,-6.286817,1.038669,59.979844,-7.218229,1.039302,59.971663,-6.319276,1.041492,59.969667,-5.792211,1.031110,59.971993,-7.475958,1.029539,59.973087,-7.816887,1.043681,59.984781,-6.433532,1.050456,59.969502,-3.897744,1.046468,59.969638,-4.543225,1.036829,59.970893,-4.535402,1.048191,59.972130,-4.439505,1.046133,59.978583,-5.701350,1.049036,59.990237,-5.860667,1.062630,59.995180,-4.594502,1.064345,59.995812,-5.515645,1.061815,59.995380,-6.171819,1.071847,60.004154,-0.318208,1.006267,60.008054,-1.213061,1.063349,59.995070,-2.558076,1.078642,59.994906,1.211175,1.074163,59.994880,1.047156,1.067786,59.995153,-4.492242,1.079520,60.004032,-2.675235,1.079382,59.999705,-4.404206,1.067894,59.997935,-5.896053,1.073897,59.999354,-2.213384,1.070693,59.999193,-0.096843,1.066388,60.018878,-1.184187,1.007678,59.941621,0.710738,1.007570,59.955219,2.369429,1.014933,60.007455,4.108409,1.015880,60.013518,3.297608,1.072485,59.994767,5.440784,1.086846,59.994507,7.752944,1.046962,60.007190,3.055776,1.037482,59.998781,5.469569,1.032755,59.992829,-5.426623,0.999939,0.997559,0.998572,1.000383,1.000670,1.000289,0.999944,1.001205,-37.595100,0.000000,4.106172,11.176751,6.758827,12.834360,18.919452,-34.988555,288.383297,447.800150,209.391350,467.503357,6.717002,286.592096,294.652499,141.504847,562.436988,245.394482,221.661074,276.382253,200.614467,124.488442,251.663684,184.493662,253.902685,8.239523,988.742731,2.149441,164.790455,75.230425,157.625653,78.812826,137.026846,28.927890,26.868009,92.246831,102.994034,75.767785,-82.574348,42.272334,15.225205,67.617823,24.718568,24.091648,4.119761,223.900075
3.420000,1.059620,59.996955,-4.662656,1.073582,60.004865,-3.461948,1.060239,59.996050,-6.234203,1.038999,59.981818,-7.269814,1.039808,59.973858,-6.428852,1.042029,59.971978,-5.915654,1.031616,59.974006,-7.583977,1.030026,59.974972,-7.917598,1.043905,59.985075,-6.457102,1.050991,59.972306,-4.020150,1.047003,59.972274,-4.665409,1.037354,59.973529,-4.648537,1.048684,59.974773,-4.543689,1.046494,59.980849,-5.760710,1.049102,59.992191,-5.837405,1.062588,59.997065,-4.535912,1.064295,59.997708,-5.452449,1.061771,59.997066,-6.112683,1.071663,60.005871,-0.195672,1.006006,60.009544,-1.063431,1.063322,59.997037,-2.499912,1.078630,59.997040,1.268910,1.074148,59.996993,1.104604,1.067748,59.997038,-4.433849,1.079379,60.005354,-2.555365,1.079281,60.002544,-4.308695,1.067810,60.000294,-5.815468,1.073829,60.004130,-2.111678,1.070640,60.004696,0.006975,1.066041,60.018248,-0.966058,1.008409,59.944975,0.389778,1.008231,59.959723,2.151717,1.014809,60.009251,4.255105,1.015553,60.014864,3.485976,1.072492,59.997107,5.498439,1.086836,59.996873,7.808838,1.046814,60.008755,3.199508,1.037468,60.005948,5.577907,1.032813,59.992029,-5.397096,0.999917,0.997612,0.998702,1.000412,1.000692,1.000326,1.000153,1.001127,-36.581512,0.000000,4.561229,12.393470,8.098038,14.012267,19.985105,-33.439404,288.383297,447.800150,209.391350,467.503357,6.717002,286.592096,294.652499,141.504847,562.436988,245.394482,221.661074,276.382253,200.614467,124.488442,251.663684,184.493662,253.902685,8.239523,988.742731,2.149441,164.790455,75.230425,157.625653,78.812826,137.026846,28.927890,26.868009,92.246831,102.994034,75.767785,-82.574348,42.272334,15.225205,67.617823,24.718568,24.091648,4.119761,223.900075
3.440000,1.059491,59.996653,-4.620188,1.073281,60.005375,-3.358792,1.060045,59.997365,-6.190976,1.039149,59.983972,-7.325414,1.040137,59.976372,-6.540222,1.042387,59.974641,-6.039905,1.031951,59.976339,-7.695098,1.030346,59.977161,-8.022402,1.044045,59.985505,-6.496994,1.051342,59.975446,-4.139884,1.047355,59.975249,-4.786119,1.037691,59.976484,-4.760287,1.048992,59.977711,-4.646549,1.046670,59.983307,-5.821926,1.048988,59.994141,-5.819140,1.062373,59.998862,-4.483195,1.064068,59.999505,-5.395095,1.061555,59.998663,-6.060858,1.071347,60.007344,-0.080926,1.005639,60.010733,-0.923487,1.063113,59.998918,-2.447018,1.078431,59.999091,1.322587,1.073947,59.999023,1.157846,1.067535,59.998835,-4.381330,1.079124,60.006445,-2.446069,1.078977,60.005200,-4.212605,1.067531,60.002506,-5.737600,1.073493,60.008699,-1.995537,1.070308,60.009984,0.130430,1.065596,60.017147,-0.773664,1.008988,59.949154,0.077674,1.008730,59.964754,1.949798,1.014573,60.010739,4.394289,1.015149,60.015831,3.663264,1.072314,59.999363,5.553525,1.086644,59.999165,7.862393,1.046580,60.010034,3.334169,1.037179,60.012889,5.717829,1.032844,59.991246,-5.392310,0.999895,0.997707,0.998852,1.000431,1.000701,1.000356,1.000360,1.001026,-35.609618,0.000000,5.044738,13.588328,9.411760,15.172445,21.108589,-31.961125,288.383297,447.800150,209.391350,467.503357,6.717002,286.592096,294.652499,141.504847,562.436988,245.394482,221.661074,276.382253,200.614467,124.488442,251.663684,184.493662,253.902685,8.239523,988.742731,2.149441,164.790455,75.230425,157.625653,78.812826,137.026846,28.927890,26.868009,92.246831,102.994034,75.767785,-82.574348,42.272334,15.225205,67.617823,24.718568,24.091648,4.119761,223.900075
3.460000,1.059289,59.996279,-4.599766,1.072842,60.005663,-3.272510,1.059693,59.998600,-6.158180,1.039121,59.986276,-7.384360,1.040288,59.979164,-6.651759,1.042566,59.977610,-6.163124,1.032113,59.978952,-7.807681,1.030498,59.979618,-8.129761,1.044102,59.986058,-6.552772,1.051508,59.978869,-4.255250,1.047524,59.978514,-4.903618,1.037840,59.979707,-4.869075,1.049114,59.980896,-4.746659,1.046664,59.985924,-5.884254,1.048699,59.996068,-5.806470,1.061987,60.000558,-4.437534,1.063667,60.001187,-5.344858,1.061170,60.000159,-6.017528,1.070901,60.008577,0.023796,1.005169,60.011633,-0.795835,1.062725,60.000698,-2.400571,1.078049,60.001037,1.371027,1.073564,60.000952,1.205716,1.067151,60.000531,-4.335861,1.078757,60.007303,-2.349509,1.078471,60.007644,-4.117874,1.067061,60.004552,-5.664084,1.072889,60.012999,-1.867222,1.069696,60.014986,0.271169,1.065059,60.015617,-0.610701,1.009412,59.954066,-0.220532,1.009066,59.970222,1.766579,1.014225,60.011921,4.523263,1.014670,60.016442,3.826357,1.071955,60.001511,5.604835,1.086274,60.001358,7.912474,1.046259,60.011024,3.457195,1.036612,60.019507,5.886782,1.032849,59.990485,-5.412615,0.999873,0.997843,0.999019,1.000440,1.000697,1.000378,1.000560,1.000904,-34.697259,0.000000,5.546950,14.739341,10.676707,16.293760,22.270138,-30.580994,288.383297,447.800150,209.391350,467.503357,6.717002,286.592096,294.652499,141.504847,562.436988,245.394482,221.661074,276.382253,200.614467,124.488442,251.663684,184.493662,253.902685,8.239523,988.742731,2.149441,164.790455,75.230425,157.625653,78.812826,137.026846,28.927890,26.868009,92.246831,102.994034,75.767785,-82.574348,42.272334,15.225205,67.617823,24.718568,24.091648,4.119761,223.900075
3.480000,1.059016,59.995840,-4.602186,1.072272,60.005742,-3.204950,1.059191,59.999745,-6.136739,1.038921,59.988693,-7.446034,1.040267,59.982184,-6.761988,1.042572,59.980831,-6.283650,1.032109,59.981799,-7.920218,1.030487,59.982298,-8.238249,1.044078,59.986719,-6.623923,1.051495,59.982518,-4.364768,1.047515,59.982012,-5.016376,1.037806,59.983143,-4.973511,1.049058,59.984276,-4.842778,1.046481,59.988658,-5.947041,1.048241,59.997954,-5.799949,1.061440,60.002139,-4.400019,1.063099,60.002741,-5.302926,1.060625,60.001542,-5.983777,1.070329,60.009572,0.116475,1.004600,60.012259,-0.682796,1.062166,60.002362,-2.361671,1.077492,60.002863,1.413099,1.073006,60.002762,1.247099,1.066602,60.002115,-4.298527,1.078281,60.007930,-2.267661,1.077768,60.009849,-4.026456,1.066405,60.006411,-5.596516,1.072018,60.016974,-1.729227,1.068807,60.019635,0.426523,1.064434,60.013712,-0.480322,1.009684,59.959609,-0.500323,1.009238,59.976032,1.604475,1.013769,60.012807,4.639561,1.014117,60.016722,3.972492,1.071421,60.003528,5.651183,1.085731,60.003427,7.957953,1.045855,60.011726,3.566204,1.035767,60.025713,6.081733,1.032828,59.989749,-5.458136,0.999851,0.998016,0.999201,1.000441,1.000683,1.000392,1.000751,1.000765,-33.861174,0.000000,6.057878,15.825782,11.871054,17.356096,23.449686,-29.323942,288.383297,447.800150,209.391350,467.503357,6.717002,286.592096,294.652499,141.504847,562.436988,245.394482,221.661074,276.382253,200.614467,124.488442,251.663684,184.493662,253.902685,8.239523,988.742731,2.149441,164.790455,75.230425,157.625653,78.812826,137.026846,28.927890,26.868009,92.246831,102.994035,75.767785,-82.574348,42.272334,15.225205,67.617823,24.718568,24.091648,4.119761,223.900075
3.500000,1.058679,59.995343,-4.627991,1.071579,60.005624,-3.157676,1.058548,60.000793,-6.127450,1.038559,59.991189,-7.509891,1.040081,59.985380,-6.869610,1.042412,59.984249,-6.400028,1.031945,59.984829,-8.031362,1.030322,59.985154,-8.346583,1.043978,59.987470,-6.709859,1.051311,59.986331,-4.467202,1.047335,59.985685,-5.123088,1.037597,59.986737,-5.072424,1.048829,59.987795,-4.933863,1.046130,59.991468,-6.009738,1.047625,59.999777,-5.800085,1.060740,60.003595,-4.371640,1.062374,60.004155,-5.270391,1.059927,60.002802,-5.960579,1.069642,60.010340,0.195329,1.003939,60.012628,-0.586378,1.061447,60.003897,-2.331325,1.076770,60.004552,1.447745,1.072284,60.004437,1.280956,1.065899,60.003573,-4.270313,1.077704,60.008331,-2.202282,1.076877,60.011792,-3.940290,1.065572,60.008065,-5.536439,1.070889,60.020572,-1.584244,1.067646,60.023870,0.593557,1.063728,60.011489,-0.385085,1.009810,59.965673,-0.757759,1.009251,59.982083,1.465382,1.013209,60.013411,4.740996,1.013496,60.016699,4.099299,1.070724,60.005397,5.691435,1.085028,60.005355,7.997741,1.045370,60.012146,3.659033,1.034650,60.031423,6.299218,1.032783,59.989046,-5.528772,0.999829,0.998223,0.999393,1.000433,1.000659,1.000398,1.000931,1.000613,-33.116692,0.000000,6.567490,16.828557,12.974810,18.340718,24.627228,-28.212108,288.383297,447.800150,209.391350,467.503357,6.717002,286.592096,294.652499,141.504847,562.436988,245.394482,221.661074,276.382253,200.614467,124.488442,251.663684,184.493662,253.902685,8.239523,988.742731,2.149441,164.790455,75.230425,157.625653,78.812826,137.026846,28.927890,26.868009,92.246831,102.994035,75.767785,-82.574348,42.272334,15.225205,67.617823,24.718568,24.091648,4.119761,223.900075
3.520000,1.058282,59.994799,-4.677468,1.070772,60.005327,-3.131946,1.057777,60.001735,-6.130965,1.038047,59.993723,-7.575465,1.039741,59.988699,-6.973517,1.042097,59.987804,-6.511023,1.031632,59.987990,-8.139949,1.030011,59.988134,-8.453645,1.043807,59.988292,-6.809934,1.050965,59.990246,-4.561568,1.046995,59.989470,-5.222694,1.037224,59.990429,-5.164866,1.048439,59.991397,-5.019085,1.045623,59.994312,-6.071904,1.046863,60.001518,-5.807332,1.059899,60.004914,-4.353266,1.061504,60.005417,-5.248233,1.059091,60.003929,-5.948781,1.068847,60.010891,0.258848,1.003193,60.012763,-0.508246,1.060579,60.005293,-2.310429,1.075896,60.006091,1.474006,1.071411,60.005966,1.306341,1.065054,60.004896,-4.252082,1.077031,60.008514,-2.154881,1.075806,60.013455,-3.861268,1.064573,60.009500,-5.485312,1.069509,60.023748,-1.435108,1.066222,60.027637,0.769123,1.062950,60.009014,-0.326906,1.009800,59.972148,-0.989502,1.009110,59.988276,1.350672,1.012553,60.013752,4.825703,1.012812,60.016406,4.204830,1.069875,60.007103,5.724539,1.084174,60.007124,8.030823,1.044810,60.012295,3.733778,1.033267,60.036562,6.535406,1.032713,59.988378,-5.624195,0.999808,0.998459,0.999593,1.000419,1.000626,1.000398,1.001096,1.000450,-32.477466,0.000000,7.065895,17.730551,13.970140,19.230592,25.783191,-27.264452,288.383297,447.800150,209.391350,467.503357,6.717002,286.592096,294.652499,141.504847,562.436988,245.394482,221.661074,276.382253,200.614467,124.488442,251.663684,184.493662,253.902685,8.239523,988.742731,2.149441,164.790455,75.230425,157.625653,78.812826,137.026846,28.927890,26.868009,92.246831,102.994035,75.767785,-82.574348,42.272334,15.225205,67.617823,24.718568,24.091648,4.119761,223.900075
3.540000,1.057830,59.994219,-4.750632,1.069863,60.004872,-3.128684,1.056890,60.002569,-6.147782,1.037395,59.996259,-7.642366,1.039259,59.992085,-7.072799,1.041638,59.991439,-6.615631,1.031181,59.991228,-8.245005,1.029567,59.991189,-8.558485,1.043571,59.989168,-6.923441,1.050468,59.994200,-4.647136,1.046506,59.993308,-5.314376,1.036697,59.994160,-5.250119,1.047899,59.995025,-5.097825,1.044971,59.997148,-6.133209,1.045968,60.003160,-5.822081,1.058930,60.006092,-4.345630,1.060500,60.006522,-5.237294,1.058127,60.004918,-5.949089,1.067955,60.011241,0.305819,1.002372,60.012688,-0.449703,1.059576,60.006541,-2.299748,1.074883,60.007473,1.491044,1.070398,60.007339,1.322436,1.064079,60.006076,-4.244566,1.076270,60.008492,-2.126694,1.074566,60.014823,-3.791195,1.063419,60.010705,-5.444486,1.067891,60.026466,-1.284748,1.064547,60.030890,0.949918,1.062107,60.006355,-0.307017,1.009663,59.978921,-1.192821,1.008822,59.994511,1.261195,1.011809,60.013855,4.892177,1.012072,60.015880,4.287583,1.068888,60.008638,5.749558,1.083184,60.008725,8.056289,1.044179,60.012188,3.788834,1.031629,60.041068,6.786175,1.032623,59.987749,-5.743855,0.999787,0.998722,0.999796,1.000398,1.000585,1.000390,1.001244,1.000282,-31.955243,0.000000,7.543522,18.516912,14.841636,20.010673,26.898765,-26.496457,288.383297,447.800150,209.391350,467.503357,6.717002,286.592096,294.652499,141.504847,562.436988,245.394482,221.661074,276.382253,200.614467,124.488442,251.663684,184.493662,253.902685,8.239523,988.742731,2.149441,164.790455,75.230425,157.625653,78.812826,137.026846,28.927890,26.868009,92.246831,102.994034,75.767785,-82.574348,42.272334,15.225205,67.617823,24.718568,24.091648,4.119761,223.900075
3.560000,1.057329,59.993614,-4.847224,1.068862,60.004282,-3.148454,1.055898,60.003293,-6.178224,1.036617,59.998759,-7.710283,1.038645,59.995484,-7.166744,1.041045,59.995096,-6.713070,1.030603,59.994489,-8.345745,1.028998,59.994268,-8.660327,1.043275,59.990077,-7.049616,1.049830,59.998134,-4.723423,1.045877,59.997139,-5.397554,1.036028,59.997874,-5.327686,1.047219,59.998625,-5.169670,1.044185,59.999935,-6.193423,1.044952,60.004688,-5.844645,1.057846,60.007121,-4.349312,1.059375,60.007463,-5.238268,1.057048,60.005765,-5.962048,1.066976,60.011409,0.335346,1.001484,60.012431,-0.411670,1.058451,60.007636,-2.299897,1.073744,60.008693,1.498172,1.069260,60.008552,1.328566,1.062987,60.007110,-4.248341,1.075427,60.008283,-2.118650,1.073168,60.015890,-3.731754,1.062123,60.011674,-5.415176,1.066047,60.028699,-1.136124,1.062633,60.033595,1.132554,1.061207,60.003585,-0.325945,1.009410,59.985884,-1.365590,1.008394,60.000692,1.197286,1.010985,60.013749,4.939304,1.011282,60.015159,4.346517,1.067775,60.009997,5.765709,1.082070,60.010152,8.073370,1.043482,60.011848,3.822924,1.029747,60.044887,7.047191,1.032512,59.987164,-5.886978,0.999768,0.999005,1.000000,1.000373,1.000540,1.000376,1.001373,1.000111,-31.559673,0.000000,7.991289,19.175282,15.576524,20.668136,27.956230,-25.919902,288.383297,447.800150,209.391350,467.503357,6.717002,286.592096,294.652499,141.504847,562.436988,245.394482,221.661074,276.382253,200.614467,124.488442,251.663684,184.493662,253.902685,8.239523,988.742731,2.149441,164.790455,75.230425,157.625653,78.812826,137.026846,28.927890,26.868009,92.246831,102.994034,75.767785,-82.574348,42.272334,15.225205,67.617823,24.718568,24.091648,4.119761,223.900075
3.580000,1.056783,59.992998,-4.966705,1.067779,60.003584,-3.191446,1.054813,60.003906,-6.222428,1.035722,60.001189,-7.778965,1.037909,59.998847,-7.254823,1.040329,59.998718,-6.802779,1.029905,59.997723,-8.441572,1.028313,59.997321,-8.758565,1.042922,59.991001,-7.187640,1.049060,60.001989,-4.790182,1.045120,60.000907,-5.471879,1.035226,60.001516,-5.397280,1.046410,60.002146,-5.234399,1.043277,60.002637,-6.252406,1.043828,60.006089,-5.875247,1.056658,60.008003,-4.364720,1.058141,60.008242,-5.251671,1.055865,60.006470,-5.988022,1.065919,60.011415,0.346870,1.000535,60.012019,-0.394678,1.057215,60.008579,-2.311318,1.072491,60.009750,1.494879,1.068009,60.009604,1.324233,1.061790,60.007995,-4.263814,1.074508,60.007906,-2.131354,1.071625,60.016656,-3.684463,1.060696,60.012407,-5.398422,1.063994,60.030427,-0.992160,1.060498,60.035728,1.313629,1.060257,60.000778,-0.383496,1.009049,59.992930,-1.506268,1.007831,60.006726,1.158794,1.010090,60.013466,4.966378,1.010447,60.014283,4.381063,1.066549,60.011182,5.772387,1.080843,60.011405,8.081469,1.042724,60.011298,3.835132,1.027637,60.047983,7.313993,1.032382,59.986626,-6.052575,0.999749,0.999303,1.000201,1.000344,1.000490,1.000357,1.001481,0.999942,-31.298174,0.000000,8.400758,19.695971,16.164824,21.192570,28.939247,-25.542719,288.383297,447.800150,209.391350,467.503357,6.717002,286.592096,294.652499,141.504847,562.436988,245.394482,221.661074,276.382253,200.614467,124.488442,251.663684,184.493662,253.902685,8.239523,988.742731,2.149441,164.790455,75.230425,157.625653,78.812826,137.026846,28.927890,26.868009,92.246831,102.994034,75.767785,-82.574348,42.272334,15.225205,67.617823,24.718568,24.091648,4.119761,223.900075
3.600000,1.056199,59.992383,-5.108261,1.066622,60.002807,-3.257467,1.053645,60.004413,-6.280332,1.034720,60.003519,-7.848218,1.037058,60.002123,-7.336687,1.039496,60.002255,-6.884397,1.029096,60.000882,-8.532061,1.027521,60.000303,-8.852748,1.042517,59.991925,-7.336635,1.048167,60.005712,-4.847383,1.044241,60.004557,-5.537211,1.034301,60.005036,-5.458809,1.045478,60.005537,-5.291968,1.042256,60.005219,-6.310091,1.042605,60.007354,-5.914002,1.055376,60.008738,-4.392076,1.056808,60.008860,-5.277827,1.054588,60.007036,-6.027182,1.064795,60.011285,0.340179,0.999535,60.011483,-0.398861,1.055880,60.009372,-2.334263,1.071136,60.010649,1.480847,1.066655,60.010499,1.309129,1.060498,60.008734,-4.291207,1.073520,60.007385,-2.165066,1.069949,60.017124,-3.650636,1.059151,60.012909,-5.395069,1.061749,60.031645,-0.855680,1.058159,60.037276,1.489802,1.059266,59.998007,-0.478769,1.008585,59.999957,-1.613877,1.007138,60.012526,1.145108,1.009130,60.013040,4.973120,1.009574,60.013291,4.391125,1.065221,60.012197,5.769191,1.079514,60.012488,8.080190,1.041909,60.010568,3.824920,1.025319,60.050329,7.582090,1.032235,59.986140,-6.239451,0.999732,0.999612,1.000395,1.000312,1.000437,1.000332,1.001568,0.999778,-31.175823,0.000000,8.764278,20.072075,16.599449,21.576121,29.833115,-25.368931,288.383297,447.800150,209.391350,467.503357,6.717002,286.592096,294.652499,141.504847,562.436988,245.394482,221.661074,276.382253,200.614467,124.488442,251.663684,184.493662,253.902685,8.239523,988.742731,2.149441,164.790455,75.230425,157.625653,78.812826,137.026846,28.927890,26.868009,92.246831,102.994034,75.767785,-82.574348,42.272334,15.225205,67.617823,24.718568,24.091648,4.119761,223.900075
3.620000,1.055581,59.991783,-5.270802,1.065402,60.001983,-3.345935,1.052401,60.004820,-6.351661,1.033618,60.005720,-7.917885,1.036099,60.005270,-7.412142,1.038554,60.005657,-6.957750,1.028181,60.003920,-8.616950,1.026625,60.003171,-8.942571,1.042060,59.992832,-7.495668,1.047156,60.009253,-4.895191,1.043246,60.008042,-5.593601,1.033257,60.008386,-5.512355,1.044432,60.008757,-5.342491,1.041128,60.007649,-6.366474,1.041292,60.008477,-5.960907,1.054009,60.009332,-4.431402,1.055386,60.009324,-5.316851,1.053228,60.007469,-6.079490,1.063608,60.011043,0.315409,0.998487,60.010854,-0.423958,1.054455,60.010019,-2.368782,1.069688,60.011394,1.455969,1.065209,60.011241,1.283155,1.059120,60.009332,-4.330539,1.072467,60.006747,-2.219692,1.068153,60.017307,-3.631349,1.057499,60.013188,-5.405734,1.059331,60.032355,-0.729343,1.055637,60.038239,1.657865,1.058239,59.995344,-0.610168,1.008023,60.006870,-1.687976,1.006319,60.018012,1.155193,1.008112,60.012507,4.959672,1.008666,60.012225,4.377068,1.063801,60.013049,5.755945,1.078093,60.013409,8.069350,1.041040,60.009690,3.792144,1.022813,60.051915,7.847039,1.032072,59.985707,-6.446209,0.999716,0.999926,1.000580,1.000279,1.000382,1.000304,1.001632,0.999623,-31.195303,0.000000,9.075114,20.299537,16.876251,21.813583,30.625007,-25.398659,288.383297,447.800150,209.391350,467.503357,6.717002,286.592096,294.652499,141.504847,562.436988,245.394482,221.661074,276.382253,200.614467,124.488442,251.663684,184.493662,253.902685,8.239523,988.742731,2.149441,164.790455,75.230425,157.625653,78.812826,137.026846,28.927890,26.868009,92.246831,102.994034,75.767785,-82.574348,42.272334,15.225205,67.617823,24.718568,24.091648,4.119761,223.900075
3.640000,1.054931,59.991214,-5.452982,1.064124,60.001140,-3.455888,1.051089,60.005134,-6.435930,1.032420,60.007767,-7.987836,1.035036,60.008245,-7.481139,1.037505,60.008881,-7.022834,1.027164,60.006796,-8.696119,1.025630,60.005886,-9.027862,1.041555,59.993708,-7.663751,1.046032,60.012568,-4.933950,1.042140,60.011316,-5.641274,1.032099,60.011525,-5.558154,1.043274,60.011764,-5.386216,1.039899,60.009902,-6.421592,1.039895,60.009454,-6.015831,1.052565,60.009791,-4.482511,1.053883,60.009643,-5.368642,1.051791,60.007778,-6.144693,1.062367,60.010713,0.273040,0.997398,60.010164,-0.469326,1.052948,60.010528,-2.414716,1.068155,60.011996,1.420357,1.063677,60.011841,1.246429,1.057663,60.009795,-4.381628,1.071353,60.006020,-2.294780,1.066250,60.017223,-3.627409,1.055753,60.013258,-5.430786,1.056763,60.032570,-0.615581,1.052956,60.038626,1.814813,1.057183,59.992855,-0.775444,1.007363,60.013576,-1.728631,1.005377,60.023112,1.187633,1.007043,60.011902,4.926592,1.007727,60.011124,4.339709,1.062297,60.013750,5.732700,1.076587,60.014177,8.048996,1.040122,60.008698,3.737064,1.020142,60.052743,8.104541,1.031893,59.985333,-6.671272,0.999701,1.000238,1.000751,1.000245,1.000328,1.000272,1.001673,0.999481,-31.356883,0.000000,9.327567,20.377157,16.994016,21.902453,31.304155,-25.628210,288.383297,447.800150,209.391350,467.503357,6.717002,286.592096,294.652499,141.504847,562.436988,245.394482,221.661074,276.382253,200.614467,124.488442,251.663684,184.493662,253.902685,8.239523,988.742731,2.149441,164.790455,75.230425,157.625653,78.812826,137.026846,28.927890,26.868009,92.246831,102.994034,75.767785,-82.574348,42.272334,15.225205,67.617823,24.718568,24.091648,4.119761,223.900075
3.660000,1.054254,59.990687,-5.653204,1.062798,60.000309,-3.586000,1.049713,60.005366,-6.532439,1.031131,60.009638,-8.057954,1.033871,60.011013,-7.543756,1.036351,60.011886,-7.079797,1.026046,60.009473,-8.769582,1.024537,60.008412,-9.108563,1.041000,59.994540,-7.839843,1.044797,60.015615,-4.964153,1.040926,60.014340,-5.680605,1.030831,60.014416,-5.596577,1.042009,60.014524,-5.423511,1.038573,60.011953,-6.475513,1.038422,60.010284,-6.078505,1.051050,60.010125,-4.545010,1.052307,60.009828,-5.432871,1.050284,60.007973,-6.222317,1.061075,60.010323,0.213885,0.996270,60.009441,-0.533953,1.051365,60.010910,-2.471689,1.066544,60.012465,1.374345,1.062067,60.012307,1.199291,1.056134,60.010133,-4.444079,1.070184,60.005231,-2.389523,1.064254,60.016892,-3.639326,1.053921,60.013137,-5.470333,1.054066,60.032311,-0.516544,1.050140,60.038458,1.957906,1.056102,59.990600,-0.971747,1.006603,60.019990,-1.736397,1.004314,60.027761,1.240667,1.005927,60.011258,4.874835,1.006760,60.010025,4.280285,1.060716,60.014312,5.699742,1.075003,60.014805,8.019407,1.039158,60.007626,3.660336,1.017334,60.052827,8.350519,1.031700,59.985019,-6.912887,0.999688,1.000545,1.000908,1.000213,1.000274,1.000237,1.001691,0.999353,-31.658442,0.000000,9.517072,20.306549,16.954415,21.842934,31.862008,-26.050233,288.383297,447.800150,209.391350,467.503357,6.717002,286.592096,294.652499,141.504847,562.436988,245.394482,221.661074,276.382253,200.614467,124.488442,251.663684,184.493662,253.902685,8.239523,988.742731,2.149441,164.790455,75.230425,157.625653,78.812826,137.026846,28.927890,26.868009,92.246831,102.994034,75.767785,-82.574348,42.272334,15.225205,67.617823,24.718568,24.091648,4.119761,223.900075
3.680000,1.053553,59.990216,-5.869647,1.061428,59.999518,-3.734602,1.048280,60.005525,-6.640285,1.029753,60.011316,-8.128132,1.032604,60.013540,-7.600184,1.035095,60.014636,-7.128925,1.024828,60.011919,-8.837463,1.023347,60.010718,-9.184721,1.040395,59.995318,-8.022852,1.043453,60.018360,-4.986425,1.039604,60.017078,-5.712101,1.029454,60.017024,-5.628112,1.040639,60.017005,-5.454845,1.037153,60.013783,-6.528322,1.036874,60.010969,-6.148528,1.049469,60.010344,-4.618298,1.050664,60.009893,-5.508986,1.048714,60.008066,-6.311673,1.059737,60.009896,0.139069,0.995107,60.008714,-0.616486,1.049712,60.011174,-2.539119,1.064860,60.012812,1.318484,1.060385,60.012653,1.142292,1.054538,60.010356,-4.517291,1.068962,60.004411,-2.502770,1.062180,60.016341,-3.667301,1.052017,60.012844,-5.524207,1.051268,60.031609,-0.434056,1.047218,60.037763,2.084726,1.055001,59.988633,-1.195689,1.005739,60.026030,-1.712289,1.003132,60.031901,1.312241,1.004769,60.010606,4.805721,1.005767,60.008963,4.200424,1.059063,60.014747,5.657581,1.073346,60.015304,7.981083,1.038150,60.006511,3.563006,1.014416,60.052195,8.581191,1.031492,59.984768,-7.169151,0.999676,1.000840,1.001047,1.000182,1.000223,1.000201,1.001685,0.999243,-32.095527,0.000000,9.640289,20.092047,16.761906,21.637896,32.292341,-26.653928,288.383297,447.800150,209.391350,467.503357,6.717002,286.592096,294.652499,141.504847,562.436988,245.394482,221.661074,276.382253,200.614467,124.488442,251.663684,184.493662,253.902685,8.239523,988.742731,2.149441,164.790455,75.230425,157.625653,78.812826,137.026846,28.927890,26.868009,92.246831,102.994034,75.767785,-82.574348,42.272334,15.225205,67.617823,24.718568,24.091648,4.119761,223.900075
3.700000,1.052829,59.989811,-6.100284,1.060022,59.998792,-3.899713,1.046792,60.005621,-6.758371,1.028287,60.012785,-8.198258,1.031235,60.015797,-7.650712,1.033733,60.017099,-7.170623,1.023510,60.014103,-8.899993,1.022059,60.012776,-9.256472,1.039740,59.996031,-8.211645,1.042001,60.020774,-5.001506,1.038175,60.019500,-5.736385,1.027970,60.019322,-5.653344,1.039164,60.019182,-5.480765,1.035640,60.015374,-6.580116,1.035257,60.011511,-6.225360,1.047826,60.010460,-4.701576,1.048961,60.009851,-5.596220,1.047086,60.008070,-6.411863,1.058355,60.009454,0.050004,0.993911,60.008010,-0.715264,1.047994,60.011333,-2.616222,1.063109,60.013049,1.253526,1.058635,60.012890,1.076190,1.052881,60.010475,-4.600467,1.067691,60.003588,-2.633050,1.060042,60.015598,-3.711219,1.050052,60.012403,-5.591968,1.048394,60.030499,-0.369578,1.044217,60.036579,2.193222,1.053885,59.986998,-1.443418,1.004766,60.031622,-1.657767,1.001834,60.035485,1.400051,1.003571,60.009976,4.720903,1.004749,60.007968,4.102105,1.057345,60.015068,5.606936,1.071619,60.015689,7.934735,1.037102,60.005386,3.446489,1.011421,60.050884,8.793135,1.031271,59.984583,-7.438023,0.999666,1.001119,1.001166,1.000154,1.000174,1.000164,1.001658,0.999152,-32.661451,0.000000,9.695163,19.740575,16.423590,21.292796,32.591329,-27.425317,288.383297,447.800150,209.391350,467.503357,6.717002,286.592096,294.652499,141.504847,562.436988,245.394482,221.661074,276.382253,200.614467,124.488442,251.663684,184.493662,253.902685,8.239523,988.742731,2.149441,164.790455,75.230425,157.625653,78.812826,137.026846,28.927890,26.868009,92.246831,102.994034,75.767785,-82.574348,42.272334,15.225205,67.617823,24.718568,24.091648,4.119761,223.900075
3.720000,1.052087,59.989484,-6.342913,1.058584,59.998156,-4.079079,1.045255,60.005665,-6.885426,1.026735,60.014032,-8.268217,1.029765,60.017760,-7.695721,1.032268,60.019248,-7.205407,1.022091,60.016002,-8.957488,1.020673,60.014564,-9.324031,1.039033,59.996670,-8.405051,1.040443,60.022830,-5.010224,1.036640,60.021580,-5.754173,1.026378,60.021287,-5.672940,1.037587,60.021033,-5.501888,1.034037,60.016715,-6.630992,1.033574,60.011914,-6.308340,1.046127,60.010483,-4.793862,1.047205,60.009717,-5.693600,1.045405,60.007997,-6.521797,1.056934,60.009018,-0.051648,0.992684,60.007349,-0.828347,1.046216,60.011398,-2.702033,1.061297,60.013189,1.180412,1.056822,60.013029,1.001924,1.051165,60.010502,-4.692626,1.066377,60.002787,-2.778592,1.057857,60.014695,-3.770646,1.048036,60.011836,-5.672906,1.045473,60.029024,-0.324180,1.041171,60.034949,2.281742,1.052757,59.985730,-1.710703,1.003676,60.036692,-1.574714,1.000421,60.038475,1.501590,1.002338,60.009391,4.622318,1.003707,60.007067,3.987612,1.055566,60.015286,5.548713,1.069829,60.015969,7.881259,1.036017,60.004285,3.312543,1.008382,60.048940,8.983342,1.031035,59.984465,-7.717347,0.999658,1.001377,1.001265,1.000129,1.000130,1.000127,1.001609,0.999082,-33.347422,0.000000,9.680981,19.261467,15.949037,20.815550,32.757566,-28.347572,288.383297,447.800150,209.391350,467.503357,6.717002,286.592096,294.652499,141.504847,562.436988,245.394482,221.661074,276.382253,200.614467,124.488442,251.663684,184.493662,253.902685,8.239523,988.742731,2.149441,164.790455,75.230425,157.625653,78.812826,137.026846,28.927890,26.868009,92.246831,102.994034,75.767785,-82.574348,42.272334,15.225205,67.617823,24.718568,24.091648,4.119761,223.900075
3.740000,1.051328,59.989241,-6.595182,1.057123,59.997626,-4.270215,1.043671,60.005666,-7.020024,1.025099,60.015049,-8.337887,1.028194,60.019407,-7.735666,1.030698,60.021058,-7.233893,1.020571,60.017594,-9.010343,1.019188,60.016060,-9.387682,1.038274,59.997230,-8.601871,1.038781,60.024509,-5.013486,1.035002,60.023297,-5.766268,1.024682,60.022897,-5.687635,1.035909,60.022540,-5.518883,1.032345,60.017795,-6.681044,1.031829,60.012183,-6.396685,1.044376,60.010425,-4.894011,1.045401,60.009504,-5.799966,1.043678,60.007860,-6.640210,1.055475,60.008604,-0.164009,0.991427,60.006753,-0.953567,1.044382,60.011379,-2.795419,1.059427,60.013241,1.100242,1.054952,60.013080,0.920600,1.049396,60.010448,-4.792623,1.065025,60.002032,-2.937366,1.055640,60.013661,-3.844842,1.045984,60.011167,-5.766059,1.042536,60.027229,-0.298531,1.038111,60.032923,2.349058,1.051623,59.984855,-1.993020,1.002463,60.041174,-1.465424,0.998899,60.040840,1.614198,1.001073,60.008871,4.512142,1.002643,60.006282,3.859483,1.053731,60.015411,5.483977,1.067980,60.016155,7.821713,1.034899,60.003238,3.163238,1.005332,60.046418,9.149261,1.030787,59.984415,-8.004874,0.999652,1.001610,1.001341,1.000108,1.000090,1.000091,1.001540,0.999035,-34.142710,0.000000,9.598385,18.666249,15.350066,20.216375,32.792047,-29.401370,288.383297,447.800150,209.391350,467.503357,6.717002,286.592096,294.652499,141.504847,562.436988,245.394482,221.661074,276.382253,200.614467,124.488442,251.663684,184.493662,253.902685,8.239523,988.742731,2.149441,164.790455,75.230425,157.625653,78.812826,137.026846,28.927890,26.868009,92.246831,102.994034,75.767785,-82.574348,42.272334,15.225205,67.617823,24.718568,24.091648,4.119761,223.900075
3.760000,1.050555,59.989089,-6.854625,1.055645,59.997220,-4.470450,1.042047,60.005632,-7.160610,1.023382,60.015828,-8.407136,1.026524,60.020721,-7.771074,1.029026,60.022510,-7.256779,1.018952,60.018862,-9.059021,1.017607,60.017250,-9.447763,1.037464,59.997703,-8.800884,1.037019,60.025795,-5.012255,1.033262,60.024635,-5.773535,1.022885,60.024140,-5.698216,1.034136,60.023690,-5.532459,1.030571,60.018606,-6.730361,1.030026,60.012322,-6.489514,1.042579,60.010297,-5.000732,1.043558,60.009227,-5.913994,1.041911,60.007671,-6.765684,1.053983,60.008226,-0.285027,0.990144,60.006235,-1.088566,1.042499,60.011287,-2.895110,1.057505,60.013213,1.014250,1.053029,60.013053,0.833455,1.047581,60.010323,-4.899168,1.063640,60.001345,-3.107113,1.053412,60.012528,-3.932777,1.043907,60.010419,-5.870228,1.039614,60.025161,-0.292893,1.035071,60.030553,2.394373,1.050485,59.984388,-2.285642,1.001122,60.045008,-1.332580,0.997272,60.042559,1.735106,0.999779,60.008430,4.392736,1.001559,60.005629,3.720456,1.051847,60.015451,5.413922,1.066076,60.016254,7.757279,1.033752,60.002273,3.000912,1.002309,60.043379,9.288824,1.030525,59.984434,-8.298281,0.999648,1.001814,1.001395,1.000092,1.000056,1.000057,1.001452,0.999010,-35.034839,0.000000,9.449379,17.968396,14.640495,19.507581,32.698101,-30.565298,288.383297,447.800150,209.391350,467.503357,6.717002,286.592096,294.652499,141.504847,562.436988,245.394482,221.661074,276.382253,200.614467,124.488442,251.663684,184.493662,253.902685,8.239523,988.742731,2.149441,164.790455,75.230425,157.625653,78.812826,137.026846,28.927890,26.868009,92.246831,102.994034,75.767785,-82.574348,42.272334,15.225205,67.617823,24.718568,24.091648,4.119761,223.900075
3.780000,1.049772,59.989033,-7.118693,1.054157,59.996947,-4.676978,1.040388,60.005570,-7.305531,1.021589,60.016365,-8.475826,1.024759,60.021690,-7.802528,1.027255,60.023590,-7.274839,1.017238,60.019794,-9.104036,1.015933,60.018122,-9.504663,1.036604,59.998085,-9.000856,1.035162,60.026678,-5.007536,1.031428,60.025580,-5.776894,1.020994,60.025004,-5.705510,1.032272,60.024476,-5.543352,1.028718,60.019145,-6.779024,1.028172,60.012339,-6.585857,1.040742,60.010107,-5.112623,1.041684,60.008897,-6.034222,1.040111,60.007440,-6.896677,1.052461,60.007894,-0.412524,0.988837,60.005808,-1.230851,1.040573,60.011130,-2.999723,1.055541,60.013115,0.923776,1.051062,60.012956,0.741833,1.045725,60.010136,-5.010857,1.062230,60.000744,-3.285391,1.051189,60.011326,-4.033158,1.041821,60.009615,-5.984005,1.036738,60.022871,-0.307132,1.032087,60.027892,2.417324,1.049350,59.984333,-2.583732,0.999648,60.048138,-1.179233,0.995550,60.043623,1.861484,0.998462,60.008078,4.266588,1.000455,60.005121,3.573410,1.049921,60.015411,5.339831,1.064126,60.016273,7.689233,1.032583,60.001412,2.828132,0.999348,60.039887,9.400468,1.030251,59.984523,-8.595198,0.999645,1.001986,1.001426,1.000080,1.000027,1.000026,1.001348,0.999008,-36.009808,0.000000,9.237295,17.183046,13.835862,18.703337,32.481278,-31.816282,288.383297,447.800150,209.391350,467.503357,6.717002,286.592096,294.652499,141.504847,562.436988,245.394482,221.661074,276.382253,200.614467,124.488442,251.663684,184.493662,253.902685,8.239523,988.742731,2.149441,164.790455,75.230425,157.625653,78.812826,137.026846,28.927890,26.868009,92.246831,102.994034,75.767785,-82.574348,42.272334,15.225205,67.617823,24.718568,24.091648,4.119761,223.900075
3.800000,1.048981,59.989075,-7.384785,1.052668,59.996813,-4.886906,1.038702,60.005487,-7.453057,1.019728,60.016658,-8.543808,1.022905,60.022304,-7.830659,1.025391,60.024285,-7.288910,1.015434,60.020382,-9.145946,1.014172,60.018670,-9.558802,1.035697,59.998375,-9.200549,1.033220,60.027152,-5.000357,1.029505,60.026127,-5.777298,1.019016,60.025484,-5.710370,1.030327,60.024891,-5.552314,1.026796,60.019410,-6.827102,1.026276,60.012237,-6.684677,1.038875,60.009863,-5.228187,1.039790,60.008526,-6.159075,1.038290,60.007176,-7.031549,1.050917,60.007615,-0.544236,0.987511,60.005479,-1.377835,1.038615,60.010915,-3.107792,1.053542,60.012949,0.830229,1.049060,60.012793,0.647150,1.043838,60.009896,-5.126195,1.060804,60.000241,-3.469621,1.048992,60.010082,-4.144459,1.039742,60.008776,-6.105804,1.033940,60.020406,-0.340736,1.029191,60.024996,2.417969,1.048222,59.984688,-2.882430,0.998042,60.050514,-1.008777,0.993744,60.044027,1.990490,0.997126,60.007819,4.136263,0.999336,60.004761,3.421310,1.047963,60.015295,5.263045,1.062138,60.016212,7.618901,1.031396,60.000675,2.647640,0.996485,60.036010,9.483136,1.029966,59.984680,-8.893227,0.999645,1.002124,1.001434,1.000073,1.000004,0.999998,1.001229,0.999029,-37.052344,0.000000,8.966738,16.326694,12.953113,17.819398,32.149194,-33.130042,288.383297,447.800150,209.391350,467.503357,6.717002,286.592096,294.652499,141.504847,562.436988,245.394482,221.661074,276.382253,200.614467,124.488442,251.663684,184.493662,253.902685,8.239523,988.742731,2.149441,164.790455,75.230425,157.625653,78.812826,137.026846,28.927890,26.868009,92.246831,102.994034,75.767785,-82.574348,42.272334,15.225205,67.617823,24.718568,24.091648,4.119761,223.900075
3.820000,1.048189,59.989215,-7.650285,1.051187,59.996822,-5.097306,1.037001,60.005386,-7.601415,1.017810,60.016708,-8.610926,1.020973,60.022560,-7.856132,1.023446,60.024592,-7.299872,1.013552,60.020623,-9.185336,1.012334,60.018890,-9.610623,1.034748,59.998572,-9.398726,1.031205,60.027218,-4.991754,1.027507,60.026273,-5.775723,1.016963,60.025580,-5.713657,1.028313,60.024938,-5.560095,1.024816,60.019403,-6.874650,1.024347,60.012024,-6.784884,1.036987,60.009573,-5.345869,1.037889,60.008124,-6.286900,1.036457,60.006887,-7.168592,1.049356,60.007392,-0.677862,0.986171,60.005249,-1.526894,1.036634,60.010648,-3.217796,1.051519,60.012722,0.735057,1.047034,60.012568,0.550862,1.041930,60.009610,-5.243625,1.059372,59.999849,-3.657132,1.046842,60.008821,-4.264958,1.037686,60.007918,-6.233891,1.031253,60.017813,-0.392841,1.026419,60.021919,2.396765,1.047107,59.985437,-3.176939,0.996306,60.052098,-0.824909,0.991867,60.043779,2.119316,0.995778,60.007653,4.004341,0.998206,60.004552,3.267149,1.045983,60.015102,5.184925,1.060122,60.016073,7.547630,1.030199,60.000077,2.462308,0.993756,60.031817,9.536279,1.029671,59.984906,-9.189970,0.999646,1.002224,1.001420,1.000070,0.999987,0.999974,1.001097,0.999072,-38.146166,0.000000,8.643496,15.416868,12.010279,16.872802,31.711340,-34.481551,288.383297,447.800150,209.391350,467.503357,6.717002,286.592096,294.652499,141.504847,562.436988,245.394482,221.661074,276.382253,200.614467,124.488442,251.663684,184.493662,253.902685,8.239523,988.742731,2.149441,164.790455,75.230425,157.625653,78.812826,137.026846,28.927890,26.868009,92.246831,102.994034,75.767785,-82.574348,42.272334,15.225205,67.617823,24.718568,24.091648,4.119761,223.900075
3.840000,1.047398,59.989453,-7.912594,1.049726,59.996972,-5.305264,1.035294,60.005272,-7.748817,1.015848,60.016521,-8.677010,1.018977,60.022459,-7.879628,1.021432,60.024510,-7.308634,1.011603,60.020519,-9.222798,1.010432,60.018786,-9.660573,1.033763,59.998677,-9.594156,1.029133,60.026882,-4.982746,1.025449,60.026022,-5.773140,1.014853,60.025295,-5.716224,1.026246,60.024622,-5.567433,1.022794,60.019129,-6.921707,1.022400,60.011706,-6.885356,1.035092,60.009243,-5.464079,1.035993,60.007697,-6.415989,1.034627,60.006579,-7.306056,1.047789,60.007223,-0.811107,0.984824,60.005119,-1.675412,1.034644,60.010334,-3.328189,1.049487,60.012433,0.639717,1.044996,60.012285,0.454438,1.040014,60.009283,-5.361557,1.057944,59.999572,-3.845207,1.044759,60.007566,-4.392775,1.035670,60.007059,-6.366424,1.028707,60.015138,-0.462263,1.023804,60.018713,2.354541,1.046010,59.986561,-3.462610,0.994450,60.052858,-0.631589,0.989937,60.042896,2.245230,0.994425,60.007575,3.873369,0.997069,60.004489,3.113886,1.043994,60.014833,5.106820,1.058093,60.015855,7.476747,1.029001,59.999627,2.275078,0.991194,60.027379,9.559837,1.029369,59.985198,-9.483044,0.999649,1.002287,1.001385,1.000072,0.999975,0.999955,1.000954,0.999134,-39.274276,0.000000,8.274424,14.471781,11.026127,15.881550,31.178848,-35.845516,288.383297,447.800150,209.391350,467.503357,6.717002,286.592096,294.652499,141.504847,562.436988,245.394482,221.661074,276.382253,200.614467,124.488442,251.663684,184.493662,253.902685,8.239523,988.742731,2.149441,164.790455,75.230425,157.625653,78.812826,137.026846,28.927890,26.868009,92.246831,102.994035,75.767785,-82.574348,42.272334,15.225205,67.617823,24.718568,24.091648,4.119761,223.900075
3.860000,1.046616,59.989784,-8.169157,1.048295,59.997255,-5.507926,1.033597,60.005146,-7.893484,1.013860,60.016103,-8.741875,1.016935,60.022005,-7.901830,1.019368,60.024043,-7.316109,1.009607,60.020078,-9.258918,1.008483,60.018366,-9.709087,1.032751,59.998693,-9.785622,1.027023,60.026153,-4.974322,1.023349,60.025383,-5.770504,1.012703,60.024641,-5.718901,1.024144,60.023952,-5.575034,1.020746,60.018598,-6.968287,1.020450,60.011290,-6.984953,1.033205,60.008876,-5.581221,1.034120,60.007254,-6.544616,1.032814,60.006259,-7.442183,1.046226,60.007105,-0.941723,0.983479,60.005083,-1.820826,1.032661,60.009977,-3.437427,1.047461,60.012085,0.545644,1.042964,60.011943,0.359324,1.038105,60.008920,-5.478394,1.056534,59.999412,-4.031135,1.042764,60.006336,-4.525913,1.033715,60.006211,-6.501485,1.026332,60.012422,-0.547539,1.021375,60.015428,2.292463,1.044938,59.988028,-3.735016,0.992487,60.052774,-0.432974,0.987973,60.041401,2.365627,0.993077,60.007576,3.745811,0.995933,60.004561,2.964398,1.042011,60.014484,5.030034,1.056065,60.015553,7.407530,1.027811,59.999331,2.088912,0.988832,60.022764,9.554219,1.029060,59.985555,-9.770111,0.999654,1.002310,1.001330,1.000079,0.999970,0.999940,1.000803,0.999216,-40.419254,0.000000,7.867299,13.509986,10.019803,14.864262,30.564233,-37.196845,288.383297,447.800150,209.391350,467.503357,6.717002,286.592096,294.652499,141.504847,562.436988,245.394482,221.661074,276.382253,200.614467,124.488442,251.663684,184.493662,253.902685,8.239523,988.742731,2.149441,164.790455,75.230425,157.625653,78.812826,137.026846,28.927890,26.868009,92.246831,102.994035,75.767785,-82.574348,42.272334,15.225205,67.617823,24.718568,24.091648,4.119761,223.900075
3.880000,1.045848,59.990204,-8.417501,1.046906,59.997664,-5.702545,1.031924,60.005009,-8.033673,1.011866,60.015464,-8.805318,1.014868,60.021212,-7.923403,1.017276,60.023204,-7.323197,1.007583,60.019312,-9.294254,1.006509,60.017642,-9.756571,1.031724,59.998626,-9.971918,1.024899,60.025049,-4.967413,1.021231,60.024371,-5.768725,1.010538,60.023630,-5.722469,1.022031,60.022944,-5.583557,1.018695,60.017820,-7.014378,1.018516,60.010781,-7.082536,1.031343,60.008477,-5.695720,1.032286,60.006798,-6.671062,1.031035,60.005928,-7.575231,1.044679,60.007031,-1.067552,0.982147,60.005133,-1.960676,1.030703,60.009577,-3.543999,1.045458,60.011677,0.454224,1.040955,60.011544,0.266921,1.036221,60.008525,-5.592560,1.055154,59.999369,-4.212254,1.040878,60.005146,-4.662304,1.031839,60.005386,-6.637121,1.024155,60.009703,-0.646973,1.019163,60.012111,2.211992,1.043898,59.989801,-3.990027,0.990436,60.051840,-0.233356,0.985999,60.039327,2.478064,0.991744,60.007644,3.624001,0.994806,60.004757,2.821426,1.040054,60.014053,4.955797,1.054056,60.015163,7.341179,1.026638,59.999189,1.906741,0.986697,60.018040,9.520274,1.028748,59.985975,-10.048891,0.999661,1.002295,1.001257,1.000089,0.999970,0.999930,1.000646,0.999314,-41.563566,0.000000,7.430655,12.550018,9.010478,13.839824,29.881114,-38.511107,288.383297,447.800150,209.391350,467.503357,6.717002,286.592096,294.652499,141.504847,562.436988,245.394482,221.661074,276.382253,200.614467,124.488442,251.663684,184.493662,253.902685,8.239523,988.742731,2.149441,164.790455,75.230425,157.625653,78.812826,137.026846,28.927890,26.868009,92.246831,102.994035,75.767785,-82.574348,42.272334,15.225205,67.617823,24.718568,24.091648,4.119761,223.900075
3.900000,1.045100,59.990707,-8.655258,1.045574,59.998184,-5.886525,1.030294,60.004862,-8.167707,1.009890,60.014619,-8.867112,1.012801,60.020095,-7.944969,1.015182,60.022009,-7.330753,1.005558,60.018239,-9.329312,1.004532,60.016632,-9.803383,1.030693,59.998482,-10.151861,1.022786,60.023591,-4.962874,1.019119,60.023005,-5.768652,1.008383,60.022284,-5.727649,1.019932,60.021618,-5.593597,1.016664,60.016811,-7.059933,1.016618,60.010187,-7.176984,1.029524,60.008047,-5.806045,1.030510,60.006334,-6.793643,1.029309,60.005591,-7.703504,1.043162,60.006993,-1.186559,0.980838,60.005257,-2.092642,1.028789,60.009137,-3.646445,1.043500,60.011206,0.366768,1.038989,60.011084,0.178558,1.034380,60.008099,-5.702525,1.053819,59.999436,-4.385999,1.039123,60.004008,-4.799848,1.030062,60.004591,-6.771380,1.022201,60.007015,-0.758675,1.017193,60.008804,2.114846,1.042896,59.991838,-4.223869,0.988323,60.050063,-0.037076,0.984040,60.036715,2.580311,0.990437,60.007763,3.510105,0.993698,60.005057,2.687529,1.038140,60.013534,4.885250,1.052086,60.014680,7.278792,1.025493,59.999195,1.731404,0.984817,60.013270,9.459259,1.028437,59.986455,-10.317189,0.999669,1.002242,1.001168,1.000103,0.999975,0.999926,1.000485,0.999427,-42.689865,0.000000,6.973590,11.610051,8.016988,12.827031,29.143913,-39.764974,288.383297,447.800150,209.391350,467.503357,6.717002,286.592096,294.652499,141.504847,562.436988,245.394482,221.661074,276.382253,200.614467,124.488442,251.663684,184.493662,253.902685,8.239523,988.742731,2.149441,164.790455,75.230425,157.625653,78.812826,137.026846,28.927890,26.868009,92.246831,102.994035,75.767785,-82.574348,42.272334,15.225205,67.617823,24.718568,24.091648,4.119761,223.900075
3.920000,1.044380,59.991284,-8.880195,1.044310,59.998800,-6.057460,1.028725,60.004703,-8.293995,1.007957,60.013582,-8.927008,1.010763,60.018676,-7.967092,1.013113,60.020481,-7.339569,1.003558,60.016881,-9.364534,1.002581,60.015357,-9.849815,1.029673,59.998271,-10.324291,1.020713,60.021806,-4.961463,1.017044,60.021311,-5.771045,1.006269,60.020627,-5.735076,1.017876,60.019997,-5.605670,1.014680,60.015588,-7.104869,1.014779,60.009514,-7.267209,1.027769,60.007588,-5.910740,1.028813,60.005862,-6.910744,1.027656,60.005247,-7.825380,1.041691,60.006979,-1.296868,0.979566,60.005440,-2.214583,1.026940,60.008655,-3.743389,1.041608,60.010671,0.284495,1.037088,60.010563,0.095468,1.032603,60.007643,-5.806832,1.052543,59.999604,-4.549944,1.037517,60.002931,-4.936459,1.028404,60.003831,-6.902349,1.020493,60.004389,-0.880612,1.015488,60.005546,2.002950,1.041941,59.994090,-4.433189,0.986177,60.047466,0.151561,0.982121,60.033614,2.670379,0.989169,60.007915,3.406081,0.992618,60.005441,2.565040,1.036291,60.012924,4.819415,1.050177,60.014098,7.221344,1.024388,59.999341,1.565606,0.983212,60.008515,9.372796,1.028129,59.986994,-10.572906,0.999679,1.002153,1.001064,1.000120,0.999985,0.999926,1.000322,0.999552,-43.781293,0.000000,6.505566,10.707557,7.057495,11.844238,28.367555,-40.936633,288.383297,447.800150,209.391350,467.503357,6.717002,286.592096,294.652499,141.504847,562.436988,245.394482,221.661074,276.382253,200.614467,124.488442,251.663684,184.493662,253.902685,8.239523,988.742731,2.149441,164.790455,75.230425,157.625653,78.812826,137.026846,28.927890,26.868009,92.246831,102.994035,75.767785,-82.574348,42.272334,15.225205,67.617823,24.718568,24.091648,4.119761,223.900075
3.940000,1.043695,59.991927,-9.090240,1.043129,59.999491,-6.213177,1.027237,60.004528,-8.411061,1.006095,60.012371,-8.984726,1.008785,60.016981,-7.990256,1.011102,60.018646,-7.350348,1.001615,60.015265,-9.400274,1.000685,60.013843,-9.896080,1.028679,59.998001,-10.488076,1.018711,60.019724,-4.963824,1.015035,60.019319,-5.776563,1.004226,60.018688,-5.745287,1.015892,60.018109,-5.620198,1.012771,60.014171,-7.149060,1.013022,60.008768,-7.352176,1.026099,60.007099,-6.008442,1.027215,60.005383,-7.020840,1.026094,60.004894,-7.939338,1.040282,60.006975,-1.396790,0.978345,60.005664,-2.324574,1.025180,60.008131,-3.833554,1.039804,60.010069,0.208506,1.035274,60.009977,0.018771,1.030912,60.007158,-5.904117,1.051341,59.999858,-4.701847,1.036079,60.001918,-5.070104,1.026884,60.003108,-7.028187,1.019050,60.001848,-1.010654,1.014067,60.002372,1.878394,1.041038,59.996503,-4.615106,0.984036,60.044087,0.328388,0.980272,60.030077,2.746559,0.987953,60.008079,3.313656,0.991579,60.005884,2.456030,1.034529,60.012217,4.759192,1.048351,60.013412,7.169675,1.023332,59.999612,1.411864,0.981901,60.003834,9.262835,1.027828,59.987587,-10.814062,0.999691,1.002029,1.000948,1.000139,0.999998,0.999932,1.000160,0.999685,-44.821762,0.000000,6.036197,9.858995,6.149155,10.909014,27.567164,-42.006165,288.383297,447.800150,209.391350,467.503357,6.717002,286.592096,294.652499,141.504847,562.436988,245.394482,221.661074,276.382253,200.614467,124.488442,251.663684,184.493662,253.902685,8.239523,988.742731,2.149441,164.790455,75.230425,157.625653,78.812826,137.026846,28.927890,26.868009,92.246831,102.994035,75.767785,-82.574348,42.272334,15.225205,67.617823,24.718568,24.091648,4.119761,223.900075
3.960000,1.043052,59.992624,-9.283502,1.042042,60.000235,-6.351764,1.025848,60.004334,-8.517566,1.004332,60.011005,-9.039967,1.006898,60.015038,-8.014853,1.009182,60.016538,-7.363686,0.999759,60.013420,-9.436794,0.998875,60.012119,-9.942306,1.027728,59.997683,-10.642121,1.016811,60.017380,-4.970471,1.013125,60.017060,-5.785740,1.002285,60.016498,-5.758706,1.014011,60.015984,-5.637500,1.010966,60.012581,-7.192342,1.011370,60.007954,-7.430918,1.024537,60.006577,-6.097909,1.025736,60.004893,-7.122531,1.024645,60.004529,-8.043982,1.038951,60.006965,-1.484854,0.977188,60.005911,-2.420936,1.023529,60.007563,-3.915789,1.038111,60.009397,0.139774,1.033571,60.009324,-0.050542,1.029328,60.006640,-5.993142,1.050226,60.000184,-4.839685,1.034825,60.000970,-5.198845,1.025520,60.002421,-7.147167,1.017886,59.999413,-1.146618,1.012943,59.999312,1.743385,1.040194,59.999019,-4.767248,0.981935,60.039979,0.489473,0.978519,60.026164,2.807450,0.986802,60.008236,3.234295,0.990592,60.006359,2.362275,1.032876,60.011412,4.705342,1.046631,60.012617,7.124480,1.022338,59.999990,1.272467,0.980897,59.999279,9.131608,1.027538,59.988231,-11.038813,0.999704,1.001873,1.000822,1.000159,1.000014,0.999942,1.000000,0.999825,-45.796222,0.000000,5.575034,9.079520,5.307823,10.037828,26.757765,-42.955881,288.383297,447.800150,209.391350,467.503357,6.717002,286.592096,294.652499,141.504847,562.436988,245.394482,221.661074,276.382253,200.614467,124.488442,251.663684,184.493662,253.902685,8.239523,988.742731,2.149441,164.790455,75.230425,157.625653,78.812826,137.026846,28.927890,26.868009,92.246831,102.994035,75.767785,-82.574348,42.272334,15.225205,67.617823,24.718568,24.091648,4.119761,223.900075
3.980000,1.042456,59.993178,-9.459596,1.041051,60.000622,-6.474350,1.024565,60.003562,-8.616383,1.002682,60.008984,-9.096244,1.005121,60.012450,-8.044331,1.007370,60.013768,-7.383132,0.998009,60.010974,-9.477229,0.997169,60.009818,-9.991442,1.026830,59.997133,-10.786783,1.015028,60.014358,-4.985074,1.011330,60.014129,-5.802212,1.000464,60.013625,-5.779041,1.012248,60.013166,-5.661359,1.009278,60.010258,-7.238792,1.009832,60.006193,-7.509098,1.023085,60.005008,-6.185502,1.024379,60.003567,-7.220617,1.023312,60.003429,-8.143374,1.037698,60.006255,-1.564674,0.976093,60.005583,-2.506351,1.021994,60.005481,-3.999876,1.036529,60.006722,0.065007,1.031977,60.006843,-0.124471,1.027856,60.004966,-6.081076,1.049199,60.000182,-4.964384,1.033750,59.999554,-5.324760,1.024310,60.001098,-7.262620,1.016990,59.996680,-1.289381,1.012104,59.996013,1.597477,1.039410,60.001309,-4.889568,0.979903,60.034920,0.629219,0.976875,60.021629,2.849813,0.985715,60.007842,3.165645,0.989653,60.006417,2.282335,1.031319,60.007830,4.639010,1.045003,60.009964,7.073817,1.021404,60.000193,1.147654,0.980186,59.994621,8.979646,1.027263,59.988861,-11.245844,0.999719,1.001688,1.000688,1.000180,1.000032,0.999956,0.999845,0.999968,-46.690892,0.000000,5.131357,8.382702,4.547771,9.245744,25.954011,-43.770609,288.383297,447.800150,209.391350,467.503357,6.717002,286.592096,294.652499,141.504847,562.436988,245.394482,221.661074,276.382253,200.614467,124.488442,251.663684,184.493662,253.902685,8.239523,988.742731,2.149441,164.790455,75.230425,157.625653,78.812826,137.026846,28.927890,26.868009,92.246831,102.994035,75.767785,-82.574348,42.272334,15.225205,67.617823,24.718568,24.091648,4.119761,223.900075
4.000000,1.041920,59.993947,-9.615688,1.040188,60.001408,-6.576753,1.023432,60.003353,-8.702079,1.001201,60.007413,-9.148988,1.003511,60.010144,-8.075399,1.005727,60.011248,-7.405661,0.996422,60.008801,-9.518330,0.995622,60.007798,-10.040187,1.026012,59.996758,-10.919520,1.013421,60.011631,-5.004295,1.009709,60.011479,-5.822732,0.998823,60.011071,-5.802765,1.010662,60.010703,-5.687982,1.007766,60.008440,-7.283471,1.008469,60.005345,-7.578712,1.021806,60.004509,-6.262087,1.023199,60.003122,-7.307342,1.022147,60.003093,-8.230603,1.036576,60.006208,-1.630252,0.975107,60.005817,-2.575505,1.020646,60.004962,-4.073143,1.035144,60.006089,0.000161,1.030580,60.006213,-0.188426,1.026561,60.004486,-6.157877,1.048295,60.000598,-5.071633,1.032898,59.998767,-5.441963,1.023306,60.000529,-7.367707,1.016402,59.994530,-1.433459,1.011589,59.993270,1.445911,1.038702,60.003830,-4.979204,0.978002,60.029565,0.746419,0.975390,60.017156,2.875111,0.984734,60.007892,3.111932,0.988804,60.006848,2.220073,1.029965,60.007067,4.581557,1.043577,60.009065,7.031128,1.020558,60.000701,1.040878,0.979801,59.990456,8.811617,1.027008,59.989586,-11.433227,0.999735,1.001477,1.000548,1.000200,1.000052,0.999974,0.999695,1.000111,-47.493438,0.000000,4.713968,7.780243,3.881406,8.546150,25.169927,-44.437937,288.383297,447.800150,209.391350,467.503357,6.717002,286.592096,294.652499,141.504847,562.436988,245.394482,221.661074,276.382253,200.614467,124.488442,251.663684,184.493662,253.902685,8.239523,988.742731,2.149441,164.790455,75.230425,157.625653,78.812826,137.026846,28.927890,26.868009,92.246831,102.994035,75.767785,-82.574348,42.272334,15.225205,67.617823,24.718568,24.091648,4.119761,223.900075
4.020000,1.041448,59.994734,-9.750424,1.039455,60.002172,-6.657845,1.022458,60.003101,-8.773735,0.999905,60.005742,-9.197773,1.002089,60.007692,-8.108017,1.004272,60.008566,-7.431356,0.995019,60.006498,-9.559951,0.994253,60.005657,-10.088307,1.025284,59.996367,-11.039304,1.012010,60.008762,-5.028084,1.008282,60.008681,-5.847291,0.997380,60.008377,-5.829799,1.009271,60.008108,-5.717222,1.006444,60.006516,-7.325999,1.007287,60.004438,-7.638968,1.020703,60.003969,-6.326717,1.022200,60.002650,-7.381660,1.021156,60.002724,-8.304664,1.035587,60.006114,-1.680633,0.974235,60.006011,-2.627410,1.019485,60.004399,-4.134614,1.033952,60.005405,-0.053735,1.029376,60.005530,-0.241422,1.025443,60.003963,-6.222593,1.047517,60.001022,-5.160104,1.032269,59.998031,-5.548867,1.022507,59.999976,-7.461084,1.016117,59.992525,-1.576637,1.011392,59.990706,1.291125,1.038073,60.006286,-5.035208,0.976266,60.023737,0.838611,0.974082,60.012515,2.883134,0.983863,60.007888,3.074088,0.988048,60.007233,2.176454,1.028805,60.006259,4.534143,1.042344,60.008094,6.997381,1.019807,60.001245,0.953670,0.979737,59.986549,8.630474,1.026777,59.990350,-11.599480,0.999752,1.001245,1.000405,1.000219,1.000071,0.999995,0.999554,1.000251,-48.193197,0.000000,4.331004,7.281879,3.319133,7.950540,24.418663,-44.948369,288.383297,447.800150,209.391350,467.503357,6.717002,286.592096,294.652499,141.504847,562.436988,245.394482,221.661074,276.382253,200.614467,124.488442,251.663684,184.493662,253.902685,8.239523,988.742731,2.149441,164.790455,75.230425,157.625653,78.812826,137.026846,28.927890,26.868009,92.246831,102.994034,75.767785,-82.574348,42.272334,15.225205,67.617823,24.718568,24.091648,4.119761,223.900075
4.040000,1.041043,59.995519,-9.862825,1.038856,60.002877,-6.717011,1.021650,60.002791,-8.830788,0.998810,60.003988,-9.242302,1.000875,60.005126,-8.142150,1.003029,60.005758,-7.460281,0.993819,60.004094,-9.601957,0.993084,60.003426,-10.135594,1.024658,59.995964,-11.145294,1.010811,60.005785,-5.056366,1.007068,60.005769,-5.875863,0.996155,60.005576,-5.860063,1.008093,60.005412,-5.748949,1.005329,60.004506,-7.366106,1.006297,60.003470,-7.689355,1.019782,60.003374,-6.378808,1.021388,60.002138,-7.442877,1.020343,60.002309,-8.364911,1.034738,60.005949,-1.715329,0.973481,60.006134,-2.661554,1.018514,60.003778,-4.183722,1.032957,60.004661,-0.096148,1.028367,60.004783,-0.282950,1.024510,60.003387,-6.274640,1.046871,60.001422,-5.228946,1.031863,59.997331,-5.644231,1.021917,59.999424,-7.541762,1.016129,59.990667,-1.716922,1.011505,59.988332,1.135395,1.037523,60.008601,-5.057456,0.974727,60.017533,0.903763,0.972966,60.007770,2.873905,0.983105,60.007797,3.052505,0.987392,60.007537,2.151932,1.027840,60.005390,4.497313,1.041305,60.007040,6.972943,1.019152,60.001792,0.887082,0.979984,59.982932,8.439157,1.026572,59.991147,-11.743411,0.999770,1.000996,1.000260,1.000235,1.000090,1.000017,0.999422,1.000385,-48.781337,0.000000,3.989782,6.895259,2.869213,7.468342,23.712285,-45.295450,288.383297,447.800150,209.391350,467.503357,6.717002,286.592096,294.652499,141.504847,562.436988,245.394482,221.661074,276.382253,200.614467,124.488442,251.663684,184.493662,253.902685,8.239523,988.742731,2.149441,164.790455,75.230425,157.625653,78.812826,137.026846,28.927890,26.868009,92.246831,102.994034,75.767785,-82.574348,42.272334,15.225205,67.617823,24.718568,24.091648,4.119761,223.900075
4.060000,1.040707,59.996283,-9.952088,1.038391,60.003491,-6.753926,1.021012,60.002408,-8.872827,0.997926,60.002164,-9.282214,0.999885,60.002479,-8.177572,1.002012,60.002862,-7.492272,0.992839,60.001619,-9.644039,0.992129,60.001130,-10.181683,1.024142,59.995554,-11.236651,1.009840,60.002740,-5.088841,1.006081,60.002782,-5.908190,0.995162,60.002703,-5.893267,1.007140,60.002648,-5.782842,1.004431,60.002429,-7.403429,1.005504,60.002439,-7.729426,1.019049,60.002714,-6.417896,1.020765,60.001574,-7.490439,1.019714,60.001834,-8.410839,1.034033,60.005690,-1.734059,0.972851,60.006158,-2.677671,1.017739,60.003091,-4.220023,1.032159,60.003846,-0.126665,1.027557,60.003962,-0.312614,1.023765,60.002745,-6.313559,1.046358,60.001768,-5.277564,1.031676,59.996653,-5.726959,1.021534,59.998859,-7.608896,1.016427,59.988956,-1.852353,1.011916,59.986155,0.981021,1.037052,60.010709,-5.046363,0.973412,60.011062,0.940549,0.972054,60.002990,2.847886,0.982463,60.007594,3.047343,0.986842,60.007730,2.146685,1.027071,60.004452,4.471489,1.040463,60.005897,6.958084,1.018598,60.002309,0.841884,0.980529,59.979629,8.240767,1.026395,59.991966,-11.863931,0.999789,1.000735,1.000116,1.000250,1.000107,1.000041,0.999300,1.000511,-49.250965,0.000000,3.696654,6.625846,2.537665,7.106778,23.061604,-45.475828,288.383297,447.800150,209.391350,467.503357,6.717002,286.592096,294.652499,141.504847,562.436988,245.394482,221.661074,276.382253,200.614467,124.488442,251.663684,184.493662,253.902685,8.239523,988.742731,2.149441,164.790455,75.230425,157.625653,78.812826,137.026846,28.927890,26.868009,92.246831,102.994034,75.767785,-82.574348,42.272334,15.225205,67.617823,24.718568,24.091648,4.119761,223.900075
4.080000,1.040441,59.997010,-10.017764,1.038059,60.003982,-6.768720,1.020546,60.001938,-8.899766,0.997261,60.000285,-9.317276,0.999129,59.999782,-8.214054,1.001234,59.999915,-7.527125,0.992089,59.999104,-9.685895,0.991398,59.998798,-10.226240,1.023742,59.995142,-11.312732,1.009105,59.999663,-5.125163,1.005331,59.999756,-5.943980,0.994410,59.999793,-5.929101,1.006421,59.999847,-5.818582,1.003757,60.000302,-7.437700,1.004911,60.001340,-7.758985,1.018503,60.001979,-6.443830,1.020332,60.000945,-7.524110,1.019268,60.001285,-8.442271,1.033475,60.005317,-1.736913,0.972349,60.006060,-2.675909,1.017159,60.002326,-4.243376,1.031561,60.002952,-0.145164,1.026946,60.003060,-0.330311,1.023210,60.002026,-6.339199,1.045977,60.002033,-5.305802,1.031700,59.995984,-5.796283,1.021354,59.998265,-7.661977,1.016993,59.987392,-1.981203,1.012605,59.984180,0.830121,1.036659,60.012552,-5.003013,0.972343,60.004438,0.948230,0.971353,59.998241,2.805793,0.981941,60.007258,3.058373,0.986400,60.007781,2.160444,1.026495,60.003436,4.456803,1.039819,60.004661,6.952816,1.018145,60.002764,0.818387,0.981353,59.976664,8.038345,1.026249,59.992801,-11.960238,0.999809,1.000465,0.999975,1.000260,1.000123,1.000066,0.999191,1.000625,-49.597207,0.000000,3.456894,6.476860,2.328186,6.870759,22.476034,-45.489268,288.383297,447.800150,209.391350,467.503357,6.717002,286.592096,294.652499,141.504847,562.436988,245.394482,221.661074,276.382253,200.614467,124.488442,251.663684,184.493662,253.902685,8.239523,988.742731,2.149441,164.790455,75.230425,157.625653,78.812826,137.026846,28.927890,26.868009,92.246831,102.994034,75.767785,-82.574348,42.272334,15.225205,67.617823,24.718568,24.091648,4.119761,223.900075
4.100000,1.040246,59.997684,-10.059697,1.037855,60.004322,-6.761902,1.020250,60.001368,-8.911790,0.996817,59.998363,-9.347327,0.998611,59.997068,-8.251306,1.000697,59.996953,-7.564543,0.991573,59.996577,-9.727192,0.990895,59.996454,-10.268918,1.023459,59.994731,-11.373036,1.008607,59.996591,-5.164896,1.004820,59.996728,-5.982842,0.993901,59.996879,-5.967185,1.005937,59.997040,-5.855792,1.003307,59.998144,-7.468696,1.004516,60.000170,-7.778035,1.018143,60.001157,-6.456703,1.020084,60.000237,-7.543918,1.019001,60.000650,-8.459295,1.033062,60.004815,-1.724285,0.971972,60.005816,-2.656759,1.016771,60.001473,-4.253890,1.031157,60.001970,-0.151754,1.026530,60.002068,-0.336164,1.022841,60.001219,-6.351665,1.045724,60.002189,-5.313866,1.031922,59.995308,-5.851707,1.021368,59.997630,-7.700771,1.017806,59.985972,-2.101925,1.013550,59.982412,0.684670,1.036341,60.014076,-4.929059,0.971531,59.997777,0.926726,0.970864,59.993587,2.748639,0.981536,60.006773,3.085063,0.986068,60.007666,2.192580,1.026109,60.002337,4.453170,1.039369,60.003332,6.956972,1.017792,60.003126,0.816503,0.982432,59.974053,7.834900,1.026134,59.993642,-12.031763,0.999829,1.000191,0.999838,1.000267,1.000135,1.000090,0.999095,1.000726,-49.817245,0.000000,3.274602,6.449253,2.242138,6.762829,21.963474,-45.338597,288.383297,447.800150,209.391350,467.503357,6.717002,286.592096,294.652499,141.504847,562.436988,245.394482,221.661074,276.382253,200.614467,124.488442,251.663684,184.493662,253.902685,8.239523,988.742731,2.149441,164.790455,75.230425,157.625653,78.812826,137.026846,28.927890,26.868009,92.246831,102.994034,75.767785,-82.574348,42.272334,15.225205,67.617823,24.718568,24.091648,4.119761,223.900075
4.120000,1.040118,59.998288,-10.078016,1.037772,60.004487,-6.734342,1.020115,60.000688,-8.909341,0.996587,59.996412,-9.372283,0.998328,59.994367,-8.288993,1.000400,59.994012,-7.604140,0.991288,59.994064,-9.767565,0.990619,59.994122,-10.309363,1.023294,59.994324,-11.417211,1.008342,59.993559,-5.207519,1.004545,59.993734,-6.024307,0.993630,59.993993,-6.007071,1.005684,59.994257,-5.894053,1.003076,59.995971,-7.496239,1.004314,59.998926,-7.786769,1.017962,60.000239,-6.456854,1.020012,59.999441,-7.550143,1.018906,59.999917,-8.462262,1.032792,60.004167,-1.696851,0.971721,60.005406,-2.621033,1.016568,60.000523,-4.251909,1.030940,60.000894,-0.146762,1.026303,60.000981,-0.330514,1.022652,60.000315,-6.351303,1.045594,60.002214,-5.302316,1.032329,59.994614,-5.893002,1.021564,59.996939,-7.725313,1.018843,59.984693,-2.213168,1.014725,59.980852,0.546492,1.036092,60.015236,-4.826676,0.970982,59.991196,0.876628,0.970583,59.989088,2.677712,0.981246,60.006124,3.126597,0.985846,60.007363,2.242119,1.025904,60.001151,4.460304,1.039106,60.001913,6.970222,1.017534,60.003365,0.835759,0.983739,59.971810,7.633374,1.026051,59.994480,-12.078169,0.999850,0.999919,0.999708,1.000270,1.000143,1.000113,0.999012,1.000811,-49.910332,0.000000,3.152641,6.541735,2.278552,6.783141,21.530226,-45.029610,288.383297,447.800150,209.391350,467.503357,6.717002,286.592096,294.652499,141.504847,562.436988,245.394482,221.661074,276.382253,200.614467,124.488442,251.663684,184.493662,253.902685,8.239523,988.742731,2.149441,164.790455,75.230425,157.625653,78.812826,137.026846,28.927890,26.868009,92.246831,102.994034,75.767785,-82.574348,42.272334,15.225205,67.617823,24.718568,24.091648,4.119761,223.900075
4.140000,1.040056,59.998809,-10.073125,1.037801,60.004455,-6.687242,1.020133,59.999889,-8.893096,0.996562,59.994447,-9.392130,0.998270,59.991708,-8.326729,1.000332,59.991127,-7.645453,0.991226,59.991594,-9.806629,0.990559,59.991827,-10.347217,1.023241,59.993926,-11.445053,1.008300,59.990601,-5.252436,1.004496,59.990806,-6.067826,0.993588,59.991167,-6.048258,1.005650,59.991527,-5.932902,1.003054,59.993801,-7.520200,1.004294,59.997609,-7.785564,1.017948,59.999219,-6.444844,1.020105,59.998549,-7.543302,1.018972,59.999077,-8.451758,1.032655,60.003363,-1.655552,0.971588,60.004814,-2.569848,1.016538,59.999471,-4.237998,1.030898,59.999724,-0.130715,1.026252,59.999798,-0.313899,1.022632,59.999307,-6.338688,1.045577,60.002086,-5.272039,1.032899,59.993893,-5.920188,1.021926,59.996184,-7.735888,1.020074,59.983552,-2.313770,1.016099,59.979500,0.417245,1.035908,60.015994,-4.698506,0.970691,59.984807,0.799172,0.970501,59.984802,2.594547,0.981066,60.005299,3.181899,0.985729,60.006852,2.307774,1.025869,59.999878,4.477732,1.039021,60.000408,6.992090,1.017366,60.003457,0.875314,0.985246,59.969942,7.436607,1.025999,59.995309,-12.099353,0.999871,0.999653,0.999586,1.000268,1.000147,1.000134,0.998944,1.000879,-49.877758,0.000000,3.092600,6.750824,2.434185,6.929489,21.180937,-44.570917,288.383297,447.800150,209.391350,467.503357,6.717002,286.592096,294.652499,141.504847,562.436988,245.394482,221.661074,276.382253,200.614467,124.488442,251.663684,184.493662,253.902685,8.239523,988.742731,2.149441,164.790455,75.230425,157.625653,78.812826,137.026846,28.927890,26.868009,92.246831,102.994034,75.767785,-82.574348,42.272334,15.225205,67.617823,24.718568,24.091648,4.119761,223.900075
4.160000,1.040054,59.999236,-10.045687,1.037929,60.004213,-6.622098,1.020288,59.998966,-8.863945,0.996726,59.992483,-9.406920,0.998421,59.989122,-8.364086,1.000480,59.988332,-7.687941,0.991371,59.989192,-9.843973,0.990701,59.989593,-10.382122,1.023296,59.993538,-11.456508,1.008465,59.987748,-5.298982,1.004656,59.987978,-6.112782,0.993757,59.988432,-6.090187,1.005820,59.988879,-5.971842,1.003224,59.991653,-7.540483,1.004440,59.996220,-7.774956,1.018088,59.998095,-6.421435,1.020347,59.997557,-7.524124,1.019182,59.998126,-8.428585,1.032644,60.002396,-1.601563,0.971567,60.004027,-2.504585,1.016667,59.998315,-4.212917,1.031017,59.998457,-0.104318,1.026364,59.998517,-0.287031,1.022766,59.998193,-6.314597,1.045663,60.001791,-5.224216,1.033613,59.993135,-5.933514,1.022434,59.995357,-7.733010,1.021469,59.982547,-2.402760,1.017641,59.978356,0.298414,1.035780,60.016321,-4.547596,0.970648,59.978716,0.696209,0.970605,59.980779,2.500892,0.980987,60.004292,3.249660,0.985713,60.006120,2.387976,1.025988,59.998520,4.504821,1.039098,59.998825,7.021980,1.017280,60.003378,0.933984,0.986917,59.968454,7.247314,1.025976,59.996118,-12.095439,0.999893,0.999396,0.999473,1.000260,1.000146,1.000152,0.998891,1.000929,-49.722803,0.000000,3.094778,7.070943,2.703612,7.197365,20.918573,-43.973747,288.383297,447.800150,209.391350,467.503357,6.717002,286.592096,294.652499,141.504847,562.436988,245.394482,221.661074,276.382253,200.614467,124.488442,251.663684,184.493662,253.902685,8.239523,988.742731,2.149441,164.790455,75.230425,157.625653,78.812826,137.026846,28.927890,26.868009,92.246831,102.994034,75.767785,-82.574348,42.272334,15.225205,67.617823,24.718568,24.091648,4.119761,223.900075
4.180000,1.040106,59.999560,-9.996601,1.038142,60.003750,-6.540656,1.020564,59.997922,-8.822955,0.997059,59.990537,-9.416747,0.998763,59.986637,-8.400591,1.000822,59.985660,-7.730986,0.991704,59.986886,-9.879161,0.991027,59.987445,-10.413709,1.023447,59.993165,-11.451658,1.008815,59.985034,-5.346430,1.005006,59.985282,-6.158490,0.994117,59.985817,-6.132253,1.006174,59.986341,-6.010337,1.003567,59.989546,-7.557025,1.004733,59.994766,-7.755613,1.018364,59.996867,-6.387555,1.020719,59.996463,-7.493515,1.019520,59.997065,-8.393727,1.032745,60.001261,-1.536261,0.971648,60.003039,-2.426859,1.016938,59.997057,-4.177591,1.031279,59.997099,-0.068424,1.026619,59.997145,-0.250768,1.023038,59.996973,-6.279977,1.045837,60.001316,-5.160290,1.034445,59.992339,-5.933435,1.023067,59.994456,-7.717386,1.022994,59.981676,-2.479349,1.019315,59.977419,0.191313,1.035701,60.016196,-4.377324,0.970833,59.973021,0.570153,0.970875,59.977066,2.398673,0.980999,60.003100,3.328370,0.985790,60.005158,2.480908,1.026244,59.997082,4.540799,1.039320,59.997174,7.059193,1.017269,60.003109,1.010273,0.988721,59.967346,7.068049,1.025982,59.996902,-12.066779,0.999914,0.999154,0.999370,1.000247,1.000140,1.000166,0.998853,1.000958,-49.450640,0.000000,3.158203,7.494542,3.079349,7.580069,20.744415,-43.251710,288.383297,447.800150,209.391350,467.503357,6.717002,286.592096,294.652499,141.504847,562.436988,245.394482,221.661074,276.382253,200.614467,124.488442,251.663684,184.493662,253.902685,8.239523,988.742731,2.149441,164.790455,75.230425,157.625653,78.812826,137.026846,28.927890,26.868009,92.246831,102.994034,75.767785,-82.574348,42.272334,15.225205,67.617823,24.718568,24.091648,4.119761,223.900075
4.200000,1.040208,59.999776,-9.926981,1.038427,60.003063,-6.444866,1.020943,59.996759,-8.771331,0.997539,59.988629,-9.421739,0.999270,59.984284,-8.435720,1.001333,59.983143,-7.773903,0.992202,59.984703,-9.911729,0.991513,59.985406,-10.441597,1.023683,59.992812,-11.430718,1.009328,59.982487,-5.393998,1.005519,59.982749,-6.204204,0.994642,59.983352,-6.173799,1.006686,59.983940,-6.047819,1.004059,59.987502,-7.569778,1.005154,59.993257,-7.728306,1.018757,59.995542,-6.344266,1.021202,59.995274,-7.452524,1.019965,59.995896,-8.348306,1.032945,59.999960,-1.461189,0.971821,60.001847,-2.338474,1.017329,59.995702,-4.133072,1.031663,59.995657,-0.024002,1.026998,59.995688,-0.206084,1.023427,59.995653,-6.235905,1.046087,60.000657,-5.081920,1.035372,59.991503,-5.920579,1.023803,59.993483,-7.689889,1.024616,59.980938,-2.542921,1.021087,59.976688,0.097080,1.035662,60.015611,-4.191330,0.971222,59.967810,0.423914,0.971292,59.973702,2.289959,0.981092,60.001722,3.416348,0.985954,60.003963,2.584554,1.026617,59.995572,4.584787,1.039669,59.995468,7.102951,1.017321,60.002637,1.102408,0.990622,59.966613,6.901186,1.026013,59.997651,-12.013939,0.999936,0.998929,0.999279,1.000228,1.000127,1.000176,0.998830,1.000966,-49.068224,0.000000,3.280670,8.012262,3.552014,8.068849,20.658085,-42.420519,288.383297,447.800150,209.391350,467.503357,6.717002,286.592096,294.652499,141.504847,562.436988,245.394482,221.661074,276.382253,200.614467,124.488442,251.663684,184.493662,253.902685,8.239523,988.742731,2.149441,164.790455,75.230425,157.625653,78.812826,137.026846,28.927890,26.868009,92.246831,102.994034,75.767785,-82.574348,42.272334,15.225205,67.617823,24.718568,24.091648,4.119761,223.900075
4.220000,1.040352,59.999879,-9.838126,1.038768,60.002154,-6.336834,1.021404,59.995489,-8.710379,0.998139,59.986779,-9.422031,0.999915,59.982090,-8.468903,1.001986,59.980811,-7.815935,0.992837,59.982668,-9.941173,0.992133,59.983501,-10.465384,1.023992,59.992484,-11.394020,1.009975,59.980135,-5.440849,1.006171,59.980407,-6.249123,0.995305,59.981064,-6.214124,1.007331,59.981702,-6.083680,1.004674,59.985542,-7.578694,1.005681,59.991705,-7.693876,1.019246,59.994130,-6.292726,1.021774,59.993997,-7.402305,1.020498,59.994631,-8.293552,1.033230,59.998500,-1.378016,0.972072,60.000456,-2.241380,1.017821,59.994263,-4.080503,1.032149,59.994143,0.027895,1.027481,59.994159,-0.154033,1.023914,59.994243,-6.183557,1.046398,59.999814,-4.990936,1.036369,59.990631,-5.895718,1.024617,59.992443,-7.651514,1.026303,59.980332,-2.593023,1.022922,59.976157,0.016677,1.035654,60.014566,-3.993432,0.971786,59.963158,0.260824,0.971832,59.970720,2.176917,0.981254,60.000164,3.511781,0.986193,60.002534,2.696731,1.027088,59.994004,4.635823,1.040123,59.993720,7.152419,1.017427,60.001954,1.208385,0.992585,59.966246,6.748890,1.026066,59.998361,-11.937687,0.999957,0.998726,0.999200,1.000204,1.000109,1.000180,0.998822,1.000954,-48.584143,0.000000,3.458803,8.613119,4.110520,8.653080,20.657593,-41.497678,288.383297,447.800150,209.391350,467.503357,6.717002,286.592096,294.652499,141.504847,562.436988,245.394482,221.661074,276.382253,200.614467,124.488442,251.663684,184.493662,253.902685,8.239523,988.742731,2.149441,164.790455,75.230425,157.625653,78.812826,137.026846,28.927890,26.868009,92.246831,102.994034,75.767785,-82.574348,42.272334,15.225205,67.617823,24.718568,24.091648,4.119761,223.900075
4.240000,1.040532,59.999869,-9.731494,1.039151,60.001033,-6.218769,1.021929,59.994125,-8.641462,0.998835,59.985010,-9.417753,1.000671,59.980082,-8.499518,1.002753,59.978695,-7.856263,0.993582,59.980808,-9.966956,0.992861,59.981756,-10.484640,1.024360,59.992188,-11.342003,1.010731,59.978006,-5.486106,1.006932,59.978284,-6.292395,0.996078,59.978979,-6.252485,1.008080,59.979652,-6.117281,1.005387,59.983688,-7.583717,1.006291,59.990129,-7.653200,1.019812,59.992645,-6.234150,1.022415,59.992647,-7.344081,1.021097,59.993281,-8.230757,1.033584,59.996890,-1.288498,0.972391,59.998873,-2.137631,1.018392,59.992753,-4.021085,1.032715,59.992570,0.086159,1.028046,59.992572,-0.095719,1.024479,59.992759,-6.124164,1.046756,59.998791,-4.889297,1.037411,59.989728,-5.859739,1.025487,59.991346,-7.603351,1.028022,59.979858,-2.629357,1.024787,59.975825,-0.049112,1.035670,60.013072,-3.787550,0.972493,59.959129,0.084552,0.972471,59.968148,2.061777,0.981473,59.998434,3.612753,0.986500,60.000880,2.815143,1.027635,59.992390,4.692891,1.040663,59.991948,7.206723,1.017578,60.001054,1.326009,0.994579,59.966233,6.613092,1.026139,59.999025,-11.838986,0.999978,0.998547,0.999134,1.000174,1.000084,1.000178,0.998829,1.000921,-48.008452,0.000000,3.688150,9.284727,4.742294,9.320483,20.739416,-40.502139,288.383297,447.800150,209.391350,467.503357,6.717002,286.592096,294.652499,141.504847,562.436988,245.394482,221.661074,276.382253,200.614467,124.488442,251.663684,184.493662,253.902685,8.239523,988.742731,2.149441,164.790455,75.230425,157.625653,78.812826,137.026846,28.927890,26.868009,92.246831,102.994034,75.767785,-82.574348,42.272334,15.225205,67.617823,24.718568,24.091648,4.119761,223.900075
4.260000,1.040741,59.999751,-9.608677,1.039561,59.999713,-6.092932,1.022500,59.992686,-8.565969,0.999602,59.983344,-9.409015,1.001509,59.978287,-8.526901,1.003605,59.976818,-7.894016,0.994410,59.979147,-9.988502,0.993669,59.980193,-10.498907,1.024774,59.991931,-11.275200,1.011566,59.976121,-5.528860,1.007774,59.976403,-6.333129,0.996933,59.977120,-6.288106,1.008908,59.977814,-6.147954,1.006172,59.981963,-7.584776,1.006962,59.988546,-7.607167,1.020435,59.991105,-6.169778,1.023104,59.991238,-7.279105,1.021744,59.991865,-8.161241,1.033993,59.995145,-1.194444,0.972765,59.997114,-2.029336,1.019023,59.991190,-3.956040,1.033343,59.990958,0.149658,1.028673,59.990946,-0.032271,1.025101,59.991217,-6.058981,1.047148,59.997599,-4.779041,1.038475,59.988804,-5.813613,1.026391,59.990205,-7.546547,1.029744,59.979513,-2.651775,1.026651,59.975684,-0.099680,1.035701,60.011148,-3.577626,0.973311,59.955770,-0.100991,0.973186,59.966005,1.946785,0.981737,59.996545,3.717293,0.986864,59.999012,2.937422,1.028240,59.990747,4.754945,1.041268,59.990168,7.264968,1.017762,59.999941,1.452941,0.996571,59.966556,6.495470,1.026229,59.999640,-11.718978,0.999998,0.998396,0.999081,1.000138,1.000053,1.000171,0.998849,1.000867,-47.352474,0.000000,3.963282,10.013537,5.433522,10.057365,20.898592,-39.453936,288.383297,447.800150,209.391350,467.503357,6.717002,286.592096,294.652499,141.504847,562.436988,245.394482,221.661074,276.382253,200.614467,124.488442,251.663684,184.493662,253.902685,8.239523,988.742731,2.149441,164.790455,75.230425,157.625653,78.812826,137.026846,28.927890,26.868009,92.246831,102.994034,75.767785,-82.574348,42.272334,15.225205,67.617823,24.718568,24.091648,4.119761,223.900075
4.280000,1.040973,59.999528,-9.471365,1.039987,59.998214,-5.961598,1.023098,59.991191,-8.485281,1.000415,59.981803,-9.395899,1.002404,59.976725,-8.550352,1.004515,59.975205,-7.928285,0.995294,59.977706,-10.005206,0.994532,59.978833,-10.507706,1.025219,59.991719,-11.194229,1.012455,59.974501,-5.568182,1.008672,59.974785,-6.370412,0.997844,59.975508,-6.320189,1.009788,59.976206,-6.175013,1.007006,59.980387,-7.581774,1.007676,59.986979,-7.556652,1.021097,59.989530,-6.100845,1.023823,59.989791,-7.208636,1.022420,59.990402,-8.086325,1.034445,59.993282,-1.097672,0.973184,59.995194,-1.918620,1.019695,59.989595,-3.886585,1.034012,59.989324,0.217260,1.029344,59.989299,0.035185,1.025762,59.989639,-5.989254,1.047561,59.996253,-4.662251,1.039541,59.987869,-5.758378,1.027309,59.989034,-7.482279,1.031440,59.979297,-2.660275,1.028486,59.975728,-0.134608,1.035741,60.008824,-3.367550,0.974209,59.953115,-0.291747,0.973954,59.964303,1.834164,0.982035,59.994513,3.823398,0.987277,59.996947,3.061172,1.028885,59.989093,4.820931,1.041921,59.988398,7.326252,1.017971,59.998622,1.586745,0.998533,59.967193,6.397419,1.026332,60.000201,-11.578966,1.000017,0.998273,0.999042,1.000097,1.000016,1.000156,0.998882,1.000794,-46.628590,0.000000,4.277930,10.785104,6.169420,10.848897,21.128838,-38.373797,288.383297,447.800150,209.391350,467.503357,6.717002,286.592096,294.652499,141.504847,562.436988,245.394482,221.661074,276.382253,200.614467,124.488442,251.663684,184.493662,253.902685,8.239523,988.742731,2.149441,164.790455,75.230425,157.625653,78.812826,137.026846,28.927890,26.868009,92.246831,102.994034,75.767785,-82.574348,42.272334,15.225205,67.617823,24.718568,24.091648,4.119761,223.900075
4.300000,1.041222,59.999208,-9.321328,1.040417,59.996558,-5.827009,1.023709,59.989664,-8.400745,1.001253,59.980409,-9.378455,1.003330,59.975415,-8.569152,1.005457,59.973874,-7.958140,0.996210,59.976505,-10.016445,0.995427,59.977695,-10.510539,1.025684,59.991558,-11.099786,1.013374,59.973161,-5.603147,1.009602,59.973447,-6.403320,0.998785,59.974160,-6.347931,1.010698,59.974847,-6.197766,1.007866,59.978980,-7.574598,1.008413,59.985448,-7.502500,1.021782,59.987941,-6.028558,1.024557,59.988325,-7.133912,1.023110,59.988913,-8.007300,1.034928,59.991324,-0.999985,0.973639,59.993138,-1.807584,1.020392,59.987988,-3.813909,1.034709,59.987689,0.287854,1.030043,59.987653,0.105545,1.026448,59.988046,-5.916201,1.047986,59.994771,-4.541008,1.040591,59.986934,-5.695113,1.028225,59.987851,-7.411735,1.033088,59.979205,-2.654999,1.030266,59.975944,-0.153667,1.035785,60.006138,-3.161091,0.975157,59.951182,-0.483608,0.974753,59.963049,1.726074,0.982358,59.992358,3.929078,0.987731,59.994704,3.184012,1.029555,59.987446,4.889801,1.042606,59.986655,7.389675,1.018199,59.997108,1.724935,1.000440,59.968118,6.320038,1.026445,60.000704,-11.420402,1.000035,0.998180,0.999016,1.000051,0.999973,1.000135,0.998928,1.000702,-45.850003,0.000000,4.625125,11.584365,6.934518,11.679405,21.422691,-37.282748,288.383297,447.800150,209.391350,467.503357,6.717002,286.592096,294.652499,141.504847,562.436988,245.394482,221.661074,276.382253,200.614467,124.488442,251.663684,184.493662,253.902685,8.239523,988.742731,2.149441,164.790455,75.230425,157.625653,78.812826,137.026846,28.927890,26.868009,92.246831,102.994034,75.767785,-82.574348,42.272334,15.225205,67.617823,24.718568,24.091648,4.119761,223.900075
4.320000,1.041485,59.998800,-9.160388,1.040843,59.994771,-5.691338,1.024321,59.988127,-8.313652,1.002098,59.979180,-9.356707,1.004266,59.974372,-8.582580,1.006411,59.972836,-7.982657,0.997137,59.975557,-10.021593,0.996333,59.976791,-10.506909,1.026158,59.991454,-10.992640,1.014304,59.972111,-5.632848,1.010541,59.972400,-6.430950,0.999736,59.973087,-6.370538,1.011616,59.973748,-6.215531,1.008734,59.977758,-7.563120,1.009161,59.983976,-7.445509,1.022477,59.986360,-5.954079,1.025292,59.986862,-7.056132,1.023801,59.987422,-7.925410,1.035432,59.989292,-0.903132,0.974121,59.990969,-1.698266,1.021101,59.986393,-3.739155,1.035419,59.986074,0.360362,1.030756,59.986027,0.177742,1.027144,59.986460,-5.840988,1.048413,59.993173,-4.417361,1.041609,59.986010,-5.624928,1.029123,59.986671,-7.336095,1.034666,59.979232,-2.636239,1.031970,59.976322,-0.156826,1.035827,60.003133,-2.961826,0.976129,59.949975,-0.672509,0.975566,59.962241,1.624569,0.982699,59.990103,4.032388,0.988220,59.992310,3.303617,1.030237,59.985826,4.960531,1.043310,59.984958,7.454353,1.018437,59.995416,1.865019,1.002269,59.969301,6.264104,1.026566,60.001149,-11.244868,1.000052,0.998119,0.999003,1.000000,0.999924,1.000108,0.998983,1.000594,-45.030501,0.000000,4.997351,12.395933,7.712953,12.532686,21.771664,-36.201715,288.383297,447.800150,209.391350,467.503357,6.717002,286.592096,294.652499,141.504847,562.436988,245.394482,221.661074,276.382253,200.614467,124.488442,251.663684,184.493662,253.902685,8.239523,988.742731,2.149441,164.790455,75.230425,157.625653,78.812826,137.026846,28.927890,26.868009,92.246831,102.994034,75.767785,-82.574348,42.272334,15.225205,67.617823,24.718568,24.091648,4.119761,223.900075
4.340000,1.041756,59.998314,-8.990397,1.041259,59.992883,-5.556657,1.024924,59.986605,-8.225224,1.002934,59.978131,-9.330661,1.005194,59.973605,-8.589934,1.007357,59.972101,-8.000939,0.998057,59.974871,-10.020044,0.997231,59.976134,-10.496337,1.026630,59.991410,-10.873631,1.015225,59.971359,-5.656425,1.011472,59.971651,-6.452434,1.000678,59.972297,-6.387255,1.012526,59.972918,-6.227659,1.009594,59.976735,-7.547207,1.009906,59.982582,-7.386432,1.023173,59.984811,-5.878505,1.026017,59.985424,-6.976443,1.024482,59.985950,-7.841838,1.035950,59.987214,-0.808785,0.974625,59.988716,-1.592615,1.021812,59.984831,-3.663406,1.036131,59.984499,0.433754,1.031474,59.984443,0.250752,1.027842,59.984905,-5.764720,1.048835,59.991485,-4.293295,1.042584,59.985109,-5.548952,1.029991,59.985513,-7.256518,1.036158,59.979369,-2.604437,1.033579,59.976844,-0.144262,1.035866,59.999861,-2.773084,0.977101,59.949484,-0.854524,0.976374,59.961870,1.531563,0.983050,59.987774,4.131458,0.988738,59.989793,3.417757,1.030922,59.984250,5.032131,1.044022,59.983321,7.519419,1.018682,59.993567,2.004547,1.004001,59.970707,6.230056,1.026692,60.001532,-11.054063,1.000068,0.998089,0.999004,0.999945,0.999870,1.000074,0.999048,1.000471,-44.184205,0.000000,5.386712,13.204390,8.488775,13.392319,22.166417,-35.151126,288.383297,447.800150,209.391350,467.503357,6.717002,286.592096,294.652499,141.504847,562.436988,245.394482,221.661074,276.382253,200.614467,124.488442,251.663684,184.493662,253.902685,8.239523,988.742731,2.149441,164.790455,75.230425,157.625653,78.812826,137.026846,28.927890,26.868009,92.246831,102.994034,75.767785,-82.574348,42.272334,15.225205,67.617823,24.718568,24.091648,4.119761,223.900075
4.360000,1.042033,59.997762,-8.813216,1.041659,59.990925,-5.424911,1.025510,59.985121,-8.136603,1.003750,59.977275,-9.300314,1.006101,59.973118,-8.590562,1.008280,59.971671,-8.012151,0.998955,59.974453,-10.011236,0.998109,59.975726,-10.478382,1.027095,59.991427,-10.743669,1.016124,59.970904,-5.673085,1.012381,59.971201,-6.466971,1.001598,59.971792,-6.397382,1.013415,59.972359,-6.233550,1.010435,59.975919,-7.526738,1.010641,59.981285,-7.325969,1.023860,59.983314,-5.802870,1.026725,59.984030,-6.895928,1.025146,59.984519,-7.757697,1.036477,59.985115,-0.718518,0.975145,59.986408,-1.492454,1.022517,59.983323,-3.587681,1.036839,59.982983,0.507054,1.032187,59.982919,0.323612,1.028532,59.983403,-5.688431,1.049249,59.989731,-4.170703,1.043506,59.984242,-5.468322,1.030822,59.984390,-7.174135,1.037550,59.979608,-2.560191,1.035080,59.977492,-0.116366,1.035899,59.996377,-2.597893,0.978057,59.949687,-1.025942,0.977166,59.961922,1.448793,0.983408,59.985399,4.224527,0.989281,59.987183,3.524331,1.031603,59.982737,5.103652,1.044735,59.981761,7.584032,1.018929,59.991586,2.141150,1.005622,59.972299,6.217983,1.026820,60.001853,-10.849788,1.000083,0.998091,0.999017,0.999888,0.999811,1.000034,0.999121,1.000335,-43.325314,0.000000,5.785103,13.994586,9.246242,14.241997,22.596936,-34.150526,288.383297,447.800150,209.391350,467.503357,6.717002,286.592096,294.652499,141.504847,562.436988,245.394482,221.661074,276.382253,200.614467,124.488442,251.663684,184.493662,253.902685,8.239523,988.742731,2.149441,164.790455,75.230425,157.625653,78.812826,137.026846,28.927890,26.868009,92.246831,102.994034,75.767785,-82.574348,42.272334,15.225205,67.617823,24.718568,24.091648,4.119761,223.900075
4.380000,1.042313,59.997155,-8.630699,1.042040,59.988928,-5.297891,1.026076,59.983697,-8.048846,1.004536,59.976618,-9.265671,1.006974,59.972909,-8.583877,1.009169,59.971541,-8.015539,0.999820,59.974301,-9.994673,0.998955,59.975569,-10.452668,1.027544,59.991507,-10.603733,1.016990,59.970743,-5.682128,1.013257,59.971047,-6.473847,1.002485,59.971570,-6.400301,1.014271,59.972071,-6.232676,1.011247,59.975318,-7.501613,1.011358,59.980103,-7.264771,1.024535,59.981890,-5.728132,1.027410,59.982700,-6.815606,1.025788,59.983151,-7.674023,1.037010,59.983023,-0.633781,0.975680,59.984078,-1.399463,1.023210,59.981889,-3.512925,1.037537,59.981545,0.579346,1.032891,59.981474,0.395413,1.029209,59.981973,-5.613079,1.049650,59.987939,-4.051358,1.044368,59.983418,-5.384182,1.031610,59.983319,-7.090045,1.038833,59.979935,-2.504256,1.036462,59.978246,-0.073746,1.035925,59.992744,-2.438927,0.978980,59.950549,-1.183344,0.977931,59.962377,1.377791,0.983770,59.983008,4.309971,0.989846,59.984515,3.621400,1.032275,59.981304,5.174193,1.045443,59.980293,7.647385,1.019177,59.989504,2.272583,1.007119,59.974036,6.227614,1.026950,60.002109,-10.633923,1.000096,0.998123,0.999042,0.999828,0.999749,0.999989,0.999199,1.000189,-42.467863,0.000000,6.184372,14.751919,9.970118,15.065836,23.052727,-33.218219,288.383297,447.800150,209.391350,467.503357,6.717002,286.592096,294.652499,141.504847,562.436988,245.394482,221.661074,276.382253,200.614467,124.488442,251.663684,184.493662,253.902685,8.239523,988.742731,2.149441,164.790455,75.230425,157.625653,78.812826,137.026846,28.927890,26.868009,92.246831,102.994034,75.767785,-82.574348,42.272334,15.225205,67.617823,24.718568,24.091648,4.119761,223.900075
4.400000,1.042573,59.994594,-8.449695,1.042343,59.982865,-5.187882,1.026540,59.976250,-7.979079,1.005210,59.970373,-9.242175,1.007735,59.968202,-8.582074,1.009946,59.967055,-8.022810,1.000578,59.969914,-9.981946,0.999697,59.971260,-10.430646,1.027946,59.989550,-10.460446,1.017739,59.965882,-5.696149,1.014017,59.966291,-6.485407,1.003251,59.966471,-6.409138,1.015009,59.966633,-6.238931,1.011941,59.968439,-7.488973,1.011953,59.969074,-7.229794,1.025084,59.969167,-5.685141,1.027971,59.972249,-6.760714,1.026315,59.973823,-7.613038,1.037440,59.973698,-0.574856,0.976131,59.975660,-1.331120,1.023763,59.964005,-3.483340,1.038057,59.958520,0.593370,1.033410,59.960310,0.414029,1.029759,59.967976,-5.572815,1.049969,59.982145,-3.947396,1.045071,59.976838,-5.313034,1.032250,59.974899,-7.024934,1.039900,59.975805,-2.449547,1.037621,59.975054,-0.027877,1.035907,59.986539,-2.304809,0.979803,59.949029,-1.331448,0.978592,59.959935,1.311324,0.984050,59.975481,4.373086,0.990351,59.977600,3.696279,1.032716,59.950190,5.165393,1.045882,59.959307,7.659820,1.019367,59.984754,2.390018,1.008401,59.972989,6.250766,1.027074,60.001755,-10.409826,1.000107,0.998185,0.999078,0.999766,0.999683,0.999938,0.999282,1.000036,-41.625474,0.000000,6.576488,15.462598,10.645941,15.848682,23.523007,-32.370935,288.383297,447.800150,209.391350,467.503357,6.717002,286.592096,294.652499,141.504847,562.436988,245.394482,221.661074,276.382253,200.614467,124.488442,251.663684,184.493662,253.902685,8.239523,988.742731,2.149441,164.790455,75.230425,157.625653,78.812826,137.026846,28.927890,26.868009,92.246831,102.994035,75.767785,-82.574348,42.272334,15.225205,67.617823,24.718568,24.091648,4.119761,223.900075
4.420000,1.042874,59.995565,-8.264202,1.042725,59.984457,-5.079724,1.027122,59.980532,-7.901867,1.005989,59.975398,-9.204497,1.008577,59.972832,-8.564068,1.010802,59.971679,-8.013396,1.001412,59.974346,-9.952998,1.000511,59.975574,-10.392717,1.028380,59.991602,-10.305907,1.018578,59.970745,-5.693484,1.014864,59.971084,-6.480285,1.004112,59.971423,-6.401437,1.015844,59.971740,-6.228811,1.012753,59.974163,-7.460695,1.012736,59.977289,-7.178328,1.025848,59.978340,-5.625885,1.028700,59.979495,-6.692435,1.026991,59.979964,-7.540804,1.038062,59.978095,-0.513694,0.976751,59.978705,-1.264206,1.024596,59.977893,-3.429523,1.038934,59.977008,0.638390,1.034296,59.977106,0.460590,1.030542,59.978329,-5.514129,1.050380,59.983868,-3.843908,1.045858,59.981370,-5.231072,1.033014,59.980725,-6.947642,1.040977,59.980330,-2.377722,1.038769,59.979537,0.037233,1.035946,59.984781,-2.189126,0.980672,59.953579,-1.456351,0.979314,59.963910,1.263231,0.984484,59.977424,4.431046,0.990996,59.978426,3.762999,1.033585,59.975928,5.198840,1.046820,59.975674,7.695490,1.019634,59.984726,2.501367,1.009638,59.977386,6.298085,1.027208,60.002297,-10.177524,1.000117,0.998273,0.999123,0.999701,0.999613,0.999883,0.999366,0.999877,-40.810938,0.000000,6.953676,16.113534,11.260067,16.576326,23.996920,-31.623583,288.383297,447.800150,209.391350,467.503357,6.717002,286.592096,294.652499,141.504847,562.436988,245.394482,221.661074,276.382253,200.614467,124.488442,251.663684,184.493662,253.902685,8.239523,988.742731,2.149441,164.790455,75.230425,157.625653,78.812826,137.026846,28.927890,26.868009,92.246831,102.994034,75.767785,-82.574348,42.272334,15.225205,67.617823,24.718568,24.091648,4.119761,223.900075
4.440000,1.043170,59.994863,-8.077516,1.043080,59.982532,-4.978552,1.027666,59.979377,-7.825520,1.006713,59.975316,-9.160338,1.009360,59.973373,-8.535601,1.011596,59.972352,-7.992644,1.002185,59.974907,-9.913536,1.001268,59.976087,-10.344623,1.028784,59.991835,-10.143586,1.019357,59.971364,-5.679697,1.015650,59.971715,-6.464003,1.004912,59.971958,-6.383142,1.016620,59.972181,-6.208651,1.013508,59.974164,-7.425054,1.013468,59.976483,-7.123772,1.026562,59.977205,-5.565224,1.029378,59.978421,-6.623184,1.027620,59.978854,-7.468340,1.038669,59.976162,-0.458369,0.977373,59.976452,-1.205932,1.025366,59.976775,-3.371990,1.039740,59.975936,0.689783,1.035106,59.976014,0.512583,1.031270,59.977190,-5.453561,1.050768,59.982110,-3.746223,1.046567,59.980685,-5.146551,1.033713,59.979842,-6.868666,1.041929,59.980790,-2.295520,1.039782,59.980424,0.115654,1.035977,59.981122,-2.093408,0.981481,59.956129,-1.557587,0.979986,59.965375,1.231585,0.984903,59.975168,4.480101,0.991658,59.975749,3.817361,1.034390,59.974938,5.242864,1.047656,59.974616,7.737335,1.019898,59.982503,2.603152,1.010737,59.979261,6.365475,1.027338,60.002359,-9.938908,1.000124,0.998386,0.999176,0.999637,0.999542,0.999825,0.999450,0.999716,-40.036268,0.000000,7.308549,16.693016,11.800147,17.235804,24.463658,-30.988893,288.383297,447.800150,209.391350,467.503357,6.717002,286.592096,294.652499,141.504847,562.436988,245.394482,221.661074,276.382253,200.614467,124.488442,251.663684,184.493662,253.902685,8.239523,988.742731,2.149441,164.790455,75.230425,157.625653,78.812826,137.026846,28.927890,26.868009,92.246831,102.994034,75.767785,-82.574348,42.272334,15.225205,67.617823,24.718568,24.091648,4.119761,223.900075
4.460000,1.043461,59.994136,-7.892040,1.043411,59.980663,-4.887052,1.028177,59.978324,-7.753085,1.007387,59.975404,-9.112038,1.010084,59.974117,-8.498356,1.012331,59.973240,-7.962107,1.002902,59.975663,-9.865185,1.001968,59.976785,-10.288031,1.029161,59.992098,-9.975482,1.020078,59.972192,-5.656543,1.016378,59.972557,-6.438254,1.005653,59.972699,-6.356099,1.017340,59.972822,-6.180449,1.014212,59.974339,-7.384659,1.014162,59.975805,-7.070496,1.027244,59.976173,-5.508334,1.030016,59.977441,-6.557299,1.028212,59.977843,-7.399480,1.039268,59.974304,-0.412696,0.977999,59.974268,-1.159634,1.026099,59.975752,-3.318155,1.040504,59.974942,0.737712,1.035874,59.975006,0.561009,1.031964,59.976155,-5.396794,1.051135,59.980396,-3.657056,1.047204,59.980043,-5.062811,1.034352,59.979027,-6.791789,1.042754,59.981250,-2.206034,1.040659,59.981298,0.204379,1.036001,59.977516,-2.019891,0.982228,59.959084,-1.634652,0.980606,59.967094,1.215614,0.985315,59.972966,4.517071,0.992335,59.973128,3.856639,1.035151,59.973994,5.283841,1.048447,59.973631,7.775802,1.020157,59.980296,2.692947,1.011692,59.981086,6.450131,1.027465,60.002345,-9.696217,1.000130,0.998522,0.999237,0.999574,0.999470,0.999764,0.999533,0.999557,-39.312564,0.000000,7.634297,17.191048,12.255456,17.815712,24.912680,-30.477245,288.383297,447.800150,209.391350,467.503357,6.717002,286.592096,294.652499,141.504847,562.436988,245.394482,221.661074,276.382253,200.614467,124.488442,251.663684,184.493662,253.902685,8.239523,988.742731,2.149441,164.790455,75.230425,157.625653,78.812826,137.026846,28.927890,26.868009,92.246831,102.994034,75.767785,-82.574348,42.272334,15.225205,67.617823,24.718568,24.091648,4.119761,223.900075
4.480000,1.043746,59.993406,-7.709385,1.043722,59.978901,-4.806118,1.028660,59.977403,-7.685214,1.008016,59.975668,-9.059874,1.010754,59.975055,-8.452434,1.013010,59.974331,-7.921819,1.003564,59.976603,-9.808118,1.002616,59.977658,-10.223184,1.029511,59.992390,-9.802918,1.020745,59.973218,-5.624087,1.017051,59.973600,-6.403097,1.006338,59.973636,-6.320397,1.018006,59.973655,-6.144326,1.014869,59.974692,-7.339765,1.014825,59.975276,-7.019004,1.027899,59.975276,-5.455843,1.030620,59.976584,-6.495489,1.028772,59.976958,-7.334909,1.039865,59.972571,-0.377426,0.978631,59.972205,-1.126103,1.026804,59.974862,-3.268664,1.041239,59.974074,0.781473,1.036613,59.974129,0.605190,1.032632,59.975255,-5.344449,1.051483,59.978772,-3.577412,1.047771,59.979465,-4.980977,1.034938,59.978304,-6.717938,1.043458,59.981708,-2.110807,1.041403,59.982144,0.301716,1.036023,59.974063,-1.969264,0.982916,59.962396,-1.686367,0.981172,59.969038,1.215484,0.985725,59.970888,4.541152,0.993027,59.970620,3.879961,1.035881,59.973165,5.320955,1.049208,59.972769,7.810152,1.020411,59.978156,2.769562,1.012506,59.982832,6.550024,1.027588,60.002260,-9.451515,1.000134,0.998677,0.999304,0.999513,0.999399,0.999703,0.999612,0.999402,-38.649737,0.000000,7.924793,17.599295,12.616951,18.306364,25.333913,-30.096536,288.383297,447.800150,209.391350,467.503357,6.717002,286.592096,294.652499,141.504847,562.436988,245.394482,221.661074,276.382253,200.614467,124.488442,251.663684,184.493662,253.902685,8.239523,988.742731,2.149441,164.790455,75.230425,157.625653,78.812826,137.026846,28.927890,26.868009,92.246831,102.994034,75.767785,-82.574348,42.272334,15.225205,67.617823,24.718568,24.091648,4.119761,223.900075
4.500000,1.044026,59.992690,-7.531037,1.044013,59.977282,-4.736352,1.029118,59.976633,-7.622408,1.008601,59.976101,-9.004152,1.011371,59.976170,-8.398054,1.013635,59.975604,-7.871947,1.004172,59.977710,-9.742627,1.003212,59.978687,-10.150442,1.029834,59.992706,-9.627246,1.021358,59.974425,-5.582524,1.017671,59.974822,-6.358717,1.006970,59.974751,-6.276239,1.018621,59.974665,-6.100505,1.015482,59.975215,-7.290665,1.015461,59.974904,-6.969725,1.028533,59.974529,-5.408249,1.031195,59.975866,-6.438341,1.029304,59.976217,-7.275176,1.040461,59.970998,-0.353035,0.979272,59.970302,-1.105834,1.027485,59.974122,-3.224020,1.041949,59.973353,0.820530,1.037327,59.973400,0.644609,1.033278,59.974506,-5.297018,1.051813,59.977270,-3.508033,1.048274,59.978960,-4.902088,1.035474,59.977685,-6.647937,1.044045,59.982150,-2.011451,1.042019,59.982945,0.405846,1.036043,59.970839,-1.941609,0.983545,59.966007,-1.711959,0.981686,59.971172,1.231119,0.986134,59.968979,4.551904,0.993735,59.968269,3.886798,1.036586,59.972474,5.353605,1.049945,59.972055,7.839845,1.020661,59.976127,2.832139,1.013185,59.984462,6.662879,1.027707,60.002107,-9.206836,1.000136,0.998848,0.999376,0.999455,0.999330,0.999642,0.999687,0.999254,-38.056375,0.000000,8.174696,17.911216,12.877408,18.699944,25.717916,-29.852066,288.383297,447.800150,209.391350,467.503357,6.717002,286.592096,294.652499,141.504847,562.436988,245.394482,221.661074,276.382253,200.614467,124.488442,251.663684,184.493662,253.902685,8.239523,988.742731,2.149441,164.790455,75.230425,157.625653,78.812826,137.026846,28.927890,26.868009,92.246831,102.994034,75.767785,-82.574348,42.272334,15.225205,67.617823,24.718568,24.091648,4.119761,223.900075
4.520000,1.044298,59.992002,-7.358362,1.044288,59.975839,-4.678099,1.029554,59.976027,-7.565047,1.009145,59.976693,-8.945227,1.011936,59.977440,-8.335570,1.014206,59.977035,-7.812816,1.004729,59.978960,-9.669143,1.003757,59.979854,-10.070291,1.030131,59.993039,-9.449848,1.021919,59.975788,-5.532187,1.018237,59.976202,-6.305445,1.007549,59.976024,-6.223960,1.019186,59.975832,-6.049325,1.016052,59.975897,-7.237711,1.016071,59.974694,-6.923031,1.029147,59.973944,-5.365942,1.031741,59.975297,-6.386332,1.029810,59.975631,-7.220720,1.041057,59.969615,-0.339763,0.979922,59.968591,-1.099052,1.028146,59.973544,-3.184612,1.042639,59.972792,0.854478,1.038022,59.972834,0.678871,1.033904,59.973919,-5.254886,1.052126,59.975921,-3.449429,1.048717,59.978536,-4.827108,1.035964,59.977180,-6.582522,1.044522,59.982569,-1.909644,1.042516,59.983685,0.514843,1.036064,59.967911,-1.936502,0.984116,59.969853,-1.711088,0.982148,59.973459,1.262195,0.986544,59.967277,4.549193,0.994458,59.966117,3.876951,1.037271,59.971941,5.381350,1.050664,59.971504,7.864488,1.020906,59.974252,2.880144,1.013734,59.985948,6.786205,1.027821,60.001891,-8.964178,1.000136,0.999033,0.999452,0.999402,0.999263,0.999583,0.999756,0.999116,-37.539635,0.000000,8.379528,18.122152,13.031522,18.990618,26.056030,-29.746479,288.383297,447.800150,209.391350,467.503357,6.717002,286.592096,294.652499,141.504847,562.436988,245.394482,221.661074,276.382253,200.614467,124.488442,251.663684,184.493662,253.902685,8.239523,988.742731,2.149441,164.790455,75.230425,157.625653,78.812826,137.026846,28.927890,26.868009,92.246831,102.994034,75.767785,-82.574348,42.272334,15.225205,67.617823,24.718568,24.091648,4.119761,223.900075
4.540000,1.044562,59.991353,-7.192606,1.044547,59.974600,-4.631465,1.029967,59.975597,-7.513397,1.009647,59.977433,-8.883501,1.012450,59.978842,-8.265470,1.014724,59.978599,-7.744904,1.005236,59.980331,-9.588235,1.004252,59.981135,-9.983348,1.030402,59.993384,-9.272130,1.022428,59.977286,-5.473551,1.018752,59.977716,-6.243756,1.008077,59.977433,-6.164026,1.019702,59.977138,-5.991240,1.016579,59.976726,-7.181313,1.016656,59.974649,-6.879243,1.029743,59.973533,-5.329206,1.032262,59.974888,-6.339840,1.030292,59.975211,-7.171875,1.041655,59.968447,-0.337628,0.980579,59.967106,-1.105723,1.028788,59.973140,-3.150725,1.043310,59.972405,0.883029,1.038698,59.972442,0.707699,1.034512,59.973507,-5.218334,1.052422,59.974751,-3.401881,1.049102,59.978201,-4.756918,1.036410,59.976796,-6.522336,1.044897,59.982956,-1.807097,1.042900,59.984350,0.626701,1.036086,59.965335,-1.953060,0.984628,59.973870,-1.683858,0.982557,59.975863,1.308151,0.986955,59.965817,4.533165,0.995195,59.964206,3.850537,1.037938,59.971578,5.403883,1.051364,59.971129,7.883816,1.021146,59.972571,2.913363,1.014163,59.987262,6.917333,1.027929,60.001613,-8.725493,1.000133,0.999226,0.999530,0.999354,0.999201,0.999527,0.999817,0.998990,-37.105164,0.000000,8.535743,18.229377,13.075983,19.174614,26.340516,-29.779759,288.383297,447.800150,209.391350,467.503357,6.717002,286.592096,294.652499,141.504847,562.436988,245.394482,221.661074,276.382253,200.614467,124.488442,251.663684,184.493662,253.902685,8.239523,988.742731,2.149441,164.790455,75.230425,157.625653,78.812826,137.026846,28.927890,26.868009,92.246831,102.994034,75.767785,-82.574348,42.272334,15.225205,67.617823,24.718568,24.091648,4.119761,223.900075
4.560000,1.044817,59.990756,-7.034894,1.044790,59.973590,-4.596335,1.030359,59.975352,-7.467617,1.010109,59.978309,-8.819425,1.012913,59.980353,-8.188374,1.015191,59.980270,-7.668836,1.005691,59.981800,-9.500602,1.004698,59.982509,-9.890347,1.030647,59.993732,-9.095511,1.022887,59.978894,-5.407223,1.019216,59.979339,-6.174262,1.008552,59.978955,-6.097027,1.020168,59.978560,-5.926819,1.017065,59.977689,-7.121935,1.017217,59.974771,-6.838627,1.030319,59.973303,-5.298220,1.032757,59.974647,-6.299138,1.030749,59.974966,-7.128871,1.042251,59.967519,-0.346434,0.981242,59.965875,-1.125561,1.029411,59.972918,-3.122531,1.043962,59.972201,0.906013,1.039354,59.972234,0.730926,1.035100,59.973276,-5.187541,1.052700,59.973785,-3.365451,1.049434,59.977964,-4.692305,1.036816,59.976544,-6.467925,1.045178,59.983305,-1.705531,1.043182,59.984930,0.739370,1.036109,59.963160,-1.989985,0.985083,59.977992,-1.630797,0.982914,59.978346,1.368193,0.987367,59.964629,4.504229,0.995942,59.962571,3.807985,1.038588,59.971400,5.421026,1.052046,59.970942,7.897686,1.021379,59.971121,2.931898,1.014481,59.988384,7.053469,1.028032,60.001277,-8.492672,1.000129,0.999426,0.999608,0.999312,0.999144,0.999475,0.999870,0.998879,-36.757050,0.000000,8.640776,18.232112,13.009510,19.250254,26.564681,-29.949279,288.383297,447.800150,209.391350,467.503357,6.717002,286.592096,294.652499,141.504847,562.436988,245.394482,221.661074,276.382253,200.614467,124.488442,251.663684,184.493662,253.902685,8.239523,988.742731,2.149441,164.790455,75.230425,157.625653,78.812826,137.026846,28.927890,26.868009,92.246831,102.994034,75.767785,-82.574348,42.272334,15.225205,67.617823,24.718568,24.091648,4.119761,223.900075
4.580000,1.045061,59.990221,-6.886225,1.045018,59.972830,-4.572383,1.030728,59.975299,-7.427757,1.010529,59.979310,-8.753490,1.013325,59.981949,-8.105020,1.015604,59.982022,-7.585374,1.006095,59.983343,-9.407061,1.005094,59.983955,-9.792135,1.030867,59.994078,-8.921411,1.023294,59.980588,-5.333932,1.019627,59.981047,-6.097702,1.008976,59.980568,-6.023664,1.020585,59.980079,-5.856727,1.017508,59.978773,-7.060088,1.017752,59.975062,-6.801389,1.030876,59.973262,-5.273057,1.033227,59.974583,-6.264394,1.031182,59.974903,-7.091830,1.042845,59.966852,-0.365778,0.981909,59.964923,-1.158036,1.030013,59.972887,-3.100096,1.044595,59.972190,0.923374,1.039991,59.972218,0.748500,1.035669,59.973235,-5.162577,1.052959,59.973045,-3.339988,1.049718,59.977832,-4.633949,1.037183,59.976430,-6.419729,1.045376,59.983616,-1.606640,1.043372,59.985420,0.850797,1.036135,59.961429,-2.045609,0.985478,59.982158,-1.552844,0.983218,59.980874,1.441317,0.987779,59.963738,4.463046,0.996697,59.961246,3.750024,1.039220,59.971414,5.432729,1.052709,59.970953,7.906079,1.021604,59.969936,2.936151,1.014700,59.989299,7.191741,1.028128,60.000887,-8.267531,1.000123,0.999627,0.999686,0.999276,0.999092,0.999429,0.999914,0.998785,-36.497794,0.000000,8.693072,18.131509,12.832850,19.217951,26.722982,-30.249892,288.383297,447.800150,209.391350,467.503357,6.717002,286.592096,294.652499,141.504847,562.436988,245.394482,221.661074,276.382253,200.614467,124.488442,251.663684,184.493662,253.902685,8.239523,988.742731,2.149441,164.790455,75.230425,157.625653,78.812826,137.026846,28.927890,26.868009,92.246831,102.994034,75.767785,-82.574348,42.272334,15.225205,67.617823,24.718568,24.091648,4.119761,223.900075
4.600000,1.045292,59.989757,-6.747467,1.045230,59.972337,-4.559084,1.031075,59.975444,-7.393767,1.010907,59.980422,-8.686218,1.013685,59.983609,-8.016247,1.015964,59.983831,-7.495400,1.006447,59.984939,-9.308533,1.005440,59.985451,-9.689652,1.031061,59.994414,-8.751232,1.023648,59.982347,-5.254516,1.019986,59.982818,-6.014925,1.009348,59.982250,-5.944739,1.020952,59.981674,-5.781719,1.017907,59.979964,-6.996321,1.018260,59.975521,-6.767674,1.031412,59.973417,-5.253684,1.033671,59.974702,-6.235669,1.031591,59.975029,-7.060770,1.043434,59.966462,-0.395061,0.982577,59.964274,-1.202388,1.030595,59.973052,-3.083380,1.045207,59.972377,0.935169,1.040607,59.972402,0.760480,1.036217,59.973389,-5.143408,1.053199,59.972549,-3.325142,1.049958,59.977813,-4.582413,1.037515,59.976463,-6.378073,1.045502,59.983889,-1.512058,1.043484,59.985818,0.958963,1.036163,59.960177,-2.117934,0.985813,59.986306,-1.451319,0.983470,59.983411,1.526329,0.988190,59.963168,4.410508,0.997456,59.960262,3.677669,1.039834,59.971629,5.439059,1.053349,59.971168,7.909091,1.021819,59.969046,2.926812,1.014835,59.989999,7.329261,1.028218,60.000447,-8.051798,1.000115,0.999827,0.999763,0.999249,0.999048,0.999389,0.999947,0.998709,-36.328319,0.000000,8.692098,17.930592,12.548738,19.080164,26.811108,-30.674070,288.383297,447.800150,209.391350,467.503357,6.717002,286.592096,294.652499,141.504847,562.436988,245.394482,221.661074,276.382253,200.614467,124.488442,251.663684,184.493662,253.902685,8.239523,988.742731,2.149441,164.790455,75.230425,157.625653,78.812826,137.026846,28.927890,26.868009,92.246831,102.994034,75.767785,-82.574348,42.272334,15.225205,67.617823,24.718568,24.091648,4.119761,223.900075
4.620000,1.045510,59.989373,-6.619355,1.045427,59.972125,-4.555735,1.031397,59.975790,-7.365493,1.011241,59.981632,-8.618153,1.013992,59.985310,-7.922987,1.016269,59.985673,-7.399905,1.006747,59.986565,-9.206030,1.005734,59.986976,-9.583919,1.031230,59.994737,-8.586352,1.023950,59.984147,-5.169902,1.020292,59.984627,-5.926877,1.009666,59.983980,-5.861139,1.021267,59.983326,-5.702622,1.018262,59.981250,-6.931208,1.018739,59.976147,-6.737564,1.031924,59.973771,-5.239965,1.034089,59.975007,-6.212914,1.031974,59.975347,-7.035604,1.044015,59.966365,-0.433501,0.983241,59.963946,-1.257640,1.031153,59.973419,-3.072233,1.045796,59.972768,0.941563,1.041199,59.972789,0.767033,1.036741,59.973743,-5.129895,1.053420,59.972312,-3.320371,1.050159,59.977916,-4.538130,1.037814,59.976648,-6.343161,1.045567,59.984128,-1.423329,1.043532,59.986127,1.061928,1.036194,59.959428,-2.204686,0.986084,59.990378,-1.327899,0.983670,59.985927,1.621867,0.988596,59.962936,4.347714,0.998216,59.959644,3.592197,1.040426,59.972049,5.440198,1.053965,59.971593,7.906931,1.022023,59.968476,2.904831,1.014900,59.990481,7.463178,1.028301,59.999963,-7.847099,1.000106,1.000022,0.999837,0.999230,0.999012,0.999356,0.999970,0.998653,-36.247996,0.000000,8.638345,17.634172,12.161832,18.841317,26.826052,-31.212088,288.383297,447.800150,209.391350,467.503357,6.717002,286.592096,294.652499,141.504847,562.436988,245.394482,221.661074,276.382253,200.614467,124.488442,251.663684,184.493662,253.902685,8.239523,988.742731,2.149441,164.790455,75.230425,157.625653,78.812826,137.026846,28.927890,26.868009,92.246831,102.994034,75.767785,-82.574348,42.272334,15.225205,67.617823,24.718568,24.091648,4.119761,223.900075
4.640000,1.045713,59.989075,-6.502495,1.045609,59.972205,-4.561476,1.031695,59.976337,-7.342691,1.011530,59.982928,-8.549852,1.014245,59.987032,-7.826246,1.016519,59.987524,-7.299965,1.006993,59.988202,-9.100631,1.005977,59.988511,-9.476018,1.031372,59.995040,-8.428103,1.024198,59.985967,-5.081094,1.020543,59.986454,-5.834580,1.009929,59.985737,-5.773819,1.021531,59.985016,-5.620323,1.018570,59.982615,-6.865341,1.019187,59.976938,-6.711073,1.032412,59.974327,-5.231659,1.034481,59.975503,-6.195976,1.032332,59.975860,-7.016142,1.044584,59.966571,-0.480152,0.983897,59.963954,-1.322618,1.031686,59.973988,-3.066406,1.046359,59.973364,0.942825,1.041765,59.973382,0.768429,1.037240,59.974298,-5.121797,1.053621,59.972346,-3.324963,1.050327,59.978148,-4.501400,1.038083,59.976991,-6.315076,1.045587,59.984341,-1.341871,1.043530,59.986352,1.157864,1.036227,59.959199,-2.303364,0.986289,59.994319,-1.184589,0.983817,59.988390,1.726427,0.988996,59.963054,4.275951,0.998972,59.959412,3.495131,1.040995,59.972678,5.436431,1.054553,59.972229,7.899909,1.022213,59.968246,2.871393,1.014912,59.990750,7.590733,1.028376,59.999438,-7.654944,1.000094,1.000208,0.999907,0.999219,0.998984,0.999332,0.999982,0.998618,-36.254704,0.000000,8.533301,17.248734,11.678610,18.507679,26.766148,-31.852235,288.383297,447.800150,209.391350,467.503357,6.717002,286.592096,294.652499,141.504847,562.436988,245.394482,221.661074,276.382253,200.614467,124.488442,251.663684,184.493662,253.902685,8.239523,988.742731,2.149441,164.790455,75.230425,157.625653,78.812826,137.026846,28.927890,26.868009,92.246831,102.994034,75.767785,-82.574348,42.272334,15.225205,67.617823,24.718568,24.091648,4.119761,223.900075
4.660000,1.045900,59.988869,-6.397359,1.045777,59.972579,-4.575308,1.031968,59.977086,-7.325030,1.011775,59.984296,-8.481878,1.014444,59.988754,-7.727086,1.016712,59.989362,-7.196730,1.007185,59.989828,-8.993474,1.006166,59.990038,-9.367079,1.031488,59.995320,-8.277761,1.024392,59.987788,-4.989156,1.020739,59.988277,-5.739124,1.010138,59.987503,-5.683788,1.021742,59.986724,-5.535751,1.018832,59.984048,-6.799322,1.019603,59.977890,-6.688149,1.032873,59.975085,-5.228430,1.034847,59.976189,-6.184599,1.032664,59.976567,-7.002102,1.045139,59.967086,-0.533923,0.984543,59.964309,-1.395971,1.032191,59.974761,-3.065552,1.046895,59.974166,0.939315,1.042303,59.974180,0.765031,1.037713,59.975056,-5.118777,1.053802,59.972657,-3.338052,1.050469,59.978516,-4.472381,1.038326,59.977498,-6.293775,1.045575,59.984537,-1.268952,1.043495,59.986504,1.245096,1.036262,59.959499,-2.411300,0.986425,59.998077,-1.023688,0.983913,59.990774,1.838392,0.989389,59.963531,4.196661,0.999719,59.959581,3.388202,1.041539,59.973514,5.428136,1.055112,59.973075,7.888424,1.022390,59.968368,2.827886,1.014888,59.990815,7.709312,1.028444,59.998878,-7.476716,1.000082,1.000383,0.999973,0.999217,0.998966,0.999317,0.999984,0.998605,-36.344905,0.000000,8.379417,16.782289,11.107233,18.087214,26.631092,-32.581067,288.383297,447.800150,209.391350,467.503357,6.717002,286.592096,294.652499,141.504847,562.436988,245.394482,221.661074,276.382253,200.614467,124.488442,251.663684,184.493662,253.902685,8.239523,988.742731,2.149441,164.790455,75.230425,157.625653,78.812826,137.026846,28.927890,26.868009,92.246831,102.994035,75.767785,-82.574348,42.272334,15.225205,67.617823,24.718568,24.091648,4.119761,223.900075
4.680000,1.046071,59.988758,-6.304290,1.045930,59.973249,-4.596121,1.032216,59.978031,-7.312102,1.011973,59.985723,-8.414790,1.014587,59.990456,-7.626615,1.016849,59.991168,-7.091405,1.007322,59.991426,-8.885733,1.006303,59.991540,-9.258258,1.031578,59.995573,-8.136532,1.024532,59.989589,-4.895193,1.020881,59.990077,-5.641641,1.010292,59.989257,-5.592094,1.021901,59.988435,-5.449869,1.019048,59.985534,-6.733749,1.019985,59.978997,-6.668679,1.033307,59.976042,-5.229856,1.035187,59.977065,-6.178434,1.032970,59.977467,-6.993110,1.045676,59.967912,-0.593596,0.985175,59.965015,-1.476198,1.032669,59.975734,-3.069242,1.047403,59.975169,0.931480,1.042811,59.975181,0.757285,1.038158,59.976013,-5.120410,1.053965,59.973250,-3.358642,1.050592,59.979025,-4.451089,1.038548,59.978169,-6.279094,1.045546,59.984726,-1.205667,1.043444,59.986595,1.322130,1.036300,59.960326,-2.525711,0.986491,60.001602,-0.847759,0.983958,59.993053,1.956051,0.989772,59.964367,4.111412,1.000454,59.960160,3.273326,1.042057,59.974554,5.415770,1.055640,59.974128,7.872956,1.022551,59.968849,2.775864,1.014848,59.990693,7.816498,1.028504,59.998290,-7.313659,1.000067,1.000545,1.000034,0.999224,0.998958,0.999311,0.999976,0.998614,-36.513752,0.000000,8.180050,16.244208,10.457386,17.589398,26.421943,-33.383677,288.383297,447.800150,209.391350,467.503357,6.717002,286.592096,294.652499,141.504847,562.436988,245.394482,221.661074,276.382253,200.614467,124.488442,251.663684,184.493662,253.902685,8.239523,988.742731,2.149441,164.790455,75.230425,157.625653,78.812826,137.026846,28.927890,26.868009,92.246831,102.994035,75.767785,-82.574348,42.272334,15.225205,67.617823,24.718568,24.091648,4.119761,223.900075
4.700000,1.046225,59.988744,-6.223507,1.046072,59.974211,-4.622718,1.032438,59.979165,-7.303435,1.012126,59.987195,-8.349140,1.014676,59.992122,-7.525965,1.016929,59.992920,-6.985232,1.007406,59.992979,-8.778602,1.006387,59.993000,-9.150727,1.031642,59.995796,-8.005541,1.024620,59.991354,-4.800340,1.020968,59.991836,-5.543298,1.010392,59.990984,-5.499809,1.022008,59.990130,-5.363656,1.019217,59.987059,-6.669216,1.020334,59.980252,-6.652492,1.033713,59.977194,-5.235434,1.035502,59.978127,-6.177045,1.033252,59.978554,-6.988717,1.046195,59.969046,-0.657854,0.985789,59.966074,-1.561677,1.033117,59.976902,-3.076967,1.047882,59.976369,0.919834,1.043289,59.976378,0.745708,1.038575,59.977166,-5.126193,1.054111,59.974121,-3.385633,1.050705,59.979679,-4.437406,1.038753,59.979007,-6.270755,1.045518,59.984923,-1.152917,1.043395,59.986640,1.387679,1.036341,59.961671,-2.643756,0.986485,60.004851,-0.659593,0.983955,59.995205,2.077637,0.990145,59.965560,4.021868,1.001174,59.961154,3.152565,1.042548,59.975789,5.399852,1.056135,59.975379,7.854042,1.022698,59.969691,2.717009,1.014810,59.990403,7.910112,1.028556,59.997678,-7.166870,1.000052,1.000689,1.000088,0.999240,0.998960,0.999315,0.999959,0.998644,-36.755204,0.000000,7.939395,15.645034,9.740089,17.025017,26.141088,-34.243996,288.383297,447.800150,209.391350,467.503357,6.717002,286.592096,294.652499,141.504847,562.436988,245.394482,221.661074,276.382253,200.614467,124.488442,251.663684,184.493662,253.902685,8.239523,988.742731,2.149441,164.790455,75.230425,157.625653,78.812826,137.026846,28.927890,26.868009,92.246831,102.994035,75.767785,-82.574348,42.272334,15.225205,67.617823,24.718568,24.091648,4.119761,223.900075
4.720000,1.046364,59.988828,-6.155111,1.046203,59.975454,-4.653845,1.032637,59.980480,-7.298507,1.012235,59.988700,-8.285461,1.014712,59.993733,-7.426284,1.016955,59.994602,-6.879477,1.007437,59.994471,-8.673280,1.006421,59.994404,-9.045656,1.031681,59.995986,-7.885821,1.024656,59.993065,-4.705740,1.021003,59.993536,-5.445273,1.010440,59.992665,-5.408013,1.022066,59.991794,-5.278094,1.019341,59.988611,-6.606300,1.020650,59.981646,-6.639363,1.034092,59.978533,-5.244598,1.035796,59.979369,-6.179923,1.033511,59.979821,-6.988407,1.046693,59.970482,-0.725308,0.986384,59.967480,-1.650690,1.033536,59.978257,-3.088158,1.048331,59.977756,0.904946,1.043738,59.977762,0.730874,1.038964,59.978505,-5.135557,1.054243,59.975266,-3.417842,1.050815,59.980480,-4.431081,1.038947,59.980008,-6.268372,1.045507,59.985139,-1.111396,1.043367,59.986656,1.440685,1.036387,59.963513,-2.762590,0.986407,60.007781,-0.462172,0.983906,59.997211,2.201345,0.990506,59.967099,3.929751,1.001874,59.962559,3.028085,1.043011,59.977211,5.380952,1.056598,59.976819,7.832268,1.022831,59.970887,2.653086,1.014794,59.989970,7.988256,1.028600,59.997049,-7.037292,1.000035,1.000815,1.000136,0.999265,0.998973,0.999329,0.999932,0.998696,-37.062174,0.000000,7.662399,14.996274,8.967492,16.405932,25.792196,-35.145103,288.383297,447.800150,209.391350,467.503357,6.717002,286.592096,294.652499,141.504847,562.436988,245.394482,221.661074,276.382253,200.614467,124.488442,251.663684,184.493662,253.902685,8.239523,988.742731,2.149441,164.790455,75.230425,157.625653,78.812826,137.026846,28.927890,26.868009,92.246831,102.994035,75.767785,-82.574348,42.272334,15.225205,67.617823,24.718568,24.091648,4.119761,223.900075
4.740000,1.046488,59.989007,-6.099090,1.046327,59.976965,-4.688216,1.032816,59.981964,-7.296756,1.012304,59.990223,-8.224269,1.014698,59.995275,-7.328716,1.016929,59.996196,-6.775410,1.007418,59.995888,-8.570958,1.006407,59.995738,-8.944193,1.031697,59.996141,-7.778299,1.024646,59.994706,-4.612537,1.020990,59.995161,-5.348747,1.010440,59.994286,-5.317785,1.022079,59.993412,-5.194159,1.019424,59.990175,-6.545558,1.020935,59.983168,-6.629023,1.034445,59.980049,-5.256727,1.036070,59.980781,-6.186497,1.033750,59.981259,-6.991609,1.047170,59.972208,-0.794521,0.986958,59.969224,-1.741463,1.033929,59.979790,-3.102197,1.048753,59.979318,0.887430,1.044158,59.979323,0.713398,1.039328,59.980022,-5.147880,1.054364,59.976672,-3.454037,1.050933,59.981427,-4.431739,1.039137,59.981170,-6.271464,1.045528,59.985389,-1.081586,1.043376,59.986661,1.480337,1.036438,59.965829,-2.879424,0.986259,60.010359,-0.258630,0.983815,59.999055,2.325365,0.990856,59.968971,3.836816,1.002553,59.964365,2.902121,1.043449,59.978807,5.359669,1.057030,59.978434,7.808246,1.022952,59.972424,2.585907,1.014818,59.989423,8.049342,1.028636,59.996409,-6.925705,1.000017,1.000921,1.000178,0.999299,0.998996,0.999352,0.999898,0.998768,-37.426679,0.000000,7.354661,14.310180,8.152639,15.744834,25.380139,-36.069552,288.383297,447.800150,209.391350,467.503357,6.717002,286.592096,294.652499,141.504847,562.436988,245.394482,221.661074,276.382253,200.614467,124.488442,251.663684,184.493662,253.902685,8.239523,988.742731,2.149441,164.790455,75.230425,157.625653,78.812826,137.026846,28.927890,26.868009,92.246831,102.994035,75.767785,-82.574348,42.272334,15.225205,67.617823,24.718568,24.091648,4.119761,223.900075
4.760000,1.046598,59.989279,-6.055329,1.046447,59.978726,-4.724541,1.032976,59.983601,-7.297596,1.012336,59.991750,-8.166054,1.014639,59.996733,-7.234388,1.016856,59.997688,-6.674288,1.007355,59.997217,-8.472796,1.006349,59.996990,-8.847458,1.031691,59.996260,-7.683794,1.024592,59.996264,-4.521854,1.020932,59.996698,-5.254881,1.010395,59.995833,-5.230181,1.022050,59.994970,-5.112805,1.019470,59.991738,-6.487524,1.021192,59.984806,-6.621166,1.034776,59.981729,-5.271166,1.036330,59.982353,-6.196150,1.033973,59.982854,-6.997716,1.047627,59.974207,-0.864039,0.987510,59.971289,-1.832196,1.034298,59.981485,-3.118435,1.049150,59.981040,0.867921,1.044552,59.981044,0.693919,1.039668,59.981704,-5.162505,1.054478,59.978325,-3.492960,1.051066,59.982518,-4.438899,1.039329,59.982485,-6.279471,1.045598,59.985685,-1.063749,1.043440,59.986673,1.506076,1.036495,59.968582,-2.991566,0.986042,60.012554,-0.052205,0.983687,60.000723,2.447904,0.991195,59.971156,3.744810,1.003210,59.966556,2.776935,1.043863,59.980560,5.336620,1.057433,59.980207,7.782603,1.023063,59.974283,2.517288,1.014902,59.988792,8.092121,1.028665,59.995764,-6.832725,0.999999,1.001005,1.000212,0.999341,0.999030,0.999385,0.999858,0.998859,-37.840014,0.000000,7.022324,13.599515,7.309230,15.054990,24.910900,-36.999699,288.383297,447.800150,209.391350,467.503357,6.717002,286.592096,294.652499,141.504847,562.436988,245.394482,221.661074,276.382253,200.614467,124.488442,251.663684,184.493662,253.902685,8.239523,988.742731,2.149441,164.790455,75.230425,157.625653,78.812826,137.026846,28.927890,26.868009,92.246831,102.994035,75.767785,-82.574348,42.272334,15.225205,67.617823,24.718568,24.091648,4.119761,223.900075
4.780000,1.046696,59.989639,-6.023616,1.046566,59.980715,-4.761556,1.033123,59.985374,-7.300433,1.012336,59.993269,-8.111277,1.014540,59.998095,-7.144395,1.016741,59.999064,-6.577343,1.007252,59.998446,-8.379914,1.006252,59.998151,-8.756519,1.031665,59.996342,-7.603004,1.024502,59.997727,-4.434782,1.020836,59.998133,-5.164807,1.010313,59.997293,-5.146230,1.021985,59.996457,-5.034955,1.019483,59.993287,-6.432700,1.021425,59.986545,-6.615462,1.035087,59.983558,-5.287235,1.036579,59.984069,-6.208235,1.034184,59.984591,-7.006098,1.048065,59.976460,-0.932416,0.988041,59.973656,-1.921093,1.034645,59.983327,-3.136201,1.049524,59.982907,0.847066,1.044923,59.982910,0.673090,1.039988,59.983534,-5.178752,1.054589,59.980204,-3.533356,1.051226,59.983747,-4.451986,1.039532,59.983943,-6.291764,1.045733,59.986039,-1.057932,1.043577,59.986711,1.517604,1.036561,59.971732,-3.096480,0.985764,60.014343,0.153801,0.983528,60.002206,2.567218,0.991525,59.973630,3.655444,1.003842,59.969111,2.654769,1.044256,59.982452,5.312422,1.057810,59.982120,7.755961,1.023166,59.976440,2.449006,1.015062,59.988110,8.115703,1.028688,59.995119,-6.758797,0.999979,1.001066,1.000240,0.999391,0.999075,0.999427,0.999812,0.998967,-38.292928,0.000000,6.671946,12.877317,6.451366,14.349971,24.391449,-37.918032,288.383297,447.800150,209.391350,467.503357,6.717002,286.592096,294.652499,141.504847,562.436988,245.394482,221.661074,276.382253,200.614467,124.488442,251.663684,184.493662,253.902685,8.239523,988.742731,2.149441,164.790455,75.230425,157.625653,78.812826,137.026846,28.927890,26.868009,92.246831,102.994035,75.767785,-82.574348,42.272334,15.225205,67.617823,24.718568,24.091648,4.119761,223.900075
4.800000,1.046785,59.990081,-6.003652,1.046689,59.982904,-4.798046,1.033261,59.987263,-7.304682,1.012311,59.994767,-8.060366,1.014409,59.999349,-7.059788,1.016592,60.000316,-6.485759,1.007116,59.999568,-8.293374,1.006124,59.999212,-8.672383,1.031624,59.996387,-7.536501,1.024383,59.999084,-4.352363,1.020709,59.999456,-5.079611,1.010201,59.998656,-5.066910,1.021892,59.997859,-4.961488,1.019472,59.994808,-6.381552,1.021639,59.988368,-6.611562,1.035383,59.985517,-5.304252,1.036822,59.985913,-6.222089,1.034389,59.986452,-7.016116,1.048486,59.978941,-0.998243,0.988551,59.976299,-2.006404,1.034976,59.985298,-3.154827,1.049882,59.984897,0.825505,1.045277,59.984901,0.651557,1.040293,59.985495,-5.195937,1.054704,59.982287,-3.574005,1.051420,59.985106,-4.470346,1.039752,59.985533,-6.307671,1.045945,59.986463,-1.063970,1.043799,59.986794,1.514885,1.036637,59.975232,-3.191825,0.985430,60.015710,0.356083,0.983345,60.003496,2.681631,0.991848,59.976364,3.570366,1.004452,59.972001,2.537811,1.044632,59.984463,5.287680,1.058167,59.984152,7.728926,1.023265,59.978865,2.382763,1.015314,59.987412,8.119571,1.028704,59.994482,-6.704195,0.999960,1.001105,1.000260,0.999448,0.999129,0.999478,0.999762,0.999092,-38.775812,0.000000,6.310375,12.156658,5.593287,13.643384,23.829618,-38.807495,288.383297,447.800150,209.391350,467.503357,6.717002,286.592096,294.652499,141.504847,562.436988,245.394482,221.661074,276.382253,200.614467,124.488442,251.663684,184.493662,253.902685,8.239523,988.742731,2.149441,164.790455,75.230425,157.625653,78.812826,137.026846,28.927890,26.868009,92.246831,102.994035,75.767785,-82.574348,42.272334,15.225205,67.617823,24.718568,24.091648,4.119761,223.900075
4.820000,1.046865,59.990596,-5.995065,1.046820,59.985265,-4.832872,1.033395,59.989248,-7.309776,1.012269,59.996230,-8.013713,1.014253,60.000488,-6.981553,1.016418,60.001432,-6.400657,1.006955,60.000574,-8.214166,1.005972,60.000165,-8.595981,1.031570,59.996396,-7.484725,1.024242,60.000325,-4.275579,1.020559,60.000659,-5.000316,1.010066,59.999912,-4.993147,1.021780,59.999169,-4.893228,1.019443,59.996290,-6.334511,1.021840,59.990258,-6.609113,1.035670,59.987587,-5.321544,1.037067,59.987867,-6.237051,1.034593,59.988418,-7.027143,1.048894,59.981623,-1.060174,0.989043,59.979189,-2.086449,1.035296,59.987377,-3.173656,1.050227,59.986991,0.803862,1.045617,59.986996,0.629946,1.040587,59.987566,-5.213385,1.054825,59.984546,-3.613740,1.051657,59.986585,-4.493264,1.039997,59.987240,-6.326484,1.046246,59.986965,-1.081497,1.044120,59.986937,1.498132,1.036724,59.979028,-3.275499,0.985051,60.016646,0.551377,0.983145,60.004591,2.789564,0.992167,59.979326,3.491125,1.005038,59.975193,2.428148,1.044996,59.986570,5.262975,1.058509,59.986280,7.702074,1.023364,59.981521,2.320150,1.015669,59.986732,8.103581,1.028716,59.993856,-6.669026,0.999940,1.001120,1.000274,0.999512,0.999193,0.999536,0.999709,0.999230,-39.278883,0.000000,5.944608,11.450408,4.749110,12.948612,23.233944,-39.651798,288.383297,447.800150,209.391350,467.503357,6.717002,286.592096,294.652499,141.504847,562.436988,245.394482,221.661074,276.382253,200.614467,124.488442,251.663684,184.493662,253.902685,8.239523,988.742731,2.149441,164.790455,75.230425,157.625653,78.812826,137.026846,28.927890,26.868009,92.246831,102.994035,75.767785,-82.574348,42.272334,15.225205,67.617823,24.718568,24.091648,4.119761,223.900075
4.840000,1.046940,59.991175,-5.997413,1.046962,59.987765,-4.864995,1.033531,59.991304,-7.315184,1.012218,59.997645,-7.971672,1.014082,60.001505,-6.910604,1.016227,60.002409,-6.323083,1.006779,60.001459,-8.143193,1.005805,60.001006,-8.528156,1.031507,59.996371,-7.447980,1.024090,60.001446,-4.205338,1.020395,60.001735,-4.927870,1.009919,60.001053,-4.925792,1.021656,60.000377,-4.830932,1.019404,59.997721,-6.291963,1.022035,59.992197,-6.607766,1.035952,59.989745,-5.338462,1.037317,59.989909,-6.252478,1.034801,59.990466,-7.038574,1.049291,59.984475,-1.116953,0.989519,59.982290,-2.159658,1.035611,59.989541,-3.192059,1.050565,59.989164,0.782726,1.045950,59.989171,0.608854,1.040877,59.989725,-5.230449,1.054960,59.986950,-3.651478,1.051945,59.988171,-4.519986,1.040272,59.989047,-6.347487,1.046647,59.987555,-1.109958,1.044550,59.987157,1.467810,1.036824,59.983062,-3.345676,0.984637,60.017150,0.736525,0.982936,60.005489,2.889557,0.992484,59.982480,3.419153,1.005604,59.978648,2.327734,1.045353,59.988752,5.238850,1.058840,59.988480,7.675941,1.023466,59.984371,2.262615,1.016140,59.986104,8.067972,1.028723,59.993248,-6.653224,0.999920,1.001113,1.000282,0.999581,0.999266,0.999600,0.999656,0.999380,-39.792376,0.000000,5.581653,10.771002,3.932575,12.278555,22.613515,-40.435710,288.383297,447.800150,209.391350,467.503357,6.717002,286.592096,294.652499,141.504847,562.436988,245.394482,221.661074,276.382253,200.614467,124.488442,251.663684,184.493662,253.902685,8.239523,988.742731,2.149441,164.790455,75.230425,157.625653,78.812826,137.026846,28.927890,26.868009,92.246831,102.994035,75.767785,-82.574348,42.272334,15.225205,67.617823,24.718568,24.091648,4.119761,223.900075
4.860000,1.047011,59.991809,-6.010200,1.047120,59.990368,-4.893494,1.033674,59.993407,-7.320424,1.012166,59.999002,-7.934557,1.013906,60.002394,-6.847767,1.016030,60.003241,-6.253985,1.006596,60.002221,-8.081260,1.005632,60.001733,-8.469651,1.031440,59.996312,-7.426430,1.023935,60.002440,-4.142458,1.020228,60.002679,-4.863131,1.009769,60.002075,-4.865613,1.021530,60.001476,-4.775284,1.019365,59.999089,-6.254249,1.022229,59.994163,-6.607186,1.036236,59.991967,-5.354402,1.037580,59.992015,-6.267759,1.035020,59.992572,-7.049842,1.049682,59.987462,-1.167431,0.989981,59.985565,-2.224593,1.035925,59.991766,-3.209450,1.050901,59.991394,0.762644,1.046282,59.991403,0.588833,1.041168,59.991949,-5.246523,1.055111,59.989467,-3.686238,1.052288,59.989848,-4.549731,1.040585,59.990935,-6.369967,1.047153,59.988236,-1.148623,1.045095,59.987468,1.424612,1.036937,59.987273,-3.400837,0.984201,60.017230,0.908528,0.982728,60.006195,2.980288,0.992802,59.985787,3.355739,1.006149,59.982323,2.238351,1.045708,59.990983,5.215807,1.059166,59.990728,7.651017,1.023575,59.987371,2.211438,1.016732,59.985562,8.013350,1.028727,59.992663,-6.656561,0.999900,1.001085,1.000283,0.999655,0.999346,0.999671,0.999603,0.999538,-40.306728,0.000000,5.228384,10.130218,3.156795,11.645386,21.977798,-41.145334,288.383297,447.800150,209.391350,467.503357,6.717002,286.592096,294.652499,141.504847,562.436988,245.394482,221.661074,276.382253,200.614467,124.488442,251.663684,184.493662,253.902685,8.239523,988.742731,2.149441,164.790455,75.230425,157.625653,78.812826,137.026846,28.927890,26.868009,92.246831,102.994035,75.767785,-82.574348,42.272334,15.225205,67.617823,24.718568,24.091648,4.119761,223.900075
4.880000,1.047079,59.992486,-6.032881,1.047296,59.993038,-4.917586,1.033830,59.995531,-7.325072,1.012122,60.000290,-7.902635,1.013735,60.003154,-6.793767,1.015837,60.003929,-6.194202,1.006418,60.002858,-8.029062,1.005463,60.002343,-8.421096,1.031374,59.996223,-7.420097,1.023787,60.003304,-4.087660,1.020066,60.003488,-4.806856,1.009626,60.002974,-4.813289,1.021412,60.002463,-4.726881,1.019334,60.000385,-6.221664,1.022429,59.996136,-6.607062,1.036526,59.994228,-5.368811,1.037859,59.994163,-6.282330,1.035253,59.994712,-7.060433,1.050069,59.990548,-1.210594,0.990433,59.988974,-2.279979,1.036244,59.994028,-3.225298,1.051242,59.993655,0.744113,1.046616,59.993667,0.570380,1.041465,59.994211,-5.261054,1.055283,59.992062,-3.717164,1.052691,59.991599,-4.581712,1.040938,59.992882,-6.393230,1.047770,59.989015,-1.196605,1.045760,59.987882,1.369453,1.037065,59.991595,-3.439799,0.983757,60.016903,1.064607,0.982527,60.006713,3.060596,0.993124,59.989206,3.302010,1.006677,59.986171,2.161579,1.046065,59.993239,5.194298,1.059495,59.992998,7.627737,1.023695,59.990476,2.167704,1.017450,59.985138,7.940682,1.028728,59.992105,-6.678648,0.999881,1.001036,1.000280,0.999732,0.999433,0.999745,0.999552,0.999702,-40.812748,0.000000,4.891411,9.538974,2.434021,11.060333,21.336469,-41.768351,288.383297,447.800150,209.391350,467.503357,6.717002,286.592096,294.652499,141.504847,562.436988,245.394482,221.661074,276.382253,200.614467,124.488442,251.663684,184.493662,253.902685,8.239523,988.742731,2.149441,164.790455,75.230425,157.625653,78.812826,137.026846,28.927890,26.868009,92.246831,102.994035,75.767785,-82.574348,42.272334,15.225205,67.617823,24.718568,24.091648,4.119761,223.900075
4.900000,1.047147,59.993193,-6.064877,1.047493,59.995736,-4.936641,1.034002,59.997648,-7.328774,1.012094,60.001497,-7.876132,1.013579,60.003783,-6.749217,1.015659,60.004472,-6.144452,1.006253,60.003370,-7.987173,1.005306,60.002837,-8.383004,1.031312,59.996106,-7.428866,1.023656,60.004039,-4.041554,1.019920,60.004164,-4.759688,1.009500,60.003747,-4.769391,1.021311,60.003333,-4.686228,1.019319,60.001598,-6.194451,1.022641,59.998095,-6.607114,1.036827,59.996501,-5.381203,1.038160,59.996326,-6.295686,1.035507,59.996860,-7.069898,1.050457,59.993695,-1.245574,0.990876,59.992472,-2.324725,1.036574,59.996300,-3.239133,1.051590,59.995921,0.727564,1.046960,59.995936,0.553932,1.041772,59.996486,-5.273558,1.055479,59.994697,-3.743535,1.053157,59.993407,-4.615153,1.041336,59.994868,-6.416619,1.048496,59.989891,-1.252873,1.046546,59.988409,1.303447,1.037206,59.995963,-3.461730,0.983319,60.016193,1.202256,0.982344,60.007053,3.129496,0.993453,59.992697,3.258912,1.007190,59.990144,2.098769,1.046428,59.995496,5.174718,1.059829,59.995267,7.606480,1.023827,59.993640,2.132288,1.018294,59.984861,7.851274,1.028728,59.991579,-6.718942,0.999862,1.000968,1.000271,0.999813,0.999526,0.999823,0.999505,0.999870,-41.301785,0.000000,4.576939,9.007136,1.775431,10.533473,20.699242,-42.294230,288.383297,447.800150,209.391350,467.503357,6.717002,286.592096,294.652499,141.504847,562.436988,245.394482,221.661074,276.382253,200.614467,124.488442,251.663684,184.493662,253.902685,8.239523,988.742731,2.149441,164.790455,75.230425,157.625653,78.812826,137.026846,28.927890,26.868009,92.246831,102.994035,75.767785,-82.574348,42.272334,15.225205,67.617823,24.718568,24.091648,4.119761,223.900075
4.920000,1.047216,59.993920,-6.105579,1.047710,59.998423,-4.950189,1.034194,59.999733,-7.331255,1.012090,60.002615,-7.855225,1.013446,60.004283,-6.714611,1.015504,60.004875,-6.105317,1.006110,60.003760,-7.956038,1.005171,60.003217,-8.355761,1.031258,59.995965,-7.452478,1.023549,60.004644,-4.004631,1.019799,60.004707,-4.722146,1.009399,60.004395,-4.734382,1.021235,60.004086,-4.653731,1.019327,60.002720,-6.172798,1.022870,60.000018,-6.607104,1.037143,59.998760,-5.391167,1.038484,59.998479,-6.307391,1.035782,59.998990,-7.077858,1.050847,59.996864,-1.271666,0.991312,59.996016,-2.357944,1.036916,59.998556,-3.250561,1.051951,59.998168,0.713368,1.047314,59.998186,0.539859,1.042094,59.998747,-5.283624,1.055700,59.997337,-3.764783,1.053685,59.995251,-4.649296,1.041779,59.996868,-6.439527,1.049331,59.990866,-1.316279,1.047447,59.989058,1.227889,1.037362,60.000308,-3.466167,0.982900,60.015131,1.319298,0.982184,60.007226,3.186193,0.993790,59.996215,3.227200,1.007688,59.994188,2.051021,1.046801,59.997730,5.157407,1.060173,59.997510,7.587564,1.023974,59.996817,2.105843,1.019260,59.984758,7.746749,1.028728,59.991089,-6.776753,0.999844,1.000883,1.000257,0.999895,0.999623,0.999902,0.999463,1.000039,-41.765876,0.000000,4.290654,8.543354,1.190928,10.073563,20.075693,-42.714406,288.383297,447.800150,209.391350,467.503357,6.717002,286.592096,294.652499,141.504847,562.436988,245.394482,221.661074,276.382253,200.614467,124.488442,251.663684,184.493662,253.902685,8.239523,988.742731,2.149441,164.790455,75.230425,157.625653,78.812826,137.026846,28.927890,26.868009,92.246831,102.994035,75.767785,-82.574348,42.272334,15.225205,67.617823,24.718568,24.091648,4.119761,223.900075
4.940000,1.047284,59.994652,-6.154358,1.047949,60.001060,-4.957933,1.034409,60.001758,-7.332321,1.012114,60.003635,-7.840043,1.013345,60.004658,-6.690311,1.015381,60.005142,-6.077237,1.005997,60.004033,-7.935969,1.005065,60.003487,-8.339620,1.031215,59.995804,-7.490541,1.023475,60.005124,-3.977260,1.019709,60.005121,-4.694620,1.009331,60.004919,-4.708605,1.021191,60.004720,-4.629690,1.019364,60.003744,-6.156843,1.023118,60.001884,-6.606835,1.037474,60.000978,-5.398377,1.038833,60.000596,-6.317085,1.036081,60.001074,-7.084016,1.051241,60.000015,-1.288340,0.991744,59.999559,-2.378967,1.037273,60.000769,-3.259266,1.052325,60.000370,0.701821,1.047683,60.000391,0.528458,1.042431,60.000966,-5.290926,1.055946,59.999943,-3.780495,1.054272,59.997110,-4.683422,1.042266,59.998859,-6.461401,1.050267,59.991938,-1.385566,1.048459,59.989834,1.144230,1.037530,60.004565,-3.453019,0.982515,60.013757,1.413926,0.982054,60.007245,3.230093,0.994136,59.999717,3.207430,1.008174,59.998251,2.019164,1.047185,59.999918,5.142646,1.060530,59.999704,7.571249,1.024137,59.999958,2.088794,1.020341,59.984853,7.629019,1.028728,59.990639,-6.851254,0.999826,1.000784,1.000240,0.999977,0.999723,0.999982,0.999427,1.000205,-42.197878,0.000000,4.037607,8.154918,0.688982,9.687892,19.475104,-43.022424,288.383297,447.800150,209.391350,467.503357,6.717002,286.592096,294.652499,141.504847,562.436988,245.394482,221.661074,276.382253,200.614467,124.488442,251.663684,184.493662,253.902685,8.239523,988.742731,2.149441,164.790455,75.230425,157.625653,78.812826,137.026846,28.927890,26.868009,92.246831,102.994035,75.767785,-82.574348,42.272334,15.225205,67.617823,24.718568,24.091648,4.119761,223.900075
4.960000,1.047353,59.995377,-6.210574,1.048208,60.003610,-4.959746,1.034645,60.003698,-7.331861,1.012171,60.004551,-7.830669,1.013281,60.004911,-6.676550,1.015297,60.005281,-6.060499,1.005920,60.004192,-7.927135,1.004993,60.003651,-8.334701,1.031186,59.995626,-7.542530,1.023438,60.005481,-3.959674,1.019658,60.005410,-4.677362,1.009300,60.005324,-4.692281,1.021184,60.005237,-4.614295,1.019435,60.004664,-6.146666,1.023387,60.003671,-6.606160,1.037823,60.003129,-5.402593,1.039207,60.002650,-6.324491,1.036404,60.003087,-7.088160,1.051639,60.003109,-1.295246,0.992171,60.003055,-2.387354,1.037647,60.002914,-3.265015,1.052713,60.002504,0.693149,1.048066,60.002527,0.519951,1.042785,60.003117,-5.295228,1.056218,60.002480,-3.790422,1.054914,59.998965,-4.716855,1.042796,60.000818,-6.481758,1.051295,59.993104,-1.459398,1.049570,59.990741,1.054060,1.037708,60.008668,-3.422566,0.982174,60.012116,1.484749,0.981959,60.007126,3.260812,0.994491,60.003160,3.199947,1.008648,60.002279,2.003749,1.047581,60.002038,5.130656,1.060900,60.001827,7.557737,1.024317,60.003017,2.081334,1.021528,59.985164,7.500252,1.028728,59.990232,-6.941490,0.999810,1.000673,1.000220,1.000059,0.999826,1.000061,0.999399,1.000366,-42.591582,0.000000,3.822119,7.847645,0.276486,9.382171,18.906303,-43.214032,288.383297,447.800150,209.391350,467.503357,6.717002,286.592096,294.652499,141.504847,562.436988,245.394482,221.661074,276.382253,200.614467,124.488442,251.663684,184.493662,253.902685,8.239523,988.742731,2.149441,164.790455,75.230425,157.625653,78.812826,137.026846,28.927890,26.868009,92.246831,102.994035,75.767785,-82.574348,42.272334,15.225205,67.617823,24.718568,24.091648,4.119761,223.900075
4.980000,1.047421,59.996084,-6.273580,1.048484,60.006037,-4.955671,1.034903,60.005527,-7.329853,1.012264,60.005356,-7.827133,1.013259,60.005050,-6.673420,1.015256,60.005302,-6.055235,1.005884,60.004246,-7.929567,1.004960,60.003716,-8.340985,1.031174,59.995435,-7.607795,1.023442,60.005723,-3.951976,1.019647,60.005583,-4.670482,1.009312,60.005612,-4.685505,1.021216,60.005641,-4.607625,1.019541,60.005475,-6.142290,1.023678,60.005360,-6.604983,1.038188,60.005186,-5.403667,1.039602,60.004618,-6.329418,1.036749,60.005004,-7.090164,1.052040,60.006108,-1.292220,0.992592,60.006458,-2.382899,1.038034,60.004966,-3.267660,1.053113,60.004546,0.687505,1.048463,60.004572,0.514488,1.043154,60.005175,-5.296383,1.056511,60.004911,-3.794477,1.055605,60.000795,-4.748970,1.043361,60.002721,-6.500186,1.052403,59.994358,-1.536372,1.050768,59.991780,0.959080,1.037894,60.012554,-3.375448,0.981887,60.010258,1.530816,0.981902,60.006885,3.278181,0.994854,60.006502,3.204888,1.009110,60.006220,2.005036,1.047985,60.004068,5.121602,1.061283,60.003859,7.547174,1.024511,60.005952,2.083429,1.022806,59.985709,7.362834,1.028729,59.989870,-7.046390,0.999795,1.000552,1.000198,1.000139,0.999929,1.000138,0.999380,1.000519,-42.941801,0.000000,3.647703,7.625787,-0.041347,9.160451,18.377516,-43.287238,288.383297,447.800150,209.391350,467.503357,6.717002,286.592096,294.652499,141.504847,562.436988,245.394482,221.661074,276.382253,200.614467,124.488442,251.663684,184.493662,253.902685,8.239523,988.742731,2.149441,164.790455,75.230425,157.625653,78.812826,137.026846,28.927890,26.868009,92.246831,102.994035,75.767785,-82.574348,42.272334,15.225205,67.617823,24.718568,24.091648,4.119761,223.900075
5.000000,1.047487,59.996760,-6.342726,1.048772,60.008305,-4.945914,1.035180,60.007224,-7.326356,1.012392,60.006045,-7.829418,1.013280,60.005082,-6.680873,1.015260,60.005213,-6.061419,1.005889,60.004202,-7.943153,1.004968,60.003688,-8.358320,1.031177,59.995236,-7.685568,1.023489,60.005855,-3.954132,1.019680,60.005647,-4.673950,1.009366,60.005792,-4.688243,1.021290,60.005934,-4.609645,1.019683,60.006172,-6.143681,1.023987,60.006932,-6.603258,1.038565,60.007125,-5.401543,1.040017,60.006475,-6.331759,1.037112,60.006802,-7.089986,1.052441,60.008973,-1.279281,0.993007,60.009723,-2.365633,1.038433,60.006902,-3.267138,1.053523,60.006475,0.684970,1.048869,60.006502,0.512144,1.043536,60.007115,-5.294337,1.056823,60.007204,-3.792726,1.056333,60.002579,-4.779200,1.043957,60.004547,-6.516344,1.053575,59.995694,-1.615039,1.052036,59.992950,0.861073,1.038083,60.016166,-3.312651,0.981661,60.008236,1.551639,0.981886,60.006540,3.282242,0.995223,60.009702,3.222180,1.009558,60.010021,2.023001,1.048397,60.005990,5.115594,1.061675,60.005779,7.539653,1.024718,60.008720,2.094830,1.024158,59.986497,7.219331,1.028731,59.989557,-7.164777,0.999781,1.000424,1.000173,1.000217,1.000030,1.000211,0.999370,1.000663,-43.244443,0.000000,3.517001,7.491980,-0.261060,9.025085,17.896244,-43.242323,288.383297,447.800150,209.391350,467.503357,6.717002,286.592096,294.652499,141.504847,562.436988,245.394482,221.661074,276.382253,200.614467,124.488442,251.663684,184.493662,253.902685,8.239523,988.742731,2.149441,164.790455,75.230425,157.625653,78.812826,137.026846,28.927890,26.868009,92.246831,102.994035,75.767785,-82.574348,42.272334,15.225205,67.617823,24.718568,24.091648,4.119761,223.900075
5.020000,1.047547,59.997394,-6.417370,1.049068,60.010385,-4.930838,1.035470,60.008766,-7.321505,1.012554,60.006616,-7.837452,1.013344,60.005015,-6.698724,1.015308,60.005027,-6.078864,1.005937,60.004070,-7.967639,1.005016,60.003576,-8.386418,1.031197,59.995034,-7.774972,1.023577,60.005887,-3.965972,1.019755,60.005611,-4.687592,1.009463,60.005868,-4.700335,1.021403,60.006122,-4.620208,1.019858,60.006754,-6.150749,1.024311,60.008371,-6.600985,1.038950,60.008925,-5.396251,1.040443,60.008200,-6.331490,1.037488,60.008458,-7.087667,1.052840,60.011670,-1.256629,0.993411,60.012810,-2.335816,1.038838,60.008699,-3.263467,1.053938,60.008271,0.685558,1.049281,60.008298,0.512926,1.043924,60.008914,-5.289121,1.057148,60.009328,-3.785388,1.057089,60.004300,-4.807039,1.044573,60.006274,-6.529969,1.054794,59.997104,-1.693927,1.053355,59.994246,0.761883,1.038272,60.019449,-3.235480,0.981500,60.006105,1.547202,0.981909,60.006111,3.273248,0.995593,60.012723,3.251548,1.009992,60.013633,2.057333,1.048808,60.007786,5.112686,1.062073,60.007572,7.535216,1.024935,60.011284,2.115083,1.025567,59.987534,7.072441,1.028733,59.989292,-7.295382,0.999768,1.000292,1.000148,1.000291,1.000130,1.000280,0.999370,1.000794,-43.496553,0.000000,3.431743,7.447211,-0.380993,8.976708,17.469137,-43.081815,288.383297,447.800150,209.391350,467.503357,6.717002,286.592096,294.652499,141.504847,562.436988,245.394482,221.661074,276.382253,200.614467,124.488442,251.663684,184.493662,253.902685,8.239523,988.742731,2.149441,164.790455,75.230425,157.625653,78.812826,137.026846,28.927890,26.868009,92.246831,102.994035,75.767785,-82.574348,42.272334,15.225205,67.617823,24.718568,24.091648,4.119761,223.900075
5.040000,1.047601,59.997975,-6.496870,1.049364,60.012247,-4.910944,1.035769,60.010136,-7.315505,1.012744,60.007066,-7.851110,1.013449,60.004860,-6.726648,1.015400,60.004756,-6.107230,1.006024,60.003858,-8.002633,1.005102,60.003388,-8.424860,1.031232,59.994831,-7.875027,1.023703,60.005826,-3.987196,1.019869,60.005485,-4.711096,1.009598,60.005851,-4.721495,1.021553,60.006212,-4.639054,1.020061,60.007220,-6.163342,1.024644,60.009660,-6.598210,1.039336,60.010564,-5.387905,1.040875,60.009773,-6.328663,1.037870,60.009955,-7.083324,1.053230,60.014166,-1.224638,0.993802,60.015678,-2.293930,1.039242,60.010340,-3.256740,1.054349,60.009916,0.689216,1.049691,60.009942,0.516773,1.044314,60.010553,-5.280851,1.057479,60.011256,-3.772816,1.057860,60.005938,-4.832045,1.045199,60.007884,-6.540866,1.056041,59.998579,-1.771557,1.054704,59.995664,0.663385,1.038456,60.022355,-3.145530,0.981407,60.003921,1.517958,0.981970,60.005614,3.251658,0.995960,60.015527,3.292518,1.010408,60.017010,2.107450,1.049215,60.009439,5.112885,1.062469,60.009222,7.533861,1.025158,60.013609,2.143547,1.027010,59.988821,6.924952,1.028736,59.989078,-7.436853,0.999757,1.000158,1.000121,1.000360,1.000225,1.000343,0.999381,1.000910,-43.696336,0.000000,3.392723,7.490826,-0.401286,9.014270,17.101896,-42.810412,288.383297,447.800150,209.391350,467.503357,6.717002,286.592096,294.652499,141.504847,562.436988,245.394482,221.661074,276.382253,200.614467,124.488442,251.663684,184.493662,253.902685,8.239523,988.742731,2.149441,164.790455,75.230425,157.625653,78.812826,137.026846,28.927890,26.868009,92.246831,102.994035,75.767785,-82.574348,42.272334,15.225205,67.617823,24.718568,24.091648,4.119761,223.900075
5.060000,1.047644,59.998496,-6.580597,1.049654,60.013868,-4.886857,1.036067,60.011319,-7.308620,1.012958,60.007395,-7.870214,1.013589,60.004628,-6.764189,1.015529,60.004413,-6.146024,1.006146,60.003577,-8.047612,1.005222,60.003135,-8.473099,1.031279,59.994633,-7.984664,1.023863,60.005684,-4.017373,1.020018,60.005280,-4.744011,1.009766,60.005748,-4.751315,1.021733,60.006210,-4.665817,1.020288,60.007569,-6.181251,1.024979,60.010788,-6.595018,1.039716,60.012025,-5.376694,1.041302,60.011178,-6.323403,1.038250,60.011274,-7.077139,1.053605,60.016431,-1.183844,0.994173,60.018291,-2.240667,1.039638,60.011806,-3.247124,1.054750,60.011394,0.695833,1.050091,60.011418,0.523565,1.044697,60.012014,-5.269717,1.057811,60.012964,-3.755485,1.058631,60.007477,-4.853837,1.045824,60.009359,-6.548913,1.057295,60.000107,-1.846468,1.056063,59.997192,0.567452,1.038629,60.024845,-3.044651,0.981378,60.001737,1.464818,0.982064,60.005069,3.218120,0.996318,60.018082,3.344428,1.010803,60.020109,2.172511,1.049607,60.010936,5.116146,1.062856,60.010715,7.535542,1.025381,60.015666,2.179417,1.028466,59.990352,6.779687,1.028738,59.988916,-7.587776,0.999748,1.000026,1.000095,1.000424,1.000316,1.000399,0.999403,1.001010,-43.843156,0.000000,3.399798,7.620562,-0.323853,9.135084,16.799190,-42.434870,288.383297,447.800150,209.391350,467.503357,6.717002,286.592096,294.652499,141.504847,562.436988,245.394482,221.661074,276.382253,200.614467,124.488442,251.663684,184.493662,253.902685,8.239523,988.742731,2.149441,164.790455,75.230425,157.625653,78.812826,137.026846,28.927890,26.868009,92.246831,102.994035,75.767785,-82.574348,42.272334,15.225205,67.617823,24.718568,24.091648,4.119761,223.900075
5.080000,1.047674,59.998948,-6.667928,1.049930,60.015229,-4.859308,1.036359,60.012301,-7.301162,1.013186,60.007606,-7.894528,1.013758,60.004328,-6.810760,1.015689,60.004011,-6.194607,1.006297,60.003239,-8.101922,1.005368,60.002825,-8.530470,1.031336,59.994444,-8.102736,1.024048,60.005469,-4.055951,1.020194,60.005007,-4.785762,1.009960,60.005569,-4.789273,1.021937,60.006124,-4.700024,1.020529,60.007804,-6.204209,1.025307,60.011743,-6.591525,1.040080,60.013292,-5.362874,1.041716,60.012399,-6.315896,1.038618,60.012402,-7.069354,1.053960,60.018438,-1.134934,0.994521,60.020617,-2.176910,1.040015,60.013082,-3.234844,1.055131,60.012692,0.705243,1.050471,60.012712,0.533126,1.045064,60.013281,-5.255978,1.058135,60.014431,-3.733980,1.059389,60.008901,-4.872101,1.046434,60.010685,-6.554049,1.058534,60.001675,-1.917235,1.057408,59.998819,0.475930,1.038788,60.026883,-2.934908,0.981410,59.999608,1.389124,0.982187,60.004493,3.173464,0.996662,60.020357,3.406445,1.011173,60.022892,2.251432,1.049976,60.012263,5.122381,1.063226,60.012039,7.540172,1.025601,60.017430,2.221743,1.029912,59.992117,6.639458,1.028738,59.988806,-7.746680,0.999740,0.999898,1.000070,1.000481,1.000401,1.000448,0.999436,1.001092,-43.937507,0.000000,3.451904,7.832611,-0.152322,9.334922,16.564588,-41.963856,288.383297,447.800150,209.391350,467.503357,6.717002,286.592096,294.652499,141.504847,562.436988,245.394482,221.661074,276.382253,200.614467,124.488442,251.663684,184.493662,253.902685,8.239523,988.742731,2.149441,164.790455,75.230425,157.625653,78.812826,137.026846,28.927890,26.868009,92.246831,102.994034,75.767785,-82.574348,42.272334,15.225205,67.617823,24.718568,24.091648,4.119761,223.900075
5.100000,1.047688,59.999324,-6.758251,1.050183,60.016312,-4.829112,1.036634,60.013075,-7.293477,1.013421,60.007700,-7.923761,1.013946,60.003972,-6.865657,1.015871,60.003563,-6.252208,1.006468,60.002854,-8.164793,1.005533,60.002469,-8.596193,1.031399,59.994268,-8.228025,1.024251,60.005193,-4.102267,1.020389,60.004678,-4.835650,1.010171,60.005323,-4.834736,1.022155,60.005962,-4.741108,1.020776,60.007927,-6.231892,1.025618,60.012518,-6.587871,1.040420,60.014354,-5.346760,1.042107,60.013424,-6.306383,1.038965,60.013329,-7.060257,1.054285,60.020165,-1.078729,0.994839,60.022629,-2.103717,1.040365,60.014157,-3.220183,1.055482,60.013798,0.717231,1.050823,60.013813,0.545233,1.045406,60.014342,-5.239948,1.058443,60.015641,-3.708971,1.060118,60.010198,-4.886585,1.047018,60.011848,-6.556274,1.059737,60.003270,-1.982494,1.058716,60.000531,0.390603,1.038925,60.028444,-2.818537,0.981495,59.997580,1.292618,0.982332,60.003903,3.118679,0.996983,60.022327,3.477576,1.011513,60.025323,2.342915,1.050312,60.013410,5.131456,1.063567,60.013184,7.547625,1.025810,60.018880,2.269461,1.031325,59.994098,6.507015,1.028737,59.988747,-7.912055,0.999734,0.999777,1.000045,1.000531,1.000478,1.000489,0.999480,1.001154,-43.980974,0.000000,3.547095,8.121709,0.108058,9.608119,16.400509,-41.407762,288.383297,447.800150,209.391350,467.503357,6.717002,286.592096,294.652499,141.504847,562.436988,245.394482,221.661074,276.382253,200.614467,124.488442,251.663684,184.493662,253.902685,8.239523,988.742731,2.149441,164.790455,75.230425,157.625653,78.812826,137.026846,28.927890,26.868009,92.246831,102.994034,75.767785,-82.574348,42.272334,15.225205,67.617823,24.718568,24.091648,4.119761,223.900075
5.120000,1.047682,59.999621,-6.850963,1.050407,60.017108,-4.797147,1.036884,60.013632,-7.285938,1.013653,60.007683,-7.957567,1.014146,60.003573,-6.928063,1.016067,60.003083,-6.317929,1.006651,60.002434,-8.235345,1.005709,60.002078,-8.669386,1.031463,59.994108,-8.359257,1.024461,60.004866,-4.155551,1.020593,60.004302,-4.892868,1.010390,60.005021,-4.886972,1.022378,60.005732,-4.788411,1.021019,60.007943,-6.263918,1.025902,60.013107,-6.584214,1.040726,60.015200,-5.328712,1.042463,60.014245,-6.295147,1.039282,60.014046,-7.050171,1.054574,60.021594,-1.016168,0.995120,60.024302,-2.022294,1.040678,60.015022,-3.203468,1.055793,60.014704,0.731539,1.051136,60.014712,0.559618,1.045713,60.015187,-5.221988,1.058728,60.016582,-3.681197,1.060804,60.011355,-4.897102,1.047562,60.012838,-6.555641,1.060883,60.004874,-2.040963,1.059965,60.002308,0.313162,1.039038,60.029508,-2.697899,0.981625,59.995697,1.177396,0.982492,60.003314,3.054898,0.997276,60.023970,3.556685,1.011819,60.027376,2.445469,1.050605,60.014368,5.143198,1.063872,60.014142,7.557740,1.026004,60.020004,2.321412,1.032683,59.996275,6.384986,1.028732,59.988740,-8.082364,0.999729,0.999665,1.000022,1.000573,1.000546,1.000522,0.999534,1.001196,-43.976154,0.000000,3.682597,8.481261,0.450535,9.947727,16.308196,-40.778485,288.383297,447.800150,209.391350,467.503357,6.717002,286.592096,294.652499,141.504847,562.436988,245.394482,221.661074,276.382253,200.614467,124.488442,251.663684,184.493662,253.902685,8.239523,988.742731,2.149441,164.790455,75.230425,157.625653,78.812826,137.026846,28.927890,26.868009,92.246831,102.994034,75.767785,-82.574348,42.272334,15.225205,67.617823,24.718568,24.091648,4.119761,223.900075
5.140000,1.047655,59.999835,-6.945471,1.050594,60.017610,-4.764335,1.037100,60.013972,-7.278925,1.013871,60.007558,-7.995545,1.014346,60.003140,-6.997063,1.016266,60.002583,-6.390767,1.006835,60.001990,-8.312598,1.005887,60.001662,-8.749074,1.031525,59.993967,-8.495116,1.024670,60.004497,-4.214946,1.020797,60.003892,-4.956512,1.010606,60.004671,-4.945162,1.022596,60.005444,-4.841197,1.021248,60.007856,-6.299857,1.026151,60.013508,-6.580725,1.040987,60.015824,-5.309128,1.042776,60.014855,-6.282506,1.039558,60.014549,-7.039448,1.054820,60.022708,-0.948290,0.995359,60.025620,-1.933976,1.040943,60.015670,-3.185061,1.056053,60.015401,0.747869,1.051400,60.015402,0.575978,1.045975,60.015811,-5.202496,1.058982,60.017246,-3.651452,1.061433,60.012360,-4.903529,1.048053,60.013647,-6.552253,1.061952,60.006470,-2.091468,1.061135,60.004131,0.245176,1.039120,60.030066,-2.575436,0.981789,59.993997,1.045862,0.982658,60.002740,2.983372,0.997533,60.025268,3.642519,1.012086,60.029025,2.557437,1.050847,60.015128,5.157390,1.064129,60.014906,7.570320,1.026178,60.020790,2.376376,1.033963,59.998619,6.275837,1.028723,59.988784,-8.256059,0.999727,0.999563,1.000001,1.000606,1.000606,1.000545,0.999598,1.001218,-43.926581,0.000000,3.854878,8.903476,0.867004,10.345669,16.287703,-40.089184,288.383297,447.800150,209.391350,467.503357,6.717002,286.592096,294.652499,141.504847,562.436988,245.394482,221.661074,276.382253,200.614467,124.488442,251.663684,184.493662,253.902685,8.239523,988.742731,2.149441,164.790455,75.230425,157.625653,78.812826,137.026846,28.927890,26.868009,92.246831,102.994034,75.767785,-82.574348,42.272334,15.225205,67.617823,24.718568,24.091648,4.119761,223.900075
5.160000,1.047603,59.999964,-7.041189,1.050737,60.017814,-4.731618,1.037274,60.014093,-7.272822,1.014067,60.007333,-8.037243,1.014536,60.002684,-7.071659,1.016457,60.002074,-6.469621,1.007012,60.001531,-8.395491,1.006055,60.001231,-8.834203,1.031580,59.993850,-8.634253,1.024868,60.004096,-4.279514,1.020991,60.003457,-5.025597,1.010809,60.004284,-5.008412,1.022799,60.005105,-4.898659,1.021454,60.007672,-6.339231,1.026355,60.013718,-6.577576,1.041197,60.016223,-5.288433,1.043035,60.015251,-6.268807,1.039784,60.014834,-7.028451,1.055014,60.023498,-0.876214,0.995551,60.026568,-1.840197,1.041152,60.016096,-3.165357,1.056256,60.015885,0.765895,1.051606,60.015879,0.593978,1.046184,60.016209,-5.181897,1.059199,60.017629,-3.620560,1.061993,60.013203,-4.905810,1.048482,60.014267,-6.546261,1.062926,60.008039,-2.132963,1.062205,60.005975,0.188054,1.039168,60.030113,-2.453623,0.981976,59.992512,0.900669,0.982822,60.002191,2.905448,0.997748,60.026207,3.733719,1.012311,60.030255,2.677031,1.051028,60.015686,5.173780,1.064331,60.015470,7.585133,1.026325,60.021234,2.433092,1.035145,60.001096,6.181815,1.028709,59.988876,-8.431589,0.999726,0.999474,0.999983,1.000631,1.000655,1.000559,0.999671,1.001218,-43.836611,0.000000,4.059736,9.379532,1.348177,10.792926,16.337911,-39.354018,288.383297,447.800150,209.391350,467.503357,6.717002,286.592096,294.652499,141.504847,562.436988,245.394482,221.661074,276.382253,200.614467,124.488442,251.663684,184.493662,253.902685,8.239523,988.742731,2.149441,164.790455,75.230425,157.625653,78.812826,137.026846,28.927890,26.868009,92.246831,102.994034,75.767785,-82.574348,42.272334,15.225205,67.617823,24.718568,24.091648,4.119761,223.900075
5.180000,1.047526,60.000008,-7.137543,1.050830,60.017724,-4.699939,1.037400,60.013998,-7.268000,1.014230,60.007015,-8.082165,1.014707,60.002215,-7.150782,1.016631,60.001566,-6.553320,1.007171,60.001068,-8.482893,1.006207,60.000793,-8.923654,1.031624,59.993758,-8.775303,1.025043,60.003672,-4.348261,1.021164,60.003006,-5.099070,1.010988,60.003868,-5.075766,1.022977,60.004724,-4.959936,1.021626,60.007397,-6.381520,1.026505,60.013741,-6.574938,1.041346,60.016394,-5.267072,1.043232,60.015431,-6.254411,1.039954,60.014903,-7.017554,1.055153,60.023957,-0.801118,0.995691,60.027138,-1.742469,1.041296,60.016299,-3.144768,1.056391,60.016154,0.785260,1.051746,60.016139,0.613257,1.046332,60.016380,-5.160634,1.059372,60.017730,-3.589358,1.062472,60.013877,-4.903957,1.048837,60.014693,-6.537853,1.063787,60.009558,-2.164557,1.063158,60.007814,0.143022,1.039180,60.029657,-2.334919,0.982175,59.991264,0.744658,0.982977,60.001677,2.822546,0.997915,60.026779,3.828850,1.012489,60.031052,2.802357,1.051140,60.016037,5.192077,1.064468,60.015830,7.601912,1.026443,60.021337,2.490292,1.036212,60.003669,6.104902,1.028689,59.989016,-8.607419,0.999726,0.999400,0.999967,1.000647,1.000694,1.000565,0.999751,1.001197,-43.711314,0.000000,4.292397,9.899759,1.883766,11.279733,16.456548,-38.587855,288.383297,447.800150,209.391350,467.503357,6.717002,286.592096,294.652499,141.504847,562.436988,245.394482,221.661074,276.382253,200.614467,124.488442,251.663684,184.493662,253.902685,8.239523,988.742731,2.149441,164.790455,75.230425,157.625653,78.812826,137.026846,28.927890,26.868009,92.246831,102.994034,75.767785,-82.574348,42.272334,15.225205,67.617823,24.718568,24.091648,4.119761,223.900075
5.200000,1.047424,59.999968,-7.233963,1.050871,60.017344,-4.670221,1.037471,60.013694,-7.264812,1.014353,60.006611,-8.129773,1.014850,60.001741,-7.233313,1.016779,60.001069,-6.640634,1.007304,60.000608,-8.573622,1.006332,60.000356,-9.016259,1.031654,59.993694,-8.916895,1.025189,60.003232,-4.420143,1.021308,60.002547,-5.175834,1.011136,60.003430,-5.146224,1.023122,60.004307,-5.024128,1.021756,60.007039,-6.426174,1.026596,60.013578,-6.572978,1.041429,60.016340,-5.245496,1.043361,60.015396,-6.239693,1.040060,60.014759,-7.007127,1.055230,60.024082,-0.724222,0.995775,60.027328,-1.642352,1.041370,60.016280,-3.123720,1.056453,60.016207,0.805585,1.051813,60.016183,0.633434,1.046413,60.016326,-5.139158,1.059499,60.017554,-3.558685,1.062860,60.014374,-4.898049,1.049110,60.014923,-6.527262,1.064521,60.011004,-2.185531,1.063977,60.009620,0.111091,1.039152,60.028710,-2.221726,0.982373,59.990272,0.580802,0.983114,60.001205,2.736126,0.998029,60.026978,3.926419,1.012618,60.031411,2.931451,1.051179,60.016179,5.211955,1.064536,60.015986,7.620360,1.026528,60.021105,2.546718,1.037145,60.006296,6.046778,1.028662,59.989202,-8.782039,0.999729,0.999340,0.999953,1.000654,1.000722,1.000561,0.999838,1.001157,-43.556334,0.000000,4.547625,10.453832,2.462701,11.795787,16.640248,-37.805983,288.383297,447.800150,209.391350,467.503357,6.717002,286.592096,294.652499,141.504847,562.436988,245.394482,221.661074,276.382253,200.614467,124.488442,251.663684,184.493662,253.902685,8.239523,988.742731,2.149441,164.790455,75.230425,157.625653,78.812826,137.026846,28.927890,26.868009,92.246831,102.994034,75.767785,-82.574348,42.272334,15.225205,67.617823,24.718568,24.091648,4.119761,223.900075
5.220000,1.047295,59.999847,-7.329889,1.050854,60.016685,-4.643350,1.037483,60.013187,-7.263584,1.014430,60.006129,-8.179499,1.014958,60.001270,-7.318096,1.016893,60.000590,-6.730301,1.007404,60.000160,-8.666464,1.006425,59.999929,-9.110819,1.031665,59.993658,-9.057673,1.025297,60.002782,-4.494092,1.021416,60.002088,-5.254758,1.011244,60.002976,-5.218760,1.023226,60.003861,-5.090306,1.021838,60.006602,-6.472616,1.026620,60.013236,-6.571852,1.041441,60.016064,-5.224161,1.043417,60.015149,-6.225031,1.040098,60.014406,-6.997532,1.055242,60.023876,-0.646767,0.995802,60.027138,-1.541429,1.041368,60.016042,-3.102648,1.056437,60.016046,0.826474,1.051804,60.016013,0.654112,1.046422,60.016051,-5.117923,1.059574,60.017107,-3.529356,1.063149,60.014687,-4.888238,1.049295,60.014956,-6.514754,1.065116,60.012355,-2.195359,1.064650,60.011360,0.093035,1.039084,60.027291,-2.116339,0.982562,59.989544,0.412135,0.983228,60.000781,2.647669,0.998088,60.026807,4.024902,1.012697,60.031332,3.062307,1.051138,60.016111,5.233058,1.064528,60.015935,7.640146,1.026576,60.020548,2.601151,1.037932,60.008931,6.008777,1.028629,59.989431,-8.953976,0.999733,0.999297,0.999943,1.000652,1.000738,1.000548,0.999929,1.001096,-43.377758,0.000000,4.819835,11.030974,3.073332,12.330459,16.884609,-37.023806,288.383297,447.800150,209.391350,467.503357,6.717002,286.592096,294.652499,141.504847,562.436988,245.394482,221.661074,276.382253,200.614467,124.488442,251.663684,184.493662,253.902685,8.239523,988.742731,2.149441,164.790455,75.230425,157.625653,78.812826,137.026846,28.927890,26.868009,92.246831,102.994034,75.767785,-82.574348,42.272334,15.225205,67.617823,24.718568,24.091648,4.119761,223.900075
5.240000,1.047141,59.999648,-7.424768,1.050780,60.015761,-4.620158,1.037433,60.012487,-7.264608,1.014454,60.005575,-8.230751,1.015023,60.000807,-7.403965,1.016966,60.000134,-6.821045,1.007464,59.999729,-8.760190,1.006479,59.999516,-9.206123,1.031657,59.993653,-9.196301,1.025361,60.002327,-4.569032,1.021481,60.001632,-5.334705,1.011307,60.002513,-5.292335,1.023283,60.003392,-5.157531,1.021867,60.006094,-6.520255,1.026576,60.012720,-6.571706,1.041379,60.015573,-5.203516,1.043397,60.014697,-6.210802,1.040065,60.013852,-6.989117,1.055189,60.023345,-0.569994,0.995769,60.026576,-1.441281,1.041289,60.015590,-3.081985,1.056340,60.015673,0.847519,1.051714,60.015632,0.674883,1.046356,60.015559,-5.097374,1.059596,60.016399,-3.502157,1.063335,60.014812,-4.874745,1.049387,60.014791,-6.500630,1.065562,60.013584,-2.193725,1.065166,60.013004,0.089365,1.038976,60.025429,-2.020907,0.982730,59.989082,0.241699,0.983311,60.000406,2.558649,0.998088,60.026269,4.122768,1.012723,60.030821,3.192912,1.051016,60.015834,5.255001,1.064442,60.015679,7.660915,1.026586,60.019680,2.652434,1.038560,60.011524,5.991861,1.028589,59.989701,-9.121808,0.999739,0.999271,0.999935,1.000640,1.000743,1.000527,1.000024,1.001018,-43.181967,0.000000,5.103217,11.620172,3.703665,12.873009,17.184279,-36.256547,288.383297,447.800150,209.391350,467.503357,6.717002,286.592096,294.652499,141.504847,562.436988,245.394482,221.661074,276.382253,200.614467,124.488442,251.663684,184.493662,253.902685,8.239523,988.742731,2.149441,164.790455,75.230425,157.625653,78.812826,137.026846,28.927890,26.868009,92.246831,102.994034,75.767785,-82.574348,42.272334,15.225205,67.617823,24.718568,24.091648,4.119761,223.900075
5.260000,1.046963,59.999377,-7.518055,1.050648,60.014587,-4.601402,1.037320,60.011607,-7.268138,1.014423,60.004958,-8.282924,1.015041,60.000358,-7.489756,1.016994,59.999705,-6.911598,1.007479,59.999318,-8.853575,1.006489,59.999122,-9.300965,1.031626,59.993677,-9.331484,1.025377,60.001873,-4.643895,1.021497,60.001185,-5.414543,1.011318,60.002045,-5.365917,1.023290,60.002904,-5.224869,1.021839,60.005521,-6.568492,1.026461,60.012039,-6.572670,1.041242,60.014873,-5.183999,1.043298,60.014046,-6.197377,1.039959,60.013106,-6.982207,1.055069,60.022497,-0.495123,0.995678,60.025652,-1.343462,1.041129,60.014931,-3.062159,1.056161,60.015095,0.868303,1.051543,60.015045,0.695335,1.046214,60.014861,-5.077949,1.059564,60.015444,-3.477822,1.063413,60.014745,-4.857864,1.049383,60.014430,-6.485226,1.065851,60.014666,-2.180534,1.065517,60.014519,0.100320,1.038828,60.023158,-1.937391,0.982872,59.988884,0.072479,0.983360,60.000081,2.470507,0.998029,60.025374,4.218503,1.012699,60.029887,3.321278,1.050813,60.015351,5.277375,1.064277,60.015221,7.682284,1.026557,60.018519,2.699492,1.039020,60.014027,5.996593,1.028542,59.990008,-9.284172,0.999746,0.999261,0.999930,1.000620,1.000737,1.000499,1.000120,1.000923,-42.975488,0.000000,5.391858,12.210384,4.341579,13.412795,17.533059,-35.518952,288.383297,447.800150,209.391350,467.503357,6.717002,286.592096,294.652499,141.504847,562.436988,245.394482,221.661074,276.382253,200.614467,124.488442,251.663684,184.493662,253.902685,8.239523,988.742731,2.149441,164.790455,75.230425,157.625653,78.812826,137.026846,28.927890,26.868009,92.246831,102.994034,75.767785,-82.574348,42.272334,15.225205,67.617823,24.718568,24.091648,4.119761,223.900075
5.280000,1.046763,59.999039,-7.609212,1.050459,60.013184,-4.587756,1.037145,60.010559,-7.274382,1.014335,60.004285,-8.335409,1.015010,59.999924,-7.574329,1.016972,59.999306,-7.000720,1.007448,59.998932,-8.945422,1.006454,59.998749,-9.394163,1.031573,59.993730,-9.461977,1.025342,60.001420,-4.717638,1.021463,60.000748,-5.493169,1.011276,60.001574,-5.438498,1.023242,60.002400,-5.291406,1.021751,60.004890,-6.616737,1.026276,60.011201,-6.574862,1.041031,60.013976,-5.166027,1.043121,60.013205,-6.185112,1.039781,60.012179,-6.977106,1.054885,60.021347,-0.423339,0.995530,60.024383,-1.249475,1.040892,60.014075,-3.043586,1.055902,60.014318,0.888411,1.051292,60.014261,0.715055,1.045998,60.013965,-5.060063,1.059479,60.014258,-3.457026,1.063381,60.014483,-4.837956,1.049282,60.013876,-6.468903,1.065980,60.015578,-2.155919,1.065697,60.015871,0.125852,1.038642,60.020517,-1.867529,0.982979,59.988937,-0.092645,0.983371,59.999804,2.384628,0.997912,60.024137,4.310634,1.012625,60.028547,3.445469,1.050529,60.014669,5.299759,1.064033,60.014567,7.703854,1.026489,60.017088,2.741349,1.039306,60.016389,6.023124,1.028488,59.990351,-9.439777,0.999755,0.999267,0.999929,1.000591,1.000719,1.000463,1.000215,1.000813,-42.764853,0.000000,5.679863,12.790747,4.975052,13.939480,17.924011,-34.825012,288.383297,447.800150,209.391350,467.503357,6.717002,286.592096,294.652499,141.504847,562.436988,245.394482,221.661074,276.382253,200.614467,124.488442,251.663684,184.493662,253.902685,8.239523,988.742731,2.149441,164.790455,75.230425,157.625653,78.812826,137.026846,28.927890,26.868009,92.246831,102.994034,75.767785,-82.574348,42.272334,15.225205,67.617823,24.718568,24.091648,4.119761,223.900075
5.300000,1.046545,59.998642,-7.697710,1.050215,60.011574,-4.579790,1.036910,60.009359,-7.283500,1.014189,60.003563,-8.387602,1.014926,59.999507,-7.656584,1.016899,59.998936,-7.087222,1.007367,59.998571,-9.034574,1.006370,59.998400,-9.484576,1.031496,59.993810,-9.586599,1.025253,60.000971,-4.789262,1.021377,60.000323,-5.569524,1.011180,60.001103,-5.509108,1.023139,60.001884,-5.356263,1.021604,60.004205,-6.664408,1.026022,60.010218,-6.578381,1.040748,60.012893,-5.149995,1.042869,60.012185,-6.174351,1.039533,60.011083,-6.974083,1.054638,60.019912,-0.355767,0.995328,60.022787,-1.160748,1.040578,60.013032,-3.026663,1.055565,60.013352,0.907433,1.050963,60.013289,0.733640,1.045708,60.012883,-5.044109,1.059341,60.012860,-3.440368,1.063240,60.014026,-4.815447,1.049086,60.013135,-6.452048,1.065946,60.016294,-2.120242,1.065704,60.017028,0.165626,1.038421,60.017553,-1.812798,0.983048,59.989226,-0.250950,0.983342,59.999572,2.302324,0.997738,60.022577,4.397755,1.012504,60.026822,3.563633,1.050167,60.013793,5.321717,1.063712,60.013722,7.725213,1.026383,60.015412,2.777149,1.039414,60.018558,6.071186,1.028428,59.990724,-9.587411,0.999764,0.999289,0.999929,1.000554,1.000691,1.000422,1.000308,1.000690,-42.556451,0.000000,5.961471,13.350781,5.592380,14.443216,18.349586,-34.187701,288.383297,447.800150,209.391350,467.503357,6.717002,286.592096,294.652499,141.504847,562.436988,245.394482,221.661074,276.382253,200.614467,124.488442,251.663684,184.493662,253.902685,8.239523,988.742731,2.149441,164.790455,75.230425,157.625653,78.812826,137.026846,28.927890,26.868009,92.246831,102.994035,75.767785,-82.574348,42.272334,15.225205,67.617823,24.718568,24.091648,4.119761,223.900075
5.320000,1.046310,59.998193,-7.783029,1.049920,60.009784,-4.577964,1.036617,60.008023,-7.295599,1.013987,60.002798,-8.438913,1.014791,59.999109,-7.735479,1.016774,59.998595,-7.169977,1.007237,59.998235,-9.119935,1.006239,59.998074,-9.571124,1.031397,59.993916,-9.704247,1.025112,60.000525,-4.857825,1.021238,59.999910,-5.642609,1.011028,60.000632,-5.576832,1.022982,60.001358,-5.418607,1.021400,60.003473,-6.710949,1.025703,60.009102,-6.583307,1.040398,60.011638,-5.136265,1.042544,60.010999,-6.165410,1.039217,60.009833,-6.973375,1.054334,60.018211,-0.293459,0.995076,60.020888,-1.078611,1.040193,60.011815,-3.011763,1.055155,60.012208,0.924972,1.050561,60.012140,0.750700,1.045350,60.011629,-5.030447,1.059153,60.011273,-3.428363,1.062991,60.013376,-4.790823,1.048796,60.012214,-6.435066,1.065748,60.016794,-2.074093,1.065537,60.017962,0.219019,1.038167,60.014317,-1.774385,0.983075,59.989730,-0.399914,0.983271,59.999379,2.224807,0.997511,60.020716,4.478550,1.012340,60.024739,3.674028,1.049733,60.012734,5.342817,1.063320,60.012696,7.745946,1.026240,60.013520,2.806169,1.039341,60.020488,6.140091,1.028362,59.991125,-9.725952,0.999775,0.999326,0.999933,1.000510,1.000652,1.000374,1.000397,1.000556,-42.356395,0.000000,6.231170,13.880573,6.182375,14.914826,18.801757,-33.618738,288.383297,447.800150,209.391350,467.503357,6.717002,286.592096,294.652499,141.504847,562.436988,245.394482,221.661074,276.382253,200.614467,124.488442,251.663684,184.493662,253.902685,8.239523,988.742731,2.149441,164.790455,75.230425,157.625653,78.812826,137.026846,28.927890,26.868009,92.246831,102.994035,75.767785,-82.574348,42.272334,15.225205,67.617823,24.718568,24.091648,4.119761,223.900075
5.340000,1.046063,59.997701,-7.864654,1.049578,60.007840,-4.582611,1.036271,60.006570,-7.310730,1.013732,60.001997,-8.488772,1.014606,59.998727,-7.810043,1.016600,59.998281,-7.247941,1.007060,59.997923,-9.200484,1.006061,59.997770,-9.652795,1.031276,59.994046,-9.813901,1.024919,60.000084,-4.922453,1.021048,59.999508,-5.711495,1.010823,60.000162,-5.640818,1.022772,60.000822,-5.477661,1.021139,60.002698,-6.755830,1.025323,60.007864,-6.589702,1.039985,60.010226,-5.125165,1.042151,60.009661,-6.158579,1.038839,60.008444,-6.975176,1.053978,60.016269,-0.237373,0.994779,60.018713,-1.004280,1.039743,60.010439,-2.999226,1.054677,60.010900,0.940653,1.050092,60.010828,0.765868,1.044929,60.010219,-5.019401,1.058919,60.009518,-3.421429,1.062639,60.012535,-4.764619,1.048418,60.011121,-6.418374,1.065391,60.017057,-2.018278,1.065199,60.018643,0.285136,1.037885,60.010863,-1.753162,0.983058,59.990426,-0.537248,0.983158,59.999220,2.153182,0.997235,60.018580,4.551815,1.012137,60.022328,3.775053,1.049232,60.011504,5.362636,1.062862,60.011500,7.765644,1.026063,60.011441,2.827830,1.039091,60.022131,6.228748,1.028292,59.991550,-9.854372,0.999787,0.999377,0.999938,1.000460,1.000604,1.000322,1.000481,1.000414,-42.170399,0.000000,6.483798,14.370955,6.734565,15.345956,19.272163,-33.128374,288.383297,447.800150,209.391350,467.503357,6.717002,286.592096,294.652499,141.504847,562.436988,245.394482,221.661074,276.382253,200.614467,124.488442,251.663684,184.493662,253.902685,8.239523,988.742731,2.149441,164.790455,75.230425,157.625653,78.812826,137.026846,28.927890,26.868009,92.246831,102.994035,75.767785,-82.574348,42.272334,15.225205,67.617823,24.718568,24.091648,4.119761,223.900075
5.360000,1.045808,59.997175,-7.942082,1.049195,60.005773,-4.593929,1.035877,60.005019,-7.328882,1.013426,60.001167,-8.536642,1.014373,59.998361,-7.879389,1.016377,59.997990,-7.320165,1.006836,59.997632,-9.275285,1.005838,59.997486,-9.728667,1.031135,59.994195,-9.914637,1.024676,59.999645,-4.982355,1.020810,59.999114,-5.775342,1.010567,59.999693,-5.700291,1.022511,60.000277,-5.532720,1.020827,60.001888,-6.798557,1.024888,60.006519,-6.597603,1.039516,60.008674,-5.116974,1.041697,60.008186,-6.154112,1.038404,60.006934,-6.979638,1.053576,60.014111,-0.188362,0.994444,60.016293,-0.938835,1.039233,60.008920,-2.989353,1.054139,60.009444,0.954132,1.049563,60.009368,0.778809,1.044452,60.008669,-5.011252,1.058641,60.007623,-3.419879,1.062188,60.011509,-4.737409,1.047956,60.009866,-6.402391,1.064879,60.017067,-1.953803,1.064695,60.019048,0.362822,1.037578,60.007248,-1.749670,0.982997,59.991285,-0.660927,0.983004,59.999087,2.088429,0.996914,60.016199,4.616479,1.011901,60.019622,3.865265,1.048672,60.010115,5.380771,1.062344,60.010148,7.783915,1.025853,60.009208,2.841708,1.038666,60.023447,6.335682,1.028218,59.991995,-9.971746,0.999800,0.999440,0.999946,1.000404,1.000547,1.000267,1.000556,1.000267,-42.003659,0.000000,6.714635,14.813654,7.239362,15.729218,19.752255,-32.725222,288.383297,447.800150,209.391350,467.503357,6.717002,286.592096,294.652499,141.504847,562.436988,245.394482,221.661074,276.382253,200.614467,124.488442,251.663684,184.493662,253.902685,8.239523,988.742731,2.149441,164.790455,75.230425,157.625653,78.812826,137.026846,28.927890,26.868009,92.246831,102.994035,75.767785,-82.574348,42.272334,15.225205,67.617823,24.718568,24.091648,4.119761,223.900075
5.380000,1.045547,59.996626,-8.014822,1.048775,60.003614,-4.611979,1.035441,60.003389,-7.349985,1.013075,60.000312,-8.582016,1.014095,59.998008,-7.942724,1.016109,59.997719,-7.385803,1.006570,59.997361,-9.343504,1.005574,59.997220,-9.797912,1.030976,59.994361,-10.005634,1.024388,59.999207,-5.036826,1.020525,59.998728,-5.833399,1.010264,59.999223,-5.754560,1.022203,59.999724,-5.583148,1.020468,60.001046,-6.838676,1.024405,60.005082,-6.607024,1.038998,60.007001,-5.111926,1.041188,60.006592,-6.152222,1.037920,60.005321,-6.986859,1.053135,60.011767,-0.147153,0.994077,60.013660,-0.883203,1.038672,60.007277,-2.982399,1.053549,60.007855,0.965104,1.048981,60.007777,0.789226,1.043925,60.006999,-5.006229,1.058324,60.005615,-3.423914,1.061644,60.010308,-4.709793,1.047419,60.008463,-6.387530,1.064219,60.016812,-1.881855,1.064031,60.019157,0.450691,1.037252,60.003534,-1.764100,0.982891,59.992278,-0.769216,0.982810,59.998972,2.031389,0.996556,60.013608,4.671620,1.011637,60.016660,3.943408,1.048060,60.008585,5.396850,1.061773,60.008654,7.800390,1.025613,60.006856,2.847541,1.038073,60.024399,6.459059,1.028142,59.992456,-10.077256,0.999814,0.999514,0.999955,1.000343,1.000482,1.000209,1.000622,1.000116,-41.860760,0.000000,6.919490,15.201431,7.688214,16.058294,20.233444,-32.416108,288.383297,447.800150,209.391350,467.503357,6.717002,286.592096,294.652499,141.504847,562.436988,245.394482,221.661074,276.382253,200.614467,124.488442,251.663684,184.493662,253.902685,8.239523,988.742731,2.149441,164.790455,75.230425,157.625653,78.812826,137.026846,28.927890,26.868009,92.246831,102.994035,75.767785,-82.574348,42.272334,15.225205,67.617823,24.718568,24.091648,4.119761,223.900075
5.400000,1.045285,59.996063,-8.082390,1.048325,60.001393,-4.636672,1.034970,60.001701,-7.373899,1.012684,59.999441,-8.624427,1.013776,59.997666,-7.999354,1.015800,59.997464,-7.444126,1.006265,59.997104,-9.404413,1.005273,59.996969,-9.859807,1.030801,59.994541,-10.086177,1.024058,59.998768,-5.085256,1.020199,59.998346,-5.885021,1.009918,59.998751,-5.803024,1.021854,59.999164,-5.628394,1.020067,60.000179,-6.875776,1.023881,60.003569,-6.617950,1.038439,60.005227,-5.110194,1.040632,60.004898,-6.153074,1.037392,60.003625,-6.996883,1.052663,60.009268,-0.114342,0.993685,60.010851,-0.838148,1.038069,60.005528,-2.978566,1.052915,60.006152,0.973309,1.048355,60.006074,0.796870,1.043357,60.005226,-5.004508,1.057972,60.003521,-3.433615,1.061016,60.008941,-4.682382,1.046812,60.006927,-6.374183,1.063421,60.016284,-1.803772,1.063218,60.018956,0.547151,1.036911,59.999780,-1.796289,0.982743,59.993373,-0.860682,0.982579,59.998866,1.982765,0.996166,60.010840,4.716483,1.011352,60.013482,4.008424,1.047407,60.006931,5.410541,1.061159,60.007037,7.814740,1.025347,60.004419,2.845230,1.037321,60.024958,6.596731,1.028063,59.992929,-10.170196,0.999828,0.999596,0.999965,1.000278,1.000410,1.000149,1.000678,0.999965,-41.745584,0.000000,7.094762,15.528186,8.073739,16.328034,20.707248,-32.205971,288.383297,447.800150,209.391350,467.503357,6.717002,286.592096,294.652499,141.504847,562.436988,245.394482,221.661074,276.382253,200.614467,124.488442,251.663684,184.493662,253.902685,8.239523,988.742731,2.149441,164.790455,75.230425,157.625653,78.812826,137.026846,28.927890,26.868009,92.246831,102.994035,75.767785,-82.574348,42.272334,15.225205,67.617823,24.718568,24.091648,4.119761,223.900075
5.420000,1.045025,59.995495,-8.144319,1.047852,59.999145,-4.667774,1.034470,59.999977,-7.400422,1.012258,59.998558,-8.663448,1.013420,59.997331,-8.048695,1.015454,59.997219,-7.494520,1.005925,59.996859,-9.457395,1.004938,59.996729,-9.913739,1.030612,59.994729,-10.155666,1.023690,59.998326,-5.127138,1.019836,59.997966,-5.929663,1.009534,59.998276,-5.845176,1.021467,59.998597,-5.667988,1.019631,59.999293,-6.909490,1.023325,60.001995,-6.630333,1.037849,60.003372,-5.111893,1.040037,60.003124,-6.156776,1.036830,60.001866,-7.009697,1.052168,60.006646,-0.090378,0.993275,60.007901,-0.804253,1.037431,60.003695,-2.977995,1.052246,60.004357,0.978545,1.047694,60.004279,0.801545,1.042756,60.003374,-5.006200,1.057591,60.001371,-3.448944,1.060312,60.007423,-4.655783,1.046146,60.005273,-6.362717,1.062497,60.015480,-1.721012,1.062268,60.018435,0.650445,1.036560,59.996048,-1.845723,0.982553,59.994538,-0.934209,0.982314,59.998761,1.943105,0.995750,60.007933,4.750491,1.011051,60.010132,4.059478,1.046721,60.005173,5.421563,1.060511,60.005314,7.826679,1.025058,60.001931,2.834844,1.036421,60.025098,6.746274,1.027984,59.993409,-10.249976,0.999843,0.999685,0.999976,1.000210,1.000333,1.000088,1.000722,0.999816,-41.661252,0.000000,7.237502,15.789049,8.389827,16.534515,21.165438,-32.097793,288.383297,447.800150,209.391350,467.503357,6.717002,286.592096,294.652499,141.504847,562.436988,245.394482,221.661074,276.382253,200.614467,124.488442,251.663684,184.493662,253.902685,8.239523,988.742731,2.149441,164.790455,75.230425,157.625653,78.812826,137.026846,28.927890,26.868009,92.246831,102.994035,75.767785,-82.574348,42.272334,15.225205,67.617823,24.718568,24.091648,4.119761,223.900075
5.440000,1.044771,59.994935,-8.200154,1.047360,59.996902,-4.704905,1.033948,59.998238,-7.429282,1.011804,59.997670,-8.698698,1.013033,59.997001,-8.090269,1.015076,59.996979,-7.536496,1.005554,59.996622,-9.501953,1.004574,59.996497,-9.959209,1.030412,59.994924,-10.213614,1.023290,59.997881,-5.162062,1.019441,59.997585,-5.966893,1.009117,59.997798,-5.880609,1.021047,59.998022,-5.701547,1.019164,59.998393,-6.939499,1.022744,60.000379,-6.644094,1.037234,60.001459,-5.117069,1.039412,60.001290,-6.163380,1.036240,60.000065,-7.025222,1.051658,60.003935,-0.075559,0.992854,60.004851,-0.781918,1.036769,60.001799,-2.980765,1.051553,60.002489,0.980670,1.047009,60.002413,0.803119,1.042131,60.001463,-5.011353,1.057185,59.999194,-3.469735,1.059543,60.005769,-4.630579,1.045430,60.003522,-6.353454,1.061460,60.014402,-1.635126,1.061194,60.017590,0.758684,1.036203,59.992397,-1.911543,0.982325,59.995742,-0.989001,0.982016,59.998648,1.912812,0.995316,60.004927,4.773254,1.010741,60.006653,4.095960,1.046011,60.003332,5.429692,1.059836,60.003507,7.835978,1.024749,59.999428,2.816613,1.035388,60.024806,6.905041,1.027905,59.993894,-10.316121,0.999858,0.999779,0.999987,1.000140,1.000250,1.000027,1.000752,0.999672,-41.610067,0.000000,7.345452,15.980440,8.631723,16.675084,21.600177,-32.092576,288.383297,447.800150,209.391350,467.503357,6.717002,286.592096,294.652499,141.504847,562.436988,245.394482,221.661074,276.382253,200.614467,124.488442,251.663684,184.493662,253.902685,8.239523,988.742731,2.149441,164.790455,75.230425,157.625653,78.812826,137.026846,28.927890,26.868009,92.246831,102.994035,75.767785,-82.574348,42.272334,15.225205,67.617823,24.718568,24.091648,4.119761,223.900075
5.460000,1.044525,59.994390,-8.249461,1.046858,59.994696,-4.747542,1.033411,59.996507,-7.460142,1.011326,59.996784,-8.729838,1.012620,59.996673,-8.123713,1.014670,59.996741,-7.569688,1.005158,59.996387,-9.537706,1.004185,59.996268,-9.995835,1.030203,59.995120,-10.259654,1.022863,59.997429,-5.189726,1.019019,59.997200,-5.996385,1.008673,59.997314,-5.909010,1.020601,59.997440,-5.728777,1.018673,59.997485,-6.965528,1.022146,59.998737,-6.659118,1.036604,59.999509,-5.125697,1.038765,59.999419,-6.172871,1.035631,59.998245,-7.043314,1.051141,60.001169,-0.070026,0.992431,60.001739,-0.771347,1.036092,59.999862,-2.986884,1.050845,60.000571,0.979607,1.046308,60.000498,0.801525,1.041491,59.999516,-5.019940,1.056760,59.997020,-3.495704,1.058719,60.003999,-4.607320,1.044674,60.001692,-6.346668,1.060325,60.013057,-1.547712,1.060014,60.016425,0.869893,1.035845,59.988883,-1.992563,0.982059,59.996951,-1.024585,0.981691,59.998518,1.892131,0.994872,60.001859,4.784573,1.010429,60.003093,4.117502,1.045288,60.001429,5.434772,1.059145,60.001636,7.842467,1.024424,59.996944,2.790924,1.034238,60.024072,7.070215,1.027827,59.994379,-10.368275,0.999873,0.999875,0.999998,1.000068,1.000164,0.999967,1.000770,0.999535,-41.593484,0.000000,7.417070,16.100103,8.796083,16.748371,22.004146,-32.189354,288.383297,447.800150,209.391350,467.503357,6.717002,286.592096,294.652499,141.504847,562.436988,245.394482,221.661074,276.382253,200.614467,124.488442,251.663684,184.493662,253.902685,8.239523,988.742731,2.149441,164.790455,75.230425,157.625653,78.812826,137.026846,28.927890,26.868009,92.246831,102.994034,75.767785,-82.574348,42.272334,15.225205,67.617823,24.718568,24.091648,4.119761,223.900075
5.480000,1.044290,59.993871,-8.291824,1.046351,59.992556,-4.795027,1.032866,59.994803,-7.492601,1.010832,59.995905,-8.756577,1.012184,59.996343,-8.148774,1.014241,59.996500,-7.593855,1.004742,59.996153,-9.564393,1.003777,59.996040,-10.023351,1.029988,59.995315,-10.293532,1.022413,59.996969,-5.209926,1.018574,59.996808,-6.017924,1.008207,59.996825,-5.930168,1.020134,59.996853,-5.749466,1.018166,59.996575,-6.987352,1.021540,59.997088,-6.675251,1.035968,59.997547,-5.137681,1.038106,59.997532,-6.185164,1.035012,59.996426,-7.063762,1.050625,59.998384,-0.073758,0.992011,59.998604,-0.772553,1.035409,59.997908,-2.996289,1.050132,59.998626,0.975354,1.045600,59.998557,0.796765,1.040844,59.997556,-5.031867,1.056320,59.994878,-3.526444,1.057853,60.002133,-4.586496,1.043889,59.999806,-6.342566,1.059112,60.011457,-1.460385,1.058745,60.014947,0.982052,1.035492,59.985562,-2.087292,0.981759,59.998135,-1.040806,0.981341,59.998363,1.881160,0.994422,59.998771,4.784445,1.010121,59.999497,4.123975,1.044562,59.999487,5.436714,1.058447,59.999725,7.846042,1.024087,59.994510,2.758309,1.032988,60.022896,7.238865,1.027751,59.994860,-10.406198,0.999888,0.999972,1.000009,0.999997,1.000076,0.999909,1.000773,0.999407,-41.612099,0.000000,7.451549,16.147117,8.880998,16.754283,22.370665,-32.385239,288.383297,447.800150,209.391350,467.503357,6.717002,286.592096,294.652499,141.504847,562.436988,245.394482,221.661074,276.382253,200.614467,124.488442,251.663684,184.493662,253.902685,8.239523,988.742731,2.149441,164.790455,75.230425,157.625653,78.812826,137.026846,28.927890,26.868009,92.246831,102.994034,75.767785,-82.574348,42.272334,15.225205,67.617823,24.718568,24.091648,4.119761,223.900075
5.500000,1.044069,59.993388,-8.326855,1.045846,59.990514,-4.846578,1.032321,59.993149,-7.526200,1.010328,59.995040,-8.778666,1.011733,59.996009,-8.165311,1.013794,59.996251,-7.608878,1.004309,59.995914,-9.581872,1.003353,59.995809,-10.041609,1.029769,59.995505,-10.315113,1.021947,59.996500,-5.222561,1.018114,59.996409,-6.031402,1.007724,59.996328,-5.943966,1.019652,59.996261,-5.763492,1.017647,59.995671,-7.004788,1.020933,59.995450,-6.692302,1.035335,59.995594,-5.152848,1.037443,59.995652,-6.200108,1.034390,59.994632,-7.086290,1.050117,59.995615,-0.086578,0.991602,59.995488,-0.785351,1.034729,59.995958,-3.008841,1.049423,59.996676,0.967977,1.044897,59.996612,0.788915,1.040201,59.995605,-5.046960,1.055872,59.992796,-3.561436,1.056958,60.000194,-4.568535,1.043086,59.997888,-6.341287,1.057838,60.009620,-1.374741,1.057409,60.013172,1.093142,1.035148,59.982481,-2.193965,0.981427,59.999263,-1.037823,0.980972,59.998176,1.879849,0.993976,59.995701,4.773055,1.009822,59.995912,4.115497,1.043842,59.997528,5.435502,1.057752,59.997794,7.846669,1.023742,59.992158,2.719439,1.031661,60.021286,7.408006,1.027678,59.995335,-10.429770,0.999904,1.000067,1.000018,0.999926,0.999987,0.999853,1.000761,0.999291,-41.665650,0.000000,7.448809,16.121884,8.886003,16.693970,22.693799,-32.675510,288.383297,447.800150,209.391350,467.503357,6.717002,286.592096,294.652499,141.504847,562.436988,245.394482,221.661074,276.382253,200.614467,124.488442,251.663684,184.493662,253.902685,8.239523,988.742731,2.149441,164.790455,75.230425,157.625653,78.812826,137.026846,28.927890,26.868009,92.246831,102.994034,75.767785,-82.574348,42.272334,15.225205,67.617823,24.718568,24.091648,4.119761,223.900075
5.520000,1.043864,59.992947,-8.354193,1.045350,59.988596,-4.901303,1.031782,59.991564,-7.560422,1.009819,59.994196,-8.795906,1.011270,59.995669,-8.173288,1.013336,59.995990,-7.614756,1.003866,59.995668,-9.590113,1.002920,59.995571,-10.050569,1.029548,59.995686,-10.324375,1.021470,59.996021,-5.227629,1.017642,59.995999,-6.036816,1.007231,59.995825,-5.950380,1.019161,59.995665,-5.770813,1.017125,59.994778,-7.017703,1.020335,59.993841,-6.710041,1.034713,59.993674,-5.170953,1.036786,59.993802,-6.217479,1.033774,59.992883,-7.110557,1.049625,59.992894,-0.108152,0.991210,59.992428,-0.809370,1.034061,59.994036,-3.024333,1.048727,59.994744,0.957616,1.044206,59.994686,0.778122,1.039569,59.993687,-5.064977,1.055422,59.990801,-3.600057,1.056047,59.998206,-4.553782,1.042278,59.995959,-6.342893,1.056525,60.007568,-1.292317,1.056028,60.011121,1.201181,1.034817,59.979684,-2.310578,0.981067,60.000307,-1.016095,0.980586,59.997950,1.888004,0.993538,59.992686,4.750775,1.009539,59.992383,4.092421,1.043137,59.995576,5.431194,1.057068,59.995866,7.844383,1.023393,59.989917,2.675104,1.030279,60.019259,7.574656,1.027608,59.995799,-10.438983,0.999919,1.000159,1.000026,0.999857,0.999898,0.999800,1.000735,0.999187,-41.753036,0.000000,7.409489,16.026093,8.812049,16.569778,22.968445,-33.053730,288.383297,447.800150,209.391350,467.503357,6.717002,286.592096,294.652499,141.504847,562.436988,245.394482,221.661074,276.382253,200.614467,124.488442,251.663684,184.493662,253.902685,8.239523,988.742731,2.149441,164.790455,75.230425,157.625653,78.812826,137.026846,28.927890,26.868009,92.246831,102.994034,75.767785,-82.574348,42.272334,15.225205,67.617823,24.718568,24.091648,4.119761,223.900075
5.540000,1.043678,59.992556,-8.373513,1.044869,59.986826,-4.958217,1.031256,59.990065,-7.594710,1.009313,59.993378,-8.808141,1.010802,59.995322,-8.172775,1.012870,59.995715,-7.611605,1.003417,59.995412,-9.589200,1.002482,59.995326,-10.050303,1.029329,59.995857,-10.321408,1.020988,59.995532,-5.225221,1.017164,59.995577,-6.034262,1.006733,59.995315,-5.949478,1.018666,59.995066,-5.771469,1.016604,59.993902,-7.026003,1.019752,59.992277,-6.728204,1.034111,59.991808,-5.191683,1.036144,59.992003,-6.236984,1.033174,59.991200,-7.136162,1.049156,59.990254,-0.137999,0.990841,59.989461,-0.844054,1.033416,59.992163,-3.042484,1.048055,59.992852,0.944482,1.043538,59.992801,0.764602,1.038957,59.991823,-5.085603,1.054975,59.988916,-3.641590,1.055135,59.996194,-4.542494,1.041476,59.994045,-6.347365,1.055196,60.005327,-1.214564,1.054625,60.008818,1.304271,1.034503,59.977209,-2.434928,0.980681,60.001239,-0.976371,0.980189,59.997678,1.905300,0.993115,59.989764,4.718154,1.009275,59.988954,4.055333,1.042458,59.993652,5.423915,1.056406,59.993963,7.839285,1.023045,59.987812,2.626200,1.028866,60.016837,7.735889,1.027542,59.996249,-10.433944,0.999933,1.000244,1.000032,0.999791,0.999810,0.999750,1.000695,0.999098,-41.872360,0.000000,7.334918,15.862654,8.661461,16.385170,23.190406,-33.511895,288.383297,447.800150,209.391350,467.503357,6.717002,286.592096,294.652499,141.504847,562.436988,245.394482,221.661074,276.382253,200.614467,124.488442,251.663684,184.493662,253.902685,8.239523,988.742731,2.149441,164.790455,75.230425,157.625653,78.812826,137.026846,28.927890,26.868009,92.246831,102.994034,75.767785,-82.574348,42.272334,15.225205,67.617823,24.718568,24.091648,4.119761,223.900075
5.560000,1.043511,59.992222,-8.384530,1.044411,59.985226,-5.016258,1.030751,59.988670,-7.628463,1.008814,59.992591,-8.815264,1.010334,59.994965,-8.163944,1.012403,59.995422,-7.599650,1.002967,59.995143,-9.579321,1.002044,59.995070,-10.040987,1.029113,59.996014,-10.306406,1.020507,59.995032,-5.215519,1.016687,59.995143,-6.023935,1.006237,59.994798,-5.941416,1.018174,59.994467,-5.765575,1.016093,59.993050,-7.029642,1.019193,59.990775,-6.746494,1.033537,59.990017,-5.214657,1.035527,59.990275,-6.258269,1.032596,59.989602,-7.162650,1.048717,59.987727,-0.175499,0.990502,59.986622,-0.888676,1.032801,59.990361,-3.062949,1.047416,59.991020,0.928849,1.042901,59.990977,0.748637,1.038373,59.990034,-5.108460,1.054538,59.987165,-3.685239,1.054237,59.994184,-4.534835,1.040693,59.992168,-6.354600,1.053873,60.002926,-1.142818,1.053226,60.006293,1.400628,1.034212,59.975088,-2.564657,0.980272,60.002035,-0.919670,0.979785,59.997356,1.931280,0.992714,59.986967,4.675902,1.009037,59.985667,4.005036,1.041814,59.991778,5.413860,1.055774,59.992105,7.831541,1.022701,59.985866,2.573708,1.027448,60.014052,7.888893,1.027481,59.996684,-10.414868,0.999947,1.000323,1.000036,0.999727,0.999724,0.999705,1.000640,0.999025,-42.020974,0.000000,7.227074,15.635627,8.437865,16.144643,23.356444,-34.040607,288.383297,447.800150,209.391350,467.503357,6.717002,286.592096,294.652499,141.504847,562.436988,245.394482,221.661074,276.382253,200.614467,124.488442,251.663684,184.493662,253.902685,8.239523,988.742731,2.149441,164.790455,75.230425,157.625653,78.812826,137.026846,28.927890,26.868009,92.246831,102.994034,75.767785,-82.574348,42.272334,15.225205,67.617823,24.718568,24.091648,4.119761,223.900075
5.580000,1.043367,59.991950,-8.387003,1.043981,59.983813,-5.074309,1.030274,59.987394,-7.661060,1.008331,59.991842,-8.817212,1.009871,59.994597,-8.147059,1.011940,59.995109,-7.579221,1.002523,59.994861,-9.560764,1.001612,59.994802,-10.022896,1.028903,59.996155,-10.279670,1.020032,59.994522,-5.198790,1.016216,59.994696,-6.006121,1.005749,59.994275,-5.926430,1.017690,59.993868,-5.753322,1.015597,59.992227,-7.028616,1.018666,59.989350,-6.764584,1.032999,59.988321,-5.239435,1.034944,59.988639,-6.280921,1.032051,59.988106,-7.189521,1.048313,59.985340,-0.219905,0.990196,59.983946,-0.942350,1.032226,59.988648,-3.085324,1.046818,59.989269,0.911053,1.042305,59.989234,0.730565,1.037827,59.988340,-5.133108,1.054118,59.985567,-3.730145,1.053368,59.992201,-4.530868,1.039943,59.990351,-6.364416,1.052581,60.000398,-1.078275,1.051855,60.003581,1.488617,1.033947,59.973344,-2.697300,0.979846,60.002673,-0.847264,0.979381,59.996980,1.965372,0.992340,59.984328,4.624879,1.008827,59.982561,3.942539,1.041213,59.989973,5.401282,1.055181,59.990312,7.821375,1.022368,59.984099,2.518676,1.026050,60.010938,8.031017,1.027426,59.997099,-10.382077,0.999961,1.000392,1.000038,0.999668,0.999642,0.999665,1.000573,0.998969,-42.195553,0.000000,7.088538,15.350120,8.146104,15.853620,23.464321,-34.629275,288.383297,447.800150,209.391350,467.503357,6.717002,286.592096,294.652499,141.504847,562.436988,245.394482,221.661074,276.382253,200.614467,124.488442,251.663684,184.493662,253.902685,8.239523,988.742731,2.149441,164.790455,75.230425,157.625653,78.812826,137.026846,28.927890,26.868009,92.246831,102.994034,75.767785,-82.574348,42.272334,15.225205,67.617823,24.718568,24.091648,4.119761,223.900075
5.600000,1.043246,59.991743,-8.380746,1.043587,59.982604,-5.131223,1.029832,59.986249,-7.691862,1.007869,59.991134,-8.813971,1.009420,59.994217,-8.122475,1.011487,59.994774,-7.550743,1.002090,59.994562,-9.533912,1.001191,59.994520,-9.996395,1.028703,59.996279,-10.241596,1.019571,59.994001,-5.175382,1.015757,59.994234,-5.981190,1.005275,59.993747,-5.904835,1.017223,59.993271,-5.734971,1.015123,59.991438,-7.022964,1.018178,59.988017,-6.782129,1.032506,59.986738,-5.265527,1.034403,59.987111,-6.304475,1.031546,59.986729,-7.216237,1.047952,59.983120,-0.270360,0.989929,59.981460,-1.004052,1.031699,59.987043,-3.109155,1.046271,59.987616,0.891479,1.041759,59.987589,0.710779,1.037326,59.986757,-5.159060,1.053720,59.984139,-3.775401,1.052544,59.990269,-4.530564,1.039238,59.988617,-6.376555,1.051344,59.997777,-1.021973,1.050540,60.000717,1.566775,1.033713,59.971994,-2.830332,0.979405,60.003133,-0.760654,0.978980,59.996546,2.006898,0.991999,59.981874,4.566073,1.008652,59.979671,3.869031,1.040666,59.988254,5.386488,1.054636,59.988601,7.809062,1.022050,59.982528,2.462196,1.024701,60.007539,8.159814,1.027377,59.997492,-10.335992,0.999974,1.000451,1.000037,0.999613,0.999565,0.999629,1.000494,0.998930,-42.392167,0.000000,6.922430,15.012176,7.792121,15.518329,23.512808,-35.266329,288.383297,447.800150,209.391350,467.503357,6.717002,286.592096,294.652499,141.504847,562.436988,245.394482,221.661074,276.382253,200.614467,124.488442,251.663684,184.493662,253.902685,8.239523,988.742731,2.149441,164.790455,75.230425,157.625653,78.812826,137.026846,28.927890,26.868009,92.246831,102.994034,75.767785,-82.574348,42.272334,15.225205,67.617823,24.718568,24.091648,4.119761,223.900075
5.620000,1.043151,59.991603,-8.365626,1.043234,59.981607,-5.185844,1.029431,59.985245,-7.720229,1.007435,59.990472,-8.805572,1.008988,59.993826,-8.090629,1.011050,59.994415,-7.514734,1.001674,59.994247,-9.499236,1.000787,59.994224,-9.961938,1.028514,59.996383,-10.192672,1.019129,59.993471,-5.145717,1.015318,59.993760,-5.949593,1.004823,59.993214,-5.877017,1.016778,59.992680,-5.710845,1.014679,59.990689,-7.012765,1.017737,59.986787,-6.798766,1.032065,59.985282,-5.292404,1.033915,59.985707,-6.328430,1.031089,59.985483,-7.242236,1.047639,59.981089,-0.325911,0.989706,59.979193,-1.072631,1.031228,59.985561,-3.133948,1.045783,59.986076,0.870555,1.041272,59.986060,0.689709,1.036878,59.985303,-5.185788,1.053353,59.982894,-3.820071,1.051781,59.988411,-4.533799,1.038590,59.986983,-6.390689,1.050186,59.995097,-0.974780,1.049305,59.997741,1.633836,1.033513,59.971049,-2.961217,0.978956,60.003400,-0.661542,0.978589,59.996053,2.055084,0.991695,59.979631,4.500583,1.008513,59.977029,3.785865,1.040179,59.986640,5.369829,1.054148,59.986990,7.794918,1.021752,59.981166,2.405385,1.023427,60.003901,8.273082,1.027334,59.997862,-10.277131,0.999986,1.000498,1.000034,0.999563,0.999493,0.999598,1.000404,0.998908,-42.606375,0.000000,6.732341,14.628646,7.382837,15.145681,23.501686,-35.939448,288.383297,447.800150,209.391350,467.503357,6.717002,286.592096,294.652499,141.504847,562.436988,245.394482,221.661074,276.382253,200.614467,124.488442,251.663684,184.493662,253.902685,8.239523,988.742731,2.149441,164.790455,75.230425,157.625653,78.812826,137.026846,28.927890,26.868009,92.246831,102.994034,75.767785,-82.574348,42.272334,15.225205,67.617823,24.718568,24.091648,4.119761,223.900075
5.640000,1.043083,59.991533,-8.341579,1.042931,59.980831,-5.237030,1.029079,59.984391,-7.745534,1.007037,59.989860,-8.792097,1.008580,59.993422,-8.052035,1.010637,59.994033,-7.471792,1.001281,59.993915,-9.457283,1.000407,59.993913,-9.920056,1.028339,59.996466,-10.133473,1.018714,59.992933,-5.110284,1.014904,59.993272,-5.911851,1.004398,59.992678,-5.843431,1.016362,59.992094,-5.681329,1.014272,59.989984,-6.998144,1.017350,59.985672,-6.814125,1.031685,59.983969,-5.319506,1.033487,59.984442,-6.352255,1.030689,59.984380,-7.266945,1.047379,59.979268,-0.385529,0.989531,59.977167,-1.146840,1.030822,59.984217,-3.159177,1.045362,59.984665,0.848739,1.040850,59.984659,0.667819,1.036491,59.983991,-5.212734,1.053023,59.981843,-3.863213,1.051093,59.986650,-4.540364,1.038013,59.985469,-6.406435,1.049131,59.992394,-0.937382,1.048177,59.994693,1.688745,1.033352,59.970510,-3.087458,0.978504,60.003461,-0.551809,0.978215,59.995500,2.109073,0.991434,59.977620,4.429598,1.008414,59.974664,3.694530,1.039761,59.985143,5.351689,1.053725,59.985491,7.779292,1.021480,59.980021,2.349360,1.022253,60.000074,8.368896,1.027298,59.998206,-10.206104,0.999997,1.000533,1.000027,0.999519,0.999427,0.999573,1.000304,0.998904,-42.833319,0.000000,6.522255,14.207051,6.926008,14.743124,23.431725,-36.635808,288.383297,447.800150,209.391350,467.503357,6.717002,286.592096,294.652499,141.504847,562.436988,245.394482,221.661074,276.382253,200.614467,124.488442,251.663684,184.493662,253.902685,8.239523,988.742731,2.149441,164.790455,75.230425,157.625653,78.812826,137.026846,28.927890,26.868009,92.246831,102.994034,75.767785,-82.574348,42.272334,15.225205,67.617823,24.718568,24.091648,4.119761,223.900075
5.660000,1.043043,59.991531,-8.308607,1.042682,59.980278,-5.283679,1.028782,59.983690,-7.767177,1.006680,59.989300,-8.773674,1.008204,59.993007,-8.007276,1.010254,59.993627,-7.422584,1.000919,59.993566,-9.408674,1.000057,59.993589,-9.871351,1.028182,59.996526,-10.064651,1.018333,59.992388,-5.069633,1.014523,59.992772,-5.868551,1.004009,59.992140,-5.804588,1.015983,59.991518,-5.646865,1.013908,59.989326,-6.979266,1.017025,59.984680,-6.827838,1.031371,59.982808,-5.346259,1.033129,59.983325,-6.375406,1.030353,59.983429,-7.289790,1.047177,59.977672,-0.448130,0.989407,59.975401,-1.225353,1.030488,59.983021,-3.184301,1.045017,59.983394,0.826511,1.040504,59.983398,0.645591,1.036173,59.982831,-5.239324,1.052737,59.980993,-3.903897,1.050495,59.985004,-4.549977,1.037517,59.984090,-6.423361,1.048201,59.989704,-0.910280,1.047179,59.991614,1.730667,1.033233,59.970373,-3.206645,0.978056,60.003307,-0.433476,0.977862,59.994889,2.167939,0.991220,59.975858,4.354370,1.008358,59.972598,3.596622,1.039421,59.983777,5.332478,1.053374,59.984117,7.762555,1.021238,59.979099,2.295220,1.021204,59.996110,8.445636,1.027270,59.998521,-10.123602,1.000007,1.000555,1.000018,0.999481,0.999369,0.999553,1.000197,0.998918,-43.067835,0.000000,6.296470,13.755432,6.430074,14.318502,23.304646,-37.342319,288.383297,447.800150,209.391350,467.503357,6.717002,286.592096,294.652499,141.504847,562.436988,245.394482,221.661074,276.382253,200.614467,124.488442,251.663684,184.493662,253.902685,8.239523,988.742731,2.149441,164.790455,75.230425,157.625653,78.812826,137.026846,28.927890,26.868009,92.246831,102.994034,75.767785,-82.574348,42.272334,15.225205,67.617823,24.718568,24.091648,4.119761,223.900075
5.680000,1.043033,59.991596,-8.266786,1.042493,59.979946,-5.324752,1.028547,59.983146,-7.784598,1.006373,59.988794,-8.750480,1.007867,59.992581,-7.956995,1.009908,59.993198,-7.367845,1.000593,59.993201,-9.354089,0.999743,59.993250,-9.816485,1.028045,59.996564,-9.986933,1.017993,59.991838,-5.024366,1.014183,59.992263,-5.820334,1.003664,59.991603,-5.761053,1.015648,59.990953,-5.607943,1.013595,59.988719,-6.956335,1.016767,59.983818,-6.839550,1.031132,59.981809,-5.372083,1.032848,59.982365,-6.397333,1.030089,59.982636,-7.310214,1.047037,59.976315,-0.512592,0.989338,59.973910,-1.306788,1.030234,59.981982,-3.208772,1.044755,59.982272,0.804358,1.040239,59.982287,0.623515,1.035930,59.981833,-5.264982,1.052501,59.980347,-3.941225,1.050000,59.983491,-4.562291,1.037114,59.982858,-6.441000,1.047416,59.987061,-0.893795,1.046333,59.988543,1.758996,1.033159,59.970625,-3.316497,0.977620,60.002935,-0.308673,0.977538,59.994220,2.230706,0.991057,59.974359,4.276197,1.008348,59.970849,3.493819,1.039165,59.982551,5.312617,1.053104,59.982879,7.745091,1.021033,59.978404,2.244022,1.020304,59.992066,8.502007,1.027250,59.998808,-10.030399,1.000017,1.000563,1.000005,0.999449,0.999318,0.999538,1.000082,0.998948,-43.304559,0.000000,6.059501,13.282201,5.903995,13.879906,23.123062,-38.045876,288.383297,447.800150,209.391350,467.503357,6.717002,286.592096,294.652499,141.504847,562.436988,245.394482,221.661074,276.382253,200.614467,124.488442,251.663684,184.493662,253.902685,8.239523,988.742731,2.149441,164.790455,75.230425,157.625653,78.812826,137.026846,28.927890,26.868009,92.246831,102.994034,75.767785,-82.574348,42.272334,15.225205,67.617823,24.718568,24.091648,4.119761,223.900075
5.700000,1.043054,59.991724,-8.216273,1.042371,59.979832,-5.359295,1.028381,59.982759,-7.797293,1.006122,59.988344,-8.722740,1.007576,59.992146,-7.901884,1.009607,59.992747,-7.308357,1.000312,59.992821,-9.294264,0.999472,59.992899,-9.756177,1.027932,59.996579,-9.901108,1.017702,59.991286,-4.975132,1.013889,59.991744,-5.767891,1.003368,59.991069,-5.713437,1.015363,59.990401,-5.565094,1.013340,59.988165,-6.929600,1.016585,59.983092,-6.848923,1.030973,59.980978,-5.396409,1.032650,59.981568,-6.417503,1.029904,59.982004,-7.327688,1.046965,59.975205,-0.577779,0.989328,59.972705,-1.389740,1.030065,59.981107,-3.232052,1.044582,59.981307,0.782764,1.040063,59.981332,0.602076,1.035768,59.981002,-5.289142,1.052321,59.979905,-3.974350,1.049620,59.982124,-4.576911,1.036815,59.981783,-6.458871,1.046795,59.984497,-0.888066,1.045657,59.985522,1.773354,1.033133,59.971249,-3.414909,0.977202,60.002343,-0.179604,0.977249,59.993499,2.296354,0.990950,59.973134,4.196395,1.008386,59.969432,3.387847,1.039000,59.981473,5.292530,1.052922,59.981783,7.727286,1.020869,59.977933,2.196766,1.019573,59.987997,8.537054,1.027239,59.999063,-9.927337,1.000025,1.000558,0.999990,0.999424,0.999275,0.999529,0.999963,0.998994,-43.538041,0.000000,5.815997,12.795982,5.357081,13.435526,22.890415,-38.733604,288.383297,447.800150,209.391350,467.503357,6.717002,286.592096,294.652499,141.504847,562.436988,245.394482,221.661074,276.382253,200.614467,124.488442,251.663684,184.493662,253.902685,8.239523,988.742731,2.149441,164.790455,75.230425,157.625653,78.812826,137.026846,28.927890,26.868009,92.246831,102.994034,75.767785,-82.574348,42.272334,15.225205,67.617823,24.718568,24.091648,4.119761,223.900075
5.720000,1.043107,59.991912,-8.157306,1.042319,59.979926,-5.386459,1.028288,59.982526,-7.804824,1.005935,59.987951,-8.690726,1.007338,59.991704,-7.842682,1.009358,59.992277,-7.244947,1.000081,59.992428,-9.229975,0.999252,59.992537,-9.691186,1.027845,59.996571,-9.808024,1.017465,59.990735,-4.922614,1.013651,59.991220,-5.711948,1.003130,59.990539,-5.662389,1.015137,59.989865,-5.518891,1.013150,59.987667,-6.899343,1.016483,59.982503,-6.855650,1.030901,59.980318,-5.418694,1.032544,59.980937,-6.435407,1.029804,59.981534,-7.341724,1.046963,59.974348,-0.642562,0.989377,59.971792,-1.472798,1.029989,59.980399,-3.253624,1.044504,59.980502,0.762197,1.039982,59.980539,0.581745,1.035694,59.980341,-5.311259,1.052204,59.979663,-4.002497,1.049366,59.980916,-4.593407,1.036626,59.980872,-6.476487,1.046354,59.982043,-0.893060,1.045170,59.982588,1.773588,1.033158,59.972221,-3.499989,0.976812,60.001537,-0.048505,0.977002,59.992729,2.363844,0.990901,59.972187,4.116278,1.008473,59.968354,3.280453,1.038930,59.980550,5.272636,1.052832,59.980836,7.709517,1.020751,59.977681,2.154368,1.019027,59.983960,8.550171,1.027238,59.999286,-9.815323,1.000033,1.000539,0.999972,0.999405,0.999241,0.999524,0.999841,0.999054,-43.762858,0.000000,5.570646,12.305453,4.798825,12.993501,22.610895,-39.393087,288.383297,447.800150,209.391350,467.503357,6.717002,286.592096,294.652499,141.504847,562.436988,245.394482,221.661074,276.382253,200.614467,124.488442,251.663684,184.493662,253.902685,8.239523,988.742731,2.149441,164.790455,75.230425,157.625653,78.812826,137.026846,28.927890,26.868009,92.246831,102.994034,75.767785,-82.574348,42.272334,15.225205,67.617823,24.718568,24.091648,4.119761,223.900075
5.740000,1.043194,59.992154,-8.090208,1.042342,59.980217,-5.405522,1.028274,59.982441,-7.806832,1.005816,59.987614,-8.654757,1.007161,59.991256,-7.780156,1.009168,59.991790,-7.178468,0.999908,59.992025,-9.162033,0.999088,59.992167,-9.622309,1.027788,59.996539,-9.708577,1.017292,59.990187,-4.867522,1.013474,59.990694,-5.653260,1.002957,59.990019,-5.608584,1.014976,59.989348,-5.469932,1.013030,59.987226,-6.865888,1.016467,59.982053,-6.859463,1.030918,59.979830,-5.438427,1.032533,59.980472,-6.450575,1.029793,59.981224,-7.351892,1.047034,59.973746,-0.705840,0.989489,59.971173,-1.554577,1.030008,59.979860,-3.273001,1.044527,59.979860,0.743102,1.040000,59.979908,0.562963,1.035711,59.979852,-5.330830,1.052152,59.979614,-4.024979,1.049245,59.979874,-4.611328,1.036556,59.980130,-6.493371,1.046104,59.979728,-0.908583,1.044885,59.979778,1.759765,1.033236,59.973511,-3.570094,0.976459,60.000526,0.082393,0.976802,59.991917,2.432127,0.990914,59.971520,4.037133,1.008611,59.967619,3.173370,1.038962,59.979785,5.253334,1.052841,59.980042,7.692148,1.020683,59.977643,2.117653,1.018683,59.980009,8.541108,1.027246,59.999475,-9.695324,1.000039,1.000507,0.999952,0.999393,0.999215,0.999525,0.999718,0.999128,-43.973729,0.000000,5.328079,11.819195,4.238727,12.561775,22.289346,-40.012600,288.383297,447.800150,209.391350,467.503357,6.717002,286.592096,294.652499,141.504847,562.436988,245.394482,221.661074,276.382253,200.614467,124.488442,251.663684,184.493662,253.902685,8.239523,988.742731,2.149441,164.790455,75.230425,157.625653,78.812826,137.026846,28.927890,26.868009,92.246831,102.994034,75.767785,-82.574348,42.272334,15.225205,67.617823,24.718568,24.091648,4.119761,223.900075
5.760000,1.043314,59.992444,-8.015390,1.042442,59.980689,-5.415902,1.028342,59.982497,-7.803051,1.005772,59.987334,-8.615197,1.007050,59.990807,-7.715100,1.009044,59.991290,-7.109794,0.999799,59.991613,-9.091272,0.998987,59.991791,-9.550367,1.027764,59.996484,-9.603703,1.017186,59.989646,-4.810584,1.013364,59.990168,-5.592601,1.002856,59.989509,-5.552721,1.014886,59.988852,-5.418841,1.012988,59.986842,-6.829592,1.016540,59.981740,-6.860139,1.031030,59.979511,-5.455150,1.032622,59.980171,-6.462589,1.029876,59.981070,-7.357829,1.047180,59.973395,-0.766558,0.989665,59.970845,-1.633738,1.030128,59.979488,-3.289745,1.044653,59.979383,0.725885,1.040121,59.979441,0.546137,1.035824,59.979533,-5.347394,1.052172,59.979750,-4.041214,1.049263,59.979004,-4.630218,1.036609,59.979558,-6.509072,1.046054,59.977578,-0.934286,1.044809,59.977126,1.732166,1.033367,59.975083,-3.623860,0.976152,59.999324,0.210903,0.976656,59.991070,2.500164,0.990989,59.971131,3.960200,1.008800,59.967224,3.068289,1.039097,59.979180,5.235003,1.052952,59.979403,7.675517,1.020667,59.977806,2.087333,1.018548,59.976200,8.509968,1.027265,59.999630,-9.568355,1.000044,1.000462,0.999929,0.999387,0.999199,0.999531,0.999595,0.999212,-44.165617,0.000000,5.092788,11.345539,3.686125,12.147958,21.931175,-40.581309,288.383297,447.800150,209.391350,467.503357,6.717002,286.592096,294.652499,141.504847,562.436988,245.394482,221.661074,276.382253,200.614467,124.488442,251.663684,184.493662,253.902685,8.239523,988.742731,2.149441,164.790455,75.230425,157.625653,78.812826,137.026846,28.927890,26.868009,92.246831,102.994034,75.767785,-82.574348,42.272334,15.225205,67.617823,24.718568,24.091648,4.119761,223.900075
5.780000,1.043468,59.992773,-7.933349,1.042621,59.981327,-5.417173,1.028494,59.982686,-7.793310,1.005808,59.987109,-8.572451,1.007012,59.990360,-7.648319,1.008992,59.990782,-7.039804,0.999760,59.991198,-9.018540,0.998953,59.991411,-9.476199,1.027774,59.996406,-9.494374,1.017155,59.989117,-4.752536,1.013329,59.989648,-5.530751,1.002831,59.989014,-5.495508,1.014873,59.988381,-5.366254,1.013026,59.986516,-6.790845,1.016705,59.981561,-6.857510,1.031237,59.979359,-5.468461,1.032813,59.980030,-6.471094,1.030055,59.981065,-7.359247,1.047403,59.973292,-0.823728,0.989904,59.970803,-1.709015,1.030351,59.979281,-3.303469,1.044885,59.979067,0.710911,1.040348,59.979135,0.531628,1.036034,59.979379,-5.360556,1.052263,59.980058,-4.050734,1.049425,59.978310,-4.649625,1.036788,59.979155,-6.523177,1.046209,59.975616,-0.969684,1.044950,59.974666,1.691272,1.033552,59.976900,-3.660229,0.975898,59.997950,0.334927,0.976568,59.990199,2.566942,0.991129,59.971015,3.886652,1.009040,59.967164,2.966832,1.039339,59.978735,5.217988,1.053167,59.978919,7.659935,1.020707,59.978158,2.064000,1.018631,59.972585,8.457199,1.027295,59.999750,-9.435474,1.000048,1.000407,0.999905,0.999387,0.999191,0.999541,0.999475,0.999307,-44.333838,0.000000,4.869032,10.892426,3.150036,11.759199,21.542246,-41.089468,288.383297,447.800150,209.391350,467.503357,6.717002,286.592096,294.652499,141.504847,562.436988,245.394482,221.661074,276.382253,200.614467,124.488442,251.663684,184.493662,253.902685,8.239523,988.742731,2.149441,164.790455,75.230425,157.625653,78.812826,137.026846,28.927890,26.868009,92.246831,102.994035,75.767785,-82.574348,42.272334,15.225205,67.617823,24.718568,24.091648,4.119761,223.900075
5.800000,1.043656,59.993136,-7.844667,1.042879,59.982109,-5.409074,1.028733,59.982995,-7.777545,1.005927,59.986938,-8.526964,1.007052,59.989918,-7.580619,1.009017,59.990271,-6.969371,0.999795,59.990782,-8.944687,0.998993,59.991032,-9.400648,1.027821,59.996307,-9.381583,1.017203,59.988604,-4.694114,1.013372,59.989138,-5.468489,1.002887,59.988539,-5.437655,1.014940,59.987939,-5.312817,1.013150,59.986249,-6.750063,1.016965,59.981511,-6.851467,1.031542,59.979367,-5.478028,1.033108,59.980042,-6.475805,1.030331,59.981201,-7.355946,1.047701,59.973428,-0.876445,0.990207,59.971036,-1.779236,1.030676,59.979233,-3.313849,1.045223,59.978909,0.698491,1.040681,59.978986,0.519743,1.036343,59.979386,-5.369984,1.052429,59.980524,-4.053202,1.049730,59.977793,-4.669116,1.037095,59.978918,-6.535318,1.046571,59.973864,-1.014158,1.045308,59.972426,1.637756,1.033791,59.978919,-3.678466,0.975707,59.996426,0.452487,0.976544,59.989312,2.631486,0.991334,59.971162,3.817576,1.009331,59.967428,2.870522,1.039687,59.978448,5.202598,1.053489,59.978589,7.645678,1.020803,59.978684,2.048110,1.018932,59.969214,8.383591,1.027337,59.999834,-9.297773,1.000051,1.000340,0.999879,0.999394,0.999193,0.999555,0.999360,0.999410,-44.474148,0.000000,4.660765,10.467270,2.638998,11.402063,21.128777,-41.528581,288.383297,447.800150,209.391350,467.503357,6.717002,286.592096,294.652499,141.504847,562.436988,245.394482,221.661074,276.382253,200.614467,124.488442,251.663684,184.493662,253.902685,8.239523,988.742731,2.149441,164.790455,75.230425,157.625653,78.812826,137.026846,28.927890,26.868009,92.246831,102.994035,75.767785,-82.574348,42.272334,15.225205,67.617823,24.718568,24.091648,4.119761,223.900075
5.820000,1.043877,59.993521,-7.750010,1.043217,59.983016,-5.391514,1.029058,59.983414,-7.755798,1.006131,59.986819,-8.479217,1.007172,59.989487,-7.512802,1.009123,59.989763,-6.899352,0.999908,59.990370,-8.870556,0.999109,59.990657,-9.324554,1.027906,59.996188,-9.266338,1.017333,59.988112,-4.636038,1.013496,59.988643,-5.406578,1.003028,59.988087,-5.379867,1.015091,59.987527,-5.259172,1.013360,59.986039,-6.707691,1.017319,59.981586,-6.841962,1.031943,59.979527,-5.483594,1.033505,59.980199,-6.476516,1.030704,59.981467,-7.347815,1.048075,59.973790,-0.923901,0.990572,59.971530,-1.843340,1.031104,59.979337,-3.320632,1.045668,59.978904,0.688883,1.041119,59.978990,0.510735,1.036749,59.979543,-5.375424,1.052669,59.981132,-4.048413,1.050177,59.977452,-4.688281,1.037527,59.978842,-6.545184,1.047136,59.972340,-1.066975,1.045881,59.970434,1.572470,1.034081,59.981095,-3.678177,0.975586,59.994780,0.561767,0.976587,59.988421,2.692878,0.991603,59.971562,3.753960,1.009672,59.967999,2.780757,1.040140,59.978317,5.189101,1.053915,59.978410,7.632983,1.020958,59.979368,2.039983,1.019450,59.966135,8.290258,1.027389,59.999883,-9.156372,1.000053,1.000265,0.999852,0.999406,0.999202,0.999573,0.999250,0.999518,-44.582838,0.000000,4.471556,10.076842,2.160930,11.082423,20.697236,-41.891546,288.383297,447.800150,209.391350,467.503357,6.717002,286.592096,294.652499,141.504847,562.436988,245.394482,221.661074,276.382253,200.614467,124.488442,251.663684,184.493662,253.902685,8.239523,988.742731,2.149441,164.790455,75.230425,157.625653,78.812826,137.026846,28.927890,26.868009,92.246831,102.994035,75.767785,-82.574348,42.272334,15.225205,67.617823,24.718568,24.091648,4.119761,223.900075
5.840000,1.044130,59.993923,-7.650122,1.043630,59.984024,-5.364580,1.029467,59.983928,-7.728223,1.006422,59.986751,-8.429718,1.007375,59.989070,-7.445649,1.009311,59.989265,-6.830573,1.000102,59.989968,-8.796973,0.999302,59.990291,-9.248744,1.028030,59.996051,-9.149656,1.017546,59.987646,-4.579012,1.013704,59.988169,-5.345762,1.003256,59.987663,-5.322830,1.015328,59.987152,-5.205952,1.013659,59.985887,-6.664189,1.017766,59.981776,-6.829017,1.032438,59.979829,-5.484985,1.034001,59.980492,-6.473103,1.031171,59.981854,-7.334839,1.048522,59.974366,-0.965401,0.990997,59.972268,-1.900400,1.031631,59.979584,-3.323639,1.046214,59.979045,0.682282,1.041660,59.979139,0.504789,1.037250,59.979843,-5.376705,1.052981,59.981864,-4.036300,1.050761,59.977284,-4.706744,1.038081,59.978919,-6.552524,1.047896,59.971060,-1.127294,1.046659,59.968715,1.496434,1.034422,59.983384,-3.659308,0.975540,59.993042,0.661142,0.976698,59.987539,2.750268,0.991936,59.972198,3.696671,1.010061,59.968858,2.698794,1.040695,59.978337,5.177722,1.054443,59.978379,7.622048,1.021168,59.980190,2.039794,1.020177,59.963392,8.178621,1.027453,59.999895,-9.012408,1.000053,1.000182,0.999824,0.999424,0.999220,0.999594,0.999149,0.999629,-44.656796,0.000000,4.304533,9.727156,1.722999,10.805372,20.254234,-42.172771,288.383297,447.800150,209.391350,467.503357,6.717002,286.592096,294.652499,141.504847,562.436988,245.394482,221.661074,276.382253,200.614467,124.488442,251.663684,184.493662,253.902685,8.239523,988.742731,2.149441,164.790455,75.230425,157.625653,78.812826,137.026846,28.927890,26.868009,92.246831,102.994035,75.767785,-82.574348,42.272334,15.225205,67.617823,24.718568,24.091648,4.119761,223.900075
5.860000,1.044412,59.994330,-7.545819,1.044116,59.985111,-5.328530,1.029958,59.984523,-7.695080,1.006798,59.986731,-8.379001,1.007662,59.988674,-7.379913,1.009584,59.988782,-6.763823,1.000376,59.989580,-8.724735,0.999575,59.989938,-9.174023,1.028193,59.995896,-9.032550,1.017844,59.987213,-4.523705,1.013997,59.987722,-5.286746,1.003571,59.987273,-5.267205,1.015650,59.986815,-5.153773,1.014044,59.985792,-6.620033,1.018302,59.982075,-6.812714,1.033022,59.980263,-5.482106,1.034592,59.980909,-6.465525,1.031728,59.982348,-7.317096,1.049038,59.975139,-1.000369,0.991479,59.973231,-1.949629,1.032253,59.979965,-3.322765,1.046859,59.979326,0.678821,1.042299,59.979426,0.502033,1.037842,59.980275,-5.373735,1.053362,59.982702,-4.016939,1.051476,59.977285,-4.724165,1.038750,59.979143,-6.557150,1.048842,59.970039,-1.194177,1.047633,59.967289,1.410820,1.034809,59.985737,-3.622154,0.975574,59.991245,0.749210,0.976880,59.986679,2.802889,0.992328,59.973053,3.646453,1.010495,59.969984,2.625723,1.041347,59.978503,5.168638,1.055070,59.978492,7.613031,1.021434,59.981133,2.047572,1.021102,59.961024,8.050392,1.027528,59.999871,-8.867028,1.000053,1.000094,0.999795,0.999447,0.999246,0.999618,0.999057,0.999743,-44.693579,0.000000,4.162322,9.423380,1.331510,10.575137,19.806427,-42.368259,288.383297,447.800150,209.391350,467.503357,6.717002,286.592096,294.652499,141.504847,562.436988,245.394482,221.661074,276.382253,200.614467,124.488442,251.663684,184.493662,253.902685,8.239523,988.742731,2.149441,164.790455,75.230425,157.625653,78.812826,137.026846,28.927890,26.868009,92.246831,102.994035,75.767785,-82.574348,42.272334,15.225205,67.617823,24.718568,24.091648,4.119761,223.900075
5.880000,1.044723,59.994736,-7.437985,1.044669,59.986253,-5.283789,1.030525,59.985187,-7.656733,1.007257,59.986758,-8.327615,1.008031,59.988305,-7.316310,1.009940,59.988325,-6.699837,1.000729,59.989212,-8.654603,0.999925,59.989603,-9.101161,1.028394,59.995728,-8.916020,1.018225,59.986818,-4.470747,1.014372,59.987310,-5.230195,1.003971,59.986921,-5.213618,1.016055,59.986522,-5.103221,1.014513,59.985754,-6.575704,1.018922,59.982474,-6.793205,1.033691,59.980818,-5.474951,1.035273,59.981439,-6.453827,1.032370,59.982938,-7.294756,1.049619,59.976090,-1.028356,0.992014,59.974397,-1.990399,1.032964,59.980470,-3.317984,1.047595,59.979736,0.678571,1.043030,59.979841,0.502525,1.038520,59.980827,-5.366509,1.053809,59.983627,-3.990537,1.052309,59.977449,-4.740239,1.039527,59.979505,-6.558938,1.049958,59.969289,-1.266598,1.048787,59.966176,1.316940,1.035239,59.988109,-3.567343,0.975691,59.989424,0.824812,0.977132,59.985853,2.850066,0.992778,59.974110,3.603912,1.010971,59.971350,2.562456,1.042089,59.978808,5.161983,1.055788,59.978742,7.606049,1.021752,59.982176,2.063203,1.022211,59.959067,7.907544,1.027613,59.999811,-8.721381,1.000052,1.000001,0.999767,0.999475,0.999278,0.999644,0.998976,0.999855,-44.691459,0.000000,4.047009,9.169758,0.991809,10.395021,19.360412,-42.475668,288.383297,447.800150,209.391350,467.503357,6.717002,286.592096,294.652499,141.504847,562.436988,245.394482,221.661074,276.382253,200.614467,124.488442,251.663684,184.493662,253.902685,8.239523,988.742731,2.149441,164.790455,75.230425,157.625653,78.812826,137.026846,28.927890,26.868009,92.246831,102.994035,75.767785,-82.574348,42.272334,15.225205,67.617823,24.718568,24.091648,4.119761,223.900075
5.900000,1.045058,59.995131,-7.327556,1.045282,59.987429,-5.230943,1.031162,59.985905,-7.613641,1.007794,59.986829,-8.276119,1.008480,59.987968,-7.255507,1.010376,59.987899,-6.639292,1.001160,59.988870,-8.587289,1.000350,59.989293,-9.030886,1.028631,59.995547,-8.801047,1.018686,59.986468,-4.420717,1.014828,59.986938,-5.176721,1.004452,59.986614,-5.162652,1.016541,59.986277,-5.054848,1.015063,59.985771,-6.531685,1.019621,59.982963,-6.770697,1.034436,59.981481,-5.463593,1.036033,59.982071,-6.438129,1.033088,59.983610,-7.268076,1.050259,59.977201,-1.049049,0.992597,59.975741,-2.022242,1.033756,59.981086,-3.309343,1.048415,59.980268,0.681541,1.043844,59.980376,0.506265,1.039275,59.981486,-5.355102,1.054314,59.984622,-3.957434,1.053251,59.977772,-4.754698,1.040400,59.979995,-6.557824,1.051226,59.968818,-1.343451,1.050102,59.965392,1.216233,1.035706,59.990455,-3.495828,0.975891,59.987616,0.887054,0.977452,59.985077,2.891231,0.993280,59.975345,3.569510,1.011485,59.972929,2.509714,1.042913,59.979246,5.157843,1.056590,59.979123,7.601179,1.022118,59.983300,2.086434,1.023486,59.957551,7.752290,1.027709,59.999716,-8.576606,1.000050,0.999906,0.999739,0.999506,0.999317,0.999673,0.998907,0.999965,-44.649453,0.000000,3.960108,8.969551,0.708203,10.267356,18.922637,-42.494332,288.383297,447.800150,209.391350,467.503357,6.717002,286.592096,294.652499,141.504847,562.436988,245.394482,221.661074,276.382253,200.614467,124.488442,251.663684,184.493662,253.902685,8.239523,988.742731,2.149441,164.790455,75.230425,157.625653,78.812826,137.026846,28.927890,26.868009,92.246831,102.994035,75.767785,-82.574348,42.272334,15.225205,67.617823,24.718568,24.091648,4.119761,223.900075
5.920000,1.045415,59.995509,-7.215517,1.045948,59.988618,-5.170723,1.031862,59.986664,-7.566349,1.008404,59.986945,-8.225067,1.009004,59.987671,-7.198112,1.010888,59.987514,-6.582792,1.001663,59.988561,-8.523451,1.000845,59.989012,-8.963877,1.028903,59.995356,-8.688580,1.019221,59.986170,-4.374138,1.015358,59.986614,-5.126871,1.005011,59.986357,-5.114834,1.017102,59.986085,-5.009163,1.015685,59.985845,-6.488447,1.020388,59.983534,-6.745455,1.035248,59.982240,-5.448181,1.036865,59.982794,-6.418629,1.033874,59.984353,-7.237393,1.050950,59.978451,-1.062266,0.993220,59.977240,-2.044859,1.034619,59.981804,-3.296963,1.049307,59.980910,0.687683,1.044732,59.981020,0.513193,1.040098,59.982242,-5.339666,1.054871,59.985667,-3.918092,1.054285,59.978246,-4.767308,1.041357,59.980604,-6.553799,1.052626,59.968635,-1.423563,1.051556,59.964949,1.110248,1.036206,59.992733,-3.408865,0.976173,59.985857,0.935318,0.977837,59.984364,2.925924,0.993829,59.976738,3.543564,1.012031,59.974691,2.468021,1.043809,59.979808,5.156261,1.057467,59.979629,7.598460,1.022527,59.984485,2.116880,1.024905,59.956502,7.587049,1.027814,59.999587,-8.433831,1.000047,0.999811,0.999712,0.999541,0.999362,0.999702,0.998852,1.000070,-44.567350,0.000000,3.902537,8.824995,0.483908,10.193479,18.499311,-42.425257,288.383297,447.800150,209.391350,467.503357,6.717002,286.592096,294.652499,141.504847,562.436988,245.394482,221.661074,276.382253,200.614467,124.488442,251.663684,184.493662,253.902685,8.239523,988.742731,2.149441,164.790455,75.230425,157.625653,78.812826,137.026846,28.927890,26.868009,92.246831,102.994035,75.767785,-82.574348,42.272334,15.225205,67.617823,24.718568,24.091648,4.119761,223.900075
5.940000,1.045788,59.995862,-7.102886,1.046658,59.989798,-5.103991,1.032614,59.987451,-7.515475,1.009078,59.987104,-8.175008,1.009596,59.987421,-7.144669,1.011469,59.987179,-6.530865,1.002232,59.988293,-8.463678,1.001404,59.988768,-8.900747,1.029206,59.995160,-8.579530,1.019825,59.985930,-4.331465,1.015958,59.986346,-5.081127,1.005639,59.986157,-5.070633,1.017731,59.985951,-4.966621,1.016374,59.985975,-6.446447,1.021216,59.984177,-6.717790,1.036117,59.983083,-5.428938,1.037756,59.983594,-6.395589,1.034717,59.985154,-7.203115,1.051684,59.979819,-1.067960,0.993878,59.978866,-2.058116,1.035543,59.982611,-3.281026,1.050261,59.981654,0.696893,1.045681,59.981763,0.523192,1.040978,59.983082,-5.320425,1.055472,59.986747,-3.873079,1.055397,59.978865,-4.777867,1.042383,59.981324,-6.546906,1.054134,59.968744,-1.505702,1.053125,59.964856,1.000627,1.036732,59.994904,-3.307983,0.976533,59.984184,0.969266,0.978283,59.983729,2.953804,0.994418,59.978265,3.526242,1.012605,59.976606,2.437699,1.044765,59.980487,5.157237,1.058406,59.980253,7.597896,1.022974,59.985711,2.154033,1.026445,59.955939,7.414414,1.027927,59.999425,-8.294154,1.000043,0.999716,0.999686,0.999579,0.999411,0.999733,0.998811,1.000169,-44.445713,0.000000,3.874618,8.737279,0.321010,10.173718,18.096319,-42.271085,288.383297,447.800150,209.391350,467.503357,6.717002,286.592096,294.652499,141.504847,562.436988,245.394482,221.661074,276.382253,200.614467,124.488442,251.663684,184.493662,253.902685,8.239523,988.742731,2.149441,164.790455,75.230425,157.625653,78.812826,137.026846,28.927890,26.868009,92.246831,102.994035,75.767785,-82.574348,42.272334,15.225205,67.617823,24.718568,24.091648,4.119761,223.900075
5.960000,1.046175,59.996184,-6.990703,1.047402,59.990953,-5.031720,1.033408,59.988257,-7.461699,1.009807,59.987306,-8.126466,1.010248,59.987224,-7.095650,1.012112,59.986901,-6.483953,1.002860,59.988071,-8.408488,1.002020,59.988566,-8.842045,1.029536,59.994962,-8.474760,1.020488,59.985756,-4.293082,1.016617,59.986140,-5.039890,1.006329,59.986019,-5.030452,1.018419,59.985880,-4.927619,1.017119,59.986161,-6.406115,1.022092,59.984885,-6.688053,1.037031,59.983998,-5.406151,1.038694,59.984462,-6.369332,1.035605,59.986002,-7.165707,1.052453,59.981284,-1.066212,0.994563,59.980595,-2.062043,1.036514,59.983496,-3.261775,1.051264,59.982489,0.709020,1.046681,59.982597,0.536099,1.041905,59.983993,-5.297665,1.056108,59.987844,-3.823063,1.056569,59.979622,-4.786198,1.043465,59.982144,-6.537228,1.055727,59.969148,-1.588586,1.054784,59.965120,0.889088,1.037277,59.996930,-3.194958,0.976967,59.982633,0.988845,0.978784,59.983184,2.974653,0.995040,59.979901,3.517565,1.013199,59.978641,2.418869,1.045768,59.981273,5.160730,1.059397,59.980985,7.599459,1.023453,59.986960,2.197275,1.028079,59.955875,7.237113,1.028047,59.999231,-8.158644,1.000038,0.999625,0.999662,0.999620,0.999465,0.999764,0.998786,1.000259,-44.285872,0.000000,3.876080,8.706543,0.220448,10.207407,17.719146,-42.036027,288.383297,447.800150,209.391350,467.503357,6.717002,286.592096,294.652499,141.504847,562.436988,245.394482,221.661074,276.382253,200.614467,124.488442,251.663684,184.493662,253.902685,8.239523,988.742731,2.149441,164.790455,75.230425,157.625653,78.812826,137.026846,28.927890,26.868009,92.246831,102.994035,75.767785,-82.574348,42.272334,15.225205,67.617823,24.718568,24.091648,4.119761,223.900075
5.980000,1.046569,59.996471,-6.880020,1.048169,59.992066,-4.954978,1.034234,59.989070,-7.405745,1.010582,59.987551,-8.079939,1.010950,59.987087,-7.051444,1.012807,59.986690,-6.442407,1.003538,59.987903,-8.358318,1.002684,59.988413,-8.788241,1.029889,59.994765,-8.375078,1.021202,59.985654,-4.259295,1.017328,59.986005,-5.003484,1.007071,59.985951,-4.994616,1.019157,59.985877,-4.892490,1.017910,59.986404,-6.367850,1.023004,59.985649,-6.656626,1.037979,59.984974,-5.380160,1.039666,59.985387,-6.340224,1.036527,59.986887,-7.125684,1.053246,59.982824,-1.057227,0.995267,59.982399,-2.056830,1.037520,59.984449,-3.239505,1.052303,59.983405,0.723864,1.047716,59.983509,0.551702,1.042865,59.984965,-5.271728,1.056771,59.988944,-3.768789,1.057783,59.980510,-4.792146,1.044585,59.983057,-6.524885,1.057378,59.969846,-1.670900,1.056506,59.965743,0.777401,1.037835,59.998782,-3.071775,0.977467,59.981238,0.994274,0.979332,59.982743,2.988377,0.995687,59.981624,3.517411,1.013808,59.980767,2.411453,1.046805,59.982156,5.166664,1.060424,59.981818,7.603089,1.023955,59.988216,2.245887,1.029781,59.956319,7.057971,1.028172,59.999007,-8.028327,1.000033,0.999539,0.999641,0.999661,0.999521,0.999795,0.998777,1.000339,-44.089897,0.000000,3.906073,8.731890,0.182025,10.292906,17.372809,-41.725765,288.383297,447.800150,209.391350,467.503357,6.717002,286.592096,294.652499,141.504847,562.436988,245.394482,221.661074,276.382253,200.614467,124.488442,251.663684,184.493662,253.902685,8.239523,988.742731,2.149441,164.790455,75.230425,157.625653,78.812826,137.026846,28.927890,26.868009,92.246831,102.994035,75.767785,-82.574348,42.272334,15.225205,67.617823,24.718568,24.091648,4.119761,223.900075
6.000000,1.046967,59.996718,-6.771881,1.048950,59.993123,-4.874902,1.035080,59.989883,-7.348367,1.011390,59.987840,-8.035886,1.011694,59.987017,-7.012358,1.013543,59.986554,-6.406483,1.004255,59.987796,-8.313521,1.003386,59.988316,-8.739724,1.030259,59.994573,-8.281227,1.021957,59.985630,-4.230329,1.018079,59.985947,-4.972144,1.007853,59.985956,-4.963379,1.019934,59.985946,-4.861498,1.018735,59.986704,-6.332011,1.023942,59.986461,-6.623911,1.038947,59.985998,-5.351352,1.040659,59.986359,-6.308674,1.037469,59.987799,-7.083594,1.054054,59.984419,-1.041328,0.995981,59.984255,-2.042814,1.038547,59.985457,-3.214552,1.053363,59.984391,0.741191,1.048774,59.984490,0.569756,1.043846,59.985986,-5.243000,1.057450,59.990033,-3.711069,1.059020,59.981521,-4.795577,1.045728,59.984053,-6.510026,1.059061,59.970835,-1.751312,1.058263,59.966721,0.667366,1.038398,60.000432,-2.940586,0.978025,59.980027,0.986036,0.979921,59.982417,2.995001,0.996352,59.983409,3.525523,1.014424,59.982950,2.415187,1.047863,59.983127,5.174924,1.061476,59.982742,7.608697,1.024475,59.989462,2.299069,1.031525,59.957268,6.879867,1.028302,59.998756,-7.904180,1.000026,0.999459,0.999622,0.999704,0.999580,0.999826,0.998783,1.000408,-43.860564,0.000000,3.963200,8.811425,0.204431,10.427651,17.061786,-41.347331,288.383297,447.800150,209.391350,467.503357,6.717002,286.592096,294.652499,141.504847,562.436988,245.394482,221.661074,276.382253,200.614467,124.488442,251.663684,184.493662,253.902685,8.239523,988.742731,2.149441,164.790455,75.230425,157.625653,78.812826,137.026846,28.927890,26.868009,92.246831,102.994035,75.767785,-82.574348,42.272334,15.225205,67.617823,24.718568,24.091648,4.119761,223.900075
6.020000,1.047363,59.996923,-6.667317,1.049732,59.994112,-4.792680,1.035934,59.990687,-7.290337,1.012221,59.988173,-7.994721,1.012466,59.987021,-6.978613,1.014311,59.986499,-6.376343,1.005000,59.987756,-8.274362,1.004116,59.988280,-8.696800,1.030642,59.994390,-8.193883,1.022741,59.985690,-4.206326,1.018860,59.985971,-4.946021,1.008664,59.986041,-4.936910,1.020739,59.986091,-4.834834,1.019584,59.987063,-6.298914,1.024890,59.987315,-6.590324,1.039921,59.987062,-5.320151,1.041659,59.987369,-6.275115,1.038417,59.988731,-7.040010,1.054867,59.986049,-1.018941,0.996696,59.986137,-2.020472,1.039581,59.986512,-3.187288,1.054431,59.985438,0.760732,1.049839,59.985530,0.589980,1.044834,59.987046,-5.211906,1.058136,59.991101,-3.650763,1.060262,59.982646,-4.796377,1.046876,59.985124,-6.492820,1.060751,59.972108,-1.828485,1.060027,59.968049,0.560788,1.038960,60.001860,-2.803673,0.978630,59.979029,0.964859,0.980541,59.982217,2.994676,0.997024,59.985234,3.541511,1.015041,59.985163,2.429624,1.048926,59.984176,5.185366,1.062537,59.983748,7.616168,1.025005,59.990682,2.355950,1.033281,59.958717,6.705686,1.028434,59.998479,-7.787124,1.000019,0.999388,0.999606,0.999747,0.999640,0.999856,0.998806,1.000465,-43.601302,0.000000,4.045560,8.942302,0.285291,10.608216,16.789967,-40.908956,288.383297,447.800150,209.391350,467.503357,6.717002,286.592096,294.652499,141.504847,562.436988,245.394482,221.661074,276.382253,200.614467,124.488442,251.663684,184.493662,253.902685,8.239523,988.742731,2.149441,164.790455,75.230425,157.625653,78.812826,137.026846,28.927890,26.868009,92.246831,102.994035,75.767785,-82.574348,42.272334,15.225205,67.617823,24.718568,24.091648,4.119761,223.900075
6.040000,1.047753,59.997083,-6.567330,1.050507,59.995024,-4.709527,1.036784,59.991477,-7.232426,1.013061,59.988551,-7.956806,1.013256,59.987104,-6.950340,1.015097,59.986533,-6.352053,1.005763,59.987790,-8.241013,1.004862,59.988312,-8.659684,1.031031,59.994221,-8.113647,1.023542,59.985839,-4.187345,1.019659,59.986084,-4.925177,1.009493,59.986211,-4.915303,1.021559,59.986316,-4.812617,1.020443,59.987480,-6.268822,1.025837,59.988202,-6.556285,1.040890,59.988154,-5.287008,1.042651,59.988408,-6.240002,1.039360,59.989673,-6.995517,1.055673,59.987694,-0.990591,0.997403,59.988021,-1.990409,1.040609,59.987603,-3.158113,1.055491,59.986534,0.782190,1.050898,59.986619,0.612067,1.045816,59.988135,-5.178894,1.058820,59.992136,-3.588764,1.061491,59.983876,-4.794449,1.048013,59.986260,-6.473455,1.062422,59.973654,-1.901106,1.061773,59.969714,0.459444,1.039513,60.003048,-2.663402,0.979272,59.978266,0.931690,0.981183,59.982152,2.987661,0.997697,59.987074,3.564868,1.015651,59.987375,2.454155,1.049981,59.985291,5.197814,1.063593,59.984826,7.625363,1.025538,59.991865,2.415607,1.035024,59.960650,6.538275,1.028567,59.998180,-7.678014,1.000012,0.999325,0.999593,0.999790,0.999701,0.999884,0.998846,1.000508,-43.316128,0.000000,4.150789,9.120797,0.421234,10.830383,16.560599,-40.419904,288.383297,447.800150,209.391350,467.503357,6.717002,286.592096,294.652499,141.504847,562.436988,245.394482,221.661074,276.382253,200.614467,124.488442,251.663684,184.493662,253.902685,8.239523,988.742731,2.149441,164.790455,75.230425,157.625653,78.812826,137.026846,28.927890,26.868009,92.246831,102.994034,75.767785,-82.574348,42.272334,15.225205,67.617823,24.718568,24.091648,4.119761,223.900075
6.060000,1.048131,59.997198,-6.472878,1.051262,59.995852,-4.626667,1.037619,59.992248,-7.175398,1.013900,59.988975,-7.922448,1.014052,59.987269,-6.927586,1.015891,59.986660,-6.333587,1.006532,59.987901,-8.213561,1.005614,59.988415,-8.628506,1.031422,59.994069,-8.041041,1.024349,59.986080,-4.173364,1.020464,59.986289,-4.909591,1.010327,59.986467,-4.898570,1.022384,59.986624,-4.794890,1.021300,59.987955,-6.241949,1.026769,59.989118,-6.522212,1.041839,59.989265,-5.252395,1.043623,59.989467,-6.203800,1.040284,59.990619,-6.950702,1.056463,59.989336,-0.956886,0.998095,59.989886,-1.953338,1.041616,59.988720,-3.127447,1.056531,59.987671,0.805244,1.051937,59.987747,0.635690,1.046779,59.989243,-5.144435,1.059493,59.993129,-3.525980,1.062691,59.985201,-4.789715,1.049125,59.987453,-6.452133,1.064050,59.975459,-1.967903,1.063475,59.971700,0.365058,1.040052,60.003987,-2.522179,0.979939,59.977755,0.887672,0.981839,59.982228,2.974328,0.998360,59.988909,3.594979,1.016247,59.989559,2.488017,1.051014,59.986462,5.212065,1.064630,59.985966,7.636118,1.026067,59.992999,2.477081,1.036727,59.963045,6.380388,1.028699,59.997860,-7.577639,1.000004,0.999274,0.999585,0.999832,0.999761,0.999911,0.998901,1.000538,-43.009577,0.000000,4.276126,9.342389,0.607974,11.089239,16.376252,-39.890282,288.383297,447.800150,209.391350,467.503357,6.717002,286.592096,294.652499,141.504847,562.436988,245.394482,221.661074,276.382253,200.614467,124.488442,251.663684,184.493662,253.902685,8.239523,988.742731,2.149441,164.790455,75.230425,157.625653,78.812826,137.026846,28.927890,26.868009,92.246831,102.994034,75.767785,-82.574348,42.272334,15.225205,67.617823,24.718568,24.091648,4.119761,223.900075
6.080000,1.048494,59.997267,-6.384870,1.051990,59.996590,-4.545310,1.038427,59.992995,-7.119991,1.014725,59.989444,-7.891897,1.014842,59.987521,-6.910315,1.016680,59.986884,-6.320834,1.007297,59.988094,-8.192005,1.006361,59.988594,-8.603310,1.031809,59.993936,-7.976508,1.025151,59.986416,-4.164283,1.021264,59.986590,-4.899162,1.011155,59.986814,-4.886650,1.023201,59.987016,-4.781632,1.022144,59.988489,-6.218455,1.027675,59.990054,-6.488513,1.042758,59.990387,-5.216794,1.044562,59.990538,-6.166978,1.041177,59.991563,-6.906145,1.057227,59.990957,-0.918508,0.998763,59.991711,-1.910071,1.042591,59.989854,-3.095721,1.057536,59.988837,0.829556,1.052943,59.988903,0.660502,1.047710,59.990361,-5.109008,1.060146,59.994073,-3.463325,1.063845,59.986610,-4.782124,1.050196,59.988693,-6.429067,1.065612,59.977505,-2.027671,1.065109,59.973984,0.279262,1.040570,60.004670,-2.382410,0.980620,59.977511,0.834107,0.982499,59.982452,2.955143,0.999007,59.990718,3.631131,1.016823,59.991691,2.530319,1.052012,59.987677,5.227887,1.065637,59.987156,7.648247,1.026585,59.994073,2.539391,1.038367,59.965871,6.234644,1.028829,59.997523,-7.486707,0.999996,0.999233,0.999580,0.999873,0.999820,0.999936,0.998970,1.000554,-42.686615,0.000000,4.418473,9.601861,0.840411,11.379275,16.238782,-39.330837,288.383297,447.800150,209.391350,467.503357,6.717002,286.592096,294.652499,141.504847,562.436988,245.394482,221.661074,276.382253,200.614467,124.488442,251.663684,184.493662,253.902685,8.239523,988.742731,2.149441,164.790455,75.230425,157.625653,78.812826,137.026846,28.927890,26.868009,92.246831,102.994034,75.767785,-82.574348,42.272334,15.225205,67.617823,24.718568,24.091648,4.119761,223.900075
6.100000,1.048837,59.997291,-6.304152,1.052680,59.997236,-4.466637,1.039200,59.993714,-7.066911,1.015526,59.989959,-7.865342,1.015615,59.987862,-6.898415,1.017454,59.987208,-6.313601,1.008045,59.988371,-8.176264,1.007091,59.988851,-8.584060,1.032187,59.993827,-7.920408,1.025936,59.986848,-4.159935,1.022048,59.986988,-4.893715,1.011964,59.987251,-4.879411,1.023999,59.987494,-4.772750,1.022963,59.989079,-6.198450,1.028543,59.991006,-6.455585,1.043635,59.991509,-5.180694,1.045457,59.991613,-6.130006,1.042029,59.992498,-6.862414,1.057956,59.992542,-0.876196,0.999400,59.993478,-1.861500,1.043521,59.990995,-3.063379,1.058496,59.990022,0.854772,1.053904,59.990078,0.686144,1.048600,59.991481,-5.073101,1.060773,59.994962,-3.401700,1.064939,59.988089,-4.771651,1.051212,59.989970,-6.404483,1.067089,59.979768,-2.079300,1.066653,59.976540,0.203569,1.041062,60.005097,-2.246459,0.981304,59.977541,0.772430,0.983154,59.982826,2.930659,0.999629,59.992482,3.672531,1.017373,59.993746,2.580052,1.052964,59.988925,5.245028,1.066600,59.988385,7.661542,1.027087,59.995080,2.601550,1.039919,59.969093,6.103470,1.028954,59.997172,-7.405851,0.999987,0.999205,0.999579,0.999912,0.999877,0.999959,0.999054,1.000556,-42.352547,0.000000,4.574469,9.893408,1.112743,11.694498,16.149314,-38.752738,288.383297,447.800150,209.391350,467.503357,6.717002,286.592096,294.652499,141.504847,562.436988,245.394482,221.661074,276.382253,200.614467,124.488442,251.663684,184.493662,253.902685,8.239523,988.742731,2.149441,164.790455,75.230425,157.625653,78.812826,137.026846,28.927890,26.868009,92.246831,102.994034,75.767785,-82.574348,42.272334,15.225205,67.617823,24.718568,24.091648,4.119761,223.900075
6.120000,1.049157,59.997271,-6.231498,1.053326,59.997788,-4.391779,1.039927,59.994404,-7.016825,1.016291,59.990519,-7.842917,1.016360,59.988291,-6.891702,1.018201,59.987633,-6.311625,1.008767,59.988734,-8.166183,1.007796,59.989187,-8.570646,1.032550,59.993744,-7.873020,1.026695,59.987376,-4.160084,1.022804,59.987482,-4.893009,1.012744,59.987778,-4.876659,1.024768,59.988054,-4.768097,1.023747,59.989723,-6.181991,1.029363,59.991965,-6.423805,1.044459,59.992624,-5.144583,1.046297,59.992684,-6.093345,1.042829,59.993418,-6.820055,1.058643,59.994075,-0.830739,0.999998,59.995169,-1.808581,1.044396,59.992134,-3.030864,1.059399,59.991217,0.880528,1.054808,59.991261,0.712249,1.049436,59.992594,-5.037198,1.061366,59.995791,-3.341983,1.065959,59.989624,-4.758310,1.052163,59.991273,-6.378622,1.068460,59.982222,-2.121801,1.068087,59.979336,0.139336,1.041524,60.005274,-2.116602,0.981980,59.977847,0.704168,0.983794,59.983350,2.901503,1.000220,59.994183,3.718317,1.017890,59.995704,2.636119,1.053858,59.990194,5.263211,1.067508,59.989641,7.675778,1.027568,59.996011,2.662583,1.041365,59.972666,5.989060,1.029075,59.996810,-7.335614,0.999978,0.999190,0.999583,0.999949,0.999931,0.999980,0.999150,1.000544,-42.012920,0.000000,4.740561,10.210756,1.418592,12.028555,16.108230,-38.167363,288.383297,447.800150,209.391350,467.503357,6.717002,286.592096,294.652499,141.504847,562.436988,245.394482,221.661074,276.382253,200.614467,124.488442,251.663684,184.493662,253.902685,8.239523,988.742731,2.149441,164.790455,75.230425,157.625653,78.812826,137.026846,28.927890,26.868009,92.246831,102.994034,75.767785,-82.574348,42.272334,15.225205,67.617823,24.718568,24.091648,4.119761,223.900075
6.140000,1.049451,59.997210,-6.167605,1.053921,59.998245,-4.321806,1.040601,59.995061,-6.970351,1.017012,59.991121,-7.824702,1.017069,59.988808,-6.889935,1.018913,59.988155,-6.314582,1.009454,59.989181,-8.161543,1.008467,59.989601,-8.562889,1.032895,59.993687,-7.834543,1.027416,59.987997,-4.164444,1.023524,59.988071,-4.896749,1.013486,59.988393,-4.878147,1.025497,59.988696,-4.767471,1.024486,59.990418,-6.169093,1.030125,59.992927,-6.393534,1.045222,59.993722,-5.108944,1.047074,59.993744,-6.057450,1.043569,59.994318,-6.779590,1.059279,59.995543,-0.782960,1.000551,59.996769,-1.752316,1.045206,59.993262,-2.998622,1.060235,59.992409,0.906451,1.055646,59.992442,0.738440,1.050210,59.993691,-5.001782,1.061920,59.996555,-3.285019,1.066894,59.991200,-4.742154,1.053037,59.992591,-6.351740,1.069709,59.984835,-2.154330,1.069393,59.982334,0.087733,1.041951,60.005210,-1.994994,0.982638,59.978425,0.630908,0.984413,59.984023,2.868360,1.000772,59.995806,3.767576,1.018370,59.997548,2.697346,1.054685,59.991471,5.282143,1.068351,59.990914,7.690707,1.028021,59.996864,2.721538,1.042685,59.976540,5.893329,1.029188,59.996440,-7.276454,0.999969,0.999187,0.999591,0.999983,0.999983,0.999998,0.999258,1.000520,-41.673419,0.000000,4.913085,10.547293,1.751136,12.374854,16.115166,-37.586068,288.383297,447.800150,209.391350,467.503357,6.717002,286.592096,294.652499,141.504847,562.436988,245.394482,221.661074,276.382253,200.614467,124.488442,251.663684,184.493662,253.902685,8.239523,988.742731,2.149441,164.790455,75.230425,157.625653,78.812826,137.026846,28.927890,26.868009,92.246831,102.994034,75.767785,-82.574348,42.272334,15.225205,67.617823,24.718568,24.091648,4.119761,223.900075
6.160000,1.049715,59.997110,-6.113082,1.054458,59.998610,-4.257707,1.041215,59.995683,-6.928056,1.017680,59.991763,-7.810725,1.017732,59.989409,-6.892820,1.019580,59.988773,-6.322100,1.010097,59.989710,-8.162068,1.009094,59.990092,-8.560554,1.033217,59.993659,-7.805099,1.028092,59.988707,-4.172682,1.024198,59.988751,-4.904589,1.014180,59.989092,-4.883581,1.026180,59.989415,-4.770628,1.025172,59.991161,-6.159727,1.030822,59.993884,-6.365110,1.045917,59.994797,-5.074254,1.047778,59.994783,-6.022765,1.044242,59.995191,-6.741516,1.059859,59.996935,-0.733702,1.001055,59.998267,-1.693738,1.045943,59.994371,-2.967093,1.060995,59.993591,0.932163,1.056409,59.993613,0.764339,1.050915,59.994764,-4.967323,1.062430,59.997252,-3.231607,1.067735,59.992799,-4.723287,1.053825,59.993910,-6.324111,1.070822,59.987574,-2.176214,1.070557,59.985493,0.049714,1.042340,60.004918,-1.883634,0.983267,59.979269,0.554261,0.985001,59.984840,2.831960,1.001280,59.997336,3.819358,1.018809,59.999260,2.762513,1.055436,59.992745,5.301511,1.069122,59.992190,7.706067,1.028444,59.997632,2.777502,1.043862,59.980659,5.817870,1.029294,59.996064,-7.228737,0.999959,0.999198,0.999604,1.000015,1.000030,1.000014,0.999376,1.000482,-41.339766,0.000000,5.088339,10.896193,2.103246,12.726691,16.169024,-37.019971,288.383297,447.800150,209.391350,467.503357,6.717002,286.592096,294.652499,141.504847,562.436988,245.394482,221.661074,276.382253,200.614467,124.488442,251.663684,184.493662,253.902685,8.239523,988.742731,2.149441,164.790455,75.230425,157.625653,78.812826,137.026846,28.927890,26.868009,92.246831,102.994034,75.767785,-82.574348,42.272334,15.225205,67.617823,24.718568,24.091648,4.119761,223.900075
6.180000,1.049948,59.996974,-6.068446,1.054934,59.998887,-4.200386,1.041763,59.996269,-6.890447,1.018289,59.992440,-7.800970,1.018342,59.990089,-6.900024,1.020195,59.989480,-6.333769,1.010689,59.990316,-8.167436,1.009671,59.990656,-8.563359,1.033512,59.993660,-7.784733,1.028715,59.989501,-4.184430,1.024819,59.989516,-4.916153,1.014818,59.989869,-4.892633,1.026806,59.990206,-4.777286,1.025797,59.991945,-6.153830,1.031447,59.994829,-6.338853,1.046535,59.995839,-5.040975,1.048403,59.995795,-5.989719,1.044839,59.996033,-6.706295,1.060377,59.998239,-0.683818,1.001505,59.999650,-1.633894,1.046600,59.995451,-2.936709,1.061674,59.994751,0.957286,1.057090,59.994762,0.789568,1.051543,59.995805,-4.934282,1.062891,59.997880,-3.182495,1.068473,59.994405,-4.701869,1.054519,59.995218,-6.296031,1.071788,59.990399,-2.186972,1.071565,59.988770,0.025993,1.042689,60.004418,-1.784327,0.983861,59.980366,0.475829,0.985553,59.985795,2.793062,1.001740,59.998763,3.872694,1.019201,60.000830,2.830367,1.056105,59.994006,5.320994,1.069812,59.993458,7.721583,1.028832,59.998316,2.829614,1.044884,59.984962,5.763924,1.029390,59.995687,-7.192737,0.999949,0.999221,0.999621,1.000043,1.000073,1.000027,0.999501,1.000434,-41.017610,0.000000,5.262660,11.250557,2.467631,13.077384,16.267998,-36.479739,288.383297,447.800150,209.391350,467.503357,6.717002,286.592096,294.652499,141.504847,562.436988,245.394482,221.661074,276.382253,200.614467,124.488442,251.663684,184.493662,253.902685,8.239523,988.742731,2.149441,164.790455,75.230425,157.625653,78.812826,137.026846,28.927890,26.868009,92.246831,102.994034,75.767785,-82.574348,42.272334,15.225205,67.617823,24.718568,24.091648,4.119761,223.900075
6.200000,1.050148,59.996807,-6.034119,1.055343,59.999079,-4.150642,1.042240,59.996817,-6.857975,1.018832,59.993148,-7.795383,1.018893,59.990842,-6.911183,1.020750,59.990270,-6.349153,1.011224,59.990995,-8.177293,1.010192,59.991287,-8.570983,1.033779,59.993688,-7.773419,1.029279,59.990371,-4.199298,1.025381,59.990359,-4.931036,1.015394,59.990717,-4.904948,1.027371,59.991061,-4.787142,1.026355,59.992764,-6.151309,1.031994,59.995755,-6.315056,1.047072,59.996841,-5.009553,1.048944,59.996772,-5.958726,1.045358,59.996839,-6.674360,1.060829,59.999447,-0.634154,1.001896,60.000910,-1.573827,1.047172,59.996495,-2.907892,1.062264,59.995880,0.981443,1.057684,59.995880,0.813752,1.052088,59.996807,-4.903103,1.063301,59.998437,-3.138365,1.069100,59.995999,-4.678119,1.055114,59.996501,-6.267820,1.072595,59.993273,-2.186332,1.072406,59.992116,0.017020,1.042996,60.003731,-1.698659,0.984411,59.981697,0.397175,0.986062,59.986879,2.752442,1.002146,60.000076,3.926611,1.019545,60.002246,2.899651,1.056686,59.995241,5.340259,1.070415,59.994708,7.736967,1.029182,59.998914,2.877077,1.045739,59.989384,5.732351,1.029477,59.995311,-7.168636,0.999940,0.999257,0.999642,1.000067,1.000112,1.000037,0.999632,1.000376,-40.712431,0.000000,5.432499,11.603539,2.836974,13.420392,16.409601,-35.975385,288.383297,447.800150,209.391350,467.503357,6.717002,286.592096,294.652499,141.504847,562.436988,245.394482,221.661074,276.382253,200.614467,124.488442,251.663684,184.493662,253.902685,8.239523,988.742731,2.149441,164.790455,75.230425,157.625653,78.812826,137.026846,28.927890,26.868009,92.246831,102.994034,75.767785,-82.574348,42.272334,15.225205,67.617823,24.718568,24.091648,4.119761,223.900075
6.220000,1.050314,59.996610,-6.010422,1.055685,59.999192,-4.109164,1.042643,59.997326,-6.831023,1.019303,59.993881,-7.793873,1.019378,59.991660,-6.925915,1.021241,59.991134,-6.367804,1.011696,59.991738,-8.191259,1.010652,59.991979,-8.583076,1.034014,59.993744,-7.771068,1.029777,59.991309,-4.216881,1.025877,59.991272,-4.948820,1.015903,59.991628,-4.920158,1.027868,59.991973,-4.799872,1.026841,59.993612,-6.152047,1.032458,59.996655,-6.293994,1.047524,59.997795,-4.980418,1.049397,59.997705,-5.930185,1.045792,59.997602,-6.646104,1.061210,60.000552,-0.585544,1.002227,60.002040,-1.514560,1.047653,59.997494,-2.881046,1.062761,59.996969,1.004265,1.058185,59.996958,0.836523,1.052548,59.997762,-4.874211,1.063656,59.998923,-3.099833,1.069613,59.997560,-4.652320,1.055604,59.997747,-6.239822,1.073236,59.996152,-2.174243,1.073072,59.995483,0.022969,1.043260,60.002883,-1.627969,0.984911,59.983242,0.319789,0.986523,59.988080,2.710871,1.002496,60.001268,3.980150,1.019837,60.003501,2.969121,1.057175,59.996440,5.358969,1.070927,59.995927,7.751928,1.029493,59.999427,2.919168,1.046416,59.993860,5.723608,1.029553,59.994938,-7.156520,0.999930,0.999305,0.999668,1.000089,1.000146,1.000045,0.999767,1.000309,-40.429435,0.000000,5.594487,11.948479,3.204076,13.749437,16.590717,-35.516080,288.383297,447.800150,209.391350,467.503357,6.717002,286.592096,294.652499,141.504847,562.436988,245.394482,221.661074,276.382253,200.614467,124.488442,251.663684,184.493662,253.902685,8.239523,988.742731,2.149441,164.790455,75.230425,157.625653,78.812826,137.026846,28.927890,26.868009,92.246831,102.994034,75.767785,-82.574348,42.272334,15.225205,67.617823,24.718568,24.091648,4.119761,223.900075
6.240000,1.050444,59.996390,-5.997572,1.055955,59.999233,-4.076524,1.042969,59.997795,-6.809910,1.019700,59.994632,-7.796323,1.019794,59.992533,-6.943829,1.021663,59.992061,-6.389267,1.012101,59.992537,-8.208943,1.011046,59.992723,-8.599273,1.034215,59.993825,-7.777524,1.030205,59.992305,-4.236767,1.026303,59.992244,-4.969086,1.016338,59.992593,-4.937887,1.028294,59.992931,-4.815146,1.027250,59.994480,-6.155908,1.032836,59.997523,-6.275916,1.047888,59.998696,-4.953974,1.049758,59.998588,-5.904473,1.046141,59.998318,-6.621886,1.061520,60.001549,-0.538787,1.002494,60.003036,-1.457083,1.048040,59.998441,-2.856560,1.063162,59.998010,1.025392,1.058590,59.997989,0.857525,1.052918,59.998662,-4.848008,1.063955,59.999340,-3.067436,1.070006,59.999071,-4.624821,1.055985,59.998941,-6.212404,1.073704,59.998996,-2.150885,1.073556,59.998820,0.043728,1.043479,60.001901,-1.573330,0.985355,59.984976,0.245070,0.986930,59.989387,2.669107,1.002787,60.002334,4.032382,1.020076,60.004592,3.037566,1.057567,59.997594,5.376791,1.071344,59.997107,7.766173,1.029761,59.999857,2.955254,1.046909,59.998322,5.737741,1.029618,59.994572,-7.156384,0.999921,0.999363,0.999697,1.000107,1.000175,1.000051,0.999903,1.000236,-40.173468,0.000000,5.745498,12.279021,3.561985,14.058616,16.807650,-35.109991,288.383297,447.800150,209.391350,467.503357,6.717002,286.592096,294.652499,141.504847,562.436988,245.394482,221.661074,276.382253,200.614467,124.488442,251.663684,184.493662,253.902685,8.239523,988.742731,2.149441,164.790455,75.230425,157.625653,78.812826,137.026846,28.927890,26.868009,92.246831,102.994034,75.767785,-82.574348,42.272334,15.225205,67.617823,24.718568,24.091648,4.119761,223.900075
6.260000,1.050538,59.996151,-5.995680,1.056154,59.999210,-4.053165,1.043216,59.998223,-6.794888,1.020019,59.995395,-7.802592,1.020136,59.993451,-6.964534,1.022012,59.993041,-6.413097,1.012435,59.993382,-8.229946,1.011370,59.993510,-8.619198,1.034381,59.993930,-7.792575,1.030559,59.993348,-4.258553,1.026656,59.993264,-4.991415,1.016697,59.993600,-4.957760,1.028643,59.993926,-4.832632,1.027579,59.995361,-6.162744,1.033125,59.998352,-6.261045,1.048161,59.999536,-4.930599,1.050025,59.999413,-5.881943,1.046400,59.998984,-6.602022,1.061755,60.002433,-0.494644,1.002697,60.003895,-1.402334,1.048332,59.999330,-2.834798,1.063464,59.998995,1.044481,1.058896,59.998965,0.876418,1.053196,59.999504,-4.824869,1.064194,59.999689,-3.041629,1.070277,60.000513,-4.596029,1.056255,60.000071,-6.185954,1.073997,60.001761,-2.116666,1.073854,60.002077,0.078897,1.043654,60.000815,-1.535531,0.985740,59.986873,0.174299,0.987280,59.990784,2.627880,1.003016,60.003270,4.082419,1.020260,60.005516,3.103829,1.057862,59.998694,5.393399,1.071663,59.998238,7.779411,1.029985,60.000208,2.984794,1.047213,60.002701,5.774381,1.029671,59.994215,-7.168130,0.999911,0.999431,0.999730,1.000121,1.000200,1.000055,1.000039,1.000157,-39.948928,0.000000,5.882707,12.589230,3.904120,14.342507,17.056198,-34.764129,288.383297,447.800150,209.391350,467.503357,6.717002,286.592096,294.652499,141.504847,562.436988,245.394482,221.661074,276.382253,200.614467,124.488442,251.663684,184.493662,253.902685,8.239523,988.742731,2.149441,164.790455,75.230425,157.625653,78.812826,137.026846,28.927890,26.868009,92.246831,102.994034,75.767785,-82.574348,42.272334,15.225205,67.617823,24.718568,24.091648,4.119761,223.900075
6.280000,1.050596,59.995897,-6.004752,1.056281,59.999132,-4.039399,1.043383,59.998611,-6.786138,1.020257,59.996163,-7.812518,1.020402,59.994403,-6.987644,1.022285,59.994060,-6.438861,1.012696,59.994262,-8.253876,1.011623,59.994331,-8.642474,1.034510,59.994055,-7.815954,1.030837,59.994425,-4.281845,1.026931,59.994320,-5.015403,1.016977,59.994637,-4.979414,1.028914,59.994947,-4.852004,1.027826,59.996244,-6.172395,1.033325,59.999136,-6.249580,1.048342,60.000311,-4.910639,1.050196,60.000176,-5.862925,1.046569,59.999595,-6.586784,1.061916,60.003203,-0.453822,1.002835,60.004617,-1.351188,1.048526,60.000155,-2.816096,1.063666,59.999918,1.061211,1.059103,59.999878,0.892885,1.053381,60.000280,-4.805138,1.064374,59.999973,-3.022776,1.070424,60.001867,-4.566413,1.056413,60.001125,-6.160880,1.074111,60.004408,-2.072220,1.073963,60.005207,0.127797,1.043786,59.999658,-1.515065,0.986060,59.988902,0.108622,0.987569,59.992254,2.587878,1.003184,60.004076,4.129437,1.020389,60.006275,3.166826,1.058057,59.999732,5.408478,1.071883,59.999311,7.791363,1.030163,60.000484,3.007350,1.047324,60.006933,5.832750,1.029712,59.993869,-7.191570,0.999902,0.999507,0.999767,1.000132,1.000219,1.000056,1.000172,1.000075,-39.759686,0.000000,6.003634,12.873692,4.224388,14.596256,17.331722,-34.484239,288.383297,447.800150,209.391350,467.503357,6.717002,286.592096,294.652499,141.504847,562.436988,245.394482,221.661074,276.382253,200.614467,124.488442,251.663684,184.493662,253.902685,8.239523,988.742731,2.149441,164.790455,75.230425,157.625653,78.812826,137.026846,28.927890,26.868009,92.246831,102.994034,75.767785,-82.574348,42.272334,15.225205,67.617823,24.718568,24.091648,4.119761,223.900075
6.300000,1.050618,59.995635,-6.024686,1.056335,59.999007,-4.035403,1.043470,59.998959,-6.783767,1.020413,59.996926,-7.825923,1.020590,59.995376,-7.012788,1.022480,59.995106,-6.466149,1.012881,59.995166,-8.280347,1.011803,59.995173,-8.668728,1.034601,59.994197,-7.847347,1.031035,59.995524,-4.306268,1.027129,59.995400,-5.040666,1.017175,59.995693,-5.002498,1.029104,59.995982,-4.872947,1.027990,59.997123,-6.184695,1.033434,59.999869,-6.241690,1.048430,60.001016,-4.894405,1.050272,60.000870,-5.847713,1.046648,60.000148,-6.576397,1.062000,60.003858,-0.416965,1.002907,60.005204,-1.304444,1.048623,60.000911,-2.800757,1.063768,60.000772,1.075287,1.059209,60.000724,0.906635,1.053472,60.000986,-4.789123,1.064493,60.000196,-3.011149,1.070446,60.003119,-4.536488,1.056457,60.002091,-6.137598,1.074045,60.006899,-2.018393,1.073883,60.008162,0.189478,1.043874,59.998460,-1.512122,0.986315,59.991032,0.049034,0.987795,59.993782,2.549740,1.003288,60.004752,4.172681,1.020462,60.006871,3.225561,1.058152,60.000702,5.421736,1.072003,60.000321,7.801769,1.030294,60.000693,3.022594,1.047242,60.010954,5.911680,1.029741,59.993538,-7.226429,0.999893,0.999591,0.999806,1.000140,1.000233,1.000056,1.000301,0.999992,-39.609027,0.000000,6.106189,13.127608,4.517286,14.815661,17.629237,-34.274698,288.383297,447.800150,209.391350,467.503357,6.717002,286.592096,294.652499,141.504847,562.436988,245.394482,221.661074,276.382253,200.614467,124.488442,251.663684,184.493662,253.902685,8.239523,988.742731,2.149441,164.790455,75.230425,157.625653,78.812826,137.026846,28.927890,26.868009,92.246831,102.994034,75.767785,-82.574348,42.272334,15.225205,67.617823,24.718568,24.091648,4.119761,223.900075
6.320000,1.050605,59.995368,-6.055274,1.056319,59.998847,-4.041214,1.043476,59.999268,-6.787810,1.020488,59.997679,-7.842619,1.020699,59.996360,-7.039615,1.022596,59.996166,-6.494578,1.012990,59.996082,-8.308993,1.011907,59.996028,-8.697598,1.034655,59.994354,-7.886391,1.031154,59.996632,-4.331470,1.027245,59.996490,-5.066844,1.017290,59.996756,-5.026683,1.029212,59.997020,-4.895162,1.028069,59.997987,-6.199473,1.033452,60.000547,-6.237510,1.048426,60.001648,-4.882164,1.050252,60.001492,-5.836567,1.046638,60.000642,-6.571036,1.062010,60.004401,-0.384641,1.002913,60.005660,-1.262808,1.048623,60.001594,-2.789044,1.063770,60.001554,1.086447,1.059215,60.001498,0.917410,1.053471,60.001620,-4.777089,1.064551,60.000362,-3.006920,1.070345,60.004254,-4.506810,1.056389,60.002961,-6.116527,1.073803,60.009196,-1.956225,1.073615,60.010901,0.262743,1.043919,59.997256,-1.526592,0.986500,59.993231,-0.003629,0.987955,59.995348,2.514040,1.003329,60.005302,4.211483,1.020478,60.007311,3.279140,1.058149,60.001598,5.432907,1.072023,60.001260,7.810387,1.030378,60.000839,3.030313,1.046968,60.014705,6.009635,1.029757,59.993222,-7.272346,0.999884,0.999680,0.999847,1.000145,1.000243,1.000054,1.000423,0.999909,-39.499592,0.000000,6.188698,13.346868,4.777986,14.997231,17.943493,-34.138461,288.383297,447.800150,209.391350,467.503357,6.717002,286.592096,294.652499,141.504847,562.436988,245.394482,221.661074,276.382253,200.614467,124.488442,251.663684,184.493662,253.902685,8.239523,988.742731,2.149441,164.790455,75.230425,157.625653,78.812826,137.026846,28.927890,26.868009,92.246831,102.994034,75.767785,-82.574348,42.272334,15.225205,67.617823,24.718568,24.091648,4.119761,223.900075
6.340000,1.050556,59.995103,-6.096205,1.056233,59.998660,-4.056731,1.043404,59.999539,-6.798227,1.020480,59.998413,-7.862401,1.020728,59.997340,-7.067794,1.022633,59.997226,-6.523795,1.013021,59.996998,-8.339463,1.011937,59.996882,-8.728737,1.034669,59.994521,-7.932682,1.031191,59.997737,-4.357128,1.027282,59.997577,-5.093605,1.017322,59.997813,-5.051662,1.029238,59.998048,-4.918369,1.028063,59.998828,-6.216557,1.033380,60.001165,-6.237142,1.048332,60.002205,-4.874137,1.050139,60.002040,-5.829705,1.046538,60.001075,-6.570819,1.061945,60.004833,-0.357337,1.002856,60.005989,-1.226891,1.048526,60.002201,-2.781179,1.063672,60.002259,1.094467,1.059122,60.002196,0.924993,1.053377,60.002179,-4.769256,1.064547,60.000476,-3.010160,1.070121,60.005260,-4.477962,1.056211,60.003728,-6.098083,1.073386,60.011271,-1.886928,1.073163,60.013385,0.346176,1.043924,59.996077,-1.558066,0.986615,59.995467,-0.048700,0.988048,59.996933,2.481286,1.003308,60.005731,4.245268,1.020440,60.007603,3.326787,1.058047,60.002417,5.441755,1.071944,60.002125,7.817007,1.030414,60.000931,3.030409,1.046506,60.018133,6.124747,1.029761,59.992925,-7.328879,0.999876,0.999773,0.999890,1.000147,1.000248,1.000051,1.000536,0.999829,-39.433340,0.000000,6.249926,13.528112,5.002413,15.138244,18.269080,-34.077019,288.383297,447.800150,209.391350,467.503357,6.717002,286.592096,294.652499,141.504847,562.436988,245.394482,221.661074,276.382253,200.614467,124.488442,251.663684,184.493662,253.902685,8.239523,988.742731,2.149441,164.790455,75.230425,157.625653,78.812826,137.026846,28.927890,26.868009,92.246831,102.994034,75.767785,-82.574348,42.272334,15.225205,67.617823,24.718568,24.091648,4.119761,223.900075
6.360000,1.050474,59.994845,-6.147066,1.056079,59.998459,-4.081714,1.043254,59.999775,-6.814901,1.020390,59.999122,-7.885056,1.020678,59.998307,-7.097020,1.022589,59.998273,-6.553483,1.012976,59.997903,-8.371432,1.011891,59.997726,-8.761815,1.034645,59.994697,-7.985779,1.031147,59.998825,-4.382948,1.027237,59.998649,-5.120649,1.017270,59.998852,-5.077157,1.029182,59.999056,-4.942308,1.027974,59.999638,-6.235769,1.033219,60.001722,-6.240649,1.048148,60.002685,-4.870493,1.049933,60.002511,-5.827293,1.046352,60.001448,-6.575803,1.061808,60.005159,-0.335449,1.002735,60.006200,-1.197192,1.048335,60.002732,-2.777332,1.063478,60.002887,1.099167,1.058932,60.002817,0.929207,1.053192,60.002661,-4.765791,1.064481,60.000545,-3.020834,1.069779,60.006128,-4.450538,1.055923,60.004385,-6.082659,1.072800,60.013095,-1.811857,1.072532,60.015582,0.438168,1.043890,59.994953,-1.605845,0.986658,59.997707,-0.085685,0.988074,59.998519,2.451909,1.003226,60.006044,4.273565,1.020348,60.007756,3.367853,1.057849,60.003154,5.448084,1.071767,60.002911,7.821452,1.030401,60.000976,3.022902,1.045861,60.021192,6.254855,1.029753,59.992649,-7.395509,0.999868,0.999869,0.999934,1.000146,1.000249,1.000047,1.000639,0.999752,-39.411513,0.000000,6.289092,13.668780,5.187298,15.236774,18.600522,-34.090404,288.383297,447.800150,209.391350,467.503357,6.717002,286.592096,294.652499,141.504847,562.436988,245.394482,221.661074,276.382253,200.614467,124.488442,251.663684,184.493662,253.902685,8.239523,988.742731,2.149441,164.790455,75.230425,157.625653,78.812826,137.026846,28.927890,26.868009,92.246831,102.994034,75.767785,-82.574348,42.272334,15.225205,67.617823,24.718568,24.091648,4.119761,223.900075
6.380000,1.050359,59.994599,-6.207345,1.055861,59.998253,-4.115788,1.043029,59.999978,-6.837637,1.020220,59.999799,-7.910360,1.020549,59.999247,-7.127013,1.022466,59.999293,-6.583358,1.012854,59.998785,-8.404598,1.011770,59.998549,-8.796519,1.034583,59.994877,-8.045204,1.031023,59.999884,-4.408669,1.027112,59.999693,-5.147706,1.017136,59.999861,-5.102914,1.029045,60.000032,-4.966741,1.027802,60.000409,-6.256932,1.032973,60.002214,-6.248050,1.047878,60.003090,-4.871342,1.049639,60.002905,-5.829448,1.046081,60.001761,-6.585986,1.061600,60.005386,-0.319275,1.002553,60.006300,-1.174094,1.048053,60.003187,-2.777619,1.063190,60.003435,1.100416,1.058648,60.003360,0.929928,1.052921,60.003069,-4.766802,1.064355,60.000575,-3.038807,1.069322,60.006851,-4.425128,1.055532,60.004929,-6.070625,1.072052,60.014648,-1.732475,1.071731,60.017464,0.536963,1.043818,59.993915,-1.668960,0.986628,59.999919,-0.114267,0.988031,60.000085,2.426261,1.003083,60.006249,4.296014,1.020203,60.007781,3.401826,1.057559,60.003809,5.451740,1.071496,60.003617,7.823583,1.030339,60.000983,3.007931,1.045041,60.023842,6.397554,1.029733,59.992395,-7.471643,0.999860,0.999966,0.999979,1.000144,1.000247,1.000042,1.000730,0.999682,-39.434625,0.000000,6.305867,13.767136,5.330221,15.291717,18.932375,-34.177205,288.383297,447.800150,209.391350,467.503357,6.717002,286.592096,294.652499,141.504847,562.436988,245.394482,221.661074,276.382253,200.614467,124.488442,251.663684,184.493662,253.902685,8.239523,988.742731,2.149441,164.790455,75.230425,157.625653,78.812826,137.026846,28.927890,26.868009,92.246831,102.994034,75.767785,-82.574348,42.272334,15.225205,67.617823,24.718568,24.091648,4.119761,223.900075
6.400000,1.050213,59.994371,-6.276440,1.055581,59.998052,-4.158449,1.042732,60.000152,-6.866166,1.019972,60.000438,-7.938079,1.020342,60.000150,-7.157520,1.022266,60.000276,-6.613173,1.012657,59.999633,-8.438680,1.011576,59.999340,-8.832557,1.034484,59.995058,-8.110447,1.030821,60.000903,-4.434064,1.026909,60.000697,-5.174544,1.016921,60.000828,-5.128707,1.028827,60.000966,-4.991454,1.027550,60.001135,-6.279862,1.032644,60.002642,-6.259320,1.047525,60.003421,-4.876735,1.049258,60.003225,-5.836222,1.045730,60.002017,-6.601295,1.061325,60.005520,-0.309014,1.002313,60.006298,-1.157860,1.047683,60.003566,-2.782099,1.062811,60.003905,1.098137,1.058273,60.003825,0.927082,1.052565,60.003402,-4.772339,1.064170,60.000573,-3.063834,1.068755,60.007426,-4.402302,1.055040,60.005360,-6.062305,1.071152,60.015913,-1.650322,1.070769,60.019012,0.640691,1.043712,59.992987,-1.746190,0.986527,60.002071,-0.134298,0.987920,60.001614,2.404609,1.002883,60.006355,4.312367,1.020007,60.007691,3.428333,1.057180,60.004381,5.452613,1.071133,60.004241,7.823306,1.030230,60.000960,2.985747,1.044056,60.026051,6.550242,1.029700,59.992165,-7.556621,0.999853,1.000061,1.000023,1.000139,1.000240,1.000036,1.000809,0.999618,-39.502461,0.000000,6.300376,13.822286,5.429633,15.302789,19.259330,-34.334628,288.383297,447.800150,209.391350,467.503357,6.717002,286.592096,294.652499,141.504847,562.436988,245.394482,221.661074,276.382253,200.614467,124.488442,251.663684,184.493662,253.902685,8.239523,988.742731,2.149441,164.790455,75.230425,157.625653,78.812826,137.026846,28.927890,26.868009,92.246831,102.994034,75.767785,-82.574348,42.272334,15.225205,67.617823,24.718568,24.091648,4.119761,223.900075
6.420000,1.050037,59.994166,-6.353659,1.055243,59.997868,-4.209069,1.042367,60.000300,-6.900142,1.019648,60.001035,-7.967966,1.020060,60.001005,-7.188316,1.021990,60.001208,-6.642715,1.012387,60.000438,-8.473427,1.011311,60.000091,-8.869656,1.034348,59.995238,-8.180969,1.030541,60.001869,-4.458935,1.026629,60.001649,-5.200962,1.016627,60.001745,-5.154341,1.028533,60.001848,-5.016253,1.027220,60.001810,-6.304373,1.032237,60.003005,-6.274383,1.047094,60.003680,-4.886655,1.048798,60.003471,-5.847608,1.045302,60.002218,-6.621592,1.060985,60.005569,-0.304757,1.002016,60.006207,-1.148629,1.047230,60.003871,-2.790766,1.062347,60.004297,1.092307,1.057812,60.004212,0.920654,1.052130,60.003663,-4.782382,1.063927,60.000546,-3.095572,1.068086,60.007851,-4.382592,1.054456,60.005678,-6.057975,1.070111,60.016881,-1.566977,1.069659,60.020210,0.747414,1.043573,59.992194,-1.836084,0.986354,60.004133,-0.145802,0.987742,60.003086,2.387136,1.002628,60.006371,4.322492,1.019763,60.007500,3.447149,1.056716,60.004869,5.450646,1.070684,60.004782,7.820569,1.030073,60.000915,2.956713,1.042920,60.027797,6.710181,1.029656,59.991961,-7.649720,0.999847,1.000155,1.000067,1.000133,1.000231,1.000031,1.000873,0.999563,-39.614082,0.000000,6.273174,13.834171,5.484863,15.270517,19.576303,-34.558572,288.383297,447.800150,209.391350,467.503357,6.717002,286.592096,294.652499,141.504847,562.436988,245.394482,221.661074,276.382253,200.614467,124.488442,251.663684,184.493662,253.902685,8.239523,988.742731,2.149441,164.790455,75.230425,157.625653,78.812826,137.026846,28.927890,26.868009,92.246831,102.994034,75.767785,-82.574348,42.272334,15.225205,67.617823,24.718568,24.091648,4.119761,223.900075
6.440000,1.049834,59.993988,-6.438234,1.054852,59.997708,-4.266906,1.041938,60.000427,-6.939148,1.019253,60.001584,-7.999766,1.019706,60.001804,-7.219197,1.021641,60.002080,-6.671805,1.012046,60.001190,-8.508606,1.010977,60.000793,-8.907561,1.034176,59.995415,-8.256206,1.030188,60.002773,-4.483121,1.026275,60.002540,-5.226789,1.016258,60.002600,-5.179645,1.028164,60.002669,-5.040967,1.026816,60.002428,-6.330274,1.031755,60.003304,-6.293114,1.046589,60.003870,-4.901016,1.048262,60.003649,-5.863528,1.044804,60.002369,-6.646665,1.060585,60.005541,-0.306493,1.001668,60.006037,-1.146413,1.046699,60.004105,-2.803551,1.061803,60.004613,1.082962,1.057271,60.004526,0.910685,1.051620,60.003857,-4.796848,1.063629,60.000502,-3.133578,1.067323,60.008130,-4.366477,1.053785,60.005886,-6.057846,1.068943,60.017547,-1.484018,1.068416,60.021052,0.855168,1.043405,59.991557,-1.936995,0.986110,60.006078,-0.148966,0.987499,60.004483,2.373936,1.002322,60.006308,4.326375,1.019473,60.007222,3.458193,1.056174,60.005276,5.445831,1.070154,60.005243,7.815370,1.029872,60.000857,2.921295,1.041647,60.029065,6.874546,1.029601,59.991785,-7.750158,0.999841,1.000244,1.000110,1.000125,1.000220,1.000025,1.000923,0.999518,-39.767849,0.000000,6.225234,13.803550,5.496110,15.196214,19.878526,-34.843735,288.383297,447.800150,209.391350,467.503357,6.717002,286.592096,294.652499,141.504847,562.436988,245.394482,221.661074,276.382253,200.614467,124.488442,251.663684,184.493662,253.902685,8.239523,988.742731,2.149441,164.790455,75.230425,157.625653,78.812826,137.026846,28.927890,26.868009,92.246831,102.994034,75.767785,-82.574348,42.272334,15.225205,67.617823,24.718568,24.091648,4.119761,223.900075
6.460000,1.049606,59.993841,-6.529321,1.054414,59.997582,-4.331113,1.041450,60.000535,-6.982697,1.018790,60.002082,-8.033210,1.019284,60.002538,-7.249986,1.021222,60.002882,-6.700297,1.011639,60.001881,-8.544009,1.010578,60.001438,-8.946035,1.033972,59.995585,-8.335568,1.029765,60.003605,-4.506488,1.025852,60.003360,-5.251889,1.015817,60.003384,-5.204473,1.027726,60.003421,-5.065445,1.026343,60.002985,-6.357369,1.031205,60.003542,-6.315336,1.046017,60.003997,-4.919667,1.047658,60.003762,-5.883833,1.044240,60.002473,-6.676234,1.060130,60.005447,-0.314104,1.001271,60.005800,-1.151101,1.046097,60.004273,-2.820320,1.061186,60.004857,1.070196,1.056657,60.004767,0.897277,1.051042,60.003986,-4.815580,1.063281,60.000449,-3.177316,1.066477,60.008266,-4.354369,1.053036,60.005991,-6.062057,1.067664,60.017912,-1.402990,1.067056,60.021538,0.962010,1.043212,59.991090,-2.047106,0.985797,60.007879,-0.144133,0.987194,60.005788,2.365022,1.001968,60.006175,4.324112,1.019140,60.006871,3.461528,1.055560,60.005602,5.438209,1.069549,60.005623,7.807752,1.029628,60.000792,2.880057,1.040254,60.029848,7.040490,1.029535,59.991638,-7.857105,0.999836,1.000328,1.000151,1.000116,1.000206,1.000019,1.000958,0.999483,-39.961463,0.000000,6.157913,13.731967,5.464412,15.081937,20.161628,-35.183737,288.383297,447.800150,209.391350,467.503357,6.717002,286.592096,294.652499,141.504847,562.436988,245.394482,221.661074,276.382253,200.614467,124.488442,251.663684,184.493662,253.902685,8.239523,988.742731,2.149441,164.790455,75.230425,157.625653,78.812826,137.026846,28.927890,26.868009,92.246831,102.994034,75.767785,-82.574348,42.272334,15.225205,67.617823,24.718568,24.091648,4.119761,223.900075
6.480000,1.049356,59.993730,-6.626015,1.053935,59.997498,-4.400754,1.040911,60.000630,-7.030240,1.018266,60.002526,-8.068020,1.018797,60.003199,-7.280526,1.020739,60.003606,-6.728073,1.011169,60.002505,-8.579446,1.010119,60.002020,-8.984857,1.033735,59.995748,-8.418448,1.029277,60.004356,-4.528932,1.025364,60.004099,-5.276152,1.015309,60.004092,-5.228706,1.027222,60.004097,-5.089555,1.025806,60.003477,-6.385455,1.030593,60.003722,-6.340820,1.045385,60.004065,-4.942383,1.046993,60.003815,-5.908306,1.043619,60.002536,-6.709950,1.059625,60.005294,-0.327373,1.000831,60.005507,-1.162460,1.045431,60.004379,-2.840871,1.060503,60.005032,1.054164,1.055976,60.004941,0.880590,1.050403,60.004057,-4.838357,1.062886,60.000394,-3.226161,1.065559,60.008268,-4.346599,1.052220,60.005997,-6.070671,1.066292,60.017984,-1.325367,1.065598,60.021672,1.066050,1.042997,59.990807,-2.164467,0.985419,60.009511,-0.131791,0.986829,60.006986,2.360322,1.001570,60.005983,4.315912,1.018769,60.006462,3.457357,1.054882,60.005851,5.427876,1.068877,60.005924,7.797807,1.029344,60.000729,2.833647,1.038761,60.030150,7.205194,1.029460,59.991521,-7.969685,0.999831,1.000405,1.000189,1.000107,1.000191,1.000014,1.000977,0.999459,-40.192005,0.000000,6.072915,13.621703,5.391610,14.930436,20.421707,-35.571264,288.383297,447.800150,209.391350,467.503357,6.717002,286.592096,294.652499,141.504847,562.436988,245.394482,221.661074,276.382253,200.614467,124.488442,251.663684,184.493662,253.902685,8.239523,988.742731,2.149441,164.790455,75.230425,157.625653,78.812826,137.026846,28.927890,26.868009,92.246831,102.994034,75.767785,-82.574348,42.272334,15.225205,67.617823,24.718568,24.091648,4.119761,223.900075
6.500000,1.049087,59.993658,-6.727358,1.053421,59.997461,-4.474816,1.040326,60.000715,-7.081168,1.017686,60.002913,-8.103909,1.018252,60.003781,-7.310681,1.020197,60.004243,-6.755045,1.010642,60.003054,-8.614747,1.009603,60.002532,-9.023820,1.033470,59.995901,-8.504221,1.028729,60.005020,-4.550379,1.024816,60.004752,-5.299498,1.014740,60.004714,-5.252245,1.026659,60.004691,-5.113184,1.025212,60.003901,-6.414323,1.029927,60.003846,-6.369287,1.044700,60.004079,-4.968875,1.046275,60.003816,-5.936657,1.042948,60.002564,-6.747396,1.059077,60.005094,-0.345982,1.000352,60.005172,-1.180144,1.044710,60.004428,-2.864942,1.059762,60.005142,1.035075,1.055237,60.005051,0.860842,1.049710,60.004075,-4.864886,1.062449,60.000342,-3.279415,1.064580,60.008145,-4.343407,1.051347,60.005915,-6.083664,1.064845,60.017774,-1.252523,1.064062,60.021466,1.165499,1.042765,59.990715,-2.287031,0.984978,60.010953,-0.112560,0.986410,60.008062,2.359686,1.001135,60.005743,4.302085,1.018363,60.006009,3.446017,1.054147,60.006024,5.414973,1.068145,60.006150,7.785670,1.029025,60.000674,2.782792,1.037189,60.029981,7.365922,1.029376,59.991436,-8.086983,0.999827,1.000474,1.000224,1.000097,1.000174,1.000009,1.000982,0.999447,-40.455992,0.000000,5.972254,13.475716,5.280288,14.745088,20.655388,-35.998224,288.383297,447.800150,209.391350,467.503357,6.717002,286.592096,294.652499,141.504847,562.436988,245.394482,221.661074,276.382253,200.614467,124.488442,251.663684,184.493662,253.902685,8.239523,988.742731,2.149441,164.790455,75.230425,157.625653,78.812826,137.026846,28.927890,26.868009,92.246831,102.994034,75.767785,-82.574348,42.272334,15.225205,67.617823,24.718568,24.091648,4.119761,223.900075
6.520000,1.048803,59.993627,-6.832347,1.052880,59.997475,-4.552224,1.039703,60.000793,-7.134827,1.017058,60.003243,-8.140579,1.017655,60.004278,-7.340334,1.019602,60.004789,-6.781148,1.010064,60.003524,-8.649758,1.009038,60.002971,-9.062731,1.033179,59.996043,-8.592249,1.028128,60.005589,-4.570779,1.024214,60.005312,-5.321870,1.014118,60.005247,-5.275012,1.026044,60.005199,-5.136233,1.024568,60.004256,-6.443759,1.029216,60.003917,-6.400408,1.043971,60.004046,-4.998789,1.045515,60.003769,-5.968531,1.042237,60.002560,-6.788097,1.058491,60.004854,-0.369527,0.999840,60.004806,-1.203698,1.043942,60.004425,-2.892208,1.058974,60.005191,1.013192,1.054450,60.005101,0.838303,1.048973,60.004045,-4.894815,1.061978,60.000300,-3.336309,1.063556,60.007907,-4.344937,1.050429,60.005752,-6.100927,1.063344,60.017298,-1.185707,1.062472,60.020938,1.258696,1.042519,59.990818,-2.412688,0.984479,60.012187,-0.087181,0.985940,60.009004,2.362889,1.000666,60.005464,4.283038,1.017927,60.005527,3.427965,1.053366,60.006127,5.399688,1.067364,60.006303,7.771518,1.028674,60.000631,2.728281,1.035560,60.029358,7.520071,1.029283,59.991384,-8.208057,0.999824,1.000534,1.000256,1.000087,1.000157,1.000004,1.000972,0.999446,-40.749446,0.000000,5.858205,13.297568,5.133710,14.529824,20.859875,-36.455926,288.383297,447.800150,209.391350,467.503357,6.717002,286.592096,294.652499,141.504847,562.436988,245.394482,221.661074,276.382253,200.614467,124.488442,251.663684,184.493662,253.902685,8.239523,988.742731,2.149441,164.790455,75.230425,157.625653,78.812826,137.026846,28.927890,26.868009,92.246831,102.994034,75.767785,-82.574348,42.272334,15.225205,67.617823,24.718568,24.091648,4.119761,223.900075
6.540000,1.048506,59.993638,-6.939949,1.052320,59.997545,-4.631861,1.039051,60.000868,-7.190518,1.016389,60.003513,-8.177726,1.017013,60.004687,-7.369382,1.018961,60.005237,-6.806340,1.009442,60.003911,-8.684340,1.008430,60.003333,-9.101407,1.032865,59.996174,-8.681884,1.027481,60.006060,-4.590105,1.023567,60.005773,-5.343234,1.013448,60.005685,-5.296950,1.025383,60.005614,-5.158623,1.023881,60.004539,-6.473545,1.028467,60.003941,-6.433812,1.043208,60.003972,-5.031713,1.044722,60.003682,-6.003510,1.041493,60.002532,-6.831521,1.057876,60.004584,-0.397520,0.999302,60.004419,-1.232569,1.043137,60.004375,-2.922290,1.058148,60.005185,0.988827,1.053624,60.005096,0.813293,1.048201,60.003974,-4.927731,1.061478,60.000274,-3.396019,1.062501,60.007566,-4.351231,1.049480,60.005519,-6.122266,1.061813,60.016577,-1.126014,1.060850,60.020109,1.344142,1.042265,59.991116,-2.539308,0.983928,60.013197,-0.056501,0.985425,60.009799,2.369637,1.000172,60.005155,4.259260,1.017466,60.005027,3.403773,1.052548,60.006162,5.382252,1.066543,60.006385,7.755565,1.028297,60.000606,2.670957,1.033899,60.028307,7.665212,1.029184,59.991365,-8.331940,0.999821,1.000584,1.000284,1.000078,1.000139,1.000001,1.000947,0.999457,-41.067966,0.000000,5.733252,13.091349,4.955736,14.289046,21.032977,-36.935246,288.383297,447.800150,209.391350,467.503357,6.717002,286.592096,294.652499,141.504847,562.436988,245.394482,221.661074,276.382253,200.614467,124.488442,251.663684,184.493662,253.902685,8.239523,988.742731,2.149441,164.790455,75.230425,157.625653,78.812826,137.026846,28.927890,26.868009,92.246831,102.994034,75.767785,-82.574348,42.272334,15.225205,67.617823,24.718568,24.091648,4.119761,223.900075
6.560000,1.048200,59.993694,-7.049112,1.051749,59.997672,-4.712581,1.038378,60.000943,-7.247517,1.015688,60.003722,-8.215042,1.016335,60.005005,-7.397739,1.018282,60.005584,-6.830598,1.008783,60.004212,-8.718364,1.007786,60.003615,-9.139678,1.032532,59.996293,-8.772472,1.026796,60.006426,-4.608351,1.022882,60.006132,-5.363578,1.012741,60.006025,-5.318017,1.024686,60.005936,-5.180283,1.023161,60.004750,-6.503457,1.027692,60.003921,-6.469089,1.042421,60.003861,-5.067183,1.043908,60.003560,-6.041120,1.040729,60.002482,-6.877091,1.057239,60.004293,-0.429401,0.998743,60.004022,-1.266121,1.042306,60.004284,-2.954761,1.057294,60.005126,0.962335,1.052771,60.005040,0.786174,1.047404,60.003866,-4.963170,1.060958,60.000266,-3.457680,1.061431,60.007136,-4.362229,1.048513,60.005226,-6.147403,1.060273,60.015633,-1.074376,1.059221,60.019005,1.420520,1.042006,59.991602,-2.664775,0.983331,60.013970,-0.021450,0.984872,60.010439,2.379577,0.999657,60.004826,4.231319,1.016985,60.004522,3.374111,1.051704,60.006132,5.362931,1.065693,60.006400,7.738057,1.027899,60.000601,2.611697,1.032229,60.026859,7.799135,1.029079,59.991380,-8.457650,0.999820,1.000624,1.000308,1.000068,1.000121,0.999998,1.000909,0.999479,-41.406801,0.000000,5.600041,12.861581,4.750735,14.027540,21.173138,-37.426822,288.383297,447.800150,209.391350,467.503357,6.717002,286.592096,294.652499,141.504847,562.436988,245.394482,221.661074,276.382253,200.614467,124.488442,251.663684,184.493662,253.902685,8.239523,988.742731,2.149441,164.790455,75.230425,157.625653,78.812826,137.026846,28.927890,26.868009,92.246831,102.994034,75.767785,-82.574348,42.272334,15.225205,67.617823,24.718568,24.091648,4.119761,223.900075
6.580000,1.047891,59.993794,-7.158773,1.051175,59.997855,-4.793237,1.037695,60.001017,-7.305080,1.014964,60.003872,-8.252219,1.015628,60.005228,-7.425332,1.017574,60.005829,-6.853917,1.008097,60.004425,-8.751718,1.007115,60.003816,-9.177381,1.032185,59.996400,-8.863360,1.026083,60.006687,-4.625533,1.022168,60.006386,-5.382908,1.012005,60.006264,-5.338188,1.023961,60.006161,-5.201163,1.022418,60.004889,-6.533275,1.026899,60.003860,-6.505799,1.041620,60.003719,-5.104693,1.043082,60.003409,-6.080840,1.039954,60.002416,-6.924193,1.056588,60.003987,-0.464550,0.998172,60.003623,-1.303643,1.041460,60.004157,-2.989152,1.056425,60.005020,0.934105,1.051902,60.004938,0.757345,1.046593,60.003728,-5.000625,1.060424,60.000280,-3.520400,1.060361,60.006630,-4.377774,1.047542,60.004882,-6.175985,1.058748,60.014490,-1.031543,1.057609,60.017653,1.486716,1.041749,59.992268,-2.787025,0.982696,60.014498,0.016967,0.984288,60.010917,2.392299,0.999128,60.004483,4.199842,1.016491,60.004023,3.339732,1.050845,60.006041,5.342020,1.064825,60.006351,7.719267,1.027486,60.000618,2.551402,1.030576,60.025048,7.919880,1.028969,59.991429,-8.584196,0.999819,1.000652,1.000327,1.000059,1.000104,0.999996,1.000859,0.999512,-41.760942,0.000000,5.461318,12.613133,4.523493,13.750379,21.279437,-37.921229,288.383297,447.800150,209.391350,467.503357,6.717002,286.592096,294.652499,141.504847,562.436988,245.394482,221.661074,276.382253,200.614467,124.488442,251.663684,184.493662,253.902685,8.239523,988.742731,2.149441,164.790455,75.230425,157.625653,78.812826,137.026846,28.927890,26.868009,92.246831,102.994034,75.767785,-82.574348,42.272334,15.225205,67.617823,24.718568,24.091648,4.119761,223.900075
6.600000,1.047581,59.993937,-7.267877,1.050607,59.998091,-4.872690,1.037010,60.001093,-7.362457,1.014227,60.003961,-8.288949,1.014903,60.005357,-7.452099,1.016846,60.005968,-6.876305,1.007392,60.004549,-8.784295,1.006426,60.003935,-9.214365,1.031828,59.996494,-8.953892,1.025350,60.006839,-4.641681,1.021434,60.006534,-5.401245,1.011250,60.006401,-5.357453,1.023218,60.006288,-5.221218,1.021660,60.004956,-6.562775,1.026101,60.003761,-6.543475,1.040816,60.003551,-5.143702,1.042258,60.003234,-6.122113,1.039179,60.002337,-6.972188,1.055932,60.003673,-0.502298,0.997594,60.003231,-1.344368,1.040611,60.003997,-3.024965,1.055552,60.004870,0.904554,1.051028,60.004794,0.727232,1.045779,60.003563,-5.039556,1.059887,60.000317,-3.583274,1.059308,60.006060,-4.397615,1.046580,60.004497,-6.207592,1.057261,60.013176,-0.998079,1.056037,60.016085,1.541830,1.041499,59.993100,-2.904083,0.982030,60.014775,0.057700,0.983681,60.011227,2.407348,0.998593,60.004134,4.165507,1.015988,60.003537,3.301457,1.049983,60.005893,5.319841,1.063951,60.006240,7.699488,1.027065,60.000659,2.490982,1.028964,60.022916,8.025758,1.028856,59.991513,-8.710590,0.999818,1.000669,1.000341,1.000051,1.000088,0.999996,1.000797,0.999554,-42.125203,0.000000,5.319877,12.351111,4.279106,13.462824,21.351579,-38.409167,288.383297,447.800150,209.391350,467.503357,6.717002,286.592096,294.652499,141.504847,562.436988,245.394482,221.661074,276.382253,200.614467,124.488442,251.663684,184.493662,253.902685,8.239523,988.742731,2.149441,164.790455,75.230425,157.625653,78.812826,137.026846,28.927890,26.868009,92.246831,102.994034,75.767785,-82.574348,42.272334,15.225205,67.617823,24.718568,24.091648,4.119761,223.900075
6.620000,1.047275,59.994122,-7.375385,1.050054,59.998377,-4.949836,1.036334,60.001169,-7.418908,1.013488,60.003989,-8.324933,1.014169,60.005391,-7.477987,1.016109,60.006003,-6.897784,1.006677,60.004584,-8.816000,1.005728,60.003972,-9.250483,1.031466,59.996576,-9.043425,1.024608,60.006883,-4.656843,1.020691,60.006574,-5.418625,1.010486,60.006436,-5.375814,1.022468,60.006317,-5.240420,1.020900,60.004950,-6.591741,1.025307,60.003629,-6.581636,1.040020,60.003360,-5.183645,1.041446,60.003040,-6.164355,1.038416,60.002247,-7.020425,1.055280,60.003356,-0.541943,0.997018,60.002852,-1.387484,1.039770,60.003809,-3.061678,1.054687,60.004680,0.874121,1.050162,60.004610,0.696278,1.044972,60.003375,-5.079401,1.059353,60.000376,-3.645403,1.058288,60.005439,-4.421419,1.045643,60.004079,-6.241743,1.055833,60.011719,-0.974360,1.054531,60.014333,1.585185,1.041258,59.994080,-3.014097,0.981343,60.014800,0.099670,0.983059,60.011365,2.424234,0.998059,60.003783,4.129028,1.015484,60.003073,3.260159,1.049129,60.005692,5.296730,1.063083,60.006071,7.679026,1.026643,60.000722,2.431336,1.027416,60.020504,8.115380,1.028742,59.991631,-8.835848,0.999819,1.000675,1.000350,1.000043,1.000072,0.999996,1.000725,0.999606,-42.494312,0.000000,5.178501,12.080768,4.022878,13.170229,21.389884,-38.881632,288.383297,447.800150,209.391350,467.503357,6.717002,286.592096,294.652499,141.504847,562.436988,245.394482,221.661074,276.382253,200.614467,124.488442,251.663684,184.493662,253.902685,8.239523,988.742731,2.149441,164.790455,75.230425,157.625653,78.812826,137.026846,28.927890,26.868009,92.246831,102.994034,75.767785,-82.574348,42.272334,15.225205,67.617823,24.718568,24.091648,4.119761,223.900075
6.640000,1.046977,59.994345,-7.480287,1.049524,59.998706,-5.023624,1.035676,60.001244,-7.473713,1.012756,60.003958,-8.359880,1.013437,60.005330,-7.502956,1.015372,60.005933,-6.918384,1.005963,60.004532,-8.846745,1.005031,60.003928,-9.285598,1.031103,59.996645,-9.131324,1.023867,60.006819,-4.671077,1.019950,60.006507,-5.435095,1.009724,60.006369,-5.393284,1.021720,60.006249,-5.258750,1.020146,60.004874,-6.619964,1.024529,60.003464,-6.619797,1.039242,60.003150,-5.223948,1.040659,60.002829,-6.206969,1.037674,60.002148,-7.068250,1.054639,60.003041,-0.582762,0.996451,60.002490,-1.432155,1.038948,60.003596,-3.098760,1.053842,60.004453,0.843250,1.049315,60.004390,0.664938,1.044185,60.003168,-5.119585,1.058832,60.000456,-3.705907,1.057315,60.004778,-4.448778,1.044744,60.003636,-6.277917,1.054487,60.010144,-0.960577,1.053111,60.012429,1.616328,1.041034,59.995187,-3.115368,0.980645,60.014574,0.141788,0.982430,60.011330,2.442438,0.997533,60.003436,4.091140,1.014984,60.002637,3.216743,1.048295,60.005439,5.273036,1.062232,60.005846,7.658193,1.026225,60.000806,2.373342,1.025956,60.017860,8.187665,1.028627,59.991782,-8.959005,0.999820,1.000669,1.000354,1.000037,1.000058,0.999997,1.000644,0.999665,-42.862997,0.000000,5.039914,11.807396,3.760215,12.877941,21.395245,-39.330085,288.383297,447.800150,209.391350,467.503357,6.717002,286.592096,294.652499,141.504847,562.436988,245.394482,221.661074,276.382253,200.614467,124.488442,251.663684,184.493662,253.902685,8.239523,988.742731,2.149441,164.790455,75.230425,157.625653,78.812826,137.026846,28.927890,26.868009,92.246831,102.994034,75.767785,-82.574348,42.272334,15.225205,67.617823,24.718568,24.091648,4.119761,223.900075
6.660000,1.046690,59.994603,-7.581617,1.049025,59.999071,-5.093072,1.035046,60.001316,-7.526187,1.012042,60.003867,-8.393517,1.012717,60.005177,-7.526972,1.014646,60.005761,-6.938141,1.005261,60.004393,-8.876449,1.004345,60.003805,-9.319583,1.030745,59.996703,-9.216969,1.023138,60.006647,-4.684454,1.019219,60.006336,-5.450712,1.008974,60.006201,-5.409887,1.020986,60.006084,-5.276201,1.019411,60.004728,-6.647244,1.023778,60.003269,-6.657474,1.038494,60.002923,-5.264035,1.039906,60.002605,-6.249358,1.036965,60.002039,-7.115026,1.054019,60.002730,-0.624026,0.995899,60.002148,-1.477534,1.038156,60.003359,-3.135679,1.053027,60.004190,0.812390,1.048498,60.004136,0.633664,1.043426,60.002943,-5.159535,1.058332,60.000554,-3.763945,1.056404,60.004088,-4.479227,1.043895,60.003175,-6.315558,1.053241,60.008480,-0.956741,1.051798,60.010409,1.635027,1.040829,59.996397,-3.206383,0.979945,60.014104,0.182982,0.981804,60.011124,2.461424,0.997021,60.003095,4.052585,1.014494,60.002231,3.172128,1.047492,60.005137,5.249107,1.061411,60.005567,7.637300,1.025819,60.000908,2.317837,1.024604,60.015028,8.241849,1.028514,59.991967,-9.079118,0.999822,1.000652,1.000352,1.000031,1.000045,0.999999,1.000557,0.999731,-43.226075,0.000000,4.906718,11.536228,3.496519,12.591200,21.369094,-39.746606,288.383297,447.800150,209.391350,467.503357,6.717002,286.592096,294.652499,141.504847,562.436988,245.394482,221.661074,276.382253,200.614467,124.488442,251.663684,184.493662,253.902685,8.239523,988.742731,2.149441,164.790455,75.230425,157.625653,78.812826,137.026846,28.927890,26.868009,92.246831,102.994034,75.767785,-82.574348,42.272334,15.225205,67.617823,24.718568,24.091648,4.119761,223.900075
6.680000,1.046419,59.994892,-7.678460,1.048564,59.999461,-5.157288,1.034452,60.001379,-7.575692,1.011356,60.003717,-8.425588,1.012019,60.004934,-7.550009,1.013942,60.005489,-6.957099,1.004579,60.004171,-8.905040,1.003679,60.003605,-9.352316,1.030397,59.996749,-9.299763,1.022430,60.006371,-4.697052,1.018511,60.006062,-5.465539,1.008248,60.005935,-5.425654,1.020276,60.005826,-5.292774,1.018703,60.004514,-6.673396,1.023062,60.003045,-6.694199,1.037786,60.002680,-5.303345,1.039198,60.002367,-6.290935,1.036298,60.001921,-7.160137,1.053427,60.002426,-0.665012,0.995370,60.001829,-1.522783,1.037406,60.003100,-3.171916,1.052255,60.003895,0.781979,1.047723,60.003849,0.602903,1.042708,60.002702,-5.198690,1.057860,60.000665,-3.818731,1.055567,60.003377,-4.512254,1.043109,60.002700,-6.354097,1.052112,60.006753,-0.962696,1.050610,60.008303,1.641264,1.040648,59.997683,-3.285841,0.979254,60.013398,0.222213,0.981189,60.010749,2.480652,0.996531,60.002763,4.014101,1.014020,60.001859,3.127231,1.046730,60.004790,5.225290,1.060629,60.005236,7.616652,1.025431,60.001021,2.265609,1.023378,60.012059,8.277485,1.028403,59.992182,-9.195275,0.999825,1.000625,1.000346,1.000026,1.000033,1.000002,1.000463,0.999802,-43.578535,0.000000,4.781356,11.272343,3.237084,12.315051,21.313351,-40.124032,288.383297,447.800150,209.391350,467.503357,6.717002,286.592096,294.652499,141.504847,562.436988,245.394482,221.661074,276.382253,200.614467,124.488442,251.663684,184.493662,253.902685,8.239523,988.742731,2.149441,164.790455,75.230425,157.625653,78.812826,137.026846,28.927890,26.868009,92.246831,102.994034,75.767785,-82.574348,42.272334,15.225205,67.617823,24.718568,24.091648,4.119761,223.900075
6.700000,1.046167,59.995206,-7.769967,1.048147,59.999865,-5.215482,1.033902,60.001431,-7.621648,1.010708,60.003508,-8.455863,1.011354,60.004605,-7.572046,1.013269,60.005123,-6.975301,1.003928,60.003869,-8.932450,1.003043,60.003330,-9.383684,1.030064,59.996784,-9.379133,1.021755,60.005993,-4.708954,1.017834,60.005689,-5.479647,1.007556,60.005574,-5.440625,1.019599,60.005476,-5.308481,1.018033,60.004233,-6.698253,1.022393,60.002792,-6.729524,1.037126,60.002420,-5.341337,1.038545,60.002117,-6.331140,1.035682,60.001791,-7.203010,1.052871,60.002127,-0.705021,0.994869,60.001533,-1.567085,1.036706,60.002820,-3.206971,1.051533,60.003567,0.752437,1.046999,60.003532,0.573078,1.042039,60.002445,-5.236512,1.057423,60.000782,-3.869546,1.054817,60.002653,-4.547319,1.042395,60.002216,-6.392958,1.051116,60.004988,-0.978129,1.049562,60.006144,1.635226,1.040494,59.999016,-3.352672,0.978582,60.012471,0.258501,0.980594,60.010210,2.499582,0.996068,60.002439,3.976402,1.013567,60.001521,3.082948,1.046019,60.004400,5.201918,1.059897,60.004856,7.596541,1.025067,60.001142,2.217376,1.022293,60.008998,8.294443,1.028297,59.992428,-9.306601,0.999829,1.000588,1.000334,1.000022,1.000023,1.000005,1.000366,0.999876,-43.915612,0.000000,4.666058,11.020574,2.987001,12.054253,21.230363,-40.456082,288.383297,447.800150,209.391350,467.503357,6.717002,286.592096,294.652499,141.504847,562.436988,245.394482,221.661074,276.382253,200.614467,124.488442,251.663684,184.493662,253.902685,8.239523,988.742731,2.149441,164.790455,75.230425,157.625653,78.812826,137.026846,28.927890,26.868009,92.246831,102.994034,75.767785,-82.574348,42.272334,15.225205,67.617823,24.718568,24.091648,4.119761,223.900075
6.720000,1.045937,59.995539,-7.855360,1.047780,60.000272,-5.266984,1.033405,60.001465,-7.663549,1.010107,60.003241,-8.484138,1.010730,60.004192,-7.593069,1.012637,60.004665,-6.992793,1.003316,60.003491,-8.958619,1.002446,60.002986,-9.413583,1.029750,59.996809,-9.454536,1.021120,60.005519,-4.720251,1.017199,60.005221,-5.493107,1.006906,60.005122,-5.454845,1.018966,60.005038,-5.323342,1.017411,60.003886,-6.721665,1.021778,60.002511,-6.763036,1.036523,60.002145,-5.377506,1.037955,60.001852,-6.369447,1.035125,60.001647,-7.243119,1.052356,60.001835,-0.743389,0.994403,60.001258,-1.609663,1.036065,60.002518,-3.240379,1.050873,60.003209,0.724161,1.046335,60.003183,0.544590,1.041427,60.002171,-5.272498,1.057029,60.000899,-3.915752,1.054161,60.001923,-4.583862,1.041764,60.001724,-6.431580,1.050264,60.003208,-1.002587,1.048668,60.003963,1.617289,1.040370,60.000364,-3.406055,0.977941,60.011339,0.290943,0.980028,60.009516,2.517693,0.995638,60.002124,3.940174,1.013141,60.001215,3.040138,1.045368,60.003968,5.179309,1.059225,60.004428,7.577240,1.024731,60.001263,2.173780,1.021363,60.005892,8.292899,1.028197,59.992702,-9.412268,0.999833,1.000541,1.000318,1.000019,1.000015,1.000009,1.000266,0.999952,-44.232867,0.000000,4.562804,10.785426,2.751062,11.813200,21.122849,-40.737460,288.383297,447.800150,209.391350,467.503357,6.717002,286.592096,294.652499,141.504847,562.436988,245.394482,221.661074,276.382253,200.614467,124.488442,251.663684,184.493662,253.902685,8.239523,988.742731,2.149441,164.790455,75.230425,157.625653,78.812826,137.026846,28.927890,26.868009,92.246831,102.994034,75.767785,-82.574348,42.272334,15.225205,67.617823,24.718568,24.091648,4.119761,223.900075
6.740000,1.045731,59.995885,-7.933947,1.047468,60.000668,-5.311252,1.032965,60.001474,-7.700963,1.009560,60.002918,-8.510241,1.010156,60.003702,-7.613069,1.012055,60.004123,-7.009617,1.002753,60.003040,-8.983491,1.001897,60.002574,-9.441919,1.029460,59.996823,-9.525461,1.020536,60.004953,-4.731030,1.016613,60.004664,-5.505990,1.006309,60.004583,-5.468362,1.018384,60.004517,-5.337383,1.016843,60.003477,-6.743508,1.021226,60.002200,-6.794359,1.035984,60.001851,-5.411393,1.037434,60.001572,-6.405380,1.034634,60.001485,-7.279998,1.051890,60.001546,-0.779498,0.993977,60.001001,-1.649792,1.035492,60.002194,-3.271712,1.050280,60.002820,0.697514,1.045739,60.002804,0.517803,1.040879,60.001878,-5.306192,1.056681,60.001007,-3.956806,1.053609,60.001192,-4.621324,1.041221,60.001226,-6.469423,1.049565,60.001436,-1.035490,1.047935,60.001788,1.588008,1.040278,60.001697,-3.445434,0.977338,60.010021,0.318732,0.979497,60.008675,2.534484,0.995246,60.001815,3.906053,1.012745,60.000938,2.999607,1.044785,60.003496,5.157756,1.058619,60.003955,7.558998,1.024429,60.001376,2.135371,1.020597,60.002788,8.273321,1.028103,59.993002,-9.511496,0.999838,1.000487,1.000297,1.000017,1.000008,1.000014,1.000166,1.000029,-44.526246,0.000000,4.473293,10.570993,2.533680,11.595847,20.993831,-40.963937,288.383297,447.800150,209.391350,467.503357,6.717002,286.592096,294.652499,141.504847,562.436988,245.394482,221.661074,276.382253,200.614467,124.488442,251.663684,184.493662,253.902685,8.239523,988.742731,2.149441,164.790455,75.230425,157.625653,78.812826,137.026846,28.927890,26.868009,92.246831,102.994034,75.767785,-82.574348,42.272334,15.225205,67.617823,24.718568,24.091648,4.119761,223.900075
6.760000,1.045552,59.996237,-8.005120,1.047214,60.001039,-5.347881,1.032588,60.001454,-7.733547,1.009075,60.002539,-8.534031,1.009641,60.003138,-7.632039,1.011531,60.003501,-7.025814,1.002246,60.002523,-9.007017,1.001401,60.002101,-9.468603,1.029198,59.996827,-9.591436,1.020009,60.004301,-4.741381,1.016086,60.004024,-5.518368,1.005771,60.003965,-5.481226,1.017861,60.003918,-5.350636,1.016338,60.003008,-6.763676,1.020741,60.001859,-6.823164,1.035514,60.001538,-5.442588,1.036989,60.001275,-6.438514,1.034214,60.001300,-7.313252,1.051476,60.001258,-0.812788,0.993595,60.000758,-1.686812,1.034991,60.001846,-3.300593,1.049762,60.002400,0.672821,1.045218,60.002395,0.493042,1.040402,60.001566,-5.337186,1.056384,60.001097,-3.992267,1.053164,60.000462,-4.659154,1.040773,60.000722,-6.505986,1.049025,59.999691,-1.076148,1.047371,59.999647,1.548095,1.040220,60.002982,-3.470521,0.976784,60.008539,0.341172,0.979010,60.007697,2.549490,0.994895,60.001510,3.874623,1.012385,60.000687,2.962093,1.044274,60.002986,5.137529,1.058087,60.003437,7.542040,1.024164,60.001473,2.102603,1.020001,59.999727,8.236456,1.028017,59.993325,-9.603565,0.999844,1.000425,1.000271,1.000016,1.000003,1.000019,1.000066,1.000104,-44.792139,0.000000,4.398911,10.380899,2.338811,11.405644,20.846572,-41.132415,288.383297,447.800150,209.391350,467.503357,6.717002,286.592096,294.652499,141.504847,562.436988,245.394482,221.661074,276.382253,200.614467,124.488442,251.663684,184.493662,253.902685,8.239523,988.742731,2.149441,164.790455,75.230425,157.625653,78.812826,137.026846,28.927890,26.868009,92.246831,102.994034,75.767785,-82.574348,42.272334,15.225205,67.617823,24.718568,24.091648,4.119761,223.900075
6.780000,1.045401,59.996587,-8.068369,1.047019,60.001372,-5.376609,1.032278,60.001396,-7.761050,1.008657,60.002106,-8.555403,1.009189,60.002508,-7.649975,1.011071,60.002808,-7.041417,1.001801,60.001945,-9.029152,1.000967,60.001571,-9.493560,1.028966,59.996822,-9.652030,1.019546,60.003571,-4.751386,1.015622,60.003308,-5.530306,1.005300,60.003272,-5.493489,1.017404,60.003247,-5.363137,1.015901,60.002481,-6.782093,1.020329,60.001486,-6.849174,1.035119,60.001203,-5.470743,1.036622,60.000956,-6.468490,1.033868,60.001089,-7.342557,1.051118,60.000967,-0.842768,0.993259,60.000524,-1.720143,1.034568,60.001473,-3.326697,1.049323,60.001950,0.650361,1.044775,60.001954,0.470588,1.039999,60.001231,-5.365135,1.056142,60.001160,-4.021802,1.052830,59.999738,-4.696821,1.040423,60.000212,-6.540809,1.048646,59.997993,-1.123778,1.046977,59.997564,1.498407,1.040196,60.004188,-3.481303,0.976285,60.006918,0.357697,0.978573,60.006596,2.562290,0.994590,60.001207,3.846401,1.012062,60.000455,2.928256,1.043841,60.002441,5.118863,1.057633,60.002878,7.526560,1.023939,60.001546,2.075823,1.019577,59.996751,8.183307,1.027941,59.993670,-9.687816,0.999850,1.000357,1.000242,1.000015,0.999999,1.000023,0.999968,1.000176,-45.027430,0.000000,4.340712,10.218234,2.169891,11.245488,20.684505,-41.240965,288.383297,447.800150,209.391350,467.503357,6.717002,286.592096,294.652499,141.504847,562.436988,245.394482,221.661074,276.382253,200.614467,124.488442,251.663684,184.493662,253.902685,8.239523,988.742731,2.149441,164.790455,75.230425,157.625653,78.812826,137.026846,28.927890,26.868009,92.246831,102.994034,75.767785,-82.574348,42.272334,15.225205,67.617823,24.718568,24.091648,4.119761,223.900075
6.800000,1.045279,59.996929,-8.123282,1.046886,60.001653,-5.397319,1.032038,60.001295,-7.783312,1.008310,60.001619,-8.574286,1.008807,60.001818,-7.666872,1.010680,60.002052,-7.056451,1.001423,60.001312,-9.049853,1.000598,60.000990,-9.516718,1.028768,59.996808,-9.706855,1.019153,60.002770,-4.761123,1.015229,60.002524,-5.541863,1.004901,60.002512,-5.505198,1.017018,60.002510,-5.374925,1.015537,60.001899,-6.798703,1.019993,60.001080,-6.872167,1.034800,60.000843,-5.495572,1.036338,60.000614,-6.495016,1.033600,60.000847,-7.367671,1.050819,60.000670,-0.869021,0.992973,60.000294,-1.749287,1.034226,60.001073,-3.349760,1.048966,60.001469,0.630368,1.044415,60.001483,0.450670,1.039674,60.000872,-5.389757,1.055955,60.001186,-4.045194,1.052607,59.999020,-4.733827,1.040172,59.999696,-6.573485,1.048428,59.996356,-1.177517,1.046752,59.995562,1.439923,1.040208,60.005284,-3.478033,0.975850,60.005184,0.367876,0.978190,60.005387,2.572514,0.994332,60.000900,3.821830,1.011779,60.000237,2.898665,1.043489,60.001861,5.101963,1.057260,60.002279,7.512721,1.023755,60.001585,2.055269,1.019326,59.993898,8.115113,1.027874,59.994032,-9.763658,0.999857,1.000285,1.000209,1.000014,0.999996,1.000028,0.999874,1.000244,-45.229532,0.000000,4.299407,10.085510,2.029781,11.117671,20.511171,-41.288843,288.383297,447.800150,209.391350,467.503357,6.717002,286.592096,294.652499,141.504847,562.436988,245.394482,221.661074,276.382253,200.614467,124.488442,251.663684,184.493662,253.902685,8.239523,988.742731,2.149441,164.790455,75.230425,157.625653,78.812826,137.026846,28.927890,26.868009,92.246831,102.994034,75.767785,-82.574348,42.272334,15.225205,67.617823,24.718568,24.091648,4.119761,223.900075
6.820000,1.045188,59.997255,-8.169546,1.046813,60.001869,-5.410036,1.031867,60.001144,-7.800269,1.008038,60.001083,-8.590643,1.008498,60.001075,-7.682726,1.010363,60.001240,-7.070931,1.001116,60.000630,-9.069083,1.000299,60.000363,-9.538017,1.028605,59.996784,-9.755570,1.018832,60.001907,-4.770658,1.014908,60.001680,-5.553088,1.004577,60.001693,-5.516396,1.016705,60.001713,-5.386037,1.015248,60.001267,-6.813475,1.019736,60.000641,-6.891977,1.034560,60.000456,-5.516858,1.036135,60.000245,-6.517871,1.033410,60.000569,-7.388431,1.050581,60.000361,-0.891210,0.992738,60.000061,-1.773844,1.033965,60.000644,-3.369576,1.048693,60.000957,0.613025,1.044139,60.000979,0.433468,1.039428,60.000484,-5.410836,1.055825,60.001168,-4.062338,1.052495,59.998311,-4.769707,1.040020,59.999171,-6.603663,1.048366,59.994798,-1.236441,1.046692,59.993663,1.373731,1.040253,60.006241,-3.461227,0.975482,60.003365,0.371427,0.977866,60.004083,2.579851,0.994123,60.000586,3.801274,1.011537,60.000025,2.873788,1.043219,60.001249,5.086997,1.056971,60.001642,7.500653,1.023615,60.001582,2.041064,1.019241,59.991203,8.033322,1.027818,59.994408,-9.830571,0.999865,1.000209,1.000174,1.000014,0.999994,1.000032,0.999784,1.000307,-45.396420,0.000000,4.275352,9.984627,1.920729,11.023855,20.330158,-41.276485,288.383297,447.800150,209.391350,467.503357,6.717002,286.592096,294.652499,141.504847,562.436988,245.394482,221.661074,276.382253,200.614467,124.488442,251.663684,184.493662,253.902685,8.239523,988.742731,2.149441,164.790455,75.230425,157.625653,78.812826,137.026846,28.927890,26.868009,92.246831,102.994034,75.767785,-82.574348,42.272334,15.225205,67.617823,24.718568,24.091648,4.119761,223.900075
6.840000,1.045127,59.997559,-8.206950,1.046800,60.002009,-5.414925,1.031765,60.000938,-7.811946,1.007841,60.000498,-8.604472,1.008265,60.000287,-7.697531,1.010121,60.000382,-7.084862,1.000882,59.999906,-9.086804,1.000071,59.999697,-9.557401,1.028480,59.996752,-9.797883,1.018587,60.000990,-4.780046,1.014663,60.000784,-5.564018,1.004330,60.000822,-5.527118,1.016469,60.000866,-5.396509,1.015036,60.000588,-6.826402,1.019556,60.000167,-6.908498,1.034397,60.000040,-5.534452,1.036014,59.999846,-6.536905,1.033296,60.000253,-7.404756,1.050402,60.000036,-0.909084,0.992554,59.999819,-1.793509,1.033786,60.000185,-3.386006,1.048503,60.000414,0.598467,1.043946,60.000445,0.419112,1.039260,60.000068,-5.428228,1.055751,60.001095,-4.073244,1.052489,59.997612,-4.804038,1.039964,59.998637,-6.631052,1.048454,59.993331,-1.299573,1.046791,59.991885,1.301009,1.040331,60.007034,-3.431644,0.975186,60.001489,0.368218,0.977604,60.002703,2.584056,0.993963,60.000259,3.785010,1.011338,59.999812,2.853992,1.043031,60.000607,5.074097,1.056766,60.000971,7.490454,1.023518,60.001527,2.033218,1.019318,59.988697,7.939569,1.027773,59.994796,-9.888111,0.999873,1.000131,1.000135,1.000013,0.999993,1.000036,0.999701,1.000362,-45.526646,0.000000,4.268552,9.916849,1.844335,10.965048,20.145035,-41.205478,288.383297,447.800150,209.391350,467.503357,6.717002,286.592096,294.652499,141.504847,562.436988,245.394482,221.661074,276.382253,200.614467,124.488442,251.663684,184.493662,253.902685,8.239523,988.742731,2.149441,164.790455,75.230425,157.625653,78.812826,137.026846,28.927890,26.868009,92.246831,102.994034,75.767785,-82.574348,42.272334,15.225205,67.617823,24.718568,24.091648,4.119761,223.900075
6.860000,1.045095,59.997834,-8.235381,1.046844,60.002062,-5.412280,1.031732,60.000673,-7.818459,1.007719,59.999870,-8.615798,1.008107,59.999461,-7.711273,1.009955,59.999487,-7.098231,1.000722,59.999149,-9.102979,0.999916,59.998998,-9.574820,1.028391,59.996713,-9.833552,1.018418,60.000030,-4.789327,1.014495,59.999848,-5.574674,1.004162,59.999910,-5.537392,1.016309,59.999975,-5.406371,1.014901,59.999868,-6.837495,1.019454,59.999658,-6.921678,1.034310,59.999592,-5.548272,1.035971,59.999416,-6.552039,1.033258,59.999893,-7.416641,1.050283,59.999690,-0.922479,0.992421,59.999559,-1.808081,1.033687,59.999695,-3.398969,1.048395,59.999841,0.586776,1.043836,59.999879,0.407677,1.039169,59.999619,-5.441853,1.055732,60.000962,-4.078031,1.052583,59.996924,-4.836444,1.039999,59.998093,-6.655421,1.048682,59.991967,-1.365901,1.047037,59.990244,1.223005,1.040441,60.007640,-3.390271,0.974963,59.999586,0.358273,0.977406,60.001263,2.584955,0.993851,59.999915,3.773228,1.011181,59.999589,2.839529,1.042923,59.999938,5.063361,1.056643,60.000268,7.482190,1.023463,60.001414,2.031630,1.019544,59.986407,7.835642,1.027739,59.995192,-9.935909,0.999882,1.000053,1.000095,1.000013,0.999993,1.000039,0.999625,1.000409,-45.619349,0.000000,4.278670,9.882789,1.801543,10.941597,19.959301,-41.078514,288.383297,447.800150,209.391350,467.503357,6.717002,286.592096,294.652499,141.504847,562.436988,245.394482,221.661074,276.382253,200.614467,124.488442,251.663684,184.493662,253.902685,8.239523,988.742731,2.149441,164.790455,75.230425,157.625653,78.812826,137.026846,28.927890,26.868009,92.246831,102.994034,75.767785,-82.574348,42.272334,15.225205,67.617823,24.718568,24.091648,4.119761,223.900075
6.880000,1.045093,59.998075,-8.254827,1.046941,60.002020,-5.402520,1.031764,60.000346,-7.820002,1.007672,59.999202,-8.624674,1.008024,59.998607,-7.723934,1.009866,59.998565,-7.111014,1.000636,59.998366,-9.117569,0.999832,59.998275,-9.590230,1.028340,59.996665,-9.862383,1.018324,59.999036,-4.798522,1.014402,59.998880,-5.585064,1.004072,59.998965,-5.547232,1.016225,59.999051,-5.415645,1.014841,59.999112,-6.846781,1.019426,59.999115,-6.931521,1.034296,59.999112,-5.558303,1.036004,59.998953,-6.563262,1.033292,59.999489,-7.424156,1.050221,59.999319,-0.931319,0.992336,59.999277,-1.817461,1.033665,59.999174,-3.408445,1.048366,59.999239,0.577987,1.043804,59.999284,0.399192,1.039153,59.999137,-5.451699,1.055764,60.000762,-4.076919,1.052771,59.996249,-4.866590,1.040121,59.997538,-6.676598,1.049039,59.990716,-1.434390,1.047418,59.988756,1.141022,1.040580,60.008040,-3.338296,0.974815,59.997683,0.341764,0.977272,59.999782,2.582448,0.993786,59.999548,3.766025,1.011066,59.999348,2.830544,1.042892,59.999243,5.054848,1.056599,59.999538,7.475896,1.023450,60.001235,2.036089,1.019909,59.984358,7.723458,1.027716,59.995592,-9.973680,0.999891,0.999974,1.000054,1.000012,0.999993,1.000041,0.999557,1.000446,-45.674254,0.000000,4.305038,9.882416,1.792627,10.953189,19.776332,-40.899316,288.383297,447.800150,209.391350,467.503357,6.717002,286.592096,294.652499,141.504847,562.436988,245.394482,221.661074,276.382253,200.614467,124.488442,251.663684,184.493662,253.902685,8.239523,988.742731,2.149441,164.790455,75.230425,157.625653,78.812826,137.026846,28.927890,26.868009,92.246831,102.994034,75.767785,-82.574348,42.272334,15.225205,67.617823,24.718568,24.091648,4.119761,223.900075
6.900000,1.045118,59.998276,-8.265365,1.047088,60.001876,-5.386168,1.031856,59.999954,-7.816842,1.007695,59.998498,-8.631176,1.008014,59.997734,-7.735489,1.009850,59.997627,-7.123166,1.000621,59.997566,-9.130532,0.999818,59.997533,-9.603587,1.028326,59.996611,-9.884237,1.018304,59.998020,-4.807631,1.014383,59.997891,-5.595173,1.004057,59.997997,-5.556636,1.016214,59.998102,-5.424344,1.014854,59.998326,-6.854302,1.019469,59.998538,-6.938079,1.034351,59.998599,-5.564591,1.036107,59.998455,-6.570626,1.033392,59.999039,-7.427439,1.050214,59.998918,-0.935614,0.992299,59.998966,-1.821650,1.033715,59.998620,-3.414473,1.048411,59.998610,0.572086,1.043847,59.998659,0.393635,1.039206,59.998622,-5.457814,1.055845,60.000489,-4.070225,1.053044,59.995587,-4.894189,1.040322,59.996973,-6.694467,1.049511,59.989587,-1.503991,1.047921,59.987431,1.056401,1.040746,60.008218,-3.277086,0.974741,59.995808,0.319013,0.977201,59.998277,2.576509,0.993765,59.999154,3.763410,1.010990,59.999082,2.827065,1.042933,59.998527,5.048582,1.056630,59.998782,7.471575,1.023475,60.000983,2.046284,1.020398,59.982569,7.605027,1.027705,59.995993,-10.001218,0.999901,0.999898,1.000011,1.000011,0.999993,1.000042,0.999497,1.000474,-45.691659,0.000000,4.346683,9.915063,1.817206,10.998868,19.599330,-40.672550,288.383297,447.800150,209.391350,467.503357,6.717002,286.592096,294.652499,141.504847,562.436988,245.394482,221.661074,276.382253,200.614467,124.488442,251.663684,184.493662,253.902685,8.239523,988.742731,2.149441,164.790455,75.230425,157.625653,78.812826,137.026846,28.927890,26.868009,92.246831,102.994034,75.767785,-82.574348,42.272334,15.225205,67.617823,24.718568,24.091648,4.119761,223.900075
6.920000,1.045169,59.998434,-8.267161,1.047280,60.001626,-5.363845,1.032005,59.999498,-7.809311,1.007785,59.997765,-8.635398,1.008074,59.996850,-7.745901,1.009904,59.996682,-7.134628,1.000675,59.996756,-9.141823,0.999871,59.996781,-9.614850,1.028347,59.996551,-9.899024,1.018354,59.996991,-4.816635,1.014434,59.996893,-5.604968,1.004114,59.997016,-5.565589,1.016274,59.997137,-5.432467,1.014935,59.997516,-6.860112,1.019577,59.997929,-6.941450,1.034470,59.998053,-5.567240,1.036274,59.997924,-6.574240,1.033554,59.998542,-7.426689,1.050257,59.998485,-0.935456,0.992305,59.998620,-1.820750,1.033833,59.998036,-3.417140,1.048525,59.997954,0.569018,1.043959,59.998008,0.390942,1.039323,59.998074,-5.460304,1.055971,60.000141,-4.058348,1.053392,59.994941,-4.918998,1.040595,59.996398,-6.708964,1.050083,59.988588,-1.573654,1.048528,59.986279,0.970501,1.040935,60.008164,-3.208150,0.974738,59.993987,0.290476,0.977193,59.996769,2.567193,0.993787,59.998729,3.765303,1.010952,59.998784,2.829015,1.043042,59.997792,5.044556,1.056730,59.998006,7.469204,1.023536,60.000655,2.061808,1.020994,59.981054,7.482425,1.027705,59.996390,-10.018399,0.999910,0.999824,0.999968,1.000009,0.999993,1.000041,0.999448,1.000491,-45.672415,0.000000,4.402348,9.979452,1.874263,11.077062,19.431284,-40.403725,288.383297,447.800150,209.391350,467.503357,6.717002,286.592096,294.652499,141.504847,562.436988,245.394482,221.661074,276.382253,200.614467,124.488442,251.663684,184.493662,253.902685,8.239523,988.742731,2.149441,164.790455,75.230425,157.625653,78.812826,137.026846,28.927890,26.868009,92.246831,102.994034,75.767785,-82.574348,42.272334,15.225205,67.617823,24.718568,24.091648,4.119761,223.900075
6.940000,1.045245,59.998546,-8.260465,1.047511,60.001268,-5.336247,1.032204,59.998977,-7.797794,1.007936,59.997008,-8.637445,1.008199,59.995965,-7.755123,1.010025,59.995741,-7.145320,1.000792,59.995945,-9.151390,0.999986,59.996028,-9.623975,1.028401,59.996487,-9.906702,1.018470,59.995962,-4.825492,1.014552,59.995894,-5.614397,1.004238,59.996033,-5.574058,1.016399,59.996168,-5.440001,1.015081,59.996690,-6.864268,1.019746,59.997292,-6.941772,1.034646,59.997474,-5.566405,1.036498,59.997360,-6.574266,1.033770,59.998001,-7.422157,1.050346,59.998016,-0.931016,0.992351,59.998235,-1.814955,1.034011,59.997423,-3.416585,1.048701,59.997276,0.568688,1.044134,59.997332,0.391009,1.039499,59.997493,-5.459326,1.056137,59.999716,-4.041760,1.053805,59.994314,-4.940816,1.040928,59.995816,-6.720075,1.050739,59.987724,-1.642344,1.049223,59.985309,0.884681,1.041145,60.007871,-3.133112,0.974802,59.992246,0.256736,0.977243,59.995274,2.554626,0.993846,59.998268,3.771536,1.010949,59.998447,2.836206,1.043211,59.997041,5.042727,1.056895,59.997214,7.468732,1.023631,60.000246,2.082169,1.021680,59.979825,7.357758,1.027715,59.996782,-10.025182,0.999920,0.999755,0.999926,1.000006,0.999992,1.000039,0.999408,1.000496,-45.617896,0.000000,4.470527,10.073727,1.962175,11.185619,19.274928,-40.099070,288.383297,447.800150,209.391350,467.503357,6.717002,286.592096,294.652499,141.504847,562.436988,245.394482,221.661074,276.382253,200.614467,124.488442,251.663684,184.493662,253.902685,8.239523,988.742731,2.149441,164.790455,75.230425,157.625653,78.812826,137.026846,28.927890,26.868009,92.246831,102.994034,75.767785,-82.574348,42.272334,15.225205,67.617823,24.718568,24.091648,4.119761,223.900075
6.960000,1.045342,59.998609,-8.245599,1.047775,60.000802,-5.304133,1.032448,59.998396,-7.782715,1.008145,59.996235,-8.637435,1.008384,59.995090,-7.763098,1.010206,59.994814,-7.155146,1.000968,59.995144,-9.159176,1.000158,59.995281,-9.630920,1.028485,59.996418,-9.907282,1.018646,59.994943,-4.834135,1.014730,59.994908,-5.623383,1.004424,59.995058,-5.581991,1.016584,59.995203,-5.446917,1.015283,59.995855,-6.866835,1.019967,59.996629,-6.939219,1.034873,59.996866,-5.562288,1.036773,59.996766,-6.570908,1.034035,59.997416,-7.414138,1.050476,59.997509,-0.922539,0.992434,59.997806,-1.804545,1.034243,59.996782,-3.412987,1.048933,59.996577,0.570961,1.044365,59.996635,0.393696,1.039727,59.996883,-5.455084,1.056338,59.999215,-4.020994,1.054271,59.993706,-4.959483,1.041315,59.995227,-6.727827,1.051461,59.987000,-1.709047,1.049987,59.984523,0.800284,1.041373,60.007340,-3.053672,0.974930,59.990607,0.218489,0.977349,59.993810,2.539011,0.993940,59.997768,3.781862,1.010978,59.998065,2.848354,1.043435,59.996280,5.043024,1.057116,59.996410,7.470083,1.023755,59.999755,2.106803,1.022438,59.978887,7.233133,1.027735,59.997163,-10.021609,0.999931,0.999690,0.999884,1.000002,0.999991,1.000035,0.999379,1.000490,-45.529966,0.000000,4.549502,10.195502,2.078755,11.321855,19.132708,-39.765400,288.383297,447.800150,209.391350,467.503357,6.717002,286.592096,294.652499,141.504847,562.436988,245.394482,221.661074,276.382253,200.614467,124.488442,251.663684,184.493662,253.902685,8.239523,988.742731,2.149441,164.790455,75.230425,157.625653,78.812826,137.026846,28.927890,26.868009,92.246831,102.994034,75.767785,-82.574348,42.272334,15.225205,67.617823,24.718568,24.091648,4.119761,223.900075
6.980000,1.045460,59.998623,-8.222954,1.048068,60.000230,-5.268307,1.032731,59.997758,-7.764535,1.008402,59.995453,-8.635490,1.008622,59.994232,-7.769757,1.010442,59.993912,-7.163993,1.001198,59.994359,-9.165117,1.000382,59.994547,-9.635640,1.028598,59.996347,-9.900823,1.018877,59.993946,-4.842478,1.014964,59.993943,-5.631833,1.004665,59.994102,-5.589318,1.016823,59.994254,-5.453169,1.015537,59.995019,-6.867875,1.020236,59.995945,-6.933990,1.035145,59.996231,-5.555127,1.037090,59.996144,-6.564410,1.034341,59.996792,-7.402962,1.050643,59.996964,-0.910335,0.992549,59.997331,-1.789882,1.034522,59.996118,-3.406561,1.049212,59.995862,0.575675,1.044644,59.995920,0.398829,1.039999,59.996245,-5.447816,1.056569,59.998639,-3.996630,1.054779,59.993121,-4.974877,1.041744,59.994635,-6.732287,1.052234,59.986416,-1.772787,1.050803,59.983924,0.718619,1.041614,60.006573,-2.971575,0.975114,59.989089,0.176524,0.977506,59.992396,2.520616,0.994063,59.997228,3.795957,1.011036,59.997634,2.865080,1.043705,59.995511,5.045349,1.057388,59.995599,7.473158,1.023906,59.999183,2.135080,1.023250,59.978242,7.110621,1.027764,59.997531,-10.007800,0.999941,0.999631,0.999843,0.999996,0.999989,1.000029,0.999360,1.000473,-45.410927,0.000000,4.637378,10.341910,2.221305,11.482611,19.006753,-39.409983,288.383297,447.800150,209.391350,467.503357,6.717002,286.592096,294.652499,141.504847,562.436988,245.394482,221.661074,276.382253,200.614467,124.488442,251.663684,184.493662,253.902685,8.239523,988.742731,2.149441,164.790455,75.230425,157.625653,78.812826,137.026846,28.927890,26.868009,92.246831,102.994034,75.767785,-82.574348,42.272334,15.225205,67.617823,24.718568,24.091648,4.119761,223.900075
7.000000,1.045596,59.998587,-8.192979,1.048383,59.999558,-5.229596,1.033045,59.997068,-7.743729,1.008703,59.994670,-8.631730,1.008907,59.993401,-7.775020,1.010726,59.993044,-7.171734,1.001473,59.993599,-9.169145,1.000652,59.993837,-9.638088,1.028735,59.996274,-9.887429,1.019156,59.992980,-4.850410,1.015245,59.993011,-5.639631,1.004956,59.993174,-5.595954,1.017110,59.993329,-5.458698,1.015836,59.994190,-6.867451,1.020543,59.995244,-6.926308,1.035453,59.995572,-5.545195,1.037442,59.995498,-6.555045,1.034681,59.996133,-7.388985,1.050839,59.996380,-0.894776,0.992691,59.996809,-1.771398,1.034840,59.995435,-3.397553,1.049532,59.995134,0.582636,1.044964,59.995192,0.406209,1.040308,59.995583,-5.437796,1.056825,59.997992,-3.969282,1.055318,59.992562,-4.986915,1.042206,59.994043,-6.733554,1.053038,59.985974,-1.832635,1.051653,59.983512,0.640936,1.041867,60.005580,-2.888571,0.975350,59.987711,0.131707,0.977709,59.991046,2.499775,0.994212,59.996646,3.813428,1.011119,59.997150,2.885920,1.044014,59.994739,5.049575,1.057701,59.994786,7.477838,1.024079,59.998529,2.166323,1.024096,59.977886,6.992225,1.027803,59.997883,-9.983957,0.999951,0.999579,0.999805,0.999989,0.999986,1.000021,0.999351,1.000445,-45.263477,0.000000,4.732134,10.509668,2.386675,11.664319,18.898852,-39.040383,288.383297,447.800150,209.391350,467.503357,6.717002,286.592096,294.652499,141.504847,562.436988,245.394482,221.661074,276.382253,200.614467,124.488442,251.663684,184.493662,253.902685,8.239523,988.742731,2.149441,164.790455,75.230425,157.625653,78.812826,137.026846,28.927890,26.868009,92.246831,102.994034,75.767785,-82.574348,42.272334,15.225205,67.617823,24.718568,24.091648,4.119761,223.900075
7.020000,1.045747,59.998502,-8.156177,1.048714,59.998793,-5.188841,1.033384,59.996334,-7.720787,1.009040,59.993893,-8.626279,1.009232,59.992607,-7.778801,1.011051,59.992219,-7.178228,1.001789,59.992874,-9.171186,1.000961,59.993156,-9.638218,1.028894,59.996201,-9.867253,1.019477,59.992057,-4.857804,1.015568,59.992122,-5.646649,1.005288,59.992285,-5.601797,1.017436,59.992438,-5.463430,1.016172,59.993377,-6.865621,1.020883,59.994533,-6.916415,1.035790,59.994894,-5.532790,1.037821,59.994834,-6.543107,1.035047,59.995444,-7.372584,1.051061,59.995759,-0.876282,0.992856,59.996238,-1.749585,1.035189,59.994735,-3.386233,1.049884,59.994399,0.591628,1.045317,59.994456,0.415612,1.040648,59.994902,-5.425322,1.057101,59.997279,-3.939584,1.055877,59.992030,-4.995548,1.042690,59.993456,-6.731760,1.053860,59.985672,-1.887728,1.052519,59.983282,0.568415,1.042127,60.004373,-2.806382,0.975630,59.986487,0.084961,0.977953,59.989777,2.476876,0.994382,59.996022,3.833824,1.011224,59.996611,2.910336,1.044355,59.993968,5.055552,1.058048,59.993977,7.483984,1.024271,59.997799,2.199820,1.024961,59.977813,6.879850,1.027848,59.998216,-9.950357,0.999961,0.999534,0.999769,0.999981,0.999981,1.000011,0.999353,1.000406,-45.090647,0.000000,4.831656,10.695145,2.571329,11.863077,18.810434,-38.664313,288.383297,447.800150,209.391350,467.503357,6.717002,286.592096,294.652499,141.504847,562.436988,245.394482,221.661074,276.382253,200.614467,124.488442,251.663684,184.493662,253.902685,8.239523,988.742731,2.149441,164.790455,75.230425,157.625653,78.812826,137.026846,28.927890,26.868009,92.246831,102.994034,75.767785,-82.574348,42.272334,15.225205,67.617823,24.718568,24.091648,4.119761,223.900075
7.040000,1.045911,59.998371,-8.113091,1.049057,59.997944,-5.146873,1.033743,59.995564,-7.696197,1.009406,59.993132,-8.619251,1.009591,59.991856,-7.781004,1.011410,59.991446,-7.183329,1.002137,59.992190,-9.171166,1.001302,59.992512,-9.635984,1.029071,59.996130,-9.840492,1.019832,59.991185,-4.864517,1.015925,59.991283,-5.652743,1.005655,59.991442,-5.606733,1.017796,59.991592,-5.467277,1.016538,59.992588,-6.862441,1.021248,59.993817,-6.904563,1.036150,59.994202,-5.518228,1.038219,59.994156,-6.528912,1.035432,59.994733,-7.354143,1.051303,59.995103,-0.855316,0.993040,59.995621,-1.724990,1.035563,59.994026,-3.372893,1.050262,59.993662,0.602417,1.045696,59.993716,0.426798,1.041010,59.994208,-5.410711,1.057393,59.996508,-3.908180,1.056445,59.991530,-5.000766,1.043189,59.992876,-6.727060,1.054681,59.985506,-1.937277,1.053383,59.983229,0.502142,1.042393,60.002970,-2.726671,0.975948,59.985429,0.037244,0.978233,59.988601,2.452354,0.994569,59.995356,3.856640,1.011347,59.996017,2.937729,1.044721,59.993204,5.063112,1.058423,59.993176,7.491440,1.024479,59.996997,2.234835,1.025825,59.978009,6.775271,1.027901,59.998527,-9.907354,0.999971,0.999497,0.999735,0.999971,0.999975,0.999999,0.999364,1.000358,-44.895745,0.000000,4.933790,10.894435,2.771420,12.074719,18.742555,-38.289481,288.383297,447.800150,209.391350,467.503357,6.717002,286.592096,294.652499,141.504847,562.436988,245.394482,221.661074,276.382253,200.614467,124.488442,251.663684,184.493662,253.902685,8.239523,988.742731,2.149441,164.790455,75.230425,157.625653,78.812826,137.026846,28.927890,26.868009,92.246831,102.994034,75.767785,-82.574348,42.272334,15.225205,67.617823,24.718568,24.091648,4.119761,223.900075
7.060000,1.046086,59.998196,-8.064300,1.049406,59.997023,-5.104501,1.034114,59.994765,-7.670438,1.009794,59.992393,-8.610760,1.009975,59.991158,-7.781533,1.011795,59.990733,-7.186882,1.002512,59.991554,-9.169008,1.001668,59.991912,-9.631343,1.029263,59.996061,-9.807386,1.020214,59.990373,-4.870392,1.016309,59.990505,-5.657759,1.006050,59.990656,-5.610638,1.018182,59.990797,-5.470145,1.016928,59.991829,-6.857960,1.021630,59.993103,-6.891013,1.036525,59.993502,-5.501841,1.038629,59.993472,-6.512784,1.035829,59.994005,-7.334051,1.051559,59.994414,-0.832376,0.993238,59.994958,-1.698195,1.035953,59.993312,-3.357835,1.050657,59.992926,0.614751,1.046093,59.992978,0.439510,1.041389,59.993505,-5.394293,1.057695,59.995687,-3.875709,1.057012,59.991063,-5.002591,1.043692,59.992308,-6.719634,1.055489,59.985471,-1.980582,1.054232,59.983343,0.443093,1.042661,60.001394,-2.651006,0.976295,59.984544,-0.010470,0.978541,59.987531,2.426683,0.994767,59.994650,3.881331,1.011485,59.995368,2.967445,1.045104,59.992451,5.072065,1.058818,59.992388,7.500035,1.024698,59.996130,2.270627,1.026673,59.978458,6.680102,1.027960,59.998814,-9.855369,0.999981,0.999468,0.999705,0.999960,0.999967,0.999984,0.999385,1.000300,-44.682296,0.000000,5.036384,11.103436,2.982867,12.294910,18.695889,-37.923440,288.383297,447.800150,209.391350,467.503357,6.717002,286.592096,294.652499,141.504847,562.436988,245.394482,221.661074,276.382253,200.614467,124.488442,251.663684,184.493662,253.902685,8.239523,988.742731,2.149441,164.790455,75.230425,157.625653,78.812826,137.026846,28.927890,26.868009,92.246831,102.994034,75.767785,-82.574348,42.272334,15.225205,67.617823,24.718568,24.091648,4.119761,223.900075
7.080000,1.046270,59.997981,-8.010413,1.049756,59.996042,-5.062500,1.034492,59.993948,-7.643975,1.010197,59.991685,-8.600910,1.010378,59.990518,-7.780291,1.012200,59.990085,-7.188735,1.002906,59.990973,-9.164644,1.002053,59.991362,-9.624258,1.029466,59.995996,-9.768220,1.020616,59.989630,-4.875267,1.016713,59.989794,-5.661541,1.006464,59.989933,-5.613382,1.018588,59.990062,-5.471929,1.017334,59.991110,-6.852224,1.022025,59.992398,-6.876029,1.036910,59.992799,-5.483969,1.039045,59.992786,-6.495054,1.036232,59.993270,-7.312696,1.051826,59.993697,-0.807983,0.993446,59.994255,-1.669818,1.036354,59.992600,-3.341373,1.051064,59.992199,0.628366,1.046501,59.992247,0.453479,1.041777,59.992800,-5.376409,1.058003,59.994826,-3.842794,1.057569,59.990630,-5.001083,1.044192,59.991757,-6.709682,1.056268,59.985558,-2.017045,1.055049,59.983613,0.392117,1.042930,59.999669,-2.580831,0.976665,59.983837,-0.057212,0.978874,59.986576,2.400364,0.994974,59.993909,3.907319,1.011633,59.994667,2.998793,1.045498,59.991714,5.082207,1.059225,59.991620,7.509585,1.024925,59.995207,2.306458,1.027489,59.979141,6.595773,1.028023,59.999075,-9.794896,0.999990,0.999447,0.999678,0.999947,0.999958,0.999968,0.999414,1.000234,-44.453972,0.000000,5.137330,11.317928,3.201433,12.519219,18.670726,-37.573438,288.383297,447.800150,209.391350,467.503357,6.717002,286.592096,294.652499,141.504847,562.436988,245.394482,221.661074,276.382253,200.614467,124.488442,251.663684,184.493662,253.902685,8.239523,988.742731,2.149441,164.790455,75.230425,157.625653,78.812826,137.026846,28.927890,26.868009,92.246831,102.994034,75.767785,-82.574348,42.272334,15.225205,67.617823,24.718568,24.091648,4.119761,223.900075
7.100000,1.046460,59.997729,-7.952056,1.050104,59.995015,-5.021593,1.034872,59.993124,-7.617249,1.010609,59.991016,-8.589802,1.010794,59.989942,-7.777183,1.012618,59.989510,-7.188742,1.003312,59.990452,-9.158008,1.002451,59.990868,-9.614700,1.029677,59.995935,-9.723319,1.021032,59.988961,-4.878975,1.017131,59.989156,-5.663928,1.006892,59.989280,-5.614833,1.019006,59.989393,-5.472524,1.017749,59.990437,-6.845277,1.022424,59.991707,-6.859876,1.037298,59.992101,-5.464956,1.039460,59.992106,-6.476055,1.036636,59.992535,-7.290455,1.052097,59.992957,-0.782672,0.993661,59.993514,-1.640490,1.036758,59.991895,-3.323827,1.051475,59.991486,0.642992,1.046914,59.991530,0.468433,1.042168,59.992099,-5.357399,1.058313,59.993935,-3.810034,1.058108,59.990235,-4.996337,1.044681,59.991227,-6.697423,1.057007,59.985758,-2.046182,1.055822,59.984026,0.349921,1.043197,59.997825,-2.517443,0.977052,59.983312,-0.102040,0.979224,59.985747,2.373916,0.995186,59.993136,3.934009,1.011791,59.993917,3.031055,1.045897,59.990998,5.093322,1.059639,59.990876,7.519897,1.025159,59.994237,2.341615,1.028260,59.980033,6.523500,1.028091,59.999307,-9.726491,0.999999,0.999435,0.999654,0.999933,0.999947,0.999950,0.999451,1.000161,-44.214530,0.000000,5.234605,11.533661,3.422811,12.743214,18.666973,-37.246286,288.383297,447.800150,209.391350,467.503357,6.717002,286.592096,294.652499,141.504847,562.436988,245.394482,221.661074,276.382253,200.614467,124.488442,251.663684,184.493662,253.902685,8.239523,988.742731,2.149441,164.790455,75.230425,157.625653,78.812826,137.026846,28.927890,26.868009,92.246831,102.994034,75.767785,-82.574348,42.272334,15.225205,67.617823,24.718568,24.091648,4.119761,223.900075
7.120000,1.046655,59.997447,-7.889870,1.050444,59.993957,-4.982443,1.035249,59.992302,-7.590669,1.011024,59.990392,-8.577530,1.011215,59.989436,-7.772125,1.013042,59.989012,-7.186764,1.003725,59.989996,-9.149050,1.002855,59.990433,-9.602654,1.029893,59.995880,-9.673047,1.021455,59.988374,-4.881353,1.017556,59.988598,-5.664769,1.007326,59.988703,-5.614865,1.019430,59.988797,-5.471827,1.018169,59.989817,-6.837160,1.022823,59.991039,-6.842817,1.037683,59.991413,-5.445142,1.039868,59.991438,-6.456117,1.037034,59.991808,-7.267694,1.052369,59.992200,-0.756987,0.993879,59.992743,-1.610852,1.037161,59.991204,-3.305514,1.051885,59.990794,0.658354,1.047327,59.990833,0.484093,1.042558,59.991410,-5.337606,1.058622,59.993027,-3.777991,1.058621,59.989877,-4.988485,1.045153,59.990721,-6.683092,1.057695,59.986059,-2.067632,1.056539,59.984564,0.317053,1.043461,59.995893,-2.461968,0.977448,59.982967,-0.144056,0.979586,59.985048,2.347865,0.995399,59.992337,3.960793,1.011953,59.993123,3.063500,1.046295,59.990309,5.105184,1.060054,59.990163,7.530768,1.025395,59.993234,2.375416,1.028974,59.981108,6.464272,1.028162,59.999508,-9.650767,1.000008,0.999431,0.999635,0.999917,0.999935,0.999930,0.999494,1.000083,-43.967749,0.000000,5.326312,11.746428,3.642702,12.962544,18.684164,-36.948223,288.383297,447.800150,209.391350,467.503357,6.717002,286.592096,294.652499,141.504847,562.436988,245.394482,221.661074,276.382253,200.614467,124.488442,251.663684,184.493662,253.902685,8.239523,988.742731,2.149441,164.790455,75.230425,157.625653,78.812826,137.026846,28.927890,26.868009,92.246831,102.994034,75.767785,-82.574348,42.272334,15.225205,67.617823,24.718568,24.091648,4.119761,223.900075
7.140000,1.046852,59.997139,-7.824501,1.050775,59.992886,-4.945642,1.035619,59.991494,-7.564615,1.011437,59.989820,-8.564184,1.011637,59.989004,-7.765046,1.013468,59.988594,-7.182679,1.004139,59.989609,-9.137731,1.003260,59.990061,-9.588121,1.030111,59.995831,-9.617810,1.021880,59.987872,-4.882244,1.017983,59.988123,-5.663920,1.007762,59.988207,-5.613356,1.019855,59.988279,-5.469738,1.018586,59.989255,-6.827914,1.023217,59.990399,-6.825110,1.038062,59.990744,-5.424867,1.040265,59.990790,-6.435565,1.037422,59.991097,-7.244761,1.052639,59.991434,-0.731464,0.994097,59.991948,-1.581541,1.037558,59.990534,-3.286749,1.052289,59.990127,0.674177,1.047734,59.990162,0.500182,1.042940,59.990738,-5.317364,1.058926,59.992113,-3.747185,1.059102,59.989559,-4.977696,1.045602,59.990243,-6.666941,1.058322,59.986450,-2.081165,1.057191,59.985211,0.293896,1.043719,59.993905,-2.415336,0.977848,59.982798,-0.182424,0.979955,59.984486,2.322730,0.995609,59.991518,3.987069,1.012119,59.992293,3.095396,1.046687,59.989652,5.117562,1.060464,59.989485,7.541993,1.025631,59.992210,2.407227,1.029621,59.982336,6.418826,1.028236,59.999679,-9.568397,1.000015,0.999434,0.999620,0.999899,0.999920,0.999908,0.999543,1.000000,-43.717367,0.000000,5.410712,11.952150,3.856896,13.173022,18.721471,-36.684809,288.383297,447.800150,209.391350,467.503357,6.717002,286.592096,294.652499,141.504847,562.436988,245.394482,221.661074,276.382253,200.614467,124.488442,251.663684,184.493662,253.902685,8.239523,988.742731,2.149441,164.790455,75.230425,157.625653,78.812826,137.026846,28.927890,26.868009,92.246831,102.994034,75.767785,-82.574348,42.272334,15.225205,67.617823,24.718568,24.091648,4.119761,223.900075
7.160000,1.047049,59.996811,-7.756594,1.051093,59.991817,-4.911706,1.035977,59.990711,-7.539426,1.011843,59.989306,-8.549850,1.012054,59.988648,-7.755888,1.013888,59.988258,-7.176385,1.004548,59.989293,-9.124035,1.003660,59.989756,-9.571118,1.030328,59.995789,-9.558047,1.022301,59.987458,-4.881504,1.018405,59.987735,-5.661253,1.008193,59.987794,-5.610198,1.020274,59.987842,-5.466168,1.018997,59.988757,-6.817581,1.023601,59.989794,-6.807006,1.038429,59.990099,-5.404456,1.040646,59.990169,-6.414714,1.037795,59.990413,-7.221984,1.052904,59.990664,-0.706630,0.994312,59.991138,-1.553180,1.037943,59.989891,-3.267842,1.052683,59.989492,0.690188,1.048130,59.989523,0.516428,1.043312,59.990092,-5.297001,1.059222,59.991207,-3.718081,1.059546,59.989280,-4.964172,1.046022,59.989799,-6.649234,1.058881,59.986916,-2.086690,1.057768,59.985947,0.280660,1.043972,59.991898,-2.378277,0.978245,59.982800,-0.216387,0.980325,59.984062,2.299016,0.995815,59.990689,4.012246,1.012285,59.991434,3.126027,1.047069,59.989033,5.130223,1.060865,59.988847,7.553364,1.025865,59.991179,2.436471,1.030190,59.983687,6.387642,1.028311,59.999816,-9.480099,1.000022,0.999446,0.999609,0.999881,0.999905,0.999886,0.999597,0.999915,-43.467019,0.000000,5.486258,12.146948,4.061351,13.370705,18.777728,-36.460819,288.383297,447.800150,209.391350,467.503357,6.717002,286.592096,294.652499,141.504847,562.436988,245.394482,221.661074,276.382253,200.614467,124.488442,251.663684,184.493662,253.902685,8.239523,988.742731,2.149441,164.790455,75.230425,157.625653,78.812826,137.026846,28.927890,26.868009,92.246831,102.994034,75.767785,-82.574348,42.272334,15.225205,67.617823,24.718568,24.091648,4.119761,223.900075
7.180000,1.047246,59.996469,-7.686790,1.051395,59.990768,-4.881064,1.036321,59.989963,-7.515401,1.012237,59.988855,-8.534614,1.012461,59.988371,-7.744619,1.014299,59.988007,-7.167807,1.004948,59.989049,-9.107967,1.004052,59.989518,-9.551689,1.030542,59.995753,-9.494235,1.022712,59.987136,-4.879007,1.018817,59.987436,-5.656659,1.008613,59.987468,-5.605299,1.020684,59.987490,-5.461041,1.019396,59.988327,-6.806210,1.023970,59.989232,-6.788747,1.038781,59.989486,-5.384226,1.041007,59.989581,-6.393866,1.038151,59.989762,-7.199666,1.053160,59.989901,-0.682989,0.994522,59.990321,-1.526365,1.038314,59.989283,-3.249089,1.053061,59.988896,0.706123,1.048512,59.988922,0.532563,1.043669,59.989477,-5.276829,1.059508,59.990322,-3.691090,1.059947,59.989042,-4.948152,1.046409,59.989390,-6.630247,1.059365,59.987443,-2.084254,1.058264,59.986753,0.277372,1.044217,59.989906,-2.351300,0.978635,59.982965,-0.245277,0.980692,59.983778,2.277203,0.996013,59.989857,4.035759,1.012450,59.990555,3.154699,1.047437,59.988456,5.142934,1.061253,59.988256,7.564675,1.026095,59.990156,2.462642,1.030675,59.985129,6.370933,1.028387,59.999920,-9.386639,1.000029,0.999464,0.999603,0.999862,0.999888,0.999862,0.999654,0.999830,-43.220184,0.000000,5.551614,12.327215,4.252261,13.551967,18.851452,-36.280162,288.383297,447.800150,209.391350,467.503357,6.717002,286.592096,294.652499,141.504847,562.436988,245.394482,221.661074,276.382253,200.614467,124.488442,251.663684,184.493662,253.902685,8.239523,988.742731,2.149441,164.790455,75.230425,157.625653,78.812826,137.026846,28.927890,26.868009,92.246831,102.994034,75.767785,-82.574348,42.272334,15.225205,67.617823,24.718568,24.091648,4.119761,223.900075
7.200000,1.047440,59.996121,-7.615718,1.051680,59.989755,-4.854057,1.036647,59.989261,-7.492796,1.012614,59.988472,-8.518562,1.012853,59.988173,-7.731227,1.014695,59.987840,-7.156895,1.005335,59.988879,-9.089558,1.004430,59.989349,-9.529900,1.030750,59.995725,-9.426882,1.023110,59.986907,-4.874650,1.019216,59.987226,-5.650056,1.009020,59.987230,-5.598590,1.021079,59.987224,-5.454300,1.019779,59.987968,-6.793850,1.024323,59.988717,-6.770563,1.039116,59.988912,-5.364474,1.041345,59.989034,-6.373308,1.038486,59.989153,-7.178085,1.053405,59.989153,-0.661016,0.994726,59.989508,-1.501659,1.038666,59.988715,-3.230773,1.053422,59.988344,0.721725,1.048875,59.988366,0.548334,1.044007,59.988902,-5.257147,1.059780,59.989472,-3.666558,1.060302,59.988843,-4.929907,1.046760,59.989021,-6.610265,1.059770,59.988016,-2.074049,1.058674,59.987608,0.283881,1.044454,59.987964,-2.334693,0.979013,59.983281,-0.268532,0.981052,59.983633,2.257734,0.996203,59.989034,4.057079,1.012611,59.989667,3.180761,1.047787,59.987927,5.155469,1.061623,59.987717,7.575724,1.026319,59.989157,2.485308,1.031071,59.986628,6.368644,1.028462,59.999990,-9.288818,1.000034,0.999489,0.999600,0.999842,0.999869,0.999838,0.999713,0.999745,-42.980134,0.000000,5.605684,12.489678,4.426128,13.713568,18.940875,-36.145820,288.383297,447.800150,209.391350,467.503357,6.717002,286.592096,294.652499,141.504847,562.436988,245.394482,221.661074,276.382253,200.614467,124.488442,251.663684,184.493662,253.902685,8.239523,988.742731,2.149441,164.790455,75.230425,157.625653,78.812826,137.026846,28.927890,26.868009,92.246831,102.994034,75.767785,-82.574348,42.272334,15.225205,67.617823,24.718568,24.091648,4.119761,223.900075
7.220000,1.047629,59.995771,-7.543990,1.051946,59.988797,-4.830934,1.036954,59.988615,-7.471822,1.012973,59.988159,-8.501779,1.013227,59.988054,-7.715729,1.015074,59.987757,-7.143635,1.005704,59.988783,-9.068869,1.004791,59.989248,-9.505846,1.030950,59.995704,-9.356525,1.023490,59.986770,-4.868355,1.019598,59.987106,-5.641386,1.009408,59.987080,-5.590024,1.021456,59.987045,-5.445906,1.020143,59.987685,-6.780563,1.024654,59.988256,-6.752674,1.039429,59.988384,-5.345480,1.041658,59.988534,-6.353308,1.038797,59.988595,-7.157489,1.053637,59.988430,-0.641148,0.994920,59.988708,-1.479579,1.038996,59.988195,-3.213159,1.053762,59.987843,0.736755,1.049218,59.987861,0.563499,1.044325,59.988372,-5.238229,1.060038,59.988670,-3.644765,1.060608,59.988685,-4.909737,1.047072,59.988694,-6.589578,1.060091,59.988619,-2.056400,1.058994,59.988492,0.299861,1.044683,59.986109,-2.328522,0.979375,59.983737,-0.285700,0.981399,59.983624,2.241007,0.996381,59.988228,4.075718,1.012768,59.988782,3.203608,1.048118,59.987452,5.167610,1.061973,59.987235,7.586319,1.026534,59.988198,2.504128,1.031374,59.988152,6.380454,1.028537,60.000026,-9.187474,1.000039,0.999520,0.999602,0.999822,0.999850,0.999814,0.999772,0.999662,-42.749887,0.000000,5.647624,12.631457,4.579820,13.852708,19.043977,-36.059798,288.383297,447.800150,209.391350,467.503357,6.717002,286.592096,294.652499,141.504847,562.436988,245.394482,221.661074,276.382253,200.614467,124.488442,251.663684,184.493662,253.902685,8.239523,988.742731,2.149441,164.790455,75.230425,157.625653,78.812826,137.026846,28.927890,26.868009,92.246831,102.994034,75.767785,-82.574348,42.272334,15.225205,67.617823,24.718568,24.091648,4.119761,223.900075
7.240000,1.047813,59.995427,-7.472201,1.052191,59.987907,-4.811851,1.037238,59.988036,-7.452646,1.013310,59.987921,-8.484355,1.013579,59.988014,-7.698171,1.015430,59.987755,-7.128045,1.006052,59.988758,-9.045991,1.005132,59.989216,-9.479651,1.031140,59.995690,-9.283730,1.023849,59.986725,-4.860074,1.019957,59.987074,-5.630627,1.009774,59.987018,-5.579582,1.021811,59.986954,-5.435847,1.020484,59.987478,-6.766414,1.024964,59.987854,-6.735281,1.039720,59.987908,-5.327499,1.041943,59.988087,-6.334115,1.039083,59.988095,-7.138098,1.053856,59.987742,-0.623778,0.995105,59.987934,-1.460590,1.039304,59.987729,-3.196490,1.054078,59.987399,0.750987,1.049537,59.987412,0.577836,1.044620,59.987896,-5.220332,1.060278,59.987929,-3.625922,1.060864,59.988567,-4.887968,1.047343,59.988413,-6.568480,1.060328,59.989239,-2.031767,1.059223,59.989385,0.324814,1.044902,59.984373,-2.332630,0.979717,59.984319,-0.296450,0.981732,59.983746,2.227370,0.996547,59.987453,4.091247,1.012919,59.987911,3.222698,1.048426,59.987036,5.179151,1.062301,59.986815,7.596278,1.026739,59.987295,2.518846,1.031581,59.989670,6.405787,1.028611,60.000028,-9.083465,1.000043,0.999555,0.999608,0.999802,0.999830,0.999790,0.999832,0.999583,-42.532168,0.000000,5.676848,12.750110,4.710621,13.967079,19.158528,-36.023106,288.383297,447.800150,209.391350,467.503357,6.717002,286.592096,294.652499,141.504847,562.436988,245.394482,221.661074,276.382253,200.614467,124.488442,251.663684,184.493662,253.902685,8.239523,988.742731,2.149441,164.790455,75.230425,157.625653,78.812826,137.026846,28.927890,26.868009,92.246831,102.994034,75.767785,-82.574348,42.272334,15.225205,67.617823,24.718568,24.091648,4.119761,223.900075
7.260000,1.047989,59.995094,-7.400917,1.052414,59.987103,-4.796874,1.037499,59.987531,-7.435390,1.013622,59.987759,-8.466383,1.013907,59.988051,-7.678629,1.015762,59.987834,-7.110181,1.006376,59.988805,-9.021045,1.005450,59.989250,-9.451467,1.031319,59.995683,-9.209083,1.024184,59.986769,-4.849790,1.020293,59.987128,-5.617784,1.010115,59.987043,-5.567273,1.022142,59.986949,-5.424133,1.020801,59.987349,-6.751480,1.025248,59.987517,-6.718572,1.039986,59.987491,-5.310760,1.042199,59.987700,-6.315953,1.039342,59.987660,-7.120095,1.054058,59.987098,-0.609247,0.995278,59.987196,-1.445095,1.039587,59.987323,-3.180987,1.054369,59.987017,0.764217,1.049831,59.987026,0.591142,1.044890,59.987478,-5.203683,1.060500,59.987261,-3.610169,1.061068,59.988489,-4.864944,1.047572,59.988181,-6.547263,1.060479,59.989861,-2.000730,1.059360,59.990268,0.358084,1.045113,59.982789,-2.346651,0.980035,59.985013,-0.300574,0.982045,59.983995,2.217109,0.996701,59.986719,4.103294,1.013063,59.987068,3.237560,1.048711,59.986684,5.189903,1.062604,59.986462,7.605434,1.026933,59.986465,2.529304,1.031692,59.991152,6.443823,1.028682,59.999996,-8.977673,1.000046,0.999595,0.999617,0.999782,0.999809,0.999767,0.999890,0.999509,-42.329376,0.000000,5.693038,12.843674,4.816280,14.054903,19.282128,-36.035748,288.383297,447.800150,209.391350,467.503357,6.717002,286.592096,294.652499,141.504847,562.436988,245.394482,221.661074,276.382253,200.614467,124.488442,251.663684,184.493662,253.902685,8.239523,988.742731,2.149441,164.790455,75.230425,157.625653,78.812826,137.026846,28.927890,26.868009,92.246831,102.994034,75.767785,-82.574348,42.272334,15.225205,67.617823,24.718568,24.091648,4.119761,223.900075
7.280000,1.048158,59.994780,-7.330679,1.052616,59.986398,-4.785979,1.037736,59.987109,-7.420128,1.013907,59.987675,-8.447957,1.014209,59.988163,-7.657211,1.016068,59.987989,-7.090136,1.006674,59.988919,-8.994186,1.005742,59.989348,-9.421478,1.031486,59.995682,-9.133190,1.024493,59.986901,-4.837520,1.020602,59.987266,-5.602903,1.010429,59.987151,-5.553140,1.022446,59.987029,-5.410802,1.021091,59.987300,-6.735847,1.025507,59.987248,-6.702715,1.040226,59.987138,-5.295466,1.042425,59.987378,-6.299018,1.039572,59.987297,-7.103634,1.054244,59.986509,-0.597840,0.995440,59.986507,-1.433429,1.039843,59.986983,-3.166843,1.054635,59.986702,0.776266,1.050099,59.986707,0.603238,1.045135,59.987125,-5.188481,1.060702,59.986679,-3.597575,1.061220,59.988452,-4.841026,1.047758,59.988001,-6.526213,1.060546,59.990473,-1.963981,1.059406,59.991124,0.398871,1.045314,59.981384,-2.370016,0.980329,59.985803,-0.297988,0.982338,59.984362,2.210447,0.996840,59.986038,4.111558,1.013199,59.986266,3.247800,1.048971,59.986400,5.199695,1.062881,59.986180,7.613636,1.027114,59.985722,2.535440,1.031709,59.992569,6.493522,1.028751,59.999931,-8.870988,1.000048,0.999638,0.999631,0.999762,0.999789,0.999745,0.999945,0.999443,-42.143559,0.000000,5.696141,12.910695,4.895040,14.114959,19.412255,-36.096745,288.383297,447.800150,209.391350,467.503357,6.717002,286.592096,294.652499,141.504847,562.436988,245.394482,221.661074,276.382253,200.614467,124.488442,251.663684,184.493662,253.902685,8.239523,988.742731,2.149441,164.790455,75.230425,157.625653,78.812826,137.026846,28.927890,26.868009,92.246831,102.994034,75.767785,-82.574348,42.272334,15.225205,67.617823,24.718568,24.091648,4.119761,223.900075
7.300000,1.048318,59.994488,-7.261999,1.052796,59.985805,-4.779054,1.037948,59.986778,-7.406892,1.014164,59.987669,-8.429178,1.014481,59.988347,-7.634057,1.016344,59.988217,-7.068040,1.006945,59.989099,-8.965601,1.006008,59.989508,-9.389897,1.031639,59.995686,-9.056672,1.024773,59.987116,-4.823318,1.020883,59.987484,-5.586061,1.010713,59.987340,-5.537253,1.022722,59.987191,-5.395919,1.021352,59.987329,-6.719608,1.025739,59.987053,-6.687858,1.040441,59.986857,-5.281783,1.042621,59.987126,-6.283479,1.039774,59.987012,-7.088831,1.054414,59.985985,-0.589779,0.995589,59.985878,-1.425854,1.040072,59.986715,-3.154220,1.054873,59.986459,0.786978,1.050340,59.986461,0.613972,1.045353,59.986844,-5.174893,1.060883,59.986193,-3.588140,1.061321,59.988457,-4.816582,1.047902,59.987876,-6.505606,1.060532,59.991065,-1.922306,1.059365,59.991938,0.446246,1.045506,59.980186,-2.401973,0.980594,59.986674,-0.288733,0.982607,59.984840,2.207538,0.996966,59.985422,4.115812,1.013327,59.985519,3.253113,1.049206,59.986189,5.208376,1.063131,59.985974,7.620755,1.027281,59.985082,2.537288,1.031634,59.993896,6.553640,1.028817,59.999835,-8.764308,1.000048,0.999684,0.999647,0.999743,0.999768,0.999724,0.999997,0.999384,-41.976395,0.000000,5.686363,12.950242,4.945668,14.146598,19.546311,-36.204163,288.383297,447.800150,209.391350,467.503357,6.717002,286.592096,294.652499,141.504847,562.436988,245.394482,221.661074,276.382253,200.614467,124.488442,251.663684,184.493662,253.902685,8.239523,988.742731,2.149441,164.790455,75.230425,157.625653,78.812826,137.026846,28.927890,26.868009,92.246831,102.994034,75.767785,-82.574348,42.272334,15.225205,67.617823,24.718568,24.091648,4.119761,223.900075
7.320000,1.048467,59.994226,-7.195353,1.052954,59.985336,-4.775912,1.038134,59.986544,-7.395673,1.014393,59.987742,-8.410149,1.014725,59.988599,-7.609335,1.016591,59.988512,-7.044058,1.007187,59.989341,-8.935504,1.006245,59.989726,-9.356963,1.031778,59.995697,-8.980158,1.025024,59.987411,-4.807269,1.021134,59.987777,-5.567371,1.010967,59.987607,-5.519716,1.022968,59.987432,-5.379577,1.021584,59.987437,-6.702868,1.025943,59.986934,-6.674127,1.040629,59.986652,-5.269849,1.042787,59.986951,-6.269476,1.039948,59.986811,-7.075768,1.054566,59.985536,-0.585224,0.995726,59.985321,-1.422554,1.040275,59.986523,-3.143250,1.055085,59.986294,0.796224,1.050554,59.986293,0.623218,1.045545,59.986639,-5.163055,1.061043,59.985813,-3.581795,1.061373,59.988503,-4.791981,1.048005,59.987809,-6.485704,1.060440,59.991626,-1.876567,1.059241,59.992697,0.499176,1.045689,59.979216,-2.441607,0.980831,59.987609,-0.272974,0.982851,59.985419,2.208464,0.997077,59.984883,4.115906,1.013447,59.984841,3.253286,1.049415,59.986056,5.215821,1.063354,59.985848,7.626682,1.027434,59.984557,2.534976,1.031472,59.995113,6.622764,1.028879,59.999707,-8.658526,1.000048,0.999731,0.999666,0.999726,0.999748,0.999706,1.000044,0.999334,-41.829182,0.000000,5.664156,12.961923,4.967465,14.149748,19.681674,-36.355173,288.383297,447.800150,209.391350,467.503357,6.717002,286.592096,294.652499,141.504847,562.436988,245.394482,221.661074,276.382253,200.614467,124.488442,251.663684,184.493662,253.902685,8.239523,988.742731,2.149441,164.790455,75.230425,157.625653,78.812826,137.026846,28.927890,26.868009,92.246831,102.994034,75.767785,-82.574348,42.272334,15.225205,67.617823,24.718568,24.091648,4.119761,223.900075
7.340000,1.048606,59.993997,-7.131183,1.053090,59.985000,-4.776289,1.038295,59.986411,-7.386419,1.014592,59.987893,-8.390978,1.014938,59.988915,-7.583244,1.016807,59.988872,-7.018393,1.007399,59.989640,-8.904141,1.006453,59.990000,-9.322941,1.031902,59.995712,-8.904280,1.025244,59.987781,-4.789494,1.021354,59.988142,-5.546980,1.011190,59.987947,-5.500661,1.023183,59.987748,-5.361896,1.021787,59.987622,-6.685738,1.026121,59.986896,-6.661625,1.040791,59.986529,-5.259763,1.042923,59.986855,-6.257114,1.040094,59.986699,-7.064491,1.054702,59.985171,-0.584263,0.995850,59.984848,-1.423630,1.040451,59.986413,-3.134033,1.055269,59.986210,0.803909,1.050740,59.986206,0.630882,1.045711,59.986515,-5.153065,1.061181,59.985548,-3.578410,1.061378,59.988593,-4.767585,1.048069,59.987803,-6.466748,1.060276,59.992149,-1.827690,1.059039,59.993390,0.556543,1.045864,59.978493,-2.487856,0.981037,59.988592,-0.250993,0.983069,59.986088,2.213234,0.997175,59.984431,4.111770,1.013557,59.984245,3.248200,1.049599,59.986002,5.221927,1.063549,59.985803,7.631331,1.027571,59.984161,2.528722,1.031229,59.996200,6.699336,1.028937,59.999551,-8.554526,1.000047,0.999779,0.999688,0.999710,0.999729,0.999690,1.000086,0.999294,-41.702830,0.000000,5.630204,12.945876,4.960277,14.124908,19.815741,-36.546121,288.383297,447.800150,209.391350,467.503357,6.717002,286.592096,294.652499,141.504847,562.436988,245.394482,221.661074,276.382253,200.614467,124.488442,251.663684,184.493662,253.902685,8.239523,988.742731,2.149441,164.790455,75.230425,157.625653,78.812826,137.026846,28.927890,26.868009,92.246831,102.994034,75.767785,-82.574348,42.272334,15.225205,67.617823,24.718568,24.091648,4.119761,223.900075
7.360000,1.048735,59.993806,-7.069896,1.053207,59.984805,-4.779858,1.038432,59.986385,-7.379044,1.014763,59.988121,-8.371774,1.015120,59.989291,-7.556007,1.016993,59.989290,-6.991275,1.007582,59.989993,-8.871779,1.006632,59.990324,-9.288118,1.032011,59.995733,-8.829672,1.025433,59.988219,-4.770146,1.021543,59.988572,-5.525069,1.011382,59.988355,-5.480251,1.023368,59.988135,-5.343019,1.021961,59.987883,-6.668337,1.026273,59.986940,-6.650430,1.040928,59.986490,-5.251589,1.043032,59.986844,-6.246464,1.040214,59.986679,-7.055010,1.054822,59.984899,-0.586918,0.995962,59.984468,-1.429100,1.040601,59.986388,-3.126630,1.055428,59.986210,0.809965,1.050901,59.986204,0.636900,1.045852,59.986477,-5.144984,1.061298,59.985404,-3.577792,1.061340,59.988728,-4.743743,1.048096,59.987860,-6.448954,1.060046,59.992630,-1.776635,1.058766,59.994008,0.617166,1.046031,59.978031,-2.539544,0.981212,59.989607,-0.223182,0.983259,59.986836,2.221783,0.997259,59.984078,4.103417,1.013659,59.983743,3.237839,1.049758,59.986032,5.226621,1.063718,59.985844,7.634642,1.027694,59.983902,2.518826,1.030913,59.997142,6.781691,1.028991,59.999368,-8.453174,1.000045,0.999827,0.999711,0.999697,0.999712,0.999677,1.000122,0.999265,-41.597870,0.000000,5.585404,12.902760,4.924486,14.073124,19.945986,-36.772610,288.383297,447.800150,209.391350,467.503357,6.717002,286.592096,294.652499,141.504847,562.436988,245.394482,221.661074,276.382253,200.614467,124.488442,251.663684,184.493662,253.902685,8.239523,988.742731,2.149441,164.790455,75.230425,157.625653,78.812826,137.026846,28.927890,26.868009,92.246831,102.994034,75.767785,-82.574348,42.272334,15.225205,67.617823,24.718568,24.091648,4.119761,223.900075
7.380000,1.048852,59.993656,-7.011862,1.053305,59.984756,-4.786235,1.038546,59.986468,-7.373425,1.014905,59.988424,-8.352649,1.015273,59.989722,-7.527872,1.017148,59.989760,-6.962967,1.007735,59.990396,-8.838710,1.006783,59.990696,-9.252801,1.032105,59.995757,-8.756958,1.025592,59.988721,-4.749409,1.021702,59.989062,-5.501846,1.011543,59.988826,-5.458674,1.023523,59.988588,-5.323114,1.022105,59.988216,-6.650790,1.026399,59.987069,-6.640594,1.041042,59.986541,-5.245352,1.043114,59.986920,-6.237565,1.040308,59.986755,-7.047300,1.054926,59.984728,-0.593139,0.996062,59.984192,-1.438899,1.040727,59.986451,-3.121070,1.055563,59.986298,0.814357,1.051036,59.986290,0.641239,1.045969,59.986528,-5.138838,1.061395,59.985388,-3.579698,1.061264,59.988909,-4.720782,1.048089,59.987984,-6.432510,1.059759,59.993064,-1.724385,1.058433,59.994548,0.679832,1.046192,59.977840,-2.595400,0.981357,59.990639,-0.190038,0.983422,59.987653,2.233976,0.997330,59.983832,4.090940,1.013752,59.983349,3.222284,1.049895,59.986147,5.229856,1.063861,59.985972,7.636578,1.027801,59.983790,2.505665,1.030533,59.997931,6.868086,1.029040,59.999161,-8.355311,1.000042,0.999874,0.999737,0.999685,0.999696,0.999667,1.000152,0.999248,-41.514459,0.000000,5.530843,12.833739,4.860995,13.995965,20.069995,-37.029604,288.383297,447.800150,209.391350,467.503357,6.717002,286.592096,294.652499,141.504847,562.436988,245.394482,221.661074,276.382253,200.614467,124.488442,251.663684,184.493662,253.902685,8.239523,988.742731,2.149441,164.790455,75.230425,157.625653,78.812826,137.026846,28.927890,26.868009,92.246831,102.994034,75.767785,-82.574348,42.272334,15.225205,67.617823,24.718568,24.091648,4.119761,223.900075
7.400000,1.048959,59.993550,-6.957410,1.053387,59.984857,-4.794989,1.038639,59.986662,-7.369410,1.015021,59.988799,-8.333717,1.015396,59.990202,-7.499106,1.017273,59.990278,-6.933755,1.007859,59.990842,-8.805243,1.006906,59.991111,-9.217313,1.032184,59.995785,-8.686748,1.025722,59.989281,-4.727496,1.021832,59.989606,-5.477546,1.011674,59.989355,-5.436143,1.023649,59.989102,-5.302371,1.022223,59.988619,-6.633225,1.026502,59.987284,-6.632145,1.041134,59.986683,-5.241040,1.043173,59.987085,-6.230419,1.040380,59.986929,-7.041304,1.055016,59.984665,-0.602809,0.996151,59.984030,-1.452879,1.040831,59.986605,-3.117345,1.055675,59.986475,0.817081,1.051149,59.986466,0.643900,1.046065,59.986671,-5.134614,1.061473,59.985502,-3.583834,1.061153,59.989137,-4.699005,1.048053,59.988175,-6.417573,1.059423,59.993451,-1.671921,1.058047,59.995005,0.743314,1.046346,59.977926,-2.654088,0.981471,59.991673,-0.152150,0.983558,59.988526,2.249609,0.997390,59.983702,4.074512,1.013836,59.983073,3.201716,1.050011,59.986349,5.231610,1.063981,59.986187,7.637129,1.027893,59.983831,2.489682,1.030099,59.998559,6.956742,1.029086,59.998930,-8.261747,1.000038,0.999918,0.999764,0.999676,0.999681,0.999661,1.000174,0.999241,-41.452398,0.000000,5.467768,12.740440,4.771208,13.895477,20.185521,-37.311536,288.383297,447.800150,209.391350,467.503357,6.717002,286.592096,294.652499,141.504847,562.436988,245.394482,221.661074,276.382253,200.614467,124.488442,251.663684,184.493662,253.902685,8.239523,988.742731,2.149441,164.790455,75.230425,157.625653,78.812826,137.026846,28.927890,26.868009,92.246831,102.994034,75.767785,-82.574348,42.272334,15.225205,67.617823,24.718568,24.091648,4.119761,223.900075
7.420000,1.049055,59.993490,-6.906834,1.053454,59.985110,-4.805653,1.038712,59.986967,-7.366822,1.015111,59.989243,-8.315089,1.015493,59.990728,-7.469994,1.017371,59.990837,-6.903947,1.007957,59.991328,-8.771703,1.007002,59.991563,-9.181986,1.032250,59.995818,-8.619637,1.025824,59.989891,-4.704641,1.021934,59.990198,-5.452429,1.011776,59.989935,-5.412889,1.023747,59.989671,-5.280995,1.022314,59.989089,-6.615775,1.026584,59.987585,-6.625083,1.041207,59.986918,-5.238606,1.043211,59.987341,-6.224995,1.040431,59.987201,-7.036932,1.055094,59.984716,-0.615745,0.996231,59.983988,-1.470811,1.040914,59.986852,-3.115415,1.055767,59.986742,0.818165,1.051241,59.986732,0.644914,1.046140,59.986907,-5.132262,1.061533,59.985749,-3.589871,1.061014,59.989416,-4.678679,1.047992,59.988436,-6.404265,1.059048,59.993791,-1.620202,1.057621,59.995381,0.806401,1.046495,59.978288,-2.714236,0.981557,59.992694,-0.110187,0.983668,59.989443,2.268414,0.997440,59.983696,4.054380,1.013914,59.982924,3.176410,1.050108,59.986639,5.231892,1.064079,59.986491,7.636308,1.027972,59.984028,2.471373,1.029621,59.999025,7.045870,1.029126,59.998680,-8.173251,1.000033,0.999961,0.999791,0.999669,0.999670,0.999658,1.000190,0.999247,-41.411157,0.000000,5.397563,12.624927,4.656994,13.774141,20.290515,-37.612425,288.383297,447.800150,209.391350,467.503357,6.717002,286.592096,294.652499,141.504847,562.436988,245.394482,221.661074,276.382253,200.614467,124.488442,251.663684,184.493662,253.902685,8.239523,988.742731,2.149441,164.790455,75.230425,157.625653,78.812826,137.026846,28.927890,26.868009,92.246831,102.994034,75.767785,-82.574348,42.272334,15.225205,67.617823,24.718568,24.091648,4.119761,223.900075
7.440000,1.049142,59.993478,-6.860388,1.053510,59.985512,-4.817736,1.038770,59.987381,-7.365461,1.015179,59.989753,-8.296880,1.015563,59.991293,-7.440833,1.017443,59.991431,-6.873867,1.008029,59.991848,-8.738421,1.007074,59.992050,-9.147160,1.032303,59.995853,-8.556194,1.025900,59.990546,-4.681104,1.022009,59.990832,-5.426774,1.011852,59.990561,-5.389164,1.023821,59.990289,-5.259210,1.022383,59.989621,-6.598573,1.026647,59.987971,-6.619386,1.041264,59.987248,-5.237966,1.043231,59.987688,-6.221230,1.040465,59.987573,-7.034068,1.055161,59.984884,-0.631702,0.996303,59.984073,-1.492391,1.040981,59.987192,-3.115203,1.055842,59.987100,0.817666,1.051316,59.987089,0.644341,1.046200,59.987237,-5.131700,1.061579,59.986129,-3.597445,1.060854,59.989745,-4.660037,1.047911,59.988768,-6.392670,1.058645,59.994087,-1.570150,1.057165,59.995677,0.867917,1.046641,59.978922,-2.774464,0.981615,59.993691,-0.064890,0.983753,59.990393,2.290061,0.997482,59.983818,4.030864,1.013985,59.982913,3.146735,1.050189,59.987015,5.230735,1.064159,59.986882,7.634153,1.028037,59.984383,2.451281,1.029112,59.999331,7.133717,1.029163,59.998413,-8.090548,1.000027,1.000000,0.999819,0.999666,0.999661,0.999659,1.000199,0.999264,-41.389896,0.000000,5.321713,12.489647,4.520649,13.634807,20.383165,-37.926005,288.383297,447.800150,209.391350,467.503357,6.717002,286.592096,294.652499,141.504847,562.436988,245.394482,221.661074,276.382253,200.614467,124.488442,251.663684,184.493662,253.902685,8.239523,988.742731,2.149441,164.790455,75.230425,157.625653,78.812826,137.026846,28.927890,26.868009,92.246831,102.994034,75.767785,-82.574348,42.272334,15.225205,67.617823,24.718568,24.091648,4.119761,223.900075
7.460000,1.049219,59.993514,-6.818291,1.053556,59.986062,-4.830735,1.038813,59.987901,-7.365116,1.015227,59.990324,-8.279200,1.015611,59.991891,-7.411927,1.017491,59.992054,-6.843850,1.008079,59.992397,-8.705738,1.007124,59.992564,-9.113180,1.032343,59.995892,-8.496955,1.025953,59.991238,-4.657157,1.022062,59.991500,-5.400874,1.011905,59.991226,-5.365231,1.023871,59.990951,-5.237251,1.022431,59.990211,-6.581753,1.026694,59.988441,-6.615006,1.041307,59.987672,-5.239005,1.043238,59.988127,-6.219030,1.040486,59.988041,-7.032570,1.055219,59.985174,-0.650375,0.996367,59.984290,-1.517243,1.041034,59.987624,-3.116604,1.055903,59.987547,0.815669,1.051376,59.987537,0.642270,1.046245,59.987662,-5.132810,1.061612,59.986639,-3.606173,1.060680,59.990125,-4.643269,1.047816,59.989172,-6.382839,1.058226,59.994343,-1.522629,1.056692,59.995898,0.926747,1.046786,59.979820,-2.833409,0.981647,59.994651,-0.017052,0.983815,59.991363,2.314169,0.997517,59.984073,4.004348,1.014050,59.983045,3.113142,1.050258,59.987477,5.228197,1.064223,59.987359,7.630723,1.028092,59.984895,2.429977,1.028586,59.999482,7.218590,1.029195,59.998132,-8.014311,1.000020,1.000036,0.999847,0.999666,0.999655,0.999664,1.000201,0.999293,-41.387503,0.000000,5.241777,12.337379,4.364846,13.480637,20.461924,-38.245850,288.383297,447.800150,209.391350,467.503357,6.717002,286.592096,294.652499,141.504847,562.436988,245.394482,221.661074,276.382253,200.614467,124.488442,251.663684,184.493662,253.902685,8.239523,988.742731,2.149441,164.790455,75.230425,157.625653,78.812826,137.026846,28.927890,26.868009,92.246831,102.994034,75.767785,-82.574348,42.272334,15.225205,67.617823,24.718568,24.091648,4.119761,223.900075
7.480000,1.049288,59.993597,-6.780724,1.053597,59.986752,-4.844142,1.038846,59.988524,-7.365561,1.015257,59.990950,-8.262158,1.015639,59.992517,-7.383587,1.017519,59.992701,-6.814240,1.008109,59.992970,-8.673993,1.007155,59.993103,-9.080385,1.032374,59.995934,-8.442427,1.025985,59.991960,-4.633091,1.022093,59.992196,-5.375034,1.011937,59.991923,-5.341366,1.023902,59.991649,-5.215361,1.022461,59.990854,-6.565447,1.026729,59.988992,-6.611876,1.041339,59.988188,-5.241578,1.043235,59.988654,-6.218275,1.040497,59.988604,-7.032274,1.055271,59.985587,-0.671410,0.996426,59.984642,-1.544929,1.041076,59.988148,-3.119485,1.055954,59.988082,0.812285,1.051425,59.988072,0.638816,1.046280,59.988179,-5.135448,1.061635,59.987275,-3.615659,1.060497,59.990559,-4.628527,1.047712,59.989647,-6.374785,1.057802,59.994563,-1.478433,1.056214,59.996050,0.981853,1.046929,59.980968,-2.889758,0.981657,59.995564,0.032491,0.983856,59.992343,2.340310,0.997547,59.984463,3.975273,1.014110,59.983325,3.076163,1.050317,59.988022,5.224360,1.064275,59.987918,7.626099,1.028137,59.985560,2.408047,1.028054,59.999488,7.298889,1.029224,59.997839,-7.945153,1.000013,1.000067,0.999875,0.999669,0.999652,0.999673,1.000196,0.999332,-41.402627,0.000000,5.159355,12.171180,4.192585,13.315032,20.525538,-38.565506,288.383297,447.800150,209.391350,467.503357,6.717002,286.592096,294.652499,141.504847,562.436988,245.394482,221.661074,276.382253,200.614467,124.488442,251.663684,184.493662,253.902685,8.239523,988.742731,2.149441,164.790455,75.230425,157.625653,78.812826,137.026846,28.927890,26.868009,92.246831,102.994034,75.767785,-82.574348,42.272334,15.225205,67.617823,24.718568,24.091648,4.119761,223.900075
7.500000,1.049350,59.993727,-6.747834,1.053635,59.987575,-4.857462,1.038872,59.989243,-7.366571,1.015274,59.991627,-8.245864,1.015651,59.993165,-7.356124,1.017529,59.993364,-6.785383,1.008122,59.993561,-8.643524,1.007169,59.993660,-9.049112,1.032395,59.995978,-8.393072,1.026000,59.992706,-4.609202,1.022108,59.992914,-5.349567,1.011952,59.992646,-5.317848,1.023917,59.992378,-5.193791,1.022478,59.991544,-6.549786,1.026755,59.989622,-6.609908,1.041366,59.988794,-5.245515,1.043227,59.989267,-6.218823,1.040501,59.989257,-7.033005,1.055319,59.986123,-0.694408,0.996482,59.985130,-1.574955,1.041111,59.988759,-3.123687,1.055997,59.988701,0.807646,1.051467,59.988693,0.634113,1.046309,59.988786,-5.139444,1.061652,59.988032,-3.625502,1.060315,59.991044,-4.615916,1.047606,59.990191,-6.368486,1.057384,59.994754,-1.438274,1.055745,59.996142,1.032293,1.047073,59.982349,-2.942267,0.981646,59.996421,0.082876,0.983878,59.993322,2.368021,0.997575,59.984989,3.944131,1.014167,59.983757,3.036395,1.050370,59.988648,5.219325,1.064318,59.988558,7.620378,1.028175,59.986372,2.386083,1.027530,59.999362,7.373139,1.029249,59.997539,-7.883626,1.000005,1.000094,0.999901,0.999675,0.999652,0.999686,1.000185,0.999382,-41.433714,0.000000,5.076053,11.994321,4.007129,13.141561,20.573061,-38.878615,288.383297,447.800150,209.391350,467.503357,6.717002,286.592096,294.652499,141.504847,562.436988,245.394482,221.661074,276.382253,200.614467,124.488442,251.663684,184.493662,253.902685,8.239523,988.742731,2.149441,164.790455,75.230425,157.625653,78.812826,137.026846,28.927890,26.868009,92.246831,102.994034,75.767785,-82.574348,42.272334,15.225205,67.617823,24.718568,24.091648,4.119761,223.900075
7.520000,1.049406,59.993901,-6.719732,1.053673,59.988521,-4.870222,1.038894,59.990052,-7.367923,1.015281,59.992348,-8.230422,1.015649,59.993830,-7.329843,1.017526,59.994039,-6.757622,1.008122,59.994166,-8.614659,1.007169,59.994231,-9.019687,1.032409,59.996025,-8.349310,1.026001,59.993468,-4.585792,1.022108,59.993647,-5.324787,1.011953,59.993388,-5.294960,1.023918,59.993129,-5.172794,1.022484,59.992274,-6.534899,1.026776,59.990325,-6.609002,1.041389,59.989486,-5.250625,1.043217,59.989962,-6.220510,1.040504,59.989995,-7.034572,1.055365,59.986779,-0.718931,0.996536,59.985754,-1.606781,1.041143,59.989454,-3.129032,1.056038,59.989400,0.801904,1.051505,59.989394,0.628318,1.046334,59.989479,-5.144605,1.061665,59.988901,-3.635312,1.060140,59.991581,-4.605502,1.047503,59.990802,-6.363892,1.056986,59.994923,-1.402766,1.055296,59.996183,1.077236,1.047220,59.983942,-2.989791,0.981619,59.997216,0.133232,0.983885,59.994289,2.396804,0.997603,59.985649,3.911454,1.014222,59.984341,2.994493,1.050420,59.989350,5.213214,1.064357,59.989272,7.613676,1.028207,59.987321,2.364664,1.027026,59.999117,7.440009,1.029271,59.997233,-7.830213,0.999996,1.000116,0.999927,0.999684,0.999656,0.999703,1.000168,0.999440,-41.479052,0.000000,4.993455,11.810219,3.811949,12.963882,20.603864,-39.179043,288.383297,447.800150,209.391350,467.503357,6.717002,286.592096,294.652499,141.504847,562.436988,245.394482,221.661074,276.382253,200.614467,124.488442,251.663684,184.493662,253.902685,8.239523,988.742731,2.149441,164.790455,75.230425,157.625653,78.812826,137.026846,28.927890,26.868009,92.246831,102.994034,75.767785,-82.574348,42.272334,15.225205,67.617823,24.718568,24.091648,4.119761,223.900075
7.540000,1.049458,59.994117,-6.696502,1.053714,59.989578,-4.881979,1.038917,59.990940,-7.369402,1.015281,59.993105,-8.215936,1.015637,59.994504,-7.305046,1.017512,59.994718,-6.731294,1.008111,59.994779,-8.587717,1.007161,59.994811,-8.992422,1.032417,59.996075,-8.311512,1.025992,59.994239,-4.563165,1.022098,59.994388,-5.301006,1.011944,59.994142,-5.272985,1.023910,59.993898,-5.152620,1.022483,59.993039,-6.520909,1.026796,59.991095,-6.609042,1.041413,59.990258,-5.256703,1.043210,59.990733,-6.223162,1.040508,59.990811,-7.036784,1.055412,59.987552,-0.744516,0.996591,59.986510,-1.639831,1.041176,59.990228,-3.135329,1.056079,59.990175,0.795226,1.051544,59.990170,0.621600,1.046360,59.990252,-5.150727,1.061679,59.989872,-3.644714,1.059979,59.992168,-4.597313,1.047410,59.991477,-6.360924,1.056616,59.995077,-1.372428,1.054879,59.996184,1.115973,1.047370,59.985722,-3.031302,0.981579,59.997943,0.182691,0.983880,59.995235,2.426147,0.997632,59.986439,3.877804,1.014276,59.985075,2.951158,1.050472,59.990122,5.206162,1.064395,59.990056,7.606119,1.028237,59.988398,2.344345,1.026556,59.998771,7.498339,1.029290,59.996926,-7.785324,0.999987,1.000134,0.999951,0.999697,0.999664,0.999723,1.000146,0.999507,-41.536813,0.000000,4.913091,11.622381,3.610651,12.785670,20.617646,-39.460995,288.383297,447.800150,209.391350,467.503357,6.717002,286.592096,294.652499,141.504847,562.436988,245.394482,221.661074,276.382253,200.614467,124.488442,251.663684,184.493662,253.902685,8.239523,988.742731,2.149441,164.790455,75.230425,157.625653,78.812826,137.026846,28.927890,26.868009,92.246831,102.994034,75.767785,-82.574348,42.272334,15.225205,67.617823,24.718568,24.091648,4.119761,223.900075
7.560000,1.049506,59.994371,-6.678193,1.053762,59.990731,-4.892338,1.038942,59.991899,-7.370812,1.015278,59.993892,-8.202507,1.015620,59.995183,-7.282021,1.017492,59.995397,-6.706725,1.008094,59.995394,-8.563000,1.007145,59.995395,-8.967611,1.032420,59.996127,-8.279997,1.025977,59.995013,-4.541618,1.022082,59.995130,-5.278531,1.011929,59.994902,-5.252199,1.023897,59.994675,-5.133518,1.022480,59.993831,-6.507937,1.026817,59.991926,-6.609906,1.041441,59.991104,-5.263533,1.043210,59.991573,-6.226598,1.040518,59.991697,-7.039449,1.055462,59.988437,-0.770678,0.996647,59.987394,-1.673506,1.041214,59.991074,-3.142374,1.056124,59.991018,0.787788,1.051586,59.991016,0.614137,1.046391,59.991099,-5.157595,1.061696,59.990933,-3.653362,1.059839,59.992801,-4.591337,1.047331,59.992210,-6.359479,1.056287,59.995224,-1.347668,1.054505,59.996155,1.147925,1.047525,59.987661,-3.065915,0.981529,59.998596,0.230405,0.983864,59.996151,2.455522,0.997665,59.987355,3.843765,1.014330,59.985956,2.907123,1.050529,59.990959,5.198315,1.064436,59.990903,7.597845,1.028267,59.989587,2.325645,1.026129,59.998344,7.547155,1.029307,59.996620,-7.749293,0.999978,1.000146,0.999974,0.999714,0.999675,0.999747,1.000120,0.999580,-41.605088,0.000000,4.836411,11.434326,3.406913,12.610543,20.614429,-39.719124,288.383297,447.800150,209.391350,467.503357,6.717002,286.592096,294.652499,141.504847,562.436988,245.394482,221.661074,276.382253,200.614467,124.488442,251.663684,184.493662,253.902685,8.239523,988.742731,2.149441,164.790455,75.230425,157.625653,78.812826,137.026846,28.927890,26.868009,92.246831,102.994034,75.767785,-82.574348,42.272334,15.225205,67.617823,24.718568,24.091648,4.119761,223.900075
7.580000,1.049551,59.994658,-6.664831,1.053818,59.991964,-4.900953,1.038973,59.992916,-7.371976,1.015277,59.994701,-8.190236,1.015600,59.995860,-7.261041,1.017469,59.996069,-6.684224,1.008075,59.996006,-8.540793,1.007127,59.995977,-8.945530,1.032422,59.996180,-8.255027,1.025959,59.995782,-4.521444,1.022062,59.995867,-5.257657,1.011911,59.995661,-5.232870,1.023882,59.995456,-5.115728,1.022476,59.994642,-6.496098,1.026844,59.992810,-6.611471,1.041476,59.992017,-5.270896,1.043220,59.992475,-6.230631,1.040537,59.992644,-7.042383,1.055517,59.989426,-0.796925,0.996706,59.988400,-1.707191,1.041258,59.991985,-3.149962,1.056177,59.991923,0.779773,1.051636,59.991923,0.606114,1.046428,59.992013,-5.164988,1.061719,59.992071,-3.660945,1.059726,59.993478,-4.587532,1.047273,59.992996,-6.359440,1.056006,59.995370,-1.328787,1.054184,59.996108,1.172651,1.047686,59.989729,-3.092897,0.981474,59.999175,0.275560,0.983843,59.997030,2.484402,0.997704,59.988389,3.809929,1.014386,59.986977,2.863141,1.050593,59.991853,5.189830,1.064483,59.991806,7.588998,1.028298,59.990874,2.309030,1.025758,59.997856,7.585682,1.029322,59.996318,-7.722379,0.999968,1.000154,0.999995,0.999733,0.999690,0.999774,1.000089,0.999660,-41.681939,0.000000,4.764757,11.249528,3.204418,12.441985,20.594554,-39.948630,288.383297,447.800150,209.391350,467.503357,6.717002,286.592096,294.652499,141.504847,562.436988,245.394482,221.661074,276.382253,200.614467,124.488442,251.663684,184.493662,253.902685,8.239523,988.742731,2.149441,164.790455,75.230425,157.625653,78.812826,137.026846,28.927890,26.868009,92.246831,102.994034,75.767785,-82.574348,42.272334,15.225205,67.617823,24.718568,24.091648,4.119761,223.900075
7.600000,1.049595,59.994975,-6.656413,1.053886,59.993260,-4.907543,1.039013,59.993980,-7.372746,1.015279,59.995524,-8.179219,1.015581,59.996529,-7.242364,1.017447,59.996729,-6.664081,1.008055,59.996610,-8.521355,1.007110,59.996553,-8.926428,1.032423,59.996236,-8.236809,1.025941,59.996540,-4.502923,1.022043,59.996594,-5.238666,1.011895,59.996412,-5.215254,1.023869,59.996232,-5.099482,1.022477,59.995466,-6.485503,1.026878,59.993739,-6.613610,1.041522,59.992986,-5.278572,1.043244,59.993428,-6.235081,1.040567,59.993641,-7.045416,1.055580,59.990510,-0.822762,0.996771,59.989518,-1.740272,1.041313,59.992951,-3.157885,1.056241,59.992880,0.771367,1.051696,59.992882,0.597718,1.046476,59.992983,-5.172690,1.061751,59.993271,-3.667194,1.059645,59.994193,-4.585825,1.047238,59.993829,-6.360675,1.055783,59.995522,-1.315973,1.053925,59.996053,1.189852,1.047853,59.991892,-3.111688,0.981416,59.999677,0.317393,0.983818,59.997864,2.512268,0.997751,59.989532,3.776888,1.014444,59.988132,2.819971,1.050667,59.992798,5.180868,1.064540,59.992757,7.579725,1.028333,59.992242,2.294910,1.025450,59.997328,7.613355,1.029335,59.996022,-7.704755,0.999958,1.000158,1.000014,0.999755,0.999708,0.999804,1.000057,0.999743,-41.765429,0.000000,4.699340,11.071350,3.006788,12.283280,20.558664,-40.145349,288.383297,447.800150,209.391350,467.503357,6.717002,286.592096,294.652499,141.504847,562.436988,245.394482,221.661074,276.382253,200.614467,124.488442,251.663684,184.493662,253.902685,8.239523,988.742731,2.149441,164.790455,75.230425,157.625653,78.812826,137.026846,28.927890,26.868009,92.246831,102.994034,75.767785,-82.574348,42.272334,15.225205,67.617823,24.718568,24.091648,4.119761,223.900075
7.620000,1.049638,59.995314,-6.652912,1.053965,59.994600,-4.911891,1.039065,59.995076,-7.373005,1.015288,59.996352,-8.169553,1.015566,59.997185,-7.226225,1.017428,59.997372,-6.646563,1.008039,59.997202,-8.504924,1.007095,59.997118,-8.910528,1.032424,59.996292,-8.225490,1.025927,59.997282,-4.486317,1.022028,59.997303,-5.221821,1.011882,59.997149,-5.199591,1.023860,59.996996,-5.084997,1.022484,59.996293,-6.476257,1.026924,59.994702,-6.616204,1.041580,59.994003,-5.286353,1.043285,59.994423,-6.239776,1.040612,59.994676,-7.048394,1.055651,59.991679,-0.847708,0.996841,59.990737,-1.772143,1.041381,59.993962,-3.165943,1.056316,59.993880,0.762750,1.051768,59.993885,0.589131,1.046536,59.994000,-5.180491,1.061794,59.994516,-3.671895,1.059601,59.994940,-4.586123,1.047232,59.994698,-6.363047,1.055622,59.995688,-1.309309,1.053735,59.996002,1.199368,1.048026,59.994117,-3.121908,0.981360,60.000104,0.355201,0.983793,59.998649,2.538619,0.997806,59.990773,3.745221,1.014505,59.989408,2.778365,1.050754,59.993783,5.171590,1.064608,59.993747,7.570175,1.028374,59.993671,2.283621,1.025214,59.996781,7.629827,1.029347,59.995737,-7.696516,0.999948,1.000156,1.000031,0.999780,0.999731,0.999836,1.000022,0.999829,-41.853669,0.000000,4.641221,10.902984,2.817517,12.137450,20.507692,-40.305823,288.383297,447.800150,209.391350,467.503357,6.717002,286.592096,294.652499,141.504847,562.436988,245.394482,221.661074,276.382253,200.614467,124.488442,251.663684,184.493662,253.902685,8.239523,988.742731,2.149441,164.790455,75.230425,157.625653,78.812826,137.026846,28.927890,26.868009,92.246831,102.994034,75.767785,-82.574348,42.272334,15.225205,67.617823,24.718568,24.091648,4.119761,223.900075
7.640000,1.049681,59.995671,-6.654281,1.054059,59.995966,-4.913859,1.039129,59.996191,-7.372672,1.015306,59.997176,-8.161332,1.015559,59.997823,-7.212835,1.017416,59.997992,-6.631909,1.008029,59.997775,-8.491707,1.007086,59.997667,-8.898026,1.032427,59.996350,-8.221153,1.025920,59.998000,-4.471871,1.022019,59.997990,-5.207364,1.011877,59.997867,-5.186103,1.023859,59.997744,-5.072476,1.022501,59.997117,-6.468460,1.026982,59.995690,-6.619139,1.041651,59.995055,-5.294041,1.043343,59.995448,-6.244559,1.040674,59.995738,-7.051188,1.055732,59.992920,-0.871298,0.996918,59.992046,-1.802221,1.041463,59.995009,-3.173948,1.056407,59.994914,0.754099,1.051855,59.994922,0.580527,1.046610,59.995053,-5.188195,1.061851,59.995790,-3.674888,1.059596,59.995714,-4.588312,1.047256,59.995597,-6.366414,1.055530,59.995872,-1.308769,1.053617,59.995965,1.201181,1.048206,59.996368,-3.123368,0.981308,60.000458,0.388355,0.983770,59.999379,2.562980,0.997871,59.992100,3.715487,1.014570,59.990793,2.739052,1.050854,59.994800,5.162159,1.064689,59.994766,7.560496,1.028422,59.995142,2.275427,1.025053,59.996237,7.634966,1.029359,59.995464,-7.697674,0.999938,1.000151,1.000046,0.999808,0.999756,0.999870,0.999986,0.999917,-41.944847,0.000000,4.591292,10.747392,2.639915,12.007198,20.442835,-40.427359,288.383297,447.800150,209.391350,467.503357,6.717002,286.592096,294.652499,141.504847,562.436988,245.394482,221.661074,276.382253,200.614467,124.488442,251.663684,184.493662,253.902685,8.239523,988.742731,2.149441,164.790455,75.230425,157.625653,78.812826,137.026846,28.927890,26.868009,92.246831,102.994034,75.767785,-82.574348,42.272334,15.225205,67.617823,24.718568,24.091648,4.119761,223.900075
7.660000,1.049725,59.996039,-6.660451,1.054167,59.997337,-4.913382,1.039207,59.997311,-7.371703,1.015336,59.997989,-8.154647,1.015560,59.998438,-7.202378,1.017413,59.998586,-6.620328,1.008028,59.998327,-8.481879,1.007086,59.998196,-8.889083,1.032433,59.996408,-8.223822,1.025921,59.998689,-4.459805,1.022019,59.998648,-5.195509,1.011882,59.998558,-5.174988,1.023867,59.998467,-5.062101,1.022529,59.997929,-6.462202,1.027053,59.996692,-6.622316,1.041739,59.996133,-5.301456,1.043421,59.996493,-6.249290,1.040753,59.996813,-7.053695,1.055823,59.994221,-0.893096,0.997001,59.993429,-1.829957,1.041560,59.996080,-3.181726,1.056512,59.995971,0.745576,1.051957,59.995981,0.572070,1.046699,59.996131,-5.195622,1.061921,59.997074,-3.676075,1.059633,59.996507,-4.592263,1.047312,59.996515,-6.370641,1.055508,59.996079,-1.314224,1.053577,59.995952,1.195407,1.048393,59.998609,-3.116067,0.981264,60.000741,0.416313,0.983752,60.000050,2.584910,0.997947,59.993498,3.688212,1.014639,59.992274,2.702727,1.050970,59.995838,5.152730,1.064786,59.995806,7.550831,1.028479,59.996633,2.270503,1.024973,59.995716,7.628857,1.029369,59.995205,-7.708157,0.999928,1.000142,1.000058,0.999838,0.999785,0.999905,0.999950,1.000004,-42.037264,0.000000,4.550267,10.607262,2.477047,11.894856,20.365529,-40.508072,288.383297,447.800150,209.391350,467.503357,6.717002,286.592096,294.652499,141.504847,562.436988,245.394482,221.661074,276.382253,200.614467,124.488442,251.663684,184.493662,253.902685,8.239523,988.742731,2.149441,164.790455,75.230425,157.625653,78.812826,137.026846,28.927890,26.868009,92.246831,102.994034,75.767785,-82.574348,42.272334,15.225205,67.617823,24.718568,24.091648,4.119761,223.900075
7.680000,1.049769,59.996411,-6.671333,1.054289,59.998693,-4.910474,1.039299,59.998421,-7.370097,1.015378,59.998781,-8.149586,1.015572,59.999023,-7.195010,1.017421,59.999149,-6.611996,1.008036,59.998852,-8.475585,1.007095,59.998700,-8.883828,1.032443,59.996466,-8.233457,1.025933,59.999344,-4.450313,1.022030,59.999274,-5.186444,1.011897,59.999217,-5.166421,1.023887,59.999161,-5.054035,1.022569,59.998722,-6.457569,1.027140,59.997697,-6.625647,1.041841,59.997222,-5.308438,1.043519,59.997543,-6.253851,1.040849,59.997888,-7.055838,1.055924,59.995567,-0.912702,0.997092,59.994872,-1.854843,1.041674,59.997162,-3.189121,1.056633,59.997039,0.737334,1.052075,59.997051,0.563910,1.046804,59.997221,-5.202615,1.062007,59.998352,-3.675420,1.059711,59.997310,-4.597838,1.047400,59.997443,-6.375596,1.055559,59.996314,-1.325450,1.053614,59.995972,1.182296,1.048585,60.000806,-3.100196,0.981230,60.000958,0.438625,0.983740,60.000660,2.604012,0.998032,59.994952,3.663878,1.014711,59.993833,2.670038,1.051100,59.996889,5.143452,1.064897,59.996855,7.541314,1.028545,59.998124,2.268942,1.024974,59.995238,7.611796,1.029380,59.994964,-7.727813,0.999919,1.000130,1.000068,0.999870,0.999816,0.999940,0.999915,1.000089,-42.129360,0.000000,4.518670,10.484956,2.331685,11.802347,20.277422,-40.546915,288.383297,447.800150,209.391350,467.503357,6.717002,286.592096,294.652499,141.504847,562.436988,245.394482,221.661074,276.382253,200.614467,124.488442,251.663684,184.493662,253.902685,8.239523,988.742731,2.149441,164.790455,75.230425,157.625653,78.812826,137.026846,28.927890,26.868009,92.246831,102.994034,75.767785,-82.574348,42.272334,15.225205,67.617823,24.718568,24.091648,4.119761,223.900075
7.700000,1.049813,59.996782,-6.686818,1.054424,60.000015,-4.905229,1.039406,59.999505,-7.367890,1.015433,59.999544,-8.146230,1.015596,59.999576,-7.190854,1.017440,59.999676,-6.607050,1.008055,59.999346,-8.472930,1.007114,59.999175,-8.882352,1.032457,59.996525,-8.249957,1.025957,59.999960,-4.443558,1.022052,59.999862,-5.180323,1.011925,59.999841,-5.160548,1.023918,59.999819,-5.048414,1.022623,59.999486,-6.454633,1.027240,59.998693,-6.629061,1.041959,59.998311,-5.314855,1.043636,59.998589,-6.258148,1.040963,59.998950,-7.057576,1.056035,59.996943,-0.929760,0.997188,59.996357,-1.876422,1.041802,59.998244,-3.196001,1.056770,59.998107,0.729505,1.052208,59.998121,0.556177,1.046924,59.998310,-5.209041,1.062107,59.999604,-3.672951,1.059832,59.998117,-4.604891,1.047521,59.998368,-6.381160,1.055680,59.996580,-1.342132,1.053728,59.996032,1.162221,1.048783,60.002923,-3.076135,0.981207,60.001115,0.454942,0.983737,60.001207,2.619941,0.998128,59.996446,3.642920,1.014787,59.995453,2.641575,1.051244,59.997940,5.134465,1.065024,59.997904,7.532073,1.028620,59.999594,2.270748,1.025055,59.994822,7.584280,1.029390,59.994740,-7.756410,0.999909,1.000116,1.000077,0.999903,0.999850,0.999976,0.999882,1.000172,-42.219737,0.000000,4.496831,10.382476,2.206260,11.731154,20.180337,-40.543684,288.383297,447.800150,209.391350,467.503357,6.717002,286.592096,294.652499,141.504847,562.436988,245.394482,221.661074,276.382253,200.614467,124.488442,251.663684,184.493662,253.902685,8.239523,988.742731,2.149441,164.790455,75.230425,157.625653,78.812826,137.026846,28.927890,26.868009,92.246831,102.994034,75.767785,-82.574348,42.272334,15.225205,67.617823,24.718568,24.091648,4.119761,223.900075
7.720000,1.049857,59.997145,-6.706782,1.054571,60.001283,-4.897814,1.039525,60.000551,-7.365157,1.015501,60.000270,-8.144657,1.015632,60.000092,-7.190000,1.017471,60.000166,-6.605590,1.008086,59.999806,-8.473985,1.007145,59.999619,-8.884711,1.032475,59.996582,-8.273157,1.025993,60.000534,-4.439673,1.022086,60.000409,-5.177266,1.011965,60.000423,-5.157484,1.023963,60.000437,-5.045350,1.022690,60.000216,-6.453461,1.027354,59.999669,-6.632503,1.042090,59.999387,-5.320599,1.043771,59.999615,-6.262113,1.041093,59.999985,-7.058895,1.056154,59.998331,-0.943963,0.997290,59.997867,-1.894301,1.041944,59.999314,-3.202255,1.056920,59.999164,0.722206,1.052355,59.999179,0.548986,1.047058,59.999386,-5.214792,1.062221,60.000815,-3.668760,1.059992,59.998918,-4.613274,1.047672,59.999282,-6.387223,1.055869,59.996878,-1.363870,1.053916,59.996139,1.135670,1.048983,60.004927,-3.044436,0.981198,60.001217,0.465022,0.983742,60.001690,2.632406,0.998233,59.997963,3.625715,1.014865,59.997114,2.617857,1.051400,59.998982,5.125895,1.065165,59.998942,7.523224,1.028704,60.001020,2.275835,1.025215,59.994485,7.546998,1.029400,59.994538,-7.793639,0.999901,1.000099,1.000083,0.999937,0.999886,1.000012,0.999851,1.000249,-42.307182,0.000000,4.484882,10.301432,2.102827,11.682294,20.076246,-40.499012,288.383297,447.800150,209.391350,467.503357,6.717002,286.592096,294.652499,141.504847,562.436988,245.394482,221.661074,276.382253,200.614467,124.488442,251.663684,184.493662,253.902685,8.239523,988.742731,2.149441,164.790455,75.230425,157.625653,78.812826,137.026846,28.927890,26.868009,92.246831,102.994034,75.767785,-82.574348,42.272334,15.225205,67.617823,24.718568,24.091648,4.119761,223.900075
7.740000,1.049901,59.997494,-6.731080,1.054729,60.002479,-4.888469,1.039657,60.001544,-7.362010,1.015581,60.000953,-8.144935,1.015680,60.000567,-7.192499,1.017515,60.000614,-6.607677,1.008128,60.000229,-8.478778,1.007186,60.000027,-8.890918,1.032497,59.996638,-8.302835,1.026041,60.001061,-4.438752,1.022133,60.000911,-5.177356,1.012018,60.000961,-5.157311,1.024020,60.001009,-5.044926,1.022769,60.000904,-6.454104,1.027481,60.000614,-6.635938,1.042234,60.000437,-5.325590,1.043923,60.000611,-6.265704,1.041238,60.000982,-7.059813,1.056281,59.999717,-0.955058,0.997396,59.999384,-1.908152,1.042099,60.000358,-3.207802,1.057081,60.000198,0.715532,1.052514,60.000214,0.542426,1.047203,60.000436,-5.219792,1.062349,60.001966,-3.662996,1.060188,59.999705,-4.622834,1.047851,60.000173,-6.393689,1.056122,59.997212,-1.390189,1.054173,59.996299,1.103237,1.049185,60.006788,-3.005823,0.981202,60.001272,0.468734,0.983757,60.002110,2.641179,0.998346,59.999484,3.612575,1.014944,59.998798,2.599326,1.051567,60.000004,5.117856,1.065317,59.999958,7.514871,1.028797,60.002384,2.284034,1.025449,59.994241,7.500811,1.029410,59.994357,-7.839117,0.999892,1.000080,1.000087,0.999972,0.999924,1.000047,0.999824,1.000321,-42.390676,0.000000,4.482765,10.243016,2.023030,11.656308,19.967225,-40.414353,288.383297,447.800150,209.391350,467.503357,6.717002,286.592096,294.652499,141.504847,562.436988,245.394482,221.661074,276.382253,200.614467,124.488442,251.663684,184.493662,253.902685,8.239523,988.742731,2.149441,164.790455,75.230425,157.625653,78.812826,137.026846,28.927890,26.868009,92.246831,102.994034,75.767785,-82.574348,42.272334,15.225205,67.617823,24.718568,24.091648,4.119761,223.900075
7.760000,1.049943,59.997823,-6.759549,1.054895,60.003587,-4.877496,1.039798,60.002472,-7.358594,1.015672,60.001584,-8.147121,1.015740,60.000998,-7.198368,1.017570,60.001019,-6.613327,1.008180,60.000612,-8.487300,1.007238,60.000398,-8.900949,1.032523,59.996693,-8.338709,1.026100,60.001539,-4.440852,1.022190,60.001366,-5.180637,1.012082,60.001451,-5.160078,1.024088,60.001533,-5.047192,1.022860,60.001545,-6.456600,1.027617,60.001517,-6.639344,1.042387,60.001450,-5.329777,1.044088,60.001564,-6.268904,1.041395,60.001927,-7.060378,1.056412,60.001083,-0.962853,0.997503,60.000889,-1.917719,1.042263,60.001366,-3.212583,1.057252,60.001197,0.709558,1.052682,60.001214,0.536570,1.047358,60.001448,-5.223990,1.062487,60.003043,-3.655867,1.060417,60.000470,-4.633420,1.048054,60.001031,-6.400477,1.056432,59.997580,-1.420545,1.054493,59.996515,1.065611,1.049388,60.008477,-2.961164,0.981219,60.001285,0.466054,0.983782,60.002467,2.646095,0.998465,60.000992,3.603743,1.015023,60.000482,2.586338,1.051742,60.000995,5.110445,1.065479,60.000943,7.507105,1.028898,60.003665,2.295095,1.025750,59.994102,7.446741,1.029420,59.994199,-7.892389,0.999885,1.000061,1.000089,1.000007,0.999963,1.000080,0.999800,1.000386,-42.469406,0.000000,4.490232,10.207992,1.968082,11.653257,19.855427,-40.291933,288.383297,447.800150,209.391350,467.503357,6.717002,286.592096,294.652499,141.504847,562.436988,245.394482,221.661074,276.382253,200.614467,124.488442,251.663684,184.493662,253.902685,8.239523,988.742731,2.149441,164.790455,75.230425,157.625653,78.812826,137.026846,28.927890,26.868009,92.246831,102.994034,75.767785,-82.574348,42.272334,15.225205,67.617823,24.718568,24.091648,4.119761,223.900075
7.780000,1.049982,59.998126,-6.792009,1.055066,60.004590,-4.865256,1.039945,60.003323,-7.355082,1.015773,60.002159,-8.151260,1.015809,60.001384,-7.207584,1.017635,60.001378,-6.622512,1.008242,60.000953,-8.499497,1.007299,60.000729,-8.914737,1.032552,59.996747,-8.380440,1.026170,60.001964,-4.445993,1.022258,60.001771,-5.187113,1.012157,60.001889,-5.165796,1.024166,60.002004,-5.052167,1.022959,60.002131,-6.460972,1.027760,60.002369,-6.642720,1.042546,60.002412,-5.333139,1.044262,60.002464,-6.271722,1.041560,60.002809,-7.060662,1.056545,60.002412,-0.967216,0.997610,60.002364,-1.922823,1.042433,60.002325,-3.216566,1.057428,60.002151,0.704336,1.052856,60.002168,0.531466,1.047520,60.002411,-5.227364,1.062635,60.004030,-3.647625,1.060674,60.001204,-4.644880,1.048276,60.001847,-6.407518,1.056792,59.997983,-1.454338,1.054867,59.996791,1.023562,1.049588,60.009969,-2.911460,0.981250,60.001265,0.457072,0.983816,60.002763,2.647061,0.998588,60.002468,3.599387,1.015100,60.002147,2.579156,1.051920,60.001945,5.103745,1.065648,60.001886,7.500003,1.029005,60.004846,2.308693,1.026111,59.994080,7.385944,1.029429,59.994065,-7.952935,0.999878,1.000041,1.000089,1.000042,1.000003,1.000111,0.999782,1.000442,-42.542771,0.000000,4.506861,10.196684,1.938748,11.672733,19.743038,-40.134708,288.383297,447.800150,209.391350,467.503357,6.717002,286.592096,294.652499,141.504847,562.436988,245.394482,221.661074,276.382253,200.614467,124.488442,251.663684,184.493662,253.902685,8.239523,988.742731,2.149441,164.790455,75.230425,157.625653,78.812826,137.026846,28.927890,26.868009,92.246831,102.994034,75.767785,-82.574348,42.272334,15.225205,67.617823,24.718568,24.091648,4.119761,223.900075
7.800000,1.050019,59.998399,-6.828260,1.055238,60.005476,-4.852155,1.040097,60.004087,-7.351670,1.015880,60.002671,-8.157382,1.015886,60.001720,-7.220083,1.017708,60.001690,-6.635163,1.008312,60.001251,-8.515277,1.007367,60.001017,-8.932173,1.032583,59.996798,-8.427637,1.026247,60.002336,-4.454152,1.022334,60.002125,-5.196746,1.012240,60.002274,-5.174439,1.024252,60.002420,-5.059838,1.023066,60.002658,-6.467227,1.027906,60.003159,-6.646076,1.042708,60.003314,-5.335681,1.044443,60.003299,-6.274189,1.041731,60.003617,-7.060762,1.056677,60.003688,-0.968079,0.997714,60.003789,-1.923365,1.042605,60.003225,-3.219744,1.057605,60.003050,0.699898,1.053032,60.003065,0.527142,1.047684,60.003312,-5.229920,1.062789,60.004915,-3.638570,1.060952,60.001899,-4.657065,1.048514,60.002611,-6.414754,1.057194,59.998420,-1.490916,1.055287,59.997127,0.977931,1.049784,60.011244,-2.857824,0.981293,60.001219,0.441982,0.983858,60.003000,2.644051,0.998713,60.003894,3.599602,1.015173,60.003771,2.577948,1.052099,60.002844,5.097818,1.065819,60.002779,7.493627,1.029116,60.005911,2.324440,1.026523,59.994181,7.319696,1.029437,59.993956,-8.020173,0.999871,1.000021,1.000089,1.000076,1.000043,1.000140,0.999768,1.000490,-42.610374,0.000000,4.532066,10.208978,1.935338,11.713869,19.632243,-39.946289,288.383297,447.800150,209.391350,467.503357,6.717002,286.592096,294.652499,141.504847,562.436988,245.394482,221.661074,276.382253,200.614467,124.488442,251.663684,184.493662,253.902685,8.239523,988.742731,2.149441,164.790455,75.230425,157.625653,78.812826,137.026846,28.927890,26.868009,92.246831,102.994034,75.767785,-82.574348,42.272334,15.225205,67.617823,24.718568,24.091648,4.119761,223.900075
7.820000,1.050051,59.998638,-6.868082,1.055410,60.006233,-4.838637,1.040249,60.004755,-7.348571,1.015991,60.003116,-8.165499,1.015969,60.002008,-7.235765,1.017788,60.001955,-6.651165,1.008387,60.001503,-8.534502,1.007439,60.001263,-8.953110,1.032616,59.996847,-8.479860,1.026331,60.002653,-4.465266,1.022415,60.002425,-5.209455,1.012328,60.002604,-5.185943,1.024344,60.002779,-5.070154,1.023176,60.003123,-6.475350,1.028053,60.003880,-6.649437,1.042870,60.004144,-5.337431,1.044626,60.004061,-6.276354,1.041903,60.004343,-7.060794,1.056806,60.004896,-0.965437,0.997813,60.005146,-1.919326,1.042775,60.004056,-3.222135,1.057780,60.003883,0.696255,1.053206,60.003897,0.523603,1.047847,60.004142,-5.231689,1.062946,60.005687,-3.629031,1.061245,60.002550,-4.669825,1.048761,60.003315,-6.422141,1.057626,59.998889,-1.529590,1.055743,59.997525,0.929611,1.049973,60.012282,-2.801450,0.981347,60.001153,0.421082,0.983906,60.003182,2.637110,0.998837,60.005252,3.604401,1.015240,60.005333,2.582780,1.052274,60.003682,5.092712,1.065989,60.003611,7.488024,1.029230,60.006845,2.341887,1.026974,59.994409,7.249361,1.029444,59.993873,-8.093468,0.999866,1.000001,1.000086,1.000109,1.000083,1.000166,0.999760,1.000528,-42.672025,0.000000,4.565110,10.244333,1.957710,11.775369,19.525190,-39.730867,288.383297,447.800150,209.391350,467.503357,6.717002,286.592096,294.652499,141.504847,562.436988,245.394482,221.661074,276.382253,200.614467,124.488442,251.663684,184.493662,253.902685,8.239523,988.742731,2.149441,164.790455,75.230425,157.625653,78.812826,137.026846,28.927890,26.868009,92.246831,102.994034,75.767785,-82.574348,42.272334,15.225205,67.617823,24.718568,24.091648,4.119761,223.900075
7.840000,1.050077,59.998839,-6.911234,1.055577,60.006851,-4.825172,1.040399,60.005320,-7.346008,1.016102,60.003492,-8.175606,1.016055,60.002245,-7.254488,1.017870,60.002172,-6.670361,1.008465,60.001710,-8.556997,1.007515,60.001465,-8.977357,1.032649,59.996894,-8.536622,1.026417,60.002914,-4.479234,1.022500,60.002673,-5.225121,1.012419,60.002878,-5.200205,1.024438,60.003079,-5.083033,1.023287,60.003521,-6.485310,1.028196,60.004523,-6.652839,1.043026,60.004894,-5.338444,1.044807,60.004740,-6.278286,1.042073,60.004978,-7.060886,1.056927,60.006020,-0.959349,0.997903,60.006419,-1.910767,1.042939,60.004808,-3.223777,1.057948,60.004642,0.693399,1.053373,60.004654,0.520839,1.048005,60.004891,-5.232724,1.063103,60.006336,-3.619364,1.061546,60.003149,-4.683015,1.049011,60.003951,-6.429643,1.058079,59.999386,-1.569644,1.056222,59.997981,0.879536,1.050154,60.013071,-2.743599,0.981409,60.001075,0.394764,0.983959,60.003310,2.626351,0.998956,60.006525,3.613723,1.015298,60.006814,2.593621,1.052440,60.004452,5.088457,1.066153,60.004375,7.483228,1.029344,60.007637,2.360544,1.027454,59.994767,7.176371,1.029450,59.993815,-8.172132,0.999861,0.999983,1.000083,1.000141,1.000122,1.000189,0.999757,1.000555,-42.727727,0.000000,4.605131,10.301793,2.005276,11.855542,19.423953,-39.493125,288.383297,447.800150,209.391350,467.503357,6.717002,286.592096,294.652499,141.504847,562.436988,245.394482,221.661074,276.382253,200.614467,124.488442,251.663684,184.493662,253.902685,8.239523,988.742731,2.149441,164.790455,75.230425,157.625653,78.812826,137.026846,28.927890,26.868009,92.246831,102.994034,75.767785,-82.574348,42.272334,15.225205,67.617823,24.718568,24.091648,4.119761,223.900075
7.860000,1.050097,59.999000,-6.957457,1.055736,60.007324,-4.812243,1.040541,60.005775,-7.344207,1.016211,60.003794,-8.187675,1.016141,60.002430,-7.276074,1.017954,60.002340,-6.692552,1.008542,60.001871,-8.582545,1.007590,60.001623,-9.004687,1.032680,59.996938,-8.597394,1.026503,60.003119,-4.495910,1.022585,60.002867,-5.243584,1.012511,60.003095,-5.217088,1.024531,60.003320,-5.098356,1.023396,60.003849,-6.497054,1.028331,60.005081,-6.656324,1.043172,60.005555,-5.338794,1.044979,60.005329,-6.280064,1.042235,60.005516,-7.061179,1.057037,60.007047,-0.949935,0.997982,60.007591,-1.897826,1.043092,60.005473,-3.224728,1.058104,60.005318,0.691302,1.053529,60.005328,0.518816,1.048153,60.005551,-5.233100,1.063258,60.006856,-3.609940,1.061849,60.003689,-4.696489,1.049259,60.004514,-6.437230,1.058543,59.999907,-1.610344,1.056714,59.998493,0.828663,1.050325,60.013602,-2.685561,0.981477,60.000988,0.363505,0.984016,60.003389,2.611953,0.999068,60.007697,3.627427,1.015346,60.008193,2.610338,1.052593,60.005145,5.085063,1.066307,60.005062,7.479254,1.029457,60.008276,2.379884,1.027952,59.995253,7.102198,1.029454,59.993783,-8.255436,0.999857,0.999966,1.000079,1.000170,1.000159,1.000208,0.999760,1.000572,-42.777659,0.000000,4.651156,10.380017,2.077024,11.952343,19.330499,-39.238135,288.383297,447.800150,209.391350,467.503357,6.717002,286.592096,294.652499,141.504847,562.436988,245.394482,221.661074,276.382253,200.614467,124.488442,251.663684,184.493662,253.902685,8.239523,988.742731,2.149441,164.790455,75.230425,157.625653,78.812826,137.026846,28.927890,26.868009,92.246831,102.994034,75.767785,-82.574348,42.272334,15.225205,67.617823,24.718568,24.091648,4.119761,223.900075
7.880000,1.050109,59.999118,-7.006468,1.055883,60.007648,-4.800334,1.040673,60.006116,-7.343394,1.016314,60.004022,-8.201655,1.016223,60.002565,-7.300307,1.018034,60.002460,-6.717503,1.008617,60.001987,-8.610892,1.007662,60.001736,-9.034834,1.032708,59.996980,-8.661614,1.026587,60.003268,-4.515116,1.022667,60.003008,-5.264645,1.012599,60.003255,-5.236417,1.024621,60.003500,-5.115973,1.023498,60.004107,-6.510508,1.028454,60.005550,-6.659943,1.043305,60.006119,-5.338571,1.045140,60.005823,-6.281781,1.042385,60.005950,-7.061818,1.057132,60.007963,-0.937373,0.998047,60.008646,-1.880719,1.043230,60.006044,-3.225064,1.058244,60.005905,0.689921,1.053670,60.005912,0.517489,1.048287,60.006115,-5.232906,1.063406,60.007240,-3.601138,1.062145,60.004167,-4.710106,1.049498,60.004996,-6.444881,1.059005,60.000448,-1.650953,1.057207,59.999056,0.777954,1.050482,60.013870,-2.628638,0.981549,60.000900,0.327859,0.984073,60.003421,2.594157,0.999169,60.008753,3.645299,1.015380,60.009453,2.632701,1.052729,60.005753,5.082524,1.066446,60.005667,7.476105,1.029565,60.008756,2.399359,1.028454,59.995862,7.028323,1.029457,59.993776,-8.342614,0.999854,0.999951,1.000074,1.000197,1.000195,1.000223,0.999770,1.000579,-42.822165,0.000000,4.702125,10.477305,2.171537,12.063419,19.246655,-38.971259,288.383297,447.800150,209.391350,467.503357,6.717002,286.592096,294.652499,141.504847,562.436988,245.394482,221.661074,276.382253,200.614467,124.488442,251.663684,184.493662,253.902685,8.239523,988.742731,2.149441,164.790455,75.230425,157.625653,78.812826,137.026846,28.927890,26.868009,92.246831,102.994034,75.767785,-82.574348,42.272334,15.225205,67.617823,24.718568,24.091648,4.119761,223.900075
7.900000,1.050113,59.999193,-7.057963,1.056016,60.007819,-4.789922,1.040791,60.006342,-7.343782,1.016407,60.004175,-8.217475,1.016300,60.002650,-7.326938,1.018109,60.002534,-6.744940,1.008686,60.002058,-8.641752,1.007728,60.001807,-9.067500,1.032733,59.997020,-8.728687,1.026665,60.003363,-4.536636,1.022743,60.003096,-5.288071,1.012680,60.003360,-5.257985,1.024704,60.003621,-5.135702,1.023590,60.004292,-6.525576,1.028562,60.005925,-6.663749,1.043419,60.006582,-5.337883,1.045285,60.006217,-6.283533,1.042520,60.006278,-7.062948,1.057210,60.008758,-0.921898,0.998094,60.009572,-1.859731,1.043349,60.006515,-3.224877,1.058363,60.006396,0.689196,1.053790,60.006399,0.516793,1.048402,60.006577,-5.232251,1.063545,60.007487,-3.593330,1.062428,60.004577,-4.723728,1.049722,60.005394,-6.452578,1.059455,60.001003,-1.690743,1.057689,59.999664,0.728361,1.050626,60.013875,-2.574111,0.981621,60.000815,0.288446,0.984128,60.003412,2.573262,0.999257,60.009679,3.667054,1.015399,60.010576,2.660389,1.052842,60.006271,5.080819,1.066566,60.006182,7.473768,1.029668,60.009073,2.418412,1.028950,59.996586,6.956216,1.029457,59.993794,-8.432871,0.999852,0.999939,1.000069,1.000221,1.000229,1.000234,0.999785,1.000574,-42.861726,0.000000,4.756916,10.591638,2.287028,12.186167,19.174078,-38.698036,288.383297,447.800150,209.391350,467.503357,6.717002,286.592096,294.652499,141.504847,562.436988,245.394482,221.661074,276.382253,200.614467,124.488442,251.663684,184.493662,253.902685,8.239523,988.742731,2.149441,164.790455,75.230425,157.625653,78.812826,137.026846,28.927890,26.868009,92.246831,102.994034,75.767785,-82.574348,42.272334,15.225205,67.617823,24.718568,24.091648,4.119761,223.900075
7.920000,1.050107,59.999225,-7.111618,1.056131,60.007839,-4.781462,1.040893,60.006452,-7.345573,1.016488,60.004252,-8.235038,1.016367,60.002684,-7.355690,1.018175,60.002562,-6.774558,1.008746,60.002084,-8.674806,1.007786,60.001834,-9.102357,1.032752,59.997056,-8.797993,1.026733,60.003404,-4.560221,1.022809,60.003133,-5.313596,1.012751,60.003409,-5.281555,1.024776,60.003683,-5.157334,1.023670,60.004404,-6.542143,1.028649,60.006202,-6.667800,1.043512,60.006937,-5.336847,1.045409,60.006506,-6.285424,1.042636,60.006497,-7.064713,1.057267,60.009421,-0.903793,0.998122,60.010356,-1.835213,1.043443,60.006882,-3.224268,1.058458,60.006787,0.689054,1.053886,60.006786,0.516654,1.048495,60.006932,-5.231251,1.063673,60.007594,-3.586879,1.062692,60.004915,-4.737222,1.049925,60.005704,-6.460308,1.059883,60.001565,-1.729007,1.058148,60.000308,0.680810,1.050753,60.013622,-2.523220,0.981691,60.000735,0.245934,0.984179,60.003363,2.549615,0.999328,60.010463,3.692342,1.015401,60.011549,2.692990,1.052930,60.006692,5.079908,1.066662,60.006603,7.472215,1.029762,60.009222,2.436490,1.029426,59.997416,6.887302,1.029455,59.993836,-8.525391,0.999851,0.999928,1.000063,1.000242,1.000259,1.000241,0.999805,1.000559,-42.896943,0.000000,4.814365,10.720718,2.421376,12.317788,19.114227,-38.424071,288.383297,447.800150,209.391350,467.503357,6.717002,286.592096,294.652499,141.504847,562.436988,245.394482,221.661074,276.382253,200.614467,124.488442,251.663684,184.493662,253.902685,8.239523,988.742731,2.149441,164.790455,75.230425,157.625653,78.812826,137.026846,28.927890,26.868009,92.246831,102.994035,75.767785,-82.574348,42.272334,15.225205,67.617823,24.718568,24.091648,4.119761,223.900075
7.940000,1.050093,59.999213,-7.167087,1.056226,60.007711,-4.775374,1.040974,60.006445,-7.348945,1.016552,60.004255,-8.254224,1.016421,60.002671,-7.386255,1.018229,60.002545,-6.806025,1.008795,60.002068,-8.709707,1.007832,60.001820,-9.139049,1.032765,59.997090,-8.868894,1.026789,60.003392,-4.585596,1.022864,60.003120,-5.340926,1.012809,60.003404,-5.306861,1.024835,60.003686,-5.180631,1.023733,60.004444,-6.560075,1.028713,60.006380,-6.672149,1.043579,60.007183,-5.335590,1.045508,60.006689,-6.287554,1.042728,60.006605,-7.067245,1.057300,60.009944,-0.883388,0.998127,60.010988,-1.807577,1.043511,60.007141,-3.223350,1.058523,60.007073,0.689409,1.053953,60.007068,0.516984,1.048562,60.007177,-5.230033,1.063785,60.007563,-3.582124,1.062929,60.005179,-4.750461,1.050103,60.005923,-6.468060,1.060278,60.002126,-1.765070,1.058575,60.000980,0.636178,1.050863,60.013119,-2.477130,0.981756,60.000663,0.201035,0.984224,60.003279,2.523610,0.999380,60.011096,3.720752,1.015383,60.012356,2.730011,1.052988,60.007014,5.079738,1.066732,60.006926,7.471406,1.029846,60.009207,2.453054,1.029873,59.998337,6.822936,1.029450,59.993902,-8.619344,0.999851,0.999921,1.000058,1.000260,1.000287,1.000244,0.999831,1.000534,-42.928508,0.000000,4.873295,10.862016,2.572170,12.455349,19.068340,-38.154922,288.383297,447.800150,209.391350,467.503357,6.717002,286.592096,294.652499,141.504847,562.436988,245.394482,221.661074,276.382253,200.614467,124.488442,251.663684,184.493662,253.902685,8.239523,988.742731,2.149441,164.790455,75.230425,157.625653,78.812826,137.026846,28.927890,26.868009,92.246831,102.994035,75.767785,-82.574348,42.272334,15.225205,67.617823,24.718568,24.091648,4.119761,223.900075
7.960000,1.050068,59.999160,-7.224005,1.056299,60.007439,-4.772039,1.041032,60.006325,-7.354053,1.016599,60.004186,-8.274893,1.016461,60.002611,-7.418305,1.018269,60.002485,-6.838984,1.008829,60.002011,-8.746087,1.007864,60.001767,-9.177199,1.032770,59.997121,-8.940739,1.026830,60.003330,-4.612459,1.022904,60.003059,-5.369743,1.012851,60.003347,-5.333616,1.024878,60.003633,-5.205335,1.023777,60.004412,-6.579219,1.028751,60.006456,-6.676849,1.043617,60.007317,-5.334244,1.045578,60.006765,-6.290025,1.042794,60.006604,-7.070668,1.057306,60.010320,-0.861053,0.998109,60.011459,-1.777288,1.043548,60.007289,-3.222242,1.058557,60.007252,0.690167,1.053990,60.007243,0.517686,1.048601,60.007311,-5.228728,1.063880,60.007398,-3.579374,1.063133,60.005365,-4.763325,1.050249,60.006050,-6.475824,1.060630,60.002678,-1.798307,1.058958,60.001668,0.595285,1.050956,60.012379,-2.436912,0.981813,60.000600,0.154484,0.984259,60.003162,2.495676,0.999411,60.011567,3.751818,1.015344,60.012989,2.770888,1.053013,60.007232,5.080240,1.066771,60.007147,7.471287,1.029919,60.009029,2.467597,1.030279,59.999334,6.764377,1.029443,59.993991,-8.713895,0.999852,0.999916,1.000052,1.000273,1.000310,1.000242,0.999862,1.000499,-42.957177,0.000000,4.932533,11.012824,2.736752,12.595849,19.037412,-37.895991,288.383297,447.800150,209.391350,467.503357,6.717002,286.592096,294.652499,141.504847,562.436988,245.394482,221.661074,276.382253,200.614467,124.488442,251.663684,184.493662,253.902685,8.239523,988.742731,2.149441,164.790455,75.230425,157.625653,78.812826,137.026846,28.927890,26.868009,92.246831,102.994034,75.767785,-82.574348,42.272334,15.225205,67.617823,24.718568,24.091648,4.119761,223.900075
7.980000,1.050033,59.999067,-7.281987,1.056349,60.007029,-4.771786,1.041066,60.006096,-7.361019,1.016624,60.004046,-8.296884,1.016484,60.002505,-7.451495,1.018292,60.002383,-6.873065,1.008847,60.001914,-8.783562,1.007880,60.001674,-9.216413,1.032767,59.997150,-9.012874,1.026854,60.003219,-4.640493,1.022926,60.002952,-5.399713,1.012875,60.003239,-5.361515,1.024902,60.003525,-5.231169,1.023799,60.004311,-6.599405,1.028760,60.006433,-6.681951,1.043624,60.007337,-5.332946,1.045618,60.006734,-6.292932,1.042831,60.006494,-7.075092,1.057285,60.010545,-0.837191,0.998064,60.011764,-1.744854,1.043551,60.007326,-3.221068,1.058556,60.007323,0.691224,1.053992,60.007309,0.518658,1.048607,60.007331,-5.227472,1.063957,60.007103,-3.578902,1.063301,60.005473,-4.775704,1.050361,60.006084,-6.483595,1.060932,60.003211,-1.828149,1.059288,60.002360,0.558871,1.051030,60.011418,-2.403526,0.981859,60.000548,0.107028,0.984284,60.003017,2.466267,0.999418,60.011872,3.785032,1.015283,60.013437,2.814990,1.053003,60.007344,5.081335,1.066777,60.007264,7.471792,1.029978,60.008694,2.479649,1.030634,60.000389,6.712766,1.029433,59.994102,-8.808210,0.999854,0.999913,1.000047,1.000283,1.000330,1.000236,0.999897,1.000456,-42.983746,0.000000,4.990939,11.170305,2.912272,12.736279,19.022178,-37.652420,288.383297,447.800150,209.391350,467.503357,6.717002,286.592096,294.652499,141.504847,562.436988,245.394482,221.661074,276.382253,200.614467,124.488442,251.663684,184.493662,253.902685,8.239523,988.742731,2.149441,164.790455,75.230425,157.625653,78.812826,137.026846,28.927890,26.868009,92.246831,102.994034,75.767785,-82.574348,42.272334,15.225205,67.617823,24.718568,24.091648,4.119761,223.900075
8.000000,1.049989,59.998937,-7.340632,1.056373,60.006493,-4.774885,1.041073,60.005763,-7.369937,1.016626,60.003839,-8.320014,1.016486,60.002357,-7.485464,1.018296,60.002243,-6.907881,1.008846,60.001779,-8.821735,1.007878,60.001545,-9.256285,1.032754,59.997175,-9.084645,1.026858,60.003062,-4.669362,1.022929,60.002800,-5.430487,1.012878,60.003082,-5.390237,1.024905,60.003365,-5.257845,1.023798,60.004142,-6.620452,1.028738,60.006310,-6.687500,1.043598,60.007246,-5.331830,1.045624,60.006598,-6.296365,1.042837,60.006279,-7.080607,1.057233,60.010615,-0.812230,0.997993,60.011898,-1.710820,1.043519,60.007252,-3.219955,1.058518,60.007285,0.692473,1.053958,60.007267,0.519790,1.048580,60.007240,-5.226399,1.064013,60.006685,-3.580938,1.063426,60.005499,-4.787501,1.050434,60.006025,-6.491368,1.061175,60.003717,-1.854099,1.059557,60.003044,0.527586,1.051084,60.010258,-2.377796,0.981893,60.000505,0.059412,0.984296,60.002844,2.435858,0.999400,60.012006,3.819847,1.015198,60.013694,2.861635,1.052956,60.007350,5.082931,1.066748,60.007277,7.472845,1.030022,60.008211,2.488789,1.030929,60.001481,6.669103,1.029419,59.994232,-8.901466,0.999856,0.999914,1.000041,1.000289,1.000345,1.000226,0.999935,1.000404,-43.009021,0.000000,5.047423,11.331551,3.095738,12.873683,19.023103,-37.428987,288.383297,447.800150,209.391350,467.503357,6.717002,286.592096,294.652499,141.504847,562.436988,245.394482,221.661074,276.382253,200.614467,124.488442,251.663684,184.493662,253.902685,8.239523,988.742731,2.149441,164.790455,75.230425,157.625653,78.812826,137.026846,28.927890,26.868009,92.246831,102.994034,75.767785,-82.574348,42.272334,15.225205,67.617823,24.718568,24.091648,4.119761,223.900075
8.020000,1.049935,59.998774,-7.399526,1.056371,60.005839,-4.781542,1.041052,60.005331,-7.380859,1.016603,60.003567,-8.344087,1.016468,60.002168,-7.519847,1.018279,60.002064,-6.943041,1.008826,60.001608,-8.860201,1.007856,60.001381,-9.296405,1.032732,59.997198,-9.155404,1.026840,60.002860,-4.698727,1.022911,60.002605,-5.461707,1.012859,60.002880,-5.419455,1.024886,60.003155,-5.285062,1.023770,60.003909,-6.642166,1.028684,60.006089,-6.693533,1.043537,60.007044,-5.331031,1.045595,60.006359,-6.300403,1.042811,60.005964,-7.087285,1.057150,60.010531,-0.786617,0.997894,60.011859,-1.675760,1.043450,60.007069,-3.219028,1.058442,60.007139,0.693800,1.053885,60.007117,0.520970,1.048518,60.007039,-5.225641,1.064046,60.006154,-3.585660,1.063507,60.005445,-4.798632,1.050466,60.005875,-6.499139,1.061354,60.004184,-1.875737,1.059759,60.003706,0.501975,1.051121,60.008920,-2.360392,0.981912,60.000471,0.012366,0.984292,60.002647,2.404934,0.999355,60.011967,3.855689,1.015090,60.013756,2.910096,1.052870,60.007249,5.084929,1.066681,60.007186,7.474361,1.030051,60.007589,2.494660,1.031157,60.002589,6.634227,1.029404,59.994382,-8.992857,0.999859,0.999917,1.000037,1.000291,1.000356,1.000212,0.999976,1.000346,-43.033792,0.000000,5.100965,11.493637,3.284073,13.005224,19.040369,-37.230017,288.383297,447.800150,209.391350,467.503357,6.717002,286.592096,294.652499,141.504847,562.436988,245.394482,221.661074,276.382253,200.614467,124.488442,251.663684,184.493662,253.902685,8.239523,988.742731,2.149441,164.790455,75.230425,157.625653,78.812826,137.026846,28.927890,26.868009,92.246831,102.994034,75.767785,-82.574348,42.272334,15.225205,67.617823,24.718568,24.091648,4.119761,223.900075
8.040000,1.049872,59.998581,-7.458232,1.056343,60.005081,-4.791883,1.041003,60.004810,-7.393798,1.016554,60.003237,-8.368885,1.016427,60.001940,-7.554268,1.018240,60.001850,-6.978149,1.008784,60.001404,-8.898553,1.007813,60.001185,-9.336355,1.032699,59.997218,-9.224515,1.026799,60.002617,-4.728234,1.022870,60.002371,-5.493008,1.012815,60.002634,-5.448831,1.024842,60.002897,-5.312509,1.023716,60.003615,-6.664339,1.028596,60.005776,-6.700076,1.043441,60.006736,-5.330670,1.045530,60.006021,-6.305112,1.042750,60.005553,-7.095172,1.057035,60.010293,-0.760808,0.997767,60.011648,-1.640258,1.043343,60.006779,-3.218403,1.058327,60.006887,0.695098,1.053774,60.006861,0.522093,1.048419,60.006730,-5.225320,1.064057,60.005518,-3.593188,1.063538,60.005310,-4.809019,1.050454,60.005634,-6.506902,1.061463,60.004603,-1.892726,1.059887,60.004332,0.482475,1.051138,60.007432,-2.351814,0.981914,60.000443,-0.033401,0.984272,60.002427,2.373984,0.999283,60.011756,3.891971,1.014959,60.013622,2.959622,1.052744,60.007043,5.087227,1.066576,60.006991,7.476254,1.030064,60.006841,2.496975,1.031312,60.003690,6.608808,1.029385,59.994548,-9.081597,0.999864,0.999922,1.000032,1.000288,1.000362,1.000195,1.000018,1.000282,-43.058809,0.000000,5.150633,11.653672,3.474168,13.128236,19.073878,-37.059303,288.383297,447.800150,209.391350,467.503357,6.717002,286.592096,294.652499,141.504847,562.436988,245.394482,221.661074,276.382253,200.614467,124.488442,251.663684,184.493662,253.902685,8.239523,988.742731,2.149441,164.790455,75.230425,157.625653,78.812826,137.026846,28.927890,26.868009,92.246831,102.994034,75.767785,-82.574348,42.272334,15.225205,67.617823,24.718568,24.091648,4.119761,223.900075
8.060000,1.049800,59.998363,-7.516318,1.056288,60.004233,-4.805970,1.040925,60.004208,-7.408735,1.016479,60.002851,-8.394188,1.016363,60.001677,-7.588363,1.018178,60.001603,-7.012822,1.008720,60.001168,-8.936392,1.007749,60.000958,-9.375731,1.032656,59.997234,-9.291372,1.026735,60.002334,-4.757546,1.022805,60.002100,-5.524038,1.012747,60.002347,-5.478039,1.024773,60.002595,-5.339886,1.023634,60.003263,-6.686766,1.028475,60.005373,-6.707156,1.043309,60.006324,-5.330870,1.045427,60.005590,-6.310551,1.042656,60.005052,-7.104298,1.056890,60.009904,-0.735267,0.997613,60.011267,-1.604915,1.043198,60.006387,-3.218200,1.058173,60.006534,0.696251,1.053624,60.006504,0.523042,1.048284,60.006319,-5.225558,1.064044,60.004789,-3.603593,1.063519,60.005095,-4.818611,1.050397,60.005308,-6.514658,1.061497,60.004963,-1.904832,1.059936,60.004908,0.469392,1.051138,60.005821,-2.352396,0.981897,60.000418,-0.077228,0.984235,60.002185,2.343480,0.999184,60.011374,3.928090,1.014803,60.013294,3.009432,1.052579,60.006736,5.089711,1.066433,60.006697,7.478422,1.030060,60.005980,2.495514,1.031388,60.004761,6.593321,1.029364,59.994730,-9.166941,0.999868,0.999930,1.000028,1.000282,1.000363,1.000175,1.000062,1.000214,-43.084755,0.000000,5.195601,11.808859,3.662937,13.240276,19.123250,-36.920033,288.383297,447.800150,209.391350,467.503357,6.717002,286.592096,294.652499,141.504847,562.436988,245.394482,221.661074,276.382253,200.614467,124.488442,251.663684,184.493662,253.902685,8.239523,988.742731,2.149441,164.790455,75.230425,157.625653,78.812826,137.026846,28.927890,26.868009,92.246831,102.994034,75.767785,-82.574348,42.272334,15.225205,67.617823,24.718568,24.091648,4.119761,223.900075
8.080000,1.049721,59.998124,-7.573338,1.056208,60.003309,-4.823784,1.040818,60.003533,-7.425605,1.016377,60.002415,-8.419765,1.016275,60.001380,-7.621776,1.018092,60.001325,-7.046682,1.008633,60.000903,-8.973330,1.007663,60.000703,-9.414136,1.032602,59.997248,-9.355391,1.026646,60.002015,-4.786325,1.022716,60.001794,-5.554447,1.012653,60.002022,-5.506754,1.024679,60.002252,-5.366893,1.023525,60.002858,-6.709237,1.028320,60.004886,-6.714786,1.043141,60.005815,-5.331743,1.045288,60.005070,-6.316765,1.042528,60.004470,-7.114666,1.056713,60.009369,-0.710455,0.997432,60.010721,-1.570328,1.043016,60.005898,-3.218529,1.057980,60.006083,0.697149,1.053435,60.006050,0.523712,1.048114,60.005811,-5.226465,1.064008,60.003980,-3.616882,1.063449,60.004802,-4.827372,1.050295,60.004898,-6.522411,1.061455,60.005254,-1.911917,1.059904,60.005420,0.462906,1.051120,60.004116,-2.362285,0.981862,60.000393,-0.118501,0.984179,60.001924,2.313882,0.999057,60.010828,3.963447,1.014625,60.012774,3.058743,1.052376,60.006330,5.092266,1.066252,60.006306,7.480764,1.030038,60.005022,2.490142,1.031381,60.005778,6.588045,1.029340,59.994926,-9.248179,0.999874,0.999940,1.000024,1.000271,1.000359,1.000152,1.000106,1.000142,-43.112230,0.000000,5.235157,11.956538,3.847373,13.339174,19.187830,-36.814734,288.383297,447.800150,209.391350,467.503357,6.717002,286.592096,294.652499,141.504847,562.436988,245.394482,221.661074,276.382253,200.614467,124.488442,251.663684,184.493662,253.902685,8.239523,988.742731,2.149441,164.790455,75.230425,157.625653,78.812826,137.026846,28.927890,26.868009,92.246831,102.994034,75.767785,-82.574348,42.272334,15.225205,67.617823,24.718568,24.091648,4.119761,223.900075
8.100000,1.049635,59.997870,-7.628846,1.056103,60.002324,-4.845226,1.040684,60.002798,-7.444308,1.016248,60.001935,-8.445377,1.016163,60.001053,-7.654159,1.017982,60.001018,-7.079372,1.008524,60.000611,-9.008994,1.007554,60.000422,-9.451190,1.032539,59.997258,-9.416025,1.026533,60.001663,-4.814248,1.022603,60.001455,-5.583903,1.012534,60.001662,-5.534664,1.024559,60.001871,-5.393237,1.023388,60.002404,-6.731541,1.028132,60.004322,-6.722970,1.042939,60.005216,-5.333386,1.045113,60.004470,-6.323782,1.042367,60.003815,-7.126255,1.056507,60.008696,-0.686817,0.997225,60.010017,-1.537082,1.042797,60.005318,-3.219488,1.057749,60.005540,0.697687,1.053209,60.005504,0.524001,1.047908,60.005212,-5.228138,1.063948,60.003104,-3.633003,1.063326,60.004434,-4.835279,1.050147,60.004411,-6.530162,1.061334,60.005468,-1.913942,1.059789,60.005854,0.463066,1.051087,60.002349,-2.381442,0.981806,60.000364,-0.156665,0.984104,60.001645,2.285623,0.998903,60.010123,3.997458,1.014425,60.012069,3.106778,1.052135,60.005830,5.094779,1.066033,60.005823,7.483178,1.030000,60.003984,2.480806,1.031289,60.006718,6.593061,1.029314,59.995134,-9.324650,0.999880,0.999951,1.000021,1.000256,1.000351,1.000126,1.000149,1.000069,-43.141727,0.000000,5.268715,12.094236,4.024592,13.423071,19.266703,-36.745231,288.383297,447.800150,209.391350,467.503357,6.717002,286.592096,294.652499,141.504847,562.436988,245.394482,221.661074,276.382253,200.614467,124.488442,251.663684,184.493662,253.902685,8.239523,988.742731,2.149441,164.790455,75.230425,157.625653,78.812826,137.026846,28.927890,26.868009,92.246831,102.994034,75.767785,-82.574348,42.272334,15.225205,67.617823,24.718568,24.091648,4.119761,223.900075
8.120000,1.049544,59.997605,-7.682395,1.055973,60.001297,-4.870123,1.040522,60.002012,-7.464700,1.016094,60.001417,-8.470784,1.016028,60.000699,-7.685184,1.017850,60.000685,-7.110550,1.008392,60.000295,-9.043028,1.007424,60.000118,-9.486532,1.032465,59.997265,-9.472761,1.026395,60.001280,-4.841009,1.022466,60.001088,-5.612089,1.012389,60.001270,-5.561471,1.024415,60.001456,-5.418642,1.023224,60.001908,-6.753469,1.027914,60.003687,-6.731702,1.042704,60.004534,-5.335883,1.044902,60.003797,-6.331615,1.042173,60.003096,-7.139018,1.056273,60.007892,-0.664781,0.996994,60.009165,-1.505740,1.042543,60.004655,-3.221164,1.057483,60.004913,0.697771,1.052947,60.004874,0.523816,1.047670,60.004531,-5.230658,1.063864,60.002174,-3.651839,1.063152,60.003993,-4.842328,1.049954,60.003851,-6.537912,1.061135,60.005597,-1.910968,1.059590,60.006198,0.469791,1.051039,60.000550,-2.409645,0.981729,60.000327,-0.191229,0.984011,60.001346,2.259105,0.998724,60.009270,4.029557,1.014205,60.011188,3.152778,1.051859,60.005244,5.097138,1.065778,60.005254,7.485562,1.029944,60.002883,2.467540,1.031111,60.007559,6.608248,1.029286,59.995351,-9.395740,0.999886,0.999963,1.000018,1.000238,1.000337,1.000099,1.000190,0.999996,-43.173620,0.000000,5.295823,12.219710,4.191888,13.490452,19.358708,-36.712619,288.383297,447.800150,209.391350,467.503357,6.717002,286.592096,294.652499,141.504847,562.436988,245.394482,221.661074,276.382253,200.614467,124.488442,251.663684,184.493662,253.902685,8.239523,988.742731,2.149441,164.790455,75.230425,157.625653,78.812826,137.026846,28.927890,26.868009,92.246831,102.994034,75.767785,-82.574348,42.272334,15.225205,67.617823,24.718568,24.091648,4.119761,223.900075
8.140000,1.049448,59.997336,-7.733544,1.055822,60.000242,-4.898221,1.040336,60.001187,-7.486603,1.015915,60.000865,-8.495747,1.015870,60.000320,-7.714543,1.017694,60.000329,-7.139903,1.008239,59.999958,-9.075104,1.007274,59.999794,-9.519825,1.032382,59.997268,-9.525133,1.026234,60.000870,-4.866323,1.022305,60.000694,-5.638709,1.012221,60.000850,-5.586897,1.024246,60.001011,-5.442844,1.023034,60.001373,-6.774818,1.027666,60.002989,-6.740963,1.042439,60.003778,-5.339298,1.044659,60.003059,-6.340260,1.041950,60.002322,-7.152882,1.056012,60.006969,-0.644746,0.996741,60.008174,-1.476835,1.042257,60.003916,-3.223629,1.057183,60.004208,0.697314,1.052652,60.004168,0.523075,1.047400,60.003776,-5.234091,1.063758,60.001207,-3.673216,1.062927,60.003484,-4.848527,1.049718,60.003225,-6.545662,1.060858,60.005632,-1.903155,1.059309,60.006441,0.482873,1.050977,59.998751,-2.446488,0.981633,60.000279,-0.221780,0.983898,60.001030,2.234691,0.998520,60.008278,4.059215,1.013967,60.010142,3.196017,1.051550,60.004577,5.099238,1.065491,60.004606,7.487819,1.029872,60.001737,2.450462,1.030849,60.008280,6.633292,1.029256,59.995577,-9.460895,0.999893,0.999977,1.000016,1.000216,1.000319,1.000071,1.000229,0.999923,-43.208149,0.000000,5.316168,12.330983,4.346770,13.540174,19.462462,-36.717245,288.383297,447.800150,209.391350,467.503357,6.717002,286.592096,294.652499,141.504847,562.436988,245.394482,221.661074,276.382253,200.614467,124.488442,251.663684,184.493662,253.902685,8.239523,988.742731,2.149441,164.790455,75.230425,157.625653,78.812826,137.026846,28.927890,26.868009,92.246831,102.994034,75.767785,-82.574348,42.272334,15.225205,67.617823,24.718568,24.091648,4.119761,223.900075
8.160000,1.049348,59.997067,-7.781862,1.055651,59.999176,-4.929199,1.040126,60.000335,-7.509800,1.015713,60.000288,-8.520025,1.015690,59.999920,-7.741953,1.017518,59.999952,-7.167145,1.008066,59.999602,-9.104919,1.007104,59.999452,-9.550760,1.032290,59.997269,-9.572720,1.026051,60.000435,-4.889927,1.022124,60.000278,-5.663494,1.012030,60.000406,-5.610685,1.024054,60.000539,-5.465601,1.022821,60.000806,-6.795390,1.027391,60.002237,-6.750723,1.042146,60.002957,-5.343680,1.044386,60.002267,-6.349692,1.041699,60.001503,-7.167750,1.055729,60.005937,-0.627079,0.996469,60.007058,-1.450858,1.041942,60.003112,-3.226939,1.056853,60.003434,0.696243,1.052326,60.003393,0.521708,1.047102,60.002956,-5.238484,1.063631,60.000216,-3.696900,1.062655,60.002913,-4.853901,1.049442,60.002541,-6.553411,1.060507,60.005569,-1.890754,1.058948,60.006572,0.501981,1.050904,59.996981,-2.491395,0.981516,60.000213,-0.247980,0.983767,60.000697,2.212697,0.998295,60.007162,4.085940,1.013713,60.008945,3.235810,1.051212,60.003838,5.100980,1.065172,60.003886,7.489857,1.029784,60.000564,2.429776,1.030503,60.008862,6.667687,1.029225,59.995810,-9.519619,0.999901,0.999990,1.000013,1.000192,1.000296,1.000041,1.000264,0.999852,-43.245414,0.000000,5.329575,12.426374,4.487006,13.571478,19.576381,-36.758716,288.383297,447.800150,209.391350,467.503357,6.717002,286.592096,294.652499,141.504847,562.436988,245.394482,221.661074,276.382253,200.614467,124.488442,251.663684,184.493662,253.902685,8.239523,988.742731,2.149441,164.790455,75.230425,157.625653,78.812826,137.026846,28.927890,26.868009,92.246831,102.994034,75.767785,-82.574348,42.272334,15.225205,67.617823,24.718568,24.091648,4.119761,223.900075
8.180000,1.049245,59.996803,-7.826931,1.055461,59.998116,-4.962664,1.039896,59.999467,-7.534043,1.015490,59.999691,-8.543388,1.015492,59.999502,-7.767158,1.017322,59.999556,-7.192018,1.007875,59.999231,-9.132202,1.006916,59.999095,-9.579059,1.032191,59.997266,-9.615154,1.025848,59.999980,-4.911588,1.021922,59.999841,-5.686205,1.011818,59.999940,-5.632605,1.023842,60.000044,-5.486693,1.022586,60.000213,-6.814998,1.027092,60.001440,-6.760939,1.041828,60.002082,-5.349056,1.044085,60.001430,-6.359870,1.041423,60.000652,-7.183497,1.055426,60.004811,-0.612104,0.996180,60.005832,-1.428255,1.041600,60.002252,-3.231128,1.056497,60.002602,0.694498,1.051973,60.002560,0.519661,1.046779,60.002082,-5.243863,1.063484,59.999216,-3.722602,1.062337,60.002284,-4.858483,1.049128,60.001806,-6.561151,1.060085,60.005403,-1.874101,1.058511,60.006585,0.526672,1.050821,59.995270,-2.543627,0.981380,60.000127,-0.269574,0.983618,60.000347,2.193393,0.998050,60.005936,4.109292,1.013445,60.007611,3.271525,1.050847,60.003035,5.102275,1.064826,60.003103,7.491589,1.029680,59.999383,2.405765,1.030078,60.009290,6.710753,1.029192,59.996046,-9.571484,0.999908,1.000004,1.000011,1.000164,1.000270,1.000011,1.000295,0.999785,-43.285371,0.000000,5.336007,12.504526,4.610652,13.584003,19.698716,-36.835914,288.383297,447.800150,209.391350,467.503357,6.717002,286.592096,294.652499,141.504847,562.436988,245.394482,221.661074,276.382253,200.614467,124.488442,251.663684,184.493662,253.902685,8.239523,988.742731,2.149441,164.790455,75.230425,157.625653,78.812826,137.026846,28.927890,26.868009,92.246831,102.994034,75.767785,-82.574348,42.272334,15.225205,67.617823,24.718568,24.091648,4.119761,223.900075
8.200000,1.049141,59.996550,-7.868349,1.055256,59.997078,-4.998166,1.039648,59.998596,-7.559054,1.015249,59.999080,-8.565609,1.015275,59.999070,-7.789933,1.017108,59.999146,-7.214303,1.007667,59.998847,-9.156715,1.006712,59.998727,-9.604478,1.032086,59.997259,-9.652120,1.025626,59.999507,-4.931102,1.021702,59.999388,-5.706632,1.011587,59.999457,-5.652454,1.023611,59.999532,-5.505922,1.022332,59.999600,-6.833465,1.026773,60.000607,-6.771553,1.041489,60.001164,-5.355430,1.043760,60.000559,-6.370732,1.041125,59.999778,-7.199978,1.055107,60.003606,-0.600099,0.995879,60.004511,-1.409413,1.041237,60.001347,-3.236216,1.056118,60.001720,0.692038,1.051598,60.001678,0.516895,1.046435,60.001165,-5.250231,1.063318,59.998221,-3.749985,1.061978,60.001606,-4.862315,1.048780,60.001030,-6.568870,1.059597,60.005132,-1.853610,1.058003,60.006473,0.556400,1.050730,59.993646,-2.602297,0.981226,60.000017,-0.286391,0.983453,59.999980,2.176995,0.997789,60.004616,4.128886,1.013167,60.006159,3.302599,1.050461,60.002178,5.103046,1.064457,60.002266,7.492942,1.029563,59.998211,2.378788,1.029578,60.009548,6.761648,1.029159,59.996285,-9.616129,0.999916,1.000017,1.000008,1.000134,1.000239,0.999981,1.000321,0.999722,-43.327826,0.000000,5.335563,12.564420,4.716082,13.577783,19.827579,-36.947026,288.383297,447.800150,209.391350,467.503357,6.717002,286.592096,294.652499,141.504847,562.436988,245.394482,221.661074,276.382253,200.614467,124.488442,251.663684,184.493662,253.902685,8.239523,988.742731,2.149441,164.790455,75.230425,157.625653,78.812826,137.026846,28.927890,26.868009,92.246831,102.994034,75.767785,-82.574348,42.272334,15.225205,67.617823,24.718568,24.091648,4.119761,223.900075
8.220000,1.049038,59.996312,-7.905739,1.055039,59.996077,-5.035198,1.039385,59.997732,-7.584526,1.014992,59.998463,-8.586472,1.015044,59.998627,-7.810084,1.016880,59.998724,-7.233812,1.007445,59.998453,-9.178254,1.006495,59.998349,-9.626808,1.031974,59.997250,-9.683359,1.025389,59.999021,-4.948298,1.021466,59.998922,-5.724598,1.011340,59.998961,-5.670058,1.023363,59.999006,-5.523120,1.022062,59.998973,-6.850625,1.026438,59.999750,-6.782496,1.041133,60.000213,-5.362782,1.043416,59.999664,-6.382194,1.040809,59.998893,-7.217021,1.054775,60.002335,-0.591292,0.995567,60.003112,-1.394657,1.040856,60.000408,-3.242196,1.055721,60.000800,0.688835,1.051204,60.000758,0.513389,1.046073,60.000215,-5.257569,1.063136,59.997246,-3.778663,1.061582,60.000884,-4.865445,1.048403,60.000220,-6.576549,1.059050,60.004756,-1.829761,1.057431,60.006233,0.590532,1.050633,59.992133,-2.666389,0.981056,59.999878,-0.298344,0.983274,59.999596,2.163662,0.997514,60.003218,4.144401,1.012882,60.004606,3.328538,1.050057,60.001277,5.103229,1.064068,60.001385,7.493850,1.029432,59.997067,2.349272,1.029011,60.009627,6.819387,1.029126,59.996525,-9.653262,0.999924,1.000030,1.000006,1.000102,1.000205,0.999952,1.000342,0.999665,-43.372443,0.000000,5.328469,12.605392,4.802011,13.553243,19.960978,-37.089588,288.383297,447.800150,209.391350,467.503357,6.717002,286.592096,294.652499,141.504847,562.436988,245.394482,221.661074,276.382253,200.614467,124.488442,251.663684,184.493662,253.902685,8.239523,988.742731,2.149441,164.790455,75.230425,157.625653,78.812826,137.026846,28.927890,26.868009,92.246831,102.994034,75.767785,-82.574348,42.272334,15.225205,67.617823,24.718568,24.091648,4.119761,223.900075
8.240000,1.048935,59.996094,-7.938750,1.054812,59.995127,-5.073211,1.039110,59.996887,-7.610132,1.014723,59.997847,-8.605774,1.014801,59.998178,-7.827449,1.016639,59.998293,-7.250397,1.007211,59.998053,-9.196653,1.006266,59.997966,-9.645877,1.031859,59.997239,-9.708670,1.025139,59.998525,-4.963035,1.021218,59.998446,-5.739960,1.011080,59.998455,-5.685274,1.023103,59.998471,-5.538143,1.021779,59.998340,-6.866328,1.026090,59.998877,-6.793683,1.040765,59.999242,-5.371071,1.043056,59.998756,-6.394157,1.040480,59.998008,-7.234438,1.054434,60.001016,-0.585853,0.995251,60.001654,-1.384244,1.040462,59.999446,-3.249041,1.055311,59.999853,0.684885,1.050797,59.999812,0.509142,1.045700,59.999246,-5.265834,1.062941,59.996304,-3.808216,1.061154,60.000128,-4.867925,1.048001,59.999388,-6.584159,1.058451,60.004275,-1.803085,1.056803,60.005863,0.628357,1.050533,59.990754,-2.734778,0.980872,59.999708,-0.305430,0.983083,59.999196,2.153498,0.997229,60.001762,4.155585,1.012592,60.002973,3.348932,1.049642,60.000343,5.102774,1.063666,60.000470,7.494261,1.029291,59.995965,2.317705,1.028383,60.009520,6.882865,1.029093,59.996764,-9.682664,0.999932,1.000041,1.000003,1.000069,1.000168,0.999924,1.000357,0.999615,-43.418747,0.000000,5.315072,12.627134,4.867505,13.511179,20.096856,-37.260544,288.383297,447.800150,209.391350,467.503357,6.717002,286.592096,294.652499,141.504847,562.436988,245.394482,221.661074,276.382253,200.614467,124.488442,251.663684,184.493662,253.902685,8.239523,988.742731,2.149441,164.790455,75.230425,157.625653,78.812826,137.026846,28.927890,26.868009,92.246831,102.994034,75.767785,-82.574348,42.272334,15.225205,67.617823,24.718568,24.091648,4.119761,223.900075
8.260000,1.048835,59.995899,-7.967061,1.054579,59.994241,-5.111617,1.038828,59.996072,-7.635529,1.014446,59.997237,-8.623323,1.014549,59.997725,-7.841902,1.016388,59.997857,-7.263944,1.006969,59.997649,-9.211782,1.006030,59.997581,-9.661549,1.031742,59.997224,-9.727909,1.024879,59.998022,-4.975209,1.020961,59.997964,-5.752610,1.010810,59.997944,-5.697991,1.022834,59.997931,-5.550877,1.021487,59.997705,-6.880435,1.025735,59.997999,-6.805017,1.040390,59.998263,-5.380228,1.042687,59.997848,-6.406498,1.040141,59.997134,-7.252016,1.054090,59.999666,-0.583894,0.994932,60.000155,-1.378357,1.040060,59.998473,-3.256703,1.054893,59.998889,0.680200,1.050382,59.998850,0.504170,1.045319,59.998268,-5.274959,1.062734,59.995407,-3.838190,1.060702,59.999346,-4.869804,1.047580,59.998542,-6.591660,1.057809,60.003694,-1.774159,1.056128,60.005365,0.669110,1.050430,59.989528,-2.806250,0.980675,59.999504,-0.307725,0.982882,59.998780,2.146550,0.996938,60.000265,4.162258,1.012302,60.001282,3.363462,1.049220,59.999385,5.101649,1.063255,59.999531,7.494136,1.029140,59.994921,2.284623,1.027705,60.009221,6.950875,1.029060,59.997001,-9.704190,0.999940,1.000050,1.000000,1.000034,1.000129,0.999897,1.000365,0.999572,-43.466137,0.000000,5.295827,12.629693,4.911995,13.452738,20.233126,-37.456312,288.383297,447.800150,209.391350,467.503357,6.717002,286.592096,294.652499,141.504847,562.436988,245.394482,221.661074,276.382253,200.614467,124.488442,251.663684,184.493662,253.902685,8.239523,988.742731,2.149441,164.790455,75.230425,157.625653,78.812826,137.026846,28.927890,26.868009,92.246831,102.994034,75.767785,-82.574348,42.272334,15.225205,67.617823,24.718568,24.091648,4.119761,223.900075
8.280000,1.048739,59.995732,-7.990387,1.054343,59.993430,-5.149808,1.038543,59.995296,-7.660357,1.014163,59.996640,-8.638944,1.014291,59.997273,-7.853349,1.016133,59.997418,-7.274378,1.006723,59.997247,-9.223550,1.005790,59.997196,-9.673727,1.031623,59.997209,-9.740993,1.024613,59.997518,-4.984748,1.020697,59.997480,-5.762474,1.010535,59.997432,-5.708128,1.022558,59.997391,-5.561235,1.021191,59.997076,-6.892824,1.025378,59.997126,-6.816388,1.040013,59.997287,-5.390162,1.042312,59.996949,-6.419079,1.039799,59.996282,-7.269532,1.053746,59.998301,-0.585466,0.994616,59.998635,-1.377104,1.039657,59.997500,-3.265109,1.054474,59.997920,0.674811,1.049965,59.997884,0.498511,1.044936,59.997293,-5.284851,1.062519,59.994567,-3.868106,1.060231,59.998547,-4.871130,1.047147,59.997694,-6.599004,1.057134,60.003017,-1.743585,1.055416,60.004743,0.711979,1.050329,59.988472,-2.879527,0.980469,59.999264,-0.305385,0.982673,59.998349,2.142807,0.996644,59.998748,4.164317,1.012015,59.999554,3.371900,1.048798,59.998416,5.099838,1.062840,59.998579,7.493452,1.028981,59.993949,2.250605,1.026986,60.008731,7.022140,1.029028,59.997233,-9.717767,0.999948,1.000058,0.999996,0.999999,1.000088,0.999872,1.000366,0.999536,-43.513895,0.000000,5.271289,12.613465,4.935277,13.379387,20.367705,-37.672862,288.383297,447.800150,209.391350,467.503357,6.717002,286.592096,294.652499,141.504847,562.436988,245.394482,221.661074,276.382253,200.614467,124.488442,251.663684,184.493662,253.902685,8.239523,988.742731,2.149441,164.790455,75.230425,157.625653,78.812826,137.026846,28.927890,26.868009,92.246831,102.994034,75.767785,-82.574348,42.272334,15.225205,67.617823,24.718568,24.091648,4.119761,223.900075
8.300000,1.048647,59.995594,-8.008483,1.054109,59.992704,-5.187156,1.038258,59.994569,-7.684256,1.013881,59.996062,-8.652478,1.014032,59.996825,-7.861731,1.015875,59.996981,-7.281661,1.006475,59.996847,-9.231901,1.005548,59.996816,-9.682353,1.031505,59.997191,-9.747896,1.024345,59.997014,-4.991615,1.020432,59.996998,-5.769515,1.010257,59.996923,-5.715637,1.022281,59.996855,-5.569161,1.020894,59.996459,-6.903390,1.025023,59.996270,-6.827673,1.039639,59.996326,-5.400759,1.041938,59.996070,-6.431743,1.039457,59.995461,-7.286746,1.053408,59.996940,-0.590558,0.994307,59.997113,-1.380514,1.039258,59.996540,-3.274165,1.054059,59.996958,0.668771,1.049552,59.996924,0.492222,1.044557,59.996334,-5.295397,1.062299,59.993793,-3.897474,1.059749,59.997741,-4.871944,1.046708,59.996853,-6.606128,1.056436,60.002253,-1.711981,1.054678,60.004002,0.756132,1.050231,59.987599,-2.953291,0.980258,59.998987,-0.298635,0.982460,59.997905,2.142205,0.996352,59.997229,4.161734,1.011736,59.997811,3.374118,1.048381,59.997446,5.097341,1.062428,59.997625,7.492198,1.028817,59.993059,2.216257,1.026237,60.008053,7.095330,1.028998,59.997459,-9.723394,0.999955,1.000064,0.999991,0.999964,1.000045,0.999850,1.000361,0.999509,-43.561205,0.000000,5.242094,12.579173,4.937508,13.292881,20.498554,-37.905800,288.383297,447.800150,209.391350,467.503357,6.717002,286.592096,294.652499,141.504847,562.436988,245.394482,221.661074,276.382253,200.614467,124.488442,251.663684,184.493662,253.902685,8.239523,988.742731,2.149441,164.790455,75.230425,157.625653,78.812826,137.026846,28.927890,26.868009,92.246831,102.994034,75.767785,-82.574348,42.272334,15.225205,67.617823,24.718568,24.091648,4.119761,223.900075
8.320000,1.048563,59.995489,-8.021145,1.053881,59.992072,-5.223036,1.037979,59.993898,-7.706859,1.013602,59.995509,-8.663787,1.013775,59.996385,-7.867024,1.015620,59.996550,-7.285790,1.006229,59.996455,-9.236817,1.005309,59.996444,-9.687404,1.031390,59.997173,-9.748649,1.024079,59.996517,-4.995803,1.020169,59.996521,-5.773727,1.009982,59.996422,-5.720501,1.022007,59.996329,-5.574626,1.020601,59.995860,-6.912043,1.024676,59.995438,-6.838738,1.039275,59.995392,-5.411882,1.041570,59.995223,-6.444321,1.039121,59.994682,-7.303408,1.053080,59.995597,-0.599097,0.994009,59.995608,-1.388537,1.038869,59.995603,-3.283757,1.053655,59.996012,0.662151,1.049148,59.995983,0.485378,1.044186,59.995401,-5.306460,1.062078,59.993096,-3.925795,1.059263,59.996936,-4.872283,1.046271,59.996028,-6.612959,1.055727,60.001408,-1.679967,1.053927,60.003150,0.800726,1.050138,59.986916,-3.026209,0.980043,59.998673,-0.287767,0.982246,59.997449,2.144626,0.996066,59.995727,4.154560,1.011466,59.996076,3.370089,1.047975,59.996486,5.094175,1.062025,59.996678,7.490378,1.028651,59.992264,2.182201,1.025471,60.007193,7.169094,1.028969,59.997679,-9.721143,0.999963,1.000067,0.999986,0.999929,1.000001,0.999830,1.000349,0.999491,-43.607169,0.000000,5.208949,12.527856,4.919193,13.195214,20.623708,-38.150461,288.383297,447.800150,209.391350,467.503357,6.717002,286.592096,294.652499,141.504847,562.436988,245.394482,221.661074,276.382253,200.614467,124.488442,251.663684,184.493662,253.902685,8.239523,988.742731,2.149441,164.790455,75.230425,157.625653,78.812826,137.026846,28.927890,26.868009,92.246831,102.994034,75.767785,-82.574348,42.272334,15.225205,67.617823,24.718568,24.091648,4.119761,223.900075
8.340000,1.048486,59.995418,-8.028216,1.053662,59.991539,-5.256827,1.037710,59.993292,-7.727810,1.013331,59.994986,-8.672750,1.013525,59.995958,-7.869236,1.015371,59.996126,-7.286797,1.005990,59.996074,-9.238315,1.005076,59.996082,-9.688895,1.031280,59.997154,-9.743340,1.023820,59.996028,-4.997339,1.019913,59.996054,-5.775137,1.009714,59.995931,-5.722732,1.021740,59.995816,-5.577626,1.020317,59.995284,-6.918712,1.024343,59.994641,-6.849444,1.038925,59.994495,-5.423374,1.041215,59.994415,-6.456629,1.038796,59.993952,-7.319267,1.052767,59.994292,-0.610949,0.993726,59.994140,-1.401045,1.038495,59.994700,-3.293751,1.053268,59.995095,0.655038,1.048761,59.995069,0.478071,1.043831,59.994505,-5.317883,1.061859,59.992481,-3.952576,1.058782,59.996143,-4.872171,1.045841,59.995231,-6.619414,1.055018,60.000495,-1.648155,1.053175,60.002198,0.844926,1.050054,59.986431,-3.096961,0.979829,59.998322,-0.273131,0.982035,59.996981,2.149907,0.995789,59.994261,4.142921,1.011211,59.994370,3.359885,1.047587,59.995546,5.090376,1.061636,59.995749,7.488013,1.028485,59.991569,2.149062,1.024700,60.006161,7.242080,1.028943,59.997890,-9.711152,0.999970,1.000068,0.999980,0.999895,0.999958,0.999812,1.000330,0.999481,-43.650831,0.000000,5.172613,12.460836,4.881177,13.088582,20.741309,-38.402000,288.383297,447.800150,209.391350,467.503357,6.717002,286.592096,294.652499,141.504847,562.436988,245.394482,221.661074,276.382253,200.614467,124.488442,251.663684,184.493662,253.902685,8.239523,988.742731,2.149441,164.790455,75.230425,157.625653,78.812826,137.026846,28.927890,26.868009,92.246831,102.994034,75.767785,-82.574348,42.272334,15.225205,67.617823,24.718568,24.091648,4.119761,223.900075
8.360000,1.048418,59.995382,-8.029588,1.053456,59.991111,-5.287932,1.037456,59.992755,-7.746763,1.013074,59.994497,-8.679270,1.013286,59.995545,-7.868405,1.015132,59.995714,-7.284748,1.005762,59.995706,-9.236448,1.004854,59.995734,-9.686875,1.031176,59.997136,-9.732110,1.023571,59.995553,-4.996280,1.019667,59.995599,-5.773803,1.009458,59.995456,-5.722371,1.021484,59.995321,-5.578189,1.020047,59.994737,-6.923343,1.024029,59.993888,-6.859640,1.038596,59.993645,-5.435063,1.040878,59.993658,-6.468477,1.038489,59.993280,-7.334067,1.052475,59.993038,-0.625921,0.993463,59.992726,-1.417834,1.038144,59.993842,-3.303997,1.052903,59.994215,0.647538,1.048397,59.994194,0.470409,1.043497,59.993656,-5.329496,1.061647,59.991954,-3.977334,1.058315,59.995371,-4.871629,1.045427,59.994469,-6.625399,1.054322,59.999523,-1.617134,1.052435,60.001158,0.887921,1.049980,59.986144,-3.164259,0.979619,59.997936,-0.255127,0.981830,59.996506,2.157838,0.995527,59.992850,4.127016,1.010974,59.992717,3.343678,1.047224,59.994636,5.085993,1.061269,59.994848,7.485133,1.028322,59.990982,2.117458,1.023938,60.004970,7.312965,1.028919,59.998092,-9.693628,0.999977,1.000065,0.999974,0.999863,0.999914,0.999798,1.000304,0.999480,-43.691195,0.000000,5.133881,12.379690,4.824613,12.975331,20.849636,-38.655494,288.383297,447.800150,209.391350,467.503357,6.717002,286.592096,294.652499,141.504847,562.436988,245.394482,221.661074,276.382253,200.614467,124.488442,251.663684,184.493662,253.902685,8.239523,988.742731,2.149441,164.790455,75.230425,157.625653,78.812826,137.026846,28.927890,26.868009,92.246831,102.994034,75.767785,-82.574348,42.272334,15.225205,67.617823,24.718568,24.091648,4.119761,223.900075
8.380000,1.048361,59.995380,-8.025207,1.053268,59.990789,-5.315786,1.037221,59.992293,-7.763391,1.012834,59.994048,-8.683273,1.013063,59.995152,-7.864602,1.014909,59.995318,-7.279738,1.005549,59.995354,-9.231300,1.004647,59.995403,-9.681427,1.031080,59.997118,-9.715153,1.023338,59.995095,-4.992712,1.019437,59.995160,-5.769815,1.009218,59.995001,-5.719488,1.021245,59.994847,-5.576365,1.019796,59.994225,-6.925902,1.023740,59.993186,-6.869175,1.038294,59.992852,-5.446762,1.040565,59.992957,-6.479669,1.038205,59.992673,-7.347559,1.052207,59.991852,-0.643767,0.993224,59.991385,-1.438628,1.037821,59.993037,-3.314332,1.052568,59.993382,0.639767,1.048061,59.993367,0.462516,1.043190,59.992864,-5.341111,1.061446,59.991520,-3.999612,1.057868,59.994627,-4.870666,1.045036,59.993752,-6.630816,1.053651,59.998506,-1.587463,1.051720,60.000042,0.928937,1.049918,59.986054,-3.226879,0.979417,59.997516,-0.234198,0.981635,59.996024,2.168173,0.995284,59.991509,4.107116,1.010758,59.991136,3.321738,1.046890,59.993766,5.081092,1.060930,59.993984,7.481785,1.028165,59.990506,2.087982,1.023197,60.003635,7.380476,1.028899,59.998283,-9.668841,0.999983,1.000061,0.999966,0.999831,0.999872,0.999786,1.000273,0.999488,-43.727248,0.000000,5.093572,12.286214,4.750942,12.857907,20.947130,-38.906032,288.383297,447.800150,209.391350,467.503357,6.717002,286.592096,294.652499,141.504847,562.436988,245.394482,221.661074,276.382253,200.614467,124.488442,251.663684,184.493662,253.902685,8.239523,988.742731,2.149441,164.790455,75.230425,157.625653,78.812826,137.026846,28.927890,26.868009,92.246831,102.994034,75.767785,-82.574348,42.272334,15.225205,67.617823,24.718568,24.091648,4.119761,223.900075
8.400000,1.048316,59.995413,-8.015070,1.053101,59.990574,-5.339865,1.037011,59.991907,-7.777393,1.012617,59.993642,-8.684708,1.012859,59.994780,-7.857927,1.014705,59.994939,-7.271895,1.005355,59.995022,-9.222988,1.004459,59.995092,-9.672668,1.030995,59.997101,-9.692711,1.023125,59.994656,-4.986746,1.019227,59.994742,-5.763287,1.008998,59.994567,-5.714177,1.021026,59.994399,-5.572229,1.019568,59.993750,-6.926374,1.023480,59.992543,-6.877895,1.038023,59.992124,-5.458274,1.040282,59.992321,-6.490009,1.037949,59.992136,-7.359501,1.051969,59.990746,-0.664190,0.993013,59.990131,-1.463085,1.037531,59.992293,-3.324582,1.052268,59.992605,0.631856,1.047760,59.992596,0.454522,1.042914,59.992137,-5.352532,1.061259,59.991180,-4.018983,1.057451,59.993920,-4.869285,1.044675,59.993086,-6.635560,1.053018,59.997456,-1.559661,1.051043,59.998866,0.967249,1.049872,59.986154,-3.283677,0.979228,59.997067,-0.210819,0.981453,59.995538,2.180630,0.995062,59.990255,4.083553,1.010567,59.989646,3.294425,1.046592,59.992945,5.075751,1.060623,59.993165,7.478025,1.028017,59.990143,2.061198,1.022491,60.002174,7.443410,1.028882,59.998462,-9.637120,0.999989,1.000053,0.999958,0.999802,0.999830,0.999777,1.000235,0.999504,-43.757988,0.000000,5.052507,12.182388,4.661862,12.738806,21.032416,-39.148818,288.383297,447.800150,209.391350,467.503357,6.717002,286.592096,294.652499,141.504847,562.436988,245.394482,221.661074,276.382253,200.614467,124.488442,251.663684,184.493662,253.902685,8.239523,988.742731,2.149441,164.790455,75.230425,157.625653,78.812826,137.026846,28.927890,26.868009,92.246831,102.994034,75.767785,-82.574348,42.272334,15.225205,67.617823,24.718568,24.091648,4.119761,223.900075
8.420000,1.048285,59.995480,-7.999232,1.052959,59.990464,-5.359703,1.036828,59.991602,-7.788498,1.012427,59.993281,-8.683553,1.012679,59.994433,-7.848508,1.014525,59.994582,-7.261372,1.005185,59.994712,-9.211657,1.004294,59.994802,-9.660743,1.030921,59.997086,-9.665072,1.022937,59.994242,-4.978519,1.019041,59.994346,-5.754360,1.008805,59.994160,-5.706558,1.020833,59.993980,-5.565880,1.019368,59.993318,-6.924762,1.023256,59.991963,-6.885651,1.037789,59.991468,-5.469395,1.040035,59.991755,-6.499304,1.037725,59.991673,-7.369667,1.051764,59.989734,-0.686849,0.992832,59.988980,-1.490800,1.037281,59.991619,-3.334565,1.052008,59.991891,0.623943,1.047499,59.991888,0.446568,1.042676,59.991481,-5.363558,1.061091,59.990935,-4.035063,1.057072,59.993258,-4.867484,1.044351,59.992478,-6.639528,1.052433,59.996387,-1.534200,1.050416,59.997646,1.002196,1.049842,59.986436,-3.333618,0.979055,59.996590,-0.185488,0.981288,59.995053,2.194903,0.994866,59.989102,4.056721,1.010403,59.988267,3.262187,1.046336,59.992180,5.070059,1.060356,59.992400,7.473919,1.027881,59.989893,2.037621,1.021832,60.000609,7.500655,1.028869,59.998629,-9.598850,0.999994,1.000043,0.999949,0.999776,0.999791,0.999772,1.000193,0.999527,-43.782445,0.000000,5.011496,12.070333,4.559290,12.620520,21.104323,-39.379257,288.383297,447.800150,209.391350,467.503357,6.717002,286.592096,294.652499,141.504847,562.436988,245.394482,221.661074,276.382253,200.614467,124.488442,251.663684,184.493662,253.902685,8.239523,988.742731,2.149441,164.790455,75.230425,157.625653,78.812826,137.026846,28.927890,26.868009,92.246831,102.994034,75.767785,-82.574348,42.272334,15.225205,67.617823,24.718568,24.091648,4.119761,223.900075
8.440000,1.048267,59.995578,-7.977803,1.052846,59.990457,-5.374896,1.036679,59.991376,-7.796477,1.012268,59.992969,-8.679810,1.012528,59.994113,-7.836496,1.014373,59.994248,-7.248347,1.005041,59.994426,-9.197481,1.004155,59.994536,-9.645828,1.030862,59.997072,-9.632566,1.022776,59.993854,-4.968189,1.018884,59.993976,-5.743198,1.008640,59.993782,-5.696773,1.020670,59.993592,-5.557438,1.019200,59.992931,-6.921091,1.023070,59.991454,-6.892298,1.037596,59.990890,-5.479923,1.039828,59.991264,-6.507369,1.037540,59.991287,-7.377852,1.051596,59.988825,-0.711364,0.992685,59.987945,-1.521317,1.037075,59.991019,-3.344101,1.051794,59.991247,0.616170,1.047283,59.991250,0.438801,1.042479,59.990904,-5.373986,1.060945,59.990783,-4.047516,1.056739,59.992647,-4.865256,1.044071,59.991934,-6.642617,1.051909,59.995312,-1.511499,1.049851,59.996396,1.033184,1.049831,59.986888,-3.375787,0.978902,59.996093,-0.158714,0.981145,59.994571,2.210665,0.994700,59.988063,4.027062,1.010269,59.987014,3.225548,1.046126,59.991479,5.064116,1.060134,59.991695,7.469544,1.027760,59.989753,2.017711,1.021233,59.998960,7.551210,1.028861,59.998783,-9.554468,0.999999,1.000030,0.999939,0.999752,0.999755,0.999769,1.000146,0.999558,-43.799702,0.000000,4.971324,11.952271,4.445327,12.505488,21.161895,-39.593044,288.383297,447.800150,209.391350,467.503357,6.717002,286.592096,294.652499,141.504847,562.436988,245.394482,221.661074,276.382253,200.614467,124.488442,251.663684,184.493662,253.902685,8.239523,988.742731,2.149441,164.790455,75.230425,157.625653,78.812826,137.026846,28.927890,26.868009,92.246831,102.994034,75.767785,-82.574348,42.272334,15.225205,67.617823,24.718568,24.091648,4.119761,223.900075
8.460000,1.048264,59.995704,-7.950952,1.052765,59.990547,-5.385114,1.036565,59.991229,-7.801140,1.012144,59.992705,-8.673511,1.012408,59.993823,-7.822069,1.014251,59.993941,-7.233020,1.004928,59.994167,-9.180657,1.004046,59.994296,-9.628124,1.030818,59.997061,-9.595562,1.022648,59.993495,-4.955935,1.018758,59.993635,-5.729985,1.008510,59.993436,-5.684982,1.020540,59.993240,-5.547043,1.019068,59.992591,-6.915407,1.022928,59.991017,-6.897701,1.037448,59.990394,-5.489656,1.039666,59.990851,-6.514034,1.037396,59.990980,-7.383874,1.051468,59.988031,-0.737325,0.992575,59.987038,-1.554131,1.036917,59.990500,-3.353007,1.051631,59.990678,0.608683,1.047117,59.990688,0.431366,1.042329,59.990409,-5.383617,1.060826,59.990722,-4.056065,1.056457,59.992091,-4.862596,1.043840,59.991458,-6.644733,1.051455,59.994246,-1.491919,1.049359,59.995134,1.059698,1.049841,59.987494,-3.409415,0.978773,59.995579,-0.131014,0.981025,59.994097,2.227573,0.994565,59.987148,3.995064,1.010167,59.985902,3.185102,1.045967,59.990849,5.058028,1.059960,59.991058,7.464980,1.027657,59.989720,2.001863,1.020706,59.997251,7.594197,1.028857,59.998923,-9.504456,1.000003,1.000015,0.999928,0.999730,0.999721,0.999770,1.000095,0.999594,-43.808921,0.000000,4.932734,11.830481,4.322218,12.396049,21.204405,-39.786243,288.383297,447.800150,209.391350,467.503357,6.717002,286.592096,294.652499,141.504847,562.436988,245.394482,221.661074,276.382253,200.614467,124.488442,251.663684,184.493662,253.902685,8.239523,988.742731,2.149441,164.790455,75.230425,157.625653,78.812826,137.026846,28.927890,26.868009,92.246831,102.994034,75.767785,-82.574348,42.272334,15.225205,67.617823,24.718568,24.091648,4.119761,223.900075
8.480000,1.048278,59.995857,-7.918904,1.052718,59.990728,-5.390106,1.036490,59.991158,-7.802350,1.012058,59.992492,-8.664718,1.012323,59.993564,-7.805425,1.014165,59.993662,-7.215611,1.004848,59.993935,-9.161409,1.003969,59.994084,-9.607858,1.030791,59.997051,-9.554463,1.022556,59.993169,-4.941951,1.018668,59.993325,-5.714924,1.008416,59.993123,-5.671367,1.020447,59.992924,-5.534854,1.018976,59.992302,-6.907777,1.022833,59.990657,-6.901738,1.037350,59.989985,-5.498403,1.039553,59.990518,-6.519144,1.037298,59.990752,-7.387583,1.051382,59.987357,-0.764299,0.992503,59.986266,-1.588705,1.036812,59.990065,-3.361109,1.051522,59.990189,0.601626,1.047005,59.990206,0.424407,1.042229,59.989999,-5.392261,1.060735,59.990747,-4.060497,1.056233,59.991596,-4.859498,1.043663,59.991053,-6.645791,1.051080,59.993201,-1.475763,1.048950,59.993877,1.081307,1.049872,59.988236,-3.433886,0.978671,59.995055,-0.102895,0.980933,59.993633,2.245281,0.994465,59.986368,3.961248,1.010099,59.984944,3.141501,1.045862,59.990294,5.051906,1.059839,59.990492,7.460314,1.027574,59.989787,1.990397,1.020259,59.995507,7.628877,1.028859,59.999048,-9.449337,1.000007,0.999998,0.999917,0.999712,0.999691,0.999773,1.000042,0.999636,-43.809363,0.000000,4.896415,11.707257,4.192308,12.294396,21.231359,-39.955361,288.383297,447.800150,209.391350,467.503357,6.717002,286.592096,294.652499,141.504847,562.436988,245.394482,221.661074,276.382253,200.614467,124.488442,251.663684,184.493662,253.902685,8.239523,988.742731,2.149441,164.790455,75.230425,157.625653,78.812826,137.026846,28.927890,26.868009,92.246831,102.994034,75.767785,-82.574348,42.272334,15.225205,67.617823,24.718568,24.091648,4.119761,223.900075
8.500000,1.048308,59.996031,-7.881939,1.052708,59.990990,-5.389709,1.036457,59.991161,-7.800018,1.012012,59.992328,-8.653519,1.012275,59.993338,-7.786781,1.014116,59.993414,-7.196358,1.004805,59.993734,-9.139977,1.003929,59.993900,-9.585275,1.030782,59.997045,-9.509703,1.022502,59.992877,-4.926447,1.018617,59.993048,-5.698232,1.008362,59.992847,-5.656123,1.020394,59.992648,-5.521046,1.018927,59.992063,-6.898286,1.022787,59.990374,-6.904305,1.037303,59.989664,-5.505985,1.039491,59.990266,-6.522571,1.037248,59.990603,-7.388863,1.051341,59.986811,-0.791837,0.992472,59.985639,-1.624474,1.036762,59.989716,-3.368241,1.051469,59.989784,0.595138,1.046949,59.989806,0.418064,1.042181,59.989678,-5.399740,1.060676,59.990852,-4.060666,1.056073,59.991165,-4.855962,1.043546,59.990721,-6.645723,1.050793,59.992189,-1.463271,1.048632,59.992641,1.097667,1.049925,59.989096,-3.448753,0.978598,59.994528,-0.074851,0.980871,59.993186,2.263438,0.994401,59.985729,3.926161,1.010066,59.984148,3.095443,1.045815,59.989819,5.045864,1.059774,59.990003,7.455633,1.027514,59.989947,1.983556,1.019902,59.993753,7.654656,1.028867,59.999157,-9.389670,1.000010,0.999978,0.999905,0.999698,0.999664,0.999778,0.999986,0.999683,-43.800407,0.000000,4.862993,11.584867,4.058004,12.202532,21.242501,-40.097406,288.383297,447.800150,209.391350,467.503357,6.717002,286.592096,294.652499,141.504847,562.436988,245.394482,221.661074,276.382253,200.614467,124.488442,251.663684,184.493662,253.902685,8.239523,988.742731,2.149441,164.790455,75.230425,157.625653,78.812826,137.026846,28.927890,26.868009,92.246831,102.994034,75.767785,-82.574348,42.272334,15.225205,67.617823,24.718568,24.091648,4.119761,223.900075
8.520000,1.048356,59.996224,-7.840394,1.052735,59.991325,-5.383851,1.036468,59.991232,-7.794115,1.012010,59.992215,-8.640033,1.012268,59.993145,-7.766373,1.014107,59.993197,-7.175511,1.004799,59.993562,-9.116623,1.003925,59.993746,-9.560644,1.030791,59.997040,-9.461742,1.022489,59.992621,-4.909643,1.018605,59.992805,-5.680138,1.008351,59.992608,-5.639458,1.020382,59.992412,-5.505805,1.018922,59.991876,-6.887043,1.022793,59.990169,-6.905318,1.037310,59.989431,-5.512240,1.039484,59.990095,-6.524207,1.037248,59.990529,-7.387634,1.051347,59.986395,-0.819484,0.992481,59.985159,-1.660856,1.036768,59.989454,-3.374255,1.051476,59.989463,0.589350,1.046952,59.989492,0.412467,1.042187,59.989445,-5.405893,1.060651,59.991031,-4.056504,1.055979,59.990799,-4.851997,1.043490,59.990462,-6.644476,1.050598,59.991224,-1.454617,1.048411,59.991443,1.108528,1.050001,59.990052,-3.453746,0.978558,59.994004,-0.047352,0.980841,59.992759,2.281704,0.994375,59.985235,3.890365,1.010068,59.983524,3.047663,1.045826,59.989427,5.040014,1.059768,59.989593,7.451028,1.027478,59.990192,1.981493,1.019643,59.992013,7.671096,1.028880,59.999251,-9.326043,1.000013,0.999958,0.999893,0.999687,0.999642,0.999786,0.999929,0.999733,-43.781565,0.000000,4.833017,11.465511,3.921726,12.122235,21.237812,-40.209944,288.383297,447.800150,209.391350,467.503357,6.717002,286.592096,294.652499,141.504847,562.436988,245.394482,221.661074,276.382253,200.614467,124.488442,251.663684,184.493662,253.902685,8.239523,988.742731,2.149441,164.790455,75.230425,157.625653,78.812826,137.026846,28.927890,26.868009,92.246831,102.994034,75.767785,-82.574348,42.272334,15.225205,67.617823,24.718568,24.091648,4.119761,223.900075
8.540000,1.048420,59.996430,-7.794654,1.052801,59.991722,-5.372554,1.036523,59.991367,-7.784668,1.012053,59.992149,-8.624406,1.012302,59.992988,-7.744448,1.014138,59.993014,-7.153331,1.004834,59.993422,-9.091619,1.003961,59.993621,-9.534247,1.030821,59.997038,-9.411060,1.022518,59.992403,-4.891770,1.018636,59.992600,-5.660881,1.008383,59.992409,-5.621591,1.020415,59.992218,-5.489332,1.018963,59.991740,-6.874173,1.022852,59.990042,-6.904712,1.037372,59.989287,-5.517027,1.039532,59.990003,-6.523978,1.037300,59.990529,-7.383860,1.051398,59.986111,-0.846787,0.992532,59.984832,-1.697265,1.036833,59.989279,-3.379018,1.051542,59.989228,0.584381,1.047016,59.989263,0.407732,1.042249,59.989301,-5.410583,1.060662,59.991274,-4.048017,1.055956,59.990501,-4.847618,1.043499,59.990277,-6.642019,1.050502,59.990317,-1.449914,1.048293,59.990297,1.113728,1.050101,59.991080,-3.448777,0.978553,59.993491,-0.020837,0.980845,59.992357,2.299748,0.994387,59.984891,3.854428,1.010106,59.983075,2.998918,1.045898,59.989121,5.034467,1.059821,59.989266,7.446586,1.027468,59.990511,1.984273,1.019485,59.990314,7.677920,1.028899,59.999329,-9.259068,1.000015,0.999936,0.999880,0.999679,0.999624,0.999797,0.999871,0.999785,-43.752500,0.000000,4.806954,11.351281,3.785871,12.055026,21.217502,-40.291134,288.383297,447.800150,209.391350,467.503357,6.717002,286.592096,294.652499,141.504847,562.436988,245.394482,221.661074,276.382253,200.614467,124.488442,251.663684,184.493662,253.902685,8.239523,988.742731,2.149441,164.790455,75.230425,157.625653,78.812826,137.026846,28.927890,26.868009,92.246831,102.994034,75.767785,-82.574348,42.272334,15.225205,67.617823,24.718568,24.091648,4.119761,223.900075
8.560000,1.048501,59.996646,-7.745155,1.052906,59.992169,-5.355935,1.036624,59.991558,-7.771763,1.012140,59.992130,-8.606812,1.012378,59.992866,-7.721266,1.014212,59.992865,-7.130088,1.004910,59.993313,-9.065253,1.004036,59.993527,-9.506380,1.030870,59.997038,-9.358154,1.022591,59.992224,-4.873060,1.018710,59.992432,-5.640707,1.008460,59.992250,-5.602750,1.020491,59.992066,-5.471837,1.019051,59.991655,-6.859822,1.022963,59.989990,-6.902451,1.037488,59.989230,-5.520231,1.039636,59.989986,-6.521839,1.037404,59.990597,-7.377546,1.051496,59.985961,-0.873302,0.992625,59.984656,-1.733119,1.036956,59.989191,-3.382418,1.051669,59.989079,0.580339,1.047139,59.989119,0.403963,1.042366,59.989242,-5.413694,1.060709,59.991574,-4.035289,1.056004,59.990270,-4.842852,1.043573,59.990163,-6.638345,1.050506,59.989478,-1.449213,1.048281,59.989218,1.113202,1.050223,59.992157,-3.433941,0.978583,59.992997,0.004295,0.980884,59.991985,2.317260,0.994439,59.984696,3.818916,1.010179,59.982804,2.949972,1.046030,59.988900,5.029329,1.059934,59.989022,7.442390,1.027486,59.990893,1.991873,1.019434,59.988678,7.675011,1.028924,59.999391,-9.189378,1.000017,0.999913,0.999868,0.999675,0.999610,0.999808,0.999814,0.999839,-43.713035,0.000000,4.785182,11.244131,3.652768,12.002142,21.182011,-40.339764,288.383297,447.800150,209.391350,467.503357,6.717002,286.592096,294.652499,141.504847,562.436988,245.394482,221.661074,276.382253,200.614467,124.488442,251.663684,184.493662,253.902685,8.239523,988.742731,2.149441,164.790455,75.230425,157.625653,78.812826,137.026846,28.927890,26.868009,92.246831,102.994034,75.767785,-82.574348,42.272334,15.225205,67.617823,24.718568,24.091648,4.119761,223.900075
8.580000,1.048600,59.996866,-7.692375,1.053050,59.992656,-5.334204,1.036769,59.991800,-7.755543,1.012273,59.992155,-8.587449,1.012496,59.992780,-7.697096,1.014328,59.992751,-7.106054,1.005026,59.993237,-9.037819,1.004151,59.993463,-9.477348,1.030939,59.997040,-9.303533,1.022707,59.992086,-4.853750,1.018828,59.992302,-5.619863,1.008582,59.992131,-5.583166,1.020612,59.991957,-5.453533,1.019186,59.991620,-6.844152,1.023127,59.990012,-6.898522,1.037659,59.989256,-5.521762,1.039795,59.990043,-6.517781,1.037559,59.990730,-7.368741,1.051640,59.985942,-0.898602,0.992757,59.984631,-1.767850,1.037136,59.989187,-3.384368,1.051856,59.989015,0.577312,1.047322,59.989059,0.401246,1.042538,59.989268,-5.415140,1.060793,59.991920,-4.018481,1.056124,59.990107,-4.837739,1.043712,59.990118,-6.633470,1.050612,59.988717,-1.452499,1.048376,59.988221,1.106976,1.050367,59.993260,-3.409512,0.978649,59.992528,0.027689,0.980959,59.991647,2.333951,0.994528,59.984650,3.784379,1.010287,59.982712,2.901589,1.046221,59.988766,5.024697,1.060107,59.988862,7.438521,1.027531,59.991328,2.004175,1.019490,59.987131,7.662417,1.028955,59.999435,-9.117613,1.000018,0.999890,0.999856,0.999674,0.999601,0.999821,0.999758,0.999893,-43.663160,0.000000,4.767983,11.145839,3.524642,11.964515,21.131991,-40.355259,288.383297,447.800150,209.391350,467.503357,6.717002,286.592096,294.652499,141.504847,562.436988,245.394482,221.661074,276.382253,200.614467,124.488442,251.663684,184.493662,253.902685,8.239523,988.742731,2.149441,164.790455,75.230425,157.625653,78.812826,137.026846,28.927890,26.868009,92.246831,102.994034,75.767785,-82.574348,42.272334,15.225205,67.617823,24.718568,24.091648,4.119761,223.900075
8.600000,1.048714,59.997085,-7.636832,1.053230,59.993170,-5.307660,1.036958,59.992084,-7.736208,1.012449,59.992221,-8.566538,1.012656,59.992729,-7.672209,1.014486,59.992672,-7.081504,1.005182,59.993192,-9.009616,1.004305,59.993429,-9.447463,1.031028,59.997044,-9.247710,1.022866,59.991988,-4.834076,1.018987,59.992212,-5.598596,1.008749,59.992054,-5.563073,1.020777,59.991892,-5.434640,1.019366,59.991632,-6.827340,1.023342,59.990104,-6.892939,1.037881,59.989363,-5.521562,1.040007,59.990168,-6.511828,1.037765,59.990921,-7.357537,1.051827,59.986050,-0.922287,0.992927,59.984754,-1.800916,1.037372,59.989263,-3.384806,1.052099,59.989033,0.575373,1.047562,59.989082,0.399648,1.042763,59.989373,-5.414863,1.060912,59.992304,-3.997828,1.056315,59.990009,-4.832328,1.043914,59.990141,-6.627434,1.050818,59.988043,-1.459700,1.048576,59.987318,1.095164,1.050533,59.994365,-3.375943,0.978753,59.992094,0.049038,0.981069,59.991348,2.349563,0.994655,59.984749,3.751344,1.010427,59.982795,2.854511,1.046470,59.988716,5.020660,1.060338,59.988784,7.435050,1.027603,59.991804,2.020977,1.019653,59.985694,7.640347,1.028991,59.999463,-9.044424,1.000018,0.999867,0.999844,0.999677,0.999597,0.999836,0.999705,0.999946,-43.603044,0.000000,4.755545,11.057981,3.403577,11.942759,21.068296,-40.337692,288.383297,447.800150,209.391350,467.503357,6.717002,286.592096,294.652499,141.504847,562.436988,245.394482,221.661074,276.382253,200.614467,124.488442,251.663684,184.493662,253.902685,8.239523,988.742731,2.149441,164.790455,75.230425,157.625653,78.812826,137.026846,28.927890,26.868009,92.246831,102.994034,75.767785,-82.574348,42.272334,15.225205,67.617823,24.718568,24.091648,4.119761,223.900075
8.620000,1.048843,59.997300,-7.579079,1.053446,59.993699,-5.276690,1.037188,59.992404,-7.714013,1.012669,59.992327,-8.544321,1.012856,59.992713,-7.646878,1.014684,59.992629,-7.056708,1.005376,59.993178,-8.980944,1.004496,59.993425,-9.417037,1.031135,59.997049,-9.191203,1.023066,59.991932,-4.814269,1.019188,59.992161,-5.577152,1.008958,59.992017,-5.542701,1.020985,59.991869,-5.415378,1.019590,59.991691,-6.809576,1.023605,59.990262,-6.885746,1.038153,59.989545,-5.519602,1.040271,59.990356,-6.504037,1.038018,59.991164,-7.344069,1.052055,59.986280,-0.943988,0.993133,59.985018,-1.831809,1.037661,59.989416,-3.383698,1.052398,59.989130,0.574572,1.047857,59.989182,0.399215,1.043038,59.989553,-5.412837,1.061067,59.992714,-3.973634,1.056574,59.989975,-4.826682,1.044178,59.990226,-6.620303,1.051122,59.987463,-1.470682,1.048879,59.986521,1.077973,1.050718,59.995449,-3.333850,0.978892,59.991701,0.068091,0.981214,59.991093,2.363869,0.994818,59.984989,3.720310,1.010599,59.983049,2.809456,1.046772,59.988751,5.017297,1.060624,59.988789,7.432042,1.027703,59.992308,2.041990,1.019921,59.984389,7.609164,1.029033,59.999474,-8.970460,1.000018,0.999845,0.999833,0.999684,0.999597,0.999851,0.999655,0.999997,-43.533026,0.000000,4.747958,10.981907,3.291480,11.937161,20.991972,-40.287774,288.383297,447.800150,209.391350,467.503357,6.717002,286.592096,294.652499,141.504847,562.436988,245.394482,221.661074,276.382253,200.614467,124.488442,251.663684,184.493662,253.902685,8.239523,988.742731,2.149441,164.790455,75.230425,157.625653,78.812826,137.026846,28.927890,26.868009,92.246831,102.994034,75.767785,-82.574348,42.272334,15.225205,67.617823,24.718568,24.091648,4.119761,223.900075
8.640000,1.048986,59.997505,-7.519692,1.053695,59.994232,-5.241758,1.037457,59.992751,-7.689258,1.012928,59.992468,-8.521055,1.013095,59.992733,-7.621376,1.014920,59.992622,-7.031931,1.005608,59.993196,-8.952102,1.004724,59.993450,-9.386385,1.031260,59.997056,-9.134522,1.023306,59.991917,-4.794552,1.019428,59.992150,-5.555766,1.009207,59.992022,-5.522279,1.021232,59.991888,-5.395963,1.019856,59.991794,-6.791059,1.023913,59.990481,-6.877009,1.038472,59.989797,-5.515884,1.040583,59.990602,-6.494500,1.038315,59.991453,-7.328510,1.052322,59.986627,-0.963373,0.993372,59.985416,-1.860062,1.037999,59.989640,-3.381035,1.052747,59.989303,0.574942,1.048203,59.989358,0.399975,1.043360,59.989804,-5.409064,1.061255,59.993143,-3.946272,1.056897,59.990003,-4.820870,1.044500,59.990370,-6.612162,1.051518,59.986985,-1.485257,1.049280,59.985840,1.055689,1.050920,59.996490,-3.284006,0.979066,59.991355,0.084652,0.981392,59.990886,2.376680,0.995014,59.985361,3.691731,1.010799,59.983466,2.767096,1.047125,59.988865,5.014671,1.060962,59.988872,7.429551,1.027829,59.992830,2.066847,1.020289,59.983235,7.569379,1.029080,59.999468,-8.896363,1.000018,0.999824,0.999823,0.999693,0.999602,0.999866,0.999608,1.000046,-43.453625,0.000000,4.745217,10.918720,3.190056,11.947680,20.904234,-40.206832,288.383297,447.800150,209.391350,467.503357,6.717002,286.592096,294.652499,141.504847,562.436988,245.394482,221.661074,276.382253,200.614467,124.488442,251.663684,184.493662,253.902685,8.239523,988.742731,2.149441,164.790455,75.230425,157.625653,78.812826,137.026846,28.927890,26.868009,92.246831,102.994034,75.767785,-82.574348,42.272334,15.225205,67.617823,24.718568,24.091648,4.119761,223.900075
8.660000,1.049142,59.997697,-7.459271,1.053974,59.994759,-5.203397,1.037761,59.993119,-7.662291,1.013224,59.992641,-8.497009,1.013369,59.992786,-7.595968,1.015192,59.992651,-7.007430,1.005873,59.993244,-8.923380,1.004984,59.993502,-9.355811,1.031401,59.997064,-9.078171,1.023582,59.991944,-4.775138,1.019704,59.992178,-5.534667,1.009494,59.992067,-5.502026,1.021517,59.991948,-5.376608,1.020160,59.991939,-6.771997,1.024262,59.990756,-6.866823,1.038832,59.990113,-5.510443,1.040938,59.990900,-6.483338,1.038654,59.991782,-7.311072,1.052623,59.987082,-0.980155,0.993641,59.985941,-1.885259,1.038381,59.989931,-3.376838,1.053142,59.989546,0.576493,1.048595,59.989603,0.401930,1.043725,59.990119,-5.403579,1.061473,59.993580,-3.916167,1.057281,59.990091,-4.814973,1.044875,59.990568,-6.603121,1.052001,59.986614,-1.503180,1.049773,59.985285,1.028681,1.051139,59.997468,-3.227321,0.979273,59.991064,0.098582,0.981601,59.990730,2.387843,0.995240,59.985859,3.666018,1.011024,59.984037,2.728052,1.047523,59.989057,5.012836,1.061347,59.989032,7.427624,1.027979,59.993358,2.095110,1.020752,59.982249,7.521647,1.029132,59.999446,-8.822768,1.000017,0.999803,0.999813,0.999705,0.999612,0.999882,0.999567,1.000090,-43.365524,0.000000,4.747223,10.869263,3.100780,11.973955,20.806448,-40.096778,288.383297,447.800150,209.391350,467.503357,6.717002,286.592096,294.652499,141.504847,562.436988,245.394482,221.661074,276.382253,200.614467,124.488442,251.663684,184.493662,253.902685,8.239523,988.742731,2.149441,164.790455,75.230425,157.625653,78.812826,137.026846,28.927890,26.868009,92.246831,102.994034,75.767785,-82.574348,42.272334,15.225205,67.617823,24.718568,24.091648,4.119761,223.900075
8.680000,1.049308,59.997871,-7.398427,1.054279,59.995267,-5.162202,1.038096,59.993500,-7.633493,1.013553,59.992844,-8.472461,1.013675,59.992872,-7.570911,1.015496,59.992714,-6.983447,1.006170,59.993321,-8.895062,1.005275,59.993583,-9.325615,1.031557,59.997073,-9.022639,1.023891,59.992012,-4.756229,1.020013,59.992246,-5.514069,1.009815,59.992152,-5.482152,1.021835,59.992050,-5.357515,1.020498,59.992122,-6.752601,1.024648,59.991083,-6.855303,1.039229,59.990488,-5.503340,1.041332,59.991244,-6.470702,1.039028,59.992144,-7.291996,1.052955,59.987636,-0.994095,0.993937,59.986580,-1.907038,1.038803,59.990282,-3.371154,1.053579,59.989856,0.579215,1.049028,59.989913,0.405065,1.044127,59.990491,-5.396447,1.061720,59.994016,-3.883797,1.057718,59.990234,-4.809072,1.045298,59.990817,-6.593305,1.052563,59.986355,-1.524156,1.050350,59.984864,0.997392,1.051370,59.998366,-3.164829,0.979511,59.990834,0.109803,0.981840,59.990630,2.397248,0.995494,59.986471,3.643526,1.011271,59.984750,2.692883,1.047962,59.989321,5.011826,1.061774,59.989264,7.426292,1.028152,59.993881,2.126277,1.021301,59.981446,7.466749,1.029189,59.999407,-8.750289,1.000015,0.999785,0.999805,0.999720,0.999626,0.999898,0.999530,1.000130,-43.269572,0.000000,4.753792,10.834106,3.024878,12.015311,20.700114,-39.960066,288.383297,447.800150,209.391350,467.503357,6.717002,286.592096,294.652499,141.504847,562.436988,245.394482,221.661074,276.382253,200.614467,124.488442,251.663684,184.493662,253.902685,8.239523,988.742731,2.149441,164.790455,75.230425,157.625653,78.812826,137.026846,28.927890,26.868009,92.246831,102.994034,75.767785,-82.574348,42.272334,15.225205,67.617823,24.718568,24.091648,4.119761,223.900075
8.700000,1.049483,59.998025,-7.337777,1.054606,59.995751,-5.118815,1.038459,59.993888,-7.603277,1.013911,59.993074,-8.447694,1.014008,59.992990,-7.546449,1.015827,59.992813,-6.960209,1.006493,59.993428,-8.867415,1.005591,59.993690,-9.296081,1.031726,59.997083,-8.968398,1.024230,59.992120,-4.738008,1.020351,59.992352,-5.494170,1.010166,59.992276,-5.462852,1.022182,59.992190,-5.338877,1.020865,59.992342,-6.733082,1.025065,59.991454,-6.842587,1.039658,59.990914,-5.494667,1.041760,59.991628,-6.456767,1.039434,59.992533,-7.271553,1.053312,59.988278,-1.005002,0.994254,59.987323,-1.925103,1.039259,59.990688,-3.364053,1.054050,59.990225,0.583075,1.049497,59.990283,0.409341,1.044562,59.990915,-5.387759,1.061991,59.994444,-3.849680,1.058203,59.990432,-4.803254,1.045763,59.991111,-6.582853,1.053194,59.986212,-1.547841,1.051001,59.984582,0.962335,1.051612,59.999167,-3.097664,0.979775,59.990668,0.118292,0.982105,59.990586,2.404824,0.995772,59.987187,3.624553,1.011537,59.985592,2.662076,1.048434,59.989653,5.011664,1.062237,59.989564,7.425579,1.028346,59.994391,2.159795,1.021928,59.980839,7.405584,1.029249,59.999353,-8.679521,1.000014,0.999769,0.999799,0.999738,0.999643,0.999912,0.999500,1.000165,-43.166765,0.000000,4.764657,10.813547,2.963308,12.070783,20.586844,-39.799640,288.383297,447.800150,209.391350,467.503357,6.717002,286.592096,294.652499,141.504847,562.436988,245.394482,221.661074,276.382253,200.614467,124.488442,251.663684,184.493662,253.902685,8.239523,988.742731,2.149441,164.790455,75.230425,157.625653,78.812826,137.026846,28.927890,26.868009,92.246831,102.994034,75.767785,-82.574348,42.272334,15.225205,67.617823,24.718568,24.091648,4.119761,223.900075
8.720000,1.049666,59.998156,-7.277937,1.054952,59.996200,-5.073914,1.038844,59.994277,-7.572078,1.014293,59.993326,-8.422987,1.014366,59.993140,-7.522811,1.016183,59.992945,-6.937925,1.006839,59.993562,-8.840690,1.005930,59.993822,-9.267478,1.031906,59.997094,-8.915895,1.024593,59.992269,-4.720642,1.020713,59.992496,-5.475152,1.010541,59.992437,-5.444308,1.022555,59.992368,-5.320874,1.021258,59.992594,-6.713650,1.025507,59.991866,-6.828831,1.040113,59.991384,-5.484541,1.042215,59.992046,-6.441729,1.039865,59.992942,-7.250033,1.053691,59.988999,-1.012742,0.994588,59.988157,-1.939218,1.039742,59.991141,-3.355631,1.054549,59.990648,0.588026,1.049994,59.990705,0.414703,1.045023,59.991383,-5.377631,1.062283,59.994857,-3.814362,1.058729,59.990680,-4.797601,1.046262,59.991446,-6.571914,1.053886,59.986186,-1.573846,1.051717,59.984445,0.924081,1.051862,59.999858,-3.027035,0.980064,59.990572,0.124081,0.982392,59.990603,2.410542,0.996070,59.987994,3.609335,1.011818,59.986549,2.636039,1.048934,59.990046,5.012356,1.062730,59.989927,7.425495,1.028557,59.994878,2.195068,1.022623,59.980437,7.339152,1.029312,59.999283,-8.611032,1.000012,0.999755,0.999793,0.999758,0.999665,0.999927,0.999476,1.000194,-43.058235,0.000000,4.779477,10.807604,2.916751,12.139134,20.468333,-39.618871,288.383297,447.800150,209.391350,467.503357,6.717002,286.592096,294.652499,141.504847,562.436988,245.394482,221.661074,276.382253,200.614467,124.488442,251.663684,184.493662,253.902685,8.239523,988.742731,2.149441,164.790455,75.230425,157.625653,78.812826,137.026846,28.927890,26.868009,92.246831,102.994034,75.767785,-82.574348,42.272334,15.225205,67.617823,24.718568,24.091648,4.119761,223.900075
8.740000,1.049853,59.998262,-7.219511,1.055311,59.996609,-5.028203,1.039246,59.994661,-7.540343,1.014694,59.993598,-8.398619,1.014742,59.993319,-7.500207,1.016558,59.993111,-6.916785,1.007203,59.993724,-8.815122,1.006287,59.993979,-9.240057,1.032094,59.997106,-8.865554,1.024976,59.992456,-4.704277,1.021095,59.992677,-5.457176,1.010938,59.992635,-5.426681,1.022947,59.992583,-5.303669,1.021670,59.992877,-6.694509,1.025969,59.992311,-6.814205,1.040586,59.991892,-5.473101,1.042691,59.992491,-6.425799,1.040315,59.993366,-7.227743,1.054085,59.989786,-1.017232,0.994935,59.989068,-1.949222,1.040245,59.991635,-3.346005,1.055070,59.991119,0.593997,1.050513,59.991175,0.421077,1.045503,59.991889,-5.366205,1.062592,59.995249,-3.778409,1.059286,59.990975,-4.792194,1.046789,59.991817,-6.560643,1.054625,59.986280,-1.601743,1.052484,59.984456,0.883257,1.052118,60.000429,-2.954210,0.980373,59.990548,0.127255,0.982698,59.990682,2.414415,0.996384,59.988879,3.598039,1.012110,59.987604,2.615096,1.049455,59.990496,5.013893,1.063247,59.990348,7.426041,1.028784,59.995335,2.231472,1.023373,59.980249,7.268539,1.029378,59.999199,-8.545357,1.000009,0.999743,0.999790,0.999779,0.999689,0.999940,0.999458,1.000216,-42.945232,0.000000,4.797849,10.816028,2.885605,12.218884,20.346343,-39.421488,288.383297,447.800150,209.391350,467.503357,6.717002,286.592096,294.652499,141.504847,562.436988,245.394482,221.661074,276.382253,200.614467,124.488442,251.663684,184.493662,253.902685,8.239523,988.742731,2.149441,164.790455,75.230425,157.625653,78.812826,137.026846,28.927890,26.868009,92.246831,102.994034,75.767785,-82.574348,42.272334,15.225205,67.617823,24.718568,24.091648,4.119761,223.900075
8.760000,1.050043,59.998342,-7.163086,1.055678,59.996972,-4.982394,1.039659,59.995036,-7.508528,1.015108,59.993888,-8.374855,1.015133,59.993527,-7.478829,1.016947,59.993308,-6.896954,1.007581,59.993911,-8.790920,1.006656,59.994159,-9.214045,1.032289,59.997120,-8.817765,1.025373,59.992681,-4.689040,1.021491,59.992894,-5.440381,1.011348,59.992868,-5.410117,1.023354,59.992832,-5.287408,1.022096,59.993186,-6.675853,1.026444,59.992783,-6.798891,1.041073,59.992431,-5.460506,1.043181,59.992959,-6.409204,1.040779,59.993799,-7.205001,1.054489,59.990628,-1.018448,0.995290,59.990042,-1.955020,1.040763,59.992163,-3.335309,1.055605,59.991632,0.600904,1.051047,59.991684,0.428370,1.045997,59.992426,-5.353638,1.062914,59.995614,-3.742394,1.059868,59.991315,-4.787104,1.047336,59.992220,-6.549199,1.055402,59.986493,-1.631073,1.053292,59.984615,0.840533,1.052375,60.000873,-2.880487,0.980697,59.990599,0.127949,0.983019,59.990824,2.416491,0.996709,59.989828,3.590767,1.012408,59.988740,2.599479,1.049990,59.990996,5.016251,1.063779,59.990819,7.427202,1.029023,59.995756,2.268363,1.024168,59.980277,7.194897,1.029446,59.999100,-8.482998,1.000006,0.999735,0.999788,0.999802,0.999717,0.999952,0.999448,1.000232,-42.829106,0.000000,4.819313,10.838309,2.869985,12.308346,20.222669,-39.211501,288.383297,447.800150,209.391350,467.503357,6.717002,286.592096,294.652499,141.504847,562.436988,245.394482,221.661074,276.382253,200.614467,124.488442,251.663684,184.493662,253.902685,8.239523,988.742731,2.149441,164.790455,75.230425,157.625653,78.812826,137.026846,28.927890,26.868009,92.246831,102.994034,75.767785,-82.574348,42.272334,15.225205,67.617823,24.718568,24.091648,4.119761,223.900075
8.780000,1.050235,59.998393,-7.109226,1.056050,59.997286,-4.937199,1.040079,59.995397,-7.477083,1.015531,59.994192,-8.351950,1.015531,59.993761,-7.458844,1.017345,59.993536,-6.878575,1.007966,59.994122,-8.768273,1.007033,59.994362,-9.189647,1.032487,59.997134,-8.772889,1.025780,59.992941,-4.675034,1.021897,59.993144,-5.424887,1.011769,59.993134,-5.394737,1.023770,59.993113,-5.272219,1.022531,59.993520,-6.657869,1.026926,59.993278,-6.783082,1.041566,59.992993,-5.446933,1.043679,59.993443,-6.392176,1.041249,59.994237,-7.182127,1.054898,59.991512,-1.016419,0.995648,59.991064,-1.956590,1.041287,59.992719,-3.323694,1.056147,59.992178,0.608647,1.051589,59.992228,0.436477,1.046497,59.992986,-5.340108,1.063244,59.995950,-3.706889,1.060465,59.991695,-4.782394,1.047895,59.992651,-6.537739,1.056204,59.986824,-1.661346,1.054127,59.984922,0.796612,1.052631,60.001185,-2.807170,0.981034,59.990725,0.126337,0.983350,59.991028,2.416858,0.997042,59.990827,3.587550,1.012709,59.989941,2.589332,1.050531,59.991538,5.019392,1.064321,59.991336,7.428956,1.029270,59.996136,2.305092,1.024994,59.980523,7.119430,1.029515,59.998989,-8.424418,1.000003,0.999730,0.999788,0.999826,0.999747,0.999962,0.999445,1.000242,-42.711285,0.000000,4.843365,10.873693,2.869726,12.405659,20.099119,-38.993122,288.383297,447.800150,209.391350,467.503357,6.717002,286.592096,294.652499,141.504847,562.436988,245.394482,221.661074,276.382253,200.614467,124.488442,251.663684,184.493662,253.902685,8.239523,988.742731,2.149441,164.790455,75.230425,157.625653,78.812826,137.026846,28.927890,26.868009,92.246831,102.994034,75.767785,-82.574348,42.272334,15.225205,67.617823,24.718568,24.091648,4.119761,223.900075
8.800000,1.050424,59.998417,-7.058460,1.056421,59.997549,-4.893314,1.040500,59.995742,-7.446449,1.015956,59.994508,-8.330141,1.015934,59.994021,-7.440399,1.017746,59.993793,-6.861767,1.008356,59.994356,-8.747341,1.007414,59.994584,-9.167042,1.032687,59.997149,-8.731249,1.026191,59.993236,-4.662340,1.022306,59.993426,-5.410786,1.012193,59.993431,-5.380643,1.024189,59.993425,-5.258209,1.022968,59.993875,-6.640727,1.027408,59.993790,-6.766973,1.042060,59.993572,-5.432573,1.044178,59.993938,-6.374952,1.041721,59.994675,-7.159441,1.055307,59.992425,-1.011228,0.996005,59.992120,-1.953981,1.041812,59.993295,-3.311325,1.056690,59.992753,0.617112,1.052131,59.992798,0.445281,1.046997,59.993564,-5.325804,1.063578,59.996254,-3.672453,1.061069,59.992113,-4.778117,1.048459,59.993104,-6.526415,1.057019,59.987271,-1.692055,1.054977,59.985375,0.752219,1.052884,60.001364,-2.735546,0.981377,59.990927,0.122635,0.983687,59.991294,2.415633,0.997377,59.991861,3.588353,1.013009,59.991187,2.584703,1.051072,59.992117,5.023264,1.064865,59.991892,7.431268,1.029524,59.996472,2.341019,1.025838,59.980985,7.043367,1.029584,59.998865,-8.370037,1.000000,0.999728,0.999790,0.999851,0.999778,0.999972,0.999450,1.000244,-42.593251,0.000000,4.869469,10.921197,2.884391,12.508829,19.977489,-38.770676,288.383297,447.800150,209.391350,467.503357,6.717002,286.592096,294.652499,141.504847,562.436988,245.394482,221.661074,276.382253,200.614467,124.488442,251.663684,184.493662,253.902685,8.239523,988.742731,2.149441,164.790455,75.230425,157.625653,78.812826,137.026846,28.927890,26.868009,92.246831,102.994034,75.767785,-82.574348,42.272334,15.225205,67.617823,24.718568,24.091648,4.119761,223.900075
8.820000,1.050611,59.998414,-7.011283,1.056787,59.997760,-4.851407,1.040915,59.996068,-7.417052,1.016378,59.994834,-8.309649,1.016334,59.994304,-7.423613,1.018146,59.994076,-6.846624,1.008743,59.994612,-8.728263,1.007792,59.994826,-9.146383,1.032885,59.997165,-8.693131,1.026601,59.993562,-4.651020,1.022714,59.993739,-5.398151,1.012615,59.993757,-5.367915,1.024607,59.993764,-5.245466,1.023402,59.994248,-6.624582,1.027885,59.994313,-6.750764,1.042546,59.994162,-5.417626,1.044671,59.994440,-6.357766,1.042187,59.995108,-7.137254,1.055709,59.993356,-1.003009,0.996355,59.993195,-1.947310,1.042329,59.993885,-3.298377,1.057225,59.993348,0.626176,1.052667,59.993389,0.454653,1.047491,59.994152,-5.310927,1.063912,59.996523,-3.639621,1.061671,59.992566,-4.774309,1.049019,59.993577,-6.515370,1.057835,59.987829,-1.722680,1.055829,59.985969,0.708092,1.053131,60.001413,-2.666856,0.981723,59.991204,0.117088,0.984025,59.991621,2.412964,0.997710,59.992917,3.593073,1.013303,59.992461,2.585547,1.051605,59.992725,5.027801,1.065403,59.992480,7.434093,1.029780,59.996761,2.375519,1.026688,59.981658,6.967945,1.029653,59.998731,-8.320231,0.999996,0.999729,0.999794,0.999876,0.999812,0.999979,0.999461,1.000239,-42.476519,0.000000,4.897067,10.979638,2.913290,12.615770,19.859527,-38.548522,288.383297,447.800150,209.391350,467.503357,6.717002,286.592096,294.652499,141.504847,562.436988,245.394482,221.661074,276.382253,200.614467,124.488442,251.663684,184.493662,253.902685,8.239523,988.742731,2.149441,164.790455,75.230425,157.625653,78.812826,137.026846,28.927890,26.868009,92.246831,102.994034,75.767785,-82.574348,42.272334,15.225205,67.617823,24.718568,24.091648,4.119761,223.900075
8.840000,1.050792,59.998384,-6.968141,1.057143,59.997919,-4.812108,1.041322,59.996374,-7.389289,1.016791,59.995167,-8.290668,1.016728,59.994608,-7.408584,1.018539,59.994385,-6.833216,1.009124,59.994887,-8.711147,1.008165,59.995085,-9.127795,1.033080,59.997182,-8.658781,1.027004,59.993917,-4.641109,1.023115,59.994079,-5.387032,1.013031,59.994109,-5.356614,1.025018,59.994128,-5.234057,1.023827,59.994636,-6.609576,1.028350,59.994841,-6.734653,1.043020,59.994757,-5.402300,1.045153,59.994943,-6.340852,1.042642,59.995535,-7.115866,1.056101,59.994293,-0.991946,0.996695,59.994275,-1.936759,1.042833,59.994483,-3.285032,1.057747,59.993958,0.635705,1.053189,59.993994,0.464455,1.047972,59.994745,-5.295683,1.064242,59.996758,-3.608894,1.062263,59.993048,-4.770997,1.049568,59.994065,-6.504740,1.058640,59.988493,-1.752699,1.056670,59.986698,0.664962,1.053369,60.001335,-2.602280,0.982066,59.991552,0.109965,0.984361,59.992007,2.409024,0.998036,59.993980,3.601545,1.013589,59.993746,2.591731,1.052124,59.993355,5.032928,1.065929,59.993093,7.437378,1.030035,59.997004,2.408003,1.027531,59.982532,6.894390,1.029720,59.998587,-8.275330,0.999993,0.999733,0.999800,0.999901,0.999846,0.999985,0.999480,1.000228,-42.362608,0.000000,4.925590,11.047654,2.955493,12.724348,19.746921,-38.330963,288.383297,447.800150,209.391350,467.503357,6.717002,286.592096,294.652499,141.504847,562.436988,245.394482,221.661074,276.382253,200.614467,124.488442,251.663684,184.493662,253.902685,8.239523,988.742731,2.149441,164.790455,75.230425,157.625653,78.812826,137.026846,28.927890,26.868009,92.246831,102.994034,75.767785,-82.574348,42.272334,15.225205,67.617823,24.718568,24.091648,4.119761,223.900075
8.860000,1.050965,59.998328,-6.929436,1.057485,59.998028,-4.775997,1.041713,59.996658,-7.363531,1.017191,59.995504,-8.273373,1.017110,59.994931,-7.395385,1.018921,59.994716,-6.821589,1.009493,59.995179,-8.696079,1.008526,59.995360,-9.111376,1.033270,59.997201,-8.628408,1.027395,59.994298,-4.632628,1.023504,59.994444,-5.377457,1.013434,59.994484,-5.346777,1.025416,59.994514,-5.224031,1.024238,59.995035,-6.595829,1.028797,59.995370,-6.718836,1.043475,59.995349,-5.386806,1.045617,59.995443,-6.324431,1.043080,59.995950,-7.095561,1.056476,59.995223,-0.978265,0.997020,59.995345,-1.922576,1.043318,59.995083,-3.271476,1.058248,59.994576,0.645559,1.053691,59.994607,0.474545,1.048434,59.995336,-5.280282,1.064563,59.996959,-3.580734,1.062838,59.993558,-4.768192,1.050100,59.994565,-6.494649,1.059422,59.989255,-1.781598,1.057489,59.987554,0.623549,1.053595,60.001139,-2.542909,0.982404,59.991969,0.101555,0.984689,59.992447,2.404003,0.998353,59.995037,3.613542,1.013862,59.995023,2.603032,1.052622,59.994000,5.038558,1.066437,59.993725,7.441060,1.030287,59.997201,2.437919,1.028355,59.983597,6.823890,1.029786,59.998434,-8.235613,0.999989,0.999741,0.999808,0.999925,0.999880,0.999989,0.999506,1.000211,-42.253020,0.000000,4.954470,11.123736,3.009855,12.832423,19.641259,-38.122162,288.383297,447.800150,209.391350,467.503357,6.717002,286.592096,294.652499,141.504847,562.436988,245.394482,221.661074,276.382253,200.614467,124.488442,251.663684,184.493662,253.902685,8.239523,988.742731,2.149441,164.790455,75.230425,157.625653,78.812826,137.026846,28.927890,26.868009,92.246831,102.994034,75.767785,-82.574348,42.272334,15.225205,67.617823,24.718568,24.091648,4.119761,223.900075
8.880000,1.051130,59.998250,-6.895513,1.057810,59.998090,-4.743595,1.042086,59.996919,-7.340109,1.017573,59.995845,-8.257912,1.017475,59.995271,-7.384064,1.019287,59.995067,-6.811767,1.009847,59.995486,-8.683117,1.008871,59.995648,-9.097200,1.033451,59.997220,-8.602178,1.027769,59.994703,-4.625573,1.023877,59.994831,-5.369434,1.013819,59.994880,-5.338423,1.025797,59.994920,-5.215417,1.024631,59.995443,-6.583447,1.029221,59.995896,-6.703505,1.043906,59.995934,-5.371358,1.046057,59.995936,-6.308719,1.043497,59.996353,-7.076602,1.056831,59.996137,-0.962237,0.997326,59.996393,-1.905060,1.043777,59.995678,-3.257900,1.058724,59.995196,0.655593,1.054168,59.995221,0.484774,1.048872,59.995919,-5.264937,1.064873,59.997128,-3.555554,1.063387,59.994090,-4.765894,1.050606,59.995072,-6.485206,1.060171,59.990107,-1.808878,1.058274,59.988525,0.584542,1.053809,60.000834,-2.489729,0.982730,59.992449,0.092156,0.985007,59.992939,2.398108,0.998655,59.996073,3.628783,1.014118,59.996275,2.619147,1.053093,59.994654,5.044595,1.066920,59.994369,7.445070,1.030532,59.997353,2.464770,1.029147,59.984838,6.757578,1.029850,59.998273,-8.201312,0.999985,0.999752,0.999818,0.999949,0.999915,0.999992,0.999538,1.000189,-42.149213,0.000000,4.983150,11.206258,3.075044,12.937897,19.544017,-37.926064,288.383297,447.800150,209.391350,467.503357,6.717002,286.592096,294.652499,141.504847,562.436988,245.394482,221.661074,276.382253,200.614467,124.488442,251.663684,184.493662,253.902685,8.239523,988.742731,2.149441,164.790455,75.230425,157.625653,78.812826,137.026846,28.927890,26.868009,92.246831,102.994034,75.767785,-82.574348,42.272334,15.225205,67.617823,24.718568,24.091648,4.119761,223.900075
8.900000,1.051283,59.998151,-6.866663,1.058113,59.998109,-4.715357,1.042434,59.997159,-7.319318,1.017932,59.996187,-8.244407,1.017820,59.995624,-7.374650,1.019632,59.995435,-6.803753,1.010180,59.995807,-8.672298,1.009197,59.995947,-9.085314,1.033622,59.997241,-8.580218,1.028123,59.995128,-4.619929,1.024228,59.995236,-5.362954,1.014183,59.995293,-5.331556,1.026156,59.995340,-5.208229,1.025000,59.995857,-6.572515,1.029617,59.996413,-6.688841,1.044308,59.996506,-5.356167,1.046468,59.996419,-6.293915,1.043886,59.996740,-7.059227,1.057162,59.997023,-0.944165,0.997610,59.997406,-1.884568,1.044205,59.996264,-3.244493,1.059167,59.995811,0.665659,1.054613,59.995830,0.494994,1.049280,59.996491,-5.249857,1.065167,59.997267,-3.533710,1.063904,59.994641,-4.764091,1.051082,59.995583,-6.476509,1.060877,59.991040,-1.834067,1.059015,59.989600,0.548589,1.054007,60.000432,-2.443602,0.983042,59.992989,0.082069,0.985309,59.993478,2.391552,0.998939,59.997078,3.646937,1.014356,59.997488,2.639697,1.053533,59.995310,5.050937,1.067373,59.995019,7.449330,1.030768,59.997464,2.488117,1.029897,59.986238,6.696512,1.029910,59.998107,-8.172609,0.999981,0.999766,0.999830,0.999972,0.999948,0.999993,0.999576,1.000161,-42.052578,0.000000,5.011098,11.293512,3.149566,13.038747,19.456530,-37.746317,288.383297,447.800150,209.391350,467.503357,6.717002,286.592096,294.652499,141.504847,562.436988,245.394482,221.661074,276.382253,200.614467,124.488442,251.663684,184.493662,253.902685,8.239523,988.742731,2.149441,164.790455,75.230425,157.625653,78.812826,137.026846,28.927890,26.868009,92.246831,102.994034,75.767785,-82.574348,42.272334,15.225205,67.617823,24.718568,24.091648,4.119761,223.900075
8.920000,1.051425,59.998035,-6.843115,1.058391,59.998090,-4.691663,1.042756,59.997377,-7.301406,1.018264,59.996527,-8.232956,1.018140,59.995988,-7.367151,1.019952,59.995817,-6.797534,1.010490,59.996137,-8.663635,1.009499,59.996255,-9.075741,1.033781,59.997262,-8.562615,1.028451,59.995568,-4.615663,1.024555,59.995657,-5.357991,1.014520,59.995719,-5.326160,1.026489,59.995773,-5.202462,1.025341,59.996272,-6.563103,1.029981,59.996917,-6.675020,1.044676,59.997061,-5.341440,1.046846,59.996888,-6.280203,1.044243,59.997110,-7.043649,1.057464,59.997872,-0.924384,0.997868,59.998372,-1.861497,1.044598,59.996835,-3.231441,1.059574,59.996417,0.675607,1.055022,59.996430,0.505052,1.049654,59.997044,-5.235248,1.065443,59.997378,-3.515500,1.064382,59.995207,-4.762762,1.051520,59.996093,-6.468643,1.061530,59.992042,-1.856732,1.059701,59.990766,0.516283,1.054188,59.999948,-2.405252,0.983336,59.993580,0.071592,0.985592,59.994058,2.384554,0.999202,59.998040,3.667630,1.014572,59.998647,2.664235,1.053935,59.995961,5.057476,1.067791,59.995668,7.453759,1.030992,59.997539,2.507591,1.030595,59.987777,6.641653,1.029967,59.997936,-8.149634,0.999976,0.999783,0.999843,0.999994,0.999981,0.999993,0.999619,1.000129,-41.964417,0.000000,5.037807,11.383738,3.231799,13.133076,19.379970,-37.586206,288.383297,447.800150,209.391350,467.503357,6.717002,286.592096,294.652499,141.504847,562.436988,245.394482,221.661074,276.382253,200.614467,124.488442,251.663684,184.493662,253.902685,8.239523,988.742731,2.149441,164.790455,75.230425,157.625653,78.812826,137.026846,28.927890,26.868009,92.246831,102.994034,75.767785,-82.574348,42.272334,15.225205,67.617823,24.718568,24.091648,4.119761,223.900075
8.940000,1.051553,59.997903,-6.825039,1.058642,59.998039,-4.672816,1.043046,59.997575,-7.286577,1.018565,59.996864,-8.223631,1.018431,59.996360,-7.361553,1.020244,59.996210,-6.793078,1.010772,59.996475,-8.657121,1.009774,59.996569,-9.068482,1.033927,59.997284,-8.549419,1.028751,59.996021,-4.612729,1.024853,59.996090,-5.354506,1.014828,59.996156,-5.322209,1.026792,59.996215,-5.198100,1.025650,59.996687,-6.555261,1.030308,59.997404,-6.662203,1.045006,59.997594,-5.327377,1.047187,59.997340,-6.267752,1.044566,59.997462,-7.030051,1.057734,59.998675,-0.903254,0.998097,59.999281,-1.836284,1.044950,59.997386,-3.218927,1.059940,59.997008,0.685289,1.055390,59.997015,0.514803,1.049990,59.997577,-5.221308,1.065697,59.997466,-3.501156,1.064817,59.995782,-4.761879,1.051917,59.996600,-6.461678,1.062123,59.993100,-1.876484,1.060324,59.992006,0.488152,1.054351,59.999399,-2.375253,0.983607,59.994215,0.061015,0.985852,59.994672,2.377329,0.999441,59.998949,3.690451,1.014764,59.999738,2.692254,1.054296,59.996602,5.064100,1.068168,59.996310,7.458273,1.031201,59.997582,2.522895,1.031232,59.989433,6.593851,1.030020,59.997761,-8.132468,0.999972,0.999803,0.999858,1.000014,1.000012,0.999991,0.999667,1.000093,-41.885918,0.000000,5.062816,11.475164,3.320027,13.219141,19.315336,-37.448591,288.383297,447.800150,209.391350,467.503357,6.717002,286.592096,294.652499,141.504847,562.436988,245.394482,221.661074,276.382253,200.614467,124.488442,251.663684,184.493662,253.902685,8.239523,988.742731,2.149441,164.790455,75.230425,157.625653,78.812826,137.026846,28.927890,26.868009,92.246831,102.994034,75.767785,-82.574348,42.272334,15.225205,67.617823,24.718568,24.091648,4.119761,223.900075
8.960000,1.051666,59.997760,-6.812541,1.058863,59.997962,-4.659035,1.043303,59.997754,-7.274984,1.018833,59.997196,-8.216477,1.018691,59.996737,-7.357831,1.020505,59.996609,-6.790339,1.011023,59.996817,-8.652730,1.010020,59.996887,-9.063521,1.034057,59.997306,-8.540639,1.029018,59.996482,-4.611074,1.025118,59.996530,-5.352449,1.015102,59.996598,-5.319663,1.027062,59.996661,-5.195114,1.025924,59.997098,-6.549024,1.030595,59.997872,-6.650542,1.045295,59.998101,-5.314170,1.047486,59.997773,-6.256710,1.044850,59.997793,-7.018588,1.057970,59.999425,-0.881152,0.998296,60.000124,-1.809396,1.045259,59.997914,-3.207123,1.060260,59.997579,0.694562,1.055713,59.997580,0.524099,1.050284,59.998083,-5.208227,1.065926,59.997535,-3.490845,1.065202,59.996362,-4.761408,1.052268,59.997099,-6.455674,1.062647,59.994202,-1.892988,1.060876,59.993305,0.464647,1.054495,59.998799,-2.354022,0.983854,59.994888,0.050609,0.986088,59.995315,2.370084,0.999653,59.999795,3.714961,1.014930,60.000749,2.723200,1.054612,59.997227,5.070694,1.068500,59.996940,7.462784,1.031394,59.997600,2.533813,1.031799,59.991182,6.553830,1.030068,59.997585,-8.121145,0.999968,0.999824,0.999874,1.000033,1.000042,0.999988,0.999719,1.000055,-41.818140,0.000000,5.085708,11.566036,3.412472,13.295391,19.263429,-37.335855,288.383297,447.800150,209.391350,467.503357,6.717002,286.592096,294.652499,141.504847,562.436988,245.394482,221.661074,276.382253,200.614467,124.488442,251.663684,184.493662,253.902685,8.239523,988.742731,2.149441,164.790455,75.230425,157.625653,78.812826,137.026846,28.927890,26.868009,92.246831,102.994034,75.767785,-82.574348,42.272334,15.225205,67.617823,24.718568,24.091648,4.119761,223.900075
8.980000,1.051764,59.997609,-6.805666,1.059052,59.997865,-4.650456,1.043524,59.997916,-7.266735,1.019064,59.997521,-8.211516,1.018916,59.997115,-7.355940,1.020731,59.997012,-6.789262,1.011242,59.997161,-8.650422,1.010233,59.997206,-9.060819,1.034170,59.997329,-8.536252,1.029250,59.996946,-4.610636,1.025349,59.996973,-5.351760,1.015339,59.997043,-5.318472,1.027296,59.997107,-5.193467,1.026160,59.997503,-6.544411,1.030839,59.998316,-6.640174,1.045540,59.998578,-5.301998,1.047740,59.998183,-6.247207,1.045092,59.998105,-7.009382,1.058169,60.000115,-0.858470,0.998462,60.000893,-1.781321,1.045522,59.998414,-3.196197,1.060533,59.998125,0.703283,1.055988,59.998121,0.532802,1.050534,59.998560,-5.196184,1.066130,59.997589,-3.484664,1.065533,59.996942,-4.761313,1.052569,59.997587,-6.450676,1.063097,59.995334,-1.905972,1.061350,59.994645,0.446134,1.054617,59.998169,-2.341810,0.984073,59.995589,0.040623,0.986295,59.995980,2.363017,0.999835,60.000571,3.740700,1.015068,60.001671,2.756476,1.054880,59.997832,5.077143,1.068786,59.997553,7.467203,1.031568,59.997597,2.540209,1.032289,59.993000,6.522171,1.030110,59.997408,-8.115648,0.999964,0.999848,0.999892,1.000049,1.000069,0.999985,0.999774,1.000015,-41.761992,0.000000,5.106119,11.654650,3.507330,13.360494,19.224850,-37.249861,288.383297,447.800150,209.391350,467.503357,6.717002,286.592096,294.652499,141.504847,562.436988,245.394482,221.661074,276.382253,200.614467,124.488442,251.663684,184.493662,253.902685,8.239523,988.742731,2.149441,164.790455,75.230425,157.625653,78.812826,137.026846,28.927890,26.868009,92.246831,102.994034,75.767785,-82.574348,42.272334,15.225205,67.617823,24.718568,24.091648,4.119761,223.900075
9.000000,1.051844,59.997453,-6.804396,1.059207,59.997756,-4.647128,1.043706,59.998063,-7.261885,1.019256,59.997838,-8.208749,1.019105,59.997492,-7.355827,1.020921,59.997414,-6.789778,1.011425,59.997503,-8.650139,1.010412,59.997523,-9.060325,1.034266,59.997351,-8.536200,1.029444,59.997411,-4.611347,1.025542,59.997416,-5.352372,1.015538,59.997486,-5.318582,1.027491,59.997551,-5.193111,1.026355,59.997897,-6.541428,1.031038,59.998733,-6.631222,1.045739,59.999023,-5.291029,1.047948,59.998569,-6.239352,1.045290,59.998395,-7.002524,1.058329,60.000741,-0.835604,0.998594,60.001582,-1.752561,1.045735,59.998883,-3.186303,1.060754,59.998644,0.711321,1.056213,59.998633,0.540779,1.050737,59.999005,-5.185345,1.066304,59.997632,-3.482642,1.065807,59.997516,-4.761557,1.052817,59.998061,-6.446722,1.063468,59.996480,-1.915230,1.061742,59.996007,0.432885,1.054719,59.997525,-2.338703,0.984263,59.996309,0.031282,0.986472,59.996659,2.356305,0.999986,60.001272,3.767195,1.015176,60.002496,2.791460,1.055098,59.998410,5.083335,1.069021,59.998144,7.471441,1.031722,59.997582,2.542031,1.032697,59.994860,6.499309,1.030148,59.997232,-8.115917,0.999959,0.999873,0.999910,1.000063,1.000093,0.999980,0.999831,0.999974,-41.718222,0.000000,5.123745,11.739390,3.602805,13.413363,19.199982,-37.191923,288.383297,447.800150,209.391350,467.503357,6.717002,286.592096,294.652499,141.504847,562.436988,245.394482,221.661074,276.382253,200.614467,124.488442,251.663684,184.493662,253.902685,8.239523,988.742731,2.149441,164.790455,75.230425,157.625653,78.812826,137.026846,28.927890,26.868009,92.246831,102.994034,75.767785,-82.574348,42.272334,15.225205,67.617823,24.718568,24.091648,4.119761,223.900075
9.020000,1.051908,59.997297,-6.808656,1.059327,59.997641,-4.649017,1.043848,59.998197,-7.260442,1.019407,59.998144,-8.208152,1.019255,59.997863,-7.357427,1.021072,59.997813,-6.791816,1.011570,59.997840,-8.651816,1.010554,59.997835,-9.061973,1.034344,59.997373,-8.540393,1.029599,59.997870,-4.613137,1.025696,59.997855,-5.354215,1.015696,59.997923,-5.319931,1.027646,59.997987,-5.193994,1.026509,59.998278,-6.540066,1.031190,59.999122,-6.623793,1.045889,59.999433,-5.281415,1.048107,59.998930,-6.233233,1.045443,59.998665,-6.998071,1.058449,60.001297,-0.812947,0.998690,60.002186,-1.723624,1.045897,59.999319,-3.177582,1.060923,59.999131,0.718550,1.056385,59.999115,0.547907,1.050890,59.999416,-5.175858,1.066449,59.997669,-3.484739,1.066022,59.998082,-4.762107,1.053009,59.998517,-6.443836,1.063756,59.997626,-1.920630,1.062046,59.997375,0.425076,1.054798,59.996887,-2.344618,0.984420,59.997040,0.022779,0.986616,59.997343,2.350109,1.000105,60.001891,3.793969,1.015255,60.003216,2.827512,1.055263,59.998959,5.089159,1.069203,59.998708,7.475413,1.031853,59.997561,2.539310,1.033017,59.996735,6.485518,1.030179,59.997059,-8.121844,0.999955,0.999899,0.999929,1.000076,1.000115,0.999976,0.999890,0.999933,-41.687401,0.000000,5.138345,11.818751,3.697145,13.453171,19.188997,-37.162784,288.383297,447.800150,209.391350,467.503357,6.717002,286.592096,294.652499,141.504847,562.436988,245.394482,221.661074,276.382253,200.614467,124.488442,251.663684,184.493662,253.902685,8.239523,988.742731,2.149441,164.790455,75.230425,157.625653,78.812826,137.026846,28.927890,26.868009,92.246831,102.994034,75.767785,-82.574348,42.272334,15.225205,67.617823,24.718568,24.091648,4.119761,223.900075
9.040000,1.051954,59.997143,-6.818310,1.059411,59.997528,-4.656007,1.043948,59.998319,-7.262365,1.019515,59.998438,-8.209683,1.019365,59.998227,-7.360666,1.021184,59.998203,-6.795296,1.011677,59.998170,-8.655375,1.010658,59.998139,-9.065684,1.034402,59.997393,-8.548712,1.029712,59.998320,-4.615936,1.025809,59.998284,-5.357217,1.015812,59.998350,-5.322454,1.027759,59.998413,-5.196061,1.026619,59.998644,-6.540303,1.031295,59.999481,-6.617976,1.045991,59.999807,-5.273290,1.048217,59.999264,-6.228914,1.045548,59.998913,-6.996051,1.058528,60.001780,-0.790889,0.998750,60.002701,-1.695011,1.046007,59.999719,-3.170161,1.061039,59.999584,0.724855,1.056503,59.999563,0.554074,1.050994,59.999789,-5.167858,1.066562,59.997706,-3.490852,1.066175,59.998632,-4.762929,1.053144,59.998953,-6.442035,1.063958,59.998757,-1.922114,1.062260,59.998728,0.422780,1.054856,59.996272,-2.359313,0.984544,59.997772,0.015270,0.986728,59.998026,2.344561,1.000190,60.002427,3.820549,1.015303,60.003827,2.863984,1.055374,59.999475,5.094510,1.069331,59.999242,7.479035,1.031961,59.997540,2.532159,1.033248,59.998599,6.480914,1.030205,59.996889,-8.133284,0.999951,0.999926,0.999949,1.000086,1.000134,0.999971,0.999949,0.999893,-41.669919,0.000000,5.149743,11.891367,3.788672,13.479370,19.191846,-37.162609,288.383297,447.800150,209.391350,467.503357,6.717002,286.592096,294.652499,141.504847,562.436988,245.394482,221.661074,276.382253,200.614467,124.488442,251.663684,184.493662,253.902685,8.239523,988.742731,2.149441,164.790455,75.230425,157.625653,78.812826,137.026846,28.927890,26.868009,92.246831,102.994034,75.767785,-82.574348,42.272334,15.225205,67.617823,24.718568,24.091648,4.119761,223.900075
9.060000,1.051982,59.996995,-6.833167,1.059458,59.997423,-4.667901,1.044007,59.998433,-7.267568,1.019582,59.998718,-8.213281,1.019434,59.998578,-7.365464,1.021255,59.998583,-6.800137,1.011745,59.998489,-8.660731,1.010724,59.998433,-9.071372,1.034440,59.997413,-8.561008,1.029784,59.998757,-4.619674,1.025880,59.998701,-5.361303,1.015884,59.998763,-5.326085,1.027830,59.998824,-5.199250,1.026684,59.998992,-6.542106,1.031350,59.999807,-6.613845,1.046042,60.000142,-5.266770,1.048276,59.999570,-6.226441,1.045607,59.999141,-6.996457,1.058566,60.002191,-0.769801,0.998773,60.003127,-1.667213,1.046064,60.000082,-3.164150,1.061099,60.000000,0.730134,1.056567,59.999974,0.559179,1.051048,60.000126,-5.161459,1.066643,59.997746,-3.500812,1.066265,59.999163,-4.763997,1.053221,59.999365,-6.441325,1.064072,59.999859,-1.919700,1.062382,60.000049,0.425968,1.054891,59.995697,-2.382390,0.984633,59.998496,0.008878,0.986804,59.998700,2.339770,1.000242,60.002876,3.846474,1.015320,60.004328,2.900238,1.055432,59.999954,5.099289,1.069405,59.999742,7.482229,1.032045,59.997528,2.520767,1.033386,60.000425,6.485451,1.030224,59.996724,-8.150049,0.999947,0.999954,0.999968,1.000093,1.000149,0.999966,1.000007,0.999856,-41.665974,0.000000,5.157828,11.956036,3.875811,13.491694,19.208268,-37.190990,288.383297,447.800150,209.391350,467.503357,6.717002,286.592096,294.652499,141.504847,562.436988,245.394482,221.661074,276.382253,200.614467,124.488442,251.663684,184.493662,253.902685,8.239523,988.742731,2.149441,164.790455,75.230425,157.625653,78.812826,137.026846,28.927890,26.868009,92.246831,102.994034,75.767785,-82.574348,42.272334,15.225205,67.617823,24.718568,24.091648,4.119761,223.900075
9.080000,1.051992,59.996857,-6.852988,1.059469,59.997333,-4.684431,1.044024,59.998541,-7.275923,1.019604,59.998984,-8.218866,1.019462,59.998915,-7.371737,1.021284,59.998947,-6.806254,1.011773,59.998794,-8.667791,1.010751,59.998715,-9.078939,1.034459,59.997431,-8.577111,1.029814,59.999177,-4.624283,1.025909,59.999102,-5.366401,1.015913,59.999159,-5.330757,1.027857,59.999216,-5.203502,1.026706,59.999320,-6.545434,1.031357,60.000101,-6.611453,1.046044,60.000439,-5.261950,1.048284,59.999847,-6.225834,1.045618,59.999349,-6.999254,1.058562,60.002526,-0.750038,0.998761,60.003462,-1.640700,1.046068,60.000406,-3.159641,1.061106,60.000378,0.734297,1.056576,60.000348,0.563136,1.051051,60.000423,-5.156754,1.066690,59.997793,-3.514395,1.066292,59.999670,-4.765286,1.053240,59.999751,-6.441704,1.064098,60.000918,-1.913480,1.062411,60.001320,0.434514,1.054904,59.995178,-2.413304,0.984687,59.999203,0.003685,0.986845,59.999356,2.335815,1.000258,60.003239,3.871305,1.015306,60.004716,2.935649,1.055435,60.000395,5.103406,1.069423,60.000206,7.484923,1.032103,59.997528,2.505400,1.033430,60.002188,6.498924,1.030237,59.996565,-8.171914,0.999943,0.999981,0.999988,1.000099,1.000161,0.999962,1.000064,0.999820,-41.675574,0.000000,5.162558,12.011740,3.957121,13.490158,19.237798,-37.246957,288.383297,447.800150,209.391350,467.503357,6.717002,286.592096,294.652499,141.504847,562.436988,245.394482,221.661074,276.382253,200.614467,124.488442,251.663684,184.493662,253.902685,8.239523,988.742731,2.149441,164.790455,75.230425,157.625653,78.812826,137.026846,28.927890,26.868009,92.246831,102.994034,75.767785,-82.574348,42.272334,15.225205,67.617823,24.718568,24.091648,4.119761,223.900075
9.100000,1.051984,59.996732,-6.877483,1.059444,59.997263,-4.705259,1.043999,59.998644,-7.287258,1.019584,59.999234,-8.226344,1.019450,59.999235,-7.379395,1.021273,59.999293,-6.813565,1.011761,59.999083,-8.676460,1.010740,59.998981,-9.088284,1.034458,59.997448,-8.596825,1.029802,59.999576,-4.629697,1.025897,59.999482,-5.372439,1.015899,59.999535,-5.336404,1.027842,59.999588,-5.208756,1.026682,59.999627,-6.550232,1.031315,60.000361,-6.610835,1.045997,60.000697,-5.258906,1.048242,60.000097,-6.227091,1.045581,59.999538,-7.004376,1.058518,60.002788,-0.731925,0.998714,60.003708,-1.615912,1.046021,60.000691,-3.156708,1.061059,60.000717,0.737271,1.056531,60.000683,0.565874,1.051005,60.000682,-5.153817,1.066704,59.997852,-3.531320,1.066256,60.000150,-4.766781,1.053201,60.000110,-6.443161,1.064036,60.001921,-1.903618,1.062349,60.002526,0.448191,1.054895,59.994730,-2.451379,0.984705,59.999884,-0.000265,0.986850,59.999988,2.332745,1.000241,60.003516,3.894626,1.015263,60.004994,2.969621,1.055386,60.000796,5.106780,1.069387,60.000632,7.487052,1.032134,59.997549,2.486387,1.033383,60.003864,6.520977,1.030244,59.996414,-8.198623,0.999939,1.000008,1.000007,1.000102,1.000170,0.999957,1.000119,0.999789,-41.698536,0.000000,5.163955,12.057658,4.031315,13.475061,19.279775,-37.329008,288.383297,447.800150,209.391350,467.503357,6.717002,286.592096,294.652499,141.504847,562.436988,245.394482,221.661074,276.382253,200.614467,124.488442,251.663684,184.493662,253.902685,8.239523,988.742731,2.149441,164.790455,75.230425,157.625653,78.812826,137.026846,28.927890,26.868009,92.246831,102.994034,75.767785,-82.574348,42.272334,15.225205,67.617823,24.718568,24.091648,4.119761,223.900075
9.120000,1.051958,59.996622,-6.906320,1.059384,59.997218,-4.729987,1.043933,59.998746,-7.301366,1.019522,59.999467,-8.235605,1.019397,59.999534,-7.388348,1.021222,59.999618,-6.821985,1.011711,59.999354,-8.686637,1.010690,59.999229,-9.099297,1.034437,59.997463,-8.619935,1.029748,59.999950,-4.635857,1.025843,59.999839,-5.379350,1.015842,59.999886,-5.342961,1.027784,59.999935,-5.214949,1.026616,59.999909,-6.556439,1.031227,60.000587,-6.612005,1.045903,60.000916,-5.257686,1.048152,60.000318,-6.230189,1.045499,59.999709,-7.011728,1.058435,60.002978,-0.715758,0.998632,60.003867,-1.593254,1.045923,60.000938,-3.155403,1.060959,60.001016,0.738996,1.056434,60.000978,0.567337,1.050910,60.000902,-5.152697,1.066685,59.997927,-3.551261,1.066158,60.000598,-4.768469,1.053106,60.000439,-6.445676,1.063890,60.002855,-1.890346,1.062197,60.003651,0.466685,1.054866,59.994365,-2.495820,0.984688,60.000531,-0.002967,0.986821,60.000589,2.330579,1.000191,60.003710,3.916060,1.015191,60.005164,3.001597,1.055285,60.001154,5.109342,1.069298,60.001018,7.488560,1.032140,59.997593,2.464120,1.033244,60.005430,6.551109,1.030244,59.996272,-8.229887,0.999936,1.000034,1.000026,1.000103,1.000176,0.999954,1.000170,0.999762,-41.734489,0.000000,5.162106,12.093183,4.097285,13.446969,19.333363,-37.435146,288.383297,447.800150,209.391350,467.503357,6.717002,286.592096,294.652499,141.504847,562.436988,245.394482,221.661074,276.382253,200.614467,124.488442,251.663684,184.493662,253.902685,8.239523,988.742731,2.149441,164.790455,75.230425,157.625653,78.812826,137.026846,28.927890,26.868009,92.246831,102.994034,75.767785,-82.574348,42.272334,15.225205,67.617823,24.718568,24.091648,4.119761,223.900075
9.140000,1.051915,59.996530,-6.939129,1.059290,59.997204,-4.758162,1.043828,59.998847,-7.318005,1.019419,59.999682,-8.246527,1.019304,59.999812,-7.398503,1.021131,59.999919,-6.831432,1.011622,59.999603,-8.698218,1.010603,59.999459,-9.111864,1.034396,59.997476,-8.646206,1.029654,60.000296,-4.642706,1.025750,60.000170,-5.387069,1.015744,60.000211,-5.350365,1.027686,60.000256,-5.222021,1.026508,60.000166,-6.563984,1.031094,60.000779,-6.614958,1.045762,60.001097,-5.258317,1.048014,60.000511,-6.235080,1.045372,59.999862,-7.021187,1.058314,60.003099,-0.701795,0.998518,60.003943,-1.573085,1.045776,60.001146,-3.155754,1.060810,60.001274,0.739433,1.056287,60.001234,0.567489,1.050769,60.001085,-5.153418,1.066632,59.998019,-3.573849,1.066000,60.001012,-4.770342,1.052955,60.000737,-6.449220,1.063661,60.003710,-1.873959,1.061959,60.004681,0.489598,1.054816,59.994094,-2.545730,0.984637,60.001136,-0.004456,0.986757,60.001150,2.329305,1.000108,60.003824,3.935268,1.015090,60.005230,3.031066,1.055134,60.001470,5.111033,1.069157,60.001363,7.489400,1.032118,59.997667,2.439042,1.033018,60.006867,6.588689,1.030238,59.996140,-8.265389,0.999932,1.000058,1.000043,1.000103,1.000178,0.999952,1.000218,0.999739,-41.782882,0.000000,5.157157,12.117923,4.154116,13.406701,19.397562,-37.562921,288.383297,447.800150,209.391350,467.503357,6.717002,286.592096,294.652499,141.504847,562.436988,245.394482,221.661074,276.382253,200.614467,124.488442,251.663684,184.493662,253.902685,8.239523,988.742731,2.149441,164.790455,75.230425,157.625653,78.812826,137.026846,28.927890,26.868009,92.246831,102.994034,75.767785,-82.574348,42.272334,15.225205,67.617823,24.718568,24.091648,4.119761,223.900075
9.160000,1.051856,59.996458,-6.975509,1.059163,59.997223,-4.789288,1.043685,59.998950,-7.336904,1.019277,59.999879,-8.258976,1.019175,60.000065,-7.409764,1.021002,60.000193,-6.841824,1.011497,59.999831,-8.711096,1.010481,59.999667,-9.125869,1.034338,59.997487,-8.675387,1.029521,60.000612,-4.650193,1.025618,60.000471,-5.395533,1.015606,60.000507,-5.358556,1.027548,60.000547,-5.229913,1.026359,60.000398,-6.572789,1.030918,60.000940,-6.619666,1.045579,60.001243,-5.260800,1.047832,60.000677,-6.241697,1.045204,60.000000,-7.032607,1.058157,60.003155,-0.690253,0.998373,60.003941,-1.555719,1.045584,60.001317,-3.157770,1.060612,60.001494,0.738559,1.056091,60.001451,0.566312,1.050584,60.001232,-5.155981,1.066548,59.998131,-3.598680,1.065786,60.001389,-4.772396,1.052753,60.001004,-6.453754,1.063353,60.004477,-1.854802,1.061638,60.005604,0.516458,1.054746,59.993926,-2.600128,0.984552,60.001692,-0.004802,0.986660,60.001668,2.328883,0.999995,60.003863,3.951959,1.014964,60.005198,3.057571,1.054936,60.001743,5.111811,1.068968,60.001665,7.489537,1.032071,59.997772,2.411638,1.032708,60.008157,6.632965,1.030226,59.996019,-8.304789,0.999929,1.000081,1.000060,1.000100,1.000178,0.999950,1.000261,0.999722,-41.842995,0.000000,5.149310,12.131708,4.201101,13.355310,19.471236,-37.709487,288.383297,447.800150,209.391350,467.503357,6.717002,286.592096,294.652499,141.504847,562.436988,245.394482,221.661074,276.382253,200.614467,124.488442,251.663684,184.493662,253.902685,8.239523,988.742731,2.149441,164.790455,75.230425,157.625653,78.812826,137.026846,28.927890,26.868009,92.246831,102.994034,75.767785,-82.574348,42.272334,15.225205,67.617823,24.718568,24.091648,4.119761,223.900075
9.180000,1.051780,59.996408,-7.015029,1.059006,59.997279,-4.822831,1.043507,59.999056,-7.357767,1.019099,60.000058,-8.272807,1.019009,60.000292,-7.422038,1.020838,60.000440,-6.853083,1.011338,60.000034,-8.725163,1.010325,59.999854,-9.141190,1.034262,59.997496,-8.707215,1.029352,60.000895,-4.658270,1.025449,60.000741,-5.404684,1.015430,60.000772,-5.367473,1.027373,60.000807,-5.238566,1.026173,60.000602,-6.582766,1.030702,60.001068,-6.626081,1.045355,60.001354,-5.265111,1.047609,60.000818,-6.249948,1.044996,60.000124,-7.045817,1.057967,60.003150,-0.681305,0.998200,60.003867,-1.541413,1.045348,60.001453,-3.161435,1.060371,60.001674,0.736371,1.055851,60.001630,0.563806,1.050358,60.001345,-5.160360,1.066433,59.998265,-3.625323,1.065518,60.001727,-4.774628,1.052502,60.001239,-6.459229,1.062974,60.005148,-1.833268,1.061242,60.006412,0.546732,1.054659,59.993866,-2.657970,0.984434,60.002193,-0.004109,0.986531,60.002135,2.329246,0.999853,60.003831,3.965889,1.014813,60.005076,3.080719,1.054695,60.001974,5.111644,1.068733,60.001926,7.488946,1.031999,59.997911,2.382426,1.032320,60.009284,6.683086,1.030208,59.995911,-8.347723,0.999926,1.000102,1.000075,1.000096,1.000174,0.999950,1.000300,0.999711,-41.913949,0.000000,5.138818,12.134590,4.237746,13.294058,19.553131,-37.871667,288.383297,447.800150,209.391350,467.503357,6.717002,286.592096,294.652499,141.504847,562.436988,245.394482,221.661074,276.382253,200.614467,124.488442,251.663684,184.493662,253.902685,8.239523,988.742731,2.149441,164.790455,75.230425,157.625653,78.812826,137.026846,28.927890,26.868009,92.246831,102.994034,75.767785,-82.574348,42.272334,15.225205,67.617823,24.718568,24.091648,4.119761,223.900075
9.200000,1.051690,59.996381,-7.057236,1.058821,59.997372,-4.858232,1.043295,59.999167,-7.380276,1.018886,60.000218,-8.287867,1.018811,60.000492,-7.435227,1.020642,60.000657,-6.865130,1.011147,60.000212,-8.740309,1.010139,60.000017,-9.157704,1.034169,59.997504,-8.741412,1.029149,60.001144,-4.666893,1.025247,60.000979,-5.414467,1.015220,60.001004,-5.377061,1.027165,60.001034,-5.247921,1.025952,60.000780,-6.593824,1.030450,60.001167,-6.634133,1.045094,60.001432,-5.271199,1.047347,60.000935,-6.259724,1.044752,60.000235,-7.060625,1.057748,60.003089,-0.675076,0.998000,60.003728,-1.530367,1.045074,60.001554,-3.166709,1.060089,60.001818,0.732884,1.055571,60.001772,0.559992,1.050094,60.001425,-5.166504,1.066290,59.998422,-3.653329,1.065202,60.002025,-4.777038,1.052207,60.001442,-6.465587,1.062527,60.005718,-1.809787,1.060775,60.007095,0.579835,1.054556,59.993919,-2.718168,0.984287,60.002633,-0.002510,0.986373,60.002548,2.330300,0.999684,60.003736,3.976872,1.014641,60.004872,3.100186,1.054414,60.002162,5.110518,1.068456,60.002145,7.487615,1.031902,59.998086,2.351946,1.031862,60.010238,6.738118,1.030185,59.995815,-8.393812,0.999923,1.000120,1.000088,1.000090,1.000168,0.999950,1.000333,0.999705,-41.994724,0.000000,5.125977,12.126834,4.263778,13.224382,19.641900,-38.046013,288.383297,447.800150,209.391350,467.503357,6.717002,286.592096,294.652499,141.504847,562.436988,245.394482,221.661074,276.382253,200.614467,124.488442,251.663684,184.493662,253.902685,8.239523,988.742731,2.149441,164.790455,75.230425,157.625653,78.812826,137.026846,28.927890,26.868009,92.246831,102.994034,75.767785,-82.574348,42.272334,15.225205,67.617823,24.718568,24.091648,4.119761,223.900075
9.220000,1.051586,59.996377,-7.101663,1.058611,59.997505,-4.894915,1.043055,59.999282,-7.404099,1.018643,60.000358,-8.303995,1.018583,60.000664,-7.449235,1.020415,60.000842,-6.877889,1.010927,60.000364,-8.756422,1.009923,60.000156,-9.175284,1.034062,59.997511,-8.777692,1.028915,60.001356,-4.676022,1.025015,60.001181,-5.424828,1.014979,60.001202,-5.387263,1.026925,60.001228,-5.257921,1.025700,60.000929,-6.605860,1.030165,60.001238,-6.643733,1.044801,60.001481,-5.278990,1.047052,60.001030,-6.270893,1.044475,60.000334,-7.076820,1.057501,60.002979,-0.671642,0.997779,60.003531,-1.522719,1.044764,60.001624,-3.173530,1.059770,60.001925,0.728133,1.055253,60.001879,0.554908,1.049797,60.001476,-5.174338,1.066119,59.998602,-3.682233,1.064841,60.002281,-4.779625,1.051871,60.001613,-6.472758,1.062022,60.006181,-1.784813,1.060246,60.007649,0.615146,1.054437,59.994084,-2.779612,0.984112,60.003008,-0.000166,0.986188,60.002902,2.331931,0.999492,60.003584,3.984777,1.014449,60.004596,3.115721,1.054097,60.002310,5.108434,1.068141,60.002323,7.485544,1.031782,59.998296,2.320751,1.031339,60.011008,6.797060,1.030156,59.995733,-8.442660,0.999920,1.000136,1.000100,1.000084,1.000160,0.999953,1.000360,0.999706,-42.084175,0.000000,5.111123,12.108909,4.279144,13.147869,19.736131,-38.228886,288.383297,447.800150,209.391350,467.503357,6.717002,286.592096,294.652499,141.504847,562.436988,245.394482,221.661074,276.382253,200.614467,124.488442,251.663684,184.493662,253.902685,8.239523,988.742731,2.149441,164.790455,75.230425,157.625653,78.812826,137.026846,28.927890,26.868009,92.246831,102.994034,75.767785,-82.574348,42.272334,15.225205,67.617823,24.718568,24.091648,4.119761,223.900075
9.240000,1.051470,59.996399,-7.147831,1.058379,59.997677,-4.932295,1.042788,59.999404,-7.428890,1.018373,60.000480,-8.321024,1.018329,60.000807,-7.463966,1.020162,60.000996,-6.891284,1.010681,60.000490,-8.773389,1.009683,60.000271,-9.193800,1.033941,59.997516,-8.815758,1.028655,60.001531,-4.685619,1.024756,60.001349,-5.435718,1.014710,60.001365,-5.398026,1.026658,60.001388,-5.268507,1.025420,60.001052,-6.618769,1.029851,60.001283,-6.654770,1.044479,60.001503,-5.288381,1.046727,60.001103,-6.283307,1.044170,60.000423,-7.094177,1.057232,60.002826,-0.671029,0.997537,60.003285,-1.518545,1.044424,60.001664,-3.181812,1.059421,60.001999,0.722175,1.054904,60.001952,0.548614,1.049472,60.001499,-5.183761,1.065924,59.998804,-3.711571,1.064442,60.002495,-4.782385,1.051501,60.001754,-6.480663,1.061465,60.006536,-1.758818,1.059664,60.008070,0.652019,1.054305,59.994362,-2.841188,0.983911,60.003314,0.002739,0.985979,60.003194,2.334006,0.999280,60.003382,3.989531,1.014240,60.004257,3.127150,1.053750,60.002418,5.105406,1.067793,60.002461,7.482744,1.031640,59.998540,2.289395,1.030762,60.011589,6.858868,1.030122,59.995666,-8.493858,0.999918,1.000150,1.000110,1.000076,1.000149,0.999956,1.000381,0.999713,-42.181050,0.000000,5.094622,12.081478,4.284003,13.066217,19.834371,-38.416526,288.383297,447.800150,209.391350,467.503357,6.717002,286.592096,294.652499,141.504847,562.436988,245.394482,221.661074,276.382253,200.614467,124.488442,251.663684,184.493662,253.902685,8.239523,988.742731,2.149441,164.790455,75.230425,157.625653,78.812826,137.026846,28.927890,26.868009,92.246831,102.994034,75.767785,-82.574348,42.272334,15.225205,67.617823,24.718568,24.091648,4.119761,223.900075
9.260000,1.051343,59.996445,-7.195258,1.058128,59.997886,-4.969792,1.042500,59.999532,-7.454302,1.018080,60.000584,-8.338782,1.018052,60.000921,-7.479320,1.019886,60.001117,-6.905240,1.010414,60.000589,-8.791095,1.009422,60.000361,-9.213121,1.033809,59.997521,-8.855311,1.028371,60.001668,-4.695649,1.024473,60.001480,-5.447086,1.014416,60.001493,-5.409293,1.026368,60.001513,-5.279621,1.025116,60.001148,-6.632439,1.029514,60.001304,-6.667115,1.044134,60.001500,-5.299251,1.046377,60.001157,-6.296802,1.043841,60.000503,-7.112457,1.056943,60.002636,-0.673211,0.997280,60.002998,-1.517856,1.044059,60.001678,-3.191447,1.059044,60.002041,0.715080,1.054528,60.001995,0.541188,1.049122,60.001498,-5.194648,1.065708,59.999027,-3.740879,1.064011,60.002668,-4.785312,1.051102,60.001864,-6.489214,1.060866,60.006783,-1.732278,1.059037,60.008357,0.689796,1.054162,59.994747,-2.901802,0.983689,60.003549,0.006007,0.985749,60.003423,2.336377,0.999049,60.003139,3.991120,1.014017,60.003866,3.134377,1.053377,60.002489,5.101465,1.067417,60.002560,7.479240,1.031479,59.998817,2.258421,1.030139,60.011977,6.922473,1.030084,59.995615,-8.546991,0.999916,1.000160,1.000118,1.000067,1.000136,0.999961,1.000395,0.999725,-42.284013,0.000000,5.076862,12.045375,4.278723,12.981199,19.935153,-38.605128,288.383297,447.800150,209.391350,467.503357,6.717002,286.592096,294.652499,141.504847,562.436988,245.394482,221.661074,276.382253,200.614467,124.488442,251.663684,184.493662,253.902685,8.239523,988.742731,2.149441,164.790455,75.230425,157.625653,78.812826,137.026846,28.927890,26.868009,92.246831,102.994034,75.767785,-82.574348,42.272334,15.225205,67.617823,24.718568,24.091648,4.119761,223.900075
9.280000,1.051207,59.996515,-7.243460,1.057862,59.998130,-5.006838,1.042193,59.999665,-7.479982,1.017768,60.000668,-8.357094,1.017757,60.001005,-7.495201,1.019591,60.001206,-6.919683,1.010128,60.000661,-8.809423,1.009142,60.000428,-9.233113,1.033667,59.997526,-8.896043,1.028068,60.001768,-4.706075,1.024172,60.001576,-5.458882,1.014104,60.001586,-5.421010,1.026058,60.001604,-5.291204,1.024794,60.001218,-6.646751,1.029158,60.001303,-6.680623,1.043769,60.001476,-5.311453,1.046007,60.001194,-6.311199,1.043494,60.000575,-7.131414,1.056640,60.002416,-0.678116,0.997010,60.002678,-1.520601,1.043673,60.001667,-3.202309,1.058647,60.002053,0.706941,1.054131,60.002009,0.532724,1.048753,60.001476,-5.206854,1.065474,59.999270,-3.769707,1.063555,60.002799,-4.788399,1.050679,60.001946,-6.498310,1.060234,60.006920,-1.705669,1.058375,60.008510,0.727821,1.054009,59.995233,-2.960398,0.983449,60.003711,0.009425,0.985501,60.003586,2.338885,0.998805,60.002862,3.989588,1.013784,60.003435,3.137386,1.052983,60.002524,5.096658,1.067018,60.002623,7.475070,1.031301,59.999122,2.228357,1.029480,60.012175,6.986799,1.030043,59.995580,-8.601636,0.999914,1.000167,1.000124,1.000058,1.000122,0.999967,1.000403,0.999743,-42.391664,0.000000,5.058249,12.001593,4.263864,12.894629,20.037019,-38.790921,288.383297,447.800150,209.391350,467.503357,6.717002,286.592096,294.652499,141.504847,562.436988,245.394482,221.661074,276.382253,200.614467,124.488442,251.663684,184.493662,253.902685,8.239523,988.742731,2.149441,164.790455,75.230425,157.625653,78.812826,137.026846,28.927890,26.868009,92.246831,102.994034,75.767785,-82.574348,42.272334,15.225205,67.617823,24.718568,24.091648,4.119761,223.900075
9.300000,1.051064,59.996607,-7.291962,1.057585,59.998407,-5.042885,1.041873,59.999803,-7.505588,1.017441,60.000735,-8.375785,1.017447,60.001061,-7.511508,1.019282,60.001263,-6.934536,1.009828,60.000707,-8.828256,1.008849,60.000470,-9.253643,1.033517,59.997531,-8.937646,1.027750,60.001829,-4.716862,1.023856,60.001636,-5.471058,1.013776,60.001644,-5.433123,1.025734,60.001660,-5.303195,1.024458,60.001262,-6.661584,1.028788,60.001283,-6.695130,1.043391,60.001433,-5.324823,1.045623,60.001216,-6.326308,1.043132,60.000639,-7.150794,1.056325,60.002172,-0.685620,0.996731,60.002335,-1.526667,1.043273,60.001635,-3.214252,1.058235,60.002039,0.697863,1.053718,60.001996,0.523334,1.048370,60.001435,-5.220215,1.065225,59.999528,-3.797622,1.063079,60.002889,-4.791631,1.050239,60.002001,-6.507848,1.059579,60.006952,-1.679452,1.057690,60.008532,0.765450,1.053849,59.995812,-3.015979,0.983193,60.003800,0.012776,0.985239,60.003683,2.341365,0.998549,60.002560,3.985036,1.013543,60.002973,3.136239,1.052575,60.002526,5.091044,1.066603,60.002650,7.470281,1.031108,59.999453,2.199700,1.028795,60.012183,7.050786,1.029998,59.995561,-8.657368,0.999912,1.000172,1.000127,1.000048,1.000107,0.999974,1.000405,0.999767,-42.502562,0.000000,5.039195,11.951253,4.240165,12.808320,20.138544,-38.970241,288.383297,447.800150,209.391350,467.503357,6.717002,286.592096,294.652499,141.504847,562.436988,245.394482,221.661074,276.382253,200.614467,124.488442,251.663684,184.493662,253.902685,8.239523,988.742731,2.149441,164.790455,75.230425,157.625653,78.812826,137.026846,28.927890,26.868009,92.246831,102.994034,75.767785,-82.574348,42.272334,15.225205,67.617823,24.718568,24.091648,4.119761,223.900075
9.320000,1.050916,59.996722,-7.340302,1.057301,59.998711,-5.077418,1.041544,59.999945,-7.530785,1.017105,60.000784,-8.394679,1.017127,60.001089,-7.528143,1.018963,60.001288,-6.949725,1.009519,60.000727,-8.847474,1.008547,60.000489,-9.274573,1.033362,59.997537,-8.979812,1.027422,60.001854,-4.727975,1.023529,60.001661,-5.483562,1.013438,60.001668,-5.445574,1.025400,60.001684,-5.315532,1.024111,60.001281,-6.676814,1.028409,60.001246,-6.710464,1.043005,60.001374,-5.339178,1.045230,60.001222,-6.341932,1.042762,60.000697,-7.170343,1.056004,60.001912,-0.695556,0.996447,60.001976,-1.535881,1.042864,60.001584,-3.227114,1.057813,60.002000,0.687969,1.053296,60.001960,0.513142,1.047978,60.001378,-5.234548,1.064964,59.999799,-3.824221,1.062592,60.002940,-4.794994,1.049789,60.002029,-6.517714,1.058911,60.006882,-1.654068,1.056991,60.008428,0.802065,1.053684,59.996472,-3.067621,0.982926,60.003817,0.015841,0.984968,60.003715,2.343649,0.998287,60.002240,3.977620,1.013297,60.002492,3.131074,1.052157,60.002496,5.084696,1.066177,60.002643,7.464933,1.030903,59.999802,2.172908,1.028096,60.012009,7.113408,1.029950,59.995559,-8.713762,0.999911,1.000173,1.000129,1.000039,1.000091,0.999981,1.000401,0.999795,-42.615249,0.000000,5.020111,11.895587,4.208525,12.724054,20.238360,-39.139602,288.383297,447.800150,209.391350,467.503357,6.717002,286.592096,294.652499,141.504847,562.436988,245.394482,221.661074,276.382253,200.614467,124.488442,251.663684,184.493662,253.902685,8.239523,988.742731,2.149441,164.790455,75.230425,157.625653,78.812826,137.026846,28.927890,26.868009,92.246831,102.994034,75.767785,-82.574348,42.272334,15.225205,67.617823,24.718568,24.091648,4.119761,223.900075
9.340000,1.050764,59.996856,-7.388031,1.057013,59.999037,-5.109961,1.041211,60.000089,-7.555253,1.016764,60.000815,-8.413604,1.016802,60.001089,-7.545005,1.018638,60.001283,-6.965173,1.009204,60.000723,-8.866958,1.008239,60.000487,-9.295767,1.033203,59.997544,-9.022233,1.027089,60.001843,-4.739374,1.023198,60.001652,-5.496344,1.013095,60.001659,-5.458305,1.025061,60.001674,-5.328150,1.023761,60.001277,-6.692314,1.028027,60.001193,-6.726438,1.042616,60.001301,-5.354322,1.044834,60.001216,-6.357868,1.042388,60.000748,-7.189812,1.055681,60.001642,-0.707717,0.996161,60.001610,-1.548018,1.042452,60.001517,-3.240720,1.057388,60.001939,0.677392,1.052869,60.001902,0.502286,1.047584,60.001307,-5.249658,1.064696,60.000078,-3.849131,1.062101,60.002952,-4.798465,1.049334,60.002033,-6.527791,1.058240,60.006715,-1.629932,1.056288,60.008203,0.837081,1.053517,59.997201,-3.114493,0.982653,60.003763,0.018405,0.984690,60.003683,2.345573,0.998021,60.001909,3.967542,1.013049,60.002003,3.122099,1.051736,60.002437,5.077700,1.065746,60.002606,7.459095,1.030689,60.000166,2.148399,1.027392,60.011661,7.173685,1.029901,59.995574,-8.770397,0.999910,1.000171,1.000128,1.000029,1.000075,0.999990,1.000391,0.999827,-42.728267,0.000000,5.001401,11.835907,4.169980,12.643541,20.335174,-39.295759,288.383297,447.800150,209.391350,467.503357,6.717002,286.592096,294.652499,141.504847,562.436988,245.394482,221.661074,276.382253,200.614467,124.488442,251.663684,184.493662,253.902685,8.239523,988.742731,2.149441,164.790455,75.230425,157.625653,78.812826,137.026846,28.927890,26.868009,92.246831,102.994034,75.767785,-82.574348,42.272334,15.225205,67.617823,24.718568,24.091648,4.119761,223.900075
9.360000,1.050610,59.997007,-7.434724,1.056725,59.999380,-5.140084,1.040878,60.000232,-7.578695,1.016423,60.000829,-8.432390,1.016476,60.001063,-7.561994,1.018312,60.001248,-6.980801,1.008888,60.000696,-8.886588,1.007930,60.000462,-9.317087,1.033043,59.997553,-9.064604,1.026755,60.001797,-4.751019,1.022865,60.001610,-5.509349,1.012751,60.001618,-5.471256,1.024721,60.001634,-5.340984,1.023410,60.001250,-6.707955,1.027646,60.001128,-6.742860,1.042230,60.001217,-5.370050,1.044439,60.001198,-6.373909,1.042015,60.000791,-7.208954,1.055360,60.001367,-0.721856,0.995878,60.001244,-1.562801,1.042042,60.001435,-3.254885,1.056965,60.001858,0.666276,1.052444,60.001824,0.490915,1.047192,60.001224,-5.265340,1.064425,60.000361,-3.872020,1.061612,60.002928,-4.802023,1.048882,60.002012,-6.537961,1.057576,60.006456,-1.607424,1.055594,60.007866,0.869960,1.053348,59.997985,-3.155868,0.982376,60.003642,0.020265,0.984409,60.003589,2.346979,0.997755,60.001574,3.955055,1.012803,60.001514,3.109592,1.051318,60.002352,5.070152,1.065316,60.002539,7.452846,1.030469,60.000536,2.126533,1.026695,60.011150,7.230706,1.029850,59.995606,-8.826856,0.999910,1.000166,1.000126,1.000020,1.000058,1.000000,1.000375,0.999863,-42.840190,0.000000,4.983455,11.773578,4.125679,12.568390,20.427786,-39.435777,288.383297,447.800150,209.391350,467.503357,6.717002,286.592096,294.652499,141.504847,562.436988,245.394482,221.661074,276.382253,200.614467,124.488442,251.663684,184.493662,253.902685,8.239523,988.742731,2.149441,164.790455,75.230425,157.625653,78.812826,137.026846,28.927890,26.868009,92.246831,102.994035,75.767785,-82.574348,42.272334,15.225205,67.617823,24.718568,24.091648,4.119761,223.900075
9.380000,1.050456,59.997173,-7.479983,1.056442,59.999733,-5.167410,1.040549,60.000373,-7.600837,1.016086,60.000825,-8.450878,1.016154,60.001011,-7.579010,1.017990,60.001185,-6.996530,1.008576,60.000645,-8.906243,1.007625,60.000417,-9.338398,1.032885,59.997563,-9.106626,1.026425,60.001718,-4.762867,1.022536,60.001536,-5.522522,1.012411,60.001546,-5.484364,1.024385,60.001564,-5.353966,1.023064,60.001201,-6.723611,1.027273,60.001050,-6.759533,1.041850,60.001124,-5.386147,1.044052,60.001169,-6.389855,1.041648,60.000828,-7.227538,1.055046,60.001093,-0.737696,0.995600,60.000886,-1.579911,1.041639,60.001341,-3.269417,1.056549,60.001760,0.654773,1.052027,60.001729,0.479182,1.046807,60.001133,-5.281381,1.064153,60.000642,-3.892599,1.061133,60.002868,-4.805643,1.048439,60.001969,-6.548104,1.056929,60.006113,-1.586884,1.054917,60.007424,0.900213,1.053180,59.998808,-3.191140,0.982100,60.003455,0.021232,0.984131,60.003437,2.347719,0.997492,60.001243,3.940447,1.012561,60.001037,3.093890,1.050908,60.002242,5.062158,1.064892,60.002445,7.446270,1.030245,60.000907,2.107616,1.026014,60.010488,7.283636,1.029799,59.995655,-8.882732,0.999909,1.000159,1.000121,1.000011,1.000042,1.000010,1.000354,0.999901,-42.949635,0.000000,4.966638,11.709993,4.076861,12.500077,20.515103,-39.557078,288.383297,447.800150,209.391350,467.503357,6.717002,286.592096,294.652499,141.504847,562.436988,245.394482,221.661074,276.382253,200.614467,124.488442,251.663684,184.493662,253.902685,8.239523,988.742731,2.149441,164.790455,75.230425,157.625653,78.812826,137.026846,28.927890,26.868009,92.246831,102.994034,75.767785,-82.574348,42.272334,15.225205,67.617823,24.718568,24.091648,4.119761,223.900075
9.400000,1.050304,59.997351,-7.523436,1.056166,60.000089,-5.191623,1.040229,60.000508,-7.621435,1.015759,60.000805,-8.468912,1.015840,60.000935,-7.595954,1.017676,60.001095,-7.012281,1.008271,60.000573,-8.925804,1.007327,60.000354,-9.359564,1.032729,59.997576,-9.148007,1.026103,60.001608,-4.774871,1.022216,60.001433,-5.535804,1.012079,60.001445,-5.497565,1.024058,60.001466,-5.367026,1.022728,60.001132,-6.739156,1.026911,60.000962,-6.776259,1.041483,60.001023,-5.402398,1.043678,60.001129,-6.405508,1.041293,60.000856,-7.245343,1.054741,60.000825,-0.754932,0.995332,60.000541,-1.598991,1.041249,60.001237,-3.284119,1.056146,60.001645,0.643041,1.051622,60.001618,0.467247,1.046434,60.001033,-5.297565,1.063885,60.000916,-3.910629,1.060670,60.002773,-4.809298,1.048010,60.001904,-6.558104,1.056308,60.005694,-1.568610,1.054267,60.006888,0.927408,1.053015,59.999653,-3.219824,0.981828,60.003208,0.021137,0.983858,60.003228,2.347662,0.997236,60.000920,3.924044,1.012326,60.000577,3.075380,1.050510,60.002111,5.053829,1.064480,60.002326,7.439460,1.030021,60.001270,2.091890,1.025360,60.009689,7.331733,1.029748,59.995720,-8.937628,0.999910,1.000149,1.000115,1.000003,1.000026,1.000020,1.000328,0.999942,-43.055288,0.000000,4.951288,11.646543,4.024825,12.439919,20.596154,-39.657489,288.383297,447.800150,209.391350,467.503357,6.717002,286.592096,294.652499,141.504847,562.436988,245.394482,221.661074,276.382253,200.614467,124.488442,251.663684,184.493662,253.902685,8.239523,988.742731,2.149441,164.790455,75.230425,157.625653,78.812826,137.026846,28.927890,26.868009,92.246831,102.994034,75.767785,-82.574348,42.272334,15.225205,67.617823,24.718568,24.091648,4.119761,223.900075
9.420000,1.050156,59.997538,-7.564747,1.055901,60.000441,-5.212469,1.039921,60.000634,-7.640278,1.015444,60.000768,-8.486348,1.015537,60.000837,-7.612726,1.017374,60.000980,-7.027972,1.007977,60.000482,-8.945153,1.007039,60.000272,-9.380451,1.032578,59.997592,-9.188463,1.025793,60.001468,-4.786981,1.021907,60.001302,-5.549133,1.011761,60.001318,-5.510791,1.023744,60.001341,-5.380093,1.022405,60.001043,-6.754467,1.026564,60.000864,-6.792842,1.041133,60.000915,-5.418587,1.043320,60.001078,-6.420678,1.040953,60.000874,-7.262169,1.054449,60.000566,-0.773241,0.995075,60.000214,-1.619655,1.040876,60.001123,-3.298797,1.055761,60.001516,0.631237,1.051235,60.001494,0.455271,1.046078,60.000926,-5.313678,1.063623,60.001177,-3.925924,1.060229,60.002645,-4.812964,1.047601,60.001817,-6.567850,1.055721,60.005205,-1.552855,1.053654,60.006267,0.951178,1.052855,60.000502,-3.241573,0.981566,60.002907,0.019835,0.983594,60.002969,2.346692,0.996990,60.000612,3.906199,1.012101,60.000144,3.054498,1.050130,60.001960,5.045283,1.064085,60.002185,7.432510,1.029799,60.001617,2.079531,1.024742,60.008771,7.374352,1.029697,59.995801,-8.991161,0.999910,1.000136,1.000107,0.999996,1.000010,1.000030,1.000299,0.999983,-43.155921,0.000000,4.937710,11.584590,3.970907,12.389051,20.670100,-39.735279,288.383297,447.800150,209.391350,467.503357,6.717002,286.592096,294.652499,141.504847,562.436988,245.394482,221.661074,276.382253,200.614467,124.488442,251.663684,184.493662,253.902685,8.239523,988.742731,2.149441,164.790455,75.230425,157.625653,78.812826,137.026846,28.927890,26.868009,92.246831,102.994034,75.767785,-82.574348,42.272334,15.225205,67.617823,24.718568,24.091648,4.119761,223.900075
9.440000,1.050012,59.997729,-7.603614,1.055650,60.000779,-5.229762,1.039630,60.000748,-7.657192,1.015145,60.000713,-8.503056,1.015251,60.000717,-7.629231,1.017087,60.000842,-7.043522,1.007699,60.000371,-8.964172,1.006767,60.000173,-9.400930,1.032434,59.997610,-9.227719,1.025499,60.001302,-4.799144,1.021614,60.001146,-5.562447,1.011458,60.001165,-5.523976,1.023446,60.001192,-5.393094,1.022100,60.000936,-6.769427,1.026238,60.000758,-6.809091,1.040802,60.000802,-5.434504,1.042983,60.001016,-6.435190,1.040633,60.000881,-7.277839,1.054174,60.000319,-0.792284,0.994833,59.999910,-1.641494,1.040525,60.001001,-3.313257,1.055398,60.001374,0.619520,1.050869,60.001356,0.443413,1.045743,60.000814,-5.329512,1.063372,60.001418,-3.938353,1.059817,60.002486,-4.816619,1.047218,60.001710,-6.577238,1.055176,60.004655,-1.539822,1.053084,60.005574,0.971220,1.052701,60.001339,-3.256180,0.981315,60.002555,0.017208,0.983342,60.002663,2.344715,0.996757,60.000321,3.887282,1.011888,59.999743,3.031713,1.049772,60.001791,5.036642,1.063711,60.002022,7.425518,1.029583,60.001941,2.070647,1.024167,60.007749,7.410960,1.029648,59.995898,-9.042963,0.999911,1.000122,1.000098,0.999989,0.999996,1.000040,1.000265,1.000025,-43.250408,0.000000,4.926168,11.525443,3.916447,12.348407,20.736235,-39.789190,288.383297,447.800150,209.391350,467.503357,6.717002,286.592096,294.652499,141.504847,562.436988,245.394482,221.661074,276.382253,200.614467,124.488442,251.663684,184.493662,253.902685,8.239523,988.742731,2.149441,164.790455,75.230425,157.625653,78.812826,137.026846,28.927890,26.868009,92.246831,102.994034,75.767785,-82.574348,42.272334,15.225205,67.617823,24.718568,24.091648,4.119761,223.900075
9.460000,1.049876,59.997923,-7.639775,1.055416,60.001098,-5.243388,1.039358,60.000846,-7.672040,1.014867,60.000642,-8.518916,1.014983,60.000577,-7.645374,1.016819,60.000683,-7.058847,1.007438,60.000243,-8.982749,1.006512,60.000058,-9.420875,1.032298,59.997631,-9.265516,1.025224,60.001110,-4.811302,1.021341,60.000965,-5.575679,1.011176,60.000989,-5.537049,1.023168,60.001020,-5.405957,1.021815,60.000811,-6.783924,1.025935,60.000644,-6.824825,1.040496,60.000683,-5.449948,1.042671,60.000942,-6.448885,1.040335,60.000875,-7.292199,1.053919,60.000089,-0.811715,0.994607,59.999633,-1.664086,1.040199,60.000871,-3.327315,1.055060,60.001220,0.608045,1.050530,60.001207,0.431829,1.045432,60.000695,-5.344865,1.063135,60.001633,-3.947843,1.059437,60.002296,-4.820242,1.046864,60.001582,-6.586175,1.054680,60.004054,-1.529668,1.052567,60.004818,0.987301,1.052555,60.002144,-3.263581,0.981079,60.002161,0.013171,0.983106,60.002315,2.341663,0.996539,60.000051,3.867681,1.011689,59.999379,3.007521,1.049439,60.001605,5.028026,1.063364,60.001840,7.418583,1.029374,60.002234,2.065275,1.023644,60.006642,7.441133,1.029601,59.996010,-9.092682,0.999912,1.000105,1.000087,0.999983,0.999983,1.000050,1.000229,1.000066,-43.337739,0.000000,4.916882,11.470331,3.862768,12.318705,20.794000,-39.818453,288.383297,447.800150,209.391350,467.503357,6.717002,286.592096,294.652499,141.504847,562.436988,245.394482,221.661074,276.382253,200.614467,124.488442,251.663684,184.493662,253.902685,8.239523,988.742731,2.149441,164.790455,75.230425,157.625653,78.812826,137.026846,28.927890,26.868009,92.246831,102.994034,75.767785,-82.574348,42.272334,15.225205,67.617823,24.718568,24.091648,4.119761,223.900075
9.480000,1.049747,59.998114,-7.673004,1.055200,60.001387,-5.253300,1.039109,60.000923,-7.684726,1.014612,60.000553,-8.533823,1.014737,60.000418,-7.661064,1.016572,60.000503,-7.073866,1.007199,60.000100,-9.000773,1.006278,59.999929,-9.440165,1.032172,59.997655,-9.301606,1.024972,60.000897,-4.823395,1.021090,60.000764,-5.588761,1.010917,60.000792,-5.549939,1.022913,60.000827,-5.418609,1.021555,60.000669,-6.797855,1.025658,60.000521,-6.839875,1.040217,60.000558,-5.464727,1.042387,60.000856,-6.461621,1.040063,60.000854,-7.305121,1.053685,59.999875,-0.831188,0.994401,59.999384,-1.687003,1.039901,60.000734,-3.340796,1.054752,60.001056,0.596959,1.050219,60.001047,0.420667,1.045148,60.000572,-5.359550,1.062912,60.001817,-3.954376,1.059094,60.002077,-4.823819,1.046543,60.001433,-6.594582,1.054238,60.003409,-1.522498,1.052107,60.004013,0.999256,1.052417,60.002900,-3.263849,0.980861,60.001730,0.007671,0.982887,60.001932,2.337490,0.996337,59.999804,3.847787,1.011505,59.999056,2.982435,1.049136,60.001406,5.019556,1.063045,60.001640,7.411803,1.029175,60.002488,2.063387,1.023178,60.005468,7.464568,1.029556,59.996136,-9.139990,0.999914,1.000087,1.000075,0.999979,0.999971,1.000059,1.000190,1.000106,-43.417035,0.000000,4.910029,11.420381,3.811147,12.300434,20.842975,-39.822797,288.383297,447.800150,209.391350,467.503357,6.717002,286.592096,294.652499,141.504847,562.436988,245.394482,221.661074,276.382253,200.614467,124.488442,251.663684,184.493662,253.902685,8.239523,988.742731,2.149441,164.790455,75.230425,157.625653,78.812826,137.026846,28.927890,26.868009,92.246831,102.994034,75.767785,-82.574348,42.272334,15.225205,67.617823,24.718568,24.091648,4.119761,223.900075
9.500000,1.049628,59.998300,-7.703119,1.055005,60.001641,-5.259524,1.038883,60.000978,-7.695197,1.014382,60.000446,-8.547689,1.014515,60.000243,-7.676210,1.016350,60.000306,-7.088497,1.006983,59.999941,-9.018137,1.006066,59.999787,-9.458683,1.032058,59.997681,-9.335755,1.024745,60.000663,-4.835359,1.020864,60.000543,-5.601624,1.010684,60.000576,-5.562574,1.022683,60.000615,-5.430975,1.021321,60.000510,-6.811124,1.025410,60.000390,-6.854086,1.039968,60.000428,-5.478669,1.042133,60.000756,-6.473277,1.039820,60.000816,-7.316509,1.053474,59.999678,-0.850362,0.994215,59.999165,-1.709819,1.039635,60.000589,-3.353538,1.054476,60.000881,0.586403,1.049941,60.000877,0.410066,1.044894,60.000442,-5.373393,1.062707,60.001963,-3.957994,1.058791,60.001830,-4.827341,1.046258,60.001264,-6.602392,1.053855,60.002730,-1.518370,1.051708,60.003169,1.006993,1.052289,60.003591,-3.257198,0.980664,60.001269,0.000690,0.982689,60.001519,2.332180,0.996154,59.999582,3.827987,1.011338,59.998775,2.956972,1.048863,60.001193,5.011348,1.062758,60.001424,7.405272,1.028987,60.002696,2.064886,1.022774,60.004245,7.481076,1.029514,59.996274,-9.184576,0.999916,1.000068,1.000062,0.999975,0.999961,1.000067,1.000150,1.000144,-43.487552,0.000000,4.905732,11.376597,3.762788,12.293855,20.882888,-39.802450,288.383297,447.800150,209.391350,467.503357,6.717002,286.592096,294.652499,141.504847,562.436988,245.394482,221.661074,276.382253,200.614467,124.488442,251.663684,184.493662,253.902685,8.239523,988.742731,2.149441,164.790455,75.230425,157.625653,78.812826,137.026846,28.927890,26.868009,92.246831,102.994034,75.767785,-82.574348,42.272334,15.225205,67.617823,24.718568,24.091648,4.119761,223.900075
9.520000,1.049518,59.998477,-7.729976,1.054832,60.001852,-5.262151,1.038683,60.001005,-7.703436,1.014179,60.000323,-8.560441,1.014319,60.000052,-7.690729,1.016154,60.000094,-7.102657,1.006792,59.999770,-9.034741,1.005879,59.999633,-9.476320,1.031955,59.997709,-9.367748,1.024544,60.000411,-4.847128,1.020664,60.000305,-5.614194,1.010478,60.000344,-5.574882,1.022480,60.000387,-5.442983,1.021114,60.000336,-6.823643,1.025192,60.000251,-6.867317,1.039749,60.000291,-5.491617,1.041911,60.000642,-6.483755,1.039606,60.000759,-7.326295,1.053289,59.999500,-0.868909,0.994050,59.998975,-1.732122,1.039401,60.000437,-3.365396,1.054233,60.000697,0.576503,1.049696,60.000696,0.400153,1.044671,60.000305,-5.386240,1.062522,60.002066,-3.958792,1.058531,60.001555,-4.830806,1.046011,60.001074,-6.609552,1.053534,60.002025,-1.517296,1.051376,60.002298,1.010484,1.052171,60.004200,-3.243971,0.980488,60.000786,-0.007755,0.982513,60.001082,2.325742,0.995992,59.999386,3.808664,1.011188,59.998539,2.931647,1.048624,60.000968,5.003513,1.062504,60.001194,7.399080,1.028814,60.002852,2.069612,1.022436,60.002991,7.490589,1.029475,59.996424,-9.226154,0.999918,1.000049,1.000048,0.999972,0.999953,1.000074,1.000109,1.000178,-43.548697,0.000000,4.904070,11.339845,3.718805,12.298992,20.913605,-39.758128,288.383297,447.800150,209.391350,467.503357,6.717002,286.592096,294.652499,141.504847,562.436988,245.394482,221.661074,276.382253,200.614467,124.488442,251.663684,184.493662,253.902685,8.239523,988.742731,2.149441,164.790455,75.230425,157.625653,78.812826,137.026846,28.927890,26.868009,92.246831,102.994034,75.767785,-82.574348,42.272334,15.225205,67.617823,24.718568,24.091648,4.119761,223.900075
9.540000,1.049419,59.998641,-7.753473,1.054681,60.002013,-5.261338,1.038511,60.001002,-7.709469,1.014004,60.000181,-8.572020,1.014150,59.999848,-7.704540,1.015985,59.999868,-7.116266,1.006627,59.999587,-9.050487,1.005718,59.999468,-9.492972,1.031866,59.997739,-9.397386,1.024372,60.000145,-4.858631,1.020492,60.000053,-5.626399,1.010301,60.000096,-5.586790,1.022306,60.000143,-5.454562,1.020938,60.000148,-6.835336,1.025006,60.000102,-6.879450,1.039562,60.000148,-5.503436,1.041722,60.000513,-6.492979,1.039423,60.000681,-7.334440,1.053129,59.999339,-0.886518,0.993907,59.998815,-1.753513,1.039200,60.000277,-3.376243,1.054025,60.000502,0.567376,1.049485,60.000506,0.391041,1.044481,60.000162,-5.397957,1.062357,60.002121,-3.956915,1.058315,60.001256,-4.834215,1.045805,60.000864,-6.616028,1.053278,60.001302,-1.519238,1.051111,60.001411,1.009770,1.052063,60.004714,-3.224634,0.980336,60.000287,-0.017610,0.982360,60.000626,2.318215,0.995849,59.999214,3.790178,1.011057,59.998346,2.906961,1.048420,60.000733,4.996156,1.062286,60.000950,7.393312,1.028655,60.002950,2.077346,1.022166,60.001725,7.493153,1.029440,59.996584,-9.264463,0.999921,1.000028,1.000033,0.999970,0.999946,1.000080,1.000067,1.000209,-43.600021,0.000000,4.905066,11.310837,3.680196,12.315641,20.935133,-39.691013,288.383297,447.800150,209.391350,467.503357,6.717002,286.592096,294.652499,141.504847,562.436988,245.394482,221.661074,276.382253,200.614467,124.488442,251.663684,184.493662,253.902685,8.239523,988.742731,2.149441,164.790455,75.230425,157.625653,78.812826,137.026846,28.927890,26.868009,92.246831,102.994034,75.767785,-82.574348,42.272334,15.225205,67.617823,24.718568,24.091648,4.119761,223.900075
9.560000,1.049332,59.998789,-7.773547,1.054554,60.002118,-5.257301,1.038366,60.000966,-7.713360,1.013859,60.000022,-8.582385,1.014010,59.999632,-7.717565,1.015844,59.999630,-7.129246,1.006490,59.999394,-9.065285,1.005584,59.999294,-9.508545,1.031790,59.997770,-9.424489,1.024228,59.999866,-4.869796,1.020348,59.999789,-5.638164,1.010153,59.999836,-5.598225,1.022161,59.999887,-5.465640,1.020791,59.999946,-6.846136,1.024852,59.999944,-6.890384,1.039408,59.999996,-5.514011,1.041567,60.000366,-6.500898,1.039272,60.000581,-7.340938,1.052994,59.999194,-0.902902,0.993786,59.998682,-1.773622,1.039035,60.000108,-3.385970,1.053852,60.000299,0.559119,1.049311,60.000306,0.382828,1.044323,60.000010,-5.408432,1.062214,60.002125,-3.952559,1.058144,60.000932,-4.837578,1.045639,60.000633,-6.621799,1.053086,60.000570,-1.524118,1.050915,60.000520,1.004958,1.051966,60.005120,-3.199767,0.980209,59.999780,-0.028785,0.982231,60.000159,2.309665,0.995729,59.999065,3.772871,1.010944,59.998196,2.883389,1.048250,60.000488,4.989371,1.062104,60.000694,7.388043,1.028511,60.002985,2.087814,1.021966,60.000463,7.488923,1.029409,59.996753,-9.299267,0.999924,1.000008,1.000019,0.999969,0.999940,1.000084,1.000026,1.000235,-43.641233,0.000000,4.908696,11.290118,3.647829,12.343374,20.947605,-39.602727,288.383297,447.800150,209.391350,467.503357,6.717002,286.592096,294.652499,141.504847,562.436988,245.394482,221.661074,276.382253,200.614467,124.488442,251.663684,184.493662,253.902685,8.239523,988.742731,2.149441,164.790455,75.230425,157.625653,78.812826,137.026846,28.927890,26.868009,92.246831,102.994034,75.767785,-82.574348,42.272334,15.225205,67.617823,24.718568,24.091648,4.119761,223.900075
9.580000,1.049256,59.998919,-7.790171,1.054450,60.002163,-5.250311,1.038248,60.000894,-7.715206,1.013742,59.999846,-8.591510,1.013898,59.999405,-7.729733,1.015732,59.999383,-7.141517,1.006380,59.999192,-9.079050,1.005476,59.999111,-9.522948,1.031728,59.997803,-9.448895,1.024113,59.999578,-4.880552,1.020234,59.999514,-5.649415,1.010036,59.999566,-5.609116,1.022046,59.999620,-5.476150,1.020674,59.999731,-6.855986,1.024730,59.999776,-6.900038,1.039286,59.999836,-5.523254,1.041445,60.000202,-6.507487,1.039152,60.000455,-7.345809,1.052885,59.999063,-0.917804,0.993688,59.998574,-1.792111,1.038903,59.999930,-3.394490,1.053714,60.000086,0.551819,1.049171,60.000097,0.375595,1.044198,59.999850,-5.417575,1.062092,60.002073,-3.945959,1.058018,60.000586,-4.840910,1.045513,60.000382,-6.626861,1.052959,59.999837,-1.531814,1.050787,59.999634,0.996211,1.051880,60.005407,-3.170044,0.980107,59.999271,-0.041160,0.982126,59.999686,2.300184,0.995629,59.998937,3.757053,1.010849,59.998085,2.861377,1.048114,60.000233,4.983242,1.061958,60.000426,7.383341,1.028384,60.002953,2.100698,1.021835,59.999223,7.478163,1.029381,59.996929,-9.330358,0.999927,0.999987,1.000004,0.999969,0.999937,1.000087,0.999986,1.000256,-43.672191,0.000000,4.914887,11.278059,3.622425,12.381554,20.951280,-39.495293,288.383297,447.800150,209.391350,467.503357,6.717002,286.592096,294.652499,141.504847,562.436988,245.394482,221.661074,276.382253,200.614467,124.488442,251.663684,184.493662,253.902685,8.239523,988.742731,2.149441,164.790455,75.230425,157.625653,78.812826,137.026846,28.927890,26.868009,92.246831,102.994034,75.767785,-82.574348,42.272334,15.225205,67.617823,24.718568,24.091648,4.119761,223.900075
9.600000,1.049192,59.999027,-7.803357,1.054369,60.002144,-5.240685,1.038158,60.000785,-7.715138,1.013655,59.999652,-8.599383,1.013814,59.999169,-7.740977,1.015648,59.999128,-7.153006,1.006298,59.998983,-9.091703,1.005395,59.998921,-9.536103,1.031679,59.997836,-9.470464,1.024027,59.999282,-4.890822,1.020148,59.999233,-5.660078,1.009948,59.999287,-5.619392,1.021960,59.999344,-5.486025,1.020587,59.999504,-6.864842,1.024640,59.999596,-6.908355,1.039195,59.999666,-5.531098,1.041357,60.000020,-6.512742,1.039063,60.000304,-7.349101,1.052802,59.998943,-0.930998,0.993610,59.998488,-1.808677,1.038805,59.999741,-3.401740,1.053611,59.999863,0.545539,1.049067,59.999877,0.369406,1.044106,59.999679,-5.425323,1.061993,60.001964,-3.937391,1.057936,60.000220,-4.844230,1.045427,60.000110,-6.631225,1.052896,59.999110,-1.542167,1.050725,59.998765,0.983752,1.051805,60.005566,-3.136227,0.980030,59.998768,-0.054580,0.982046,59.999213,2.289890,0.995550,59.998828,3.742998,1.010772,59.998010,2.841331,1.048013,59.999970,4.977842,1.061848,60.000149,7.379265,1.028274,60.002851,2.115636,1.021772,59.998021,7.461232,1.029358,59.997111,-9.357554,0.999931,0.999967,0.999990,0.999970,0.999935,1.000088,0.999947,1.000272,-43.692900,0.000000,4.923519,11.274854,3.604545,12.429346,20.946531,-39.371089,288.383297,447.800150,209.391350,467.503357,6.717002,286.592096,294.652499,141.504847,562.436988,245.394482,221.661074,276.382253,200.614467,124.488442,251.663684,184.493662,253.902685,8.239523,988.742731,2.149441,164.790455,75.230425,157.625653,78.812826,137.026846,28.927890,26.868009,92.246831,102.994034,75.767785,-82.574348,42.272334,15.225205,67.617823,24.718568,24.091648,4.119761,223.900075
9.620000,1.049139,59.999113,-7.813146,1.054309,60.002059,-5.228778,1.038094,60.000637,-7.713314,1.013595,59.999443,-8.606005,1.013757,59.998926,-7.751235,1.015591,59.998868,-7.163640,1.006242,59.998769,-9.103172,1.005339,59.998725,-9.547936,1.031645,59.997870,-9.489076,1.023969,59.998981,-4.900531,1.020091,59.998946,-5.670077,1.009889,59.999003,-5.628984,1.021902,59.999062,-5.495200,1.020528,59.999266,-6.872666,1.024579,59.999406,-6.915297,1.039135,59.999484,-5.537502,1.041300,59.999818,-6.516683,1.039004,60.000125,-7.350887,1.052742,59.998833,-0.942294,0.993554,59.998420,-1.823063,1.038739,59.999543,-3.407675,1.053541,59.999631,0.540330,1.048995,59.999647,0.364305,1.044044,59.999497,-5.431635,1.061914,60.001796,-3.927156,1.057896,59.999834,-4.847559,1.045378,59.999820,-6.634914,1.052892,59.998396,-1.554982,1.050728,59.997920,0.967854,1.051739,60.005592,-3.099143,0.979978,59.998275,-0.068862,0.981990,59.998744,2.278923,0.995491,59.998734,3.730943,1.010713,59.997967,2.823607,1.047944,59.999700,4.973229,1.061771,59.999861,7.375861,1.028181,60.002678,2.132237,1.021773,59.996869,7.438580,1.029340,59.997297,-9.380703,0.999935,0.999948,0.999976,0.999971,0.999934,1.000088,0.999910,1.000282,-43.703511,0.000000,4.934431,11.280514,3.594582,12.485741,20.933833,-39.232803,288.383297,447.800150,209.391350,467.503357,6.717002,286.592096,294.652499,141.504847,562.436988,245.394482,221.661074,276.382253,200.614467,124.488442,251.663684,184.493662,253.902685,8.239523,988.742731,2.149441,164.790455,75.230425,157.625653,78.812826,137.026846,28.927890,26.868009,92.246831,102.994034,75.767785,-82.574348,42.272334,15.225205,67.617823,24.718568,24.091648,4.119761,223.900075
9.640000,1.049099,59.999174,-7.819613,1.054271,60.001905,-5.214978,1.038056,60.000450,-7.709915,1.013563,59.999218,-8.611391,1.013726,59.998678,-7.760448,1.015561,59.998604,-7.173348,1.006211,59.998549,-9.113392,1.005309,59.998525,-9.558382,1.031623,59.997903,-9.504632,1.023938,59.998677,-4.909604,1.020060,59.998656,-5.679341,1.009857,59.998715,-5.637826,1.021871,59.998775,-5.503615,1.020497,59.999018,-6.879433,1.024547,59.999204,-6.920847,1.039104,59.999291,-5.542448,1.041273,59.999597,-6.519348,1.038973,59.999920,-7.351262,1.052705,59.998728,-0.951543,0.993516,59.998366,-1.835058,1.038703,59.999333,-3.412276,1.053503,59.999389,0.536222,1.048956,59.999407,0.360321,1.044011,59.999303,-5.436495,1.061857,60.001569,-3.915581,1.057896,59.999433,-4.850920,1.045366,59.999510,-6.637963,1.052946,59.997703,-1.570030,1.050790,59.997109,0.948839,1.051683,60.005482,-3.059668,0.979950,59.997800,-0.083800,0.981957,59.998286,2.267444,0.995452,59.998651,3.721079,1.010669,59.997950,2.808510,1.047905,59.999421,4.969449,1.061728,59.999565,7.373165,1.028105,60.002433,2.150083,1.021836,59.995782,7.410737,1.029325,59.997486,-9.399683,0.999939,0.999930,0.999962,0.999973,0.999935,1.000085,0.999875,1.000286,-43.704307,0.000000,4.947421,11.294876,3.592757,12.549575,20.913755,-39.083370,288.383297,447.800150,209.391350,467.503357,6.717002,286.592096,294.652499,141.504847,562.436988,245.394482,221.661074,276.382253,200.614467,124.488442,251.663684,184.493662,253.902685,8.239523,988.742731,2.149441,164.790455,75.230425,157.625653,78.812826,137.026846,28.927890,26.868009,92.246831,102.994034,75.767785,-82.574348,42.272334,15.225205,67.617823,24.718568,24.091648,4.119761,223.900075
9.660000,1.049070,59.999209,-7.822859,1.054252,60.001683,-5.199694,1.038041,60.000224,-7.705141,1.013555,59.998978,-8.615565,1.013720,59.998427,-7.768567,1.015555,59.998339,-7.182064,1.006205,59.998328,-9.122304,1.005302,59.998322,-9.567387,1.031613,59.997936,-9.517053,1.023932,59.998374,-4.917966,1.020053,59.998365,-5.687797,1.009851,59.998425,-5.645853,1.021865,59.998485,-5.511212,1.020492,59.998761,-6.885128,1.024542,59.998990,-6.925008,1.039099,59.999085,-5.545942,1.041274,59.999356,-6.520798,1.038968,59.999687,-7.350341,1.052689,59.998625,-0.958636,0.993496,59.998321,-1.844500,1.038696,59.999111,-3.415542,1.053493,59.999138,0.533227,1.048946,59.999157,0.357462,1.044005,59.999096,-5.439910,1.061819,60.001283,-3.903008,1.057934,59.999017,-4.854338,1.045387,59.999184,-6.640418,1.053051,59.997037,-1.587054,1.050908,59.996340,0.927067,1.051636,60.005234,-3.018711,0.979944,59.997347,-0.099166,0.981945,59.997843,2.255628,0.995430,59.998575,3.713552,1.010641,59.997954,2.796285,1.047896,59.999136,4.966533,1.061714,59.999262,7.371202,1.028044,60.002117,2.168745,1.021956,59.994771,7.378303,1.029315,59.997676,-9.414402,0.999944,0.999913,0.999949,0.999975,0.999937,1.000081,0.999844,1.000284,-43.695699,0.000000,4.962251,11.317601,3.599115,12.619554,20.886945,-38.925914,288.383297,447.800150,209.391350,467.503357,6.717002,286.592096,294.652499,141.504847,562.436988,245.394482,221.661074,276.382253,200.614467,124.488442,251.663684,184.493662,253.902685,8.239523,988.742731,2.149441,164.790455,75.230425,157.625653,78.812826,137.026846,28.927890,26.868009,92.246831,102.994034,75.767785,-82.574348,42.272334,15.225205,67.617823,24.718568,24.091648,4.119761,223.900075
9.680000,1.049052,59.999218,-7.823007,1.054251,60.001394,-5.183346,1.038048,59.999960,-7.699204,1.013570,59.998725,-8.618562,1.013737,59.998173,-7.775543,1.015572,59.998074,-7.189725,1.006220,59.998105,-9.129856,1.005317,59.998117,-9.574901,1.031615,59.997967,-9.526284,1.023949,59.998072,-4.925545,1.020071,59.998076,-5.695377,1.009869,59.998136,-5.653003,1.021883,59.998194,-5.517937,1.020510,59.998497,-6.889741,1.024561,59.998764,-6.927802,1.039118,59.998867,-5.548012,1.041300,59.999095,-6.521106,1.038988,59.999428,-7.348252,1.052692,59.998522,-0.963507,0.993493,59.998281,-1.851278,1.038714,59.998878,-3.417494,1.053511,59.998877,0.531340,1.048963,59.998897,0.355721,1.044024,59.998876,-5.441908,1.061800,60.000941,-3.889785,1.058005,59.998591,-4.857833,1.045439,59.998842,-6.642332,1.053205,59.996402,-1.605773,1.051076,59.995619,0.902934,1.051597,60.004850,-2.977190,0.979959,59.996920,-0.114714,0.981954,59.997419,2.243668,0.995425,59.998502,3.708457,1.010627,59.997971,2.787115,1.047912,59.998845,4.964499,1.061729,59.998951,7.369985,1.027999,60.001732,2.187784,1.022128,59.993846,7.341934,1.029309,59.997864,-9.424795,0.999948,0.999898,0.999937,0.999977,0.999940,1.000075,0.999815,1.000276,-43.678211,0.000000,4.978656,11.348189,3.613527,12.694282,20.854118,-38.763684,288.383297,447.800150,209.391350,467.503357,6.717002,286.592096,294.652499,141.504847,562.436988,245.394482,221.661074,276.382253,200.614467,124.488442,251.663684,184.493662,253.902685,8.239523,988.742731,2.149441,164.790455,75.230425,157.625653,78.812826,137.026846,28.927890,26.868009,92.246831,102.994034,75.767785,-82.574348,42.272334,15.225205,67.617823,24.718568,24.091648,4.119761,223.900075
9.700000,1.049045,59.999200,-7.820203,1.054267,60.001041,-5.166360,1.038074,59.999659,-7.692326,1.013607,59.998461,-8.620423,1.013775,59.997920,-7.781337,1.015610,59.997812,-7.196274,1.006256,59.997882,-9.136006,1.005352,59.997911,-9.580887,1.031628,59.997996,-9.532289,1.023987,59.997774,-4.932269,1.020109,59.997791,-5.702015,1.009908,59.997849,-5.659219,1.021922,59.997905,-5.523739,1.020550,59.998227,-6.893273,1.024601,59.998526,-6.929268,1.039159,59.998635,-5.548707,1.041348,59.998817,-6.520362,1.039029,59.999143,-7.345136,1.052711,59.998414,-0.966131,0.993503,59.998240,-1.855338,1.038755,59.998632,-3.418172,1.053552,59.998606,0.530540,1.049003,59.998627,0.355071,1.044065,59.998644,-5.442537,1.061797,60.000545,-3.876262,1.058106,59.998158,-4.861424,1.045518,59.998487,-6.643760,1.053399,59.995806,-1.625885,1.051288,59.994953,0.876863,1.051566,60.004335,-2.936018,0.979993,59.996524,-0.130187,0.981981,59.997017,2.231763,0.995434,59.998428,3.705840,1.010624,59.997996,2.781119,1.047952,59.998548,4.963349,1.061769,59.998635,7.369514,1.027969,60.001282,2.206767,1.022345,59.993015,7.302334,1.029307,59.998051,-9.430831,0.999953,0.999884,0.999926,0.999980,0.999944,1.000067,0.999791,1.000262,-43.652465,0.000000,4.996345,11.385986,3.635694,12.772286,20.816045,-38.599988,288.383297,447.800150,209.391350,467.503357,6.717002,286.592096,294.652499,141.504847,562.436988,245.394482,221.661074,276.382253,200.614467,124.488442,251.663684,184.493662,253.902685,8.239523,988.742731,2.149441,164.790455,75.230425,157.625653,78.812826,137.026846,28.927890,26.868009,92.246831,102.994034,75.767785,-82.574348,42.272334,15.225205,67.617823,24.718568,24.091648,4.119761,223.900075
9.720000,1.049048,59.999157,-7.814608,1.054297,60.000628,-5.149154,1.038118,59.999325,-7.684730,1.013661,59.998187,-8.621196,1.013830,59.997668,-7.785913,1.015666,59.997554,-7.201658,1.006310,59.997661,-9.140715,1.005404,59.997707,-9.585313,1.031651,59.998024,-9.535056,1.024043,59.997483,-4.938073,1.020165,59.997511,-5.707649,1.009966,59.997566,-5.664448,1.021979,59.997619,-5.528574,1.020608,59.997953,-6.895732,1.024661,59.998277,-6.929459,1.039219,59.998390,-5.548093,1.041417,59.998521,-6.518665,1.039089,59.998835,-7.341144,1.052745,59.998299,-0.966527,0.993526,59.998194,-1.856676,1.038817,59.998375,-3.417635,1.053613,59.998327,0.530790,1.049065,59.998348,0.355473,1.044125,59.998398,-5.441867,1.061810,60.000100,-3.862781,1.058233,59.997719,-4.865125,1.045620,59.998120,-6.644765,1.053630,59.995251,-1.647070,1.051537,59.994347,0.849300,1.051540,60.003696,-2.896082,0.980045,59.996163,-0.145324,0.982024,59.996642,2.220119,0.995456,59.998347,3.705699,1.010633,59.998023,2.778348,1.048012,59.998246,4.963073,1.061831,59.998314,7.369778,1.027952,60.000772,2.225271,1.022601,59.992285,7.260237,1.029309,59.998233,-9.432507,0.999958,0.999873,0.999917,0.999982,0.999949,1.000058,0.999770,1.000243,-43.619173,0.000000,5.015008,11.430201,3.665157,12.852049,20.773536,-38.438129,288.383297,447.800150,209.391350,467.503357,6.717002,286.592096,294.652499,141.504847,562.436988,245.394482,221.661074,276.382253,200.614467,124.488442,251.663684,184.493662,253.902685,8.239523,988.742731,2.149441,164.790455,75.230425,157.625653,78.812826,137.026846,28.927890,26.868009,92.246831,102.994034,75.767785,-82.574348,42.272334,15.225205,67.617823,24.718568,24.091648,4.119761,223.900075
9.740000,1.049060,59.999088,-7.806396,1.054339,60.000159,-5.132133,1.038177,59.998960,-7.676639,1.013732,59.997905,-8.620934,1.013902,59.997420,-7.789242,1.015738,59.997302,-7.205829,1.006379,59.997444,-9.143956,1.005471,59.997504,-9.588158,1.031683,59.998048,-9.534593,1.024116,59.997200,-4.942892,1.020238,59.997238,-5.712223,1.010041,59.997289,-5.668642,1.022053,59.997339,-5.532402,1.020682,59.997677,-6.897133,1.024736,59.998018,-6.928446,1.039294,59.998133,-5.546253,1.041502,59.998210,-6.516125,1.039164,59.998505,-7.336428,1.052792,59.998173,-0.964755,0.993559,59.998138,-1.855343,1.038895,59.998107,-3.415954,1.053693,59.998040,0.532038,1.049145,59.998061,0.356873,1.044201,59.998139,-5.439979,1.061837,59.999609,-3.849666,1.058382,59.997280,-4.868941,1.045742,59.997744,-6.645407,1.053889,59.994742,-1.668999,1.051817,59.993805,0.820703,1.051521,60.002942,-2.858224,0.980112,59.995837,-0.159860,0.982081,59.996295,2.208944,0.995488,59.998257,3.707977,1.010650,59.998043,2.778788,1.048089,59.997939,4.963645,1.061911,59.997989,7.370757,1.027947,60.000207,2.242894,1.022889,59.991661,7.216401,1.029314,59.998410,-9.429851,0.999963,0.999863,0.999908,0.999984,0.999954,1.000047,0.999753,1.000217,-43.579115,0.000000,5.034322,11.479924,3.701306,12.932040,20.727428,-38.281336,288.383297,447.800150,209.391350,467.503357,6.717002,286.592096,294.652499,141.504847,562.436988,245.394482,221.661074,276.382253,200.614467,124.488442,251.663684,184.493662,253.902685,8.239523,988.742731,2.149441,164.790455,75.230425,157.625653,78.812826,137.026846,28.927890,26.868009,92.246831,102.994034,75.767785,-82.574348,42.272334,15.225205,67.617823,24.718568,24.091648,4.119761,223.900075
9.760000,1.049080,59.998996,-7.795751,1.054392,59.999642,-5.115677,1.038249,59.998567,-7.668268,1.013815,59.997618,-8.619695,1.013986,59.997177,-7.791303,1.015823,59.997057,-7.208748,1.006461,59.997231,-9.145710,1.005551,59.997306,-9.589410,1.031722,59.998070,-9.530931,1.024201,59.996927,-4.946672,1.020324,59.996975,-5.715687,1.010129,59.997021,-5.671759,1.022139,59.997065,-5.535188,1.020769,59.997399,-6.897498,1.024825,59.997749,-6.926309,1.039382,59.997864,-5.543287,1.041600,59.997885,-6.512855,1.039253,59.998155,-7.331144,1.052848,59.998034,-0.960914,0.993601,59.998069,-1.851437,1.038987,59.997829,-3.413217,1.053786,59.997746,0.534220,1.049239,59.997766,0.359202,1.044290,59.997869,-5.436973,1.061875,59.999081,-3.837224,1.058548,59.996844,-4.872873,1.045880,59.997363,-6.645747,1.054171,59.994283,-1.691336,1.052121,59.993330,0.791538,1.051506,60.002086,-2.823228,0.980191,59.995550,-0.173534,0.982150,59.995979,2.198442,0.995530,59.998152,3.712575,1.010675,59.998052,2.782358,1.048179,59.997630,4.965030,1.062007,59.997661,7.372417,1.027954,59.999594,2.259261,1.023202,59.991144,7.171587,1.029322,59.998579,-9.422920,0.999968,0.999855,0.999901,0.999985,0.999959,1.000035,0.999739,1.000187,-43.533128,0.000000,5.053959,11.534141,3.743393,13.010741,20.678570,-38.132702,288.383297,447.800150,209.391350,467.503357,6.717002,286.592096,294.652499,141.504847,562.436988,245.394482,221.661074,276.382253,200.614467,124.488442,251.663684,184.493662,253.902685,8.239523,988.742731,2.149441,164.790455,75.230425,157.625653,78.812826,137.026846,28.927890,26.868009,92.246831,102.994034,75.767785,-82.574348,42.272334,15.225205,67.617823,24.718568,24.091648,4.119761,223.900075
9.780000,1.049108,59.998882,-7.782865,1.054453,59.999082,-5.100137,1.038330,59.998153,-7.659819,1.013909,59.997327,-8.617536,1.014082,59.996940,-7.792080,1.015919,59.996822,-7.210381,1.006554,59.997024,-9.145963,1.005642,59.997112,-9.589065,1.031767,59.998089,-9.524121,1.024298,59.996666,-4.949361,1.020420,59.996722,-5.717996,1.010228,59.996762,-5.673762,1.022237,59.996799,-5.536905,1.020866,59.997123,-6.896853,1.024923,59.997473,-6.923138,1.039480,59.997584,-5.539304,1.041709,59.997549,-6.508972,1.039352,59.997790,-7.325444,1.052912,59.997879,-0.955141,0.993649,59.997981,-1.845107,1.039089,59.997541,-3.409522,1.053891,59.997446,0.537260,1.049345,59.997465,0.362382,1.044389,59.997588,-5.432959,1.061923,59.998520,-3.825730,1.058727,59.996415,-4.876912,1.046029,59.996979,-6.645841,1.054469,59.993876,-1.713744,1.052442,59.992925,0.762268,1.051495,60.001141,-2.791801,0.980281,59.995302,-0.186094,0.982228,59.995695,2.188810,0.995579,59.998029,3.719346,1.010706,59.998042,2.788915,1.048281,59.997318,4.967178,1.062115,59.997333,7.374716,1.027970,59.998941,2.274034,1.023534,59.990738,7.126552,1.029334,59.998740,-9.411803,0.999973,0.999849,0.999895,0.999986,0.999964,1.000021,0.999730,1.000153,-43.482087,0.000000,5.073588,11.591758,3.790552,13.086677,20.627812,-37.995125,288.383297,447.800150,209.391350,467.503357,6.717002,286.592096,294.652499,141.504847,562.436988,245.394482,221.661074,276.382253,200.614467,124.488442,251.663684,184.493662,253.902685,8.239523,988.742731,2.149441,164.790455,75.230425,157.625653,78.812826,137.026846,28.927890,26.868009,92.246831,102.994034,75.767785,-82.574348,42.272334,15.225205,67.617823,24.718568,24.091648,4.119761,223.900075
9.800000,1.049143,59.998749,-7.767930,1.054520,59.998489,-5.085827,1.038419,59.997721,-7.651482,1.014011,59.997036,-8.614519,1.014185,59.996713,-7.791566,1.016023,59.996598,-7.210704,1.006655,59.996825,-9.144716,1.005740,59.996925,-9.587130,1.031817,59.998104,-9.514236,1.024402,59.996418,-4.950918,1.020524,59.996481,-5.719116,1.010335,59.996514,-5.674626,1.022341,59.996544,-5.537532,1.020971,59.996849,-6.895231,1.025029,59.997190,-6.919033,1.039585,59.997295,-5.534423,1.041825,59.997204,-6.504594,1.039459,59.997413,-7.319475,1.052981,59.997707,-0.947605,0.993702,59.997872,-1.836547,1.039199,59.997246,-3.404979,1.054003,59.997141,0.541071,1.049458,59.997159,0.366326,1.044495,59.997297,-5.428056,1.061979,59.997936,-3.815429,1.058914,59.995997,-4.881040,1.046187,59.996596,-6.645741,1.054777,59.993522,-1.735888,1.052773,59.992589,0.733349,1.051487,60.000123,-2.764560,0.980378,59.995094,-0.197304,0.982313,59.995443,2.180235,0.995632,59.997887,3.728101,1.010741,59.998009,2.798258,1.048390,59.997005,4.970031,1.062233,59.997004,7.377606,1.027994,59.998256,2.286915,1.023876,59.990440,7.082035,1.029348,59.998892,-9.396613,0.999978,0.999846,0.999890,0.999986,0.999968,1.000006,0.999725,1.000115,-43.426890,0.000000,5.092883,11.651622,3.841810,13.158448,20.575989,-37.871250,288.383297,447.800150,209.391350,467.503357,6.717002,286.592096,294.652499,141.504847,562.436988,245.394482,221.661074,276.382253,200.614467,124.488442,251.663684,184.493662,253.902685,8.239523,988.742731,2.149441,164.790455,75.230425,157.625653,78.812826,137.026846,28.927890,26.868009,92.246831,102.994034,75.767785,-82.574348,42.272334,15.225205,67.617823,24.718568,24.091648,4.119761,223.900075
9.820000,1.049184,59.998599,-7.751144,1.054591,59.997871,-5.073017,1.038513,59.997276,-7.643426,1.014118,59.996747,-8.610703,1.014293,59.996495,-7.789762,1.016132,59.996386,-7.209702,1.006761,59.996635,-9.141975,1.005843,59.996745,-9.583623,1.031871,59.998116,-9.501369,1.024511,59.996184,-4.951311,1.020634,59.996254,-5.719019,1.010448,59.996279,-5.674331,1.022451,59.996300,-5.537058,1.021081,59.996580,-6.892669,1.025139,59.996902,-6.914100,1.039694,59.996998,-5.528773,1.041946,59.996854,-6.499837,1.039570,59.997027,-7.313375,1.053054,59.997516,-0.938506,0.993757,59.997740,-1.825990,1.039314,59.996944,-3.399703,1.054121,59.996833,0.545561,1.049577,59.996849,0.370937,1.044605,59.997000,-5.422390,1.062041,59.997335,-3.806528,1.059107,59.995592,-4.885233,1.046350,59.996217,-6.645496,1.055088,59.993223,-1.757444,1.053107,59.992324,0.705220,1.051481,59.999049,-2.742022,0.980481,59.994926,-0.206945,0.982404,59.995225,2.172887,0.995689,59.997721,3.738614,1.010779,59.997949,2.810130,1.048504,59.996693,4.973520,1.062356,59.996678,7.381026,1.028025,59.997551,2.297655,1.024223,59.990249,7.038743,1.029365,59.999032,-9.377495,0.999982,0.999844,0.999886,0.999985,0.999972,0.999990,0.999724,1.000073,-43.368440,0.000000,5.111531,11.712544,3.896117,13.224749,20.523909,-37.763421,288.383297,447.800150,209.391350,467.503357,6.717002,286.592096,294.652499,141.504847,562.436988,245.394482,221.661074,276.382253,200.614467,124.488442,251.663684,184.493662,253.902685,8.239523,988.742731,2.149441,164.790455,75.230425,157.625653,78.812826,137.026846,28.927890,26.868009,92.246831,102.994034,75.767785,-82.574348,42.272334,15.225205,67.617823,24.718568,24.091648,4.119761,223.900075
9.840000,1.049230,59.998436,-7.732698,1.054665,59.997237,-5.061931,1.038611,59.996826,-7.635801,1.014228,59.996462,-8.606149,1.014404,59.996288,-7.786676,1.016244,59.996187,-7.207368,1.006870,59.996455,-9.137759,1.005950,59.996574,-9.578571,1.031928,59.998124,-9.485635,1.024622,59.995966,-4.950516,1.020746,59.996042,-5.717691,1.010563,59.996058,-5.672866,1.022564,59.996070,-5.535479,1.021193,59.996319,-6.889210,1.025251,59.996612,-6.908448,1.039804,59.996696,-5.522485,1.042067,59.996502,-6.494813,1.039683,59.996637,-7.307272,1.053127,59.997305,-0.928069,0.993814,59.997581,-1.813703,1.039430,59.996639,-3.393815,1.054240,59.996524,0.550629,1.049698,59.996539,0.376115,1.044717,59.996696,-5.416095,1.062107,59.996727,-3.799189,1.059299,59.995206,-4.889456,1.046514,59.995846,-6.645145,1.055397,59.992979,-1.778105,1.053438,59.992129,0.678297,1.051477,59.997937,-2.724595,0.980588,59.994796,-0.214822,0.982496,59.995040,2.166919,0.995747,59.997531,3.750625,1.010819,59.997856,2.824224,1.048619,59.996382,4.977571,1.062481,59.996355,7.384912,1.028062,59.996833,2.306054,1.024567,59.990160,6.997340,1.029384,59.999160,-9.354621,0.999987,0.999844,0.999884,0.999984,0.999976,0.999974,0.999726,1.000030,-43.307634,0.000000,5.129232,11.773324,3.952357,13.284402,20.472343,-37.673638,288.383297,447.800150,209.391350,467.503357,6.717002,286.592096,294.652499,141.504847,562.436988,245.394482,221.661074,276.382253,200.614467,124.488442,251.663684,184.493662,253.902685,8.239523,988.742731,2.149441,164.790455,75.230425,157.625653,78.812826,137.026846,28.927890,26.868009,92.246831,102.994034,75.767785,-82.574348,42.272334,15.225205,67.617823,24.718568,24.091648,4.119761,223.900075
9.860000,1.049281,59.998262,-7.712783,1.054740,59.996599,-5.052740,1.038709,59.996375,-7.628730,1.014338,59.996185,-8.600916,1.014516,59.996094,-7.782327,1.016357,59.996002,-7.203709,1.006979,59.996286,-9.132097,1.006058,59.996413,-9.572012,1.031986,59.998128,-9.467167,1.024734,59.995765,-4.948522,1.020859,59.995846,-5.715124,1.010678,59.995851,-5.670232,1.022676,59.995854,-5.532799,1.021306,59.996066,-6.884900,1.025362,59.996322,-6.902192,1.039914,59.996390,-5.515694,1.042188,59.996150,-6.489628,1.039796,59.996248,-7.301282,1.053200,59.997075,-0.916543,0.993870,59.997395,-1.799985,1.039546,59.996332,-3.387439,1.054359,59.996216,0.556171,1.049818,59.996229,0.381753,1.044828,59.996390,-5.409304,1.062175,59.996120,-3.793536,1.059488,59.994842,-4.893668,1.046675,59.995487,-6.644721,1.055697,59.992790,-1.797579,1.053760,59.992001,0.652968,1.051473,59.996808,-2.712569,0.980695,59.994704,-0.220769,0.982589,59.994888,2.162461,0.995805,59.997316,3.763849,1.010859,59.997729,2.840192,1.048735,59.996076,4.982099,1.062607,59.996038,7.389195,1.028102,59.996114,2.311970,1.024903,59.990170,6.958439,1.029404,59.999275,-9.328186,0.999992,0.999846,0.999883,0.999981,0.999978,0.999957,0.999732,0.999985,-43.245342,0.000000,5.145709,11.832772,4.009379,13.336371,20.422014,-37.603515,288.383297,447.800150,209.391350,467.503357,6.717002,286.592096,294.652499,141.504847,562.436988,245.394482,221.661074,276.382253,200.614467,124.488442,251.663684,184.493662,253.902685,8.239523,988.742731,2.149441,164.790455,75.230425,157.625653,78.812826,137.026846,28.927890,26.868009,92.246831,102.994034,75.767785,-82.574348,42.272334,15.225205,67.617823,24.718568,24.091648,4.119761,223.900075
9.880000,1.049334,59.998081,-7.691584,1.054813,59.995964,-5.045564,1.038805,59.995930,-7.622313,1.014446,59.995918,-8.595065,1.014627,59.995914,-7.776743,1.016469,59.995833,-7.198741,1.007088,59.996129,-9.125029,1.006164,59.996263,-9.563997,1.032044,59.998128,-9.446119,1.024845,59.995581,-4.945329,1.020970,59.995666,-5.711326,1.010791,59.995661,-5.666441,1.022787,59.995654,-5.529034,1.021416,59.995825,-6.879791,1.025471,59.996034,-6.895444,1.040020,59.996085,-5.508535,1.042306,59.995804,-6.484381,1.039906,59.995864,-7.295504,1.053271,59.996826,-0.904188,0.993924,59.997182,-1.785158,1.039658,59.996026,-3.380701,1.054475,59.995912,0.562079,1.049936,59.995922,0.387744,1.044936,59.996083,-5.402151,1.062244,59.995523,-3.789644,1.059671,59.994503,-4.897821,1.046831,59.995143,-6.644249,1.055984,59.992655,-1.815601,1.054068,59.991938,0.629583,1.051469,59.995679,-2.706112,0.980802,59.994648,-0.224647,0.982681,59.994767,2.159617,0.995861,59.997075,3.777976,1.010899,59.997565,2.857650,1.048847,59.995776,4.987020,1.062730,59.995729,7.393799,1.028146,59.995405,2.315317,1.025225,59.990270,6.922589,1.029426,59.999377,-9.298413,0.999996,0.999850,0.999883,0.999978,0.999980,0.999940,0.999740,0.999939,-43.182399,0.000000,5.160710,11.889731,4.066016,13.379786,20.373584,-37.554258,288.383297,447.800150,209.391350,467.503357,6.717002,286.592096,294.652499,141.504847,562.436988,245.394482,221.661074,276.382253,200.614467,124.488442,251.663684,184.493662,253.902685,8.239523,988.742731,2.149441,164.790455,75.230425,157.625653,78.812826,137.026846,28.927890,26.868009,92.246831,102.994034,75.767785,-82.574348,42.272334,15.225205,67.617823,24.718568,24.091648,4.119761,223.900075
9.900000,1.049390,59.997896,-7.669279,1.054884,59.995345,-5.040467,1.038899,59.995497,-7.616624,1.014551,59.995664,-8.588651,1.014734,59.995749,-7.769963,1.016576,59.995679,-7.192493,1.007194,59.995985,-9.116606,1.006267,59.996124,-9.554585,1.032103,59.998124,-9.422663,1.024951,59.995415,-4.940952,1.021077,59.995504,-5.706316,1.010901,59.995489,-5.661514,1.022894,59.995470,-5.524211,1.021522,59.995596,-6.873936,1.025574,59.995752,-6.888318,1.040121,59.995781,-5.501142,1.042418,59.995467,-6.479163,1.040011,59.995489,-7.290026,1.053338,59.996559,-0.891282,0.993976,59.996942,-1.769561,1.039766,59.995724,-3.373724,1.054586,59.995613,0.568246,1.050048,59.995622,0.393979,1.045039,59.995779,-5.394770,1.062312,59.994945,-3.787542,1.059844,59.994193,-4.901861,1.046979,59.994817,-6.643746,1.056253,59.992572,-1.831934,1.054357,59.991937,0.608451,1.051464,59.994572,-2.705270,0.980906,59.994624,-0.226355,0.982770,59.994676,2.158465,0.995914,59.996809,3.792685,1.010937,59.997364,2.876187,1.048954,59.995484,4.992242,1.062849,59.995430,7.398647,1.028190,59.994715,2.316067,1.025527,59.990454,6.890269,1.029449,59.999464,-9.265549,1.000000,0.999855,0.999884,0.999974,0.999980,0.999923,0.999752,0.999894,-43.119591,0.000000,5.174013,11.943103,4.121106,13.413954,20.327652,-37.526643,288.383297,447.800150,209.391350,467.503357,6.717002,286.592096,294.652499,141.504847,562.436988,245.394482,221.661074,276.382253,200.614467,124.488442,251.663684,184.493662,253.902685,8.239523,988.742731,2.149441,164.790455,75.230425,157.625653,78.812826,137.026846,28.927890,26.868009,92.246831,102.994034,75.767785,-82.574348,42.272334,15.225205,67.617823,24.718568,24.091648,4.119761,223.900075
9.920000,1.049447,59.997712,-7.646040,1.054951,59.994750,-5.037460,1.038988,59.995082,-7.611711,1.014650,59.995426,-8.581731,1.014836,59.995600,-7.762035,1.016679,59.995543,-7.185007,1.007294,59.995855,-9.106892,1.006366,59.995998,-9.543851,1.032159,59.998116,-9.396989,1.025052,59.995268,-4.935416,1.021179,59.995360,-5.700126,1.011005,59.995334,-5.655487,1.022994,59.995304,-5.518364,1.021622,59.995383,-6.867396,1.025672,59.995477,-6.880927,1.040216,59.995483,-5.493644,1.042523,59.995142,-6.474053,1.040110,59.995129,-7.284916,1.053400,59.996276,-0.878104,0.994024,59.996676,-1.753545,1.039866,59.995428,-3.366632,1.054689,59.995323,0.574565,1.050154,59.995329,0.400351,1.045135,59.995481,-5.387289,1.062377,59.994395,-3.787215,1.060004,59.993914,-4.905729,1.047117,59.994514,-6.643223,1.056501,59.992539,-1.846375,1.054623,59.991993,0.589836,1.051459,59.993504,-2.709968,0.981005,59.994632,-0.225824,0.982853,59.994614,2.159054,0.995964,59.996520,3.807641,1.010974,59.997125,2.895373,1.049055,59.995203,4.997674,1.062961,59.995143,7.403660,1.028234,59.994057,2.314251,1.025807,59.990713,6.861880,1.029472,59.999536,-9.229860,1.000003,0.999861,0.999886,0.999968,0.999979,0.999906,0.999766,0.999849,-43.057644,0.000000,5.185427,11.991865,4.173520,13.438377,20.284739,-37.521000,288.383297,447.800150,209.391350,467.503357,6.717002,286.592096,294.652499,141.504847,562.436988,245.394482,221.661074,276.382253,200.614467,124.488442,251.663684,184.493662,253.902685,8.239523,988.742731,2.149441,164.790455,75.230425,157.625653,78.812826,137.026846,28.927890,26.868009,92.246831,102.994034,75.767785,-82.574348,42.272334,15.225205,67.617823,24.718568,24.091648,4.119761,223.900075
9.940000,1.049504,59.997531,-7.622029,1.055013,59.994189,-5.036501,1.039071,59.994691,-7.607594,1.014743,59.995206,-8.574359,1.014931,59.995467,-7.753017,1.016775,59.995424,-7.176337,1.007389,59.995739,-9.095962,1.006459,59.995885,-9.531877,1.032214,59.998104,-9.369302,1.025145,59.995141,-4.928762,1.021274,59.995235,-5.692800,1.011101,59.995197,-5.648404,1.023088,59.995157,-5.511541,1.021714,59.995186,-6.860231,1.025761,59.995214,-6.873378,1.040303,59.995194,-5.486165,1.042619,59.994834,-6.469122,1.040201,59.994789,-7.280225,1.053456,59.995980,-0.864936,0.994068,59.996387,-1.737463,1.039959,59.995142,-3.359540,1.054785,59.995044,0.580930,1.050251,59.995049,0.406757,1.045223,59.995191,-5.379832,1.062439,59.993881,-3.788602,1.060149,59.993669,-4.909365,1.047243,59.994236,-6.642683,1.056723,59.992553,-1.858752,1.054862,59.992102,0.573951,1.051451,59.992496,-2.720009,0.981099,59.994667,-0.223026,0.982931,59.994578,2.161400,0.996008,59.996211,3.822510,1.011007,59.996851,2.914765,1.049147,59.994934,5.003223,1.063064,59.994871,7.408760,1.028278,59.993439,2.309957,1.026059,59.991037,6.837742,1.029496,59.999592,-9.191636,1.000007,0.999869,0.999888,0.999962,0.999976,0.999891,0.999782,0.999806,-42.997214,0.000000,5.194799,12.035091,4.222180,13.452754,20.245291,-37.537219,288.383297,447.800150,209.391350,467.503357,6.717002,286.592096,294.652499,141.504847,562.436988,245.394482,221.661074,276.382253,200.614467,124.488442,251.663684,184.493662,253.902685,8.239523,988.742731,2.149441,164.790455,75.230425,157.625653,78.812826,137.026846,28.927890,26.868009,92.246831,102.994034,75.767785,-82.574348,42.272334,15.225205,67.617823,24.718568,24.091648,4.119761,223.900075
9.960000,1.049561,59.997356,-7.597401,1.055069,59.993672,-5.037496,1.039147,59.994329,-7.604269,1.014827,59.995006,-8.566590,1.015018,59.995353,-7.742980,1.016863,59.995323,-7.166549,1.007476,59.995639,-9.083902,1.006545,59.995787,-9.518759,1.032265,59.998088,-9.339826,1.025231,59.995034,-4.921045,1.021361,59.995129,-5.684397,1.011189,59.995080,-5.640324,1.023173,59.995029,-5.503799,1.021798,59.995008,-6.852509,1.025842,59.994964,-6.865774,1.040380,59.994918,-5.478823,1.042705,59.994546,-6.464429,1.040283,59.994472,-7.275991,1.053506,59.995674,-0.852054,0.994107,59.996077,-1.721668,1.040042,59.994869,-3.352559,1.054871,59.994779,0.587243,1.050339,59.994782,0.413095,1.045303,59.994914,-5.372514,1.062495,59.993412,-3.791601,1.060278,59.993462,-4.912705,1.047354,59.993988,-6.642122,1.056918,59.992611,-1.868936,1.055071,59.992258,0.560959,1.051442,59.991563,-2.735086,0.981185,59.994727,-0.217970,0.983002,59.994566,2.165491,0.996047,59.995884,3.836961,1.011038,59.996543,2.933920,1.049231,59.994681,5.008799,1.063158,59.994616,7.413867,1.028318,59.992871,2.303327,1.026281,59.991417,6.818089,1.029520,59.999633,-9.151184,1.000010,0.999877,0.999892,0.999955,0.999973,0.999875,0.999800,0.999767,-42.938882,0.000000,5.202013,12.071970,4.266079,13.456990,20.209669,-37.574748,288.383297,447.800150,209.391350,467.503357,6.717002,286.592096,294.652499,141.504847,562.436988,245.394482,221.661074,276.382253,200.614467,124.488442,251.663684,184.493662,253.902685,8.239523,988.742731,2.149441,164.790455,75.230425,157.625653,78.812826,137.026846,28.927890,26.868009,92.246831,102.994034,75.767785,-82.574348,42.272334,15.225205,67.617823,24.718568,24.091648,4.119761,223.900075
9.980000,1.049618,59.997192,-7.572305,1.055118,59.993206,-5.040306,1.039214,59.994003,-7.601708,1.014902,59.994830,-8.558475,1.015097,59.995257,-7.732003,1.016943,59.995241,-7.155724,1.007554,59.995555,-9.070810,1.006622,59.995703,-9.504603,1.032313,59.998069,-9.308797,1.025307,59.994946,-4.912331,1.021438,59.995043,-5.674989,1.011267,59.994983,-5.631317,1.023249,59.994922,-5.495207,1.021873,59.994850,-6.844297,1.025913,59.994731,-6.858213,1.040449,59.994656,-5.471724,1.042780,59.994282,-6.460020,1.040355,59.994183,-7.272232,1.053549,59.995361,-0.839728,0.994140,59.995750,-1.706501,1.040115,59.994612,-3.345792,1.054947,59.994532,0.593406,1.050417,59.994533,0.419273,1.045372,59.994652,-5.365442,1.062546,59.992993,-3.796073,1.060389,59.993292,-4.915688,1.047451,59.993771,-6.641529,1.057083,59.992710,-1.876832,1.055248,59.992457,0.550966,1.051430,59.990724,-2.754786,0.981264,59.994809,-0.210702,0.983064,59.994577,2.171280,0.996081,59.995543,3.850674,1.011065,59.996205,2.952402,1.049305,59.994446,5.014312,1.063241,59.994380,7.418905,1.028356,59.992363,2.294554,1.026470,59.991843,6.803066,1.029543,59.999658,-9.108827,1.000012,0.999886,0.999895,0.999947,0.999968,0.999862,0.999818,0.999730,-42.883147,0.000000,5.206992,12.101817,4.304305,13.451193,20.178149,-37.632615,288.383297,447.800150,209.391350,467.503357,6.717002,286.592096,294.652499,141.504847,562.436988,245.394482,221.661074,276.382253,200.614467,124.488442,251.663684,184.493662,253.902685,8.239523,988.742731,2.149441,164.790455,75.230425,157.625653,78.812826,137.026846,28.927890,26.868009,92.246831,102.994034,75.767785,-82.574348,42.272334,15.225205,67.617823,24.718568,24.091648,4.119761,223.900075
10.000000,1.049672,59.997040,-7.546880,1.055159,59.992800,-5.044750,1.039273,59.993717,-7.599862,1.014968,59.994678,-8.550067,1.015166,59.995180,-7.720177,1.017012,59.995177,-7.143952,1.007623,59.995487,-9.056795,1.006690,59.995634,-9.489526,1.032358,59.998047,-9.276464,1.025373,59.994878,-4.902701,1.021506,59.994976,-5.664659,1.011336,59.994906,-5.621465,1.023314,59.994834,-5.485843,1.021937,59.994714,-6.835668,1.025974,59.994518,-6.850786,1.040506,59.994414,-5.464966,1.042843,59.994046,-6.455933,1.040417,59.993927,-7.268952,1.053586,59.995047,-0.828209,0.994169,59.995411,-1.692288,1.040177,59.994375,-3.339333,1.055012,59.994304,0.599333,1.050483,59.994304,0.425202,1.045431,59.994410,-5.358714,1.062589,59.992634,-3.801841,1.060480,59.993164,-4.918251,1.047532,59.993588,-6.640890,1.057218,59.992847,-1.882391,1.055393,59.992692,0.544025,1.051416,59.989991,-2.778602,0.981333,59.994908,-0.201307,0.983118,59.994607,2.178694,0.996108,59.995193,3.863344,1.011090,59.995842,2.969789,1.049368,59.994231,5.019678,1.063312,59.994166,7.423801,1.028390,59.991922,2.283875,1.026626,59.992305,6.792731,1.029566,59.999667,-9.064906,1.000014,0.999896,0.999899,0.999938,0.999961,0.999849,0.999838,0.999697,-42.830422,0.000000,5.209698,12.124089,4.336053,13.435670,20.150924,-37.709447,288.383297,447.800150,209.391350,467.503357,6.717002,286.592096,294.652499,141.504847,562.436988,245.394482,221.661074,276.382253,200.614467,124.488442,251.663684,184.493662,253.902685,8.239523,988.742731,2.149441,164.790455,75.230425,157.625653,78.812826,137.026846,28.927890,26.868009,92.246831,102.994035,75.767785,-82.574348,42.272334,15.225205,67.617823,24.718568,24.091648,4.119761,223.900075
